GPS Time, Device Time, Longitude, Latitude,GPS Speed (Meters/second), Horizontal Dilution of Precision, Altitude, Bearing, G(x), G(y), G(z), G(calibrated), 1/4 mile time(s),Absolute Throttle Position B(%),Acceleration Sensor(Total)(g),Acceleration Sensor(X axis)(g),Acceleration Sensor(Y axis)(g),Acceleration Sensor(Z axis)(g),Accelerator PedalPosition D(%),Accelerator PedalPosition E(%),Accelerator PedalPosition F(%),Actual engine % torque(%),Ambient air temp(°F),Average trip speed(whilst moving only)(mph),Barometric pressure (from vehicle)(psi),Drivers demand engine % torque(%),Engine RPM(rpm),Fuel pressure(psi),GPS Altitude(ft),GPS Latitude(°),GPS Longitude(°),Relative Throttle Position(%),Speed (GPS)(mph),Speed (OBD)(mph),Torque(Nm)
Sat Dec 02 14:08:09 EST 2017,02-Dec-2017 14:08:09.232,-76.04957409,36.83825748,1.5,5.0,-35.20000076293945,15.6,9.53849983,1.22583127,2.48996973,0.03164643,-,-,0.02794511,0.98403883,0.15229172,0.15381955,-,-,-,-,64.40000153,-,14.64881134,-,2253,-,-115.48556519,36.83825684,-76.04957581,-,3.35540414,9.32056808,-
Sat Dec 02 14:08:10 EST 2017,02-Dec-2017 14:08:10.225,-76.04956392,36.83830248,3.5,4.0,-36.29999923706055,14.0,7.96790314,-3.52426481,3.60087943,-0.04575585,-,23.92156982,-0.07810844,0.81612742,-0.24991462,0.24753754,-,-,-,-,55.40000153,10.56331062,14.64881134,-,2433,-,-119.09448242,36.83830261,-76.04956055,18.03921509,7.82927656,10.56331062,-
Sat Dec 02 14:08:11 EST 2017,02-Dec-2017 14:08:11.226,-76.04954809,36.83833797,4.25,5.0,-36.20000076293945,19.3,-5.47793341,-6.35899973,2.83473492,-0.07795072,-,23.92156982,0.14309718,-0.3904916,-0.99575359,0.30220634,31.76470566,30.58823586,-,-,55.40000153,10.56331062,14.64881134,-,2433,-,-118.7664032,36.83833694,-76.04954529,18.03921509,9.50697899,10.56331062,-
Sat Dec 02 14:08:12 EST 2017,02-Dec-2017 14:08:12.226,-76.04954068,36.8384011,6.75,4.0,-35.599998474121094,6.1,-5.97592735,-7.62313843,3.83072281,0.07456393,-,23.92156982,0.06216246,-0.60916686,-0.77707827,0.29049161,31.76470566,30.58823586,-,-,55.40000153,10.56331062,14.64881134,-,2433,-,-116.79789734,36.83840179,-76.04953766,18.03921509,15.09931946,10.56331062,-
Sat Dec 02 14:08:13 EST 2017,02-Dec-2017 14:08:13.225,-76.04956689,36.83847626,7.0,4.0,-36.400001525878906,346.0,-0.57460839,-9.50019264,3.10288548,0.03944653,-,23.92156982,0.02079519,-0.05857374,-0.96841919,0.21629821,31.76470566,30.58823586,-,-,57.20000076,13.98085213,14.64881134,-,1474,-,-119.4225769,36.83847809,-76.04956818,12.54901981,15.65855312,17.39839363,-
Sat Dec 02 14:08:14 EST 2017,02-Dec-2017 14:08:14.225,-76.04961832,36.83852156,7.5,4.0,-36.29999923706055,326.9,-0.34476504,-10.45787334,3.48595762,0.05207921,-,21.56862831,0.12464052,-0.03514424,-1.06604207,0.25534737,35.29411697,35.68627548,-,-,57.20000076,13.98085213,14.64881134,-,1474,-,-119.09448242,36.83852005,-76.04962158,12.54901981,16.77702141,17.39839363,-
Sat Dec 02 14:08:15 EST 2017,02-Dec-2017 14:08:15.228,-76.04968863,36.83856512,8.25,4.0,-35.79999923706055,310.9,1.26413846,-9.38527107,3.06457806,0.06696552,-,21.56862831,0.01497882,0.12886222,-0.95670444,0.21239327,35.29411697,35.68627548,-,-,57.20000076,13.98085213,14.64881134,-,1474,-,-117.45406342,36.83856583,-76.04969025,12.54901981,18.45472336,17.39839363,-
Sat Dec 02 14:08:16 EST 2017,02-Dec-2017 14:08:16.225,-76.04978085,36.83859463,9.0,4.0,-35.400001525878906,295.3,9.0788126,-2.9113493,3.33272886,0.0485509,-,25.09803963,-0.0262071,0.84346181,-0.3397277,0.24753754,37.64706039,35.68627548,-,-,57.20000076,16.77702141,14.79384899,-,1693,-,-116.14173889,36.83859634,-76.0497818,16.86274529,20.13242531,22.36936378,-
Sat Dec 02 14:08:17 EST 2017,02-Dec-2017 14:08:17.225,-76.04989815,36.83861952,10.0,3.0,-36.099998474121094,282.2,9.42357826,-1.37906015,3.75410819,0.06254083,-,25.09803963,0.02752202,0.96060938,-0.17962612,0.21629821,37.64706039,37.64706039,-,-,57.20000076,16.77702141,14.79384899,-,1693,-,-118.43831635,36.83861923,-76.04989624,16.86274529,22.36936378,22.36936378,-
Sat Dec 02 14:08:18 EST 2017,02-Dec-2017 14:08:18.227,-76.05001857,36.83863282,10.75,4.0,-36.900001525878906,280.5,9.19373417,-1.22583127,3.63918662,0.04407378,-,25.09803963,0.02884272,0.9488945,-0.19134088,0.24753754,37.64706039,37.64706039,-,-,57.20000076,16.77702141,14.79384899,-,1693,-,-121.06299591,36.83863449,-76.05001831,16.86274529,24.04706573,22.36936378,-
Sat Dec 02 14:08:18 EST 2017,02-Dec-2017 14:08:19.224,-76.05001857,36.83863282,10.75,4.0,-36.900001525878906,280.5,9.27034855,0.65122288,3.10288548,0.01772755,-,26.66666794,-0.07161824,0.8747012,0.05857374,0.20458345,38.03921509,38.4313736,-,-,57.20000076,19.7285347,14.79384899,-,1821,-,-121.06299591,36.83863449,-76.05001831,19.2156868,24.04706573,28.58307457,-
Sat Dec 02 14:08:20 EST 2017,02-Dec-2017 14:08:20.226,-76.05031286,36.83863716,13.25,4.0,-37.20000076293945,271.7,9.15542698,0.07661445,3.14119267,0.01205456,-,25.88235283,-0.01295476,0.93327487,0.00780983,0.22020312,38.03921509,38.4313736,-,-,57.20000076,23.50854301,14.79384899,-,1840,-,-122.04724884,36.83863831,-76.05031586,17.64705849,29.6394043,31.68992996,115.64031219
Sat Dec 02 14:08:21 EST 2017,02-Dec-2017 14:08:21.227,-76.05047472,36.83864125,14.25,4.0,-37.20000076293945,270.8,9.19373417,0.2681506,3.10288548,0.0115839,-,25.88235283,-0.01016833,0.9371798,0.02733441,0.21629821,40,40.39215851,-,-,57.20000076,25.03238106,14.79384899,-,1964,-,-122.04724884,36.83864212,-76.05047607,17.64705849,31.87634087,34.17541504,93.33622742
Sat Dec 02 14:08:22 EST 2017,02-Dec-2017 14:08:22.228,-76.05065173,36.8386505,15.0,3.0,-37.5,270.8,9.23204136,0.49799395,3.29442143,0.00989942,-,25.88235283,0.00083883,0.94108468,0.05076391,0.23582277,40,40.39215851,-,-,57.20000076,25.03238106,14.64881134,-,1964,-,-123.03149414,36.83864975,-76.05065155,17.64705849,33.55404282,34.17541504,93.33622742
Sat Dec 02 14:08:23 EST 2017,02-Dec-2017 14:08:23.228,-76.050834,36.83866153,16.0,3.0,-38.20000076293945,270.8,8.42759037,0.72783732,3.40934324,-0.01116187,-,29.01960754,-0.07134703,0.86689138,0.01171475,0.23191786,40,40.39215851,-,-,57.20000076,25.03238106,14.64881134,-,1964,-,-125.32808685,36.83866119,-76.05083466,20.7843132,35.79098129,34.17541504,93.33622742
Sat Dec 02 14:08:24 EST 2017,02-Dec-2017 14:08:24.233,-76.05100446,36.83866329,15.5,4.0,-38.599998474121094,271.9,8.84896946,0.65122288,3.63918662,-0.00041712,-,28.23529434,-0.07355975,0.84346181,0.16791138,0.24363261,38.03921509,37.64706039,-,-,57.20000076,26.87430382,14.64881134,-,2352,-,-126.64041138,36.83866501,-76.0510025,20.3921566,34.67251205,39.76775742,120.25482178
Sat Dec 02 14:08:25 EST 2017,02-Dec-2017 14:08:25.227,-76.05122244,36.83866448,18.0,3.0,-38.5,270.8,8.81066227,0.34476504,3.75410819,0.01930216,-,27.84313774,-0.01238288,0.90203559,0.0741934,0.29439652,37.64706039,38.03921509,-,-,57.20000076,29.76368141,14.64881134,-,2179,-,-126.31233978,36.83866501,-76.05122375,19.6078434,40.26485062,41.63187027,96.40235901
Sat Dec 02 14:08:26 EST 2017,02-Dec-2017 14:08:26.225,-76.0514376,36.83866589,18.75,3.0,-39.20000076293945,270.9,8.61912632,0.49799395,4.06056595,-0.00882523,-,26.66666794,-0.04756365,0.87860614,0.0741934,0.25925228,38.03921509,38.03921509,-,-,57.20000076,29.76368141,14.64881134,-,2179,-,-128.6089325,36.83866501,-76.05143738,19.2156868,41.94255447,41.63187027,96.40235901
Sat Dec 02 14:08:27 EST 2017,02-Dec-2017 14:08:27.226,-76.05166252,36.83867422,19.5,4.0,-39.5,270.9,8.92558384,0.65122288,3.67749381,-0.00624654,-,26.66666794,-0.01361193,0.92936999,0.03123933,0.22801295,38.03921509,38.4313736,-,-,57.20000076,31.12504768,14.64881134,-,1932,-,-129.59317017,36.83867264,-76.05166626,19.2156868,43.62025452,44.73872757,100.45910645
Sat Dec 02 14:08:27 EST 2017,02-Dec-2017 14:08:28.228,-76.05166252,36.83867422,19.5,4.0,-39.5,270.9,8.84896946,0.65122288,3.60087943,-0.02813129,-,26.66666794,-0.04335143,0.86689138,0.06638357,0.29830143,38.03921509,38.4313736,-,-,57.20000076,31.12504768,14.64881134,-,1932,-,-129.59317017,36.83867264,-76.05166626,18.4313736,43.62025452,44.73872757,100.45910645
Sat Dec 02 14:08:29 EST 2017,02-Dec-2017 14:08:29.227,-76.052121,36.83867994,20.75,4.0,-39.599998474121094,271.3,6.70376492,0.61291564,4.90332508,-0.01040139,-,25.09803963,-0.04415731,0.8747012,0.08590815,0.27487195,35.29411697,37.25490189,-,-,57.20000076,32.46664429,14.64881134,-,2073,-,-129.92124939,36.83868027,-76.05212402,16.86274529,46.41642761,47.22420883,96.08631134
Sat Dec 02 14:08:30 EST 2017,02-Dec-2017 14:08:30.228,-76.05236324,36.83868622,21.25,3.0,-40.099998474121094,271.7,7.73806,-0.07661445,4.48194551,0.0524428,-,22.74509811,0.07462349,0.98794377,0.01171475,0.32173091,32.15686417,32.54901886,-,-,57.20000076,34.66363525,14.64881134,-,2126,-,-131.56167603,36.8386879,-76.05236053,14.50980377,47.53489685,47.84558105,38.96297073
Sat Dec 02 14:08:31 EST 2017,02-Dec-2017 14:08:31.227,-76.05260704,36.8386924,21.5,3.0,-40.29999923706055,271.9,8.46589756,1.30244577,4.06056595,0.04331058,-,19.2156868,0.08033769,1.0035634,0.0234295,0.29830143,30.98039246,30.58823586,-,-,57.20000076,36.38904953,14.64881134,-,1718,-,-132.21784973,36.83869171,-76.05260468,10.1960783,48.09413147,48.46695328,51.04570007
Sat Dec 02 14:08:32 EST 2017,02-Dec-2017 14:08:32.227,-76.05285131,36.83870119,21.5,3.0,-39.599998474121094,272.1,9.57680702,0.15322891,3.25611424,0.05023056,-,19.6078434,0.02874637,0.91375035,0.08200324,0.364685,30.58823586,31.37254906,-,-,57.20000076,37.66199875,14.64881134,-,1668,-,-129.92124939,36.83869934,-76.05284882,14.50980377,48.09413147,47.84558105,51.04570007
Sat Dec 02 14:08:32 EST 2017,02-Dec-2017 14:08:33.227,-76.05285131,36.83870119,21.5,3.0,-39.599998474121094,272.1,7.81467438,0.68953007,4.13718033,-0.04294463,-,24.70588303,0.0446061,0.96841919,-0.01171475,0.29049161,35.68627548,35.68627548,-,-,57.20000076,38.19797516,14.64881134,-,1733,-,-129.92124939,36.83869934,-76.05284882,16.07843208,48.09413147,47.84558105,51.04570007
Sat Dec 02 14:08:34 EST 2017,02-Dec-2017 14:08:34.229,-76.05333448,36.83871498,21.5,4.0,-39.0,272.3,9.15542698,0.38307226,3.37103605,-0.00864862,-,24.70588303,-0.10498279,0.83174706,0.10543273,0.21239327,35.68627548,35.68627548,-,-,57.20000076,39.62653732,14.64881134,-,1715,-,-127.95275879,36.8387146,-76.0533371,16.07843208,48.09413147,49.0883255,47.0796814
Sat Dec 02 14:08:35 EST 2017,02-Dec-2017 14:08:35.227,-76.05358006,36.83872242,21.75,3.0,-38.79999923706055,272.4,8.35097599,0.8810662,4.06056595,0.01860802,-,24.31372643,-0.0034468,0.90594047,0.01952458,0.31392109,35.29411697,35.29411697,-,-,57.20000076,40.03791809,14.64881134,-,1729,-,-127.29658508,36.83872223,-76.05358124,15.68627453,48.65336227,49.0883255,36.68844223
Sat Dec 02 14:08:36 EST 2017,02-Dec-2017 14:08:36.228,-76.05382878,36.83873239,22.25,3.0,-39.099998474121094,272.3,7.96790314,0.49799395,4.36702394,-0.05339545,-,24.31372643,-0.0791767,0.83565199,0.05076391,0.28268176,35.29411697,35.29411697,-,-,57.20000076,40.83651733,14.64881134,-,1755,-,-128.28083801,36.83873367,-76.05382538,16.07843208,49.77183151,50.33106613,90.04308319
Sat Dec 02 14:08:37 EST 2017,02-Dec-2017 14:08:37.225,-76.05408287,36.83873921,22.5,4.0,-39.29999923706055,272.1,9.00219822,0.15322891,3.79241538,0.03691017,-,24.31372643,-0.00377605,0.91765523,0.01561966,0.28658667,35.29411697,35.29411697,-,-,57.20000076,41.56282806,14.64881134,-,1784,-,-128.93701172,36.83873749,-76.05408478,16.07843208,50.33106613,50.95243835,46.62184525
Sat Dec 02 14:08:38 EST 2017,02-Dec-2017 14:08:38.228,-76.05433851,36.83874444,22.75,4.0,-39.0,272.1,8.6957407,1.07260239,4.32871675,-0.02157161,-,23.92156982,0.00168473,0.86298645,0.01561966,0.40763909,34.50980377,34.90196228,-,-,57.20000076,42.23181152,14.64881134,-,1804,-,-127.95275879,36.83874512,-76.05433655,15.68627453,50.89030075,51.57381058,52.68917465
Sat Dec 02 14:08:39 EST 2017,02-Dec-2017 14:08:39.227,-76.05460158,36.83875644,23.25,5.0,-38.70000076293945,272.9,8.54251194,1.03429508,4.13718033,0.02477547,-,21.17647171,-0.01297789,0.87860614,0.05857374,0.34516042,30.58823586,30.19607925,-,-,57.20000076,42.83452606,14.64881134,-,1817,-,-126.96850586,36.83875656,-76.05460358,12.54901981,52.00876617,51.57381058,52.68917465
Sat Dec 02 14:08:40 EST 2017,02-Dec-2017 14:08:40.227,-76.05486064,36.83876682,23.25,5.0,-38.70000076293945,272.9,7.35498762,0.34476504,3.40934324,-0.05587738,-,19.2156868,-0.09399423,0.83955687,-0.00390492,0.23972771,28.62745094,28.62745094,-,-,57.20000076,43.10762787,14.64881134,-,1789,-,-126.96850586,36.83876801,-76.05486298,10.58823586,52.00876617,51.57381058,52.68917465
Sat Dec 02 14:08:41 EST 2017,02-Dec-2017 14:08:41.226,-76.05513607,36.8387679,23.75,5.0,-38.599998474121094,271.6,8.65743351,-0.61291564,4.5202527,0.01652068,-,16.07843208,0.07311017,0.9488945,-0.0234295,0.39982924,25.09803963,25.09803963,-,-,57.20000076,43.6056366,14.64881134,-,1781,-,-126.64041138,36.83876801,-76.05513763,6.66666698,53.12723541,51.57381058,52.68917465
Sat Dec 02 14:08:42 EST 2017,02-Dec-2017 14:08:42.228,-76.05537157,36.83876342,22.75,4.0,-38.599998474121094,270.6,9.42357826,-1.03429508,4.55855989,-0.01467186,-,19.2156868,0.11522587,0.96841919,-0.1210524,0.43887842,27.45098114,27.84313774,-,-,57.20000076,44.03105545,14.64881134,-,1774,-,-126.64041138,36.83876419,-76.05537415,10.1960783,50.89030075,50.95243835,-
Sat Dec 02 14:08:43 EST 2017,02-Dec-2017 14:08:43.227,-76.05563262,36.83875248,23.0,4.0,-38.79999923706055,269.5,9.30865574,-0.61291564,4.63517427,0.06779049,-,20.7843132,0.06382758,0.97232407,-0.16400647,0.29830143,30.98039246,30.98039246,-,-,57.20000076,44.21811676,14.64881134,-,1780,-,-127.29658508,36.83875275,-76.05563354,11.76470566,51.44953156,50.95243835,-
Sat Dec 02 14:08:44 EST 2017,02-Dec-2017 14:08:44.228,-76.05589156,36.83873538,22.75,3.0,-38.79999923706055,266.0,9.42357826,-1.26413846,3.94564438,0.03103838,-,26.27450943,0.04443799,0.93327487,-0.15619664,0.34125552,37.25490189,32.54901886,-,-,57.20000076,44.56346893,14.64881134,-,1783,-,-127.29658508,36.83873367,-76.05589294,17.64705849,50.89030075,50.95243835,-
Sat Dec 02 14:08:45 EST 2017,02-Dec-2017 14:08:45.226,-76.05614039,36.83870703,22.75,3.0,-38.5,260.2,10.07480049,-3.33272886,3.98395157,0.17444605,-,25.88235283,0.15584083,1.02699292,-0.3397277,0.30611128,37.25490189,37.64706039,-,-,57.20000076,44.72319031,14.64881134,-,1791,-,-126.31233978,36.83870697,-76.05613708,17.64705849,50.89030075,50.95243835,-
Sat Dec 02 14:08:46 EST 2017,02-Dec-2017 14:08:46.226,-76.05637925,36.83864692,22.75,4.0,-38.70000076293945,253.5,9.34696388,-1.53228903,4.09887314,0.03309577,-,25.88235283,0.07309601,0.98794377,-0.20696054,0.26315722,37.25490189,37.64706039,-,-,57.20000076,45.04941177,14.64881134,-,1812,-,-126.96850586,36.83864594,-76.05638123,18.03921509,50.89030075,51.57381058,42.64907455
Sat Dec 02 14:08:47 EST 2017,02-Dec-2017 14:08:47.227,-76.05660829,36.83856121,23.0,3.0,-37.79999923706055,245.7,8.96389103,-1.03429508,3.90733719,0.01021764,-,25.88235283,-0.02692811,0.88641596,-0.04295408,0.29830143,37.25490189,37.64706039,-,-,57.20000076,45.36009598,14.64881134,-,1815,-,-124.01574707,36.83856201,-76.05661011,17.64705849,51.44953156,52.19517899,42.64907455
Sat Dec 02 14:08:48 EST 2017,02-Dec-2017 14:08:48.229,-76.05683061,36.83845174,23.0,3.0,-36.900001525878906,238.9,9.04050541,-0.57460839,3.63918662,-0.03901223,-,25.88235283,-0.05293771,0.85127175,0.08200324,0.30611128,37.25490189,37.64706039,-,-,57.20000076,45.65727615,14.64881134,-,1839,-,-121.06299591,36.83845139,-76.05683136,18.03921509,51.44953156,52.19517899,43.15563202
Sat Dec 02 14:08:49 EST 2017,02-Dec-2017 14:08:49.230,-76.05704787,36.83833187,23.25,4.0,-37.400001525878906,235.7,8.38928318,0.11492168,3.715801,0.00351049,-,26.27450943,-0.00279627,0.91765523,0.14057697,0.26315722,37.64706039,37.64706039,-,-,57.20000076,45.80960083,14.64881134,-,1858,-,-122.70341492,36.83833313,-76.05704498,18.4313736,52.00876617,52.81655121,41.29086685
Sat Dec 02 14:08:50 EST 2017,02-Dec-2017 14:08:50.229,-76.05726661,36.83821505,23.75,4.0,-37.599998474121094,235.6,8.73404789,0.80445176,3.60087943,-0.01449585,-,26.27450943,-0.04952014,0.86689138,0.04295408,0.28658667,36.07843018,36.07843018,-,-,57.20000076,46.12095642,14.64881134,-,1876,-,-123.35957336,36.83821487,-76.05726624,17.25490189,53.12723541,53.43792343,46.94529343
Sat Dec 02 14:08:51 EST 2017,02-Dec-2017 14:08:51.233,-76.05748967,36.83809003,24.0,3.0,-37.400001525878906,236.1,9.46188545,1.18752408,4.25210238,0.03599247,-,25.09803963,0.07155921,0.98013395,0.13667206,0.31001619,34.90196228,35.29411697,-,-,57.20000076,46.44444656,14.64881134,-,1917,-,-123.35957336,36.83821487,-76.05726624,16.86274529,53.12723541,54.68066406,83.31433868
Sat Dec 02 14:08:52 EST 2017,02-Dec-2017 14:08:52.227,-76.05771961,36.83796809,24.5,4.0,-37.400001525878906,237.3,9.15542698,0.8810662,4.21379519,0.02862839,-,23.13725471,0.07183685,0.91765523,0.14057697,0.43497351,32.94117737,34.11764908,-,-,57.20000076,46.60284042,14.64881134,-,1919,-,-122.70341492,36.83796692,-76.05771637,14.50980377,54.80493546,54.68066406,83.31433868
Sat Dec 02 14:08:53 EST 2017,02-Dec-2017 14:08:53.228,-76.0579659,36.8378514,24.75,3.0,-36.79999923706055,240.1,9.04050541,1.18752408,3.29442143,-0.01004763,-,23.52941132,-0.03692121,0.89422578,0.03123933,0.25534737,33.33333206,33.33333206,-,-,57.20000076,46.93654251,14.64881134,-,1961,-,-120.73490906,36.83785248,-76.05796814,14.90196133,55.36417389,55.92340851,42.73132706
Sat Dec 02 14:08:54 EST 2017,02-Dec-2017 14:08:54.226,-76.05821336,36.83774836,25.0,4.0,-37.099998474121094,242.4,8.46589756,-0.45968673,4.40533113,-0.00703847,-,23.92156982,-0.02570571,0.86298645,-0.04685899,0.34906533,33.72549057,33.72549057,-,-,57.20000076,47.09993744,14.64881134,-,1976,-,-121.71915436,36.83774948,-76.05821228,15.29411793,55.92340851,55.92340851,47.45466614
Sat Dec 02 14:08:55 EST 2017,02-Dec-2017 14:08:55.229,-76.05846907,36.83764547,25.25,4.0,-37.29999923706055,243.4,8.84896946,-0.03830723,4.06056595,-0.03037962,-,23.92156982,-0.08907294,0.83565199,0.04295408,0.25925228,33.72549057,33.72549057,-,-,57.20000076,47.44223404,14.64881134,-,1997,-,-122.37532806,36.83764648,-76.05847168,15.68627453,56.48263931,57.16614914,82.27348328
Sat Dec 02 14:08:56 EST 2017,02-Dec-2017 14:08:56.225,-76.05872973,36.83754351,25.5,4.0,-37.79999923706055,243.8,9.76834297,-0.5363012,3.52426481,-0.01962002,-,25.88235283,-0.1222664,0.79660285,0.05857374,0.26315722,36.07843018,36.07843018,-,-,57.20000076,47.78239441,14.64881134,-,2040,-,-124.01574707,36.83754349,-76.05873108,17.25490189,57.04187393,57.78752136,42.11976624
Sat Dec 02 14:08:57 EST 2017,02-Dec-2017 14:08:57.228,-76.05898925,36.83744261,25.75,4.0,-38.0,244.0,8.84896946,0.80445176,4.21379519,0.01588876,-,22.74509811,-0.03265291,0.83174706,0.03514424,0.39201942,32.15686417,32.15686417,-,-,57.20000076,47.95949936,14.64881134,-,2068,-,-124.67191315,36.83744431,-76.05899048,14.11764717,57.60110855,58.40889359,42.11976624
Sat Dec 02 14:08:58 EST 2017,02-Dec-2017 14:08:58.228,-76.05926185,36.83734136,26.25,4.0,-38.20000076293945,244.7,9.61511421,0.07661445,5.28639746,-0.04129396,-,22.74509811,-0.06882832,0.78098321,0.08200324,0.39982924,32.15686417,32.54901886,-,-,57.20000076,48.30659866,14.64881134,-,2081,-,-125.32808685,36.83734131,-76.05926514,14.50980377,58.71957779,59.03026199,48.58724594
Sat Dec 02 14:08:59 EST 2017,02-Dec-2017 14:08:59.230,-76.05953753,36.83724486,26.5,3.0,-38.599998474121094,245.5,9.30865574,0.38307226,4.25210238,0.01734491,-,22.35294151,0.02386233,0.91375035,0.06247865,0.35687518,30.58823586,30.98039246,-,-,57.20000076,48.64171219,14.64881134,-,2078,-,-126.64041138,36.83724594,-76.05953979,13.72549057,59.27880859,59.03026199,41.88943481
Sat Dec 02 14:09:00 EST 2017,02-Dec-2017 14:09:00.226,-76.05981062,36.8371453,26.5,4.0,-38.70000076293945,245.9,7.04852962,-0.84275901,4.06056595,-0.09498124,-,20.7843132,-0.03887991,0.80050778,0.06638357,0.42716369,29.01960754,29.01960754,-,-,57.20000076,48.81110001,14.64881134,-,2064,-,-126.96850586,36.83714676,-76.05980682,12.15686321,59.27880859,59.65163422,42.37171173
Sat Dec 02 14:09:01 EST 2017,02-Dec-2017 14:09:01.228,-76.06008532,36.83705105,26.75,4.0,-39.20000076293945,246.3,9.27034855,0.9576807,4.86501789,0.01120384,-,18.8235302,0.02231869,0.88641596,0.07028849,0.40373418,25.88235283,25.49019623,-,-,57.20000076,49.13469315,14.64881134,-,2066,-,-128.6089325,36.83705139,-76.06008911,7.45098066,59.83804321,59.65163422,42.37171173
Sat Dec 02 14:09:02 EST 2017,02-Dec-2017 14:09:02.228,-76.06036092,36.8369504,26.75,4.0,-39.29999923706055,246.9,8.50420475,0.45968673,3.63918662,0.02043013,-,17.25490189,0.14605008,1.02308798,0.01171475,0.4154489,25.09803963,25.49019623,-,-,57.20000076,49.28935623,14.64881134,-,2053,-,-128.93701172,36.83695221,-76.06036377,7.45098066,59.83804321,59.65163422,42.37171173
Sat Dec 02 14:09:03 EST 2017,02-Dec-2017 14:09:03.228,-76.06063886,36.83686132,26.75,3.0,-39.70000076293945,247.5,8.81066227,1.30244577,4.29040956,0.02674073,-,16.86274529,-0.08687281,0.79660285,0.08590815,0.33735061,24.70588303,24.31372643,-,-,57.20000076,49.56766891,14.64881134,-,2042,-,-130.24934387,36.83686066,-76.06063843,7.45098066,59.83804321,59.03026199,42.37171173
Sat Dec 02 14:09:04 EST 2017,02-Dec-2017 14:09:04.229,-76.06091355,36.83676934,26.5,3.0,-39.599998474121094,248.7,8.61912632,0.11492168,4.06056595,0.00649476,-,16.86274529,-0.01449403,0.85908157,0.12886222,0.364685,22.74509811,22.74509811,-,-,57.20000076,49.82188797,14.64881134,-,2027,-,-129.92124939,36.8367691,-76.06091309,7.45098066,59.27880859,58.40889359,-
Sat Dec 02 14:09:05 EST 2017,02-Dec-2017 14:09:05.229,-76.06119024,36.83668495,26.25,3.0,-39.099998474121094,250.2,8.6957407,0.9576807,4.48194551,-0.01858866,-,16.86274529,-0.02727316,0.89032084,0.05857374,0.28658667,23.52941132,21.96078491,-,-,57.20000076,49.93951797,14.64881134,-,2021,-,-128.28083801,36.83668518,-76.06118774,7.45098066,58.71957779,58.40889359,-
Sat Dec 02 14:09:06 EST 2017,02-Dec-2017 14:09:06.228,-76.06146885,36.83661681,26.25,3.0,-39.400001525878906,251.6,8.65743351,0.80445176,4.44363832,0.01504414,-,16.86274529,-0.04948001,0.85517663,0.05857374,0.31001619,23.52941132,23.92156982,-,-,57.20000076,50.1570816,14.64881134,-,2013,-,-129.26509094,36.83661652,-76.06147003,7.45098066,58.71957779,57.78752136,-
Sat Dec 02 14:09:07 EST 2017,02-Dec-2017 14:09:07.228,-76.06174929,36.83654991,26.0,3.0,-39.79999923706055,252.9,8.50420475,-0.03830723,3.86903,-0.02860063,-,16.86274529,-0.02113551,0.87860614,0.06638357,0.32563588,24.31372643,24.31372643,-,-,57.20000076,50.25748062,14.64881134,-,2009,-,-130.5774231,36.83655167,-76.06175232,7.45098066,58.16034317,57.78752136,-
Sat Dec 02 14:09:08 EST 2017,02-Dec-2017 14:09:08.226,-76.06202865,36.83648653,26.0,4.0,-40.099998474121094,253.9,8.6957407,-0.42137951,4.29040956,-0.00509318,-,17.25490189,-0.00249793,0.91375035,0.02733441,0.29830143,24.70588303,25.09803963,-,-,57.20000076,50.44259644,14.64881134,-,1994,-,-131.56167603,36.83648682,-76.06202698,7.84313726,58.16034317,57.16614914,-
Sat Dec 02 14:09:09 EST 2017,02-Dec-2017 14:09:09.232,-76.06230685,36.8364302,25.75,3.0,-40.20000076293945,255.2,8.92558384,0.22984336,4.06056595,0.02143033,-,17.25490189,-0.01681929,0.87860614,0.0976229,0.32954079,25.49019623,25.88235283,-,-,57.20000076,50.52770233,14.64881134,-,1974,-,-131.88977051,36.8364296,-76.06230927,7.45098066,57.60110855,56.54477692,-
Sat Dec 02 14:09:10 EST 2017,02-Dec-2017 14:09:10.226,-76.06258359,36.83637542,25.5,3.0,-40.20000076293945,255.7,9.04050541,1.18752408,4.48194551,0.0303854,-,17.25490189,0.00975618,0.90203559,0.00780983,0.35297027,25.49019623,25.88235283,-,-,57.20000076,50.67627335,14.64881134,-,1973,-,-131.88977051,36.83637619,-76.06258392,7.45098066,57.04187393,56.54477692,-
Sat Dec 02 14:09:11 EST 2017,02-Dec-2017 14:09:11.225,-76.06285636,36.83631975,25.5,4.0,-39.900001525878906,256.4,7.96790314,0.76614451,4.25210238,-0.05705202,-,17.25490189,-0.03818955,0.87079626,0.16010156,0.27487195,25.49019623,25.88235283,-,-,57.20000076,50.80270767,14.64881134,-,1937,-,-130.90551758,36.83631897,-76.06285858,7.84313726,57.04187393,55.92340851,-
Sat Dec 02 14:09:12 EST 2017,02-Dec-2017 14:09:12.228,-76.0631337,36.83626931,25.25,4.0,-40.099998474121094,256.9,7.89128876,1.37906015,4.8267107,0.03627257,-,17.25490189,0.04364157,0.96060938,0.06247865,0.30220634,25.88235283,26.27450943,-,-,57.20000076,50.85627365,14.64881134,-,1915,-,-131.56167603,36.83626938,-76.06313324,7.45098066,56.48263931,55.30203629,-
Sat Dec 02 14:09:13 EST 2017,02-Dec-2017 14:09:13.230,-76.06340096,36.83623077,24.75,3.0,-39.900001525878906,259.1,8.58081913,1.34075296,4.21379519,0.00036456,-,18.4313736,-0.03354444,0.85517663,0.06247865,0.34516042,27.05882454,27.05882454,-,-,57.20000076,50.93798828,14.64881134,-,1902,-,-130.90551758,36.83623123,-76.06340027,9.4117651,55.36417389,54.05929184,-
Sat Dec 02 14:09:14 EST 2017,02-Dec-2017 14:09:14.227,-76.0636735,36.83620033,24.5,3.0,-39.20000076293945,261.1,7.73806,1.11090958,4.40533113,-0.00653585,-,18.8235302,-0.01187316,0.88251102,0.04685899,0.34125552,27.84313774,28.62745094,-,-,57.20000076,51.00186539,14.64881134,-,1872,-,-130.90551758,36.83623123,-76.06340027,9.4117651,54.80493546,53.43792343,-
Sat Dec 02 14:09:15 EST 2017,02-Dec-2017 14:09:15.225,-76.06393983,36.83617557,24.0,3.0,-38.20000076293945,262.8,8.23605347,0.8810662,4.71178913,-0.00960165,-,21.17647171,-0.03394723,0.9371798,-0.03514424,0.13039005,30.58823586,30.58823586,-,-,57.20000076,51.02225494,14.64881134,-,1855,-,-125.32808685,36.83617401,-76.06394196,12.15686321,53.68646622,52.81655121,-
Sat Dec 02 14:09:16 EST 2017,02-Dec-2017 14:09:16.230,-76.0642047,36.83615092,23.75,3.0,-37.79999923706055,264.2,8.27436066,0.45968673,4.5202527,-0.00899362,-,21.17647171,-0.02872525,0.89032084,0.0976229,0.27487195,30.58823586,30.98039246,-,-,57.20000076,51.06169128,14.64881134,-,1834,-,-124.01574707,36.83615112,-76.06420135,12.54901981,53.12723541,52.81655121,-
Sat Dec 02 14:09:17 EST 2017,02-Dec-2017 14:09:17.227,-76.06446719,36.83613031,23.75,3.0,-37.5,265.3,8.46589756,1.11090958,4.36702394,0.01608692,-,21.56862831,0.01366248,0.90984541,0.10543273,0.3334457,30.98039246,30.98039246,-,-,57.20000076,51.0860672,14.64881134,-,1821,-,-123.03149414,36.83613205,-76.06446838,12.94117641,53.12723541,52.19517899,-
Sat Dec 02 14:09:18 EST 2017,02-Dec-2017 14:09:18.227,-76.06473085,36.83611757,23.5,3.0,-37.0,266.3,8.19774628,0.5363012,3.79241538,-0.05228035,-,21.17647171,-0.0936069,0.80441266,0.05076391,0.31392109,30.98039246,31.37254906,-,-,57.20000076,51.10941696,14.64881134,-,1818,-,-121.39107513,36.83611679,-76.06472778,12.54901981,52.56800079,52.19517899,-
Sat Dec 02 14:09:19 EST 2017,02-Dec-2017 14:09:19.228,-76.06499012,36.83610964,23.5,3.0,-36.5,267.6,9.15542698,0.61291564,3.79241538,0.03110415,-,23.13725471,0.04697697,0.9488945,0.16400647,0.31001619,33.33333206,33.33333206,-,-,57.20000076,51.13180161,14.64881134,-,1866,-,-119.75065613,36.83610916,-76.06498718,14.50980377,52.56800079,52.19517899,-
Sat Dec 02 14:09:20 EST 2017,02-Dec-2017 14:09:20.228,-76.06525225,36.83610737,23.5,3.0,-36.099998474121094,269.0,8.1211319,0.42137951,4.32871675,0.03424168,-,23.13725471,0.00787306,0.92936999,0.07028849,0.28268176,32.94117737,33.33333206,-,-,57.20000076,51.15328598,14.64881134,-,1853,-,-118.43831635,36.83610916,-76.06525421,14.50980377,52.56800079,52.19517899,-
Sat Dec 02 14:09:21 EST 2017,02-Dec-2017 14:09:21.232,-76.06551202,36.83610738,23.5,3.0,-35.70000076293945,270.2,9.80665016,0.49799395,3.48595762,-0.02458581,-,23.52941132,-0.00056473,0.91375035,0.16010156,0.27096704,33.72549057,33.72549057,-,-,57.20000076,51.16991806,14.64881134,-,1852,-,-117.12598419,36.83610916,-76.06551361,14.50980377,52.56800079,52.81655121,34.74886703
Sat Dec 02 14:09:22 EST 2017,02-Dec-2017 14:09:22.226,-76.06577106,36.83611706,23.5,3.0,-35.099998474121094,271.5,8.46589756,1.30244577,4.44363832,0.02047641,-,23.52941132,0.03648936,0.9488945,0.04295408,0.31392109,33.72549057,33.72549057,-,-,57.20000076,51.22390747,14.64881134,-,1870,-,-115.15747833,36.83611679,-76.06577301,14.90196133,52.56800079,53.43792343,37.67673492
Sat Dec 02 14:09:23 EST 2017,02-Dec-2017 14:09:23.228,-76.0660362,36.8361287,23.75,3.0,-34.79999923706055,272.7,8.81066227,-0.91937345,4.55855989,0.03455597,-,23.52941132,0.05640052,1.02308798,0.00780983,0.16162936,33.72549057,33.72549057,-,-,57.20000076,51.2451973,14.64881134,-,1890,-,-114.1732254,36.83612823,-76.06603241,15.29411793,53.12723541,53.43792343,37.67673492
Sat Dec 02 14:09:24 EST 2017,02-Dec-2017 14:09:24.228,-76.06630345,36.83614208,24.0,3.0,-34.5,273.7,8.6957407,-0.65122288,4.06056595,0.00564212,-,23.52941132,-0.18903202,0.7575537,0.1444819,0.14991464,33.33333206,33.72549057,-,-,57.20000076,51.29243469,14.64881134,-,1887,-,-113.1889801,36.83614349,-76.06630707,15.29411793,53.68646622,54.05929184,37.67673492
Sat Dec 02 14:09:25 EST 2017,02-Dec-2017 14:09:25.229,-76.06657562,36.83615877,24.25,4.0,-34.5,274.6,8.65743351,0.07661445,4.29040956,0.01057127,-,23.13725471,0.00421021,0.89813066,0.12886222,0.32954079,32.94117737,32.94117737,-,-,57.20000076,51.34942245,14.64881134,-,1919,-,-113.1889801,36.83615875,-76.0665741,14.50980377,54.24570084,54.68066406,52.38949203
Sat Dec 02 14:09:26 EST 2017,02-Dec-2017 14:09:26.228,-76.06684571,36.83618802,24.5,3.0,-35.0,276.0,7.77636719,1.14921677,3.67749381,-0.06392442,-,23.13725471,0.01974076,0.89032084,0.0234295,0.39592433,32.94117737,32.94117737,-,-,57.20000076,51.40999603,14.64881134,-,1922,-,-114.82939911,36.83618927,-76.06684875,14.50980377,54.80493546,54.68066406,48.37422562
Sat Dec 02 14:09:27 EST 2017,02-Dec-2017 14:09:27.227,-76.06712241,36.83621849,24.75,3.0,-34.70000076293945,277.5,8.1211319,-0.07661445,3.90733719,-0.06229025,-,21.56862831,0.00628967,0.94108468,0.00390492,0.25534737,32.94117737,32.94117737,-,-,57.20000076,51.47949219,14.64881134,-,1951,-,-113.84514618,36.83621979,-76.06712341,13.33333397,55.36417389,55.30203629,32.80681992
Sat Dec 02 14:09:28 EST 2017,02-Dec-2017 14:09:28.230,-76.06739904,36.83625247,24.75,4.0,-34.79999923706055,278.2,8.46589756,0.91937345,4.36702394,0.00172059,-,20.7843132,-0.02364068,0.84736669,0.01171475,0.3842096,27.05882454,25.09803963,-,-,57.20000076,51.55745697,14.64881134,-,1924,-,-114.1732254,36.83625412,-76.06739807,11.76470566,55.36417389,55.92340851,32.80681992
Sat Dec 02 14:09:29 EST 2017,02-Dec-2017 14:09:29.233,-76.06767582,36.83628696,25.0,4.0,-35.29999923706055,278.9,8.1211319,0.22984336,3.715801,-0.00682044,-,16.47058868,-0.01740924,0.88641596,0.03514424,0.32173091,23.92156982,24.31372643,-,-,57.20000076,51.62201691,14.64881134,-,1922,-,-115.81364441,36.83628845,-76.06767273,7.05882359,55.92340851,55.30203629,32.80681992
Sat Dec 02 14:09:29 EST 2017,02-Dec-2017 14:09:30.227,-76.06767582,36.83628696,25.0,4.0,-35.29999923706055,278.9,8.84896946,0.2681506,4.55855989,-0.00072823,-,16.47058868,-0.04497986,0.83174706,-0.00780983,0.36858991,23.52941132,23.92156982,-,-,57.20000076,51.68439102,14.64881134,-,1915,-,-115.81364441,36.83628845,-76.06767273,7.05882359,55.92340851,55.30203629,-
Sat Dec 02 14:09:31 EST 2017,02-Dec-2017 14:09:31.228,-76.06823082,36.83636598,25.0,4.0,-35.29999923706055,279.2,8.42759037,0.22984336,4.40533113,-0.01134557,-,16.47058868,-0.02058235,0.84346181,0.03514424,0.39592433,23.52941132,23.52941132,-,-,57.20000076,51.71479034,14.64881134,-,1919,-,-115.81364441,36.83636475,-76.06822968,7.05882359,55.92340851,55.30203629,-
Sat Dec 02 14:09:32 EST 2017,02-Dec-2017 14:09:32.225,-76.06850484,36.83640141,24.75,4.0,-35.599998474121094,279.2,8.61912632,-0.07661445,4.5202527,-0.00626204,-,16.47058868,-0.05315536,0.84736669,0.00390492,0.32173091,22.35294151,22.74509811,-,-,57.20000076,51.77408218,14.64881134,-,1905,-,-116.79789734,36.83640289,-76.06850433,7.05882359,55.36417389,55.30203629,-
Sat Dec 02 14:09:33 EST 2017,02-Dec-2017 14:09:33.229,-76.06877699,36.83643681,24.75,4.0,-36.0,279.0,8.92558384,-0.07661445,4.86501789,0.00257264,-,16.47058868,-0.05061253,0.83565199,0.02733441,0.39592433,21.17647171,21.96078491,-,-,57.20000076,51.83145142,14.64881134,-,1898,-,-118.11023712,36.83643723,-76.06877899,7.05882359,55.36417389,55.30203629,-
Sat Dec 02 14:09:34 EST 2017,02-Dec-2017 14:09:34.233,-76.06905037,36.83647092,24.75,4.0,-36.5,279.0,8.27436066,0.61291564,4.175488,0.00263846,-,16.47058868,-0.04437277,0.85127175,0.05857374,0.32954079,22.35294151,22.74509811,-,-,57.20000076,51.88697815,14.64881134,-,1906,-,-119.75065613,36.83647156,-76.06905365,6.66666698,55.36417389,55.30203629,-
Sat Dec 02 14:09:35 EST 2017,02-Dec-2017 14:09:35.226,-76.06932609,36.83650276,24.75,4.0,-37.0,278.9,8.65743351,0.45968673,4.55855989,-0.00215954,-,16.47058868,-0.0595911,0.82393724,0.08200324,0.34516042,23.52941132,22.74509811,-,-,57.20000076,51.93587112,14.64881134,-,1901,-,-121.39107513,36.83650208,-76.06932831,7.05882359,55.36417389,54.68066406,-
Sat Dec 02 14:09:36 EST 2017,02-Dec-2017 14:09:36.227,-76.06960096,36.83653695,24.75,4.0,-37.29999923706055,278.8,9.19373417,0.68953007,4.44363832,0.04653149,-,16.47058868,0.0450222,0.93327487,0.02733441,0.36858991,24.70588303,24.31372643,-,-,57.20000076,51.97842026,14.64881134,-,1893,-,-122.37532806,36.83653641,-76.06960297,7.05882359,55.36417389,54.68066406,-
Sat Dec 02 14:09:37 EST 2017,02-Dec-2017 14:09:37.227,-76.0698726,36.83656876,24.5,4.0,-37.400001525878906,278.9,8.27436066,0.57460839,4.21379519,-0.01881685,-,16.47058868,-0.0353382,0.83955687,0.0741934,0.36858991,25.09803963,25.09803963,-,-,57.20000076,52.01493454,14.64881134,-,1884,-,-122.70341492,36.83656693,-76.06987,7.05882359,54.80493546,54.05929184,-
Sat Dec 02 14:09:38 EST 2017,02-Dec-2017 14:09:38.228,-76.0701431,36.83660505,24.5,4.0,-37.900001525878906,279.4,8.54251194,0.34476504,4.175488,-0.00867088,-,18.4313736,-0.04169405,0.85908157,0.04295408,0.32173091,27.05882454,27.05882454,-,-,57.20000076,52.04567719,14.64881134,-,1878,-,-124.34383392,36.83660507,-76.07014465,9.01960754,54.80493546,54.05929184,-
Sat Dec 02 14:09:39 EST 2017,02-Dec-2017 14:09:39.225,-76.07041089,36.83664273,24.25,4.0,-37.79999923706055,279.4,8.73404789,1.07260239,4.09887314,0.0085476,-,19.6078434,0.00682789,0.92546505,0.03123933,0.29439652,29.01960754,29.41176605,-,-,57.20000076,52.06070709,14.64881134,-,1885,-,-124.01574707,36.83664322,-76.07041168,10.1960783,54.24570084,54.05929184,-
Sat Dec 02 14:09:40 EST 2017,02-Dec-2017 14:09:40.224,-76.07067834,36.83667581,24.25,4.0,-37.900001525878906,279.2,8.08282471,0.30645782,4.175488,-0.01724708,-,20.7843132,-0.06961523,0.82784218,0.04295408,0.32173091,30.19607925,30.19607925,-,-,57.20000076,52.10446548,14.64881134,-,1880,-,-124.34383392,36.83667755,-76.07067871,11.76470566,54.24570084,54.05929184,-
Sat Dec 02 14:09:41 EST 2017,02-Dec-2017 14:09:41.228,-76.07094368,36.8367103,24.25,4.0,-37.599998474121094,279.2,8.73404789,0.45968673,4.5202527,0.00269598,-,21.17647171,0.02093713,0.90594047,0.07028849,0.364685,30.58823586,30.58823586,-,-,57.20000076,52.11863327,14.64881134,-,1873,-,-123.35957336,36.83671188,-76.07094574,12.15686321,54.24570084,54.05929184,-
Sat Dec 02 14:09:42 EST 2017,02-Dec-2017 14:09:42.226,-76.07121333,36.8367469,24.25,4.0,-37.599998474121094,279.2,9.00219822,0,4.25210238,-0.00376296,-,21.17647171,-0.06225595,0.83955687,0.05076391,0.31392109,30.58823586,30.58823586,-,-,57.20000076,52.14635468,14.64881134,-,1878,-,-123.35957336,36.83674622,-76.07121277,12.54901981,54.24570084,54.05929184,-
Sat Dec 02 14:09:43 EST 2017,02-Dec-2017 14:09:43.228,-76.07148248,36.83678177,24.25,4.0,-37.5,279.1,8.31266785,0.22984336,4.32871675,-0.00280404,-,21.17647171,-0.03218757,0.86689138,0.00390492,0.32954079,30.58823586,30.58823586,-,-,57.20000076,52.1733017,14.64881134,-,1881,-,-123.03149414,36.83678055,-76.0714798,12.54901981,54.24570084,54.05929184,-
Sat Dec 02 14:09:44 EST 2017,02-Dec-2017 14:09:44.226,-76.07175602,36.83681667,24.25,3.0,-37.400001525878906,278.9,8.35097599,0.84275901,4.175488,-0.00267987,-,21.17647171,-0.0377533,0.85908157,0.07809832,0.32563588,30.58823586,30.98039246,-,-,57.20000076,52.19949341,14.64881134,-,1885,-,-122.70341492,36.83681488,-76.07175446,12.54901981,54.24570084,54.05929184,-
Sat Dec 02 14:09:45 EST 2017,02-Dec-2017 14:09:45.228,-76.07202748,36.83685316,24.25,3.0,-37.5,279.1,8.46589756,0.72783732,4.13718033,-0.00033014,-,21.17647171,0.01464045,0.92936999,0.01171475,0.30611128,30.58823586,30.98039246,-,-,57.20000076,52.22497177,14.64881134,-,1887,-,-123.03149414,36.83685303,-76.07202911,12.54901981,54.24570084,54.05929184,-
Sat Dec 02 14:09:45 EST 2017,02-Dec-2017 14:09:46.226,-76.07202748,36.83685316,24.25,3.0,-37.5,279.1,8.61912632,0.49799395,4.36702394,-0.00497576,-,21.56862831,-0.03133665,0.87079626,0.03904916,0.32173091,30.58823586,30.98039246,-,-,57.20000076,52.25815582,14.64881134,-,1891,-,-123.03149414,36.83685303,-76.07202911,12.54901981,54.24570084,54.68066406,54.46437836
Sat Dec 02 14:09:47 EST 2017,02-Dec-2017 14:09:47.226,-76.07256625,36.83692306,24.5,4.0,-37.5,279.0,8.38928318,0.72783732,4.29040956,-0.01007653,-,21.56862831,-0.03102164,0.88251102,0.06247865,0.29439652,30.58823586,30.98039246,-,-,57.20000076,52.29045868,14.64881134,-,1896,-,-123.03149414,36.83692169,-76.07256317,12.54901981,54.80493546,54.68066406,54.46437836
Sat Dec 02 14:09:48 EST 2017,02-Dec-2017 14:09:48.228,-76.07284051,36.83695999,24.5,3.0,-37.599998474121094,279.0,9.11711979,-0.03830723,4.175488,0.0171677,-,21.56862831,0.00655505,0.89813066,0.10543273,0.34125552,30.58823586,30.58823586,-,-,57.20000076,52.32190704,14.64881134,-,1899,-,-123.35957336,36.83695984,-76.07283783,12.54901981,54.80493546,54.68066406,54.46437836
Sat Dec 02 14:09:49 EST 2017,02-Dec-2017 14:09:49.229,-76.07311185,36.83699437,24.5,3.0,-37.599998474121094,278.9,8.84896946,0.38307226,3.60087943,0.00790474,-,21.56862831,0.00357941,0.91375035,0.05857374,0.31001619,30.58823586,30.98039246,-,-,57.20000076,52.33732605,14.64881134,-,1907,-,-123.35957336,36.83699417,-76.07311249,12.54901981,54.80493546,54.68066406,54.46437836
Sat Dec 02 14:09:50 EST 2017,02-Dec-2017 14:09:50.227,-76.07338379,36.83702971,24.5,3.0,-37.70000076293945,279.2,8.54251194,0.49799395,4.29040956,-0.0082122,-,21.56862831,0.02307209,0.93327487,0.01952458,0.317826,30.58823586,30.98039246,-,-,57.20000076,52.38637161,14.64881134,-,1910,-,-123.68766785,36.8370285,-76.07338715,12.94117641,54.80493546,55.30203629,37.67391205
Sat Dec 02 14:09:51 EST 2017,02-Dec-2017 14:09:51.227,-76.07365877,36.83706658,24.75,3.0,-37.900001525878906,279.5,8.46589756,0.45968673,4.55855989,0.01410023,-,21.56862831,-0.01061543,0.89813066,-0.01561966,0.31392109,30.58823586,30.98039246,-,-,57.20000076,52.40494156,14.64881134,-,1912,-,-124.34383392,36.83706665,-76.0736618,12.94117641,55.36417389,55.30203629,37.67391205
Sat Dec 02 14:09:52 EST 2017,02-Dec-2017 14:09:52.227,-76.07393519,36.83710421,24.75,4.0,-37.79999923706055,279.4,9.42357826,-0.19153613,4.175488,0.06986505,-,21.56862831,-0.00671353,0.87079626,0.06638357,0.37249482,30.58823586,30.98039246,-,-,57.20000076,52.44138336,14.64881134,-,1916,-,-124.01574707,36.8371048,-76.07393646,12.54901981,55.36417389,55.30203629,37.67391205
Sat Dec 02 14:09:53 EST 2017,02-Dec-2017 14:09:53.228,-76.07420786,36.83713807,24.75,4.0,-37.900001525878906,279.2,7.77636719,0.57460839,4.09887314,-0.00010677,-,21.17647171,0.00831201,0.79269797,0.05857374,0.317826,30.19607925,30.58823586,-,-,57.20000076,52.47691727,14.64881134,-,1920,-,-124.34383392,36.83713913,-76.07421112,12.54901981,55.36417389,55.30203629,37.67391205
Sat Dec 02 14:09:54 EST 2017,02-Dec-2017 14:09:54.244,-76.07448429,36.83717483,24.75,4.0,-38.20000076293945,279.3,8.88727665,0.57460839,4.21379519,-0.00059479,-,18.03921509,-0.10267562,0.79269797,0.05076391,0.34125552,26.66666794,27.45098114,-,-,57.20000076,52.51158142,14.64881134,-,1912,-,-125.32808685,36.83717346,-76.07448578,8.62745094,55.36417389,55.30203629,-
Sat Dec 02 14:09:54 EST 2017,02-Dec-2017 14:09:55.228,-76.07448429,36.83717483,24.75,4.0,-38.20000076293945,279.3,8.23605347,0.72783732,4.40533113,-0.00256488,-,20.3921566,-0.01335672,0.89813066,-0.03514424,0.30611128,28.62745094,29.01960754,-,-,57.20000076,52.54164505,14.64881134,-,1906,-,-125.32808685,36.83717346,-76.07448578,11.37254906,55.36417389,54.68066406,-
Sat Dec 02 14:09:56 EST 2017,02-Dec-2017 14:09:56.225,-76.07503119,36.83724525,24.75,4.0,-38.0,279.1,8.65743351,0.22984336,3.56257224,0.01776655,-,20.7843132,-0.09503054,0.78098321,0.10152781,0.34516042,29.80392265,29.80392265,-,-,57.20000076,52.57098007,14.64881134,-,1913,-,-124.67191315,36.83724594,-76.07502747,11.76470566,55.36417389,55.30203629,-
Sat Dec 02 14:09:57 EST 2017,02-Dec-2017 14:09:57.228,-76.07530621,36.83728088,24.75,4.0,-38.0,279.0,9.46188545,0.2681506,4.32871675,-0.01793749,-,21.56862831,-0.03815775,0.85127175,0.13667206,0.32563588,30.98039246,30.98039246,-,-,57.20000076,52.603302,14.64881134,-,1921,-,-124.67191315,36.83728027,-76.07530975,12.94117641,55.36417389,55.30203629,34.81520844
Sat Dec 02 14:09:58 EST 2017,02-Dec-2017 14:09:58.227,-76.07557724,36.83731795,24.75,4.0,-38.599998474121094,279.0,9.23204136,0.15322891,4.02225876,-0.00935542,-,21.56862831,-0.04863759,0.85908157,0.03904916,0.30611128,30.98039246,30.98039246,-,-,57.20000076,52.63486481,14.64881134,-,1923,-,-126.64041138,36.83731842,-76.07557678,12.94117641,55.36417389,55.30203629,34.81520844
Sat Dec 02 14:09:59 EST 2017,02-Dec-2017 14:09:59.229,-76.07584992,36.83735309,24.75,4.0,-38.70000076293945,279.2,8.1211319,0.42137951,4.44363832,-0.01117368,-,20,-0.00476446,0.90594047,0.03123933,0.31001619,28.62745094,28.62745094,-,-,57.20000076,52.66569901,14.64881134,-,1922,-,-126.96850586,36.83735275,-76.07585144,10.98039246,55.36417389,55.30203629,34.81520844
Sat Dec 02 14:10:00 EST 2017,02-Dec-2017 14:10:00.233,-76.07612463,36.83738748,24.75,4.0,-38.79999923706055,279.4,8.81066227,0.30645782,3.98395157,-0.02255192,-,20.3921566,-0.08086012,0.82393724,0.05857374,0.33735061,29.41176605,29.41176605,-,-,57.20000076,52.6958313,14.64881134,-,1920,-,-127.29658508,36.83738708,-76.0761261,11.76470566,55.36417389,55.30203629,-
Sat Dec 02 14:10:01 EST 2017,02-Dec-2017 14:10:01.227,-76.0763972,36.83742361,24.75,4.0,-38.599998474121094,279.3,8.65743351,0.9576807,4.29040956,-0.00410024,-,20.3921566,0.02270668,0.92156017,0.03514424,0.34125552,29.41176605,29.41176605,-,-,57.20000076,52.72527313,14.64881134,-,1920,-,-126.64041138,36.83742523,-76.07640076,11.76470566,55.36417389,55.30203629,-
Sat Dec 02 14:10:02 EST 2017,02-Dec-2017 14:10:02.227,-76.07667153,36.83745963,24.75,4.0,-38.599998474121094,279.4,8.6957407,0.11492168,4.21379519,0.0007374,-,20.7843132,-0.04245863,0.86689138,-0.05466883,0.30220634,29.41176605,29.41176605,-,-,57.20000076,52.75407028,14.64881134,-,1920,-,-126.64041138,36.83745956,-76.07666779,11.76470566,55.36417389,55.30203629,-
Sat Dec 02 14:10:03 EST 2017,02-Dec-2017 14:10:03.226,-76.07694618,36.83749197,24.75,4.0,-38.400001525878906,279.2,9.46188545,0.22984336,4.25210238,0.00280377,-,20.3921566,0.03286148,0.94108468,0.05076391,0.32173091,29.41176605,29.41176605,-,-,57.20000076,52.76822662,14.64881134,-,1927,-,-125.98426056,36.83749008,-76.07694244,11.37254906,55.36417389,55.30203629,-
Sat Dec 02 14:10:04 EST 2017,02-Dec-2017 14:10:04.226,-76.07722061,36.83752795,24.75,3.0,-38.400001525878906,279.1,8.1211319,-0.07661445,4.36702394,0.00360974,-,20.7843132,-0.01372021,0.88641596,-0.04295408,0.32954079,29.01960754,29.41176605,-,-,57.20000076,52.79606628,14.64881134,-,1923,-,-125.98426056,36.83752823,-76.0772171,11.37254906,55.36417389,55.30203629,-
Sat Dec 02 14:10:05 EST 2017,02-Dec-2017 14:10:05.225,-76.07749479,36.83756025,24.75,4.0,-38.29999923706055,278.8,8.73404789,0.2681506,3.63918662,-0.0160985,-,20.7843132,0.01695374,0.90203559,0.01561966,0.36858991,29.41176605,29.41176605,-,-,57.20000076,52.82330704,14.64881134,-,1920,-,-125.65616608,36.83755875,-76.07749176,11.76470566,55.36417389,55.30203629,-
Sat Dec 02 14:10:06 EST 2017,02-Dec-2017 14:10:06.228,-76.07777247,36.83759688,24.75,4.0,-38.400001525878906,278.9,8.77235508,0.34476504,4.5202527,-0.01790769,-,20.3921566,-0.0485976,0.83955687,0.03904916,0.34516042,29.41176605,29.41176605,-,-,57.20000076,52.84996033,14.64881134,-,1919,-,-125.98426056,36.83759689,-76.07777405,11.76470566,55.36417389,55.30203629,-
Sat Dec 02 14:10:07 EST 2017,02-Dec-2017 14:10:07.227,-76.07804575,36.83763298,24.75,4.0,-38.5,279.0,8.96389103,0.22984336,3.90733719,0.01279281,-,20.3921566,-0.04386196,0.85127175,0.06638357,0.32954079,29.41176605,29.41176605,-,-,57.20000076,52.86307144,14.64881134,-,1921,-,-126.31233978,36.83763123,-76.07804871,11.37254906,55.36417389,55.30203629,-
Sat Dec 02 14:10:08 EST 2017,02-Dec-2017 14:10:08.228,-76.07832257,36.83766941,24.75,4.0,-38.20000076293945,278.9,8.92558384,0.07661445,4.13718033,-0.01099624,-,20.3921566,-0.0267478,0.88641596,0.04685899,0.29830143,29.41176605,29.41176605,-,-,57.20000076,52.88888168,14.64881134,-,1921,-,-125.32808685,36.83766937,-76.07832336,11.37254906,55.36417389,55.30203629,-
Sat Dec 02 14:10:08 EST 2017,02-Dec-2017 14:10:09.228,-76.07832257,36.83766941,24.75,4.0,-38.20000076293945,278.9,8.88727665,0.61291564,4.67348194,0.04446989,-,20.7843132,-0.00898199,0.91375035,0.00780983,0.28268176,29.41176605,29.41176605,-,-,57.20000076,52.91414642,14.64881134,-,1922,-,-125.32808685,36.83766937,-76.07832336,11.76470566,55.36417389,55.30203629,-
Sat Dec 02 14:10:10 EST 2017,02-Dec-2017 14:10:10.228,-76.07887144,36.83774159,24.75,4.0,-38.0,279.2,8.58081913,0.84275901,3.79241538,-0.01442241,-,20.7843132,-0.02453181,0.85908157,0.0234295,0.36078009,29.41176605,29.41176605,-,-,57.20000076,52.93889236,14.64881134,-,1920,-,-124.67191315,36.83774185,-76.07887268,11.76470566,55.36417389,55.30203629,-
Sat Dec 02 14:10:11 EST 2017,02-Dec-2017 14:10:11.227,-76.07914674,36.83777921,24.75,4.0,-38.0,279.3,9.04050541,0,4.36702394,-0.01866033,-,20.3921566,-0.0225551,0.87860614,0.07028849,0.32173091,29.41176605,29.41176605,-,-,57.20000076,52.96313477,14.64881134,-,1920,-,-124.67191315,36.83778,-76.07914734,11.76470566,55.36417389,55.30203629,-
Sat Dec 02 14:10:12 EST 2017,02-Dec-2017 14:10:12.227,-76.07942039,36.83781625,24.75,4.0,-37.900001525878906,279.4,8.84896946,0.45968673,3.98395157,-0.00622395,-,20.3921566,-0.01638483,0.88251102,-0.01171475,0.3334457,29.01960754,29.41176605,-,-,57.20000076,52.98687363,14.64881134,-,1922,-,-124.34383392,36.83781815,-76.079422,11.76470566,55.36417389,55.30203629,-
Sat Dec 02 14:10:13 EST 2017,02-Dec-2017 14:10:13.226,-76.07969234,36.83785264,24.75,4.0,-37.900001525878906,279.3,9.50019264,-0.11492168,3.83072281,0.06324929,-,20.7843132,0.08200304,0.97622901,-0.03123933,0.364685,29.41176605,29.41176605,-,-,57.20000076,53.01014709,14.64881134,-,1922,-,-124.34383392,36.83785248,-76.07968903,11.76470566,55.36417389,55.30203629,-
Sat Dec 02 14:10:14 EST 2017,02-Dec-2017 14:10:14.228,-76.07996968,36.83788722,24.75,4.0,-37.900001525878906,279.2,8.38928318,0.80445176,4.48194551,-0.01437339,-,20.3921566,-0.02325783,0.87079626,0.01952458,0.34125552,29.41176605,29.41176605,-,-,57.20000076,53.03294754,14.64881134,-,1920,-,-124.34383392,36.83788681,-76.07997131,11.76470566,55.36417389,55.30203629,-
Sat Dec 02 14:10:15 EST 2017,02-Dec-2017 14:10:15.228,-76.0802446,36.83792219,24.75,4.0,-37.79999923706055,278.9,9.11711979,-0.19153613,3.56257224,-0.00070048,-,20.3921566,-0.04135972,0.86298645,0.0741934,0.31001619,29.01960754,29.41176605,-,-,57.20000076,53.04418182,14.64881134,-,1919,-,-124.01574707,36.83792114,-76.08024597,11.76470566,55.36417389,55.30203629,-
Sat Dec 02 14:10:16 EST 2017,02-Dec-2017 14:10:16.228,-76.08051584,36.83795491,24.75,4.0,-38.20000076293945,278.9,8.38928318,0.2681506,4.175488,0.00186763,-,20.3921566,-0.06102823,0.84346181,0.03904916,0.31001619,29.41176605,29.41176605,-,-,57.20000076,53.06631851,14.64881134,-,1916,-,-125.32808685,36.83795547,-76.080513,11.76470566,55.36417389,55.30203629,-
Sat Dec 02 14:10:17 EST 2017,02-Dec-2017 14:10:17.229,-76.08079197,36.8379892,24.75,4.0,-38.20000076293945,279.0,8.27436066,0.57460839,4.48194551,-0.01996225,-,20.7843132,-0.03863391,0.84346181,0.05857374,0.35687518,29.41176605,29.41176605,-,-,57.20000076,53.08802032,14.64881134,-,1917,-,-125.32808685,36.83798981,-76.08079529,11.76470566,55.36417389,55.30203629,-
Sat Dec 02 14:10:17 EST 2017,02-Dec-2017 14:10:18.226,-76.08079197,36.8379892,24.75,4.0,-38.20000076293945,279.0,9.15542698,0.76614451,4.21379519,0.00630495,-,20.3921566,-0.01932897,0.88641596,0.02733441,0.317826,29.41176605,29.41176605,-,-,57.20000076,53.10931396,14.64881134,-,1919,-,-125.32808685,36.83798981,-76.08079529,11.76470566,55.36417389,55.30203629,-
Sat Dec 02 14:10:19 EST 2017,02-Dec-2017 14:10:19.227,-76.08134155,36.83805753,24.75,4.0,-38.20000076293945,279.1,8.65743351,0.11492168,4.21379519,-0.01219155,-,20.3921566,0.00227859,0.89422578,0.05076391,0.34906533,29.41176605,29.41176605,-,-,57.20000076,53.13019562,14.64881134,-,1924,-,-125.32808685,36.83805847,-76.0813446,11.37254906,55.36417389,55.30203629,-
Sat Dec 02 14:10:20 EST 2017,02-Dec-2017 14:10:20.231,-76.0816178,36.83809417,24.75,4.0,-38.099998474121094,279.2,8.31266785,0.80445176,4.36702394,-0.00995625,-,20.3921566,-0.06594867,0.85127175,0.02733441,0.28268176,29.41176605,29.41176605,-,-,57.20000076,53.15068436,14.64881134,-,1920,-,-124.99999237,36.8380928,-76.08161926,11.37254906,55.36417389,55.30203629,-
Sat Dec 02 14:10:21 EST 2017,02-Dec-2017 14:10:21.226,-76.08189349,36.83813191,24.75,4.0,-38.099998474121094,279.3,8.19774628,0.38307226,4.13718033,-0.01372998,-,20.3921566,-0.06282564,0.83565199,0.03904916,0.32173091,29.41176605,29.41176605,-,-,57.20000076,53.16078568,14.64881134,-,1919,-,-124.99999237,36.83813095,-76.08189392,11.37254906,55.36417389,55.30203629,-
Sat Dec 02 14:10:22 EST 2017,02-Dec-2017 14:10:22.230,-76.08216832,36.8381689,24.75,4.0,-37.900001525878906,279.3,9.15542698,-0.07661445,3.83072281,-0.00235622,-,20.3921566,-0.07847266,0.82003236,0.08981306,0.31001619,29.41176605,29.41176605,-,-,57.20000076,53.18070221,14.64881134,-,1918,-,-124.34383392,36.8381691,-76.08216858,11.37254906,55.36417389,55.30203629,-
Sat Dec 02 14:10:23 EST 2017,02-Dec-2017 14:10:23.225,-76.08244279,36.83820586,24.75,4.0,-37.79999923706055,279.3,8.81066227,0.07661445,4.02225876,0.01249624,-,20.3921566,-0.03816575,0.87860614,-0.00780983,0.29049161,29.41176605,29.41176605,-,-,57.20000076,53.20025253,14.64881134,-,1926,-,-124.01574707,36.83820724,-76.08244324,11.37254906,55.36417389,55.30203629,-
Sat Dec 02 14:10:24 EST 2017,02-Dec-2017 14:10:24.226,-76.08271482,36.83824079,24.75,4.0,-38.0,279.2,8.50420475,0.57460839,4.59686708,-0.00057794,-,20.3921566,-0.01270739,0.88251102,-0.0234295,0.34125552,29.41176605,29.41176605,-,-,57.20000076,53.21944809,14.64881134,-,1920,-,-124.67191315,36.83824158,-76.0827179,11.76470566,55.36417389,55.30203629,-
Sat Dec 02 14:10:25 EST 2017,02-Dec-2017 14:10:25.229,-76.08298832,36.83827482,24.75,4.0,-37.900001525878906,279.1,8.77235508,0.5363012,4.09887314,0.00438203,-,20.7843132,0.01045861,0.90203559,0.10933765,0.34125552,29.41176605,29.41176605,-,-,57.20000076,53.22891617,14.64881134,-,1922,-,-124.34383392,36.83827591,-76.08298492,11.76470566,55.36417389,55.30203629,-
Sat Dec 02 14:10:26 EST 2017,02-Dec-2017 14:10:26.228,-76.0832626,36.83831114,24.75,4.0,-37.900001525878906,279.1,8.38928318,0.07661445,3.83072281,0.00005607,-,20.7843132,-0.0032248,0.90984541,0.01171475,0.30611128,29.41176605,29.41176605,-,-,57.20000076,53.24759293,14.64881134,-,1925,-,-124.34383392,36.83831024,-76.08325958,11.76470566,55.36417389,55.30203629,-
Sat Dec 02 14:10:26 EST 2017,02-Dec-2017 14:10:27.227,-76.0832626,36.83831114,24.75,4.0,-37.900001525878906,279.1,9.11711979,-0.5363012,4.175488,0.00547371,-,20.3921566,-0.00009157,0.90594047,-0.0234295,0.32173091,29.41176605,29.41176605,-,-,57.20000076,53.25680542,14.64881134,-,1929,-,-124.34383392,36.83831024,-76.08325958,11.76470566,55.36417389,55.30203629,-
Sat Dec 02 14:10:28 EST 2017,02-Dec-2017 14:10:28.227,-76.08381459,36.83838502,24.75,4.0,-38.0,279.0,8.58081913,0.22984336,3.98395157,-0.0043226,-,20.7843132,0.01030003,0.91765523,-0.00780983,0.32173091,29.41176605,29.41176605,-,-,57.20000076,53.27498627,14.64881134,-,1928,-,-124.67191315,36.83838654,-76.08381653,11.76470566,55.36417389,55.30203629,-
Sat Dec 02 14:10:29 EST 2017,02-Dec-2017 14:10:29.227,-76.08408868,36.83842184,25.0,4.0,-37.900001525878906,279.1,8.81066227,0.61291564,3.83072281,0.01551314,-,20.7843132,0.01470812,0.92936999,-0.05857374,0.30220634,29.41176605,29.41176605,-,-,57.20000076,53.29284286,14.64881134,-,1923,-,-124.34383392,36.83842087,-76.08409119,11.76470566,55.92340851,55.30203629,-
Sat Dec 02 14:10:30 EST 2017,02-Dec-2017 14:10:30.227,-76.08436583,36.83845624,25.0,4.0,-37.79999923706055,279.1,8.42759037,0.07661445,4.29040956,-0.01696801,-,20.3921566,-0.00758954,0.89813066,0.05466883,0.317826,29.41176605,29.41176605,-,-,57.20000076,53.30165482,14.64881134,-,1924,-,-124.01574707,36.8384552,-76.08436584,11.76470566,55.92340851,55.30203629,-
Sat Dec 02 14:10:31 EST 2017,02-Dec-2017 14:10:31.227,-76.08464042,36.83848994,25.0,4.0,-38.29999923706055,279.1,8.84896946,0.19153613,4.36702394,0.00238446,-,20.3921566,0.02684602,0.93327487,0.03904916,0.32563588,29.41176605,29.41176605,-,-,57.20000076,53.31904984,14.64881134,-,1935,-,-125.65616608,36.83848953,-76.0846405,11.76470566,55.92340851,55.30203629,-
Sat Dec 02 14:10:32 EST 2017,02-Dec-2017 14:10:32.233,-76.08491544,36.83852326,25.0,4.0,-37.900001525878906,279.0,8.88727665,0.22984336,4.21379519,0.0483259,-,20.7843132,0.07943337,0.99575359,0.03904916,0.31392109,29.41176605,29.41176605,-,-,59,53.32763672,14.64881134,-,1925,-,-124.34383392,36.83852386,-76.08491516,11.76470566,55.92340851,55.30203629,-
Sat Dec 02 14:10:33 EST 2017,02-Dec-2017 14:10:33.229,-76.08518927,36.83855769,25.0,4.0,-38.20000076293945,279.1,8.61912632,0.15322891,4.13718033,-0.02775238,-,20.3921566,-0.04439672,0.85517663,-0.00780983,0.32563588,29.41176605,29.41176605,-,-,59,53.3445816,14.64881134,-,1924,-,-125.32808685,36.8385582,-76.08518982,11.76470566,55.92340851,55.30203629,-
Sat Dec 02 14:10:34 EST 2017,02-Dec-2017 14:10:34.227,-76.08546761,36.83859268,25.0,4.0,-38.0,279.2,9.00219822,-0.11492168,3.94564438,0.02099711,-,20.3921566,0.02116876,0.92156017,0.03904916,0.33735061,29.41176605,29.41176605,-,-,59,53.36124039,14.64881134,-,1931,-,-124.67191315,36.83859253,-76.08546448,11.76470566,55.92340851,55.30203629,-
Sat Dec 02 14:10:35 EST 2017,02-Dec-2017 14:10:35.227,-76.08574428,36.83862944,25.0,4.0,-38.099998474121094,279.2,9.11711979,0,3.94564438,0.01785629,-,20.3921566,-0.02161103,0.86689138,0.05857374,0.34906533,29.41176605,29.41176605,-,-,59,53.36946869,14.64881134,-,1929,-,-124.99999237,36.83863068,-76.08574677,11.76470566,55.92340851,55.30203629,-
Sat Dec 02 14:10:36 EST 2017,02-Dec-2017 14:10:36.226,-76.08602118,36.83866843,25.0,4.0,-38.099998474121094,279.2,8.61912632,0.57460839,4.13718033,0.0158087,-,20.7843132,-0.06958247,0.83565199,0.04295408,0.30611128,29.41176605,29.41176605,-,-,59,53.38570786,14.64881134,-,1930,-,-124.99999237,36.83866882,-76.08602142,11.76470566,55.92340851,55.30203629,-
Sat Dec 02 14:10:37 EST 2017,02-Dec-2017 14:10:37.229,-76.08629827,36.83870377,25.0,4.0,-37.70000076293945,279.2,8.61912632,1.22583127,4.02225876,-0.00842265,-,20.7843132,0.01657107,0.90984541,0.08200324,0.34516042,29.41176605,29.41176605,-,-,59,53.40426254,14.64881134,-,1930,-,-123.68766785,36.83870316,-76.08629608,11.76470566,55.92340851,55.30203629,43.58649826
Sat Dec 02 14:10:38 EST 2017,02-Dec-2017 14:10:38.228,-76.0865723,36.8387416,25.0,3.0,-38.29999923706055,279.2,8.50420475,-0.30645782,4.21379519,-0.01055011,-,20.3921566,-0.04863759,0.85908157,0.03904916,0.30611128,29.41176605,29.41176605,-,-,59,53.41471863,14.64881134,-,1934,-,-125.65616608,36.8387413,-76.08657074,11.76470566,55.92340851,55.92340851,43.58649826
Sat Dec 02 14:10:39 EST 2017,02-Dec-2017 14:10:39.226,-76.08684544,36.83877659,25.0,4.0,-38.20000076293945,279.3,8.84896946,0.49799395,4.44363832,0.03045417,-,20.3921566,0.03102058,0.93327487,0,0.33735061,29.41176605,29.41176605,-,-,59,53.43025208,14.64881134,-,1932,-,-125.32808685,36.83877563,-76.0868454,11.76470566,55.92340851,55.30203629,43.58649826
Sat Dec 02 14:10:40 EST 2017,02-Dec-2017 14:10:40.229,-76.08712059,36.83880795,25.0,4.0,-37.599998474121094,278.9,8.84896946,-0.15322891,4.40533113,0.00830254,-,20.7843132,-0.01671067,0.89032084,-0.04685899,0.31392109,29.41176605,29.41176605,-,-,59,53.43792343,14.64881134,-,1925,-,-123.35957336,36.83880615,-76.08712006,11.76470566,55.92340851,55.30203629,-
Sat Dec 02 14:10:41 EST 2017,02-Dec-2017 14:10:41.227,-76.08739614,36.83883989,24.75,3.0,-37.099998474121094,278.3,8.77235508,0.42137951,4.25210238,0.02029167,-,21.17647171,-0.06048388,0.86689138,0.03904916,0.25925228,29.41176605,29.41176605,-,-,59,53.45307922,14.64881134,-,1919,-,-121.71915436,36.83884048,-76.08739471,11.76470566,55.36417389,55.30203629,-
Sat Dec 02 14:10:42 EST 2017,02-Dec-2017 14:10:42.230,-76.087671,36.83886823,24.75,3.0,-36.599998474121094,277.8,8.58081913,0.11492168,4.25210238,-0.00629607,-,21.56862831,-0.01502839,0.91765523,0.06247865,0.25144243,30.58823586,30.98039246,-,-,59,53.46297836,14.64881134,-,1905,-,-120.07873535,36.83886719,-76.08766937,12.54901981,55.36417389,54.68066406,-
Sat Dec 02 14:10:43 EST 2017,02-Dec-2017 14:10:43.229,-76.08794691,36.83889486,24.75,4.0,-36.29999923706055,277.4,8.84896946,-0.19153613,3.90733719,0.00353191,-,21.56862831,-0.01580323,0.86689138,-0.0234295,0.364685,31.37254906,30.98039246,-,-,59,53.4678688,14.64881134,-,1899,-,-119.09448242,36.83889389,-76.08794403,12.94117641,55.36417389,54.68066406,-
Sat Dec 02 14:10:44 EST 2017,02-Dec-2017 14:10:44.228,-76.08821877,36.8389198,24.5,4.0,-35.900001525878906,277.0,8.35097599,0,3.44765043,0.00559709,-,22.74509811,0.03503837,0.95279956,-0.03123933,0.30220634,32.54901886,32.94117737,-,-,59,53.47271729,14.64881134,-,1891,-,-117.7821579,36.83892059,-76.08821869,13.33333397,54.80493546,54.68066406,-
Sat Dec 02 14:10:44 EST 2017,02-Dec-2017 14:10:45.228,-76.08821877,36.8389198,24.5,4.0,-35.900001525878906,277.0,8.77235508,-0.03830723,3.75410819,0.00633934,-,23.13725471,-0.04258613,0.85908157,-0.01171475,0.32173091,32.54901886,32.94117737,-,-,59,53.48230362,14.64881134,-,1891,-,-117.7821579,36.83892059,-76.08821869,14.50980377,54.80493546,54.68066406,-
Sat Dec 02 14:10:46 EST 2017,02-Dec-2017 14:10:46.228,-76.08875892,36.83896627,24.5,3.0,-35.29999923706055,275.7,8.88727665,-0.11492168,4.175488,0.02815145,-,23.13725471,-0.0027121,0.89813066,0.07809832,0.32563588,32.54901886,32.94117737,-,-,59,53.491745,14.64881134,-,1891,-,-115.81364441,36.83896637,-76.08876038,14.50980377,54.80493546,54.68066406,-
Sat Dec 02 14:10:47 EST 2017,02-Dec-2017 14:10:47.229,-76.08903173,36.83898325,24.5,4.0,-34.5,275.1,8.61912632,-0.03830723,4.21379519,-0.00263592,-,23.13725471,0.0008084,0.90203559,0.07809832,0.32563588,32.54901886,32.94117737,-,-,59,53.49640274,14.64881134,-,1893,-,-113.1889801,36.83898163,-76.08903503,14.50980377,54.80493546,54.68066406,-
Sat Dec 02 14:10:48 EST 2017,02-Dec-2017 14:10:48.232,-76.08930775,36.83899616,24.5,4.0,-33.20000076293945,274.6,8.77235508,0.11492168,3.83072281,0.01613942,-,23.52941132,0.00925733,0.94108468,0.01952458,0.26315722,33.33333206,32.94117737,-,-,59,53.50561905,14.64881134,-,1905,-,-108.92388916,36.83899689,-76.08930969,14.90196133,54.80493546,54.68066406,-
Sat Dec 02 14:10:49 EST 2017,02-Dec-2017 14:10:49.226,-76.08958613,36.83900919,24.5,3.0,-32.5,273.7,8.65743351,0.11492168,4.40533113,-0.04724383,-,23.52941132,-0.13340215,0.76926845,-0.00780983,0.29830143,33.33333206,33.33333206,-,-,59,53.51258469,14.64881134,-,1915,-,-106.62729645,36.83900833,-76.08958435,14.90196133,54.80493546,55.30203629,-
Sat Dec 02 14:10:50 EST 2017,02-Dec-2017 14:10:50.226,-76.08986211,36.83902254,24.75,3.0,-31.600000381469727,273.3,8.92558384,0.11492168,4.25210238,0.01415373,-,23.52941132,-0.01797621,0.8747012,-0.06247865,0.34125552,32.94117737,33.33333206,-,-,59,53.52635193,14.64881134,-,1924,-,-103.67454529,36.83902359,-76.08985901,14.90196133,55.36417389,55.30203629,42.01155472
Sat Dec 02 14:10:51 EST 2017,02-Dec-2017 14:10:51.224,-76.09013827,36.83903582,24.75,3.0,-31.600000381469727,272.8,9.04050541,-0.91937345,3.25611424,0.00298458,-,23.52941132,0.04315898,0.95670444,0.23819989,0.23972771,32.94117737,33.33333206,-,-,59,53.5446434,14.64881134,-,1937,-,-103.67454529,36.83903503,-76.0901413,14.90196133,55.36417389,56.54477692,42.01155472
Sat Dec 02 14:10:52 EST 2017,02-Dec-2017 14:10:52.225,-76.09042163,36.83904841,25.0,3.0,-31.5,272.1,9.69172859,0.03830723,3.79241538,-0.03400032,-,23.52941132,0.01703628,0.91375035,-0.0234295,0.34516042,32.94117737,33.33333206,-,-,59,53.55369186,14.64881134,-,1955,-,-103.34645844,36.83905029,-76.09042358,15.29411793,55.92340851,55.92340851,41.96944046
Sat Dec 02 14:10:53 EST 2017,02-Dec-2017 14:10:53.229,-76.09070502,36.83905174,25.25,4.0,-31.200000762939453,271.3,9.19373417,-1.03429508,4.48194551,0.047693,-,23.52941132,0.04994589,0.94108468,0.00780983,0.364685,32.94117737,33.33333206,-,-,59,53.57626343,14.64881134,-,1967,-,-102.36220551,36.83905029,-76.09070587,14.90196133,56.48263931,56.54477692,41.65932465
Sat Dec 02 14:10:54 EST 2017,02-Dec-2017 14:10:54.226,-76.09099065,36.83905372,25.5,4.0,-31.100000381469727,270.5,8.84896946,-0.2681506,3.90733719,0.02343751,-,23.52941132,0.03776941,0.92156017,0,0.37639979,32.94117737,32.94117737,-,-,59,53.60315323,14.64881134,-,1988,-,-102.03411865,36.83905411,-76.09098816,13.33333397,57.04187393,57.16614914,53.67913818
Sat Dec 02 14:10:55 EST 2017,02-Dec-2017 14:10:55.227,-76.09127936,36.8390548,25.75,4.0,-31.0,269.9,8.23605347,-0.2681506,4.21379519,-0.03754455,-,21.56862831,-0.01124795,0.91765523,0.01171475,0.26706213,30.19607925,30.19607925,-,-,59,53.63195801,14.64881134,-,1996,-,-101.70603943,36.83905411,-76.09127808,12.15686321,57.60110855,57.78752136,49.98644257
Sat Dec 02 14:10:56 EST 2017,02-Dec-2017 14:10:56.229,-76.09156756,36.83905189,25.75,3.0,-31.399999618530273,269.4,8.88727665,-0.30645782,3.83072281,-0.01503287,-,20.7843132,-0.0430565,0.83955687,0.03904916,0.35687518,29.41176605,29.80392265,-,-,59,53.66262817,14.64881134,-,2001,-,-103.01837158,36.83905029,-76.09156799,11.76470566,57.60110855,57.78752136,49.98644257
Sat Dec 02 14:10:57 EST 2017,02-Dec-2017 14:10:57.227,-76.09185973,36.83903685,25.75,3.0,-30.0,268.8,8.65743351,0,3.75410819,-0.0074674,-,20.3921566,0.01197511,0.90203559,-0.08981306,0.34906533,29.01960754,29.01960754,-,-,59,53.69284439,14.64881134,-,2008,-,-98.42519379,36.83903503,-76.09185791,11.76470566,57.60110855,57.78752136,49.98644257
Sat Dec 02 14:10:58 EST 2017,02-Dec-2017 14:10:58.228,-76.0921536,36.83902982,26.0,3.0,-30.299999237060547,268.2,9.23204136,-0.5363012,4.06056595,-0.00340668,-,18.4313736,-0.02480566,0.87860614,-0.0234295,0.32173091,27.05882454,27.05882454,-,-,59,53.72714233,14.64881134,-,2017,-,-99.40944672,36.83903122,-76.09215546,9.4117651,58.16034317,58.40889359,54.19163513
Sat Dec 02 14:10:59 EST 2017,02-Dec-2017 14:10:59.228,-76.09244097,36.83901965,26.0,3.0,-31.100000381469727,267.5,9.19373417,-0.34476504,4.175488,0.03043423,-,19.2156868,0.01382053,0.89032084,0,0.3842096,27.05882454,27.45098114,-,-,59,53.74410629,14.64881134,-,2019,-,-102.03411865,36.83901978,-76.09243774,10.1960783,58.16034317,58.40889359,54.19163513
Sat Dec 02 14:11:00 EST 2017,02-Dec-2017 14:11:00.225,-76.09273086,36.83900871,26.25,3.0,-31.899999618530273,266.9,8.84896946,0.61291564,4.09887314,0.00418019,-,19.2156868,-0.01440113,0.85127175,0.01171475,0.39592433,27.45098114,27.05882454,-,-,59,53.77766418,14.64881134,-,2021,-,-104.65879059,36.83900833,-76.09272766,10.1960783,58.71957779,58.40889359,54.19163513
Sat Dec 02 14:11:01 EST 2017,02-Dec-2017 14:11:01.228,-76.09302394,36.83898576,26.25,3.0,-32.099998474121094,266.2,8.73404789,-0.72783732,4.06056595,-0.00420382,-,20.3921566,-0.08622133,0.82393724,0,0.29439652,28.23529434,28.23529434,-,-,59,53.81074524,14.64881134,-,2024,-,-105.31495667,36.83898544,-76.09302521,10.98039246,58.71957779,58.40889359,-
Sat Dec 02 14:11:02 EST 2017,02-Dec-2017 14:11:02.229,-76.09331503,36.8389695,26.25,3.0,-32.900001525878906,265.6,8.50420475,0.34476504,4.63517427,0.02241339,-,20.7843132,0.01400863,0.90203559,0.03904916,0.36078009,29.41176605,29.80392265,-,-,59,53.82711029,14.64881134,-,2028,-,-107.93963623,36.83897018,-76.09331512,11.76470566,58.71957779,58.40889359,-
Sat Dec 02 14:11:03 EST 2017,02-Dec-2017 14:11:03.227,-76.09360252,36.83894613,26.0,3.0,-32.599998474121094,265.0,8.50420475,0.22984336,4.13718033,-0.01373505,-,21.17647171,0.01878265,0.90594047,-0.0234295,0.364685,29.80392265,30.19607925,-,-,59,53.85729218,14.64881134,-,2012,-,-106.95537567,36.8389473,-76.09360504,12.15686321,58.16034317,57.78752136,-
Sat Dec 02 14:11:04 EST 2017,02-Dec-2017 14:11:04.226,-76.0938958,36.83892363,26.0,3.0,-31.700000762939453,264.5,8.88727665,0.19153613,4.21379519,0.00231561,-,20.7843132,0.05518647,0.94108468,-0.00780983,0.37639979,29.80392265,30.19607925,-,-,59,53.88487625,14.64881134,-,2008,-,-104.00262451,36.83892441,-76.09389496,11.76470566,58.16034317,57.78752136,-
Sat Dec 02 14:11:05 EST 2017,02-Dec-2017 14:11:05.226,-76.09418423,36.83889911,26.0,3.0,-32.0,263.8,8.73404789,0,3.715801,0.03454136,-,20.7843132,-0.03337083,0.87860614,-0.00390492,0.30220634,29.80392265,30.19607925,-,-,59,53.91207123,14.64881134,-,2006,-,-104.98687744,36.83889771,-76.09418488,11.76470566,58.16034317,57.78752136,-
Sat Dec 02 14:11:06 EST 2017,02-Dec-2017 14:11:06.225,-76.09447105,36.83886677,25.75,3.0,-31.0,263.0,9.0788126,-0.8810662,3.79241538,-0.00222233,-,20.7843132,-0.02791648,0.85127175,-0.00780983,0.36858991,29.80392265,30.19607925,-,-,59,53.93458939,14.64881134,-,1983,-,-101.70603943,36.83886719,-76.09447479,12.15686321,57.60110855,57.16614914,-
Sat Dec 02 14:11:07 EST 2017,02-Dec-2017 14:11:07.228,-76.0947544,36.83883414,25.75,3.0,-30.0,262.3,9.19373417,-0.49799395,4.02225876,0.00666511,-,21.56862831,-0.02730446,0.86689138,0.11324256,0.32563588,30.58823586,30.98039246,-,-,59,53.95679855,14.64881134,-,1976,-,-98.42519379,36.83883286,-76.09475708,12.94117641,57.60110855,57.16614914,-
Sat Dec 02 14:11:08 EST 2017,02-Dec-2017 14:11:08.226,-76.09503774,36.83879967,25.5,4.0,-29.600000381469727,261.9,8.46589756,0.91937345,4.13718033,-0.01591676,-,21.96078491,0.02075771,0.9371798,-0.08590815,0.29439652,30.98039246,31.76470566,-,-,59,53.97446442,14.64881134,-,1971,-,-97.11286163,36.83879852,-76.09503937,12.94117641,57.04187393,56.54477692,-
Sat Dec 02 14:11:09 EST 2017,02-Dec-2017 14:11:09.227,-76.09532252,36.83876722,25.5,4.0,-28.899999618530273,261.4,8.15943909,0.15322891,3.86903,-0.04508349,-,22.74509811,-0.02896879,0.88641596,-0.03123933,0.29439652,32.15686417,32.15686417,-,-,59,53.99188995,14.64881134,-,1965,-,-94.81626892,36.83876801,-76.09532166,14.11764717,57.04187393,56.54477692,-
Sat Dec 02 14:11:10 EST 2017,02-Dec-2017 14:11:10.227,-76.09560259,36.83872896,25.25,4.0,-28.600000381469727,260.7,8.19774628,-0.03830723,3.98395157,-0.01495291,-,24.31372643,-0.02021625,0.90594047,0.03123933,0.27096704,33.72549057,34.11764908,-,-,59,54.00907898,14.64881134,-,2016,-,-93.83202362,36.83872986,-76.09560394,16.07843208,56.48263931,56.54477692,-
Sat Dec 02 14:11:11 EST 2017,02-Dec-2017 14:11:11.228,-76.09588322,36.83868304,25.5,3.0,-27.899999618530273,259.8,8.88727665,-0.07661445,3.60087943,-0.04655256,-,26.27450943,-0.0735267,0.86298645,-0.01561966,0.23582277,36.07843018,36.47058868,-,-,59,54.01967621,14.64881134,-,2019,-,-91.53543091,36.83868408,-76.09588623,17.64705849,57.04187393,57.16614914,33.51386642
Sat Dec 02 14:11:12 EST 2017,02-Dec-2017 14:11:12.225,-76.09616705,36.83863888,25.5,3.0,-28.0,259.1,9.42357826,0.61291564,3.94564438,0.06228513,-,26.66666794,-0.02802641,0.89422578,-0.03123933,0.27877685,36.07843018,36.47058868,-,-,59,54.04272461,14.64881134,-,2019,-,-91.86351776,36.83863831,-76.09616852,18.4313736,57.04187393,57.78752136,52.08820724
Sat Dec 02 14:11:12 EST 2017,02-Dec-2017 14:11:13.228,-76.09616705,36.83863888,25.5,3.0,-28.0,259.1,9.27034855,-0.8810662,3.83072281,-0.00189547,-,26.27450943,0.0513692,0.98013395,-0.05857374,0.27487195,36.07843018,35.68627548,-,-,59,54.07164001,14.64881134,-,2050,-,-91.86351776,36.83863831,-76.09616852,18.03921509,57.04187393,58.40889359,48.65868759
Sat Dec 02 14:11:14 EST 2017,02-Dec-2017 14:11:14.229,-76.09674058,36.83853872,26.25,3.0,-27.700000762939453,258.0,7.12514448,0.15322891,4.48194551,-0.07411958,-,23.52941132,-0.2102513,0.68336034,-0.02733441,0.29439652,32.94117737,34.50980377,-,-,59,54.10425949,14.64881134,-,2062,-,-90.87926483,36.83853912,-76.09674072,15.29411793,58.71957779,59.03026199,48.65868759
Sat Dec 02 14:11:15 EST 2017,02-Dec-2017 14:11:15.228,-76.09702797,36.83848856,26.5,3.0,-27.399999618530273,257.6,7.89128876,0.2681506,4.67348194,-0.04396646,-,23.52941132,-0.03249513,0.88641596,-0.01561966,0.28658667,32.15686417,31.76470566,-,-,59,54.13645935,14.64881134,-,2090,-,-89.8950119,36.83848953,-76.09703064,14.90196133,59.27880859,59.03026199,33.92887115
Sat Dec 02 14:11:16 EST 2017,02-Dec-2017 14:11:16.228,-76.09731528,36.83843382,26.5,3.0,-27.299999237060547,256.9,8.19774628,0.61291564,4.06056595,-0.04636186,-,21.56862831,-0.09396893,0.80050778,0.07028849,0.317826,30.98039246,30.98039246,-,-,59,54.17226791,14.64881134,-,2089,-,-89.56692505,36.83843231,-76.09731293,12.94117641,59.27880859,59.65163422,38.84409714
Sat Dec 02 14:11:17 EST 2017,02-Dec-2017 14:11:17.227,-76.09760631,36.83837523,26.75,3.0,-27.600000381469727,256.0,10.41956615,-1.07260239,4.78840351,0.05402042,-,21.56862831,0.02150491,0.90594047,0.07809832,0.364685,30.58823586,30.58823586,-,-,59,54.20761871,14.64881134,-,2069,-,-90.55118561,36.83837509,-76.09760284,12.54901981,59.83804321,59.65163422,38.84409714
Sat Dec 02 14:11:17 EST 2017,02-Dec-2017 14:11:18.226,-76.09760631,36.83837523,26.75,3.0,-27.600000381469727,256.0,8.77235508,-0.19153613,4.36702394,0.03806271,-,21.17647171,0.01812342,0.92546505,0.03904916,0.32173091,30.19607925,30.19607925,-,-,59,54.24451065,14.64881134,-,2076,-,-90.55118561,36.83837509,-76.09760284,12.54901981,59.83804321,60.27300644,48.83083725
Sat Dec 02 14:11:19 EST 2017,02-Dec-2017 14:11:19.224,-76.09818264,36.83824829,27.0,3.0,-27.700000762939453,254.9,8.00621033,0.19153613,4.06056595,-0.01798633,-,16.86274529,-0.02143956,0.88251102,0.01561966,0.32173091,24.70588303,24.70588303,-,-,59,54.24451065,14.64881134,-,2076,-,-90.87926483,36.83824921,-76.09818268,10.98039246,60.39727783,60.27300644,48.83083725
Sat Dec 02 14:11:20 EST 2017,02-Dec-2017 14:11:20.229,-76.09846881,36.83818325,27.0,3.0,-28.0,254.5,7.69975281,0.34476504,4.5202527,-0.07017469,-,16.86274529,-0.01120937,0.87860614,-0.05857374,0.34906533,23.13725471,24.70588303,-,-,59,54.26178741,14.64881134,-,2072,-,-91.86351776,36.83818436,-76.0984726,7.45098066,60.39727783,59.65163422,48.83083725
Sat Dec 02 14:11:21 EST 2017,02-Dec-2017 14:11:21.236,-76.09875829,36.83811762,26.75,3.0,-28.399999618530273,253.9,8.58081913,-0.2681506,4.5202527,-0.01041517,-,16.86274529,-0.03691334,0.84736669,-0.01171475,0.35687518,23.13725471,23.13725471,-,-,59,54.27894974,14.64881134,-,2045,-,-93.17584991,36.83811951,-76.09875488,7.45098066,59.83804321,59.65163422,48.83083725
Sat Dec 02 14:11:21 EST 2017,02-Dec-2017 14:11:22.230,-76.09875829,36.83811762,26.75,3.0,-28.399999618530273,253.9,8.92558384,-0.19153613,4.32871675,0.00250206,-,16.86274529,-0.05278471,0.82784218,0.07809832,0.35297027,23.13725471,23.13725471,-,-,59,54.27894974,14.64881134,-,2045,-,-93.17584991,36.83811951,-76.09875488,7.45098066,59.83804321,59.65163422,48.83083725
Sat Dec 02 14:11:23 EST 2017,02-Dec-2017 14:11:23.227,-76.09932559,36.83797706,26.5,3.0,-29.899999618530273,252.2,8.77235508,0.19153613,4.44363832,-0.00072507,-,16.86274529,-0.00142008,0.90984541,-0.0234295,0.31001619,23.13725471,23.13725471,-,-,59,54.27894974,14.64881134,-,2045,-,-98.09711456,36.83797836,-76.09932709,7.45098066,59.27880859,59.65163422,48.83083725
Sat Dec 02 14:11:24 EST 2017,02-Dec-2017 14:11:24.233,-76.09961076,36.83789765,26.5,3.0,-30.600000381469727,251.5,8.58081913,-0.03830723,4.40533113,0.00224823,-,18.8235302,0.04688223,0.94498962,-0.0234295,0.34906533,23.13725471,27.05882454,-,-,59,54.29600525,14.64881134,-,2067,-,-100.39369965,36.83789825,-76.09960938,9.4117651,59.27880859,59.65163422,-
Sat Dec 02 14:11:25 EST 2017,02-Dec-2017 14:11:25.228,-76.09989308,36.83781963,26.5,3.0,-31.299999237060547,250.8,9.04050541,0.38307226,4.78840351,0.0346193,-,19.2156868,-0.00291869,0.89422578,0.05076391,0.33735061,27.45098114,27.45098114,-,-,59,54.31295395,14.64881134,-,2073,-,-102.69028473,36.83781815,-76.09989166,10.1960783,59.27880859,59.65163422,-
Sat Dec 02 14:11:26 EST 2017,02-Dec-2017 14:11:26.229,-76.1001753,36.83773742,26.75,4.0,-31.600000381469727,249.9,8.08282471,-0.34476504,4.06056595,-0.0165805,-,19.6078434,-0.02090173,0.89032084,0.01952458,0.30611128,27.45098114,27.45098114,-,-,59,54.34653091,14.64881134,-,2074,-,-103.67454529,36.83773804,-76.10017395,10.1960783,59.83804321,59.65163422,-
Sat Dec 02 14:11:27 EST 2017,02-Dec-2017 14:11:27.232,-76.10045536,36.83765133,26.75,4.0,-31.799999237060547,249.2,6.66545773,1.41736746,4.71178913,0.0521564,-,19.2156868,0.12707329,0.99965847,-0.01952458,0.41935381,27.05882454,27.05882454,-,-,59,54.37968826,14.64881134,-,2061,-,-104.33070374,36.8376503,-76.10045624,10.1960783,59.83804321,59.65163422,-
Sat Dec 02 14:11:28 EST 2017,02-Dec-2017 14:11:28.230,-76.10073531,36.83756502,26.75,4.0,-31.899999618530273,248.8,8.58081913,-0.07661445,4.13718033,-0.00990778,-,19.6078434,0.00810013,0.89422578,0,0.364685,27.84313774,27.84313774,-,-,59,54.39611053,14.64881134,-,2060,-,-104.65879059,36.83756638,-76.10073853,10.1960783,59.83804321,59.65163422,-
Sat Dec 02 14:11:29 EST 2017,02-Dec-2017 14:11:29.228,-76.10101325,36.83748175,26.5,4.0,-32.099998474121094,248.6,8.77235508,0.19153613,3.86903,-0.00190511,-,19.6078434,-0.04248252,0.85517663,0.01952458,0.32954079,27.84313774,27.84313774,-,-,59,54.39611053,14.64881134,-,2052,-,-105.31495667,36.83748245,-76.10101318,10.1960783,59.27880859,59.65163422,-
Sat Dec 02 14:11:30 EST 2017,02-Dec-2017 14:11:30.231,-76.10128788,36.83739409,26.5,4.0,-32.5,248.5,8.42759037,0.03830723,4.13718033,0.00632156,-,21.17647171,-0.02213368,0.89422578,0.01952458,0.29439652,30.19607925,30.19607925,-,-,59,54.41050339,14.64881134,-,2055,-,-106.62729645,36.83739471,-76.10128784,12.15686321,59.27880859,59.03026199,-
Sat Dec 02 14:11:30 EST 2017,02-Dec-2017 14:11:31.226,-76.10128788,36.83739409,26.5,4.0,-32.5,248.5,8.23605347,-0.03830723,4.175488,-0.00719293,-,21.56862831,-0.00695165,0.89032084,0.03904916,0.33735061,30.19607925,30.19607925,-,-,59,54.42288208,14.64881134,-,2055,-,-106.62729645,36.83739471,-76.10128784,12.54901981,59.27880859,58.40889359,-
Sat Dec 02 14:11:32 EST 2017,02-Dec-2017 14:11:32.229,-76.10183902,36.83722135,26.25,4.0,-33.099998474121094,248.2,9.11711979,-0.03830723,4.63517427,0.02148761,-,21.56862831,0.00384545,0.91375035,0.02733441,0.31392109,30.58823586,30.58823586,-,-,59,54.43518448,14.64881134,-,2030,-,-108.59579468,36.83722305,-76.10183716,12.94117641,58.71957779,58.40889359,-
Sat Dec 02 14:11:33 EST 2017,02-Dec-2017 14:11:33.228,-76.10211526,36.83713263,26.25,4.0,-33.400001525878906,248.3,8.04451752,0.61291564,4.67348194,0.0053138,-,21.56862831,-0.0492473,0.82003236,0.06247865,0.37639979,30.58823586,30.58823586,-,-,59,54.43518448,14.64881134,-,2030,-,-109.58005524,36.8371315,-76.10211182,12.94117641,58.71957779,58.40889359,-
Sat Dec 02 14:11:34 EST 2017,02-Dec-2017 14:11:34.229,-76.1023908,36.83704705,26.25,4.0,-33.70000076293945,248.3,8.6957407,0.57460839,4.67348194,-0.02535234,-,21.56862831,0.0185205,0.90203559,-0.05857374,0.36858991,30.58823586,30.58823586,-,-,59,54.43518448,14.64881134,-,2030,-,-110.56430817,36.83704758,-76.1023941,12.94117641,58.71957779,58.40889359,-
Sat Dec 02 14:11:35 EST 2017,02-Dec-2017 14:11:35.229,-76.10266334,36.83696096,26.25,3.0,-34.0,248.1,8.38928318,0.8810662,4.06056595,0.01118859,-,21.56862831,-0.01968689,0.8747012,-0.0234295,0.34125552,30.58823586,30.58823586,-,-,59,54.43518448,14.64881134,-,2030,-,-111.54855347,36.83695984,-76.10266113,12.94117641,58.71957779,58.40889359,-
Sat Dec 02 14:11:35 EST 2017,02-Dec-2017 14:11:36.228,-76.10266334,36.83696096,26.25,3.0,-34.0,248.1,8.23605347,0.76614451,4.36702394,0.00141336,-,21.56862831,-0.00062581,0.88641596,0.00390492,0.36078009,30.58823586,30.58823586,-,-,59,54.43518448,14.64881134,-,2030,-,-111.54855347,36.83695984,-76.10266113,12.94117641,58.71957779,58.40889359,-
Sat Dec 02 14:11:37 EST 2017,02-Dec-2017 14:11:37.230,-76.10321121,36.83678182,26.25,4.0,-34.20000076293945,248.0,8.15943909,0.38307226,3.86903,-0.05965501,-,21.17647171,0.00354899,0.90984541,-0.02733441,0.32173091,29.80392265,29.80392265,-,-,59,54.43518448,14.64881134,-,2030,-,-112.20472717,36.83678055,-76.10321045,12.94117641,58.71957779,58.40889359,-
Sat Dec 02 14:11:37 EST 2017,02-Dec-2017 14:11:38.231,-76.10321121,36.83678182,26.25,4.0,-34.20000076293945,248.0,8.54251194,0.45968673,3.83072281,0.00598264,-,21.56862831,-0.01609789,0.87079626,0.01952458,0.35687518,29.80392265,30.19607925,-,-,59,54.4474144,14.64881134,-,2033,-,-112.20472717,36.83678055,-76.10321045,12.94117641,58.71957779,58.40889359,-
Sat Dec 02 14:11:39 EST 2017,02-Dec-2017 14:11:39.230,-76.10376343,36.83660661,26.25,4.0,-34.599998474121094,248.1,8.58081913,0.5363012,3.86903,-0.02000302,-,21.56862831,-0.04257821,0.87079626,0.04685899,0.29439652,29.80392265,30.19607925,-,-,59,54.47164154,14.64881134,-,2030,-,-113.51705933,36.83660507,-76.10375977,12.94117641,58.71957779,58.40889359,-
Sat Dec 02 14:11:40 EST 2017,02-Dec-2017 14:11:40.233,-76.10403577,36.83651839,26.25,4.0,-35.0,248.0,8.61912632,0.11492168,4.36702394,0.00672603,-,21.56862831,-0.00855866,0.89422578,0.1444819,0.30220634,29.80392265,30.19607925,-,-,59,54.48364639,14.64881134,-,2032,-,-114.82939911,36.83651733,-76.10403442,12.94117641,58.71957779,58.40889359,-
Sat Dec 02 14:11:41 EST 2017,02-Dec-2017 14:11:41.231,-76.10431481,36.83642951,26.25,4.0,-34.599998474121094,248.1,8.73404789,0.80445176,4.63517427,-0.01843974,-,21.56862831,0.02728435,0.92936999,0.05466883,0.3334457,29.80392265,30.19607925,-,-,59,54.50743484,14.64881134,-,2033,-,-113.51705933,36.8364296,-76.10431671,12.94117641,58.71957779,58.40889359,-
Sat Dec 02 14:11:42 EST 2017,02-Dec-2017 14:11:42.227,-76.10458549,36.8363438,26.25,4.0,-35.20000076293945,248.1,8.50420475,0.38307226,4.175488,-0.00600535,-,21.56862831,0.00105992,0.89422578,0.01171475,0.34906533,29.80392265,30.19607925,-,-,59,54.50743484,14.64881134,-,2032,-,-115.48556519,36.83634567,-76.10458374,12.94117641,58.71957779,58.40889359,-
Sat Dec 02 14:11:43 EST 2017,02-Dec-2017 14:11:43.229,-76.10485679,36.83625551,26.25,4.0,-35.5,248.1,8.31266785,0.57460839,4.32871675,0.00387057,-,21.56862831,-0.03883223,0.86689138,-0.01952458,0.31392109,29.80392265,30.19607925,-,-,59,54.51922226,14.64881134,-,2032,-,-116.46981812,36.83625412,-76.1048584,12.94117641,58.71957779,58.40889359,-
Sat Dec 02 14:11:44 EST 2017,02-Dec-2017 14:11:44.231,-76.1051269,36.83616793,26.25,4.0,-35.70000076293945,248.2,8.81066227,0.19153613,4.25210238,-0.01950827,-,21.56862831,-0.00552368,0.88641596,0.06638357,0.34516042,29.80392265,30.19607925,-,-,59,54.53093338,14.64881134,-,2028,-,-117.12598419,36.83616638,-76.10512543,12.94117641,58.71957779,58.40889359,-
Sat Dec 02 14:11:45 EST 2017,02-Dec-2017 14:11:45.235,-76.10539931,36.83607854,26.25,4.0,-36.099998474121094,248.1,8.46589756,0.30645782,4.29040956,0.02636246,-,21.56862831,-0.02370311,0.86298645,0.05076391,0.35297027,29.80392265,30.19607925,-,-,59,54.53093338,14.64881134,-,2028,-,-118.43831635,36.83607864,-76.10540009,12.94117641,58.71957779,58.40889359,-
Sat Dec 02 14:11:46 EST 2017,02-Dec-2017 14:11:46.230,-76.10567522,36.83599224,26.25,4.0,-36.29999923706055,248.2,8.58081913,0.07661445,4.06056595,-0.02595976,-,21.56862831,-0.07234171,0.82784218,-0.00780983,0.317826,29.80392265,29.80392265,-,-,59,54.54258347,14.64881134,-,2030,-,-119.09448242,36.83599091,-76.10567474,12.54901981,58.71957779,58.40889359,-
Sat Dec 02 14:11:47 EST 2017,02-Dec-2017 14:11:47.226,-76.10594947,36.83590622,26.25,4.0,-36.099998474121094,248.3,8.38928318,0.5363012,4.13718033,0.0010618,-,21.17647171,0.01030006,0.91375035,-0.06247865,0.32563588,29.80392265,30.19607925,-,-,59,54.5656662,14.64881134,-,2037,-,-118.43831635,36.83590698,-76.1059494,12.54901981,58.71957779,58.40889359,-
Sat Dec 02 14:11:48 EST 2017,02-Dec-2017 14:11:48.227,-76.10622097,36.8358195,26.25,4.0,-36.5,248.3,9.42357826,0.03830723,4.59686708,0.00873315,-,21.17647171,-0.00591502,0.88641596,-0.01171475,0.34906533,29.80392265,30.19607925,-,-,59,54.5656662,14.64881134,-,2040,-,-119.75065613,36.83581924,-76.10622406,12.54901981,58.71957779,58.40889359,-
Sat Dec 02 14:11:48 EST 2017,02-Dec-2017 14:11:49.227,-76.10622097,36.8358195,26.25,4.0,-36.5,248.3,8.58081913,0.07661445,4.29040956,0.00265439,-,21.17647171,0.00398224,0.91765523,0.05857374,0.30220634,29.80392265,30.19607925,-,-,59,54.5656662,14.64881134,-,2040,-,-119.75065613,36.83581924,-76.10622406,12.54901981,58.71957779,58.40889359,-
Sat Dec 02 14:11:50 EST 2017,02-Dec-2017 14:11:50.230,-76.1067686,36.83564255,26.25,4.0,-37.0,248.2,8.65743351,0.03830723,4.44363832,0.01097935,-,21.17647171,-0.08594583,0.8083176,0.01952458,0.32563588,29.80392265,30.19607925,-,-,59,54.57710648,14.64881134,-,2040,-,-121.39107513,36.83564377,-76.10676575,12.94117641,58.71957779,58.40889359,-
Sat Dec 02 14:11:51 EST 2017,02-Dec-2017 14:11:51.227,-76.10704541,36.83555421,26.25,4.0,-37.099998474121094,248.1,8.50420475,0.2681506,4.21379519,0.00520637,-,21.56862831,-0.06913153,0.82003236,0.04685899,0.33735061,29.80392265,29.80392265,-,-,59,54.57710648,14.64881134,-,2036,-,-121.71915436,36.83555603,-76.10704803,12.94117641,58.71957779,58.40889359,-
Sat Dec 02 14:11:52 EST 2017,02-Dec-2017 14:11:52.227,-76.10731758,36.83546476,26.25,4.0,-37.099998474121094,248.1,8.38928318,0.65122288,3.94564438,-0.01101947,-,21.56862831,0.01944144,0.92936999,0.01561966,0.317826,29.80392265,29.80392265,-,-,59,54.57710648,14.64881134,-,2036,-,-121.71915436,36.83546448,-76.10731506,12.94117641,58.71957779,58.40889359,-
Sat Dec 02 14:11:53 EST 2017,02-Dec-2017 14:11:53.229,-76.10759118,36.83537522,26.25,4.0,-37.20000076293945,248.2,8.31266785,0.03830723,4.02225876,-0.01354667,-,21.56862831,-0.05620597,0.85127175,0.0234295,0.30611128,29.80392265,29.80392265,-,-,59,54.57710648,14.64881134,-,2036,-,-122.04724884,36.83537674,-76.10758972,12.94117641,58.71957779,58.40889359,-
Sat Dec 02 14:11:54 EST 2017,02-Dec-2017 14:11:54.227,-76.10786228,36.83528728,26.25,3.0,-37.5,248.3,8.50420475,0.34476504,4.175488,-0.00571181,-,21.56862831,-0.02619916,0.86298645,-0.03514424,0.34906533,29.80392265,29.80392265,-,-,59,54.57710648,14.64881134,-,2036,-,-123.03149414,36.835289,-76.10786438,12.94117641,58.71957779,58.40889359,-
Sat Dec 02 14:11:55 EST 2017,02-Dec-2017 14:11:55.228,-76.10813686,36.83519807,26.25,4.0,-37.099998474121094,248.6,7.92959595,0.30645782,4.44363832,-0.02608249,-,21.56862831,-0.11856268,0.77317333,0.02733441,0.32173091,29.80392265,29.01960754,-,-,59,54.59977341,14.64881134,-,2036,-,-121.71915436,36.83519745,-76.10813904,11.76470566,58.71957779,58.40889359,-
Sat Dec 02 14:11:56 EST 2017,02-Dec-2017 14:11:56.230,-76.10840903,36.8351136,26.25,3.0,-37.400001525878906,248.5,8.35097599,0.38307226,4.02225876,0.00770777,-,20.7843132,-0.00758186,0.89422578,0.08200324,0.32173091,29.01960754,29.01960754,-,-,59,54.62218475,14.64881134,-,2032,-,-122.70341492,36.83511353,-76.10840607,11.76470566,58.71957779,58.40889359,-
Sat Dec 02 14:11:57 EST 2017,02-Dec-2017 14:11:57.227,-76.10867981,36.83502331,26.25,4.0,-37.29999923706055,248.3,8.88727665,0.34476504,4.21379519,0.00550494,-,20.7843132,-0.02118228,0.87860614,0.03123933,0.32954079,29.01960754,29.01960754,-,-,59,54.62218475,14.64881134,-,2032,-,-122.37532806,36.83502197,-76.10868073,11.76470566,58.71957779,58.40889359,-
Sat Dec 02 14:11:58 EST 2017,02-Dec-2017 14:11:58.227,-76.10895153,36.83493793,26.25,3.0,-37.599998474121094,248.1,8.61912632,0.38307226,4.06056595,0.00455867,-,20.7843132,-0.07018121,0.81222248,0.07809832,0.34516042,29.01960754,29.01960754,-,-,59,54.62218475,14.64881134,-,2037,-,-123.35957336,36.83493805,-76.10894775,11.76470566,58.71957779,58.40889359,-
Sat Dec 02 14:11:59 EST 2017,02-Dec-2017 14:11:59.229,-76.10922219,36.8348496,26.0,4.0,-37.5,248.0,8.6957407,0.30645782,4.175488,0.00622529,-,20.7843132,-0.01137913,0.87079626,0.07809832,0.36078009,29.01960754,29.01960754,-,-,59,54.64432907,14.64881134,-,2023,-,-123.03149414,36.83485031,-76.10922241,11.76470566,58.16034317,58.40889359,-
Sat Dec 02 14:12:00 EST 2017,02-Dec-2017 14:12:00.228,-76.10949371,36.83476117,26.0,3.0,-37.70000076293945,248.0,8.77235508,0.76614451,3.90733719,-0.00451513,-,20.7843132,-0.06424315,0.82784218,0.04295408,0.3334457,29.01960754,29.01960754,-,-,59,54.65530396,14.64881134,-,2019,-,-123.68766785,36.83476257,-76.10949707,11.76470566,58.16034317,58.40889359,-
Sat Dec 02 14:12:01 EST 2017,02-Dec-2017 14:12:01.227,-76.10976159,36.83467142,26.0,3.0,-37.400001525878906,248.2,9.19373417,-0.03830723,3.79241538,-0.0048942,-,20.7843132,-0.01974914,0.88251102,-0.01561966,0.32563588,29.01960754,29.01960754,-,-,59,54.66440964,14.64881134,-,2013,-,-122.70341492,36.83467102,-76.1097641,11.76470566,58.16034317,57.78752136,-
Sat Dec 02 14:12:02 EST 2017,02-Dec-2017 14:12:02.225,-76.11003302,36.83458651,26.0,4.0,-37.29999923706055,248.4,9.11711979,0.42137951,4.175488,0.0315583,-,20.7843132,0.05496235,0.92156017,0.03514424,0.411544,29.01960754,29.01960754,-,-,59,54.66440964,14.64881134,-,2013,-,-122.37532806,36.8345871,-76.11003113,12.15686321,58.16034317,57.78752136,-
Sat Dec 02 14:12:02 EST 2017,02-Dec-2017 14:12:03.230,-76.11003302,36.83458651,26.0,4.0,-37.29999923706055,248.4,8.50420475,-0.22984336,3.79241538,0.02443425,-,20.7843132,0.02088482,0.91765523,-0.03514424,0.34516042,29.01960754,29.01960754,-,-,59,54.66440964,14.64881134,-,2013,-,-122.37532806,36.8345871,-76.11003113,12.15686321,58.16034317,57.78752136,-
Sat Dec 02 14:12:04 EST 2017,02-Dec-2017 14:12:04.232,-76.11058131,36.83441583,26.0,3.0,-37.5,248.4,7.96790314,0.2681506,4.13718033,-0.03325784,-,20.7843132,-0.01419221,0.89032084,-0.06247865,0.317826,29.01960754,29.01960754,-,-,59,54.66440964,14.64881134,-,1988,-,-123.03149414,36.83441544,-76.11058044,12.15686321,58.16034317,57.78752136,-
Sat Dec 02 14:12:05 EST 2017,02-Dec-2017 14:12:05.227,-76.11085015,36.83433052,25.75,4.0,-37.0,248.2,8.23605347,0.42137951,4.06056595,-0.01480031,-,20.7843132,-0.06264655,0.83955687,0.04295408,0.31392109,29.01960754,29.01960754,-,-,59,54.67165756,14.64881134,-,1988,-,-121.39107513,36.83433151,-76.11084747,12.15686321,57.60110855,57.16614914,-
Sat Dec 02 14:12:06 EST 2017,02-Dec-2017 14:12:06.228,-76.11111461,36.83424256,25.75,4.0,-37.0,248.0,9.11711979,0.5363012,3.75410819,-0.03162258,-,21.96078491,-0.06001312,0.84736669,0.00390492,0.30611128,30.98039246,31.37254906,-,-,59,54.67165756,14.64881134,-,1990,-,-121.39107513,36.83424377,-76.1111145,12.54901981,57.60110855,57.16614914,-
Sat Dec 02 14:12:07 EST 2017,02-Dec-2017 14:12:07.228,-76.11138033,36.83415538,25.75,3.0,-37.29999923706055,247.9,9.30865574,0.76614451,3.86903,0.03756862,-,21.96078491,0.04688223,0.9371798,0.03123933,0.364685,30.98039246,31.37254906,-,-,59,54.68782806,14.64881134,-,2011,-,-122.37532806,36.83415604,-76.11138153,13.33333397,57.60110855,57.78752136,-
Sat Dec 02 14:12:08 EST 2017,02-Dec-2017 14:12:08.230,-76.11165033,36.83406588,26.0,3.0,-37.79999923706055,247.9,9.69172859,0.68953007,4.32871675,0.02803555,-,21.96078491,0.03848964,0.91765523,0.07028849,0.34125552,30.98039246,30.98039246,-,-,59,54.69851685,14.64881134,-,2022,-,-124.01574707,36.83406448,-76.11164856,13.33333397,58.16034317,58.40889359,91.68836975
Sat Dec 02 14:12:09 EST 2017,02-Dec-2017 14:12:09.229,-76.1119221,36.83397564,26.0,3.0,-37.900001525878906,247.8,9.19373417,0,3.40934324,0.0010071,-,21.96078491,-0.01334899,0.89813066,0.06638357,0.30220634,30.98039246,30.58823586,-,-,59,54.70915222,14.64881134,-,2025,-,-124.34383392,36.83397675,-76.11192322,10.98039246,58.16034317,58.40889359,91.68836975
Sat Dec 02 14:12:10 EST 2017,02-Dec-2017 14:12:10.230,-76.11219774,36.83388804,26.25,3.0,-38.0,247.9,9.30865574,-0.57460839,4.63517427,0.00816678,-,20,-0.05338904,0.83955687,0.07809832,0.32954079,28.23529434,28.62745094,-,-,59,54.71972275,14.64881134,-,2039,-,-124.67191315,36.83388901,-76.11219788,10.98039246,58.71957779,58.40889359,91.68836975
Sat Dec 02 14:12:11 EST 2017,02-Dec-2017 14:12:11.236,-76.11247029,36.83379908,26.25,3.0,-38.0,247.9,9.00219822,1.11090958,4.55855989,0.00380596,-,20,-0.03988062,0.88251102,-0.04295408,0.27487195,28.23529434,28.62745094,-,-,59,54.71972275,14.64881134,-,2039,-,-124.67191315,36.83379745,-76.11247253,10.98039246,58.71957779,58.40889359,91.68836975
Sat Dec 02 14:12:12 EST 2017,02-Dec-2017 14:12:12.231,-76.11274427,36.83370585,26.5,3.0,-38.099998474121094,247.8,7.92959595,1.30244577,4.71178913,-0.00572338,-,20,-0.01468764,0.87860614,-0.00780983,0.34516042,28.23529434,28.62745094,-,-,59,54.71972275,14.64881134,-,2039,-,-124.99999237,36.8337059,-76.11274719,10.98039246,59.27880859,58.40889359,91.68836975
Sat Dec 02 14:12:13 EST 2017,02-Dec-2017 14:12:13.228,-76.11301358,36.8336169,26.25,3.0,-38.20000076293945,247.7,9.0788126,-0.2681506,4.29040956,0.0045867,-,20,0.04296874,0.92936999,0.00780983,0.37249482,27.45098114,27.84313774,-,-,59,54.74245071,14.64881134,-,2039,-,-125.32808685,36.83361816,-76.11301422,10.58823586,58.71957779,58.40889359,-
Sat Dec 02 14:12:14 EST 2017,02-Dec-2017 14:12:14.231,-76.11328413,36.83352533,26.25,3.0,-38.20000076293945,247.7,8.58081913,0.22984336,4.175488,-0.00438753,-,20.7843132,-0.02857602,0.89032084,0.06247865,0.28268176,29.01960754,29.01960754,-,-,59,54.76316071,14.64881134,-,2026,-,-125.32808685,36.83352661,-76.11328125,11.76470566,58.71957779,58.40889359,-
Sat Dec 02 14:12:15 EST 2017,02-Dec-2017 14:12:15.229,-76.11355285,36.83343709,26.25,3.0,-38.099998474121094,247.8,8.42759037,0.5363012,3.94564438,-0.01433412,-,20.7843132,-0.02663806,0.88641596,0.0741934,0.29439652,29.41176605,29.80392265,-,-,59,54.7818985,14.64881134,-,2023,-,-124.99999237,36.83343887,-76.11355591,11.76470566,58.71957779,57.78752136,-
Sat Dec 02 14:12:16 EST 2017,02-Dec-2017 14:12:16.230,-76.11382606,36.83334596,26.0,4.0,-38.0,248.0,8.38928318,0,4.5202527,0.00321136,-,20.7843132,-0.04320799,0.83955687,0.03514424,0.35687518,29.41176605,29.80392265,-,-,59,54.79031754,14.64881134,-,2016,-,-124.67191315,36.83334732,-76.11382294,11.76470566,58.16034317,57.78752136,-
Sat Dec 02 14:12:16 EST 2017,02-Dec-2017 14:12:17.229,-76.11382606,36.83334596,26.0,4.0,-38.0,248.0,8.27436066,0.22984336,4.32871675,-0.01185017,-,20.7843132,-0.02834829,0.89813066,0.07028849,0.26315722,29.41176605,29.80392265,-,-,59,54.7986908,14.64881134,-,2025,-,-124.67191315,36.83334732,-76.11382294,11.76470566,58.16034317,57.78752136,-
Sat Dec 02 14:12:18 EST 2017,02-Dec-2017 14:12:18.228,-76.11436349,36.83316935,26.0,3.0,-37.900001525878906,248.2,8.88727665,-0.07661445,4.02225876,0.0230251,-,20.7843132,0.01027737,0.89422578,0.02733441,0.36858991,29.41176605,29.80392265,-,-,59,54.80701828,14.64881134,-,2025,-,-124.34383392,36.83316803,-76.11436462,12.94117641,58.16034317,57.78752136,-
Sat Dec 02 14:12:19 EST 2017,02-Dec-2017 14:12:19.231,-76.11463686,36.83308332,26.0,4.0,-37.70000076293945,248.3,8.04451752,0.11492168,4.44363832,0.00756161,-,21.56862831,-0.06278487,0.82003236,0.01171475,0.35297027,30.98039246,30.98039246,-,-,59,54.81702042,14.64881134,-,2016,-,-123.68766785,36.83308411,-76.11463928,12.94117641,58.16034317,58.40889359,-
Sat Dec 02 14:12:20 EST 2017,02-Dec-2017 14:12:20.227,-76.11490871,36.83299694,26.0,4.0,-37.79999923706055,248.6,8.81066227,0.19153613,3.79241538,-0.01117842,-,22.74509811,-0.03822128,0.87860614,0.05466883,0.28658667,32.15686417,30.98039246,-,-,59,54.81702042,14.64881134,-,2016,-,-124.01574707,36.83299637,-76.11490631,13.72549057,58.16034317,58.40889359,-
Sat Dec 02 14:12:21 EST 2017,02-Dec-2017 14:12:21.227,-76.1151817,36.83291715,26.25,3.0,-38.0,249.4,8.6957407,0,3.56257224,0.0086011,-,22.74509811,0.0414461,0.91375035,0.19134088,0.36078009,32.15686417,30.98039246,-,-,59,54.82697296,14.64881134,-,2033,-,-124.67191315,36.83291626,-76.11518097,13.72549057,58.71957779,58.40889359,-
Sat Dec 02 14:12:22 EST 2017,02-Dec-2017 14:12:22.227,-76.11546049,36.83283966,26.25,4.0,-37.70000076293945,250.5,8.50420475,0.76614451,3.67749381,-0.00861547,-,23.13725471,-0.05197955,0.86689138,0.07809832,0.27487195,32.15686417,32.15686417,-,-,59,54.82697296,14.64881134,-,2052,-,-123.68766785,36.83283997,-76.11546326,14.50980377,58.71957779,58.40889359,-
Sat Dec 02 14:12:23 EST 2017,02-Dec-2017 14:12:23.227,-76.11574157,36.83276688,26.5,3.0,-37.400001525878906,252.2,8.6957407,1.22583127,4.25210238,0.01359677,-,23.13725471,-0.05038753,0.84346181,0.04295408,0.3334457,32.15686417,32.15686417,-,-,59,54.85013199,14.64881134,-,2056,-,-122.70341492,36.83276749,-76.11573792,14.50980377,59.27880859,59.03026199,43.28602219
Sat Dec 02 14:12:24 EST 2017,02-Dec-2017 14:12:24.229,-76.11602688,36.83270166,26.5,3.0,-37.400001525878906,253.9,9.15542698,0.38307226,3.715801,0.00646381,-,21.96078491,-0.05125553,0.85517663,0.00780983,0.31001619,32.15686417,32.15686417,-,-,59,54.85013199,14.64881134,-,2056,-,-122.70341492,36.83270264,-76.11602783,14.50980377,59.27880859,59.03026199,43.28602219
Sat Dec 02 14:12:25 EST 2017,02-Dec-2017 14:12:25.229,-76.11631538,36.83264543,26.75,4.0,-37.099998474121094,255.7,8.61912632,0.22984336,4.02225876,-0.00410768,-,21.96078491,0.02470402,0.92936999,0.06638357,0.32563588,32.15686417,32.15686417,-,-,59,54.85013199,14.64881134,-,2056,-,-121.71915436,36.83264542,-76.11631775,14.50980377,59.83804321,59.03026199,43.28602219
Sat Dec 02 14:12:25 EST 2017,02-Dec-2017 14:12:26.231,-76.11631538,36.83264543,26.75,4.0,-37.099998474121094,255.7,9.0788126,0.72783732,4.59686708,0.04974936,-,21.96078491,0.06860752,0.97622901,0.01561966,0.3334457,30.58823586,30.98039246,-,-,59,54.8633194,14.64881134,-,2073,-,-121.71915436,36.83264542,-76.11631775,13.33333397,59.83804321,59.65163422,-
Sat Dec 02 14:12:27 EST 2017,02-Dec-2017 14:12:27.227,-76.11690128,36.83254795,26.75,4.0,-36.79999923706055,259.4,8.42759037,0.65122288,3.48595762,-0.01738146,-,21.96078491,0.02366851,0.93327487,0.08981306,0.31001619,30.58823586,30.58823586,-,-,59,54.8633194,14.64881134,-,2073,-,-120.73490906,36.83254623,-76.11689758,13.33333397,59.83804321,59.65163422,-
Sat Dec 02 14:12:28 EST 2017,02-Dec-2017 14:12:28.234,-76.11719566,36.83251577,26.75,4.0,-36.70000076293945,261.4,8.88727665,0.11492168,3.98395157,-0.02137879,-,21.96078491,-0.03019526,0.88251102,0.0741934,0.29439652,30.58823586,30.58823586,-,-,59,54.87644196,14.64881134,-,2073,-,-120.40682983,36.83251572,-76.11719513,11.76470566,59.83804321,59.65163422,-
Sat Dec 02 14:12:29 EST 2017,02-Dec-2017 14:12:29.230,-76.11749311,36.83248892,26.75,4.0,-36.900001525878906,263.0,9.00219822,0.76614451,4.36702394,0.01207431,-,20.7843132,-0.02019289,0.88251102,0.12495731,0.30611128,26.66666794,26.66666794,-,-,59,54.88948822,14.64881134,-,2067,-,-121.06299591,36.83248901,-76.11749268,11.76470566,59.83804321,59.65163422,-
Sat Dec 02 14:12:30 EST 2017,02-Dec-2017 14:12:30.228,-76.11778971,36.83246832,26.75,3.0,-36.79999923706055,264.8,8.61912632,0.2681506,3.90733719,-0.00883102,-,18.8235302,-0.01071568,0.90984541,0.02733441,0.28658667,26.66666794,27.05882454,-,-,59,54.90246201,14.64881134,-,2058,-,-120.73490906,36.83246994,-76.11779022,10.1960783,59.83804321,59.65163422,-
Sat Dec 02 14:12:31 EST 2017,02-Dec-2017 14:12:31.228,-76.11808886,36.83246021,26.75,4.0,-36.20000076293945,266.6,8.58081913,0.72783732,4.78840351,0.01000039,-,19.2156868,-0.03174635,0.84346181,0.04685899,0.37249482,26.66666794,27.05882454,-,-,59,54.90246201,14.64881134,-,2058,-,-118.7664032,36.8324585,-76.11808777,10.1960783,59.83804321,59.65163422,-
Sat Dec 02 14:12:32 EST 2017,02-Dec-2017 14:12:32.228,-76.11838734,36.83246501,26.5,3.0,-36.599998474121094,269.2,8.38928318,0.5363012,4.44363832,-0.00496388,-,19.2156868,-0.00715143,0.90594047,0.05076391,0.30220634,27.05882454,28.62745094,-,-,57.20000076,54.91367722,14.64881134,-,2053,-,-120.07873535,36.83246613,-76.11838531,10.1960783,59.27880859,59.03026199,-
Sat Dec 02 14:12:33 EST 2017,02-Dec-2017 14:12:33.229,-76.11868429,36.83246178,26.5,5.0,-36.5,269.2,8.50420475,0.80445176,4.44363832,0.00997283,-,20.3921566,0.01254039,0.91765523,0.10543273,0.31392109,28.62745094,29.01960754,-,-,57.20000076,54.91367722,14.64881134,-,2053,-,-119.75065613,36.83246231,-76.11868286,11.37254906,59.27880859,59.03026199,-
Sat Dec 02 14:12:34 EST 2017,02-Dec-2017 14:12:34.232,-76.11898274,36.83247505,26.25,4.0,-36.400001525878906,271.7,9.42357826,0.9576807,3.94564438,0.00819988,-,20.3921566,0.03544359,0.94498962,-0.0234295,0.32173091,28.62745094,29.01960754,-,-,57.20000076,54.91367722,14.64881134,-,2053,-,-119.4225769,36.83247375,-76.11898041,11.37254906,58.71957779,59.03026199,-
Sat Dec 02 14:12:35 EST 2017,02-Dec-2017 14:12:35.228,-76.11927219,36.83249306,26.25,3.0,-36.29999923706055,274.7,8.6957407,0.72783732,4.06056595,-0.03050461,-,20.3921566,-0.09147981,0.81612742,-0.01171475,0.29830143,28.62745094,29.01960754,-,-,57.20000076,54.91367722,14.64881134,-,2053,-,-119.09448242,36.83249283,-76.11927032,11.37254906,58.71957779,59.03026199,-
Sat Dec 02 14:12:36 EST 2017,02-Dec-2017 14:12:36.228,-76.11956447,36.83251618,26.25,3.0,-36.0,275.7,8.92558384,0.68953007,3.83072281,0.011594,-,20.3921566,-0.06080064,0.85908157,0,0.27877685,28.62745094,29.01960754,-,-,57.20000076,54.91367722,14.64881134,-,2053,-,-118.11023712,36.83251572,-76.11956787,11.37254906,58.71957779,59.03026199,-
Sat Dec 02 14:12:37 EST 2017,02-Dec-2017 14:12:37.229,-76.1198579,36.83253953,26.25,5.0,-36.0,275.7,9.34696388,0.11492168,4.36702394,0.00974603,-,20.3921566,-0.05792949,0.84736669,0.02733441,0.31001619,29.01960754,29.41176605,-,-,57.20000076,54.92314911,14.64881134,-,2027,-,-118.11023712,36.8325386,-76.11985779,11.37254906,58.71957779,58.40889359,-
Sat Dec 02 14:12:38 EST 2017,02-Dec-2017 14:12:38.231,-76.12014926,36.83255951,26.25,4.0,-35.900001525878906,276.3,9.0788126,-0.03830723,4.21379519,0.02517989,-,20.3921566,0.01923189,0.92156017,-0.00390492,0.32954079,29.01960754,29.41176605,-,-,57.20000076,54.93257141,14.64881134,-,2026,-,-117.7821579,36.83255768,-76.12014771,11.37254906,58.71957779,58.40889359,-
Sat Dec 02 14:12:39 EST 2017,02-Dec-2017 14:12:39.227,-76.12044098,36.83258597,26.25,3.0,-35.599998474121094,276.4,8.81066227,0,4.25210238,0.00246956,-,20.3921566,-0.02523603,0.88251102,0.05076391,0.31001619,29.01960754,29.01960754,-,-,57.20000076,54.93257141,14.64881134,-,2026,-,-116.79789734,36.83258438,-76.12043762,11.37254906,58.71957779,58.40889359,-
Sat Dec 02 14:12:40 EST 2017,02-Dec-2017 14:12:40.227,-76.12073458,36.83261301,26.25,3.0,-35.29999923706055,276.5,8.38928318,0.42137951,4.59686708,-0.0049116,-,20.7843132,0.03115382,0.92546505,-0.06638357,0.34906533,29.01960754,29.41176605,-,-,57.20000076,54.94194412,14.64881134,-,2023,-,-115.81364441,36.8326149,-76.12073517,11.76470566,58.71957779,58.40889359,-
Sat Dec 02 14:12:41 EST 2017,02-Dec-2017 14:12:41.227,-76.12102528,36.8326395,26.25,3.0,-35.29999923706055,276.3,9.00219822,0.34476504,4.94163227,0.00755417,-,20.7843132,0.02378774,0.93327487,0.04295408,0.317826,29.01960754,29.41176605,-,-,57.20000076,54.95126343,14.64881134,-,2020,-,-115.81364441,36.83263779,-76.12102509,11.76470566,58.71957779,58.40889359,-
Sat Dec 02 14:12:42 EST 2017,02-Dec-2017 14:12:42.236,-76.12131494,36.83266699,26.0,3.0,-35.70000076293945,276.3,9.04050541,0.5363012,4.175488,0.00119285,-,20.3921566,-0.00763566,0.90984541,-0.02733441,0.29439652,29.01960754,29.41176605,-,-,57.20000076,54.96053314,14.64881134,-,2020,-,-117.12598419,36.8326683,-76.121315,11.76470566,58.16034317,58.40889359,-
Sat Dec 02 14:12:43 EST 2017,02-Dec-2017 14:12:43.231,-76.12160061,36.83269162,26.0,3.0,-35.29999923706055,276.1,9.11711979,0.8810662,3.56257224,-0.01170284,-,20.3921566,0.04120431,0.92936999,0.00780983,0.36858991,29.01960754,29.41176605,-,-,57.20000076,54.96809387,14.64881134,-,2014,-,-115.81364441,36.83269119,-76.12159729,11.76470566,58.16034317,57.78752136,-
Sat Dec 02 14:12:44 EST 2017,02-Dec-2017 14:12:44.231,-76.12189696,36.83271568,26.0,4.0,-35.099998474121094,275.9,8.42759037,-0.42137951,3.86903,-0.03473639,-,20.3921566,0.01344417,0.90203559,0.01952458,0.36078009,29.01960754,29.41176605,-,-,57.20000076,54.96809387,14.64881134,-,2014,-,-115.15747833,36.83271408,-76.12189484,11.76470566,58.16034317,57.78752136,-
Sat Dec 02 14:12:45 EST 2017,02-Dec-2017 14:12:45.233,-76.12218651,36.83273405,26.0,3.0,-34.599998474121094,275.8,8.27436066,-0.07661445,4.36702394,0.00090129,-,20.3921566,-0.06265464,0.82003236,0.01952458,0.35297027,29.01960754,29.41176605,-,-,57.20000076,54.96809387,14.64881134,-,2014,-,-113.51705933,36.83273315,-76.12218475,11.76470566,58.16034317,57.78752136,-
Sat Dec 02 14:12:46 EST 2017,02-Dec-2017 14:12:46.227,-76.12247653,36.83275631,26.0,3.0,-34.79999923706055,276.0,9.30865574,-0.07661445,3.52426481,0.00312008,-,20.7843132,0.01653356,0.92156017,0.04685899,0.32563588,29.01960754,29.41176605,-,-,57.20000076,54.98308563,14.64881134,-,2007,-,-114.1732254,36.83275604,-76.12247467,11.76470566,58.16034317,57.78752136,-
Sat Dec 02 14:12:47 EST 2017,02-Dec-2017 14:12:47.226,-76.1227682,36.83277943,26.0,4.0,-34.70000076293945,276.0,8.58081913,0.07661445,4.36702394,-0.00310783,-,20.7843132,-0.02381257,0.89032084,0.03123933,0.29830143,29.41176605,29.41176605,-,-,57.20000076,54.99052429,14.64881134,-,2003,-,-113.84514618,36.83277893,-76.12276459,11.76470566,58.16034317,57.78752136,-
Sat Dec 02 14:12:48 EST 2017,02-Dec-2017 14:12:48.232,-76.12305581,36.83280448,26.0,3.0,-34.900001525878906,276.1,8.54251194,-0.15322891,3.48595762,0.00013018,-,20.3921566,0.00154757,0.88641596,0.02733441,0.364685,29.41176605,29.41176605,-,-,57.20000076,55.00528717,14.64881134,-,2004,-,-114.50131989,36.83280563,-76.1230545,11.76470566,58.16034317,57.78752136,-
Sat Dec 02 14:12:49 EST 2017,02-Dec-2017 14:12:49.227,-76.12334455,36.83282903,25.75,4.0,-35.099998474121094,276.2,8.92558384,0.22984336,4.175488,0.00456412,-,20.3921566,-0.02931451,0.85517663,0.03904916,0.35687518,29.41176605,29.41176605,-,-,57.20000076,55.01988983,14.64881134,-,2000,-,-115.15747833,36.83282852,-76.12334442,11.76470566,57.60110855,57.78752136,-
Sat Dec 02 14:12:50 EST 2017,02-Dec-2017 14:12:50.227,-76.12363184,36.83285516,25.75,4.0,-35.20000076293945,276.3,8.50420475,0.2681506,3.86903,0.00052033,-,20.7843132,-0.0485174,0.84736669,0.0741934,0.32563588,29.80392265,30.19607925,-,-,57.20000076,55.01988983,14.64881134,-,2000,-,-115.48556519,36.83285522,-76.12363434,11.76470566,57.60110855,57.78752136,-
Sat Dec 02 14:12:51 EST 2017,02-Dec-2017 14:12:51.229,-76.12392188,36.83288101,25.75,4.0,-34.400001525878906,276.3,7.58483076,1.34075296,4.09887314,0.01526909,-,20.7843132,-0.01443989,0.87079626,-0.00780983,0.36078009,29.80392265,30.19607925,-,-,57.20000076,55.0255127,14.64881134,-,1999,-,-112.86090088,36.83288193,-76.12392426,11.76470566,57.60110855,57.16614914,-
Sat Dec 02 14:12:52 EST 2017,02-Dec-2017 14:12:52.233,-76.12420996,36.83291113,25.75,4.0,-34.29999923706055,276.6,8.46589756,0.72783732,4.13718033,0.01757485,-,20.7843132,0.02042884,0.92156017,-0.00390492,0.33735061,29.80392265,30.19607925,-,-,59,55.0255127,14.64881134,-,1999,-,-112.5328064,36.83291245,-76.12420654,11.37254906,57.60110855,57.16614914,-
Sat Dec 02 14:12:53 EST 2017,02-Dec-2017 14:12:53.227,-76.12450233,36.83293485,26.25,5.0,-34.70000076293945,276.0,8.27436066,-0.42137951,4.32871675,0.00285934,-,20.7843132,-0.04617079,0.85127175,0,0.32954079,29.41176605,29.41176605,-,-,59,55.03110123,14.64881134,-,1990,-,-113.84514618,36.83293533,-76.12450409,11.37254906,58.71957779,57.16614914,-
Sat Dec 02 14:12:54 EST 2017,02-Dec-2017 14:12:54.227,-76.12478974,36.8329644,26.0,5.0,-35.0,276.8,9.00219822,-0.15322891,3.90733719,-0.0161695,-,20.7843132,-0.05829398,0.83565199,0.00390492,0.3334457,29.41176605,29.41176605,-,-,59,55.03665543,14.64881134,-,1990,-,-114.82939911,36.83296585,-76.12478638,11.76470566,58.16034317,57.16614914,-
Sat Dec 02 14:12:55 EST 2017,02-Dec-2017 14:12:55.227,-76.1250766,36.83299707,26.0,5.0,-35.0,276.9,9.46188545,0.65122288,4.32871675,0.01592021,-,20.3921566,-0.03628772,0.84346181,0.02733441,0.364685,29.41176605,29.41176605,-,-,59,55.04769516,14.64881134,-,1995,-,-114.82939911,36.83299637,-76.12507629,11.37254906,58.16034317,57.16614914,-
Sat Dec 02 14:12:56 EST 2017,02-Dec-2017 14:12:56.227,-76.12535908,36.83302098,25.75,4.0,-34.400001525878906,276.2,8.92558384,0.15322891,4.44363832,-0.00092543,-,20.7843132,-0.03187231,0.85908157,0.06247865,0.34125552,29.41176605,29.41176605,-,-,59,55.05861282,14.64881134,-,1989,-,-112.86090088,36.83301926,-76.12535858,11.76470566,57.60110855,57.16614914,-
Sat Dec 02 14:12:57 EST 2017,02-Dec-2017 14:12:57.228,-76.12564159,36.83303846,25.75,4.0,-34.5,276.0,8.42759037,-0.22984336,4.32871675,0.00132134,-,20.7843132,0.04142407,0.94108468,-0.00390492,0.34516042,29.41176605,29.41176605,-,-,59,55.06941986,14.64881134,-,1984,-,-113.1889801,36.83303833,-76.12564087,11.76470566,57.60110855,57.16614914,-
Sat Dec 02 14:12:58 EST 2017,02-Dec-2017 14:12:58.230,-76.1259328,36.83306628,25.75,4.0,-34.400001525878906,276.0,9.04050541,0.15322891,3.98395157,0.0027263,-,20.7843132,-0.06676594,0.83565199,0.06247865,0.31001619,29.41176605,29.41176605,-,-,59,55.08012009,14.64881134,-,1982,-,-112.86090088,36.83306503,-76.12593079,11.76470566,57.60110855,57.16614914,-
Sat Dec 02 14:12:59 EST 2017,02-Dec-2017 14:12:59.227,-76.12622014,36.83309607,25.75,3.0,-34.29999923706055,276.1,8.04451752,0.38307226,3.98395157,-0.01093232,-,20.7843132,-0.03351296,0.84346181,0.07809832,0.364685,29.41176605,29.41176605,-,-,59,55.09070587,14.64881134,-,1987,-,-112.5328064,36.83309555,-76.1262207,11.76470566,57.60110855,57.16614914,-
Sat Dec 02 14:13:00 EST 2017,02-Dec-2017 14:13:00.225,-76.12650787,36.83312131,25.75,3.0,-34.400001525878906,276.3,8.88727665,0.15322891,3.83072281,-0.00290271,-,20.7843132,-0.0531069,0.85127175,0,0.31392109,29.41176605,29.80392265,-,-,59,55.10118866,14.64881134,-,1983,-,-112.86090088,36.83312225,-76.12651062,11.76470566,57.60110855,57.16614914,-
Sat Dec 02 14:13:01 EST 2017,02-Dec-2017 14:13:01.228,-76.12679392,36.83314423,25.5,3.0,-34.20000076293945,276.4,8.88727665,0.34476504,4.44363832,0.00746317,-,20.7843132,-0.05204393,0.86689138,-0.00780983,0.28268176,29.41176605,29.80392265,-,-,59,55.11156464,14.64881134,-,1980,-,-112.20472717,36.83314514,-76.12679291,11.76470566,57.04187393,57.16614914,-
Sat Dec 02 14:13:02 EST 2017,02-Dec-2017 14:13:02.227,-76.12707715,36.83316313,25.5,4.0,-33.900001525878906,276.2,8.50420475,0.42137951,3.79241538,0.00874914,-,20.7843132,0.02743286,0.92546505,-0.01561966,0.34516042,29.41176605,29.41176605,-,-,59,55.11671448,14.64881134,-,1983,-,-111.22047424,36.83316422,-76.1270752,11.76470566,57.04187393,57.16614914,-
Sat Dec 02 14:13:03 EST 2017,02-Dec-2017 14:13:03.227,-76.12736545,36.83318489,25.5,4.0,-34.0,276.2,8.73404789,0.34476504,3.90733719,-0.01208605,-,20.3921566,-0.04902271,0.83565199,0.01561966,0.35297027,29.01960754,29.01960754,-,-,59,55.12693405,14.64881134,-,1975,-,-111.54855347,36.83318329,-76.12736511,11.76470566,57.04187393,57.16614914,-
Sat Dec 02 14:13:04 EST 2017,02-Dec-2017 14:13:04.228,-76.12764972,36.83320919,25.5,3.0,-34.099998474121094,276.2,8.15943909,0.22984336,4.09887314,-0.04990888,-,20.3921566,-0.01283104,0.8747012,0,0.35687518,28.62745094,29.01960754,-,-,59,55.13705444,14.64881134,-,1974,-,-111.87663269,36.83320999,-76.1276474,11.37254906,57.04187393,57.16614914,-
Sat Dec 02 14:13:05 EST 2017,02-Dec-2017 14:13:05.227,-76.12793534,36.83323436,25.5,4.0,-34.20000076293945,276.1,8.81066227,0.19153613,4.59686708,0.01060245,-,20.3921566,0.03066543,0.95279956,0.03514424,0.29049161,28.62745094,29.01960754,-,-,59,55.14400864,14.64881134,-,1969,-,-112.20472717,36.83323288,-76.12793732,11.37254906,57.04187393,56.54477692,-
Sat Dec 02 14:13:06 EST 2017,02-Dec-2017 14:13:06.226,-76.12821942,36.83325882,25.5,4.0,-34.20000076293945,276.1,8.50420475,0.11492168,4.13718033,-0.00882593,-,20.3921566,-0.06226403,0.81222248,0.08200324,0.36078009,28.62745094,29.01960754,-,-,59,55.15089417,14.64881134,-,1964,-,-112.20472717,36.83325958,-76.1282196,11.37254906,57.04187393,56.54477692,-
Sat Dec 02 14:13:06 EST 2017,02-Dec-2017 14:13:07.227,-76.12821942,36.83325882,25.5,4.0,-34.20000076293945,276.1,9.76834297,0.22984336,3.83072281,0.00308023,-,20,-0.05107069,0.84346181,0.0234295,0.3334457,28.62745094,29.01960754,-,-,59,55.15770721,14.64881134,-,1965,-,-112.20472717,36.83325958,-76.1282196,10.98039246,57.04187393,56.54477692,-
Sat Dec 02 14:13:08 EST 2017,02-Dec-2017 14:13:08.228,-76.1287883,36.83331077,25.25,4.0,-34.599998474121094,276.0,8.35097599,-0.45968673,4.21379519,0.00010052,-,20,0.02779661,0.93327487,-0.01171475,0.32954079,28.62745094,28.62745094,-,-,59,55.16445541,14.64881134,-,1957,-,-113.51705933,36.83330917,-76.12879181,10.98039246,56.48263931,56.54477692,-
Sat Dec 02 14:13:09 EST 2017,02-Dec-2017 14:13:09.231,-76.12906592,36.83333406,25.25,4.0,-34.79999923706055,276.1,8.73404789,0.15322891,3.79241538,0.01535445,-,21.56862831,0.01150758,0.92156017,0.04295408,0.31392109,28.62745094,29.01960754,-,-,59,55.16812897,14.64881134,-,1952,-,-114.1732254,36.83333588,-76.12906647,12.15686321,56.48263931,55.92340851,-
Sat Dec 02 14:13:10 EST 2017,02-Dec-2017 14:13:10.225,-76.12934923,36.83336152,25.25,4.0,-34.70000076293945,276.4,8.50420475,0.22984336,3.75410819,-0.00963052,-,21.96078491,-0.02263314,0.88641596,-0.02733441,0.31001619,31.37254906,31.37254906,-,-,59,55.17327118,14.64881134,-,1957,-,-113.84514618,36.83336258,-76.12934875,13.33333397,56.48263931,56.54477692,-
Sat Dec 02 14:13:11 EST 2017,02-Dec-2017 14:13:11.225,-76.12963142,36.83338523,25.25,4.0,-35.0,276.5,8.92558384,0.07661445,4.44363832,0.0123963,-,21.96078491,0.00973351,0.90203559,-0.00390492,0.35297027,31.37254906,31.37254906,-,-,59,55.17985153,14.64881134,-,1959,-,-114.82939911,36.83338547,-76.12963104,13.33333397,56.48263931,56.54477692,47.79643631
Sat Dec 02 14:13:12 EST 2017,02-Dec-2017 14:13:12.225,-76.12991682,36.83341102,25.5,4.0,-35.400001525878906,276.5,8.92558384,0.15322891,3.83072281,0.00983445,-,21.96078491,0.0431151,0.96841919,0.00780983,0.28658667,31.37254906,31.37254906,-,-,57.20000076,55.1831131,14.64881134,-,1968,-,-116.14173889,36.83341217,-76.12991333,13.33333397,57.04187393,56.54477692,47.79643631
Sat Dec 02 14:13:13 EST 2017,02-Dec-2017 14:13:13.229,-76.13019779,36.83344832,25.5,4.0,-36.400001525878906,276.2,9.15542698,0.03830723,3.33272886,0.00825722,-,21.96078491,-0.03423943,0.88251102,0.02733441,0.29049161,31.37254906,31.37254906,-,-,57.20000076,55.19429398,14.64881134,-,1972,-,-119.4225769,36.8334465,-76.13019562,13.33333397,57.04187393,57.16614914,47.79643631
Sat Dec 02 14:13:14 EST 2017,02-Dec-2017 14:13:14.228,-76.13048335,36.83347205,25.5,4.0,-36.20000076293945,276.1,8.54251194,0.61291564,4.175488,-0.01135097,-,22.35294151,0.00716125,0.90203559,0.04295408,0.34516042,31.37254906,31.37254906,-,-,57.20000076,55.19896317,14.64881134,-,1978,-,-118.7664032,36.83347321,-76.13048553,13.33333397,57.04187393,57.16614914,37.81403732
Sat Dec 02 14:13:15 EST 2017,02-Dec-2017 14:13:15.227,-76.13076543,36.83349608,25.5,4.0,-36.5,276.1,8.84896946,0.2681506,4.55855989,0.00002122,-,22.35294151,-0.03807057,0.89422578,-0.03904916,0.25144243,31.37254906,31.76470566,-,-,57.20000076,55.20824814,14.64881134,-,1985,-,-119.75065613,36.83349609,-76.13076782,13.72549057,57.04187393,57.16614914,37.81403732
Sat Dec 02 14:13:15 EST 2017,02-Dec-2017 14:13:16.231,-76.13076543,36.83349608,25.5,4.0,-36.5,276.1,8.88727665,-0.61291564,4.32871675,-0.00150864,-,22.35294151,-0.0338919,0.90203559,-0.03123933,0.24363261,31.37254906,31.76470566,-,-,57.20000076,55.21743774,14.64881134,-,1989,-,-119.75065613,36.83349609,-76.13076782,13.72549057,57.04187393,57.16614914,37.81403732
Sat Dec 02 14:13:17 EST 2017,02-Dec-2017 14:13:17.228,-76.13133324,36.83354932,25.75,4.0,-36.5,276.2,8.61912632,0.72783732,3.86903,-0.01162076,-,22.35294151,-0.05168188,0.89032084,0.03123933,0.22410804,31.37254906,31.76470566,-,-,57.20000076,55.22799683,14.64881134,-,1993,-,-119.75065613,36.8335495,-76.1313324,13.72549057,57.60110855,57.78752136,-
Sat Dec 02 14:13:18 EST 2017,02-Dec-2017 14:13:18.226,-76.13162138,36.83357324,25.75,4.0,-36.29999923706055,276.3,8.50420475,0.34476504,3.44765043,-0.00334593,-,22.35294151,-0.09184943,0.83955687,0.03514424,0.24363261,31.37254906,31.76470566,-,-,57.20000076,55.23989868,14.64881134,-,1999,-,-119.09448242,36.83357239,-76.13162231,13.72549057,57.60110855,57.78752136,38.95874023
Sat Dec 02 14:13:19 EST 2017,02-Dec-2017 14:13:19.227,-76.13191141,36.83359636,25.75,4.0,-36.5,276.3,8.65743351,0.19153613,3.715801,0.01643102,-,22.35294151,0.00191315,0.89422578,0.04295408,0.34906533,31.37254906,31.76470566,-,-,57.20000076,55.25169373,14.64881134,-,2003,-,-119.75065613,36.83359528,-76.13191223,13.72549057,57.60110855,57.78752136,38.95874023
Sat Dec 02 14:13:20 EST 2017,02-Dec-2017 14:13:20.226,-76.13219716,36.83362026,25.75,3.0,-36.599998474121094,276.2,8.92558384,-0.30645782,3.79241538,-0.01508216,-,22.35294151,-0.07158535,0.82003236,0.06638357,0.32954079,31.37254906,31.37254906,-,-,57.20000076,55.26338196,14.64881134,-,2008,-,-120.07873535,36.83362198,-76.13219452,13.72549057,57.60110855,57.78752136,38.95874023
Sat Dec 02 14:13:21 EST 2017,02-Dec-2017 14:13:21.227,-76.13248547,36.8336435,26.0,3.0,-36.400001525878906,276.2,8.73404789,0.42137951,4.13718033,0.0090774,-,22.35294151,0.01112283,0.90984541,0.05076391,0.33735061,31.37254906,31.37254906,-,-,57.20000076,55.27495575,14.64881134,-,2009,-,-119.4225769,36.83364487,-76.13248444,13.72549057,58.16034317,57.78752136,-
Sat Dec 02 14:13:22 EST 2017,02-Dec-2017 14:13:22.227,-76.13277557,36.83366692,26.0,3.0,-35.79999923706055,276.2,7.92959595,1.18752408,4.29040956,-0.00288624,-,21.96078491,-0.05966417,0.83174706,0.0234295,0.33735061,31.37254906,31.37254906,-,-,59,55.28643036,14.64881134,-,2014,-,-117.45406342,36.83366776,-76.13277435,13.33333397,58.16034317,57.78752136,-
Sat Dec 02 14:13:23 EST 2017,02-Dec-2017 14:13:23.227,-76.13306604,36.83369466,26.0,3.0,-35.599998474121094,276.2,8.84896946,0.57460839,4.06056595,0.02567486,-,22.35294151,0.01062471,0.92156017,-0.00780983,0.31392109,31.37254906,31.37254906,-,-,59,55.29779816,14.64881134,-,2017,-,-116.79789734,36.83369446,-76.13306427,13.33333397,58.16034317,57.78752136,-
Sat Dec 02 14:13:24 EST 2017,02-Dec-2017 14:13:24.227,-76.13335803,36.83371939,26.0,3.0,-34.900001525878906,276.2,9.11711979,0.45968673,4.29040956,0.03108346,-,22.35294151,0.07768617,0.99575359,-0.03123933,0.31001619,31.37254906,31.37254906,-,-,59,55.30906677,14.64881134,-,2016,-,-114.50131989,36.83372116,-76.13336182,13.72549057,58.16034317,57.78752136,-
Sat Dec 02 14:13:24 EST 2017,02-Dec-2017 14:13:25.226,-76.13335803,36.83371939,26.0,3.0,-34.900001525878906,276.2,9.0788126,0.07661445,4.02225876,0.03125483,-,21.96078491,-0.01726173,0.88641596,0.03904916,0.32173091,31.37254906,31.37254906,-,-,59,55.32023239,14.64881134,-,2012,-,-114.50131989,36.83372116,-76.13336182,13.33333397,58.16034317,57.78752136,-
Sat Dec 02 14:13:26 EST 2017,02-Dec-2017 14:13:26.237,-76.13393786,36.83376965,26.0,4.0,-35.20000076293945,276.4,8.92558384,-0.15322891,4.29040956,0.04326868,-,22.35294151,0.00676728,0.90984541,0.06247865,0.32563588,31.37254906,31.76470566,-,-,59,55.33129501,14.64881134,-,2006,-,-115.48556519,36.83377075,-76.13394165,13.72549057,58.16034317,57.78752136,-
Sat Dec 02 14:13:27 EST 2017,02-Dec-2017 14:13:27.227,-76.13422599,36.83379504,26.0,4.0,-35.099998474121094,276.3,8.61912632,0.9576807,4.40533113,0.00508013,-,22.35294151,-0.01061543,0.89813066,-0.01561966,0.31392109,31.37254906,31.76470566,-,-,59,55.3408699,14.64881134,-,1997,-,-115.15747833,36.83379364,-76.13422394,13.72549057,58.16034317,57.16614914,-
Sat Dec 02 14:13:28 EST 2017,02-Dec-2017 14:13:28.226,-76.1345095,36.83381746,25.75,3.0,-34.29999923706055,276.2,8.04451752,0.84275901,4.59686708,0.01790705,-,22.35294151,0.08273612,1.01137328,-0.04685899,0.28268176,31.37254906,31.76470566,-,-,59,55.34898376,14.64881134,-,1982,-,-112.5328064,36.83381653,-76.13450623,13.72549057,57.60110855,57.16614914,-
Sat Dec 02 14:13:29 EST 2017,02-Dec-2017 14:13:29.228,-76.13479369,36.83384114,25.5,3.0,-33.70000076293945,276.2,8.35097599,-0.07661445,4.02225876,-0.03609908,-,22.35294151,-0.00409774,0.89813066,0,0.32954079,31.37254906,31.37254906,-,-,59,55.35427475,14.64881134,-,1963,-,-110.56430817,36.83383942,-76.13479614,13.72549057,57.04187393,56.54477692,-
Sat Dec 02 14:13:29 EST 2017,02-Dec-2017 14:13:30.228,-76.13479369,36.83384114,25.5,3.0,-33.70000076293945,276.2,8.27436066,0.76614451,3.86903,-0.01706945,-,22.35294151,-0.04385401,0.85517663,0.06638357,0.29439652,31.37254906,31.76470566,-,-,59,55.35815048,14.64881134,-,1952,-,-110.56430817,36.83383942,-76.13479614,13.72549057,57.04187393,55.92340851,-
Sat Dec 02 14:13:31 EST 2017,02-Dec-2017 14:13:31.227,-76.13535526,36.83389322,25.25,3.0,-32.400001525878906,276.5,8.42759037,0.07661445,4.25210238,-0.00628834,-,23.92156982,-0.01967912,0.88641596,0.00780983,0.317826,33.72549057,34.11764908,-,-,59,55.35939407,14.64881134,-,1965,-,-106.29921722,36.83389282,-76.13535309,14.90196133,56.48263931,55.92340851,-
Sat Dec 02 14:13:32 EST 2017,02-Dec-2017 14:13:32.225,-76.13563672,36.83391988,25.25,3.0,-32.099998474121094,276.4,8.38928318,0.68953007,3.83072281,-0.01226015,-,24.70588303,-0.08302081,0.82393724,0.10933765,0.28658667,34.11764908,34.11764908,-,-,59,55.36444092,14.64881134,-,1962,-,-105.31495667,36.83391953,-76.13563538,16.47058868,56.48263931,56.54477692,-
Sat Dec 02 14:13:33 EST 2017,02-Dec-2017 14:13:33.228,-76.13591942,36.83394505,25.25,3.0,-31.700000762939453,276.2,8.1211319,0,3.83072281,-0.06568241,-,24.70588303,-0.00218439,0.91765523,0.01952458,0.29049161,34.11764908,34.11764908,-,-,57.20000076,55.36566162,14.64881134,-,1972,-,-104.00262451,36.83394623,-76.13591766,16.07843208,56.48263931,55.92340851,-
Sat Dec 02 14:13:33 EST 2017,02-Dec-2017 14:13:34.227,-76.13591942,36.83394505,25.25,3.0,-31.700000762939453,276.2,8.27436066,0,3.79241538,-0.01737752,-,24.31372643,-0.0603296,0.86298645,-0.00390492,0.27096704,34.11764908,34.11764908,-,-,57.20000076,55.36943054,14.64881134,-,1967,-,-104.00262451,36.83394623,-76.13591766,16.07843208,56.48263931,56.54477692,-
Sat Dec 02 14:13:35 EST 2017,02-Dec-2017 14:13:35.228,-76.13647857,36.83398681,25.25,3.0,-30.399999618530273,276.1,9.76834297,0.42137951,3.60087943,0.03969846,-,24.70588303,-0.03404195,0.87860614,0.04295408,0.29830143,35.29411697,35.29411697,-,-,57.20000076,55.3745079,14.64881134,-,1990,-,-99.73753357,36.83398819,-76.13648224,16.47058868,56.48263931,56.54477692,38.41161346
Sat Dec 02 14:13:36 EST 2017,02-Dec-2017 14:13:36.228,-76.13676525,36.83400669,25.25,3.0,-29.700000762939453,276.0,8.65743351,0.15322891,4.09887314,-0.04311763,-,26.27450943,-0.11241266,0.80441266,0.05076391,0.27096704,36.47058868,36.47058868,-,-,57.20000076,55.38087845,14.64881134,-,1993,-,-97.44094849,36.83400726,-76.13676453,18.03921509,56.48263931,57.16614914,38.41161346
Sat Dec 02 14:13:37 EST 2017,02-Dec-2017 14:13:37.228,-76.1370497,36.83402872,25.5,3.0,-29.299999237060547,275.6,9.23204136,-0.15322891,3.33272886,0.01147383,-,25.88235283,-0.0583021,0.84346181,0.05857374,0.31392109,36.07843018,36.07843018,-,-,57.20000076,55.38985443,14.64881134,-,2020,-,-96.1286087,36.83403015,-76.13704681,17.64705849,57.04187393,57.78752136,51.98311615
Sat Dec 02 14:13:38 EST 2017,02-Dec-2017 14:13:38.227,-76.13733808,36.83404773,25.75,4.0,-28.899999618530273,275.8,9.30865574,-0.11492168,3.06457806,-0.00951506,-,24.31372643,0.01688629,0.96060938,-0.05466883,0.22801295,35.68627548,35.68627548,-,-,57.20000076,55.40140152,14.64881134,-,2045,-,-94.81626892,36.83404922,-76.13733673,16.07843208,57.60110855,58.40889359,46.92295837
Sat Dec 02 14:13:38 EST 2017,02-Dec-2017 14:13:39.230,-76.13733808,36.83404773,25.75,4.0,-28.899999618530273,275.8,9.30865574,0.19153613,4.36702394,0.02457263,-,22.74509811,-0.0586505,0.81222248,0.05076391,0.37249482,32.15686417,32.15686417,-,-,57.20000076,55.4154892,14.64881134,-,2065,-,-94.81626892,36.83404922,-76.13733673,14.50980377,57.60110855,58.40889359,105.88176727
Sat Dec 02 14:13:40 EST 2017,02-Dec-2017 14:13:40.227,-76.13792605,36.83409676,26.25,3.0,-29.0,276.0,8.81066227,-0.68953007,4.40533113,-0.01854855,-,22.35294151,0.01008859,0.91375035,-0.01171475,0.32954079,31.37254906,31.76470566,-,-,57.20000076,55.4307785,14.64881134,-,2069,-,-95.14435577,36.834095,-76.13792419,13.33333397,58.71957779,59.03026199,105.88176727
Sat Dec 02 14:13:41 EST 2017,02-Dec-2017 14:13:41.229,-76.13822217,36.83412159,26.5,3.0,-29.200000762939453,276.0,8.35097599,-0.15322891,4.06056595,-0.08734071,-,21.17647171,-0.0314154,0.87079626,0.10543273,0.31001619,30.19607925,30.58823586,-,-,57.20000076,55.43836975,14.64881134,-,2050,-,-95.80052948,36.8341217,-76.13822174,12.15686321,59.27880859,59.03026199,105.88176727
Sat Dec 02 14:13:42 EST 2017,02-Dec-2017 14:13:42.233,-76.13851485,36.83414746,26.5,3.0,-29.399999618530273,276.3,8.27436066,0.72783732,4.02225876,0.00437219,-,20,-0.05890992,0.84346181,0.0741934,0.31001619,28.62745094,29.01960754,-,-,57.20000076,55.4609642,14.64881134,-,2045,-,-96.45669556,36.83414841,-76.13851166,10.98039246,59.27880859,59.03026199,-
Sat Dec 02 14:13:43 EST 2017,02-Dec-2017 14:13:43.229,-76.13880672,36.83417317,26.5,3.0,-29.399999618530273,276.4,7.89128876,0.8810662,3.75410819,0.01901649,-,20.3921566,0.04714468,0.95279956,0.05857374,0.28268176,28.62745094,28.62745094,-,-,57.20000076,55.46842957,14.64881134,-,2047,-,-96.45669556,36.8341713,-76.1388092,10.98039246,59.27880859,59.03026199,-
Sat Dec 02 14:13:44 EST 2017,02-Dec-2017 14:13:44.227,-76.13909991,36.83420106,26.5,3.0,-29.799999237060547,276.3,7.35498762,0.03830723,5.28639746,-0.03979506,-,18.03921509,-0.07636391,0.74974388,0.00390492,0.43887842,26.27450943,26.27450943,-,-,57.20000076,55.48326874,14.64881134,-,2041,-,-97.76902771,36.83420181,-76.13909912,8.62745094,59.27880859,59.03026199,-
Sat Dec 02 14:13:45 EST 2017,02-Dec-2017 14:13:45.228,-76.13939603,36.83422647,26.5,4.0,-30.0,276.0,8.77235508,0.22984336,4.78840351,0.00960034,-,18.03921509,-0.02059009,0.89813066,0.0741934,0.28268176,25.88235283,26.27450943,-,-,57.20000076,55.49798584,14.64881134,-,2048,-,-98.42519379,36.8342247,-76.13939667,8.62745094,59.27880859,59.03026199,-
Sat Dec 02 14:13:46 EST 2017,02-Dec-2017 14:13:46.227,-76.13969484,36.83425201,26.5,4.0,-30.5,275.9,8.77235508,0.34476504,4.25210238,0.01335907,-,18.03921509,0.0172313,0.90203559,0.08981306,0.36078009,25.88235283,26.27450943,-,-,57.20000076,55.51258469,14.64881134,-,2049,-,-100.06562042,36.8342514,-76.13969421,8.62745094,59.27880859,59.03026199,-
Sat Dec 02 14:13:47 EST 2017,02-Dec-2017 14:13:47.226,-76.13999137,36.83427661,26.5,4.0,-31.200000762939453,275.8,8.65743351,-0.38307226,3.75410819,-0.01925324,-,18.03921509,-0.06713387,0.80441266,0.05466883,0.36858991,25.88235283,25.88235283,-,-,57.20000076,55.51983643,14.64881134,-,2050,-,-102.36220551,36.83427811,-76.13999176,8.62745094,59.27880859,59.03026199,-
Sat Dec 02 14:13:47 EST 2017,02-Dec-2017 14:13:48.228,-76.13999137,36.83427661,26.5,4.0,-31.200000762939453,275.8,9.6534214,0.22984336,4.97993946,0.04012714,-,16.86274529,0.04250043,0.9371798,-0.05076391,0.35297027,25.88235283,26.27450943,-,-,57.20000076,55.53425217,14.64881134,-,2050,-,-102.36220551,36.83427811,-76.13999176,7.45098066,59.27880859,59.03026199,-
Sat Dec 02 14:13:49 EST 2017,02-Dec-2017 14:13:49.227,-76.14058424,36.83432741,26.5,4.0,-32.400001525878906,276.1,8.23605347,0.15322891,5.09486103,-0.00034452,-,18.03921509,0.02817518,0.90594047,-0.03514424,0.3842096,26.27450943,26.27450943,-,-,57.20000076,55.54855347,14.64881134,-,2062,-,-106.29921722,36.8343277,-76.14058685,9.01960754,59.27880859,59.03026199,-
Sat Dec 02 14:13:50 EST 2017,02-Dec-2017 14:13:50.227,-76.14088517,36.83435107,26.5,4.0,-33.20000076293945,276.1,9.11711979,0.11492168,4.59686708,0.05988532,-,19.6078434,0.00322966,0.88251102,0,0.37639979,27.84313774,27.45098114,-,-,57.20000076,55.56399536,14.64881134,-,2075,-,-108.92388916,36.83435059,-76.1408844,10.58823586,59.27880859,59.03026199,-
Sat Dec 02 14:13:51 EST 2017,02-Dec-2017 14:13:51.227,-76.14118528,36.83437621,26.5,3.0,-33.29999923706055,276.3,8.15943909,0.99598789,4.36702394,0.02057632,-,20,0.03365167,0.95279956,-0.03514424,0.29830143,28.62745094,28.62745094,-,-,57.20000076,55.58058167,14.64881134,-,2066,-,-109.25196838,36.83437729,-76.14118195,10.98039246,59.27880859,59.65163422,44.98948288
Sat Dec 02 14:13:52 EST 2017,02-Dec-2017 14:13:52.225,-76.14147994,36.83440539,26.75,3.0,-33.70000076293945,276.4,8.65743351,-0.45968673,4.48194551,0.03925115,-,20,0.01863287,0.90594047,-0.01561966,0.364685,28.62745094,28.62745094,-,-,57.20000076,55.58882523,14.64881134,-,2057,-,-110.56430817,36.83440399,-76.14147949,10.98039246,59.83804321,59.65163422,44.98948288
Sat Dec 02 14:13:53 EST 2017,02-Dec-2017 14:13:53.229,-76.14177613,36.83442977,26.75,3.0,-33.79999923706055,276.2,8.65743351,0.45968673,4.25210238,0.00032008,-,20.7843132,0.00475707,0.90594047,-0.01561966,0.3334457,29.41176605,29.41176605,-,-,59,55.6039505,14.64881134,-,2056,-,-110.89238739,36.83443069,-76.14177704,11.76470566,59.83804321,59.03026199,44.98948288
Sat Dec 02 14:13:54 EST 2017,02-Dec-2017 14:13:54.226,-76.14207069,36.83445601,26.5,3.0,-33.900001525878906,276.1,8.84896946,-0.30645782,4.36702394,0.02776912,-,20.7843132,0.04755256,0.92936999,0.04685899,0.38030469,29.80392265,29.80392265,-,-,59,55.61771393,14.64881134,-,2049,-,-111.22047424,36.8344574,-76.14206696,11.76470566,59.27880859,59.03026199,44.98948288
Sat Dec 02 14:13:55 EST 2017,02-Dec-2017 14:13:55.229,-76.14236525,36.83448134,26.5,3.0,-33.5,276.3,8.6957407,0.11492168,3.86903,-0.00080413,-,20.7843132,-0.05454228,0.83955687,0.0234295,0.3334457,29.80392265,29.80392265,-,-,59,55.63136292,14.64881134,-,2048,-,-109.90813446,36.83448029,-76.1423645,11.76470566,59.27880859,59.03026199,-
Sat Dec 02 14:13:56 EST 2017,02-Dec-2017 14:13:56.227,-76.14265841,36.83450699,26.5,3.0,-33.5,276.2,8.27436066,0.61291564,3.52426481,-0.00208953,-,20.7843132,-0.05658598,0.85127175,0.05466883,0.30220634,29.80392265,30.19607925,-,-,59,55.63814545,14.64881134,-,2058,-,-109.90813446,36.83450699,-76.14266205,11.76470566,59.27880859,59.03026199,-
Sat Dec 02 14:13:56 EST 2017,02-Dec-2017 14:13:57.226,-76.14265841,36.83450699,26.5,3.0,-33.5,276.2,9.00219822,0.30645782,4.36702394,-0.00509771,-,21.17647171,0.00138759,0.89813066,0.02733441,0.34125552,30.19607925,30.19607925,-,-,59,55.65163422,14.64881134,-,2043,-,-109.90813446,36.83450699,-76.14266205,12.54901981,59.27880859,59.03026199,-
Sat Dec 02 14:13:58 EST 2017,02-Dec-2017 14:13:58.227,-76.14324156,36.83455807,26.5,3.0,-32.70000076293945,276.0,8.38928318,0.5363012,4.06056595,-0.00465709,-,21.17647171,-0.00712069,0.88641596,0.03514424,0.34516042,30.19607925,30.19607925,-,-,59,55.66501617,14.64881134,-,2038,-,-107.28347015,36.83455658,-76.14324188,12.54901981,59.27880859,59.03026199,-
Sat Dec 02 14:13:59 EST 2017,02-Dec-2017 14:13:59.227,-76.14353777,36.83458382,26.25,3.0,-32.400001525878906,276.2,8.88727665,0.61291564,4.175488,0.00806969,-,21.56862831,0.05444147,0.9488945,-0.0741934,0.35297027,30.19607925,30.19607925,-,-,59,55.67166901,14.64881134,-,2040,-,-106.29921722,36.83458328,-76.14353943,12.54901981,58.71957779,59.03026199,-
Sat Dec 02 14:14:00 EST 2017,02-Dec-2017 14:14:00.226,-76.14383448,36.83461024,26.5,3.0,-32.0,276.2,8.6957407,0.22984336,4.175488,0.01037519,-,21.56862831,-0.02275803,0.87860614,-0.03514424,0.32563588,30.19607925,30.58823586,-,-,59,55.68489075,14.64881134,-,2041,-,-104.98687744,36.83460999,-76.14383698,12.54901981,59.27880859,59.03026199,-
Sat Dec 02 14:14:01 EST 2017,02-Dec-2017 14:14:01.228,-76.1441283,36.83463468,26.5,3.0,-31.799999237060547,276.2,8.73404789,0.65122288,4.29040956,0.00146182,-,21.56862831,0.02132565,0.92156017,0.04295408,0.33735061,30.19607925,30.58823586,-,-,59,55.69800568,14.64881134,-,2044,-,-104.33070374,36.83463287,-76.14412689,12.54901981,59.27880859,59.03026199,-
Sat Dec 02 14:14:02 EST 2017,02-Dec-2017 14:14:02.227,-76.14442224,36.83466103,26.5,3.0,-31.799999237060547,276.2,9.0788126,0.45968673,4.55855989,0.0161911,-,21.56862831,0.0028189,0.89422578,-0.01171475,0.35297027,30.19607925,30.58823586,-,-,59,55.70452881,14.64881134,-,2041,-,-104.33070374,36.83465958,-76.14442444,12.54901981,59.27880859,59.03026199,-
Sat Dec 02 14:14:03 EST 2017,02-Dec-2017 14:14:03.226,-76.14471433,36.8346841,26.5,3.0,-31.799999237060547,276.2,9.42357826,-0.38307226,4.44363832,-0.0183932,-,21.56862831,-0.07810844,0.82393724,0.0741934,0.30611128,30.19607925,30.58823586,-,-,59,55.71749496,14.64881134,-,2047,-,-104.33070374,36.83468246,-76.14471436,12.54901981,59.27880859,59.03026199,-
Sat Dec 02 14:14:04 EST 2017,02-Dec-2017 14:14:04.228,-76.14500955,36.83470939,26.5,3.0,-31.899999618530273,276.2,9.11711979,0.42137951,3.67749381,0.01869497,-,21.56862831,-0.04077102,0.88251102,0.09371798,0.26315722,30.58823586,30.58823586,-,-,59,55.73036194,14.64881134,-,2047,-,-104.65879059,36.83470917,-76.1450119,12.54901981,59.27880859,59.03026199,-
Sat Dec 02 14:14:05 EST 2017,02-Dec-2017 14:14:05.227,-76.1453043,36.83473675,26.5,3.0,-32.099998474121094,276.0,9.04050541,-0.22984336,3.79241538,-0.01378125,-,21.56862831,-0.02386728,0.89422578,0.00780983,0.29049161,30.19607925,30.58823586,-,-,59,55.73675537,14.64881134,-,2047,-,-105.31495667,36.83473587,-76.14530182,12.94117641,59.27880859,59.03026199,-
Sat Dec 02 14:14:06 EST 2017,02-Dec-2017 14:14:06.226,-76.14560091,36.83476273,26.5,3.0,-32.0,276.0,8.81066227,-0.15322891,3.86903,0.00297199,-,21.56862831,0.05358009,0.9488945,0.01171475,0.35687518,30.19607925,30.58823586,-,-,59,55.74946976,14.64881134,-,2049,-,-104.98687744,36.83476257,-76.14559937,12.94117641,59.27880859,59.03026199,-
Sat Dec 02 14:14:07 EST 2017,02-Dec-2017 14:14:07.228,-76.14589683,36.83478601,26.5,3.0,-32.0,275.9,9.6534214,-0.49799395,4.71178913,0.11517602,-,21.56862831,0.11640187,0.99965847,0.01561966,0.39592433,30.19607925,30.19607925,-,-,59,55.76209259,14.64881134,-,2052,-,-104.98687744,36.83478546,-76.14589691,12.54901981,59.27880859,59.03026199,-
Sat Dec 02 14:14:08 EST 2017,02-Dec-2017 14:14:08.225,-76.14619217,36.83481497,26.5,3.0,-32.20000076293945,276.0,8.35097599,0.57460839,5.05655384,-0.00181403,-,21.56862831,-0.06063012,0.87079626,-0.00390492,0.25144243,30.19607925,30.58823586,-,-,59,55.76836395,14.64881134,-,2047,-,-105.64304352,36.83481598,-76.14619446,12.94117641,59.27880859,59.03026199,-
Sat Dec 02 14:14:09 EST 2017,02-Dec-2017 14:14:09.228,-76.14648638,36.83484361,26.5,3.0,-32.0,276.4,8.27436066,0.65122288,4.48194551,0.01749811,-,21.56862831,-0.03959459,0.89032084,-0.00390492,0.25925228,30.19607925,30.58823586,-,-,59,55.7808342,14.64881134,-,2047,-,-104.98687744,36.83484268,-76.14648438,12.94117641,59.27880859,59.03026199,-
Sat Dec 02 14:14:10 EST 2017,02-Dec-2017 14:14:10.227,-76.14677921,36.83486966,26.5,3.0,-31.700000762939453,276.4,8.65743351,0.84275901,3.75410819,-0.01993848,-,21.56862831,-0.01622197,0.87079626,0.01171475,0.35687518,30.19607925,30.58823586,-,-,59,55.7870369,14.64881134,-,2047,-,-104.00262451,36.83486938,-76.14678192,12.54901981,59.27880859,59.03026199,-
Sat Dec 02 14:14:10 EST 2017,02-Dec-2017 14:14:11.229,-76.14677921,36.83486966,26.5,3.0,-31.700000762939453,276.4,9.38527107,-0.38307226,4.175488,0.06684262,-,21.56862831,-0.04776387,0.85908157,0,0.31001619,30.19607925,30.58823586,-,-,59,55.799366,14.64881134,-,2053,-,-104.00262451,36.83486938,-76.14678192,12.54901981,59.27880859,59.03026199,-
Sat Dec 02 14:14:12 EST 2017,02-Dec-2017 14:14:12.227,-76.14737024,36.83492331,26.5,3.0,-32.29999923706055,276.2,8.08282471,-0.2681506,3.67749381,-0.00668661,-,21.56862831,-0.0799558,0.80050778,0.05857374,0.34906533,30.19607925,30.58823586,-,-,59,55.81160736,14.64881134,-,2050,-,-105.97112274,36.83492279,-76.14736938,12.94117641,59.27880859,59.03026199,-
Sat Dec 02 14:14:13 EST 2017,02-Dec-2017 14:14:13.225,-76.14766637,36.83495251,26.5,3.0,-32.400001525878906,276.3,8.50420475,0.19153613,4.8267107,0.00234638,-,21.96078491,0.00025937,0.91765523,-0.04685899,0.29439652,30.19607925,30.58823586,-,-,59,55.8176918,14.64881134,-,2048,-,-106.29921722,36.83495331,-76.14766693,13.33333397,59.27880859,59.03026199,-
Sat Dec 02 14:14:14 EST 2017,02-Dec-2017 14:14:14.226,-76.14795984,36.83497531,26.5,3.0,-32.400001525878906,276.2,8.88727665,0.72783732,4.44363832,0.00458631,-,21.96078491,-0.03676279,0.90203559,0.02733441,0.23582277,30.58823586,30.58823586,-,-,59,55.82979202,14.64881134,-,2051,-,-106.29921722,36.8349762,-76.14795685,13.33333397,59.27880859,59.03026199,-
Sat Dec 02 14:14:15 EST 2017,02-Dec-2017 14:14:15.225,-76.14825582,36.835000289999996,26.5,3.0,-32.29999923706055,276.1,7.96790314,0.45968673,4.175488,-0.02490056,-,21.96078491,-0.04143931,0.86689138,0.08981306,0.29830143,30.58823586,30.58823586,-,-,59,55.8358078,14.64881134,-,2045,-,-105.97112274,36.83499908,-76.14825439,13.33333397,59.27880859,59.03026199,-
Sat Dec 02 14:14:16 EST 2017,02-Dec-2017 14:14:16.227,-76.14855219,36.83502514,26.5,3.0,-32.29999923706055,276.3,8.92558384,0.61291564,4.09887314,-0.00914736,-,21.96078491,-0.0191578,0.87860614,0.07028849,0.32954079,30.58823586,30.58823586,-,-,59,55.84180069,14.64881134,-,2049,-,-105.97112274,36.83502579,-76.14855194,13.33333397,59.27880859,59.03026199,-
Sat Dec 02 14:14:17 EST 2017,02-Dec-2017 14:14:17.228,-76.14884815,36.83505242,26.5,3.0,-32.099998474121094,276.1,8.42759037,0.19153613,3.83072281,0.00261314,-,21.96078491,-0.00730512,0.90203559,0.05466883,0.31001619,30.58823586,30.58823586,-,-,59,55.84777451,14.64881134,-,2043,-,-105.31495667,36.83505249,-76.14884949,13.33333397,59.27880859,59.03026199,-
Sat Dec 02 14:14:18 EST 2017,02-Dec-2017 14:14:18.228,-76.14914045,36.83507776,26.25,3.0,-31.899999618530273,275.9,8.96389103,-0.22984336,4.175488,0.01680917,-,21.96078491,0.01864785,0.91765523,0.01171475,0.34125552,30.58823586,30.58823586,-,-,59,55.85964584,14.64881134,-,2046,-,-104.65879059,36.83507919,-76.1491394,13.33333397,58.71957779,59.03026199,-
Sat Dec 02 14:14:19 EST 2017,02-Dec-2017 14:14:19.228,-76.1494319,36.8351025,26.5,3.0,-31.700000762939453,275.9,8.19774628,-0.30645782,4.71178913,0.00568587,-,21.96078491,-0.02561174,0.86689138,-0.05076391,0.34125552,30.58823586,30.98039246,-,-,59,55.87143326,14.64881134,-,2046,-,-104.00262451,36.83510208,-76.14942932,13.33333397,59.27880859,59.03026199,-
Sat Dec 02 14:14:19 EST 2017,02-Dec-2017 14:14:20.228,-76.1494319,36.8351025,26.5,3.0,-31.700000762939453,275.9,8.42759037,-0.07661445,4.25210238,-0.01873326,-,21.96078491,-0.05882064,0.85908157,-0.02733441,0.28268176,30.58823586,30.98039246,-,-,59,55.87729645,14.64881134,-,2047,-,-104.00262451,36.83510208,-76.14942932,13.33333397,59.27880859,59.03026199,-
Sat Dec 02 14:14:21 EST 2017,02-Dec-2017 14:14:21.227,-76.15002019,36.83515772,26.5,3.0,-31.899999618530273,276.3,8.84896946,0.5363012,4.06056595,0.00434165,-,21.96078491,-0.00319419,0.91765523,0.06638357,0.28268176,30.58823586,30.58823586,-,-,59,55.88895035,14.64881134,-,2052,-,-104.65879059,36.8351593,-76.15001678,13.33333397,59.27880859,59.03026199,-
Sat Dec 02 14:14:22 EST 2017,02-Dec-2017 14:14:22.228,-76.1503137,36.83518463,26.5,3.0,-31.600000381469727,276.4,8.54251194,0.8810662,3.94564438,-0.0128331,-,21.96078491,-0.03136814,0.89032084,0.06638357,0.27487195,30.58823586,30.58823586,-,-,59,55.90052032,14.64881134,-,2053,-,-103.67454529,36.835186,-76.15031433,13.33333397,59.27880859,59.03026199,-
Sat Dec 02 14:14:23 EST 2017,02-Dec-2017 14:14:23.228,-76.1506095,36.8352126,26.5,3.0,-31.5,276.5,7.69975281,-0.45968673,4.13718033,0.00157095,-,21.96078491,-0.10996626,0.76926845,0.13667206,0.32563588,30.58823586,30.58823586,-,-,59,55.90627289,14.64881134,-,2054,-,-103.34645844,36.83521271,-76.15061188,12.94117641,59.27880859,59.03026199,-
Sat Dec 02 14:14:24 EST 2017,02-Dec-2017 14:14:24.228,-76.15090145,36.83524117,26.5,4.0,-31.600000381469727,277.1,8.46589756,0.65122288,3.79241538,-0.03305399,-,21.96078491,-0.04960849,0.87860614,0.06638357,0.25534737,30.58823586,30.58823586,-,-,59,55.91771698,14.64881134,-,2049,-,-103.67454529,36.83523941,-76.15090179,13.33333397,59.27880859,59.03026199,-
Sat Dec 02 14:14:24 EST 2017,02-Dec-2017 14:14:25.225,-76.15090145,36.83524117,26.5,4.0,-31.600000381469727,277.1,9.11711979,0.49799395,4.175488,0.0051749,-,21.96078491,-0.08010508,0.82003236,0.04295408,0.31392109,30.58823586,30.58823586,-,-,59,55.92340851,14.64881134,-,2051,-,-103.67454529,36.83523941,-76.15090179,13.33333397,59.27880859,59.03026199,-
Sat Dec 02 14:14:26 EST 2017,02-Dec-2017 14:14:26.228,-76.15148604,36.83531532,26.5,4.0,-31.899999618530273,279.1,8.61912632,1.18752408,3.79241538,0.0200392,-,21.96078491,0.01430956,0.91765523,0.03904916,0.32954079,30.58823586,30.58823586,-,-,59,55.9347229,14.64881134,-,2054,-,-104.65879059,36.8353157,-76.15148926,12.94117641,59.27880859,59.03026199,-
Sat Dec 02 14:14:27 EST 2017,02-Dec-2017 14:14:27.229,-76.15177674,36.83536431,26.5,4.0,-32.0,280.5,8.38928318,0.61291564,3.90733719,-0.00991406,-,21.96078491,-0.05921793,0.85908157,0,0.28268176,30.58823586,30.58823586,-,-,59,55.94035339,14.64881134,-,2061,-,-104.98687744,36.8353653,-76.15177917,13.33333397,59.27880859,59.03026199,-
Sat Dec 02 14:14:28 EST 2017,02-Dec-2017 14:14:28.226,-76.15206834,36.83541898,26.5,4.0,-32.099998474121094,281.8,8.46589756,0.68953007,3.94564438,-0.02629793,-,21.96078491,-0.0074896,0.91375035,0.00390492,0.28658667,30.58823586,30.58823586,-,-,59,55.95154953,14.64881134,-,2056,-,-105.31495667,36.8354187,-76.15206909,13.33333397,59.27880859,59.03026199,-
Sat Dec 02 14:14:29 EST 2017,02-Dec-2017 14:14:29.227,-76.15235881,36.83547348,26.5,4.0,-31.899999618530273,283.3,9.00219822,0.19153613,4.09887314,-0.0177933,-,21.96078491,-0.03006933,0.86689138,0.02733441,0.3334457,30.58823586,30.98039246,-,-,59,55.96266556,14.64881134,-,2057,-,-104.65879059,36.83547211,-76.15235901,13.33333397,59.27880859,59.03026199,-
Sat Dec 02 14:14:30 EST 2017,02-Dec-2017 14:14:30.227,-76.15264832,36.83553781,26.5,4.0,-32.099998474121094,284.8,7.89128876,0.9576807,3.86903,-0.01300352,-,22.35294151,0.02336295,0.92156017,0.05076391,0.34125552,30.58823586,30.98039246,-,-,59,55.96931076,14.64881134,-,2063,-,-105.31495667,36.83553696,-76.15264893,13.33333397,59.27880859,59.65163422,-
Sat Dec 02 14:14:31 EST 2017,02-Dec-2017 14:14:31.224,-76.15293533,36.83560334,26.75,4.0,-32.0,286.0,9.19373417,0.5363012,4.13718033,0.02761838,-,21.96078491,0.00667631,0.90984541,0.10152781,0.317826,30.58823586,30.58823586,-,-,59,55.9825325,14.64881134,-,2069,-,-104.98687744,36.83560181,-76.15293884,13.33333397,59.83804321,59.65163422,43.97903442
Sat Dec 02 14:14:32 EST 2017,02-Dec-2017 14:14:32.229,-76.15322068,36.83567572,26.75,4.0,-32.20000076293945,287.3,9.15542698,1.14921677,4.02225876,0.0234361,-,22.35294151,-0.01963241,0.88251102,0.10152781,0.31392109,30.98039246,30.98039246,-,-,59,55.98910904,14.64881134,-,2070,-,-105.64304352,36.83567429,-76.15322113,13.33333397,59.83804321,59.65163422,43.97903442
Sat Dec 02 14:14:33 EST 2017,02-Dec-2017 14:14:33.227,-76.15350809,36.8357545,26.75,4.0,-32.5,288.7,8.88727665,0.45968673,4.36702394,0.02073048,-,22.35294151,0.01376783,0.89813066,0.08981306,0.36078009,31.37254906,31.37254906,-,-,59,56.00218964,14.64881134,-,2083,-,-106.62729645,36.83575439,-76.15351105,13.72549057,59.83804321,59.65163422,43.97903442
Sat Dec 02 14:14:33 EST 2017,02-Dec-2017 14:14:34.228,-76.15350809,36.8357545,26.75,4.0,-32.5,288.7,8.04451752,0.19153613,4.09887314,-0.00464387,-,22.74509811,-0.07027142,0.85127175,0.03904916,0.27096704,31.37254906,31.76470566,-,-,59,56.01517868,14.64881134,-,2082,-,-106.62729645,36.83575439,-76.15351105,13.72549057,59.83804321,59.65163422,-
Sat Dec 02 14:14:35 EST 2017,02-Dec-2017 14:14:35.228,-76.15406859,36.8359293,27.0,3.0,-33.29999923706055,291.2,8.73404789,0.07661445,4.13718033,-0.00831279,-,22.74509811,0.00975618,0.92156017,0.00780983,0.32173091,31.37254906,31.76470566,-,-,59,56.03027725,14.64881134,-,2088,-,-109.25196838,36.83592987,-76.15406799,13.72549057,60.39727783,60.27300644,44.61047745
Sat Dec 02 14:14:36 EST 2017,02-Dec-2017 14:14:36.230,-76.15434949,36.83602396,27.0,3.0,-33.599998474121094,292.5,9.04050541,0.42137951,4.175488,0.0033522,-,22.74509811,-0.00022891,0.92546505,0.04295408,0.27487195,31.37254906,31.76470566,-,-,59,56.0452652,14.64881134,-,2102,-,-110.23621368,36.83602524,-76.15435028,14.11764717,60.39727783,60.27300644,44.61047745
Sat Dec 02 14:14:37 EST 2017,02-Dec-2017 14:14:37.228,-76.15462527,36.83611987,27.0,4.0,-33.900001525878906,293.6,9.0788126,0.49799395,3.67749381,0.01879573,-,22.74509811,0.01512909,0.92546505,0.1210524,0.29830143,31.37254906,31.76470566,-,-,59,56.0623436,14.64881134,-,2110,-,-111.22047424,36.83612061,-76.15462494,14.11764717,60.39727783,60.89437866,52.26913834
Sat Dec 02 14:14:38 EST 2017,02-Dec-2017 14:14:38.229,-76.15490037,36.83621713,27.0,4.0,-34.0,293.7,8.50420475,0.8810662,3.98395157,0.01640308,-,22.74509811,0.02803417,0.92546505,0.07028849,0.34125552,31.37254906,31.76470566,-,-,59,56.0708313,14.64881134,-,2116,-,-111.54855347,36.83621597,-76.1548996,14.11764717,60.39727783,60.89437866,52.26913834
Sat Dec 02 14:14:39 EST 2017,02-Dec-2017 14:14:39.228,-76.15518004,36.83631955,27.0,5.0,-33.900001525878906,294.1,9.00219822,-0.03830723,4.25210238,-0.00967936,-,22.74509811,-0.03199847,0.87079626,0.01561966,0.32173091,31.37254906,31.76470566,-,-,59,56.08773041,14.64881134,-,2125,-,-111.22047424,36.83631897,-76.15518188,14.11764717,60.39727783,60.89437866,52.26913834
Sat Dec 02 14:14:40 EST 2017,02-Dec-2017 14:14:40.227,-76.15543943,36.83646456,27.5,4.0,-34.20000076293945,298.6,8.81066227,0.30645782,3.83072281,0.0252646,-,22.74509811,0.03474349,0.95670444,0.04685899,0.29049161,31.37254906,31.76470566,-,-,59,56.10558701,14.64881134,-,2130,-,-112.20472717,36.83646393,-76.15544128,14.11764717,61.51574707,61.51574707,34.26787186
Sat Dec 02 14:14:41 EST 2017,02-Dec-2017 14:14:41.227,-76.15570321,36.83659428,27.5,3.0,-34.400001525878906,299.8,8.92558384,0.30645782,3.90733719,0.01269943,-,23.13725471,0.0442919,0.9488945,0.03904916,0.3334457,31.37254906,31.76470566,-,-,59,56.12440872,14.64881134,-,2135,-,-112.86090088,36.83659363,-76.15570068,14.50980377,61.51574707,61.51574707,34.26787186
Sat Dec 02 14:14:42 EST 2017,02-Dec-2017 14:14:42.226,-76.15596658,36.83672154,27.5,3.0,-34.70000076293945,300.9,8.65743351,0.68953007,4.21379519,0.01026585,-,22.74509811,-0.06398235,0.83174706,0.12495731,0.31001619,31.37254906,31.76470566,-,-,59,56.14309692,14.64881134,-,2143,-,-113.84514618,36.83672333,-76.15596771,14.11764717,61.51574707,61.51574707,34.26787186
Sat Dec 02 14:14:42 EST 2017,02-Dec-2017 14:14:43.226,-76.15596658,36.83672154,27.5,3.0,-34.70000076293945,300.9,9.0788126,0.11492168,4.29040956,0.01003869,-,22.35294151,-0.03398667,0.87079626,0.12495731,0.29830143,31.37254906,31.37254906,-,-,59,56.16379929,14.64881134,-,2151,-,-113.84514618,36.83672333,-76.15596771,14.11764717,61.51574707,62.13711929,-
Sat Dec 02 14:14:44 EST 2017,02-Dec-2017 14:14:44.229,-76.15648389,36.8369988,27.75,3.0,-34.20000076293945,303.5,8.27436066,0.84275901,4.21379519,-0.00303419,-,21.56862831,-0.02299229,0.89032084,0.05076391,0.29830143,29.80392265,29.80392265,-,-,59,56.18436432,14.64881134,-,2151,-,-112.20472717,36.83699799,-76.15648651,12.15686321,62.07497787,62.13711929,37.78726196
Sat Dec 02 14:14:45 EST 2017,02-Dec-2017 14:14:45.228,-76.15673832,36.83714592,27.75,3.0,-34.599998474121094,305.1,9.27034855,0.68953007,4.32871675,0.06430012,-,20.7843132,0.05309493,0.96060938,0.03123933,0.32954079,27.84313774,28.23529434,-,-,59,56.20372009,14.64881134,-,2145,-,-113.51705933,36.83714676,-76.15673828,10.98039246,62.07497787,61.51574707,37.78726196
Sat Dec 02 14:14:46 EST 2017,02-Dec-2017 14:14:46.226,-76.15698822,36.8372982,27.75,3.0,-34.20000076293945,306.4,9.30865574,0,4.67348194,0.01471745,-,20,0.01573016,0.92936999,0.0741934,0.30220634,27.84313774,28.23529434,-,-,59,56.21281052,14.64881134,-,2132,-,-112.20472717,36.83729935,-76.15699005,10.98039246,62.07497787,61.51574707,37.78726196
Sat Dec 02 14:14:47 EST 2017,02-Dec-2017 14:14:47.227,-76.15723296,36.83744697,27.5,3.0,-33.400001525878906,306.7,9.15542698,-0.34476504,3.98395157,-0.00238808,-,20.3921566,-0.014347,0.88251102,-0.02733441,0.33735061,28.23529434,28.23529434,-,-,59,56.2287941,14.64881134,-,2112,-,-109.58005524,36.83744812,-76.15723419,11.37254906,61.51574707,60.89437866,-
Sat Dec 02 14:14:48 EST 2017,02-Dec-2017 14:14:48.228,-76.15747493,36.83758951,27.25,3.0,-32.0,306.5,8.73404789,0.49799395,4.5202527,0.00274333,-,21.56862831,-0.01911892,0.89422578,0.00780983,0.30220634,29.80392265,29.80392265,-,-,59,56.24360275,14.64881134,-,2101,-,-104.98687744,36.83758926,-76.15747833,12.54901981,60.95651245,60.27300644,-
Sat Dec 02 14:14:49 EST 2017,02-Dec-2017 14:14:49.227,-76.15772231,36.83773518,27.0,3.0,-30.700000762939453,307.0,9.46188545,-0.30645782,3.67749381,0.05427414,-,21.96078491,-0.09467652,0.8083176,0.02733441,0.30611128,30.98039246,30.58823586,-,-,59,56.25620651,14.64881134,-,2091,-,-100.7217865,36.83773422,-76.15772247,12.94117641,60.39727783,59.65163422,-
Sat Dec 02 14:14:50 EST 2017,02-Dec-2017 14:14:50.226,-76.15796321,36.83788007,27.0,3.0,-29.700000762939453,307.0,9.11711979,0.07661445,4.32871675,0.03343673,-,21.96078491,-0.01198898,0.90203559,0.00780983,0.30220634,30.98039246,31.37254906,-,-,59,56.26768112,14.64881134,-,2082,-,-97.44094849,36.83787918,-76.15796661,13.72549057,60.39727783,59.65163422,-
Sat Dec 02 14:14:51 EST 2017,02-Dec-2017 14:14:51.226,-76.15820039,36.83802619,26.75,3.0,-29.0,307.2,8.61912632,0.03830723,4.59686708,0.05371279,-,23.13725471,0.04375122,0.96060938,-0.03123933,0.30611128,32.15686417,32.54901886,-,-,59,56.2780304,14.64881134,-,2062,-,-95.14435577,36.83802795,-76.15820312,14.50980377,59.83804321,59.03026199,-
Sat Dec 02 14:14:51 EST 2017,02-Dec-2017 14:14:52.225,-76.15820039,36.83802619,26.75,3.0,-29.0,307.2,8.65743351,1.03429508,3.63918662,0.02524483,-,23.52941132,-0.01162612,0.90203559,0.06247865,0.29830143,32.94117737,33.33333206,-,-,59,56.2893486,14.64881134,-,2061,-,-95.14435577,36.83802795,-76.15820312,15.68627453,59.83804321,59.65163422,-
Sat Dec 02 14:14:53 EST 2017,02-Dec-2017 14:14:53.229,-76.15867807,36.83831169,26.5,3.0,-28.799999237060547,307.2,9.42357826,-1.22583127,3.10288548,-0.01811725,-,23.92156982,0.08889128,0.99184865,0.12886222,0.32954079,33.33333206,33.33333206,-,-,59,56.29851532,14.64881134,-,2058,-,-94.4881897,36.83831024,-76.15867615,15.68627453,59.27880859,59.03026199,-
Sat Dec 02 14:14:54 EST 2017,02-Dec-2017 14:14:54.226,-76.15891741,36.83846005,26.75,3.0,-28.399999618530273,307.5,7.46990919,0.5363012,4.71178913,-0.0790574,-,24.31372643,-0.1360032,0.78488815,0.14057697,0.23191786,33.33333206,33.33333206,-,-,59,56.30969238,14.64881134,-,2060,-,-93.17584991,36.83845901,-76.15892029,15.68627453,59.83804321,59.65163422,-
Sat Dec 02 14:14:55 EST 2017,02-Dec-2017 14:14:55.227,-76.15915189,36.83860881,26.75,3.0,-28.299999237060547,308.1,8.77235508,-0.07661445,4.67348194,-0.00346069,-,23.92156982,-0.34480879,0.56621277,0.12495731,0.20458345,33.33333206,33.33333206,-,-,59,56.32079697,14.64881134,-,2064,-,-92.84776306,36.83860779,-76.15914917,15.68627453,59.83804321,59.65163422,-
Sat Dec 02 14:14:56 EST 2017,02-Dec-2017 14:14:56.229,-76.15938603,36.8387598,26.75,3.0,-27.700000762939453,308.4,8.81066227,0.76614451,3.56257224,0.00817837,-,24.31372643,0.00618358,0.92546505,0.09371798,0.28268176,33.33333206,33.72549057,-,-,59,56.32631683,14.64881134,-,2063,-,-90.87926483,36.83876038,-76.15938568,15.68627453,59.83804321,59.65163422,-
Sat Dec 02 14:14:57 EST 2017,02-Dec-2017 14:14:57.227,-76.15962174,36.83890948,26.75,3.0,-27.399999618530273,308.2,9.0788126,0.11492168,4.55855989,0.01107754,-,23.92156982,-0.02370311,0.86298645,0.05076391,0.35297027,32.94117737,33.33333206,-,-,59,56.33731079,14.64881134,-,2062,-,-89.8950119,36.83890915,-76.15962219,15.68627453,59.83804321,59.65163422,-
Sat Dec 02 14:14:58 EST 2017,02-Dec-2017 14:14:58.228,-76.15985461,36.83905964,26.75,4.0,-27.100000381469727,308.2,8.08282471,1.72382522,4.09887314,-0.04938205,-,23.52941132,-0.07960759,0.79660285,0.10152781,0.34906533,32.94117737,32.94117737,-,-,59,56.34823608,14.64881134,-,2064,-,-88.91075897,36.83905792,-76.15985107,15.29411793,59.83804321,59.65163422,-
Sat Dec 02 14:14:59 EST 2017,02-Dec-2017 14:14:59.229,-76.1600899,36.83920452,26.5,3.0,-26.5,307.7,9.00219822,-0.76614451,4.44363832,-0.01549224,-,23.52941132,0.0011971,0.92156017,0.05466883,0.28658667,32.94117737,32.94117737,-,-,59,56.35704422,14.64881134,-,2059,-,-86.94226074,36.83920288,-76.16008759,14.90196133,59.27880859,59.03026199,-
Sat Dec 02 14:15:00 EST 2017,02-Dec-2017 14:15:00.227,-76.16032561,36.83934924,26.5,3.0,-26.100000381469727,307.7,8.08282471,0.19153613,3.67749381,-0.02251721,-,22.35294151,-0.10467591,0.8083176,0.03514424,0.28268176,31.76470566,31.76470566,-,-,59,56.36578751,14.64881134,-,2046,-,-85.62992096,36.83934784,-76.1603241,13.72549057,59.27880859,59.03026199,-
Sat Dec 02 14:15:00 EST 2017,02-Dec-2017 14:15:01.228,-76.16032561,36.83934924,26.5,3.0,-26.100000381469727,307.7,8.50420475,0.22984336,3.94564438,-0.02057687,-,22.35294151,-0.01344951,0.91375035,0.00780983,0.27096704,31.76470566,31.76470566,-,-,59,56.37448502,14.64881134,-,2046,-,-85.62992096,36.83934784,-76.1603241,13.72549057,59.27880859,59.03026199,-
Sat Dec 02 14:15:02 EST 2017,02-Dec-2017 14:15:02.225,-76.16079593,36.8396398,26.5,4.0,-25.5,307.5,7.85298157,0.76614451,4.175488,-0.03189608,-,21.96078491,-0.07744662,0.82393724,0.08200324,0.30611128,31.37254906,31.37254906,-,-,59,56.38312149,14.64881134,-,2043,-,-83.6614151,36.83964157,-76.16079712,12.94117641,59.27880859,59.03026199,-
Sat Dec 02 14:15:03 EST 2017,02-Dec-2017 14:15:03.227,-76.16102793,36.83978109,26.5,3.0,-25.200000762939453,307.2,10.0364933,-0.57460839,4.40533113,0.13783842,-,20.7843132,0.04902998,0.92936999,0.03904916,0.3842096,29.80392265,30.19607925,-,-,59,56.39170074,14.64881134,-,2036,-,-82.6771698,36.83978271,-76.161026,12.15686321,59.27880859,59.03026199,-
Sat Dec 02 14:15:04 EST 2017,02-Dec-2017 14:15:04.227,-76.16126649,36.83992422,26.5,3.0,-25.299999237060547,307.0,8.46589756,0.2681506,3.83072281,-0.0012574,-,20.7843132,-0.0526719,0.86689138,0.04295408,0.27877685,29.41176605,29.80392265,-,-,59,56.39822006,14.64881134,-,2038,-,-83.00524902,36.83992386,-76.16127014,11.76470566,59.27880859,58.40889359,-
Sat Dec 02 14:15:05 EST 2017,02-Dec-2017 14:15:05.227,-76.16150155,36.84006953,26.25,3.0,-25.5,307.1,9.11711979,0.07661445,4.175488,0.0028548,-,20.7843132,-0.01147175,0.88251102,0.05466883,0.34125552,29.80392265,29.80392265,-,-,59,56.40469742,14.64881134,-,2046,-,-83.6614151,36.84006882,-76.16149902,12.15686321,58.71957779,58.40889359,-
Sat Dec 02 14:15:06 EST 2017,02-Dec-2017 14:15:06.226,-76.16173418,36.84021079,26.25,4.0,-25.299999237060547,307.0,9.0788126,-0.76614451,4.40533113,0.00655854,-,20.7843132,-0.01217431,0.88641596,-0.03904916,0.3334457,29.80392265,29.80392265,-,-,59,56.41212463,14.64881134,-,2040,-,-83.00524902,36.84020996,-76.16173553,11.76470566,58.71957779,59.03026199,38.15134811
Sat Dec 02 14:15:07 EST 2017,02-Dec-2017 14:15:07.228,-76.16196937,36.84035413,26.25,3.0,-25.5,307.1,8.46589756,-0.30645782,4.48194551,-0.00403714,-,21.17647171,0.09347096,0.97622901,-0.08590815,0.3842096,29.80392265,29.80392265,-,-,59,56.42050552,14.64881134,-,2045,-,-83.6614151,36.84035492,-76.16197205,12.15686321,58.71957779,59.03026199,38.15134811
Sat Dec 02 14:15:08 EST 2017,02-Dec-2017 14:15:08.225,-76.16220354,36.84049481,26.5,3.0,-25.5,307.2,7.92959595,2.06859016,5.36301184,-0.02438681,-,21.17647171,0.21623088,1.13242555,-0.1210524,0.32563588,29.80392265,30.19607925,-,-,59,56.42882919,14.64881134,-,2052,-,-83.6614151,36.84049606,-76.16220093,12.54901981,59.27880859,59.03026199,38.15134811
Sat Dec 02 14:15:09 EST 2017,02-Dec-2017 14:15:09.231,-76.1624413,36.84064105,26.5,3.0,-25.5,307.3,9.92157173,0.19153613,2.83473492,0.11272172,-,21.17647171,0.0197183,0.90203559,0.04685899,0.37249482,29.80392265,29.80392265,-,-,59,56.43296814,14.64881134,-,2067,-,-83.6614151,36.84064102,-76.16244507,12.54901981,59.27880859,59.03026199,38.15134811
Sat Dec 02 14:15:10 EST 2017,02-Dec-2017 14:15:10.226,-76.16267851,36.84078692,26.5,3.0,-25.799999237060547,307.2,9.00219822,-0.80445176,3.79241538,-0.01107795,-,20.7843132,-0.07954127,0.82003236,0.07809832,0.31001619,28.62745094,28.23529434,-,-,59,56.44729233,14.64881134,-,2065,-,-84.64566803,36.84078598,-76.16268158,11.76470566,59.27880859,59.65163422,38.87483215
Sat Dec 02 14:15:11 EST 2017,02-Dec-2017 14:15:11.227,-76.16291798,36.84092632,26.75,3.0,-25.700000762939453,307.1,9.69172859,0.38307226,4.44363832,-0.02368125,-,18.4313736,-0.01437796,0.89813066,0.0741934,0.29830143,26.66666794,26.66666794,-,-,59,56.45235825,14.64881134,-,2068,-,-84.31758881,36.84092712,-76.16291809,9.4117651,59.83804321,59.65163422,38.87483215
Sat Dec 02 14:15:12 EST 2017,02-Dec-2017 14:15:12.227,-76.16315634,36.84107043,26.75,4.0,-26.0,306.9,8.81066227,-0.11492168,4.29040956,-0.01684528,-,18.8235302,0.03724726,0.94498962,0.03123933,0.32563588,26.66666794,26.66666794,-,-,59,56.46245193,14.64881134,-,2071,-,-85.30183411,36.84107208,-76.1631546,9.8039217,59.83804321,59.65163422,38.87483215
Sat Dec 02 14:15:13 EST 2017,02-Dec-2017 14:15:13.226,-76.16339764,36.84121547,26.75,3.0,-26.600000381469727,306.8,8.50420475,-0.03830723,4.63517427,-0.0119015,-,18.4313736,-0.02270335,0.86298645,0.03123933,0.35687518,26.27450943,26.66666794,-,-,59,56.47247696,14.64881134,-,2072,-,-87.27033997,36.84121704,-76.16339874,9.4117651,59.83804321,59.65163422,38.87483215
Sat Dec 02 14:15:14 EST 2017,02-Dec-2017 14:15:14.226,-76.1636422,36.84135766,26.75,3.0,-26.899999618530273,306.9,8.73404789,0.30645782,4.36702394,0.0142516,-,18.4313736,-0.05354219,0.84346181,0.05076391,0.32563588,26.27450943,26.27450943,-,-,59,56.48439789,14.64881134,-,2077,-,-88.2545929,36.84135818,-76.16364288,9.01960754,59.83804321,60.27300644,52.65930557
Sat Dec 02 14:15:14 EST 2017,02-Dec-2017 14:15:15.227,-76.1636422,36.84135766,26.75,3.0,-26.899999618530273,306.9,8.73404789,0.07661445,4.44363832,0.01795655,-,17.25490189,-0.02273457,0.86689138,0.03514424,0.34906533,25.88235283,25.09803963,-,-,59,56.49623489,14.64881134,-,2080,-,-88.2545929,36.84135818,-76.16364288,7.45098066,59.83804321,60.27300644,52.65930557
Sat Dec 02 14:15:16 EST 2017,02-Dec-2017 14:15:16.228,-76.16412646,36.84164865,27.0,4.0,-28.0,306.9,8.19774628,0.19153613,4.40533113,0.00732478,-,16.86274529,-0.06970548,0.84736669,0.01952458,0.28268176,23.92156982,24.31372643,-,-,59,56.50799942,14.64881134,-,2087,-,-91.86351776,36.8416481,-76.16412354,7.45098066,60.39727783,60.27300644,52.65930557
Sat Dec 02 14:15:17 EST 2017,02-Dec-2017 14:15:17.227,-76.16436193,36.84179864,27.0,3.0,-28.899999618530273,307.2,9.19373417,-0.30645782,4.59686708,0.03243379,-,16.86274529,0.03388778,0.92156017,0.05466883,0.364685,25.09803963,25.49019623,-,-,59,56.51969147,14.64881134,-,2090,-,-94.81626892,36.84179688,-76.16436005,7.45098066,60.39727783,60.27300644,-
Sat Dec 02 14:15:18 EST 2017,02-Dec-2017 14:15:18.229,-76.16460488,36.84194537,27.0,3.0,-29.399999618530273,307.4,8.42759037,0.72783732,4.44363832,0.01199021,-,16.86274529,0.01362485,0.91765523,-0.01171475,0.32954079,25.09803963,25.49019623,-,-,59,56.53131104,14.64881134,-,2087,-,-96.45669556,36.84194565,-76.16460419,7.45098066,60.39727783,60.27300644,-
Sat Dec 02 14:15:19 EST 2017,02-Dec-2017 14:15:19.227,-76.16484561,36.84209267,27.0,4.0,-29.799999237060547,307.3,9.53849983,-0.38307226,4.09887314,0.07801729,-,16.86274529,-0.08092653,0.81612742,0.08200324,0.31392109,25.09803963,25.09803963,-,-,59,56.53709412,14.64881134,-,2082,-,-97.76902771,36.84209442,-76.16484833,7.45098066,60.39727783,60.27300644,-
Sat Dec 02 14:15:20 EST 2017,02-Dec-2017 14:15:20.227,-76.16508643,36.84223947,27.0,4.0,-29.799999237060547,307.1,8.6957407,0.42137951,4.59686708,0.02468354,-,16.86274529,-0.01504387,0.88641596,0.05076391,0.32563588,25.09803963,25.49019623,-,-,59,56.5476532,14.64881134,-,2081,-,-97.76902771,36.84223938,-76.16508484,7.05882359,60.39727783,59.65163422,-
Sat Dec 02 14:15:21 EST 2017,02-Dec-2017 14:15:21.229,-76.16533222,36.84238572,26.75,4.0,-29.299999237060547,306.6,9.27034855,0.07661445,4.29040956,0.02713514,-,19.6078434,0.02442849,0.92546505,-0.03123933,0.33735061,28.62745094,29.01960754,-,-,59,56.55718613,14.64881134,-,2082,-,-96.1286087,36.84238434,-76.16532898,10.1960783,59.83804321,59.65163422,-
Sat Dec 02 14:15:22 EST 2017,02-Dec-2017 14:15:22.226,-76.16557774,36.84253068,26.75,3.0,-28.799999237060547,306.6,9.46188545,0.99598789,4.06056595,0.04908994,-,21.17647171,0.02793025,0.90594047,0.12495731,0.36858991,30.19607925,29.01960754,-,-,59,56.56666565,14.64881134,-,2080,-,-94.4881897,36.8425293,-76.16558075,12.15686321,59.83804321,59.65163422,-
Sat Dec 02 14:15:23 EST 2017,02-Dec-2017 14:15:23.227,-76.16581778,36.84267614,26.75,3.0,-28.5,306.9,9.15542698,-0.49799395,3.94564438,0.11968815,-,19.6078434,0.12558307,1.01137328,-0.07028849,0.38811451,28.23529434,27.84313774,-,-,59,56.57608414,14.64881134,-,2063,-,-93.50393677,36.84267426,-76.16581726,10.1960783,59.83804321,59.65163422,-
Sat Dec 02 14:15:23 EST 2017,02-Dec-2017 14:15:24.225,-76.16581778,36.84267614,26.75,3.0,-28.5,306.9,8.46589756,0.45968673,4.175488,-0.01157106,-,21.96078491,-0.01070797,0.89813066,-0.00780983,0.31392109,30.98039246,31.37254906,-,-,59,56.58449936,14.64881134,-,2063,-,-93.50393677,36.84267426,-76.16581726,13.72549057,59.83804321,59.65163422,-
Sat Dec 02 14:15:25 EST 2017,02-Dec-2017 14:15:25.228,-76.16629202,36.84296583,26.5,3.0,-28.200000762939453,306.5,8.6957407,0.45968673,3.86903,-0.0042607,-,23.13725471,-0.08852865,0.8083176,0.0741934,0.31392109,32.54901886,32.54901886,-,-,59,56.59381104,14.64881134,-,2074,-,-92.51969147,36.84296417,-76.16629028,15.29411793,59.27880859,59.65163422,-
Sat Dec 02 14:15:26 EST 2017,02-Dec-2017 14:15:26.231,-76.16653474,36.84310866,26.75,3.0,-28.700000762939453,306.3,9.53849983,-0.2681506,4.175488,0.04824362,-,23.52941132,0.06211937,0.97232407,-0.02733441,0.32563588,32.15686417,32.15686417,-,-,59,56.59844208,14.64881134,-,2079,-,-94.16011047,36.84310913,-76.16653442,14.90196133,59.83804321,59.65163422,-
Sat Dec 02 14:15:27 EST 2017,02-Dec-2017 14:15:27.227,-76.16677949,36.84324741,26.75,3.0,-28.100000381469727,305.3,8.27436066,0.45968673,4.175488,-0.00769798,-,21.56862831,0.01150758,0.92156017,-0.04295408,0.31392109,30.98039246,30.98039246,-,-,59,56.60954666,14.64881134,-,2090,-,-92.19160461,36.84324646,-76.16677856,12.94117641,59.83804321,60.27300644,45.49052048
Sat Dec 02 14:15:28 EST 2017,02-Dec-2017 14:15:28.230,-76.16703167,36.84338498,27.0,3.0,-28.299999237060547,304.5,8.73404789,0,4.13718033,-0.00492065,-,22.74509811,-0.01531503,0.89032084,0.07028849,0.31392109,30.98039246,31.37254906,-,-,59,56.62057877,14.64881134,-,2089,-,-92.84776306,36.84338379,-76.16703033,14.11764717,60.39727783,60.27300644,45.49052048
Sat Dec 02 14:15:29 EST 2017,02-Dec-2017 14:15:29.227,-76.16728288,36.84351728,27.0,3.0,-28.200000762939453,303.6,9.04050541,-0.19153613,4.175488,0.00064454,-,23.13725471,0.01564004,0.92156017,-0.01952458,0.32563588,31.76470566,32.15686417,-,-,59,56.63154602,14.64881134,-,2100,-,-92.51969147,36.8435173,-76.1672821,12.94117641,60.39727783,60.27300644,45.49052048
Sat Dec 02 14:15:30 EST 2017,02-Dec-2017 14:15:30.229,-76.16753898,36.84364669,27.0,3.0,-28.200000762939453,302.7,8.88727665,0.15322891,3.98395157,0.00090439,-,21.56862831,0.02371329,0.91375035,-0.00390492,0.36078009,30.58823586,30.98039246,-,-,59,56.64337921,14.64881134,-,2101,-,-92.51969147,36.843647,-76.1675415,13.72549057,60.39727783,60.89437866,-
Sat Dec 02 14:15:31 EST 2017,02-Dec-2017 14:15:31.229,-76.16779422,36.84377572,27.0,3.0,-28.799999237060547,301.7,8.58081913,-0.19153613,4.44363832,0.00200368,-,19.6078434,-0.0129547,0.87079626,0.05466883,0.36078009,27.05882454,26.66666794,-,-,59,56.64880371,14.64881134,-,2088,-,-94.4881897,36.8437767,-76.16779327,10.98039246,60.39727783,60.27300644,-
Sat Dec 02 14:15:32 EST 2017,02-Dec-2017 14:15:32.228,-76.16805639,36.8439001,27.25,3.0,-29.299999237060547,300.6,8.46589756,-0.42137951,4.175488,0.01116406,-,18.8235302,-0.01360419,0.87860614,-0.04685899,0.34516042,27.05882454,27.05882454,-,-,59,56.65960693,14.64881134,-,2088,-,-96.1286087,36.84389877,-76.16805267,9.8039217,60.95651245,60.27300644,-
Sat Dec 02 14:15:32 EST 2017,02-Dec-2017 14:15:33.229,-76.16805639,36.8439001,27.25,3.0,-29.299999237060547,300.6,8.00621033,0.76614451,4.44363832,-0.00154655,-,18.8235302,0.00359461,0.89032084,-0.03904916,0.36078009,27.05882454,27.05882454,-,-,59,56.67034531,14.64881134,-,2080,-,-96.1286087,36.84389877,-76.16805267,9.8039217,60.95651245,60.27300644,-
Sat Dec 02 14:15:34 EST 2017,02-Dec-2017 14:15:34.227,-76.16859203,36.84413639,27.0,3.0,-28.799999237060547,298.5,8.35097599,0.42137951,3.98395157,0.01622523,-,19.2156868,-0.02601898,0.85908157,-0.03514424,0.35687518,27.05882454,27.05882454,-,-,59,56.67917633,14.64881134,-,2063,-,-94.4881897,36.84413528,-76.16859436,9.8039217,60.39727783,59.65163422,-
Sat Dec 02 14:15:35 EST 2017,02-Dec-2017 14:15:35.229,-76.16885839,36.84424519,26.75,3.0,-28.799999237060547,297.5,8.81066227,-0.22984336,4.5202527,-0.01029238,-,18.8235302,-0.04952817,0.85908157,0.05466883,0.30220634,27.05882454,27.05882454,-,-,59,56.68704224,14.64881134,-,2062,-,-94.4881897,36.84424591,-76.16886139,9.8039217,59.83804321,59.03026199,-
Sat Dec 02 14:15:36 EST 2017,02-Dec-2017 14:15:36.225,-76.16912806,36.84435273,26.5,3.0,-29.299999237060547,296.7,9.11711979,-0.15322891,4.75009632,0.00093802,-,20,-0.07182365,0.85127175,-0.03904916,0.26706213,28.62745094,29.41176605,-,-,59,56.69394302,14.64881134,-,2051,-,-96.1286087,36.84435272,-76.16912842,10.1960783,59.27880859,59.03026199,-
Sat Dec 02 14:15:37 EST 2017,02-Dec-2017 14:15:37.234,-76.16939588,36.84445616,26.5,3.0,-29.399999618530273,296.0,9.34696388,-0.38307226,3.98395157,0.01077187,-,20.7843132,-0.07049311,0.83955687,0.05466883,0.29439652,29.41176605,29.80392265,-,-,59,56.69738007,14.64881134,-,2058,-,-96.45669556,36.84445572,-76.16939545,12.15686321,59.27880859,59.03026199,-
Sat Dec 02 14:15:38 EST 2017,02-Dec-2017 14:15:38.227,-76.16966559,36.84455711,26.5,3.0,-29.100000381469727,295.5,9.15542698,0.07661445,3.715801,0.00112329,-,22.35294151,-0.03363922,0.89032084,0.00390492,0.27487195,31.37254906,31.37254906,-,-,59,56.70422363,14.64881134,-,2072,-,-95.47244263,36.84455872,-76.16966248,13.72549057,59.27880859,59.03026199,-
Sat Dec 02 14:15:39 EST 2017,02-Dec-2017 14:15:39.224,-76.16993514,36.84465668,26.5,3.0,-29.600000381469727,295.3,8.19774628,0.22984336,3.83072281,-0.0583154,-,21.96078491,-0.0161677,0.89032084,-0.00390492,0.317826,31.37254906,31.37254906,-,-,59,56.71102524,14.64881134,-,2049,-,-97.11286163,36.8446579,-76.16993713,13.33333397,59.27880859,59.03026199,-
Sat Dec 02 14:15:40 EST 2017,02-Dec-2017 14:15:40.228,-76.1702056,36.84475242,26.5,3.0,-29.5,294.0,8.61912632,-0.11492168,4.40533113,0.01451115,-,21.96078491,0.04997494,0.9371798,0.01171475,0.37249482,30.98039246,31.37254906,-,-,59,56.71778488,14.64881134,-,2053,-,-96.78477478,36.84475327,-76.17020416,13.33333397,59.27880859,59.03026199,-
Sat Dec 02 14:15:41 EST 2017,02-Dec-2017 14:15:41.229,-76.17047772,36.84484417,26.5,3.0,-29.700000762939453,293.1,8.96389103,0.42137951,4.06056595,0.00939737,-,21.96078491,-0.0182248,0.86689138,0.05466883,0.35687518,30.98039246,31.37254906,-,-,59,56.72114944,14.64881134,-,2058,-,-97.44094849,36.84484482,-76.17047882,13.33333397,59.27880859,59.03026199,-
Sat Dec 02 14:15:42 EST 2017,02-Dec-2017 14:15:42.225,-76.17075212,36.84493646,26.5,3.0,-29.700000762939453,292.3,8.61912632,0.68953007,3.79241538,-0.00599663,-,21.56862831,-0.06638985,0.86298645,0.00390492,0.25534737,30.19607925,30.19607925,-,-,59,56.72875595,14.64881134,-,2064,-,-97.44094849,36.84493637,-76.17075348,12.94117641,59.27880859,59.65163422,-
Sat Dec 02 14:15:43 EST 2017,02-Dec-2017 14:15:43.225,-76.17102782,36.84502641,26.75,4.0,-29.899999618530273,291.9,8.1211319,0.42137951,4.44363832,-0.01013759,-,20.7843132,0.07040516,0.99184865,-0.05076391,0.29830143,28.23529434,28.23529434,-,-,59,56.73721313,14.64881134,-,2063,-,-98.09711456,36.84502792,-76.17102814,12.54901981,59.83804321,59.65163422,50.45594406
Sat Dec 02 14:15:44 EST 2017,02-Dec-2017 14:15:44.227,-76.17130498,36.84511421,26.75,3.0,-30.100000381469727,291.5,8.31266785,0.65122288,4.90332508,0.01383024,-,20,-0.00210788,0.86689138,0.03904916,0.39201942,28.23529434,28.62745094,-,-,59,56.74562836,14.64881134,-,2057,-,-98.75328064,36.84511566,-76.1713028,10.98039246,59.83804321,59.65163422,50.45594406
Sat Dec 02 14:15:45 EST 2017,02-Dec-2017 14:15:45.224,-76.17158314,36.8452003,26.75,3.0,-30.5,291.3,8.96389103,0.34476504,3.94564438,-0.00581286,-,20.3921566,-0.04795624,0.8747012,0.01171475,0.27487195,28.23529434,28.62745094,-,-,59,56.75220108,14.64881134,-,2052,-,-100.06562042,36.84519958,-76.17158508,10.98039246,59.83804321,59.03026199,50.45594406
Sat Dec 02 14:15:46 EST 2017,02-Dec-2017 14:15:46.230,-76.17186065,36.84528898,26.5,3.0,-30.399999618530273,291.4,10.11310768,0.19153613,4.40533113,0.01276751,-,20.3921566,0.05336288,0.92156017,-0.04295408,0.40763909,28.23529434,28.62745094,-,-,59,56.75547409,14.64881134,-,2050,-,-99.73753357,36.84528732,-76.17185974,11.37254906,59.27880859,59.03026199,-
Sat Dec 02 14:15:46 EST 2017,02-Dec-2017 14:15:47.228,-76.17186065,36.84528898,26.5,3.0,-30.399999618530273,291.4,8.81066227,0,4.09887314,-0.01378129,-,20.3921566,-0.08245522,0.82003236,-0.02733441,0.31001619,29.41176605,29.41176605,-,-,59,56.75873566,14.64881134,-,2044,-,-99.73753357,36.84528732,-76.17185974,11.37254906,59.27880859,59.03026199,-
Sat Dec 02 14:15:48 EST 2017,02-Dec-2017 14:15:48.229,-76.1724206,36.84546475,27.0,4.0,-31.299999237060547,291.0,8.96389103,-0.03830723,4.32871675,0.03372234,-,20.7843132,-0.12552331,0.79660285,0.0234295,0.25925228,29.41176605,29.41176605,-,-,59,56.75873566,14.64881134,-,2044,-,-102.69028473,36.84546661,-76.17242432,11.76470566,60.39727783,59.03026199,-
Sat Dec 02 14:15:49 EST 2017,02-Dec-2017 14:15:49.228,-76.17271129,36.84554553,27.25,5.0,-31.799999237060547,289.7,8.35097599,0.42137951,3.83072281,-0.00836505,-,20.7843132,-0.02211026,0.87079626,-0.11324256,0.32954079,29.41176605,29.41176605,-,-,59,56.76199341,14.64881134,-,2064,-,-104.33070374,36.84554672,-76.17271423,11.76470566,60.95651245,59.03026199,-
Sat Dec 02 14:15:50 EST 2017,02-Dec-2017 14:15:50.227,-76.17298103,36.84562121,26.5,3.0,-31.100000381469727,289.4,7.96790314,0.15322891,4.36702394,-0.0438737,-,21.17647171,-0.09676045,0.8083176,0.01171475,0.30220634,28.62745094,29.01960754,-,-,59,56.7652359,14.64881134,-,2042,-,-102.03411865,36.84562302,-76.17298126,11.76470566,59.27880859,59.03026199,-
Sat Dec 02 14:15:51 EST 2017,02-Dec-2017 14:15:51.232,-76.17325829,36.84569258,26.5,3.0,-31.600000381469727,288.0,8.31266785,-0.11492168,4.21379519,-0.0334478,-,17.64705849,-0.09825676,0.77707827,0,0.35687518,25.09803963,29.01960754,-,-,59,56.76847076,14.64881134,-,2042,-,-103.67454529,36.84569168,-76.17325592,8.23529434,59.27880859,59.03026199,-
Sat Dec 02 14:15:51 EST 2017,02-Dec-2017 14:15:52.228,-76.17325829,36.84569258,26.5,3.0,-31.600000381469727,288.0,9.04050541,0.34476504,4.29040956,0.03967804,-,20.3921566,0.02039894,0.91375035,-0.01952458,0.35297027,28.62745094,25.09803963,-,-,59,56.77081299,14.64881134,-,2024,-,-103.67454529,36.84569168,-76.17325592,11.37254906,59.27880859,58.40889359,-
Sat Dec 02 14:15:53 EST 2017,02-Dec-2017 14:15:53.235,-76.17382314,36.84581626,26.25,3.0,-31.799999237060547,284.7,8.31266785,-0.65122288,3.83072281,-0.00637333,-,20.3921566,-0.02878804,0.85517663,-0.07809832,0.35297027,28.62745094,29.01960754,-,-,59,56.77314758,14.64881134,-,2026,-,-104.33070374,36.84581757,-76.1738205,11.37254906,58.71957779,58.40889359,-
Sat Dec 02 14:15:54 EST 2017,02-Dec-2017 14:15:54.227,-76.1741121,36.84587239,26.25,3.0,-32.400001525878906,283.4,8.46589756,0.2681506,4.21379519,0.00373524,-,21.56862831,-0.02480559,0.85908157,-0.00390492,0.36078009,30.58823586,30.98039246,-,-,59,56.77547455,14.64881134,-,2025,-,-106.29921722,36.84587097,-76.17411041,12.94117641,58.71957779,58.40889359,-
Sat Dec 02 14:15:55 EST 2017,02-Dec-2017 14:15:55.229,-76.17439501,36.84592151,26.0,3.0,-32.79999923706055,282.3,9.19373417,0.03830723,3.60087943,-0.00109465,-,21.56862831,-0.04923924,0.86298645,-0.07809832,0.29049161,30.98039246,30.98039246,-,-,59,56.77779388,14.64881134,-,2025,-,-107.61154938,36.84592056,-76.1743927,12.94117641,58.16034317,58.40889359,-
Sat Dec 02 14:15:55 EST 2017,02-Dec-2017 14:15:56.230,-76.17439501,36.84592151,26.0,3.0,-32.79999923706055,282.3,8.92558384,0.07661445,4.02225876,0.01699442,-,21.56862831,-0.07407872,0.83174706,-0.00390492,0.30611128,30.98039246,30.98039246,-,-,59,56.78010559,14.64881134,-,2025,-,-107.61154938,36.84592056,-76.1743927,12.94117641,58.16034317,58.40889359,-
Sat Dec 02 14:15:57 EST 2017,02-Dec-2017 14:15:57.228,-76.17497292,36.84601808,26.25,4.0,-32.5,281.5,8.77235508,0.15322891,3.63918662,0.00766506,-,21.56862831,-0.05443729,0.85517663,-0.01952458,0.30220634,30.58823586,30.98039246,-,-,59,56.78241348,14.64881134,-,2035,-,-106.62729645,36.84601974,-76.17497253,12.94117641,58.71957779,58.40889359,-
Sat Dec 02 14:15:58 EST 2017,02-Dec-2017 14:15:58.228,-76.17526045,36.84605854,26.25,3.0,-32.29999923706055,280.2,8.88727665,-0.76614451,4.25210238,-0.00103652,-,21.96078491,-0.01109364,0.90984541,0,0.28658667,30.58823586,30.58823586,-,-,59,56.78471375,14.64881134,-,2035,-,-105.97112274,36.84605789,-76.17526245,12.94117641,58.71957779,58.40889359,-
Sat Dec 02 14:15:59 EST 2017,02-Dec-2017 14:15:59.230,-76.17555187,36.8460957,26.25,3.0,-32.099998474121094,279.1,8.73404789,-0.34476504,3.86903,-0.03087404,-,21.56862831,-0.08950851,0.82784218,-0.05076391,0.27487195,30.58823586,30.58823586,-,-,59,56.78701019,14.64881134,-,2037,-,-105.31495667,36.84609604,-76.17555237,12.94117641,58.71957779,58.40889359,-
Sat Dec 02 14:16:00 EST 2017,02-Dec-2017 14:16:00.230,-76.17584963,36.84613028,26.25,3.0,-32.099998474121094,277.7,8.73404789,-1.11090958,4.44363832,0.02432436,-,21.17647171,-0.04986536,0.86298645,-0.04295408,0.29439652,29.80392265,29.80392265,-,-,59,56.79244995,14.64881134,-,2038,-,-105.31495667,36.84613037,-76.17584991,12.15686321,58.71957779,59.03026199,32.313591
Sat Dec 02 14:16:01 EST 2017,02-Dec-2017 14:16:01.228,-76.17614272,36.84615158,26.25,3.0,-32.20000076293945,276.1,8.46589756,-0.91937345,4.09887314,-0.02427223,-,21.17647171,-0.03385235,0.86689138,-0.01171475,0.32563588,29.80392265,29.41176605,-,-,59,56.79244995,14.64881134,-,2034,-,-105.64304352,36.84615326,-76.17613983,12.15686321,58.71957779,59.03026199,32.313591
Sat Dec 02 14:16:02 EST 2017,02-Dec-2017 14:16:02.227,-76.17643586,36.84616511,26.25,4.0,-32.5,274.1,9.00219822,-0.19153613,4.5202527,-0.00029493,-,19.6078434,0.02909487,0.91765523,-0.06247865,0.36078009,29.80392265,29.41176605,-,-,59,56.79559708,14.64881134,-,2034,-,-106.62729645,36.8461647,-76.17643738,10.58823586,58.71957779,59.03026199,32.313591
Sat Dec 02 14:16:03 EST 2017,02-Dec-2017 14:16:03.235,-76.1767292,36.84617523,26.25,4.0,-32.5,272.6,8.31266785,0,4.21379519,0.01106037,-,19.6078434,-0.04943195,0.83565199,-0.05466883,0.34906533,27.45098114,24.31372643,-,-,59,56.79559708,14.64881134,-,2034,-,-106.62729645,36.84617615,-76.17672729,10.58823586,58.71957779,59.03026199,32.313591
Sat Dec 02 14:16:04 EST 2017,02-Dec-2017 14:16:04.227,-76.17702482,36.84618378,26.0,4.0,-32.29999923706055,271.5,8.23605347,0.2681506,4.86501789,-0.00552887,-,19.6078434,0.00685821,0.88641596,0.01952458,0.37639979,27.45098114,24.31372643,-,-,59,56.79699326,14.64881134,-,2008,-,-105.97112274,36.84618378,-76.17702484,10.58823586,58.16034317,57.78752136,-
Sat Dec 02 14:16:04 EST 2017,02-Dec-2017 14:16:05.230,-76.17702482,36.84618378,26.0,4.0,-32.29999923706055,271.5,8.6957407,0.34476504,4.5202527,-0.00466241,-,19.6078434,-0.02940109,0.84736669,0.01171475,0.37249482,27.45098114,24.31372643,-,-,59,56.79699326,14.64881134,-,2008,-,-105.97112274,36.84618378,-76.17702484,11.76470566,58.16034317,57.78752136,-
Sat Dec 02 14:16:06 EST 2017,02-Dec-2017 14:16:06.231,-76.17760592,36.84618573,25.75,3.0,-32.099998474121094,269.8,8.73404789,1.07260239,4.02225876,-0.00229665,-,20.3921566,-0.01642361,0.88251102,0.05857374,0.32954079,29.80392265,29.80392265,-,-,59,56.79699326,14.64881134,-,2008,-,-105.31495667,36.84618759,-76.17760468,11.76470566,57.60110855,57.78752136,-
Sat Dec 02 14:16:07 EST 2017,02-Dec-2017 14:16:07.228,-76.17789581,36.84618288,25.75,3.0,-31.700000762939453,269.4,8.65743351,0.22984336,4.32871675,0.00962748,-,20.3921566,0.00393664,0.90984541,0.03904916,0.32173091,29.80392265,29.80392265,-,-,59,56.79699326,14.64881134,-,2000,-,-104.00262451,36.84618378,-76.17789459,11.76470566,57.60110855,57.78752136,-
Sat Dec 02 14:16:08 EST 2017,02-Dec-2017 14:16:08.230,-76.17818547,36.84617937,25.75,3.0,-31.700000762939453,269.4,9.19373417,0.42137951,4.5202527,0.02194616,-,20.3921566,-0.06768202,0.83565199,0.04685899,0.31001619,29.80392265,29.80392265,-,-,59,56.79699326,14.64881134,-,2000,-,-104.00262451,36.84617996,-76.17818451,11.76470566,57.60110855,57.78752136,-
Sat Dec 02 14:16:09 EST 2017,02-Dec-2017 14:16:09.230,-76.17847817,36.84617667,26.0,3.0,-31.299999237060547,269.5,8.50420475,0.2681506,4.25210238,-0.01218227,-,20.3921566,-0.06892665,0.82003236,0.05076391,0.33735061,29.80392265,29.80392265,-,-,59,56.79699326,14.64881134,-,2000,-,-102.69028473,36.84617615,-76.17847443,11.76470566,58.16034317,57.78752136,-
Sat Dec 02 14:16:09 EST 2017,02-Dec-2017 14:16:10.229,-76.17847817,36.84617667,26.0,3.0,-31.299999237060547,269.5,9.30865574,0,4.32871675,0.00457307,-,21.56862831,-0.01607462,0.88641596,-0.0234295,0.32563588,30.98039246,30.98039246,-,-,59,56.79976654,14.64881134,-,2020,-,-102.69028473,36.84617615,-76.17847443,13.33333397,58.16034317,58.40889359,15.21774292
Sat Dec 02 14:16:11 EST 2017,02-Dec-2017 14:16:11.230,-76.17906417,36.84617313,26.0,3.0,-31.200000762939453,269.8,8.54251194,0.42137951,4.21379519,0.02109248,-,23.13725471,0.03427877,0.94108468,0.04685899,0.32563588,30.98039246,32.15686417,-,-,59,56.80201721,14.64881134,-,2029,-,-102.36220551,36.84617233,-76.17906189,14.50980377,58.16034317,58.40889359,15.21774292
Sat Dec 02 14:16:12 EST 2017,02-Dec-2017 14:16:12.227,-76.17935692,36.84617171,26.0,3.0,-30.899999618530273,269.8,9.15542698,1.41736746,4.63517427,0.04116035,-,23.13725471,0.0523266,0.93327487,0.07028849,0.38030469,32.15686417,32.54901886,-,-,59,56.80426025,14.64881134,-,2027,-,-101.37795258,36.84617233,-76.17935944,14.50980377,58.16034317,58.40889359,15.21774292
Sat Dec 02 14:16:13 EST 2017,02-Dec-2017 14:16:13.227,-76.17965049,36.84617219,26.25,3.0,-30.700000762939453,269.8,8.19774628,0.30645782,4.13718033,0.01435748,-,23.13725471,-0.05542222,0.8747012,0.01561966,0.25534737,32.15686417,32.54901886,-,-,59,56.80649567,14.64881134,-,2032,-,-100.7217865,36.84617233,-76.17964935,14.50980377,58.71957779,58.40889359,-
Sat Dec 02 14:16:14 EST 2017,02-Dec-2017 14:16:14.228,-76.17994487,36.84616993,26.25,3.0,-30.299999237060547,269.8,8.38928318,-0.11492168,3.75410819,0.01864487,-,23.13725471,-0.03635886,0.85908157,0.09371798,0.32563588,32.54901886,32.54901886,-,-,59,56.80649567,14.64881134,-,2032,-,-99.40944672,36.84616852,-76.1799469,14.50980377,58.71957779,58.40889359,-
Sat Dec 02 14:16:15 EST 2017,02-Dec-2017 14:16:15.230,-76.18023642,36.84616597,26.25,3.0,-29.600000381469727,269.6,9.0788126,0.22984336,3.98395157,0.0330265,-,23.13725471,0.00903052,0.9371798,-0.03904916,0.27096704,32.54901886,32.54901886,-,-,59,56.80873108,14.64881134,-,2027,-,-97.11286163,36.8461647,-76.18023682,14.50980377,58.71957779,58.40889359,-
Sat Dec 02 14:16:16 EST 2017,02-Dec-2017 14:16:16.230,-76.18052766,36.84616763,26.25,3.0,-29.200000762939453,269.7,8.15943909,0.57460839,3.94564438,-0.01444456,-,23.13725471,-0.00175629,0.90203559,-0.03123933,0.32563588,32.54901886,32.54901886,-,-,59,56.81095886,14.64881134,-,2023,-,-95.80052948,36.84616852,-76.18052673,14.90196133,58.71957779,58.40889359,-
Sat Dec 02 14:16:17 EST 2017,02-Dec-2017 14:16:17.234,-76.180821,36.84616388,26.25,3.0,-28.600000381469727,270.1,9.00219822,0.15322891,3.48595762,0.00317824,-,23.13725471,-0.02304697,0.88251102,0.01952458,0.317826,32.54901886,32.94117737,-,-,59,56.81317902,14.64881134,-,2023,-,-93.83202362,36.8461647,-76.18082428,14.90196133,58.71957779,58.40889359,-
Sat Dec 02 14:16:18 EST 2017,02-Dec-2017 14:16:18.230,-76.18111553,36.84616014,26.25,3.0,-27.899999618530273,270.5,8.61912632,0.19153613,3.33272886,-0.0161216,-,23.52941132,-0.05716044,0.84736669,0.04685899,0.31001619,32.94117737,33.33333206,-,-,59,56.81759644,14.64881134,-,2027,-,-91.53543091,36.84616089,-76.1811142,14.90196133,58.71957779,58.40889359,-
Sat Dec 02 14:16:19 EST 2017,02-Dec-2017 14:16:19.237,-76.18140562,36.8461607,26.0,3.0,-27.200000762939453,271.2,8.92558384,-0.38307226,4.175488,-0.03905119,-,23.52941132,-0.07368325,0.82393724,-0.02733441,0.32173091,32.94117737,33.33333206,-,-,59,56.81759644,14.64881134,-,2027,-,-89.23884583,36.84616089,-76.18140411,14.90196133,58.16034317,58.40889359,-
Sat Dec 02 14:16:20 EST 2017,02-Dec-2017 14:16:20.230,-76.18170271,36.8461725,26.0,3.0,-26.700000762939453,271.5,8.46589756,-0.22984336,3.86903,-0.0305665,-,22.74509811,-0.06011864,0.84346181,0.00390492,0.31392109,31.76470566,32.15686417,-,-,59,56.81980133,14.64881134,-,2033,-,-87.59842682,36.84617233,-76.18170166,15.29411793,58.16034317,58.40889359,-
Sat Dec 02 14:16:21 EST 2017,02-Dec-2017 14:16:21.229,-76.18199886,36.84618026,26.0,3.0,-26.299999237060547,271.4,8.61912632,0.19153613,4.02225876,-0.01123554,-,22.74509811,-0.02843461,0.85517663,0.10152781,0.34906533,31.37254906,31.37254906,-,-,59,56.82199097,14.64881134,-,2020,-,-86.28608704,36.84617996,-76.18199921,14.11764717,58.16034317,58.40889359,-
Sat Dec 02 14:16:22 EST 2017,02-Dec-2017 14:16:22.231,-76.18229734,36.84618612,26.25,3.0,-25.700000762939453,270.9,10.57279491,0.15322891,5.43962622,-0.02488613,-,21.17647171,0.02112399,0.86298645,0.32020313,0.34125552,31.37254906,31.37254906,-,-,59,56.8241806,14.64881134,-,2020,-,-84.31758881,36.84618759,-76.18229675,12.54901981,58.71957779,58.40889359,-
Sat Dec 02 14:16:23 EST 2017,02-Dec-2017 14:16:23.230,-76.18259247,36.84619056,26.0,3.0,-25.0,270.5,9.04050541,0,5.20978308,0.03833758,-,17.64705849,-0.07689276,0.83955687,-0.10933765,0.26706213,29.80392265,28.23529434,-,-,59,56.82550812,14.64881134,-,2017,-,-82.02099609,36.84619141,-76.1825943,9.01960754,58.16034317,57.78752136,-
Sat Dec 02 14:16:24 EST 2017,02-Dec-2017 14:16:24.227,-76.18288504,36.84619168,26.0,3.0,-24.399999618530273,270.1,9.04050541,-0.49799395,4.29040956,0.01104281,-,17.64705849,-0.00782793,0.84346181,0.05076391,0.41935381,14.11764717,23.52941132,-,-,59,56.82597733,14.64881134,-,1982,-,-80.05249023,36.84619141,-76.18288422,7.45098066,58.16034317,57.16614914,-
Sat Dec 02 14:16:25 EST 2017,02-Dec-2017 14:16:25.232,-76.1831673,36.8461939,25.75,3.0,-24.799999237060547,269.9,8.35097599,-0.5363012,4.29040956,0.03710165,-,17.25490189,-0.05140839,0.82393724,0.06638357,0.364685,25.09803963,25.49019623,-,-,59,56.82605743,14.64881134,-,1965,-,-81.36483002,36.84619522,-76.1831665,7.84313726,57.60110855,56.54477692,-
Sat Dec 02 14:16:26 EST 2017,02-Dec-2017 14:16:26.227,-76.18345342,36.84619333,25.5,3.0,-24.799999237060547,269.7,8.77235508,0.2681506,4.5202527,-0.0100483,-,18.8235302,-0.02759479,0.88641596,0.0234295,0.29830143,27.05882454,27.45098114,-,-,59,56.82605743,14.64881134,-,1971,-,-81.36483002,36.84619522,-76.18345642,8.23529434,57.04187393,56.54477692,-
Sat Dec 02 14:16:27 EST 2017,02-Dec-2017 14:16:27.227,-76.18373783,36.84619223,25.25,3.0,-24.399999618530273,269.7,8.46589756,1.03429508,4.32871675,-0.02194001,-,23.52941132,-0.11594391,0.82003236,-0.03123933,0.22801295,27.05882454,27.45098114,-,-,59,56.82605743,14.64881134,-,1971,-,-80.05249023,36.84619141,-76.18373871,13.72549057,56.48263931,56.54477692,-
Sat Dec 02 14:16:27 EST 2017,02-Dec-2017 14:16:28.230,-76.18373783,36.84619223,25.25,3.0,-24.399999618530273,269.7,9.11711979,0.07661445,4.175488,-0.0164417,-,23.52941132,-0.04794015,0.86298645,0.0741934,0.29439652,32.94117737,33.72549057,-,-,59,56.82652283,14.64881134,-,1978,-,-80.05249023,36.84619141,-76.18373871,13.72549057,56.48263931,57.16614914,-
Sat Dec 02 14:16:29 EST 2017,02-Dec-2017 14:16:29.229,-76.18430963,36.84618955,25.5,3.0,-24.299999237060547,269.9,9.30865574,-0.03830723,4.25210238,0.06221193,-,21.96078491,0.00281129,0.90203559,0,0.33735061,31.37254906,31.37254906,-,-,59,56.82652283,14.64881134,-,1994,-,-79.72440338,36.84619141,-76.18431091,15.68627453,57.04187393,57.16614914,-
Sat Dec 02 14:16:30 EST 2017,02-Dec-2017 14:16:30.231,-76.18459648,36.84618924,25.75,3.0,-25.100000381469727,270.0,8.42759037,0.45968673,4.13718033,0.00300045,-,21.56862831,-0.01270737,0.89032084,0.01561966,0.32563588,29.80392265,31.37254906,-,-,59,56.82698822,14.64881134,-,1994,-,-82.34908295,36.84618759,-76.1845932,12.94117641,57.60110855,57.16614914,-
Sat Dec 02 14:16:31 EST 2017,02-Dec-2017 14:16:31.229,-76.18488811,36.84618699,26.0,3.0,-25.299999237060547,269.9,8.38928318,0.68953007,3.98395157,-0.02071716,-,17.64705849,-0.05087766,0.85127175,0.03123933,0.317826,25.49019623,25.49019623,-,-,59,56.82960892,14.64881134,-,1999,-,-83.00524902,36.84618759,-76.18489075,8.23529434,58.16034317,57.78752136,50.32236862
Sat Dec 02 14:16:32 EST 2017,02-Dec-2017 14:16:32.235,-76.18517711,36.84618451,26.0,3.0,-25.700000762939453,269.6,8.42759037,0.68953007,4.175488,-0.02669596,-,16.86274529,-0.02882737,0.8747012,0.07809832,0.31392109,21.17647171,21.56862831,-,-,59,56.83221436,14.64881134,-,1994,-,-84.31758881,36.84618378,-76.18518066,7.45098066,58.16034317,57.78752136,50.32236862
Sat Dec 02 14:16:32 EST 2017,02-Dec-2017 14:16:33.231,-76.18517711,36.84618451,26.0,3.0,-25.700000762939453,269.6,9.23204136,-0.15322891,4.5202527,0.06695169,-,16.86274529,0.04819321,0.94108468,0,0.36078009,21.17647171,21.56862831,-,-,59,56.83480835,14.64881134,-,1978,-,-84.31758881,36.84618378,-76.18518066,7.45098066,58.16034317,57.78752136,50.32236862
Sat Dec 02 14:16:34 EST 2017,02-Dec-2017 14:16:34.231,-76.18575937,36.84618148,25.75,3.0,-26.700000762939453,269.4,9.15542698,0.2681506,4.63517427,-0.03520021,-,16.86274529,-0.03170694,0.84736669,0.05466883,0.364685,21.17647171,21.56862831,-,-,59,56.83480835,14.64881134,-,1978,-,-87.59842682,36.84617996,-76.1857605,7.45098066,57.60110855,57.78752136,50.32236862
Sat Dec 02 14:16:35 EST 2017,02-Dec-2017 14:16:35.228,-76.18605166,36.84617842,25.75,3.0,-26.700000762939453,270.1,8.6957407,0.49799395,4.25210238,0.0369981,-,16.86274529,0.07926378,0.96060938,-0.05466883,0.38811451,21.17647171,21.56862831,-,-,59,56.83480835,14.64881134,-,1978,-,-87.59842682,36.84617996,-76.18605042,7.45098066,57.60110855,57.78752136,50.32236862
Sat Dec 02 14:16:36 EST 2017,02-Dec-2017 14:16:36.231,-76.18633778,36.8461854,25.5,3.0,-26.799999237060547,270.9,7.92959595,-0.34476504,3.94564438,0.00382881,-,16.86274529,0.01191478,0.89422578,-0.01952458,0.37249482,21.17647171,21.56862831,-,-,59,56.83480835,14.64881134,-,1978,-,-87.92650604,36.84618378,-76.18634033,7.45098066,57.04187393,57.78752136,50.32236862
Sat Dec 02 14:16:37 EST 2017,02-Dec-2017 14:16:37.232,-76.18662466,36.84619621,25.5,3.0,-27.100000381469727,271.5,8.88727665,0.11492168,3.75410819,0.00251955,-,20,0.0142268,0.88641596,0.01171475,0.39201942,21.17647171,21.56862831,-,-,59,56.83480835,14.64881134,-,1978,-,-88.91075897,36.84619522,-76.18662262,10.58823586,57.04187393,57.78752136,50.32236862
Sat Dec 02 14:16:38 EST 2017,02-Dec-2017 14:16:38.227,-76.18691072,36.84620582,25.75,3.0,-27.299999237060547,271.6,8.38928318,0.2681506,4.55855989,0.02683525,-,20,-0.05168188,0.89032084,-0.03123933,0.22410804,21.17647171,21.56862831,-,-,59,56.83525467,14.64881134,-,1981,-,-89.56692505,36.84620667,-76.18691254,10.58823586,57.60110855,57.16614914,-
Sat Dec 02 14:16:39 EST 2017,02-Dec-2017 14:16:39.227,-76.18719868,36.84621168,25.75,3.0,-27.100000381469727,271.2,8.84896946,-0.03830723,4.78840351,0.02480745,-,21.17647171,0.01558745,0.89422578,0.01952458,0.38030469,30.58823586,30.58823586,-,-,59,56.83525467,14.64881134,-,1981,-,-88.91075897,36.84621048,-76.18720245,12.54901981,57.60110855,57.16614914,-
Sat Dec 02 14:16:40 EST 2017,02-Dec-2017 14:16:40.230,-76.18748506,36.84621678,25.5,3.0,-26.600000381469727,270.8,9.23204136,0.03830723,4.5202527,0.0149977,-,21.56862831,0.04713733,0.97622901,-0.04685899,0.27487195,30.58823586,30.98039246,-,-,59,56.83615112,14.64881134,-,1984,-,-87.27033997,36.84621811,-76.18748474,12.54901981,57.04187393,57.16614914,-
Sat Dec 02 14:16:41 EST 2017,02-Dec-2017 14:16:41.228,-76.18777093,36.84621849,25.5,3.0,-26.299999237060547,270.4,9.0788126,0.2681506,3.52426481,0.01212382,-,22.35294151,-0.02182945,0.92156017,0.04295408,0.22410804,31.76470566,32.15686417,-,-,59,56.83659744,14.64881134,-,1982,-,-86.28608704,36.84621811,-76.18777466,14.11764717,57.04187393,57.16614914,-
Sat Dec 02 14:16:41 EST 2017,02-Dec-2017 14:16:42.233,-76.18777093,36.84621849,25.5,3.0,-26.299999237060547,270.4,8.46589756,0.38307226,3.60087943,0.00358717,-,22.74509811,-0.03685784,0.87860614,0.05076391,0.29049161,32.15686417,32.54901886,-,-,59,56.83659744,14.64881134,-,1975,-,-86.28608704,36.84621811,-76.18777466,14.11764717,57.04187393,56.54477692,-
Sat Dec 02 14:16:43 EST 2017,02-Dec-2017 14:16:43.229,-76.18834925,36.84621666,25.5,3.0,-25.799999237060547,269.5,8.96389103,0.34476504,4.09887314,-0.00913176,-,24.70588303,-0.09132027,0.82784218,0.04685899,0.27096704,34.50980377,34.50980377,-,-,59,56.83664703,14.64881134,-,2012,-,-84.64566803,36.84621811,-76.18834686,16.47058868,57.04187393,57.16614914,-
Sat Dec 02 14:16:44 EST 2017,02-Dec-2017 14:16:44.227,-76.18863594,36.84621466,25.5,3.0,-25.5,269.5,8.42759037,0.42137951,3.75410819,-0.01032285,-,24.70588303,-0.06526286,0.82393724,0.05466883,0.33735061,34.50980377,34.50980377,-,-,59,56.83664703,14.64881134,-,2012,-,-83.6614151,36.84621429,-76.18863678,16.47058868,57.04187393,57.16614914,-
Sat Dec 02 14:16:45 EST 2017,02-Dec-2017 14:16:45.230,-76.18892419,36.84621399,25.5,3.0,-25.200000762939453,269.6,8.58081913,0.65122288,3.94564438,0.00003479,-,24.70588303,-0.01467989,0.90203559,0.03123933,0.29439652,34.50980377,34.50980377,-,-,59,56.83664703,14.64881134,-,2012,-,-82.6771698,36.84621429,-76.1889267,16.47058868,57.04187393,57.16614914,-
Sat Dec 02 14:16:45 EST 2017,02-Dec-2017 14:16:46.235,-76.18892419,36.84621399,25.5,3.0,-25.200000762939453,269.6,8.42759037,0.42137951,3.86903,-0.02674484,-,25.09803963,-0.02489172,0.87860614,0.01952458,0.32173091,34.50980377,34.90196228,-,-,59,56.83792496,14.64881134,-,2013,-,-82.6771698,36.84621429,-76.1889267,16.86274529,57.04187393,57.78752136,-
Sat Dec 02 14:16:47 EST 2017,02-Dec-2017 14:16:47.232,-76.18950283,36.8462127,25.75,3.0,-24.700000762939453,269.9,9.53849983,0,4.32871675,-0.0176339,-,25.09803963,-0.02819126,0.88251102,0.00390492,0.30611128,34.50980377,34.90196228,-,-,59,56.83792496,14.64881134,-,2013,-,-81.03675079,36.84621429,-76.18950653,16.86274529,57.60110855,57.78752136,-
Sat Dec 02 14:16:48 EST 2017,02-Dec-2017 14:16:48.227,-76.18979361,36.8462129,26.0,3.0,-24.600000381469727,270.0,6.43561411,2.37504816,3.60087943,-0.06505157,-,25.09803963,0.07351539,0.97232407,0.08981306,0.34516042,34.50980377,34.90196228,-,-,59,56.84003448,14.64881134,-,2022,-,-80.70866394,36.84621429,-76.18979645,16.86274529,58.16034317,58.40889359,26.68450737
Sat Dec 02 14:16:49 EST 2017,02-Dec-2017 14:16:49.231,-76.19008831,36.84621142,26.25,3.0,-24.200000762939453,269.9,8.92558384,0.42137951,4.67348194,0.03204661,-,25.09803963,-0.01217431,0.88641596,0.03904916,0.3334457,34.50980377,34.90196228,-,-,59,56.84003448,14.64881134,-,2022,-,-79.39633179,36.84621048,-76.19008636,16.86274529,58.71957779,58.40889359,26.68450737
Sat Dec 02 14:16:50 EST 2017,02-Dec-2017 14:16:50.230,-76.19038368,36.84620964,26.5,3.0,-24.200000762939453,270.2,7.39329481,0.19153613,2.79642749,-0.17500609,-,25.09803963,-0.09825682,0.83955687,0.01171475,0.22801295,34.50980377,34.90196228,-,-,59,56.84003448,14.64881134,-,2022,-,-79.39633179,36.84621048,-76.19038391,16.86274529,59.27880859,58.40889359,26.68450737
Sat Dec 02 14:16:50 EST 2017,02-Dec-2017 14:16:51.228,-76.19038368,36.84620964,26.5,3.0,-24.200000762939453,270.2,6.93360806,0.99598789,2.29843354,-0.03501165,-,19.2156868,0.00392145,0.92546505,0.03514424,0.28658667,26.27450943,26.27450943,-,-,59,56.8429718,14.64881134,-,2046,-,-79.39633179,36.84621048,-76.19038391,8.23529434,59.27880859,59.03026199,-
Sat Dec 02 14:16:52 EST 2017,02-Dec-2017 14:16:52.231,-76.19097306,36.84622127,26.5,4.0,-25.200000762939453,270.9,7.58483076,0.49799395,3.52426481,-0.05504999,-,19.6078434,-0.2118953,0.72631437,-0.01952458,0.20458345,27.84313774,27.84313774,-,-,59,56.84881592,14.64881134,-,2044,-,-82.6771698,36.84622192,-76.19097137,10.1960783,59.27880859,59.03026199,-
Sat Dec 02 14:16:53 EST 2017,02-Dec-2017 14:16:53.229,-76.19126969,36.84622817,26.5,4.0,-25.299999237060547,271.2,8.73404789,0.34476504,3.86903,-0.01827894,-,19.6078434,-0.04732335,0.82003236,-0.00780983,0.3842096,27.84313774,27.84313774,-,-,59,56.85173416,14.64881134,-,2038,-,-83.00524902,36.84622955,-76.19126892,10.1960783,59.27880859,59.03026199,-
Sat Dec 02 14:16:54 EST 2017,02-Dec-2017 14:16:54.230,-76.19156568,36.84623395,26.25,4.0,-25.0,271.6,8.23605347,-0.61291564,4.59686708,-0.02221522,-,18.03921509,-0.05461491,0.84346181,0.0234295,0.32563588,26.27450943,26.66666794,-,-,59,56.85380554,14.64881134,-,2035,-,-82.02099609,36.84623337,-76.19156647,9.8039217,58.71957779,58.40889359,-
Sat Dec 02 14:16:55 EST 2017,02-Dec-2017 14:16:55.232,-76.19186079,36.8462466,26.25,3.0,-25.700000762939453,272.3,8.84896946,-0.65122288,4.32871675,0.00222174,-,18.8235302,-0.04327971,0.8747012,0.01171475,0.28658667,27.05882454,27.05882454,-,-,59,56.85380554,14.64881134,-,2031,-,-84.31758881,36.84624481,-76.19186401,9.8039217,58.71957779,58.40889359,-
Sat Dec 02 14:16:56 EST 2017,02-Dec-2017 14:16:56.226,-76.19215287,36.84625521,26.25,3.0,-26.299999237060547,272.4,8.42759037,1.07260239,4.59686708,-0.01801497,-,18.4313736,-0.05049992,0.86689138,0.05466883,0.28268176,25.88235283,25.09803963,-,-,59,56.85794449,14.64881134,-,2029,-,-86.28608704,36.84625626,-76.19215393,9.01960754,58.71957779,58.40889359,-
Sat Dec 02 14:16:57 EST 2017,02-Dec-2017 14:16:57.227,-76.19244368,36.84626814,26.25,4.0,-26.799999237060547,273.0,8.73404789,0.84275901,4.21379519,0.00386867,-,18.4313736,-0.00267386,0.92156017,0.03514424,0.27877685,25.88235283,25.09803963,-,-,59,56.85794449,14.64881134,-,2029,-,-87.92650604,36.8462677,-76.19244385,7.45098066,58.71957779,58.40889359,-
Sat Dec 02 14:16:58 EST 2017,02-Dec-2017 14:16:58.230,-76.1927283,36.84628502,26.25,4.0,-27.399999618530273,275.1,6.93360806,1.95366859,4.94163227,-0.01851882,-,16.86274529,-0.12289247,0.75364876,0.0976229,0.33735061,14.11764717,14.50980377,-,-,59,56.85917664,14.64881134,-,1981,-,-89.8950119,36.84628677,-76.19272614,7.45098066,58.71957779,57.78752136,-
Sat Dec 02 14:16:59 EST 2017,02-Dec-2017 14:16:59.227,-76.19301769,36.84631592,26.25,4.0,-27.399999618530273,277.3,9.04050541,2.14520478,4.78840351,0.08452696,-,16.86274529,0.09726701,0.96841919,0.17572121,0.3842096,14.11764717,14.50980377,-,-,59,56.85917664,14.64881134,-,1981,-,-89.8950119,36.84631729,-76.19301605,7.45098066,58.71957779,57.78752136,-
Sat Dec 02 14:16:59 EST 2017,02-Dec-2017 14:17:00.231,-76.19301769,36.84631592,26.25,4.0,-27.399999618530273,277.3,10.41956615,1.83874691,5.17147589,0.0994788,-,16.86274529,0.20314403,1.07385194,0.19915071,0.40373418,14.11764717,14.50980377,-,-,59,56.85917664,14.64881134,-,1981,-,-89.8950119,36.84631729,-76.19301605,7.45098066,58.71957779,57.78752136,-
Sat Dec 02 14:17:01 EST 2017,02-Dec-2017 14:17:01.232,-76.19357596,36.84641106,25.5,4.0,-27.799999237060547,281.9,6.85699368,1.57059634,4.25210238,0.02663896,-,17.64705849,0.06313889,0.92936999,0.28505886,0.32954079,28.23529434,14.50980377,-,-,59,56.85917664,14.64881134,-,1981,-,-91.20734406,36.84641266,-76.193573,6.66666698,57.04187393,57.78752136,-
Sat Dec 02 14:17:02 EST 2017,02-Dec-2017 14:17:02.231,-76.19382144,36.84648602,24.5,4.0,-28.0,287.3,9.11711979,2.98796368,4.06056595,0.06339636,-,21.96078491,0.00549332,0.87860614,0.24600971,0.32173091,32.54901886,32.94117737,-,-,59,56.85093689,14.64881134,-,1892,-,-91.86351776,36.84648514,-76.19382477,13.72549057,54.80493546,53.43792343,-
Sat Dec 02 14:17:03 EST 2017,02-Dec-2017 14:17:03.232,-76.19404007,36.84663453,24.0,3.0,-27.100000381469727,300.7,7.12514448,2.87304211,4.55855989,-0.07037562,-,19.6078434,-0.07441656,0.82393724,0.27334413,0.22020312,29.41176605,29.80392265,-,-,59,56.84560013,14.64881134,-,1836,-,-88.91075897,36.84663391,-76.19403839,10.1960783,53.68646622,52.81655121,-
Sat Dec 02 14:17:04 EST 2017,02-Dec-2017 14:17:04.230,-76.19424983,36.84676652,23.75,3.0,-26.5,307.7,8.08282471,-2.64319873,2.26012635,-0.03800986,-,21.17647171,-0.10272664,0.82393724,-0.26943922,0.13039005,31.37254906,31.76470566,-,-,59,56.83945847,14.64881134,-,1815,-,-86.94226074,36.84676743,-76.19425201,12.15686321,53.12723541,52.19517899,-
Sat Dec 02 14:17:04 EST 2017,02-Dec-2017 14:17:05.230,-76.19424983,36.84676652,23.75,3.0,-26.5,307.7,8.46589756,3.40934324,3.63918662,-0.07645958,-,22.35294151,-0.15562631,0.74193406,0.25381953,0.21239327,32.54901886,32.54901886,-,-,59,56.83332825,14.64881134,-,1815,-,-86.94226074,36.84676743,-76.19425201,13.72549057,53.12723541,52.19517899,-
Sat Dec 02 14:17:06 EST 2017,02-Dec-2017 14:17:06.229,-76.19459516,36.8470833,23.5,4.0,-26.100000381469727,321.1,8.31266785,0.22984336,4.36702394,-0.04483216,-,22.35294151,0.05565638,0.98403883,-0.04295408,0.27877685,32.54901886,32.54901886,-,-,59,56.83332825,14.64881134,-,1815,-,-85.62992096,36.84708405,-76.19459534,13.72549057,52.56800079,52.19517899,-
Sat Dec 02 14:17:07 EST 2017,02-Dec-2017 14:17:07.230,-76.19473589,36.84726159,23.75,4.0,-26.799999237060547,326.1,7.58483076,-0.11492168,3.90733719,-0.10315092,-,21.56862831,-0.00181745,0.88641596,-0.13667206,0.33735061,30.98039246,32.54901886,-,-,59,56.82886124,14.64881134,-,1830,-,-87.92650604,36.84726334,-76.19473267,12.54901981,53.12723541,53.43792343,53.40016937
Sat Dec 02 14:17:08 EST 2017,02-Dec-2017 14:17:08.231,-76.19486842,36.84744573,24.0,4.0,-28.100000381469727,328.5,9.42357826,-0.15322891,4.71178913,0.03515953,-,21.17647171,0.03518566,0.94498962,0.00390492,0.32173091,30.19607925,30.19607925,-,-,59,56.82239151,14.64881134,-,1899,-,-92.19160461,36.84744644,-76.19487,12.15686321,53.68646622,54.68066406,81.57650757
Sat Dec 02 14:17:08 EST 2017,02-Dec-2017 14:17:09.232,-76.19486842,36.84744573,24.0,4.0,-28.100000381469727,328.5,6.7803793,0.19153613,3.02627087,0.02570648,-,17.64705849,0.06590532,0.98013395,-0.01171475,0.317826,25.49019623,25.88235283,-,-,59,56.81958771,14.64881134,-,1913,-,-92.19160461,36.84744644,-76.19487,9.01960754,53.68646622,54.68066406,81.57650757
Sat Dec 02 14:17:10 EST 2017,02-Dec-2017 14:17:10.234,-76.1951496,36.84782004,24.25,5.0,-28.0,328.6,8.61912632,0.11492168,4.44363832,0.01040879,-,17.64705849,-0.06336309,0.83174706,0.10152781,0.317826,25.88235283,25.88235283,-,-,59,56.81561279,14.64881134,-,1915,-,-91.86351776,36.84782028,-76.19515228,8.23529434,54.24570084,55.30203629,43.95474243
Sat Dec 02 14:17:10 EST 2017,02-Dec-2017 14:17:11.229,-76.1951496,36.84782004,24.25,5.0,-28.0,328.6,9.27034855,0.19153613,4.71178913,0.05768166,-,20,-0.08871281,0.82003236,0.07028849,0.29049161,29.01960754,29.80392265,-,-,59,56.81166077,14.64881134,-,1926,-,-91.86351776,36.84782028,-76.19515228,11.76470566,54.24570084,55.30203629,43.95474243
Sat Dec 02 14:17:12 EST 2017,02-Dec-2017 14:17:12.227,-76.19542708,36.84821419,24.75,5.0,-28.5,330.7,8.61912632,1.22583127,3.715801,-0.0160985,-,20.7843132,0.02761843,0.93327487,0.22258021,0.26706213,30.19607925,29.80392265,-,-,59,56.81166077,14.64881134,-,1926,-,-93.50393677,36.8482132,-76.19542694,11.76470566,55.36417389,55.30203629,43.95474243
Sat Dec 02 14:17:13 EST 2017,02-Dec-2017 14:17:13.227,-76.19554144,36.84842149,24.75,4.0,-28.5,334.5,9.00219822,0.8810662,3.98395157,0.01043144,-,20.7843132,0.05422449,0.96841919,0.17962612,0.27487195,30.19607925,30.98039246,-,-,59,56.81166077,14.64881134,-,1940,-,-93.50393677,36.848423,-76.19554138,11.76470566,55.36417389,55.30203629,43.95474243
Sat Dec 02 14:17:13 EST 2017,02-Dec-2017 14:17:14.229,-76.19554144,36.84842149,24.75,4.0,-28.5,334.5,8.6957407,1.41736746,4.175488,0.03442499,-,20.7843132,-0.0263951,0.89032084,0.10543273,0.27877685,30.19607925,30.98039246,-,-,59,56.81166077,14.64881134,-,1940,-,-93.50393677,36.848423,-76.19554138,11.76470566,55.36417389,55.30203629,43.95474243
Sat Dec 02 14:17:15 EST 2017,02-Dec-2017 14:17:15.231,-76.1957254,36.84885896,25.5,4.0,-28.399999618530273,341.6,8.54251194,0.80445176,3.94564438,0.01448245,-,20.7843132,-0.00721289,0.89032084,0.06638357,0.3334457,30.19607925,30.98039246,-,-,59,56.81166077,14.64881134,-,1940,-,-93.17584991,36.84885788,-76.19572449,11.76470566,57.04187393,55.30203629,43.95474243
Sat Dec 02 14:17:16 EST 2017,02-Dec-2017 14:17:16.231,-76.19576471,36.84909014,25.5,4.0,-29.0,349.0,8.15943909,1.03429508,4.02225876,-0.04770881,-,25.49019623,-0.01539251,0.89422578,0.08590815,0.30220634,35.29411697,35.68627548,-,-,57.20000076,56.81050491,14.64881134,-,2025,-,-95.14435577,36.84909058,-76.19576263,17.64705849,57.04187393,55.92340851,-
Sat Dec 02 14:17:17 EST 2017,02-Dec-2017 14:17:17.230,-76.19580129,36.849324,25.75,4.0,-28.899999618530273,352.8,8.77235508,0.80445176,4.175488,0.04684452,-,25.49019623,0.06463057,0.96060938,0.14838681,0.3334457,35.29411697,35.29411697,-,-,57.20000076,56.81177521,14.64881134,-,2040,-,-94.81626892,36.84932327,-76.19580078,17.25490189,57.60110855,57.78752136,-
Sat Dec 02 14:17:18 EST 2017,02-Dec-2017 14:17:18.232,-76.19581863,36.8495616,26.0,4.0,-28.799999237060547,356.0,8.23605347,0.99598789,3.90733719,-0.01886729,-,24.31372643,-0.00150413,0.90203559,0.08981306,0.317826,33.72549057,34.11764908,-,-,57.20000076,56.81592178,14.64881134,-,2053,-,-94.4881897,36.84955978,-76.19581604,16.07843208,58.16034317,58.40889359,135.71925354
Sat Dec 02 14:17:19 EST 2017,02-Dec-2017 14:17:19.230,-76.19582357,36.84981254,26.5,4.0,-30.100000381469727,359.1,9.0788126,1.11090958,3.98395157,0.00303832,-,24.31372643,0.02229631,0.92546505,0.08200324,0.32563588,33.72549057,34.11764908,-,-,57.20000076,56.81592178,14.64881134,-,2053,-,-98.75328064,36.84981155,-76.19582367,16.07843208,59.27880859,58.40889359,135.71925354
Sat Dec 02 14:17:20 EST 2017,02-Dec-2017 14:17:20.232,-76.19582114,36.85005622,26.5,4.0,-30.299999237060547,0.5,8.35097599,-0.49799395,3.60087943,-0.05257386,-,23.92156982,-0.00387563,0.90203559,-0.00780983,0.32173091,33.33333206,33.72549057,-,-,57.20000076,56.81592178,14.64881134,-,2078,-,-99.40944672,36.85005569,-76.19582367,15.68627453,59.27880859,58.40889359,135.71925354
Sat Dec 02 14:17:21 EST 2017,02-Dec-2017 14:17:21.230,-76.19581534,36.85029426,26.75,3.0,-29.700000762939453,1.4,9.27034855,0.03830723,4.32871675,0.01255633,-,22.35294151,0.03164948,0.95670444,0.04295408,0.28268176,30.58823586,30.58823586,-,-,57.20000076,56.82326889,14.64881134,-,2086,-,-97.44094849,36.85029602,-76.19581604,13.72549057,59.83804321,59.65163422,-
Sat Dec 02 14:17:22 EST 2017,02-Dec-2017 14:17:22.227,-76.19580529,36.85053817,26.75,3.0,-30.5,1.9,8.42759037,0.42137951,3.75410819,-0.00380143,-,21.56862831,-0.00853557,0.90203559,0.0234295,0.31001619,30.58823586,30.58823586,-,-,57.20000076,56.826931,14.64881134,-,2071,-,-100.06562042,36.85053635,-76.19580841,12.54901981,59.83804321,59.65163422,-
Sat Dec 02 14:17:22 EST 2017,02-Dec-2017 14:17:23.228,-76.19580529,36.85053817,26.75,3.0,-30.5,1.9,9.0788126,-0.34476504,3.56257224,0.03357296,-,22.74509811,0.06399973,0.95279956,0.01561966,0.37249482,31.76470566,32.15686417,-,-,57.20000076,56.83501816,14.64881134,-,2079,-,-100.06562042,36.85053635,-76.19580841,14.11764717,59.83804321,60.27300644,-
Sat Dec 02 14:17:24 EST 2017,02-Dec-2017 14:17:24.228,-76.19578789,36.85102178,26.75,3.0,-30.799999237060547,1.4,9.61511421,0.30645782,4.29040956,0.02332881,-,22.74509811,0.01211835,0.92936999,0.06638357,0.29439652,31.76470566,32.15686417,-,-,57.20000076,56.83945084,14.64881134,-,2082,-,-101.04986572,36.85102081,-76.19578552,14.11764717,59.83804321,60.27300644,50.91569138
Sat Dec 02 14:17:25 EST 2017,02-Dec-2017 14:17:25.231,-76.19578383,36.8512669,27.0,3.0,-31.299999237060547,1.3,8.81066227,0.45968673,4.44363832,0.00686445,-,22.74509811,-0.05329233,0.83565199,0.11324256,0.32954079,31.76470566,31.76470566,-,-,57.20000076,56.84386826,14.64881134,-,2094,-,-102.69028473,36.85126877,-76.19578552,14.11764717,60.39727783,60.27300644,50.91569138
Sat Dec 02 14:17:26 EST 2017,02-Dec-2017 14:17:26.230,-76.19577727,36.85151205,27.0,3.0,-31.600000381469727,1.4,8.58081913,0.30645782,4.13718033,-0.02823455,-,22.74509811,-0.03095865,0.87860614,0.03904916,0.30611128,31.76470566,31.76470566,-,-,57.20000076,56.84386826,14.64881134,-,2094,-,-103.67454529,36.85151291,-76.19577789,14.11764717,60.39727783,60.27300644,50.91569138
Sat Dec 02 14:17:27 EST 2017,02-Dec-2017 14:17:27.229,-76.19576654,36.85175573,27.25,3.0,-31.799999237060547,1.9,8.61912632,0.30645782,4.02225876,0.00773825,-,22.74509811,0.01069265,0.89813066,-0.04295408,0.36078009,31.76470566,29.80392265,-,-,57.20000076,56.84907532,14.64881134,-,2106,-,-104.33070374,36.85175705,-76.19577026,11.37254906,60.95651245,60.89437866,27.47758484
Sat Dec 02 14:17:28 EST 2017,02-Dec-2017 14:17:28.230,-76.19575151,36.85199833,27.25,3.0,-32.400001525878906,2.1,7.20175886,0.07661445,3.90733719,0.01310445,-,20.3921566,-0.15960228,0.7575537,0.10543273,0.24753754,28.62745094,29.01960754,-,-,57.20000076,56.85427094,14.64881134,-,2104,-,-106.29921722,36.85199738,-76.195755,11.37254906,60.95651245,60.89437866,27.47758484
Sat Dec 02 14:17:29 EST 2017,02-Dec-2017 14:17:29.228,-76.19574241,36.85224251,27.25,3.0,-32.400001525878906,2.1,8.46589756,0.15322891,4.40533113,-0.02230285,-,20.7843132,-0.01029933,0.87079626,-0.03123933,0.36858991,29.01960754,29.01960754,-,-,57.20000076,56.85427094,14.64881134,-,2104,-,-106.29921722,36.85224152,-76.19573975,11.76470566,60.95651245,60.89437866,27.47758484
Sat Dec 02 14:17:30 EST 2017,02-Dec-2017 14:17:30.230,-76.19572945,36.85248953,27.25,3.0,-32.29999923706055,2.3,8.58081913,0.22984336,3.52426481,-0.01537266,-,20.7843132,-0.04453253,0.8747012,-0.02733441,0.28268176,29.01960754,29.01960754,-,-,57.20000076,56.86461258,14.64881134,-,2109,-,-105.97112274,36.85248947,-76.19573212,11.76470566,60.95651245,60.89437866,-
Sat Dec 02 14:17:31 EST 2017,02-Dec-2017 14:17:31.229,-76.19571482,36.85274017,27.25,3.0,-32.099998474121094,2.5,8.54251194,0.42137951,4.44363832,-0.02253324,-,21.17647171,-0.00025943,0.88641596,0.02733441,0.36078009,29.41176605,29.01960754,-,-,57.20000076,56.86461258,14.64881134,-,2109,-,-105.31495667,36.85274124,-76.19571686,12.15686321,60.95651245,60.89437866,-
Sat Dec 02 14:17:31 EST 2017,02-Dec-2017 14:17:32.228,-76.19571482,36.85274017,27.25,3.0,-32.099998474121094,2.5,8.50420475,0.91937345,4.06056595,0.08625457,-,20.7843132,0.07702759,0.98403883,0.05466883,0.3334457,29.41176605,29.80392265,-,-,59,56.86976624,14.64881134,-,2119,-,-105.31495667,36.85274124,-76.19571686,12.15686321,60.95651245,60.89437866,-
Sat Dec 02 14:17:33 EST 2017,02-Dec-2017 14:17:33.228,-76.19568975,36.85322874,27.25,3.0,-31.899999618530273,2.5,9.27034855,0.45968673,2.33674097,-0.00532573,-,20.7843132,0.00734304,0.87860614,0.00390492,0.39201942,29.80392265,29.80392265,-,-,59,56.87490463,14.64881134,-,2119,-,-104.65879059,36.85322952,-76.19568634,12.15686321,60.95651245,60.89437866,-
Sat Dec 02 14:17:34 EST 2017,02-Dec-2017 14:17:34.229,-76.19567469,36.85347368,27.25,3.0,-31.399999618530273,2.4,9.15542698,-0.11492168,4.06056595,0.03690908,-,20.7843132,0.03154584,0.9371798,-0.0234295,0.32954079,29.80392265,29.80392265,-,-,59,56.87490463,14.64881134,-,2119,-,-103.01837158,36.85347366,-76.19567108,12.15686321,60.95651245,60.89437866,-
Sat Dec 02 14:17:35 EST 2017,02-Dec-2017 14:17:35.228,-76.19565321,36.85371613,27.0,3.0,-30.799999237060547,2.7,9.38527107,-0.11492168,4.36702394,0.00597477,-,20.7843132,-0.03034473,0.87079626,-0.01171475,0.32563588,29.80392265,29.80392265,-,-,59,56.87490463,14.64881134,-,2119,-,-101.04986572,36.8537178,-76.19565582,12.15686321,60.39727783,60.89437866,-
Sat Dec 02 14:17:36 EST 2017,02-Dec-2017 14:17:36.228,-76.19563312,36.85395628,27.0,3.0,-30.0,2.9,8.96389103,0.19153613,3.83072281,0.01136209,-,21.56862831,0.03529621,0.94498962,0.01561966,0.32173091,30.19607925,30.58823586,-,-,59,56.88198471,14.64881134,-,2069,-,-98.42519379,36.85395813,-76.19563293,12.94117641,60.39727783,59.65163422,-
Sat Dec 02 14:17:37 EST 2017,02-Dec-2017 14:17:37.233,-76.19562108,36.85419359,26.75,3.0,-28.799999237060547,3.0,8.38928318,0.11492168,4.02225876,-0.03253937,-,21.56862831,-0.05121532,0.85517663,0.01171475,0.31001619,30.58823586,30.58823586,-,-,59,56.88198471,14.64881134,-,2069,-,-94.4881897,36.85419464,-76.19561768,12.94117641,59.83804321,59.65163422,-
Sat Dec 02 14:17:38 EST 2017,02-Dec-2017 14:17:38.231,-76.19560677,36.85443283,26.5,3.0,-27.899999618530273,3.2,8.58081913,0,2.37504816,-0.01029522,-,21.56862831,-0.03679447,0.92546505,-0.01171475,0.1655343,30.58823586,30.58823586,-,-,59,56.88471222,14.64881134,-,2055,-,-91.53543091,36.85443115,-76.19561005,12.94117641,59.27880859,59.03026199,-
Sat Dec 02 14:17:39 EST 2017,02-Dec-2017 14:17:39.231,-76.19558901,36.85466883,26.25,3.0,-27.399999618530273,3.1,8.84896946,-0.03830723,3.79241538,0.02124155,-,21.56862831,0.05015659,0.9488945,0.00390492,0.34906533,30.58823586,30.58823586,-,-,59,56.88471222,14.64881134,-,2055,-,-89.8950119,36.85466766,-76.19558716,12.94117641,58.71957779,59.03026199,-
Sat Dec 02 14:17:40 EST 2017,02-Dec-2017 14:17:40.228,-76.19556922,36.85490463,26.5,3.0,-26.700000762939453,3.0,8.19774628,0.84275901,3.715801,0.00190825,-,21.56862831,0.01689374,0.90594047,-0.06247865,0.35687518,30.58823586,30.58823586,-,-,59,56.88471222,14.64881134,-,2055,-,-87.59842682,36.85490417,-76.1955719,16.86274529,59.27880859,59.03026199,-
Sat Dec 02 14:17:40 EST 2017,02-Dec-2017 14:17:41.229,-76.19556922,36.85490463,26.5,3.0,-26.700000762939453,3.0,9.57680702,-0.07661445,4.36702394,0.03709788,-,21.56862831,0.1545133,1.07385194,0.03123933,0.32173091,30.58823586,30.58823586,-,-,59,56.88471222,14.64881134,-,2055,-,-87.59842682,36.85490417,-76.1955719,16.86274529,59.27880859,59.03026199,-
Sat Dec 02 14:17:42 EST 2017,02-Dec-2017 14:17:42.236,-76.19554124,36.85537477,26.25,3.0,-25.0,2.8,4.29040956,1.07260239,2.87304211,-0.44341063,-,21.56862831,0.0917811,0.9488945,-0.01952458,0.43887842,30.58823586,30.58823586,-,-,59,56.88471222,14.64881134,-,2055,-,-82.02099609,36.85537338,-76.19554138,16.86274529,58.71957779,59.03026199,-
Sat Dec 02 14:17:43 EST 2017,02-Dec-2017 14:17:43.230,-76.1955285,36.8556134,26.25,3.0,-24.700000762939453,2.7,8.27436066,0.30645782,4.40533113,0.00604144,-,25.09803963,-0.04360677,0.84346181,0.03123933,0.34906533,32.54901886,32.94117737,-,-,59,56.88743973,14.64881134,-,2053,-,-81.03675079,36.85561371,-76.19552612,16.86274529,58.71957779,59.03026199,-
Sat Dec 02 14:17:44 EST 2017,02-Dec-2017 14:17:44.228,-76.19551295,36.85585465,26.5,3.0,-24.799999237060547,2.7,8.73404789,0.15322891,4.48194551,0.0264482,-,23.52941132,0.05956632,0.96060938,-0.03123933,0.34516042,32.94117737,32.94117737,-,-,59,56.89015961,14.64881134,-,2054,-,-81.36483002,36.85585403,-76.19551086,15.29411793,59.27880859,59.03026199,-
Sat Dec 02 14:17:45 EST 2017,02-Dec-2017 14:17:45.233,-76.19549909,36.85609405,26.5,3.0,-24.700000762939453,2.6,8.54251194,0.11492168,3.40934324,-0.03108639,-,23.92156982,-0.05187504,0.83955687,0.04685899,0.33735061,33.33333206,33.33333206,-,-,59,56.89287186,14.64881134,-,2059,-,-81.03675079,36.85609436,-76.19549561,15.29411793,59.27880859,59.03026199,-
Sat Dec 02 14:17:45 EST 2017,02-Dec-2017 14:17:46.228,-76.19549909,36.85609405,26.5,3.0,-24.700000762939453,2.6,10.34295177,0.42137951,5.47793341,0.21284467,-,24.31372643,0.02033906,0.94498962,0.06247865,0.27877685,33.33333206,33.33333206,-,-,59,56.89636612,14.64881134,-,2075,-,-81.03675079,36.85609436,-76.19549561,16.07843208,59.27880859,59.65163422,36.23072052
Sat Dec 02 14:17:47 EST 2017,02-Dec-2017 14:17:47.227,-76.19547054,36.85657511,26.75,3.0,-24.399999618530273,2.9,7.24006605,-1.18752408,2.45166254,-0.08762545,-,24.31372643,-0.09908623,0.86689138,-0.03123933,0.1421048,33.72549057,34.11764908,-,-,59,56.90063477,14.64881134,-,2097,-,-80.05249023,36.85657501,-76.19547272,16.07843208,59.83804321,60.27300644,37.2704277
Sat Dec 02 14:17:48 EST 2017,02-Dec-2017 14:17:48.229,-76.19545804,36.85681834,27.0,3.0,-24.700000762939453,3.1,6.97191525,1.41736746,3.60087943,-0.07290211,-,24.31372643,-0.1327949,0.51154399,0.35144243,0.50526196,33.33333206,33.72549057,-,-,59,56.91070557,14.64881134,-,2110,-,-81.03675079,36.85681915,-76.19545746,16.07843208,60.39727783,60.89437866,41.95233536
Sat Dec 02 14:17:49 EST 2017,02-Dec-2017 14:17:49.230,-76.1954387,36.8570666,27.25,3.0,-24.799999237060547,3.1,6.7803793,0.30645782,2.7581203,-0.0579336,-,23.52941132,0.02862029,0.92936999,-0.23039004,0.27487195,31.76470566,31.76470566,-,-,59,56.91070557,14.64881134,-,2125,-,-81.36483002,36.85706711,-76.1954422,16.07843208,60.95651245,60.89437866,41.95233536
Sat Dec 02 14:17:49 EST 2017,02-Dec-2017 14:17:50.227,-76.1954387,36.8570666,27.25,3.0,-24.799999237060547,3.1,8.27436066,1.26413846,4.13718033,-0.02921736,-,21.17647171,0.05307306,0.94108468,0.05466883,0.36858991,29.41176605,31.76470566,-,-,59,56.91650391,14.64881134,-,2125,-,-81.36483002,36.85706711,-76.1954422,12.54901981,60.95651245,61.51574707,34.37012863
Sat Dec 02 14:17:51 EST 2017,02-Dec-2017 14:17:51.228,-76.19540362,36.85757314,27.75,3.0,-25.399999618530273,3.5,8.15943909,-0.42137951,4.32871675,0.00580949,-,18.4313736,-0.01747135,0.87079626,-0.03514424,0.35297027,26.27450943,26.66666794,-,-,59,56.93040466,14.64881134,-,2157,-,-83.33333588,36.85757446,-76.19540405,9.01960754,62.07497787,62.75849152,83.2414856
Sat Dec 02 14:17:52 EST 2017,02-Dec-2017 14:17:52.228,-76.19538595,36.8578254,28.0,3.0,-26.200000762939453,3.3,8.58081913,-0.07661445,3.715801,-0.00326619,-,18.03921509,-0.05463095,0.85517663,-0.00390492,0.30220634,25.88235283,26.66666794,-,-,59,56.93040466,14.64881134,-,2157,-,-85.95800781,36.85782623,-76.19538879,9.01960754,62.63421249,62.75849152,83.2414856
Sat Dec 02 14:17:53 EST 2017,02-Dec-2017 14:17:53.230,-76.19536849,36.85807643,28.0,3.0,-26.600000381469727,3.1,8.92558384,0.68953007,4.29040956,-0.01114377,-,18.03921509,0.02728434,0.92156017,-0.01171475,0.35297027,25.88235283,26.27450943,-,-,59,56.93040466,14.64881134,-,2157,-,-87.27033997,36.858078,-76.19536591,9.01960754,62.63421249,62.75849152,83.2414856
Sat Dec 02 14:17:54 EST 2017,02-Dec-2017 14:17:54.227,-76.19535275,36.85832727,28.0,3.0,-27.399999618530273,3.1,8.31266785,-0.2681506,4.21379519,-0.03058809,-,18.03921509,-0.00992166,0.88641596,-0.05076391,0.33735061,26.27450943,26.27450943,-,-,59,56.93771362,14.64881134,-,2159,-,-89.8950119,36.85832596,-76.19535065,9.01960754,62.63421249,62.75849152,83.2414856
Sat Dec 02 14:17:54 EST 2017,02-Dec-2017 14:17:55.239,-76.19535275,36.85832727,28.0,3.0,-27.399999618530273,3.1,9.00219822,0.11492168,4.59686708,-0.0007209,-,17.64705849,-0.042618,0.84736669,-0.02733441,0.34516042,26.27450943,26.66666794,-,-,59,56.95228958,14.64881134,-,2172,-,-89.8950119,36.85832596,-76.19535065,9.01960754,62.63421249,62.75849152,-
Sat Dec 02 14:17:56 EST 2017,02-Dec-2017 14:17:56.228,-76.19531124,36.85883304,28.25,3.0,-28.200000762939453,3.8,9.27034855,0.2681506,4.5202527,0.02104828,-,17.25490189,0.00713852,0.87860614,0.05857374,0.38811451,21.17647171,21.17647171,-,-,59,56.95954514,14.64881134,-,2136,-,-92.51969147,36.85883331,-76.1953125,7.84313726,63.19344711,62.75849152,-
Sat Dec 02 14:17:57 EST 2017,02-Dec-2017 14:17:57.234,-76.19529433,36.85908623,28.0,4.0,-28.700000762939453,3.8,9.34696388,-0.45968673,4.59686708,0.0478705,-,17.25490189,0.05356567,0.92936999,0.05857374,0.39201942,21.17647171,21.17647171,-,-,59,56.95954514,14.64881134,-,2136,-,-94.16011047,36.85908508,-76.19529724,7.84313726,62.63421249,62.75849152,-
Sat Dec 02 14:17:58 EST 2017,02-Dec-2017 14:17:58.229,-76.19527569,36.85933733,28.0,3.0,-29.200000762939453,3.7,8.58081913,0.15322891,4.71178913,0.01701742,-,20.7843132,0.03466228,0.94108468,-0.05466883,0.32563588,28.62745094,29.01960754,-,-,59,56.96600723,14.64881134,-,2136,-,-95.80052948,36.85933685,-76.19527435,11.76470566,62.63421249,62.13711929,-
Sat Dec 02 14:17:59 EST 2017,02-Dec-2017 14:17:59.232,-76.19525754,36.85958736,27.75,3.0,-29.600000381469727,3.4,8.1211319,0.07661445,3.98395157,-0.0186723,-,16.86274529,-0.05686912,0.87860614,-0.03904916,0.23972771,23.92156982,27.45098114,-,-,59,56.97733688,14.64881134,-,2158,-,-97.11286163,36.85958862,-76.19525909,7.45098066,62.07497787,61.51574707,-
Sat Dec 02 14:17:59 EST 2017,02-Dec-2017 14:18:00.236,-76.19525754,36.85958736,27.75,3.0,-29.600000381469727,3.4,8.6957407,0.72783732,4.75009632,-0.0068288,-,16.86274529,-0.03186443,0.85517663,-0.01171475,0.35297027,23.92156982,23.52941132,-,-,59,56.98298264,14.64881134,-,2112,-,-97.11286163,36.85958862,-76.19525909,7.45098066,62.07497787,61.51574707,-
Sat Dec 02 14:18:01 EST 2017,02-Dec-2017 14:18:01.232,-76.19522793,36.86007931,27.5,3.0,-29.799999237060547,3.0,8.92558384,0.42137951,4.44363832,0.00378747,-,19.6078434,-0.06637355,0.82784218,0.03514424,0.32954079,27.84313774,27.45098114,-,-,59,56.98784256,14.64881134,-,2125,-,-97.76902771,36.86008072,-76.19522858,10.1960783,61.51574707,60.89437866,-
Sat Dec 02 14:18:02 EST 2017,02-Dec-2017 14:18:02.230,-76.19521069,36.86032425,27.25,3.0,-29.600000381469727,2.7,8.88727665,0.30645782,3.83072281,0.00567952,-,19.6078434,0.05145628,0.97232407,-0.02733441,0.29830143,27.84313774,28.23529434,-,-,59,56.99268723,14.64881134,-,2118,-,-97.11286163,36.86032486,-76.19521332,10.1960783,60.95651245,60.89437866,-
Sat Dec 02 14:18:03 EST 2017,02-Dec-2017 14:18:03.231,-76.1951966,36.86056939,27.25,3.0,-29.700000762939453,2.5,8.35097599,1.11090958,4.71178913,-0.00461218,-,20.7843132,0.01397852,0.89813066,0.03514424,0.36858991,29.01960754,29.01960754,-,-,59,56.99752426,14.64881134,-,2124,-,-97.44094849,36.860569,-76.19519806,11.76470566,60.95651245,60.89437866,-
Sat Dec 02 14:18:03 EST 2017,02-Dec-2017 14:18:04.227,-76.1951966,36.86056939,27.25,3.0,-29.700000762939453,2.5,8.6957407,0.30645782,3.60087943,0.01354442,-,20.7843132,0.03324557,0.91765523,0.03904916,0.37249482,29.01960754,29.01960754,-,-,59,56.99752426,14.64881134,-,2124,-,-97.44094849,36.860569,-76.19519806,10.1960783,60.95651245,60.89437866,-
Sat Dec 02 14:18:05 EST 2017,02-Dec-2017 14:18:05.227,-76.19517275,36.8610598,27.25,3.0,-30.100000381469727,1.8,8.42759037,0.80445176,4.06056595,-0.02793662,-,21.56862831,-0.11417653,0.79660285,0.07809832,0.27877685,30.58823586,30.58823586,-,-,59,56.99752426,14.64881134,-,2109,-,-98.75328064,36.8610611,-76.19517517,10.1960783,60.95651245,60.89437866,-
Sat Dec 02 14:18:06 EST 2017,02-Dec-2017 14:18:06.233,-76.19516446,36.86130613,27.25,3.0,-30.100000381469727,1.4,8.6957407,0.11492168,4.48194551,0.00620657,-,21.56862831,0.00275804,0.89422578,0.00390492,0.35297027,30.58823586,30.58823586,-,-,59,57.00234985,14.64881134,-,2109,-,-98.75328064,36.86130524,-76.19516754,12.94117641,60.95651245,60.89437866,-
Sat Dec 02 14:18:07 EST 2017,02-Dec-2017 14:18:07.231,-76.19515699,36.86155219,27.25,3.0,-30.399999618530273,1.1,9.42357826,0.11492168,3.98395157,0.06199282,-,20.7843132,-0.06881201,0.83174706,0.01171475,0.317826,29.01960754,29.01960754,-,-,59,57.00715637,14.64881134,-,2120,-,-99.73753357,36.86155319,-76.19515991,11.76470566,60.95651245,60.89437866,-
Sat Dec 02 14:18:08 EST 2017,02-Dec-2017 14:18:08.236,-76.19515174,36.86179821,27.5,3.0,-30.299999237060547,1.0,9.42357826,-0.34476504,4.48194551,-0.0049882,-,20.7843132,0.01179414,0.89422578,0.01171475,0.37249482,29.01960754,29.01960754,-,-,59,57.01195908,14.64881134,-,2117,-,-99.40944672,36.86179733,-76.19515228,11.76470566,61.51574707,60.89437866,-
Sat Dec 02 14:18:09 EST 2017,02-Dec-2017 14:18:09.229,-76.19514154,36.86204409,27.25,3.0,-30.700000762939453,1.3,8.1211319,0.91937345,3.98395157,-0.03676154,-,17.25490189,-0.04715525,0.83174706,0.10152781,0.35297027,25.49019623,25.88235283,-,-,59,57.01597977,14.64881134,-,2097,-,-100.7217865,36.86204529,-76.19514465,7.45098066,60.95651245,60.27300644,-
Sat Dec 02 14:18:10 EST 2017,02-Dec-2017 14:18:10.227,-76.19513337,36.86228891,27.25,3.0,-30.899999618530273,1.7,8.46589756,0.42137951,4.29040956,-0.00541117,-,17.25490189,0.04481047,0.94108468,0.00780983,0.35297027,25.49019623,25.88235283,-,-,59,57.01998901,14.64881134,-,2088,-,-101.37795258,36.86228943,-76.19513702,9.01960754,60.95651245,60.27300644,-
Sat Dec 02 14:18:10 EST 2017,02-Dec-2017 14:18:11.226,-76.19513337,36.86228891,27.25,3.0,-30.899999618530273,1.7,8.54251194,0.30645782,3.86903,-0.02454263,-,18.03921509,-0.11989665,0.79269797,0.08981306,0.27096704,25.49019623,25.88235283,-,-,59,57.01998901,14.64881134,-,2088,-,-101.37795258,36.86228943,-76.19513702,9.01960754,60.95651245,60.27300644,-
Sat Dec 02 14:18:12 EST 2017,02-Dec-2017 14:18:12.226,-76.19511238,36.86276797,27.0,3.0,-30.799999237060547,2.2,9.15542698,0.15322891,4.175488,0.01132271,-,23.13725471,-0.03457912,0.85908157,0.0741934,0.3334457,31.76470566,32.15686417,-,-,59,57.02322769,14.64881134,-,2120,-,-101.04986572,36.86276627,-76.19511414,14.50980377,60.39727783,59.65163422,-
Sat Dec 02 14:18:12 EST 2017,02-Dec-2017 14:18:13.232,-76.19511238,36.86276797,27.0,3.0,-30.799999237060547,2.2,8.27436066,-0.03830723,4.13718033,0.00532492,-,21.17647171,0.04080852,0.9488945,-0.03123933,0.32563588,31.76470566,32.15686417,-,-,59,57.02721786,14.64881134,-,2101,-,-101.04986572,36.86276627,-76.19511414,14.50980377,60.39727783,60.27300644,-
Sat Dec 02 14:18:14 EST 2017,02-Dec-2017 14:18:14.230,-76.19508299,36.86325473,27.25,3.0,-30.399999618530273,2.7,8.77235508,0.30645782,3.40934324,-0.02000987,-,20.7843132,-0.05476014,0.8083176,0.03514424,0.38811451,29.80392265,30.19607925,-,-,59,57.03517532,14.64881134,-,2095,-,-99.73753357,36.86325455,-76.19508362,12.54901981,60.95651245,60.27300644,29.68143272
Sat Dec 02 14:18:15 EST 2017,02-Dec-2017 14:18:15.226,-76.19506657,36.86349893,27.25,3.0,-30.5,2.9,9.57680702,0.03830723,4.36702394,0.0536085,-,22.35294151,0.03682055,0.94108468,-0.02733441,0.3334457,31.37254906,31.37254906,-,-,59,57.04309082,14.64881134,-,2099,-,-100.06562042,36.86349869,-76.19506836,13.72549057,60.95651245,60.27300644,29.68143272
Sat Dec 02 14:18:16 EST 2017,02-Dec-2017 14:18:16.227,-76.19505056,36.86374303,27.0,3.0,-30.799999237060547,2.7,8.84896946,0.49799395,4.25210238,0.02105802,-,21.96078491,-0.06303733,0.83565199,0.06638357,0.317826,29.41176605,29.41176605,-,-,59,57.04309082,14.64881134,-,2099,-,-101.04986572,36.86374283,-76.1950531,13.33333397,60.39727783,60.27300644,29.68143272
Sat Dec 02 14:18:17 EST 2017,02-Dec-2017 14:18:17.230,-76.19503729,36.86399086,27.0,4.0,-30.700000762939453,2.4,8.6957407,-0.57460839,4.71178913,0.00422141,-,20.3921566,-0.0235078,0.87079626,0.08200324,0.3334457,29.01960754,29.01960754,-,-,59,57.05096817,14.64881134,-,2098,-,-100.7217865,36.86399078,-76.19503784,11.76470566,60.39727783,60.27300644,-
Sat Dec 02 14:18:17 EST 2017,02-Dec-2017 14:18:18.228,-76.19503729,36.86399086,27.0,4.0,-30.700000762939453,2.4,8.6957407,0.61291564,3.75410819,0.01591362,-,21.56862831,-0.00148119,0.90203559,0.03904916,0.32563588,29.80392265,29.80392265,-,-,59,57.05489349,14.64881134,-,2098,-,-100.7217865,36.86399078,-76.19503784,12.54901981,60.39727783,60.27300644,-
Sat Dec 02 14:18:19 EST 2017,02-Dec-2017 14:18:19.230,-76.19500996,36.86448757,27.0,3.0,-30.700000762939453,2.4,8.42759037,0.34476504,4.48194551,-0.03469598,-,21.17647171,-0.08770035,0.82784218,0.09371798,0.27096704,30.19607925,30.19607925,-,-,59,57.05880737,14.64881134,-,2100,-,-100.7217865,36.86448669,-76.19500732,12.54901981,60.39727783,60.27300644,-
Sat Dec 02 14:18:20 EST 2017,02-Dec-2017 14:18:20.226,-76.19499766,36.86473577,27.0,3.0,-30.299999237060547,2.4,8.84896946,0.19153613,3.83072281,0.00212413,-,21.56862831,-0.02668507,0.87079626,0.06247865,0.32954079,30.19607925,30.19607925,-,-,59,57.06660843,14.64881134,-,2114,-,-99.40944672,36.86473465,-76.19499969,12.54901981,60.39727783,60.27300644,-
Sat Dec 02 14:18:21 EST 2017,02-Dec-2017 14:18:21.226,-76.19498458,36.86497804,27.25,3.0,-30.399999618530273,2.4,8.58081913,-0.03830723,4.13718033,-0.00572636,-,21.56862831,-0.10488898,0.78879303,0.06247865,0.317826,30.19607925,30.19607925,-,-,59,57.06660843,14.64881134,-,2099,-,-99.73753357,36.86497879,-76.19498444,12.54901981,60.95651245,60.27300644,-
Sat Dec 02 14:18:22 EST 2017,02-Dec-2017 14:18:22.226,-76.19497188,36.86521818,27.25,3.0,-30.5,2.5,8.42759037,0.11492168,4.78840351,0.0047489,-,21.56862831,-0.08062779,0.83955687,0.04685899,0.27096704,30.19607925,30.19607925,-,-,59,57.07049561,14.64881134,-,2099,-,-100.06562042,36.86521912,-76.19496918,12.54901981,60.95651245,60.27300644,-
Sat Dec 02 14:18:23 EST 2017,02-Dec-2017 14:18:23.229,-76.19495815,36.86546242,27.25,3.0,-30.399999618530273,2.7,8.61912632,-0.15322891,3.90733719,-0.01992803,-,21.17647171,-0.01467989,0.90594047,-0.00390492,0.28658667,29.41176605,29.01960754,-,-,59,57.07437515,14.64881134,-,2098,-,-99.73753357,36.86546326,-76.19496155,12.54901981,60.95651245,60.27300644,-
Sat Dec 02 14:18:24 EST 2017,02-Dec-2017 14:18:24.230,-76.19494607,36.86570465,27.0,3.0,-30.299999237060547,2.7,8.46589756,0.9576807,4.06056595,-0.0019303,-,20.3921566,-0.02264095,0.89032084,-0.01171475,0.30220634,28.62745094,28.62745094,-,-,59,57.0820961,14.64881134,-,2093,-,-99.40944672,36.86570358,-76.19494629,11.37254906,60.39727783,60.27300644,-
Sat Dec 02 14:18:25 EST 2017,02-Dec-2017 14:18:25.232,-76.19493461,36.86594864,27.0,4.0,-30.100000381469727,2.5,8.42759037,0.07661445,3.79241538,-0.00772913,-,20.3921566,-0.00669815,0.8747012,0.07028849,0.364685,27.05882454,27.45098114,-,-,59,57.08594513,14.64881134,-,2085,-,-98.75328064,36.86594772,-76.19493103,11.37254906,60.39727783,60.27300644,-
Sat Dec 02 14:18:26 EST 2017,02-Dec-2017 14:18:26.229,-76.19492252,36.86619228,27.0,4.0,-30.0,2.4,8.27436066,0.07661445,4.29040956,-0.00628253,-,19.6078434,-0.07182365,0.85127175,0.03904916,0.26706213,27.45098114,27.45098114,-,-,59,57.08594513,14.64881134,-,2085,-,-98.42519379,36.86619186,-76.1949234,10.1960783,60.39727783,60.27300644,-
Sat Dec 02 14:18:26 EST 2017,02-Dec-2017 14:18:27.227,-76.19492252,36.86619228,27.0,4.0,-30.0,2.4,8.15943909,0.57460839,4.25210238,0.0005722,-,19.6078434,0.01328607,0.92936999,0.0234295,0.30220634,27.45098114,27.45098114,-,-,59,57.08903885,14.64881134,-,2076,-,-98.42519379,36.86619186,-76.1949234,10.1960783,60.39727783,59.65163422,-
Sat Dec 02 14:18:28 EST 2017,02-Dec-2017 14:18:28.230,-76.19490039,36.86667255,26.75,4.0,-29.799999237060547,2.5,9.34696388,-0.19153613,4.48194551,-0.02425645,-,21.96078491,-0.19184983,0.73802912,0.01952458,0.22801295,30.98039246,30.98039246,-,-,59,57.09212494,14.64881134,-,2086,-,-97.76902771,36.86667252,-76.19490051,13.33333397,59.83804321,59.65163422,-
Sat Dec 02 14:18:29 EST 2017,02-Dec-2017 14:18:29.227,-76.19488573,36.86691136,26.75,4.0,-29.700000762939453,2.7,8.50420475,-0.49799395,4.175488,-0.01392013,-,21.56862831,-0.06167034,0.84736669,-0.00780983,0.30220634,30.98039246,30.98039246,-,-,59,57.09519958,14.64881134,-,2078,-,-97.44094849,36.86691284,-76.19488525,12.94117641,59.83804321,59.65163422,-
Sat Dec 02 14:18:30 EST 2017,02-Dec-2017 14:18:30.228,-76.19486762,36.8671515,26.75,4.0,-29.700000762939453,3.2,8.61912632,0.42137951,4.71178913,-0.00716842,-,21.96078491,0.02067554,0.90984541,0.08981306,0.35297027,30.98039246,30.98039246,-,-,59,57.1013298,14.64881134,-,2067,-,-97.44094849,36.86715317,-76.19487,13.33333397,59.83804321,59.65163422,-
Sat Dec 02 14:18:31 EST 2017,02-Dec-2017 14:18:31.229,-76.19485283,36.86739255,26.75,4.0,-29.399999618530273,3.1,9.19373417,-0.15322891,3.98395157,0.00072867,-,21.96078491,-0.04722727,0.8747012,-0.03904916,0.27487195,30.98039246,30.98039246,-,-,59,57.1013298,14.64881134,-,2065,-,-96.45669556,36.86739349,-76.19485474,13.33333397,59.83804321,59.65163422,-
Sat Dec 02 14:18:32 EST 2017,02-Dec-2017 14:18:32.231,-76.19483851,36.86763415,26.75,4.0,-29.200000762939453,2.5,9.34696388,-0.99598789,3.56257224,-0.01337247,-,22.74509811,-0.11241266,0.78879303,0.0976229,0.29439652,31.76470566,31.76470566,-,-,59,57.10743332,14.64881134,-,2069,-,-95.80052948,36.86763382,-76.19483948,14.11764717,59.83804321,59.65163422,-
Sat Dec 02 14:18:33 EST 2017,02-Dec-2017 14:18:33.230,-76.19482932,36.8678795,26.75,4.0,-28.799999237060547,1.8,9.04050541,-0.42137951,3.37103605,-0.00483772,-,22.74509811,0.18037285,1.08947158,-0.1444819,0.32954079,31.76470566,31.76470566,-,-,59,57.1135025,14.64881134,-,2080,-,-94.4881897,36.86787796,-76.19483185,14.11764717,59.83804321,59.65163422,-
Sat Dec 02 14:18:34 EST 2017,02-Dec-2017 14:18:34.227,-76.19482433,36.86812013,26.75,3.0,-28.700000762939453,0.9,8.61912632,1.22583127,3.83072281,0.02483893,-,23.92156982,0.02567896,0.95279956,0,0.27877685,31.76470566,32.15686417,-,-,59,57.11652756,14.64881134,-,2080,-,-94.16011047,36.86811829,-76.19482422,15.29411793,59.83804321,59.65163422,-
Sat Dec 02 14:18:35 EST 2017,02-Dec-2017 14:18:35.232,-76.1948232,36.86835532,26.75,3.0,-28.600000381469727,0.3,8.08282471,0.2681506,3.79241538,-0.03489833,-,23.92156982,-0.03261342,0.88641596,0.00390492,0.28658667,31.76470566,32.15686417,-,-,59,57.11652756,14.64881134,-,2080,-,-93.83202362,36.8683548,-76.19482422,15.29411793,59.83804321,59.65163422,-
Sat Dec 02 14:18:35 EST 2017,02-Dec-2017 14:18:36.230,-76.1948232,36.86835532,26.75,3.0,-28.600000381469727,0.3,9.11711979,0.2681506,4.25210238,0.01476166,-,23.92156982,-0.02104978,0.87860614,-0.03514424,0.32954079,31.76470566,32.15686417,-,-,59,57.11652756,14.64881134,-,2080,-,-93.83202362,36.8683548,-76.19482422,15.29411793,59.83804321,59.65163422,-
Sat Dec 02 14:18:37 EST 2017,02-Dec-2017 14:18:37.231,-76.19484463,36.86884469,27.0,3.0,-28.899999618530273,357.9,8.54251194,0.34476504,3.90733719,-0.02254811,-,23.92156982,-0.0420444,0.86298645,-0.03123933,0.31392109,32.54901886,31.76470566,-,-,59,57.12028885,14.64881134,-,2093,-,-94.81626892,36.86884308,-76.19484711,15.29411793,60.39727783,60.27300644,-
Sat Dec 02 14:18:38 EST 2017,02-Dec-2017 14:18:38.232,-76.19486726,36.86908592,27.0,4.0,-29.200000762939453,356.5,9.38527107,0.15322891,3.94564438,0.05692929,-,23.52941132,-0.0315178,0.87860614,-0.08200324,0.29830143,32.54901886,32.54901886,-,-,59,57.12403488,14.64881134,-,2105,-,-95.80052948,36.86908722,-76.19487,14.50980377,60.39727783,60.27300644,-
Sat Dec 02 14:18:39 EST 2017,02-Dec-2017 14:18:39.227,-76.19488855,36.86932621,27.0,4.0,-29.200000762939453,355.4,8.50420475,0.57460839,4.40533113,0.00124643,-,22.74509811,0.03296501,0.96060938,-0.05466883,0.27487195,31.76470566,31.76470566,-,-,59,57.13298035,14.64881134,-,2104,-,-95.80052948,36.86932755,-76.19488525,14.11764717,60.39727783,60.89437866,45.8716774
Sat Dec 02 14:18:40 EST 2017,02-Dec-2017 14:18:40.230,-76.19492636,36.86957142,27.25,3.0,-29.600000381469727,354.4,8.92558384,0.22984336,3.90733719,0.01942727,-,22.74509811,-0.0094209,0.88641596,0.01171475,0.34125552,31.76470566,31.76470566,-,-,59,57.14188385,14.64881134,-,2111,-,-97.11286163,36.86957169,-76.1949234,14.11764717,60.95651245,60.89437866,45.8716774
Sat Dec 02 14:18:41 EST 2017,02-Dec-2017 14:18:41.238,-76.19495774,36.86981298,27.25,3.0,-29.899999618530273,353.6,8.6957407,-0.65122288,3.83072281,0.00833483,-,22.74509811,-0.04322385,0.85908157,-0.04685899,0.317826,31.76470566,31.76470566,-,-,59,57.14188385,14.64881134,-,2111,-,-98.09711456,36.86981201,-76.19496155,14.11764717,60.95651245,60.89437866,45.8716774
Sat Dec 02 14:18:42 EST 2017,02-Dec-2017 14:18:42.229,-76.19499338,36.87004922,27.5,3.0,-30.200000762939453,352.6,9.0788126,0,3.715801,0.01897871,-,23.13725471,-0.07893638,0.81612742,-0.0234295,0.32563588,31.76470566,31.76470566,-,-,59,57.14705276,14.64881134,-,2122,-,-99.08136749,36.87004852,-76.19499207,14.50980377,61.51574707,61.51574707,22.25445175
Sat Dec 02 14:18:43 EST 2017,02-Dec-2017 14:18:43.236,-76.19503951,36.87029176,27.5,3.0,-30.399999618530273,351.2,8.92558384,-0.42137951,3.86903,-0.00327701,-,23.13725471,-0.11534003,0.77707827,0.01952458,0.32173091,31.76470566,31.76470566,-,-,59,57.15221024,14.64881134,-,2135,-,-99.73753357,36.87029266,-76.19503784,14.50980377,61.51574707,61.51574707,22.25445175
Sat Dec 02 14:18:44 EST 2017,02-Dec-2017 14:18:44.231,-76.19509034,36.87054048,27.5,3.0,-30.799999237060547,349.9,9.15542698,-0.49799395,3.90733719,0.01352466,-,23.13725471,0.03261771,0.9488945,-0.01561966,0.30611128,31.76470566,31.76470566,-,-,59,57.15221024,14.64881134,-,2135,-,-101.04986572,36.87054062,-76.19509125,14.50980377,61.51574707,61.51574707,22.25445175
Sat Dec 02 14:18:45 EST 2017,02-Dec-2017 14:18:45.230,-76.19515005,36.87078378,27.75,4.0,-30.899999618530273,348.8,8.6957407,0.07661445,4.21379519,0.00403765,-,23.13725471,0.02897619,0.94498962,0.01171475,0.30611128,31.76470566,31.76470566,-,-,59,57.15735626,14.64881134,-,2135,-,-101.37795258,36.87078476,-76.19515228,14.50980377,62.07497787,61.51574707,22.25445175
Sat Dec 02 14:18:46 EST 2017,02-Dec-2017 14:18:46.232,-76.19521621,36.87102676,27.75,4.0,-30.799999237060547,347.7,9.50019264,-0.38307226,4.86501789,0.01368707,-,23.13725471,-0.01803059,0.89422578,0.04685899,0.30220634,31.76470566,31.76470566,-,-,59,57.15735626,14.64881134,-,2135,-,-101.04986572,36.87102509,-76.19521332,14.50980377,62.07497787,61.51574707,22.25445175
Sat Dec 02 14:18:47 EST 2017,02-Dec-2017 14:18:47.229,-76.1952887,36.8712682,27.75,3.0,-30.799999237060547,346.5,7.89128876,0.57460839,4.32871675,-0.06164312,-,23.13725471,-0.05006623,0.83955687,-0.04685899,0.34125552,31.76470566,31.76470566,-,-,59,57.15735626,14.64881134,-,2135,-,-101.04986572,36.87126923,-76.19528961,14.50980377,62.07497787,61.51574707,22.25445175
Sat Dec 02 14:18:48 EST 2017,02-Dec-2017 14:18:48.232,-76.19536357,36.87151019,27.75,4.0,-31.299999237060547,345.8,8.50420475,-0.84275901,4.06056595,-0.0019751,-,17.25490189,-0.04606693,0.84736669,0.00780983,0.33735061,25.09803963,25.49019623,-,-,59,57.16249084,14.64881134,-,2121,-,-102.69028473,36.87150955,-76.19536591,7.84313726,62.07497787,61.51574707,-
Sat Dec 02 14:18:49 EST 2017,02-Dec-2017 14:18:49.233,-76.19544452,36.87174989,27.5,3.0,-31.5,344.5,8.73404789,0.65122288,4.5202527,0.00349411,-,16.86274529,-0.05434854,0.85517663,0.0234295,0.30220634,25.49019623,25.49019623,-,-,59,57.17126083,14.64881134,-,2101,-,-103.34645844,36.87174988,-76.1954422,7.45098066,61.51574707,60.89437866,-
Sat Dec 02 14:18:49 EST 2017,02-Dec-2017 14:18:50.229,-76.19544452,36.87174989,27.5,3.0,-31.5,344.5,8.46589756,-0.34476504,4.02225876,-0.0099636,-,17.25490189,-0.00095408,0.86298645,-0.08200324,0.39592433,25.88235283,25.88235283,-,-,59,57.17853165,14.64881134,-,2086,-,-103.34645844,36.87174988,-76.1954422,8.23529434,61.51574707,60.27300644,-
Sat Dec 02 14:18:51 EST 2017,02-Dec-2017 14:18:51.228,-76.1956278,36.87221118,27.0,4.0,-31.100000381469727,342.2,8.73404789,0.22984336,4.55855989,0.02356571,-,17.64705849,0.02622171,0.94108468,-0.04295408,0.30611128,25.88235283,26.27450943,-,-,59,57.18432236,14.64881134,-,2081,-,-102.03411865,36.87221146,-76.19562531,8.62745094,60.39727783,59.65163422,-
Sat Dec 02 14:18:52 EST 2017,02-Dec-2017 14:18:52.230,-76.19572328,36.87243796,26.75,4.0,-31.0,341.1,8.38928318,0.22984336,4.13718033,-0.00221961,-,18.4313736,-0.01020683,0.89422578,-0.03904916,0.32173091,27.05882454,27.05882454,-,-,59,57.18647385,14.64881134,-,2076,-,-101.70603943,36.87243652,-76.19572449,8.62745094,59.83804321,59.03026199,-
Sat Dec 02 14:18:53 EST 2017,02-Dec-2017 14:18:53.230,-76.19582614,36.87266599,26.75,4.0,-30.899999618530273,340.2,9.19373417,0.15322891,3.94564438,0.02635494,-,19.2156868,0.09549944,0.98013395,-0.01952458,0.38811451,27.05882454,27.05882454,-,-,59,57.18647385,14.64881134,-,2076,-,-101.37795258,36.87266541,-76.19582367,9.8039217,59.83804321,59.03026199,-
Sat Dec 02 14:18:54 EST 2017,02-Dec-2017 14:18:54.234,-76.19593197,36.87289372,27.0,4.0,-30.200000762939453,339.0,8.6957407,-0.5363012,4.71178913,0.00543782,-,19.2156868,0.01394093,0.89032084,0.01561966,0.3842096,27.05882454,27.05882454,-,-,59,57.18862534,14.64881134,-,2040,-,-99.08136749,36.87289429,-76.19593048,9.8039217,60.39727783,59.03026199,-
Sat Dec 02 14:18:55 EST 2017,02-Dec-2017 14:18:55.231,-76.19604677,36.87311205,26.5,4.0,-29.200000762939453,338.1,8.6957407,0.22984336,3.98395157,-0.00570083,-,19.2156868,0.08239784,0.98013395,-0.07028849,0.35297027,27.05882454,27.45098114,-,-,59,57.18932343,14.64881134,-,2006,-,-95.80052948,36.87311172,-76.19604492,9.8039217,59.27880859,57.78752136,-
Sat Dec 02 14:18:56 EST 2017,02-Dec-2017 14:18:56.227,-76.19616224,36.87331979,26.0,4.0,-28.799999237060547,336.8,9.19373417,-0.19153613,4.02225876,0.01764485,-,19.2156868,0.0261028,0.92546505,-0.03123933,0.34125552,27.05882454,27.45098114,-,-,59,57.1900177,14.64881134,-,1997,-,-94.4881897,36.87332153,-76.19615936,10.1960783,58.16034317,57.78752136,-
Sat Dec 02 14:18:57 EST 2017,02-Dec-2017 14:18:57.232,-76.1962823,36.87352437,25.75,4.0,-28.799999237060547,335.9,9.15542698,-0.19153613,3.90733719,0.02241514,-,21.96078491,-0.09659998,0.81612742,-0.00780983,0.28658667,27.05882454,27.45098114,-,-,59,57.18999481,14.64881134,-,1997,-,-94.4881897,36.87352371,-76.19628143,13.33333397,57.60110855,57.16614914,-
Sat Dec 02 14:18:58 EST 2017,02-Dec-2017 14:18:58.229,-76.19640949,36.87372945,25.5,4.0,-28.0,334.8,8.61912632,-0.72783732,4.21379519,0.00374312,-,22.35294151,-0.07226767,0.82393724,0.00780983,0.32563588,32.15686417,32.15686417,-,-,59,57.18924332,14.64881134,-,1965,-,-91.86351776,36.87372971,-76.19641113,13.72549057,57.04187393,56.54477692,-
Sat Dec 02 14:18:58 EST 2017,02-Dec-2017 14:18:59.227,-76.19640949,36.87372945,25.5,4.0,-28.0,334.8,8.81066227,-0.84275901,3.79241538,0.00129378,-,22.35294151,-0.0290866,0.86298645,-0.05076391,0.34125552,32.15686417,32.15686417,-,-,59,57.18631363,14.64881134,-,1942,-,-91.86351776,36.87372971,-76.19641113,13.72549057,57.04187393,55.92340851,-
Sat Dec 02 14:19:00 EST 2017,02-Dec-2017 14:19:00.228,-76.19666428,36.87413161,25.0,3.0,-26.399999618530273,332.7,9.46188545,-1.14921677,4.06056595,-0.00789736,-,22.35294151,0.0004119,0.91375035,-0.05857374,0.30220634,32.15686417,32.54901886,-,-,59,57.18484879,14.64881134,-,1938,-,-86.61417389,36.87413025,-76.1966629,14.11764717,55.92340851,55.92340851,-
Sat Dec 02 14:19:01 EST 2017,02-Dec-2017 14:19:01.230,-76.19679683,36.87432726,25.0,3.0,-25.600000381469727,331.5,9.42357826,0.15322891,3.40934324,0.00429944,-,23.13725471,0.02561196,0.99184865,0.07028849,0.14991464,32.94117737,33.33333206,-,-,59,57.18267059,14.64881134,-,1925,-,-83.98950195,36.87432861,-76.19680023,15.68627453,55.92340851,55.30203629,-
Sat Dec 02 14:19:02 EST 2017,02-Dec-2017 14:19:02.231,-76.19693201,36.87452122,24.75,3.0,-25.299999237060547,330.4,8.6957407,-0.11492168,4.36702394,-0.00809909,-,24.31372643,-0.00860476,0.86298645,0.05466883,0.3842096,36.07843018,36.47058868,-,-,59,57.18121719,14.64881134,-,1947,-,-83.00524902,36.87451935,-76.19692993,15.68627453,55.36417389,55.92340851,42.54060364
Sat Dec 02 14:19:03 EST 2017,02-Dec-2017 14:19:03.231,-76.19707043,36.87471518,25.0,4.0,-24.899999618530273,329.9,10.07480049,-2.22181916,4.63517427,-0.01668787,-,25.88235283,0.08491127,0.97232407,-0.16010156,0.35297027,35.68627548,36.47058868,-,-,59,57.18121719,14.64881134,-,1947,-,-81.69290924,36.8747139,-76.19706726,17.64705849,55.92340851,55.92340851,42.54060364
Sat Dec 02 14:19:04 EST 2017,02-Dec-2017 14:19:04.227,-76.19721495,36.87490636,25.0,3.0,-24.700000762939453,328.5,8.96389103,-0.80445176,4.78840351,0.01470806,-,25.88235283,-0.07352675,0.78098321,0.1444819,0.37639979,35.68627548,36.47058868,-,-,59,57.18121719,14.64881134,-,1947,-,-81.03675079,36.87490463,-76.19721222,17.64705849,55.92340851,55.92340851,42.54060364
Sat Dec 02 14:19:05 EST 2017,02-Dec-2017 14:19:05.228,-76.19736334,36.87510073,25.25,3.0,-24.200000762939453,327.5,9.84495735,-0.03830723,4.44363832,0.00882885,-,25.88235283,0.10925122,0.99575359,-0.08590815,0.38030469,35.68627548,35.68627548,-,-,59,57.18121719,14.64881134,-,1947,-,-79.39633179,36.87509918,-76.19736481,17.64705849,56.48263931,55.92340851,42.54060364
Sat Dec 02 14:19:06 EST 2017,02-Dec-2017 14:19:06.234,-76.1975185,36.87528715,25.25,3.0,-23.5,326.6,10.53448772,-0.76614451,4.75009632,0.09313568,-,23.92156982,0.10040524,0.99184865,-0.08200324,0.36858991,33.72549057,34.11764908,-,-,59,57.17975235,14.64881134,-,1979,-,-77.09973907,36.8752861,-76.1975174,15.68627453,56.48263931,56.54477692,-
Sat Dec 02 14:19:07 EST 2017,02-Dec-2017 14:19:07.230,-76.19767775,36.87547902,25.5,3.0,-23.600000381469727,325.6,8.84896946,-0.15322891,3.56257224,0.01177504,-,23.92156982,-0.04952822,0.8747012,-0.00780983,0.27096704,33.72549057,34.11764908,-,-,59,57.17975235,14.64881134,-,1979,-,-77.42782593,36.87548065,-76.19767761,15.68627453,57.04187393,56.54477692,-
Sat Dec 02 14:19:07 EST 2017,02-Dec-2017 14:19:08.231,-76.19767775,36.87547902,25.5,3.0,-23.600000381469727,325.6,7.73806,-0.91937345,4.02225876,0.03588732,-,23.92156982,-0.04563511,0.81612742,0.1444819,0.37249482,33.72549057,34.11764908,-,-,59,57.17975235,14.64881134,-,1979,-,-77.42782593,36.87548065,-76.19767761,15.68627453,57.04187393,56.54477692,-
Sat Dec 02 14:19:09 EST 2017,02-Dec-2017 14:19:09.229,-76.19802031,36.87585796,25.75,4.0,-24.0,323.7,5.32470465,5.01824665,4.71178913,-0.02258612,-,23.92156982,0.39388555,1.24566817,-0.42563587,0.35687518,33.72549057,34.11764908,-,-,59,57.18045044,14.64881134,-,1999,-,-78.74015808,36.87585831,-76.19802094,15.68627453,57.60110855,57.78752136,-
Sat Dec 02 14:19:10 EST 2017,02-Dec-2017 14:19:10.227,-76.19819783,36.87604371,25.75,3.0,-24.5,322.6,9.61511421,-1.18752408,4.94163227,-0.00416924,-,20,0.04506601,0.94498962,-0.01561966,0.34516042,28.23529434,28.23529434,-,-,59,57.18045044,14.64881134,-,1994,-,-80.38057709,36.87604523,-76.19819641,11.37254906,57.60110855,57.78752136,-
Sat Dec 02 14:19:11 EST 2017,02-Dec-2017 14:19:11.227,-76.19837825,36.87622583,25.75,4.0,-24.700000762939453,321.4,9.19373417,-0.30645782,4.21379519,0.01877584,-,16.86274529,0.03751941,0.90594047,-0.03514424,0.40373418,24.31372643,24.31372643,-,-,59,57.18184662,14.64881134,-,1992,-,-81.03675079,36.87622452,-76.19837952,7.45098066,57.60110855,57.78752136,-
Sat Dec 02 14:19:12 EST 2017,02-Dec-2017 14:19:12.235,-76.19856416,36.87640292,25.75,4.0,-24.799999237060547,320.3,7.73806,0.11492168,3.715801,-0.0616629,-,16.86274529,-0.04271374,0.83565199,0.03904916,0.364685,24.31372643,24.31372643,-,-,57.20000076,57.18323135,14.64881134,-,1990,-,-81.36483002,36.87640381,-76.19856262,7.05882359,57.60110855,57.78752136,-
Sat Dec 02 14:19:13 EST 2017,02-Dec-2017 14:19:13.235,-76.1987525,36.87658006,25.75,4.0,-25.399999618530273,319.3,7.58483076,0.22984336,4.29040956,-0.02372426,-,16.86274529,-0.04868582,0.83565199,-0.06638357,0.34906533,24.31372643,24.31372643,-,-,57.20000076,57.18319321,14.64881134,-,1979,-,-83.33333588,36.87657928,-76.19875336,7.05882359,57.60110855,57.16614914,-
Sat Dec 02 14:19:13 EST 2017,02-Dec-2017 14:19:14.228,-76.1987525,36.87658006,25.75,4.0,-25.399999618530273,319.3,8.1211319,0.2681506,4.5202527,-0.0072841,-,16.47058868,-0.04949617,0.84346181,0.01171475,0.33735061,24.31372643,24.31372643,-,-,57.20000076,57.18317413,14.64881134,-,1988,-,-83.33333588,36.87657928,-76.19875336,7.05882359,57.60110855,57.16614914,-
Sat Dec 02 14:19:15 EST 2017,02-Dec-2017 14:19:15.228,-76.19914742,36.87692233,25.75,3.0,-26.799999237060547,317.1,8.15943909,-0.49799395,4.44363832,0.00200193,-,16.47058868,-0.06233725,0.82003236,0.03123933,0.35297027,24.31372643,24.31372643,-,-,57.20000076,57.18313599,14.64881134,-,1990,-,-87.92650604,36.87692261,-76.19915009,7.05882359,57.60110855,57.16614914,-
Sat Dec 02 14:19:16 EST 2017,02-Dec-2017 14:19:16.230,-76.19934712,36.87708897,25.75,3.0,-28.0,316.0,8.50420475,-0.07661445,4.40533113,0.03158877,-,16.47058868,-0.04369446,0.82393724,-0.08981306,0.37639979,24.31372643,24.31372643,-,-,57.20000076,57.18382263,14.64881134,-,1993,-,-91.86351776,36.87709045,-76.19934845,7.05882359,57.60110855,57.78752136,-
Sat Dec 02 14:19:16 EST 2017,02-Dec-2017 14:19:17.228,-76.19934712,36.87708897,25.75,3.0,-28.0,316.0,8.77235508,-0.19153613,4.25210238,0.01292962,-,16.47058868,0.00458999,0.89422578,-0.01171475,0.35687518,24.31372643,24.31372643,-,-,57.20000076,57.18519211,14.64881134,-,1994,-,-91.86351776,36.87709045,-76.19934845,7.05882359,57.60110855,57.78752136,41.73081207
Sat Dec 02 14:19:18 EST 2017,02-Dec-2017 14:19:18.230,-76.19976435,36.87741786,25.75,3.0,-29.299999237060547,314.1,8.46589756,-0.72783732,4.55855989,0.01299826,-,16.47058868,-0.05924231,0.80050778,-0.03904916,0.39201942,24.31372643,24.31372643,-,-,57.20000076,57.18587494,14.64881134,-,1994,-,-96.1286087,36.87741852,-76.19976807,7.05882359,57.60110855,57.78752136,41.73081207
Sat Dec 02 14:19:19 EST 2017,02-Dec-2017 14:19:19.232,-76.19997609,36.87757655,25.75,3.0,-30.100000381469727,313.2,9.11711979,0.03830723,4.71178913,0.02286259,-,16.47058868,0.03690154,0.91375035,-0.03514424,0.38811451,24.31372643,24.31372643,-,-,57.20000076,57.18587494,14.64881134,-,1994,-,-98.75328064,36.87757492,-76.19997406,7.05882359,57.60110855,57.78752136,41.73081207
Sat Dec 02 14:19:20 EST 2017,02-Dec-2017 14:19:20.228,-76.20019193,36.8777317,25.75,3.0,-30.5,312.0,8.15943909,-0.15322891,4.86501789,-0.00402568,-,16.47058868,-0.03028961,0.85908157,-0.00390492,0.34906533,24.31372643,24.31372643,-,-,57.20000076,57.18587494,14.64881134,-,1994,-,-100.06562042,36.87773132,-76.20019531,7.05882359,57.60110855,57.78752136,41.73081207
Sat Dec 02 14:19:21 EST 2017,02-Dec-2017 14:19:21.230,-76.20041319,36.87788526,25.75,3.0,-31.299999237060547,310.9,8.81066227,-0.19153613,4.09887314,0.00975651,-,16.47058868,-0.08179026,0.80050778,-0.00780983,0.34906533,24.31372643,24.31372643,-,-,57.20000076,57.18587494,14.64881134,-,1994,-,-102.69028473,36.87788391,-76.20041656,7.05882359,57.60110855,57.78752136,41.73081207
Sat Dec 02 14:19:21 EST 2017,02-Dec-2017 14:19:22.227,-76.20041319,36.87788526,25.75,3.0,-31.299999237060547,310.9,8.92558384,-0.22984336,3.79241538,0.0051738,-,16.47058868,-0.02975481,0.88251102,0.01171475,0.30220634,24.31372643,24.31372643,-,-,57.20000076,57.18442535,14.64881134,-,1961,-,-102.69028473,36.87788391,-76.20041656,7.05882359,57.60110855,56.54477692,-
Sat Dec 02 14:19:23 EST 2017,02-Dec-2017 14:19:23.231,-76.20086025,36.87817323,25.5,3.0,-31.799999237060547,308.6,8.38928318,-0.19153613,4.86501789,0.02560318,-,16.47058868,0.03099102,0.91765523,0.0234295,0.36858991,24.70588303,25.09803963,-,-,57.20000076,57.18370438,14.64881134,-,1947,-,-104.33070374,36.87817383,-76.20085907,7.05882359,57.04187393,56.54477692,-
Sat Dec 02 14:19:24 EST 2017,02-Dec-2017 14:19:24.231,-76.20108889,36.87831071,25.25,3.0,-32.099998474121094,307.6,8.08282471,0.38307226,4.02225876,-0.00152024,-,16.86274529,0.00136473,0.88641596,0.01952458,0.364685,25.49019623,25.88235283,-,-,57.20000076,57.18085861,14.64881134,-,1937,-,-105.31495667,36.87831116,-76.20108795,7.45098066,56.48263931,55.92340851,-
Sat Dec 02 14:19:25 EST 2017,02-Dec-2017 14:19:25.232,-76.20131873,36.87844647,25.0,3.0,-31.700000762939453,306.8,9.0788126,-0.2681506,4.21379519,0.00283231,-,17.25490189,-0.04609092,0.84736669,-0.00390492,0.33735061,25.88235283,25.88235283,-,-,57.20000076,57.17663574,14.64881134,-,1917,-,-104.00262451,36.87844467,-76.20131683,7.84313726,55.92340851,55.30203629,-
Sat Dec 02 14:19:26 EST 2017,02-Dec-2017 14:19:26.230,-76.20154635,36.87857709,24.75,3.0,-31.600000381469727,306.0,8.65743351,-0.5363012,4.09887314,0.01381846,-,17.25490189,0.05392038,0.9488945,-0.06638357,0.35297027,25.88235283,25.88235283,-,-,57.20000076,57.17663574,14.64881134,-,1917,-,-103.67454529,36.87857819,-76.20154572,7.84313726,55.36417389,55.30203629,-
Sat Dec 02 14:19:27 EST 2017,02-Dec-2017 14:19:27.229,-76.2017753,36.87870499,24.5,3.0,-31.600000381469727,305.0,8.88727665,0.34476504,3.86903,-0.00649776,-,17.25490189,-0.07187308,0.83565199,-0.02733441,0.30220634,25.88235283,25.88235283,-,-,57.20000076,57.17663574,14.64881134,-,1917,-,-103.67454529,36.87870407,-76.2017746,7.84313726,54.80493546,55.30203629,-
Sat Dec 02 14:19:28 EST 2017,02-Dec-2017 14:19:28.234,-76.20200464,36.87882701,24.5,3.0,-31.0,303.8,9.04050541,0.19153613,3.83072281,-0.02511405,-,23.13725471,-0.08769199,0.82393724,0.01952458,0.29049161,25.88235283,25.88235283,-,-,57.20000076,57.17663574,14.64881134,-,1917,-,-101.70603943,36.87882614,-76.20200348,14.90196133,54.80493546,55.30203629,-
Sat Dec 02 14:19:29 EST 2017,02-Dec-2017 14:19:29.228,-76.20223791,36.87894338,24.5,3.0,-30.899999618530273,302.7,9.15542698,0,4.48194551,0.05810386,-,23.13725471,0.00906838,0.90203559,-0.04685899,0.34906533,32.54901886,32.94117737,-,-,57.20000076,57.17663574,14.64881134,-,1926,-,-101.37795258,36.8789444,-76.20223999,14.90196133,54.80493546,55.30203629,-
Sat Dec 02 14:19:30 EST 2017,02-Dec-2017 14:19:30.234,-76.20247374,36.87906112,24.75,3.0,-31.0,301.7,8.65743351,0.57460839,3.83072281,0.01670507,-,22.74509811,-0.05110276,0.85127175,0.0234295,0.317826,32.15686417,32.54901886,-,-,57.20000076,57.17242813,14.64881134,-,1943,-,-101.70603943,36.87906265,-76.2024765,14.11764717,55.36417389,55.30203629,-
Sat Dec 02 14:19:30 EST 2017,02-Dec-2017 14:19:31.230,-76.20247374,36.87906112,24.75,3.0,-31.0,301.7,8.35097599,-0.57460839,3.79241538,-0.01136604,-,22.35294151,-0.03749176,0.89032084,0.03514424,0.26315722,31.76470566,32.54901886,-,-,57.20000076,57.17033005,14.64881134,-,1946,-,-101.70603943,36.87906265,-76.2024765,14.11764717,55.36417389,55.30203629,-
Sat Dec 02 14:19:32 EST 2017,02-Dec-2017 14:19:32.229,-76.20296137,36.8792879,25.0,3.0,-30.899999618530273,299.7,8.84896946,-0.65122288,3.52426481,0.03124626,-,22.35294151,-0.02246144,0.88251102,0.03904916,0.317826,31.76470566,32.54901886,-,-,57.20000076,57.17033005,14.64881134,-,1946,-,-101.37795258,36.87928772,-76.20296478,14.11764717,55.92340851,55.30203629,-
Sat Dec 02 14:19:33 EST 2017,02-Dec-2017 14:19:33.228,-76.20320514,36.87939936,25.0,3.0,-31.200000762939453,298.7,9.15542698,-0.72783732,3.56257224,0.01636095,-,22.35294151,-0.00376073,0.89032084,-0.03123933,0.34516042,31.76470566,32.54901886,-,-,57.20000076,57.17033005,14.64881134,-,1946,-,-102.36220551,36.87939835,-76.20320892,14.11764717,55.92340851,55.30203629,-
Sat Dec 02 14:19:34 EST 2017,02-Dec-2017 14:19:34.228,-76.20345298,36.87950173,25.0,3.0,-31.600000381469727,297.9,9.0788126,-0.49799395,3.75410819,-0.00020741,-,22.35294151,-0.02067578,0.89422578,0.01171475,0.29830143,31.76470566,32.15686417,-,-,57.20000076,57.16893387,14.64881134,-,1966,-,-103.67454529,36.87950134,-76.20345306,14.11764717,55.92340851,55.92340851,-
Sat Dec 02 14:19:35 EST 2017,02-Dec-2017 14:19:35.228,-76.2037008,36.879603,25.0,3.0,-31.5,297.2,8.61912632,-0.61291564,3.86903,0.0239341,-,23.92156982,0.02571604,0.9488945,0.03904916,0.28658667,33.72549057,32.15686417,-,-,57.20000076,57.16893387,14.64881134,-,1966,-,-103.34645844,36.87960434,-76.2036972,15.68627453,55.92340851,55.92340851,-
Sat Dec 02 14:19:36 EST 2017,02-Dec-2017 14:19:36.227,-76.20395272,36.87970126,25.0,3.0,-31.200000762939453,296.1,8.61912632,0.07661445,4.02225876,0.02988598,-,23.92156982,0.03368109,0.94498962,-0.05857374,0.31392109,33.72549057,33.72549057,-,-,57.20000076,57.16753769,14.64881134,-,1991,-,-102.36220551,36.87969971,-76.20394897,15.68627453,55.92340851,55.92340851,-
Sat Dec 02 14:19:37 EST 2017,02-Dec-2017 14:19:37.229,-76.20420384,36.87979375,25.25,3.0,-30.799999237060547,295.1,9.11711979,-0.5363012,3.40934324,-0.00087988,-,25.09803963,-0.03280272,0.90203559,-0.01952458,0.24753754,34.90196228,34.90196228,-,-,57.20000076,57.16684341,14.64881134,-,1972,-,-101.04986572,36.87979507,-76.20420074,16.86274529,56.48263931,56.54477692,50.80955505
Sat Dec 02 14:19:38 EST 2017,02-Dec-2017 14:19:38.228,-76.20446142,36.87988424,25.25,3.0,-30.700000762939453,293.9,9.6534214,-0.38307226,3.48595762,0.06596178,-,25.09803963,0.02963587,0.9488945,0.01952458,0.29830143,34.90196228,34.90196228,-,-,57.20000076,57.16614914,14.64881134,-,1975,-,-100.7217865,36.87988281,-76.20446014,16.86274529,56.48263931,56.54477692,50.80955505
Sat Dec 02 14:19:39 EST 2017,02-Dec-2017 14:19:39.231,-76.20472163,36.87997622,25.25,4.0,-30.200000762939453,293.5,8.50420475,0.34476504,3.98395157,0.00403751,-,25.49019623,-0.04888622,0.86689138,-0.00390492,0.29049161,35.29411697,35.29411697,-,-,57.20000076,57.16545868,14.64881134,-,1987,-,-99.08136749,36.87997437,-76.20471954,17.25490189,56.48263931,56.54477692,50.80955505
Sat Dec 02 14:19:39 EST 2017,02-Dec-2017 14:19:40.230,-76.20472163,36.87997622,25.25,4.0,-30.200000762939453,293.5,8.96389103,-0.15322891,3.75410819,-0.00729727,-,25.49019623,-0.04523547,0.88251102,-0.01561966,0.26315722,35.29411697,35.29411697,-,-,57.20000076,57.16545868,14.64881134,-,1988,-,-99.08136749,36.87997437,-76.20471954,17.25490189,56.48263931,57.16614914,31.48428154
Sat Dec 02 14:19:41 EST 2017,02-Dec-2017 14:19:41.229,-76.20526137,36.88013833,25.5,3.0,-29.399999618530273,290.2,8.96389103,-0.42137951,3.86903,0.00272003,-,25.09803963,-0.01978029,0.90203559,-0.00780983,0.28268176,34.90196228,34.90196228,-,-,57.20000076,57.16545868,14.64881134,-,1989,-,-96.45669556,36.8801384,-76.20526123,16.86274529,57.04187393,57.16614914,31.48428154
Sat Dec 02 14:19:42 EST 2017,02-Dec-2017 14:19:42.230,-76.20553008,36.88020873,25.5,3.0,-28.5,289.3,9.04050541,-0.42137951,3.63918662,0.01335138,-,25.09803963,-0.05121532,0.85517663,-0.01171475,0.31001619,34.90196228,35.29411697,-,-,57.20000076,57.16545868,14.64881134,-,1992,-,-93.50393677,36.88020706,-76.20552826,16.86274529,57.04187393,57.16614914,31.48428154
Sat Dec 02 14:19:43 EST 2017,02-Dec-2017 14:19:43.228,-76.20580161,36.88027944,25.5,3.0,-28.200000762939453,288.5,8.46589756,-0.19153613,3.79241538,-0.02483029,-,25.09803963,-0.06902493,0.85517663,0.00780983,0.26706213,34.90196228,35.29411697,-,-,57.20000076,57.16545868,14.64881134,-,1992,-,-92.51969147,36.88027954,-76.20580292,16.86274529,57.04187393,57.16614914,31.48428154
Sat Dec 02 14:19:44 EST 2017,02-Dec-2017 14:19:44.230,-76.20606996,36.88034841,25.5,4.0,-27.399999618530273,288.0,8.73404789,-0.2681506,3.44765043,-0.02248392,-,25.09803963,-0.01449408,0.91765523,-0.04685899,0.25534737,34.90196228,35.29411697,-,-,57.20000076,57.16546249,14.64881134,-,2015,-,-89.8950119,36.88034821,-76.20606995,16.86274529,57.04187393,57.16614914,-
Sat Dec 02 14:19:45 EST 2017,02-Dec-2017 14:19:45.227,-76.20634605,36.88041718,25.5,4.0,-27.200000762939453,287.2,9.04050541,-0.15322891,3.86903,-0.00362156,-,25.09803963,-0.01051517,0.89032084,0.03514424,0.32954079,34.90196228,35.29411697,-,-,57.20000076,57.16614914,14.64881134,-,2009,-,-89.23884583,36.88041687,-76.2063446,16.86274529,57.04187393,57.78752136,-
Sat Dec 02 14:19:46 EST 2017,02-Dec-2017 14:19:46.232,-76.20661816,36.88048074,25.75,3.0,-26.700000762939453,285.9,9.42357826,-0.72783732,3.715801,0.05425209,-,25.09803963,-0.00802783,0.92936999,0.03904916,0.24363261,34.90196228,35.29411697,-,-,57.20000076,57.16614914,14.64881134,-,2009,-,-87.59842682,36.88048172,-76.20661926,16.86274529,57.60110855,57.78752136,-
Sat Dec 02 14:19:47 EST 2017,02-Dec-2017 14:19:47.230,-76.20689997,36.88054039,25.75,4.0,-26.5,284.6,8.42759037,-0.84275901,3.48595762,-0.01220997,-,25.09803963,-0.06336297,0.86298645,-0.00780983,0.26315722,34.90196228,35.29411697,-,-,57.20000076,57.16614914,14.64881134,-,2009,-,-86.94226074,36.88053894,-76.20690155,16.86274529,57.60110855,57.78752136,-
Sat Dec 02 14:19:48 EST 2017,02-Dec-2017 14:19:48.227,-76.20718659,36.88058989,26.0,3.0,-25.600000381469727,283.1,9.0788126,-2.87304211,3.17949986,0.09555955,-,25.09803963,-0.06728113,0.83174706,-0.05466883,0.317826,34.90196228,35.29411697,-,-,57.20000076,57.16614914,14.64881134,-,2009,-,-83.98950195,36.88058853,-76.20718384,16.86274529,58.16034317,57.78752136,-
Sat Dec 02 14:19:49 EST 2017,02-Dec-2017 14:19:49.230,-76.20748012,36.88063764,26.0,3.0,-24.5,281.8,11.14740276,-2.03028297,3.94564438,0.05493369,-,22.35294151,0.22346719,1.13633049,-0.20696054,0.30220634,31.37254906,31.76470566,-,-,57.20000076,57.16889572,14.64881134,-,2043,-,-80.38057709,36.88063812,-76.20748138,13.33333397,58.16034317,58.40889359,-
Sat Dec 02 14:19:50 EST 2017,02-Dec-2017 14:19:50.230,-76.20777274,36.88068187,26.0,3.0,-24.299999237060547,280.7,8.23605347,0.57460839,3.14119267,-0.01634181,-,22.35294151,-0.0992388,0.83955687,0.05857374,0.22020312,31.37254906,31.37254906,-,-,57.20000076,57.17162704,14.64881134,-,2054,-,-79.72440338,36.88068008,-76.2077713,13.72549057,58.16034317,58.40889359,-
Sat Dec 02 14:19:51 EST 2017,02-Dec-2017 14:19:51.232,-76.20806391,36.88072357,26.25,3.0,-24.899999618530273,280.1,9.19373417,0.34476504,4.40533113,-0.03060054,-,21.56862831,-0.03001433,0.89422578,-0.00780983,0.27487195,29.41176605,29.80392265,-,-,57.20000076,57.17570877,14.64881134,-,2050,-,-81.69290924,36.88072205,-76.20806122,12.94117641,58.71957779,59.03026199,47.95012665
Sat Dec 02 14:19:52 EST 2017,02-Dec-2017 14:19:52.227,-76.2083576,36.8807635,26.5,3.0,-25.399999618530273,279.7,9.69172859,-0.5363012,4.97993946,0.00259615,-,19.6078434,-0.12713879,0.85517663,0.04295408,0.06791139,25.88235283,21.96078491,-,-,57.20000076,57.17774582,14.64881134,-,2042,-,-83.33333588,36.88076401,-76.20835876,10.98039246,59.27880859,59.03026199,47.95012665
Sat Dec 02 14:19:53 EST 2017,02-Dec-2017 14:19:53.229,-76.20865408,36.88080415,26.5,3.0,-25.700000762939453,279.8,7.96790314,0.11492168,4.63517427,0.0351522,-,16.86274529,-0.01580323,0.86689138,-0.0234295,0.364685,14.11764717,21.96078491,-,-,57.20000076,57.17977524,14.64881134,-,2042,-,-84.31758881,36.88080597,-76.20865631,7.05882359,59.27880859,59.03026199,47.95012665
Sat Dec 02 14:19:53 EST 2017,02-Dec-2017 14:19:54.231,-76.20865408,36.88080415,26.5,3.0,-25.700000762939453,279.8,8.35097599,0.49799395,3.98395157,-0.03719284,-,17.25490189,-0.00554669,0.87860614,0.01952458,0.364685,25.09803963,21.96078491,-,-,57.20000076,57.18246841,14.64881134,-,2020,-,-84.31758881,36.88080597,-76.20865631,7.84313726,59.27880859,58.40889359,-
Sat Dec 02 14:19:55 EST 2017,02-Dec-2017 14:19:55.234,-76.20923637,36.88088412,26.25,3.0,-25.899999618530273,279.9,8.42759037,0.76614451,4.06056595,0.00239651,-,17.64705849,-0.0128928,0.85908157,-0.03514424,0.3842096,25.49019623,25.88235283,-,-,57.20000076,57.18514633,14.64881134,-,2024,-,-84.97375488,36.88088226,-76.20923615,8.23529434,58.71957779,58.40889359,-
Sat Dec 02 14:19:56 EST 2017,02-Dec-2017 14:19:56.230,-76.20952495,36.88092003,26.25,3.0,-26.299999237060547,279.9,8.15943909,1.60890353,3.86903,-0.01405134,-,17.64705849,-0.05119131,0.83955687,-0.00780983,0.34125552,25.88235283,26.66666794,-,-,57.20000076,57.18780899,14.64881134,-,2039,-,-86.28608704,36.88092041,-76.20952606,9.4117651,58.71957779,58.40889359,-
Sat Dec 02 14:19:57 EST 2017,02-Dec-2017 14:19:57.231,-76.20981425,36.8809596,26.25,3.0,-27.299999237060547,280.1,8.81066227,1.18752408,3.98395157,0.01584672,-,19.2156868,0.05400006,0.97232407,-0.07809832,0.29830143,27.05882454,27.05882454,-,-,57.20000076,57.18981552,14.64881134,-,2049,-,-89.56692505,36.88095856,-76.20981598,9.8039217,58.71957779,59.03026199,-
Sat Dec 02 14:19:57 EST 2017,02-Dec-2017 14:19:58.228,-76.20981425,36.8809596,26.25,3.0,-27.299999237060547,280.1,8.58081913,-0.42137951,4.55855989,0.01507775,-,19.2156868,-0.03003006,0.87860614,0.01171475,0.31001619,27.05882454,27.05882454,-,-,57.20000076,57.19181442,14.64881134,-,2055,-,-89.56692505,36.88095856,-76.20981598,9.8039217,58.71957779,59.03026199,21.81160355
Sat Dec 02 14:19:59 EST 2017,02-Dec-2017 14:19:59.228,-76.21040002,36.88104853,26.5,3.0,-28.5,280.8,8.23605347,1.18752408,4.86501789,0.00314934,-,19.2156868,-0.02439104,0.85517663,-0.06247865,0.364685,27.05882454,26.66666794,-,-,57.20000076,57.19381332,14.64881134,-,2056,-,-93.50393677,36.88105011,-76.21040344,10.1960783,59.27880859,59.03026199,21.81160355
Sat Dec 02 14:20:00 EST 2017,02-Dec-2017 14:20:00.231,-76.21069041,36.88109756,26.75,3.0,-29.200000762939453,281.5,8.31266785,0.57460839,4.09887314,-0.00600851,-,18.4313736,-0.00093122,0.90984541,-0.03904916,0.31001619,26.66666794,26.66666794,-,-,57.20000076,57.19647598,14.64881134,-,2056,-,-95.80052948,36.88109589,-76.21069336,9.4117651,59.83804321,59.65163422,47.36108017
Sat Dec 02 14:20:01 EST 2017,02-Dec-2017 14:20:01.231,-76.21098085,36.88114915,26.75,3.0,-29.799999237060547,282.2,9.15542698,0.42137951,4.36702394,0.01194796,-,18.4313736,0.0171938,0.90594047,0.08981306,0.35297027,26.66666794,26.66666794,-,-,57.20000076,57.19647598,14.64881134,-,2056,-,-97.76902771,36.88114929,-76.21098328,9.4117651,59.83804321,59.65163422,47.36108017
Sat Dec 02 14:20:02 EST 2017,02-Dec-2017 14:20:02.232,-76.21126929,36.88120359,26.75,3.0,-30.0,283.0,8.88727665,0.2681506,4.48194551,0.02149514,-,18.4313736,0.07190803,0.97622901,0.06247865,0.33735061,26.66666794,26.66666794,-,-,57.20000076,57.19647598,14.64881134,-,2056,-,-98.42519379,36.8812027,-76.21126556,9.4117651,59.83804321,59.65163422,47.36108017
Sat Dec 02 14:20:02 EST 2017,02-Dec-2017 14:20:03.228,-76.21126929,36.88120359,26.75,3.0,-30.0,283.0,9.15542698,0.03830723,4.25210238,0.04802495,-,18.4313736,-0.05545459,0.84736669,0.04685899,0.31392109,26.66666794,26.66666794,-,-,57.20000076,57.19647598,14.64881134,-,2056,-,-98.42519379,36.8812027,-76.21126556,9.4117651,59.83804321,59.65163422,47.36108017
Sat Dec 02 14:20:04 EST 2017,02-Dec-2017 14:20:04.228,-76.21184688,36.88132026,26.5,4.0,-30.100000381469727,284.5,8.38928318,-0.07661445,4.175488,0.02353194,-,18.4313736,-0.0576137,0.83174706,0.03123933,0.34125552,26.66666794,26.66666794,-,-,57.20000076,57.19647598,14.64881134,-,2057,-,-98.75328064,36.88132095,-76.2118454,9.4117651,59.27880859,59.65163422,47.36108017
Sat Dec 02 14:20:05 EST 2017,02-Dec-2017 14:20:05.234,-76.21212859,36.88138426,26.25,3.0,-29.700000762939453,285.5,8.81066227,0.61291564,4.09887314,0.01841848,-,20.3921566,0.02247541,0.92546505,0.01952458,0.3334457,29.01960754,29.41176605,-,-,57.20000076,57.1997757,14.64881134,-,2026,-,-97.44094849,36.8813858,-76.21212769,11.76470566,58.71957779,58.40889359,-
Sat Dec 02 14:20:06 EST 2017,02-Dec-2017 14:20:06.232,-76.21241143,36.8814498,26.25,4.0,-29.700000762939453,286.2,9.50019264,0.15322891,4.29040956,0.02641474,-,20.3921566,0.02523989,0.9488945,-0.0234295,0.28658667,29.01960754,29.41176605,-,-,57.20000076,57.1997757,14.64881134,-,2026,-,-97.44094849,36.88145065,-76.21240997,11.76470566,58.71957779,58.40889359,-
Sat Dec 02 14:20:07 EST 2017,02-Dec-2017 14:20:07.231,-76.21269017,36.88151885,26.0,3.0,-29.299999237060547,286.9,8.92558384,0.65122288,4.06056595,0.02077645,-,20.7843132,0.02735856,0.93327487,0.05076391,0.32563588,29.80392265,29.41176605,-,-,57.20000076,57.1997757,14.64881134,-,2026,-,-96.1286087,36.88151932,-76.21269226,11.76470566,58.16034317,58.40889359,-
Sat Dec 02 14:20:07 EST 2017,02-Dec-2017 14:20:08.232,-76.21269017,36.88151885,26.0,3.0,-29.299999237060547,286.9,9.80665016,0.22984336,4.86501789,-0.08776562,-,21.96078491,0.02692779,0.91375035,-0.05466883,0.364685,29.80392265,30.19607925,-,-,57.20000076,57.19973755,14.64881134,-,1998,-,-96.1286087,36.88151932,-76.21269226,12.54901981,58.16034317,57.16614914,-
Sat Dec 02 14:20:09 EST 2017,02-Dec-2017 14:20:09.231,-76.21323535,36.88166196,25.75,3.0,-28.100000381469727,288.6,8.92558384,0.9576807,4.94163227,0.01874627,-,21.96078491,0.0838348,0.98403883,-0.01952458,0.35297027,30.98039246,31.37254906,-,-,57.20000076,57.19973755,14.64881134,-,1998,-,-92.19160461,36.88166046,-76.21323395,12.54901981,57.60110855,57.16614914,-
Sat Dec 02 14:20:10 EST 2017,02-Dec-2017 14:20:10.229,-76.21350692,36.88173689,25.5,4.0,-27.600000381469727,289.1,9.53849983,0.22984336,3.37103605,-0.00889079,-,21.96078491,-0.09509799,0.81222248,0.07809832,0.29049161,30.98039246,31.37254906,-,-,57.20000076,57.19903183,14.64881134,-,1976,-,-90.55118561,36.88173676,-76.21350861,12.54901981,57.04187393,56.54477692,-
Sat Dec 02 14:20:11 EST 2017,02-Dec-2017 14:20:11.229,-76.21377445,36.88181226,25.25,3.0,-26.899999618530273,289.7,7.24006605,-0.03830723,4.48194551,-0.05400822,-,22.35294151,-0.11810404,0.82393724,0.02733441,0.21239327,30.98039246,31.37254906,-,-,57.20000076,57.19903183,14.64881134,-,1976,-,-88.2545929,36.88181305,-76.21377563,13.72549057,56.48263931,56.54477692,-
Sat Dec 02 14:20:11 EST 2017,02-Dec-2017 14:20:12.228,-76.21377445,36.88181226,25.25,3.0,-26.899999618530273,289.7,10.11310768,-0.9576807,3.44765043,-0.00031091,-,25.09803963,0.00635033,0.93327487,-0.05857374,0.27096704,34.50980377,32.54901886,-,-,57.20000076,57.19628143,14.64881134,-,1956,-,-88.2545929,36.88181305,-76.21377563,16.47058868,56.48263931,55.92340851,-
Sat Dec 02 14:20:13 EST 2017,02-Dec-2017 14:20:13.231,-76.21430671,36.88197121,25.25,3.0,-26.200000762939453,290.8,8.96389103,0.9576807,3.75410819,-0.00501839,-,24.31372643,0.20763157,1.14023542,-0.21086545,0.23582277,34.11764908,34.50980377,-,-,57.20000076,57.19487762,14.64881134,-,1976,-,-85.95800781,36.88196945,-76.21430969,16.47058868,56.48263931,56.54477692,38.23666
Sat Dec 02 14:20:14 EST 2017,02-Dec-2017 14:20:14.228,-76.21457195,36.88205593,25.25,4.0,-26.200000762939453,290.9,8.35097599,0.8810662,4.02225876,0.04821741,-,24.31372643,0.05565643,0.96841919,0.03514424,0.317826,33.72549057,32.54901886,-,-,57.20000076,57.19417953,14.64881134,-,2013,-,-85.95800781,36.88205719,-76.21456909,14.90196133,56.48263931,56.54477692,38.23666
Sat Dec 02 14:20:15 EST 2017,02-Dec-2017 14:20:15.231,-76.21484337,36.88213965,25.5,3.0,-26.399999618530273,290.8,8.23605347,-0.15322891,3.86903,0.00977198,-,24.31372643,-0.02457102,0.83955687,0.00390492,0.39592433,33.72549057,32.54901886,-,-,57.20000076,57.19417953,14.64881134,-,2013,-,-86.61417389,36.88214111,-76.21484375,14.90196133,57.04187393,56.54477692,38.23666
Sat Dec 02 14:20:16 EST 2017,02-Dec-2017 14:20:16.231,-76.21511555,36.88222142,25.75,3.0,-26.299999237060547,290.9,9.57680702,0.8810662,2.33674097,0.02787489,-,20.7843132,-0.19056694,0.69897997,-0.03514424,0.30611128,30.19607925,30.19607925,-,-,57.20000076,57.19415283,14.64881134,-,1987,-,-86.28608704,36.88222122,-76.21511841,12.15686321,57.60110855,57.16614914,28.14904594
Sat Dec 02 14:20:17 EST 2017,02-Dec-2017 14:20:17.228,-76.21538442,36.88230335,25.75,4.0,-25.899999618530273,291.1,8.73404789,-0.03830723,4.29040956,-0.00134447,-,21.17647171,-0.06683136,0.83174706,-0.0234295,0.32173091,29.80392265,30.19607925,-,-,57.20000076,57.19475555,14.64881134,-,1991,-,-84.97375488,36.88230515,-76.21538544,12.15686321,57.60110855,57.78752136,51.62479019
Sat Dec 02 14:20:18 EST 2017,02-Dec-2017 14:20:18.227,-76.21565186,36.88238454,25.75,3.0,-26.399999618530273,291.3,8.58081913,1.34075296,4.44363832,-0.02269399,-,20.7843132,-0.05351791,0.85127175,-0.09371798,0.30220634,29.80392265,30.19607925,-,-,57.20000076,57.19668961,14.64881134,-,1999,-,-86.61417389,36.88238525,-76.21565247,11.76470566,57.60110855,58.40889359,51.62479019
Sat Dec 02 14:20:19 EST 2017,02-Dec-2017 14:20:19.234,-76.21592069,36.88247017,26.0,4.0,-26.600000381469727,291.0,8.31266785,1.8770541,2.37504816,0.03334563,-,20.7843132,-0.16450983,0.7302193,0.1444819,0.27877685,29.41176605,30.19607925,-,-,57.20000076,57.19668961,14.64881134,-,1999,-,-87.27033997,36.88246918,-76.21591949,11.76470566,58.16034317,58.40889359,51.62479019
Sat Dec 02 14:20:20 EST 2017,02-Dec-2017 14:20:20.227,-76.21619127,36.8825523,26.0,4.0,-26.5,290.7,9.15542698,0.2681506,5.40131903,0.10292894,-,20.7843132,0.09757979,0.98013395,-0.07028849,0.38811451,29.41176605,29.80392265,-,-,57.20000076,57.19797897,14.64881134,-,2033,-,-86.94226074,36.8825531,-76.21619415,11.76470566,58.16034317,58.40889359,-
Sat Dec 02 14:20:20 EST 2017,02-Dec-2017 14:20:21.228,-76.21619127,36.8825523,26.0,4.0,-26.5,290.7,9.50019264,0.80445176,4.36702394,0.01556146,-,20,0.13995592,1.03870761,-0.08590815,0.36078009,28.62745094,28.62745094,-,-,57.20000076,57.19993591,14.64881134,-,2048,-,-86.94226074,36.8825531,-76.21619415,10.98039246,58.16034317,59.03026199,-
Sat Dec 02 14:20:22 EST 2017,02-Dec-2017 14:20:22.228,-76.21674331,36.88272184,26.5,4.0,-27.0,291.0,8.42759037,0,3.98395157,-0.00710914,-,20.3921566,-0.00359227,0.89422578,0.03514424,0.33735061,28.23529434,28.62745094,-,-,57.20000076,57.2038269,14.64881134,-,2054,-,-88.58267975,36.88272095,-76.21674347,11.37254906,59.27880859,59.03026199,47.96408844
Sat Dec 02 14:20:23 EST 2017,02-Dec-2017 14:20:23.230,-76.21701856,36.88280639,26.5,4.0,-27.100000381469727,291.1,8.88727665,0.22984336,4.09887314,0.00689089,-,19.6078434,0.04220766,0.9488945,0.0234295,0.32954079,27.45098114,28.62745094,-,-,57.20000076,57.20643234,14.64881134,-,2062,-,-88.91075897,36.88280487,-76.21701813,10.58823586,59.27880859,59.65163422,41.60402679
Sat Dec 02 14:20:24 EST 2017,02-Dec-2017 14:20:24.235,-76.21729659,36.88289182,26.75,4.0,-27.299999237060547,291.0,8.73404789,0.2681506,4.175488,0.02893053,-,18.8235302,-0.0067596,0.88251102,0.04295408,0.35297027,26.66666794,26.66666794,-,-,57.20000076,57.21161652,14.64881134,-,2076,-,-89.56692505,36.88289261,-76.21729279,9.4117651,59.83804321,59.65163422,41.60402679
Sat Dec 02 14:20:25 EST 2017,02-Dec-2017 14:20:25.227,-76.21758175,36.88297308,26.75,3.0,-27.100000381469727,290.8,8.23605347,0.65122288,4.55855989,0.00372241,-,18.8235302,0.02939877,0.91375035,0.02733441,0.37249482,26.66666794,27.05882454,-,-,57.20000076,57.21420288,14.64881134,-,2074,-,-88.91075897,36.88297272,-76.2175827,9.4117651,59.83804321,59.65163422,41.60402679
Sat Dec 02 14:20:25 EST 2017,02-Dec-2017 14:20:26.235,-76.21758175,36.88297308,26.75,3.0,-27.100000381469727,290.8,8.77235508,0.72783732,3.83072281,0.02410565,-,18.8235302,0.0752339,0.99184865,0.01561966,0.31392109,26.66666794,27.05882454,-,-,57.20000076,57.21678162,14.64881134,-,2074,-,-88.91075897,36.88297272,-76.2175827,9.4117651,59.83804321,59.65163422,41.60402679
Sat Dec 02 14:20:27 EST 2017,02-Dec-2017 14:20:27.231,-76.21813719,36.88314317,26.75,3.0,-27.5,290.8,8.73404789,0.49799395,3.67749381,0.02291377,-,20.7843132,-0.04776387,0.85908157,0,0.31001619,29.01960754,29.01960754,-,-,57.20000076,57.21678162,14.64881134,-,2074,-,-90.22309875,36.88314438,-76.21813965,11.76470566,59.83804321,59.65163422,41.60402679
Sat Dec 02 14:20:28 EST 2017,02-Dec-2017 14:20:28.228,-76.2184205,36.88323251,26.75,3.0,-27.700000762939453,291.0,8.23605347,0.72783732,4.25210238,0.00407238,-,20,0.01352698,0.90203559,0.0234295,0.36078009,28.23529434,28.23529434,-,-,57.20000076,57.22192383,14.64881134,-,2077,-,-90.87926483,36.88323212,-76.21842194,11.37254906,59.83804321,59.65163422,-
Sat Dec 02 14:20:29 EST 2017,02-Dec-2017 14:20:29.234,-76.21870088,36.88331815,26.75,4.0,-27.700000762939453,291.0,8.08282471,0.76614451,4.21379519,-0.00162179,-,19.2156868,-0.046963,0.85908157,0.03904916,0.31001619,27.45098114,27.84313774,-,-,57.20000076,57.22448349,14.64881134,-,2060,-,-90.87926483,36.88331985,-76.21870422,10.1960783,59.83804321,59.65163422,-
Sat Dec 02 14:20:30 EST 2017,02-Dec-2017 14:20:30.227,-76.21897932,36.88340544,26.75,4.0,-27.700000762939453,290.9,9.15542698,0.68953007,3.715801,0.01043506,-,19.6078434,-0.02967612,0.85127175,0.06247865,0.36078009,27.45098114,27.84313774,-,-,57.20000076,57.22704315,14.64881134,-,2060,-,-90.87926483,36.88340378,-76.21897888,10.1960783,59.83804321,59.65163422,-
Sat Dec 02 14:20:31 EST 2017,02-Dec-2017 14:20:31.234,-76.21925784,36.88349004,26.75,3.0,-27.399999618530273,290.9,8.23605347,0.07661445,4.32871675,-0.01289253,-,19.6078434,-0.01174963,0.89813066,0.06638357,0.30611128,27.45098114,27.84313774,-,-,57.20000076,57.22704315,14.64881134,-,2060,-,-89.8950119,36.88349152,-76.21926117,10.1960783,59.83804321,59.65163422,-
Sat Dec 02 14:20:32 EST 2017,02-Dec-2017 14:20:32.233,-76.21953259,36.88357694,26.5,3.0,-27.200000762939453,290.9,7.69975281,0.38307226,3.715801,-0.00652714,-,20,-0.01220522,0.8747012,0.03514424,0.35687518,28.62745094,29.01960754,-,-,57.20000076,57.23083496,14.64881134,-,2043,-,-89.23884583,36.88357544,-76.21953583,12.15686321,59.27880859,59.03026199,-
Sat Dec 02 14:20:33 EST 2017,02-Dec-2017 14:20:33.228,-76.21981487,36.88365981,26.5,3.0,-27.5,290.8,8.61912632,0.5363012,4.25210238,0.03037928,-,20.7843132,0.00089986,0.91765523,-0.01952458,0.29830143,29.41176605,29.41176605,-,-,57.20000076,57.23461151,14.64881134,-,2053,-,-90.22309875,36.88365936,-76.21981812,11.76470566,59.27880859,59.03026199,-
Sat Dec 02 14:20:34 EST 2017,02-Dec-2017 14:20:34.228,-76.22009196,36.88374052,26.5,3.0,-27.200000762939453,291.2,9.88326454,0.07661445,3.86903,0.00528643,-,20.7843132,-0.04089027,0.85517663,0.00780983,0.3334457,29.41176605,29.41176605,-,-,57.20000076,57.23461151,14.64881134,-,2053,-,-89.23884583,36.88373947,-76.22009277,11.76470566,59.27880859,59.03026199,-
Sat Dec 02 14:20:35 EST 2017,02-Dec-2017 14:20:35.231,-76.2203663,36.88382187,26.25,3.0,-26.899999618530273,291.2,8.96389103,0.19153613,3.715801,0.01183768,-,20.7843132,0.00433176,0.90594047,0.07809832,0.32563588,29.41176605,29.41176605,-,-,57.20000076,57.23461151,14.64881134,-,2053,-,-88.2545929,36.88382339,-76.22036743,12.54901981,58.71957779,59.03026199,-
Sat Dec 02 14:20:36 EST 2017,02-Dec-2017 14:20:36.229,-76.22064178,36.88390818,26.25,3.0,-27.100000381469727,291.3,8.42759037,0.03830723,3.83072281,0.0086385,-,20.7843132,-0.0616378,0.83174706,-0.01561966,0.3334457,31.76470566,29.41176605,-,-,57.20000076,57.23461151,14.64881134,-,2053,-,-88.91075897,36.88390732,-76.22064209,12.54901981,58.71957779,59.03026199,-
Sat Dec 02 14:20:37 EST 2017,02-Dec-2017 14:20:37.229,-76.22091695,36.88399695,26.25,3.0,-27.299999237060547,291.0,9.0788126,0.03830723,4.29040956,0.04260951,-,20.7843132,-0.0178907,0.86689138,-0.00780983,0.36078009,31.76470566,32.15686417,-,-,57.20000076,57.23584366,14.64881134,-,2024,-,-89.56692505,36.88399506,-76.22091675,12.54901981,58.71957779,58.40889359,-
Sat Dec 02 14:20:38 EST 2017,02-Dec-2017 14:20:38.228,-76.22118636,36.88408467,26.25,3.0,-27.100000381469727,291.1,8.92558384,0.34476504,4.25210238,-0.00048787,-,23.13725471,0.01701377,0.91765523,0.01561966,0.33735061,32.54901886,32.15686417,-,-,57.20000076,57.23584366,14.64881134,-,2024,-,-88.91075897,36.88408279,-76.22118378,14.50980377,58.71957779,58.40889359,-
Sat Dec 02 14:20:39 EST 2017,02-Dec-2017 14:20:39.226,-76.22146194,36.88416691,26.25,3.0,-27.0,291.1,8.31266785,0.91937345,4.48194551,0.00913702,-,23.13725471,-0.00372244,0.88251102,0.02733441,0.36078009,32.54901886,32.15686417,-,-,57.20000076,57.23584366,14.64881134,-,2024,-,-88.58267975,36.88416672,-76.22145844,14.50980377,58.71957779,58.40889359,-
Sat Dec 02 14:20:40 EST 2017,02-Dec-2017 14:20:40.228,-76.2217298,36.88425144,26.0,3.0,-26.700000762939453,291.0,7.89128876,0.11492168,3.90733719,-0.02683024,-,23.13725471,0.03357776,0.94108468,-0.02733441,0.32563588,32.54901886,32.54901886,-,-,57.20000076,57.2369957,14.64881134,-,2005,-,-87.59842682,36.88425064,-76.22173309,14.50980377,58.16034317,57.78752136,-
Sat Dec 02 14:20:41 EST 2017,02-Dec-2017 14:20:41.226,-76.2220028,36.88433552,26.0,5.0,-26.299999237060547,291.0,8.31266785,0.91937345,4.09887314,-0.0465938,-,23.13725471,0.00323727,0.90594047,-0.06247865,0.32563588,32.54901886,32.54901886,-,-,57.20000076,57.23757172,14.64881134,-,2002,-,-86.28608704,36.88433456,-76.22200012,14.50980377,58.16034317,57.78752136,-
Sat Dec 02 14:20:42 EST 2017,02-Dec-2017 14:20:42.227,-76.22227344,36.88442113,26.0,3.0,-26.100000381469727,291.0,8.31266785,0.57460839,3.90733719,0.01328259,-,23.92156982,0.02150491,0.90594047,-0.07809832,0.364685,32.54901886,32.94117737,-,-,57.20000076,57.23871994,14.64881134,-,2003,-,-85.62992096,36.8844223,-76.22227478,15.29411793,58.16034317,57.78752136,-
Sat Dec 02 14:20:43 EST 2017,02-Dec-2017 14:20:43.226,-76.2225494,36.88450722,26.0,3.0,-26.200000762939453,291.0,8.77235508,0.11492168,3.83072281,0.00533838,-,23.92156982,-0.00741274,0.89813066,0.00780983,0.32173091,33.33333206,33.33333206,-,-,57.20000076,57.23871994,14.64881134,-,2007,-,-85.95800781,36.88450623,-76.22254944,15.29411793,58.16034317,57.78752136,-
Sat Dec 02 14:20:44 EST 2017,02-Dec-2017 14:20:44.226,-76.22282891,36.88459395,26.25,3.0,-26.700000762939453,290.5,10.0364933,0.99598789,5.05655384,0.03300356,-,24.31372643,0.10059937,0.98403883,-0.06247865,0.38811451,33.33333206,33.33333206,-,-,57.20000076,57.23928833,14.64881134,-,2007,-,-87.59842682,36.88459396,-76.22283173,15.68627453,58.71957779,57.78752136,-
Sat Dec 02 14:20:45 EST 2017,02-Dec-2017 14:20:45.226,-76.22310258,36.8846811,26.0,3.0,-27.0,291.1,8.84896946,0.38307226,4.13718033,0.03512827,-,24.31372643,0.00861463,0.92936999,0.05857374,0.28658667,33.33333206,33.72549057,-,-,57.20000076,57.23928833,14.64881134,-,2007,-,-88.58267975,36.8846817,-76.22310638,15.68627453,58.16034317,57.78752136,-
Sat Dec 02 14:20:46 EST 2017,02-Dec-2017 14:20:46.232,-76.22337853,36.88476087,26.25,3.0,-26.899999618530273,291.1,9.80665016,-0.68953007,4.09887314,-0.04685785,-,24.31372643,0.02962111,0.92156017,0.07028849,0.35297027,33.33333206,33.72549057,-,-,57.20000076,57.24050903,14.64881134,-,2007,-,-88.2545929,36.88476181,-76.22338104,15.68627453,58.71957779,58.40889359,36.14632797
Sat Dec 02 14:20:47 EST 2017,02-Dec-2017 14:20:47.227,-76.22365742,36.88484214,26.5,3.0,-26.299999237060547,290.6,7.89128876,-0.03830723,4.175488,-0.00935471,-,24.31372643,-0.02652048,0.8747012,0.02733441,0.32563588,33.33333206,33.72549057,-,-,57.20000076,57.24050903,14.64881134,-,2007,-,-86.28608704,36.88484192,-76.2236557,15.68627453,59.27880859,58.40889359,36.14632797
Sat Dec 02 14:20:48 EST 2017,02-Dec-2017 14:20:48.230,-76.22393669,36.88493026,26.75,3.0,-26.399999618530273,290.7,8.08282471,0.61291564,3.75410819,-0.00614352,-,24.31372643,-0.05042766,0.87860614,0.00780983,0.25925228,33.33333206,33.72549057,-,-,57.20000076,57.24050903,14.64881134,-,2007,-,-86.61417389,36.88492966,-76.22393799,15.68627453,59.83804321,58.40889359,36.14632797
Sat Dec 02 14:20:49 EST 2017,02-Dec-2017 14:20:49.226,-76.22421246,36.88500902,26.75,3.0,-26.5,290.5,8.88727665,0.2681506,4.32871675,-0.02936479,-,24.31372643,-0.06701934,0.82003236,0.0976229,0.3334457,33.33333206,33.72549057,-,-,57.20000076,57.24050903,14.64881134,-,2007,-,-86.94226074,36.88500977,-76.22421265,15.68627453,59.83804321,58.40889359,36.14632797
Sat Dec 02 14:20:50 EST 2017,02-Dec-2017 14:20:50.237,-76.22449335,36.88509473,27.0,3.0,-25.600000381469727,291.1,8.61912632,0.42137951,4.175488,-0.00377965,-,18.8235302,-0.07791813,0.82784218,0.09371798,0.29439652,25.88235283,25.88235283,-,-,57.20000076,57.24050903,14.64881134,-,2007,-,-83.98950195,36.88509369,-76.22449493,15.68627453,60.39727783,58.40889359,36.14632797
Sat Dec 02 14:20:51 EST 2017,02-Dec-2017 14:20:51.236,-76.224772,36.88518524,27.0,3.0,-26.0,291.7,7.50821638,0.65122288,4.63517427,-0.00738953,-,17.25490189,-0.05720894,0.82003236,0.13276714,0.34516042,25.09803963,25.49019623,-,-,57.20000076,57.24365997,14.64881134,-,2079,-,-85.30183411,36.88518524,-76.22476959,8.23529434,60.39727783,60.27300644,-
Sat Dec 02 14:20:52 EST 2017,02-Dec-2017 14:20:52.231,-76.22505089,36.88527827,26.75,3.0,-25.100000381469727,292.5,8.81066227,1.22583127,4.13718033,0.02574937,-,19.6078434,-0.00524753,0.87860614,0.16010156,0.33735061,25.09803963,25.49019623,-,-,57.20000076,57.24680328,14.64881134,-,2078,-,-82.34908295,36.88527679,-76.22505188,8.23529434,59.83804321,60.27300644,-
Sat Dec 02 14:20:53 EST 2017,02-Dec-2017 14:20:53.228,-76.22532857,36.88537082,26.75,5.0,-25.200000762939453,292.5,8.61912632,1.26413846,3.94564438,0.03013951,-,20,0.07550349,0.98013395,0.0234295,0.34125552,27.84313774,28.62745094,-,-,57.20000076,57.24994659,14.64881134,-,2112,-,-82.6771698,36.88537216,-76.22532654,10.98039246,59.83804321,60.27300644,-
Sat Dec 02 14:20:54 EST 2017,02-Dec-2017 14:20:54.230,-76.22559384,36.88550398,27.25,3.0,-27.5,298.2,9.88326454,0.34476504,4.63517427,0.13231879,-,20,0.01445246,0.89032084,0.09371798,0.37639979,28.62745094,28.62745094,-,-,57.20000076,57.24994659,14.64881134,-,2113,-,-90.22309875,36.88550568,-76.22559357,10.98039246,60.95651245,60.27300644,-
Sat Dec 02 14:20:55 EST 2017,02-Dec-2017 14:20:55.233,-76.22586241,36.88561979,27.25,5.0,-27.799999237060547,298.2,8.19774628,0.34476504,4.32871675,0.01531647,-,20.3921566,-0.02282051,0.88641596,0.08200324,0.30220634,29.01960754,29.01960754,-,-,57.20000076,57.25748825,14.64881134,-,2112,-,-91.20734406,36.88562012,-76.2258606,11.76470566,60.95651245,60.89437866,36.88725281
Sat Dec 02 14:20:56 EST 2017,02-Dec-2017 14:20:56.227,-76.2261107,36.88575613,27.25,4.0,-28.0,302.4,9.11711979,0.61291564,4.29040956,0.0123572,-,20.7843132,0.02451786,0.92156017,0.07028849,0.34125552,29.01960754,29.01960754,-,-,57.20000076,57.25748825,14.64881134,-,2112,-,-91.86351776,36.88575745,-76.22611237,11.76470566,60.95651245,60.89437866,36.88725281
Sat Dec 02 14:20:57 EST 2017,02-Dec-2017 14:20:57.230,-76.22636959,36.88589035,27.25,4.0,-27.600000381469727,303.5,9.23204136,0.72783732,3.98395157,0.01219507,-,20.7843132,-0.02211026,0.87079626,0.11324256,0.32954079,29.01960754,29.01960754,-,-,57.20000076,57.25748825,14.64881134,-,2112,-,-90.55118561,36.88589096,-76.22637177,11.76470566,60.95651245,60.89437866,36.88725281
Sat Dec 02 14:20:58 EST 2017,02-Dec-2017 14:20:58.231,-76.22662009,36.88603434,27.0,4.0,-26.600000381469727,305.3,8.65743351,0.91937345,4.175488,0.0089961,-,20.7843132,-0.01540025,0.88251102,0.09371798,0.32563588,28.62745094,29.01960754,-,-,57.20000076,57.26125336,14.64881134,-,2112,-,-87.27033997,36.88603592,-76.22662354,11.76470566,60.39727783,60.89437866,-
Sat Dec 02 14:20:59 EST 2017,02-Dec-2017 14:20:59.229,-76.22686825,36.88617566,27.0,7.0,-26.5,305.3,9.04050541,1.53228903,4.25210238,0.00643391,-,21.96078491,0.0414022,0.95670444,-0.01952458,0.31001619,28.62745094,29.01960754,-,-,57.20000076,57.26125336,14.64881134,-,2112,-,-86.94226074,36.88617706,-76.22686768,12.94117641,60.39727783,60.89437866,-
Sat Dec 02 14:21:00 EST 2017,02-Dec-2017 14:21:00.230,-76.22708177,36.88636065,27.0,4.0,-26.5,311.5,7.31668043,0.9576807,4.175488,-0.02666189,-,21.96078491,-0.01704436,0.89422578,-0.03123933,0.32563588,30.19607925,29.01960754,-,-,57.20000076,57.26436234,14.64881134,-,2109,-,-86.94226074,36.88636017,-76.2270813,12.94117641,60.39727783,60.27300644,-
Sat Dec 02 14:21:01 EST 2017,02-Dec-2017 14:21:01.233,-76.22730352,36.8865312,26.75,4.0,-26.600000381469727,313.4,8.77235508,0.91937345,4.13718033,0.02449529,-,21.17647171,-0.00654456,0.89422578,0.09371798,0.32173091,29.80392265,29.01960754,-,-,57.20000076,57.26436234,14.64881134,-,2109,-,-87.27033997,36.88653183,-76.22730255,12.15686321,59.83804321,60.27300644,-
Sat Dec 02 14:21:02 EST 2017,02-Dec-2017 14:21:02.227,-76.22751355,36.88671095,27.25,4.0,-26.399999618530273,316.6,8.6957407,2.03028297,4.02225876,0.01733816,-,21.17647171,-0.0061453,0.89813066,0.05076391,0.32173091,29.80392265,29.80392265,-,-,57.20000076,57.2674675,14.64881134,-,2096,-,-86.61417389,36.88671112,-76.22751617,12.15686321,60.95651245,60.27300644,-
Sat Dec 02 14:21:03 EST 2017,02-Dec-2017 14:21:03.231,-76.22771141,36.88689206,26.75,4.0,-26.5,318.5,8.35097599,1.26413846,4.55855989,0.0005991,-,21.17647171,-0.00521686,0.91765523,0.01952458,0.28268176,29.80392265,29.80392265,-,-,57.20000076,57.2674675,14.64881134,-,2096,-,-86.94226074,36.88689041,-76.22771454,12.54901981,59.83804321,60.27300644,-
Sat Dec 02 14:21:04 EST 2017,02-Dec-2017 14:21:04.231,-76.22791089,36.88707292,26.75,6.0,-26.200000762939453,318.5,8.27436066,1.45567465,4.09887314,0.00444145,-,21.17647171,-0.02662234,0.85127175,0.05076391,0.36858991,29.80392265,30.19607925,-,-,57.20000076,57.2674675,14.64881134,-,2089,-,-85.95800781,36.88707352,-76.2279129,12.54901981,59.83804321,60.27300644,-
Sat Dec 02 14:21:05 EST 2017,02-Dec-2017 14:21:05.231,-76.2280846,36.88728039,27.0,4.0,-26.5,322.8,8.54251194,0.03830723,3.60087943,-0.00143283,-,21.17647171,-0.0264578,0.88641596,0.10933765,0.28658667,29.80392265,30.19607925,-,-,57.20000076,57.27056885,14.64881134,-,2089,-,-86.94226074,36.88727951,-76.22808838,12.54901981,60.39727783,60.27300644,-
Sat Dec 02 14:21:06 EST 2017,02-Dec-2017 14:21:06.231,-76.22826167,36.88748081,27.0,4.0,-26.700000762939453,324.7,8.27436066,0.80445176,4.44363832,-0.01564049,-,21.17647171,-0.036747,0.84346181,0.13276714,0.34516042,29.80392265,30.19607925,-,-,57.20000076,57.27056885,14.64881134,-,2089,-,-87.59842682,36.88748169,-76.22826385,12.54901981,60.39727783,60.27300644,-
Sat Dec 02 14:21:06 EST 2017,02-Dec-2017 14:21:07.227,-76.22826167,36.88748081,27.0,4.0,-26.700000762939453,324.7,9.15542698,0.11492168,3.63918662,0.0233683,-,21.17647171,-0.00608388,0.91375035,0.09371798,0.27877685,29.80392265,30.19607925,-,-,57.20000076,57.27056885,14.64881134,-,2089,-,-87.59842682,36.88748169,-76.22826385,12.54901981,60.39727783,60.27300644,-
Sat Dec 02 14:21:08 EST 2017,02-Dec-2017 14:21:08.227,-76.22857756,36.88789526,27.0,4.0,-26.600000381469727,328.8,8.15943909,1.18752408,3.86903,-0.02033037,-,21.17647171,-0.01865235,0.8747012,0.05076391,0.34125552,29.80392265,30.19607925,-,-,57.20000076,57.27056885,14.64881134,-,2089,-,-87.27033997,36.88789368,-76.22857666,12.54901981,60.39727783,60.27300644,-
Sat Dec 02 14:21:09 EST 2017,02-Dec-2017 14:21:09.233,-76.2287314,36.88810286,26.75,4.0,-26.700000762939453,330.2,8.35097599,0.5363012,3.94564438,-0.00856053,-,21.56862831,-0.04171797,0.88641596,0.00780983,0.26315722,29.80392265,30.19607925,-,-,57.20000076,57.27301788,14.64881134,-,2076,-,-87.59842682,36.88810349,-76.22872925,12.54901981,59.83804321,59.65163422,-
Sat Dec 02 14:21:10 EST 2017,02-Dec-2017 14:21:10.229,-76.22887354,36.88831423,26.75,4.0,-26.700000762939453,330.7,8.96389103,-0.5363012,3.715801,0.00325029,-,21.56862831,-0.01390582,0.86298645,0.00390492,0.37639979,29.80392265,30.19607925,-,-,57.20000076,57.27301788,14.64881134,-,2076,-,-87.59842682,36.88831329,-76.22887421,12.54901981,59.83804321,59.65163422,-
Sat Dec 02 14:21:11 EST 2017,02-Dec-2017 14:21:11.229,-76.22902504,36.88851288,26.75,3.0,-26.5,330.6,8.73404789,-0.07661445,4.78840351,0.03437573,-,20.7843132,-0.07046028,0.84346181,0.05076391,0.28658667,29.01960754,30.19607925,-,-,57.20000076,57.27546692,14.64881134,-,2073,-,-86.94226074,36.88851166,-76.22902679,11.76470566,59.83804321,59.65163422,-
Sat Dec 02 14:21:12 EST 2017,02-Dec-2017 14:21:12.232,-76.22917535,36.88872702,27.0,3.0,-26.299999237060547,331.2,8.38928318,-0.19153613,3.715801,0.00434264,-,20.7843132,-0.02593284,0.85127175,0.01561966,0.37249482,29.01960754,29.01960754,-,-,57.20000076,57.27790833,14.64881134,-,2075,-,-86.28608704,36.88872528,-76.22917175,11.76470566,60.39727783,59.65163422,-
Sat Dec 02 14:21:13 EST 2017,02-Dec-2017 14:21:13.227,-76.22932032,36.88893031,26.75,3.0,-26.600000381469727,330.7,9.50019264,0.15322891,4.06056595,0.00331211,-,20.7843132,-0.01002184,0.90594047,0.00390492,0.29830143,29.01960754,29.41176605,-,-,57.20000076,57.27790833,14.64881134,-,2065,-,-87.27033997,36.88893127,-76.22931671,11.76470566,59.83804321,59.65163422,-
Sat Dec 02 14:21:14 EST 2017,02-Dec-2017 14:21:14.229,-76.22946725,36.88914077,26.75,5.0,-26.5,330.7,8.81066227,-0.22984336,4.63517427,0.00550285,-,20,-0.0043276,0.90594047,0.04295408,0.31001619,29.01960754,29.41176605,-,-,57.20000076,57.2803421,14.64881134,-,2065,-,-86.94226074,36.88914108,-76.2294693,10.58823586,59.83804321,59.65163422,-
Sat Dec 02 14:21:15 EST 2017,02-Dec-2017 14:21:15.229,-76.22961666,36.8893508,26.75,3.0,-26.700000762939453,330.2,8.61912632,-0.22984336,4.29040956,0.00676723,-,20,0.0054402,0.88641596,0.03514424,0.37249482,28.23529434,28.23529434,-,-,57.20000076,57.28456879,14.64881134,-,2058,-,-87.59842682,36.88935089,-76.22961426,10.98039246,59.83804321,59.03026199,-
Sat Dec 02 14:21:16 EST 2017,02-Dec-2017 14:21:16.233,-76.2297589,36.88955894,26.5,3.0,-26.799999237060547,330.2,8.84896946,0.15322891,4.25210238,-0.00629582,-,20,-0.04216387,0.86298645,0.02733441,0.31392109,28.23529434,28.23529434,-,-,57.20000076,57.28456879,14.64881134,-,2055,-,-87.92650604,36.8895607,-76.22975922,10.98039246,59.27880859,59.03026199,-
Sat Dec 02 14:21:17 EST 2017,02-Dec-2017 14:21:17.231,-76.22990214,36.88976915,26.5,4.0,-26.299999237060547,330.4,9.19373417,0.65122288,4.25210238,0.00950766,-,20,-0.07042738,0.82393724,0.01171475,0.32954079,28.23529434,28.23529434,-,-,57.20000076,57.28456879,14.64881134,-,2055,-,-86.28608704,36.88977051,-76.22990417,10.98039246,59.27880859,59.03026199,-
Sat Dec 02 14:21:18 EST 2017,02-Dec-2017 14:21:18.230,-76.23004007,36.88997632,26.5,3.0,-27.700000762939453,330.5,8.61912632,0.07661445,4.59686708,-0.00179835,-,20,-0.03288154,0.85908157,0.09371798,0.3334457,28.23529434,28.23529434,-,-,57.20000076,57.28456879,14.64881134,-,2055,-,-90.87926483,36.8899765,-76.2300415,10.98039246,59.27880859,59.03026199,-
Sat Dec 02 14:21:19 EST 2017,02-Dec-2017 14:21:19.227,-76.23018515,36.89018231,26.5,3.0,-26.799999237060547,330.6,7.89128876,0.38307226,4.55855989,-0.03545059,-,21.56862831,-0.07146205,0.85908157,-0.00780983,0.25144243,30.58823586,30.98039246,-,-,57.20000076,57.28635406,14.64881134,-,2055,-,-87.92650604,36.8901825,-76.23018646,12.94117641,59.27880859,59.03026199,-
Sat Dec 02 14:21:20 EST 2017,02-Dec-2017 14:21:20.228,-76.23033491,36.89039204,26.25,4.0,-26.5,330.1,8.27436066,-0.65122288,4.32871675,-0.00431254,-,21.56862831,-0.00589199,0.90203559,0.05076391,0.31392109,30.58823586,30.98039246,-,-,57.20000076,57.28991318,14.64881134,-,2051,-,-86.94226074,36.8903923,-76.23033142,12.94117641,58.71957779,59.03026199,-
Sat Dec 02 14:21:21 EST 2017,02-Dec-2017 14:21:21.229,-76.2304822,36.8905974,26.25,5.0,-26.399999618530273,330.1,8.35097599,0.68953007,4.175488,0.00097655,-,21.56862831,-0.05597971,0.82784218,-0.00780983,0.35297027,30.58823586,30.98039246,-,-,57.20000076,57.28991318,14.64881134,-,2051,-,-86.61417389,36.8905983,-76.23048401,12.94117641,58.71957779,59.03026199,-
Sat Dec 02 14:21:22 EST 2017,02-Dec-2017 14:21:22.230,-76.2306234,36.89081364,26.5,4.0,-26.200000762939453,330.2,9.0788126,-0.03830723,3.67749381,0.03246804,-,21.56862831,-0.01428509,0.88641596,-0.08590815,0.32173091,30.58823586,30.98039246,-,-,57.20000076,57.29169083,14.64881134,-,2053,-,-85.95800781,36.89081192,-76.23062134,12.94117641,59.27880859,59.03026199,-
Sat Dec 02 14:21:23 EST 2017,02-Dec-2017 14:21:23.227,-76.23076855,36.89102534,26.5,4.0,-26.799999237060547,330.7,8.31266785,-0.19153613,4.78840351,-0.05238651,-,21.56862831,-0.05429206,0.85127175,0.03123933,0.31001619,30.58823586,30.98039246,-,-,57.20000076,57.29169083,14.64881134,-,2053,-,-87.92650604,36.89102554,-76.2307663,12.94117641,59.27880859,59.03026199,-
Sat Dec 02 14:21:24 EST 2017,02-Dec-2017 14:21:24.226,-76.23091413,36.89123332,26.5,6.0,-26.799999237060547,330.7,7.20175886,0.91937345,3.75410819,-0.14783329,-,21.56862831,-0.10676609,0.82784218,0.06638357,0.22801295,30.58823586,30.98039246,-,-,57.20000076,57.29169083,14.64881134,-,2053,-,-87.92650604,36.89123154,-76.23091125,12.94117641,59.27880859,59.03026199,-
Sat Dec 02 14:21:25 EST 2017,02-Dec-2017 14:21:25.230,-76.23106043,36.8914442,26.5,5.0,-27.100000381469727,331.0,9.00219822,0,4.32871675,0.02395497,-,21.96078491,0.02677171,0.9371798,0.06247865,0.31392109,30.58823586,30.98039246,-,-,57.20000076,57.29169083,14.64881134,-,2053,-,-88.91075897,36.89144516,-76.23106384,13.33333397,59.27880859,59.03026199,-
Sat Dec 02 14:21:26 EST 2017,02-Dec-2017 14:21:26.227,-76.23120303,36.89166021,26.75,5.0,-26.899999618530273,331.8,9.76834297,0.57460839,4.13718033,0.01441903,-,22.35294151,-0.05538184,0.87079626,0.03904916,0.26315722,30.98039246,31.37254906,-,-,57.20000076,57.29650116,14.64881134,-,2074,-,-88.2545929,36.89165878,-76.23120117,13.72549057,59.83804321,59.65163422,-
Sat Dec 02 14:21:26 EST 2017,02-Dec-2017 14:21:27.226,-76.23120303,36.89166021,26.75,5.0,-26.899999618530273,331.8,7.31668043,1.11090958,2.33674097,-0.0204416,-,22.35294151,-0.20863,0.74583894,0.11324256,0.1381999,30.98039246,31.37254906,-,-,57.20000076,57.30128479,14.64881134,-,2071,-,-88.2545929,36.89165878,-76.23120117,13.72549057,59.83804321,59.65163422,-
Sat Dec 02 14:21:28 EST 2017,02-Dec-2017 14:21:28.227,-76.23149148,36.89210653,27.25,5.0,-27.899999618530273,332.7,8.61912632,0.8810662,4.5202527,0.01571065,-,22.35294151,0.0382471,0.9371798,-0.02733441,0.34516042,30.98039246,31.37254906,-,-,57.20000076,57.30605316,14.64881134,-,2071,-,-91.53543091,36.8921051,-76.23149109,13.72549057,60.95651245,59.65163422,-
Sat Dec 02 14:21:29 EST 2017,02-Dec-2017 14:21:29.226,-76.23162477,36.8923259,26.75,3.0,-28.200000762939453,334.3,8.61912632,0.91937345,4.29040956,0.00490433,-,22.35294151,0.05958072,0.96451426,0.01952458,0.33735061,30.98039246,31.37254906,-,-,57.20000076,57.30605316,14.64881134,-,2071,-,-92.51969147,36.89232635,-76.23162842,13.72549057,59.83804321,59.65163422,-
Sat Dec 02 14:21:30 EST 2017,02-Dec-2017 14:21:30.230,-76.23174237,36.8925611,26.75,4.0,-30.5,336.2,8.31266785,0.34476504,4.02225876,0.00113363,-,22.35294151,-0.04533129,0.85127175,0.07028849,0.32563588,31.37254906,31.37254906,-,-,57.20000076,57.30605316,14.64881134,-,2064,-,-100.06562042,36.89256287,-76.23174286,13.72549057,59.83804321,59.65163422,-
Sat Dec 02 14:21:31 EST 2017,02-Dec-2017 14:21:31.227,-76.23185982,36.89277338,26.75,4.0,-29.600000381469727,337.2,8.54251194,0.42137951,3.79241538,0.00742412,-,21.96078491,-0.00162638,0.90984541,-0.01171475,0.31001619,30.98039246,31.37254906,-,-,57.20000076,57.31080246,14.64881134,-,2072,-,-97.11286163,36.89277267,-76.2318573,13.33333397,59.83804321,59.65163422,-
Sat Dec 02 14:21:32 EST 2017,02-Dec-2017 14:21:32.234,-76.23196254,36.89299312,26.5,3.0,-30.200000762939453,339.6,7.31668043,0.45968673,4.13718033,-0.03033145,-,21.96078491,0.03518566,0.94108468,-0.08590815,0.32173091,30.98039246,30.98039246,-,-,57.20000076,57.31552887,14.64881134,-,2069,-,-99.08136749,36.89299393,-76.23196411,13.33333397,59.27880859,59.65163422,-
Sat Dec 02 14:21:33 EST 2017,02-Dec-2017 14:21:33.229,-76.23205937,36.89321837,26.5,3.0,-30.600000381469727,339.7,8.15943909,0.34476504,3.86903,-0.05981225,-,21.96078491,-0.04753956,0.85517663,0.06247865,0.31392109,30.98039246,30.98039246,-,-,57.20000076,57.31788635,14.64881134,-,2070,-,-100.39369965,36.89321899,-76.23205566,13.33333397,59.27880859,59.65163422,-
Sat Dec 02 14:21:34 EST 2017,02-Dec-2017 14:21:34.232,-76.23217585,36.893439,26.5,4.0,-29.799999237060547,339.4,8.84896946,0.30645782,4.13718033,-0.00165063,-,21.96078491,-0.03006939,0.87860614,-0.00780983,0.31001619,30.58823586,30.98039246,-,-,57.20000076,57.32024002,14.64881134,-,2077,-,-97.76902771,36.89344025,-76.23217773,13.33333397,59.27880859,59.65163422,-
Sat Dec 02 14:21:35 EST 2017,02-Dec-2017 14:21:35.228,-76.2322821,36.89367019,27.0,3.0,-30.5,340.3,8.23605347,0.68953007,4.09887314,-0.02869059,-,21.17647171,-0.05271217,0.85127175,0.02733441,0.317826,29.01960754,29.01960754,-,-,57.20000076,57.32258606,14.64881134,-,2074,-,-100.06562042,36.89366913,-76.23228455,12.15686321,60.39727783,59.65163422,-
Sat Dec 02 14:21:36 EST 2017,02-Dec-2017 14:21:36.227,-76.23238883,36.89389901,27.25,3.0,-31.0,341.2,8.6957407,0.22984336,4.09887314,0.00133797,-,20.7843132,0.01062471,0.92156017,-0.00780983,0.31392109,29.01960754,29.41176605,-,-,57.20000076,57.32727051,14.64881134,-,2073,-,-101.70603943,36.89389801,-76.23239136,11.76470566,60.95651245,59.65163422,-
Sat Dec 02 14:21:37 EST 2017,02-Dec-2017 14:21:37.229,-76.2324839,36.89410721,27.0,3.0,-30.700000762939453,341.8,8.04451752,0.8810662,4.40533113,-0.0095706,-,20.7843132,-0.02239119,0.88641596,0.06638357,0.30611128,29.01960754,29.41176605,-,-,57.20000076,57.3296051,14.64881134,-,2064,-,-100.7217865,36.89410782,-76.23248291,11.76470566,60.39727783,59.65163422,-
Sat Dec 02 14:21:38 EST 2017,02-Dec-2017 14:21:38.227,-76.23257633,36.89434141,26.75,3.0,-31.600000381469727,342.0,8.81066227,0.11492168,4.29040956,0.00863926,-,20.3921566,0.03572356,0.94108468,-0.04295408,0.32954079,29.01960754,29.41176605,-,-,57.20000076,57.3296051,14.64881134,-,2064,-,-103.67454529,36.89434052,-76.23257446,11.76470566,59.83804321,59.65163422,-
Sat Dec 02 14:21:39 EST 2017,02-Dec-2017 14:21:39.226,-76.2326641,36.89456762,26.75,3.0,-31.100000381469727,342.0,9.15542698,-0.30645782,3.90733719,0.01266804,-,20.3921566,-0.05126361,0.81222248,0.11324256,0.37639979,29.01960754,29.01960754,-,-,57.20000076,57.33193207,14.64881134,-,2068,-,-102.03411865,36.8945694,-76.23266602,11.76470566,59.83804321,59.65163422,-
Sat Dec 02 14:21:40 EST 2017,02-Dec-2017 14:21:40.226,-76.23276319,36.89480407,26.75,3.0,-31.100000381469727,341.9,8.50420475,0,4.25210238,-0.01256588,-,20.3921566,-0.02908665,0.88641596,0.02733441,0.29439652,29.01960754,29.01960754,-,-,57.20000076,57.33363342,14.64881134,-,2054,-,-102.03411865,36.89480591,-76.2327652,11.76470566,59.83804321,59.03026199,-
Sat Dec 02 14:21:41 EST 2017,02-Dec-2017 14:21:41.228,-76.23285634,36.89503237,26.75,5.0,-31.0,341.9,7.73806,0.5363012,4.44363832,-0.00498399,-,20.3921566,-0.00765103,0.89032084,0.01171475,0.33735061,29.01960754,29.01960754,-,-,57.20000076,57.33363342,14.64881134,-,2060,-,-101.70603943,36.89503098,-76.23285675,11.76470566,59.83804321,59.03026199,-
Sat Dec 02 14:21:42 EST 2017,02-Dec-2017 14:21:42.227,-76.23294551,36.89526222,26.5,3.0,-32.0,341.8,9.34696388,-0.03830723,3.94564438,0.00173367,-,20.7843132,-0.00448086,0.91765523,0.04295408,0.28268176,29.01960754,29.01960754,-,-,57.20000076,57.33533096,14.64881134,-,2060,-,-104.98687744,36.89526367,-76.2329483,11.76470566,59.27880859,59.03026199,-
Sat Dec 02 14:21:43 EST 2017,02-Dec-2017 14:21:43.233,-76.23304023,36.89549496,26.5,3.0,-32.29999923706055,341.7,9.0788126,-0.61291564,3.67749381,-0.01122762,-,20.7843132,-0.01172647,0.91375035,-0.0234295,0.27487195,29.01960754,29.01960754,-,-,57.20000076,57.33533096,14.64881134,-,2060,-,-105.97112274,36.89549637,-76.23303986,11.76470566,59.27880859,59.03026199,-
Sat Dec 02 14:21:44 EST 2017,02-Dec-2017 14:21:44.228,-76.23313352,36.89572216,26.5,5.0,-32.29999923706055,341.7,8.54251194,-0.61291564,4.40533113,-0.01720971,-,20.3921566,-0.0629965,0.86298645,0.02733441,0.26315722,29.01960754,29.01960754,-,-,57.20000076,57.33871841,14.64881134,-,2047,-,-105.97112274,36.89572144,-76.23313141,11.37254906,59.27880859,59.03026199,-
Sat Dec 02 14:21:45 EST 2017,02-Dec-2017 14:21:45.226,-76.23321836,36.89594905,26.25,3.0,-32.0,341.9,8.6957407,0.49799395,4.06056595,-0.0150065,-,20.3921566,-0.04529945,0.84346181,-0.03514424,0.34516042,29.01960754,29.01960754,-,-,57.20000076,57.34040833,14.64881134,-,2047,-,-104.98687744,36.89595032,-76.23321533,11.37254906,58.71957779,59.03026199,-
Sat Dec 02 14:21:46 EST 2017,02-Dec-2017 14:21:46.233,-76.23330357,36.89617618,26.5,3.0,-31.600000381469727,342.1,9.0788126,0.03830723,4.59686708,0.05634147,-,20.3921566,0.00445328,0.89813066,0.05857374,0.34516042,29.01960754,29.01960754,-,-,57.20000076,57.34040833,14.64881134,-,2047,-,-103.67454529,36.89617538,-76.23330688,11.37254906,59.27880859,59.03026199,-
Sat Dec 02 14:21:47 EST 2017,02-Dec-2017 14:21:47.227,-76.23339608,36.89639972,26.25,3.0,-30.700000762939453,342.0,8.35097599,0.80445176,4.29040956,0.00750683,-,20.7843132,-0.01950013,0.91765523,-0.0234295,0.24363261,29.01960754,29.01960754,-,-,57.20000076,57.34209061,14.64881134,-,2038,-,-100.7217865,36.89640045,-76.23339844,11.76470566,58.71957779,59.03026199,-
Sat Dec 02 14:21:48 EST 2017,02-Dec-2017 14:21:48.232,-76.23348743,36.89662981,26.5,3.0,-30.600000381469727,341.9,9.88326454,-0.65122288,5.43962622,-0.00787657,-,20.3921566,-0.10840759,0.84346181,-0.07809832,0.17724904,29.01960754,29.01960754,-,-,57.20000076,57.34377289,14.64881134,-,2040,-,-100.39369965,36.89662933,-76.23348999,11.76470566,59.27880859,59.03026199,-
Sat Dec 02 14:21:49 EST 2017,02-Dec-2017 14:21:49.229,-76.23357973,36.89685611,26.5,5.0,-30.600000381469727,341.9,9.27034855,0,4.02225876,0.06284812,-,20.3921566,0.06474517,0.97232407,-0.05466883,0.32954079,29.01960754,29.01960754,-,-,57.20000076,57.34482956,14.64881134,-,2057,-,-100.39369965,36.8968544,-76.23358154,11.76470566,59.27880859,58.40889359,-
Sat Dec 02 14:21:50 EST 2017,02-Dec-2017 14:21:50.231,-76.23365884,36.89708143,26.25,3.0,-31.100000381469727,342.2,8.6957407,0.38307226,4.36702394,-0.05958366,-,23.13725471,-0.12678929,0.77707827,0.05076391,0.29439652,32.15686417,32.54901886,-,-,57.20000076,57.34650803,14.64881134,-,2051,-,-102.03411865,36.89708328,-76.23365784,14.90196133,58.71957779,59.03026199,-
Sat Dec 02 14:21:51 EST 2017,02-Dec-2017 14:21:51.226,-76.23374241,36.89730428,26.5,3.0,-30.0,342.5,8.38928318,0.76614451,4.21379519,0.0007105,-,23.13725471,0.04465722,0.96841919,-0.01561966,0.29049161,32.15686417,32.54901886,-,-,57.20000076,57.34650803,14.64881134,-,2043,-,-98.42519379,36.89730453,-76.23374176,14.90196133,59.27880859,59.03026199,-
Sat Dec 02 14:21:52 EST 2017,02-Dec-2017 14:21:52.229,-76.23383155,36.89753155,26.5,5.0,-29.899999618530273,342.5,8.27436066,1.22583127,4.175488,-0.01265976,-,21.56862831,-0.10096826,0.8083176,0.04295408,0.29049161,30.58823586,30.98039246,-,-,57.20000076,57.34984589,14.64881134,-,2049,-,-98.09711456,36.89753342,-76.23383331,12.94117641,59.27880859,59.03026199,24.13660812
Sat Dec 02 14:21:53 EST 2017,02-Dec-2017 14:21:53.234,-76.23392283,36.8977581,26.5,3.0,-30.0,342.0,8.23605347,1.11090958,4.48194551,0.01434415,-,21.56862831,0.02009987,0.86689138,0.04685899,0.43497351,30.58823586,30.98039246,-,-,57.20000076,57.35317612,14.64881134,-,2047,-,-98.42519379,36.89775848,-76.23392487,12.94117641,59.27880859,59.03026199,24.13660812
Sat Dec 02 14:21:54 EST 2017,02-Dec-2017 14:21:54.228,-76.23402019,36.89797745,26.5,3.0,-29.0,341.4,8.35097599,-0.07661445,4.40533113,-0.01013019,-,21.56862831,-0.03435788,0.85127175,0.0741934,0.34906533,30.58823586,30.98039246,-,-,57.20000076,57.35483551,14.64881134,-,2047,-,-95.14435577,36.89797592,-76.23401642,12.94117641,59.27880859,59.03026199,24.13660812
Sat Dec 02 14:21:55 EST 2017,02-Dec-2017 14:21:55.229,-76.23411242,36.89820507,26.5,3.0,-28.5,341.7,8.42759037,0.49799395,4.25210238,-0.00407079,-,21.56862831,0.02951737,0.92936999,-0.02733441,0.34125552,30.58823586,30.98039246,-,-,57.20000076,57.35483551,14.64881134,-,2047,-,-93.50393677,36.8982048,-76.2341156,12.94117641,59.27880859,59.03026199,24.13660812
Sat Dec 02 14:21:56 EST 2017,02-Dec-2017 14:21:56.228,-76.23421134,36.8984313,26.5,3.0,-28.0,342.2,9.00219822,-0.15322891,4.175488,-0.03387047,-,21.56862831,-0.02690454,0.86689138,0.00780983,0.34125552,30.58823586,30.98039246,-,-,57.20000076,57.35649109,14.64881134,-,2042,-,-91.86351776,36.89842987,-76.23421478,12.94117641,59.27880859,59.03026199,-
Sat Dec 02 14:21:57 EST 2017,02-Dec-2017 14:21:57.226,-76.23430236,36.89865833,26.5,5.0,-27.899999618530273,342.2,8.31266785,-0.2681506,4.29040956,-0.00507796,-,21.56862831,0.01608313,0.92546505,0.06247865,0.31392109,30.58823586,30.98039246,-,-,57.20000076,57.35649109,14.64881134,-,2042,-,-91.53543091,36.89865875,-76.23429871,12.94117641,59.27880859,59.03026199,-
Sat Dec 02 14:21:58 EST 2017,02-Dec-2017 14:21:58.233,-76.23438667,36.89888729,26.25,4.0,-28.299999237060547,342.4,9.0788126,-0.19153613,3.56257224,-0.01403572,-,21.56862831,-0.06479779,0.84736669,0.0976229,0.28268176,30.58823586,30.98039246,-,-,57.20000076,57.35814285,14.64881134,-,2040,-,-92.84776306,36.89888763,-76.23439026,12.94117641,58.71957779,59.03026199,-
Sat Dec 02 14:21:59 EST 2017,02-Dec-2017 14:21:59.227,-76.23447582,36.8991134,26.25,6.0,-28.200000762939453,342.4,8.92558384,0.72783732,3.90733719,0.00344315,-,21.56862831,-0.02598771,0.89422578,-0.07028849,0.27877685,30.58823586,30.98039246,-,-,57.20000076,57.36143875,14.64881134,-,2041,-,-92.51969147,36.8991127,-76.23447418,12.94117641,58.71957779,59.03026199,-
Sat Dec 02 14:22:00 EST 2017,02-Dec-2017 14:22:00.227,-76.23457696,36.89933296,26.25,4.0,-28.299999237060547,341.6,9.80665016,-0.38307226,3.90733719,-0.04174456,-,21.96078491,-0.02059788,0.8747012,-0.04685899,0.33735061,30.58823586,30.98039246,-,-,57.20000076,57.36471939,14.64881134,-,2034,-,-92.84776306,36.89933395,-76.23457336,12.94117641,58.71957779,59.03026199,-
Sat Dec 02 14:22:01 EST 2017,02-Dec-2017 14:22:01.230,-76.23466985,36.89955736,26.25,6.0,-28.200000762939453,341.6,8.50420475,-0.2681506,4.09887314,-0.00810025,-,21.56862831,0.05359463,0.98013395,-0.04685899,0.28268176,30.58823586,30.98039246,-,-,57.20000076,57.36471939,14.64881134,-,2034,-,-92.51969147,36.89955902,-76.23467255,12.94117641,58.71957779,59.03026199,-
Sat Dec 02 14:22:02 EST 2017,02-Dec-2017 14:22:02.229,-76.2347661,36.89977624,26.25,3.0,-28.0,341.0,8.73404789,-0.68953007,4.29040956,0.00380337,-,20.7843132,-0.00261268,0.87860614,-0.05076391,0.36858991,29.41176605,29.41176605,-,-,57.20000076,57.3667717,14.64881134,-,2029,-,-91.86351776,36.89977646,-76.2347641,11.76470566,58.71957779,58.40889359,-
Sat Dec 02 14:22:03 EST 2017,02-Dec-2017 14:22:03.234,-76.23485203,36.8999923,26.25,3.0,-29.200000762939453,339.2,8.6957407,-0.45968673,4.36702394,0.01202404,-,20.7843132,-0.00487945,0.89422578,-0.09371798,0.32563588,29.41176605,29.41176605,-,-,57.20000076,57.36779022,14.64881134,-,2029,-,-95.80052948,36.8999939,-76.23485565,11.76470566,58.71957779,58.40889359,-
Sat Dec 02 14:22:04 EST 2017,02-Dec-2017 14:22:04.227,-76.23495355,36.90021045,26.25,3.0,-27.899999618530273,337.6,9.27034855,-0.65122288,3.98395157,0.01760215,-,20.7843132,0.00055679,0.89032084,-0.05076391,0.35297027,29.41176605,29.80392265,-,-,57.20000076,57.36779022,14.64881134,-,2022,-,-91.53543091,36.90021133,-76.23495483,11.76470566,58.71957779,58.40889359,-
Sat Dec 02 14:22:05 EST 2017,02-Dec-2017 14:22:05.227,-76.23506612,36.90043013,26.25,5.0,-27.799999237060547,337.6,8.23605347,0.03830723,4.06056595,-0.01495237,-,20.7843132,-0.06927081,0.86298645,-0.0741934,0.23972771,29.80392265,30.19607925,-,-,57.20000076,57.36982727,14.64881134,-,2025,-,-91.20734406,36.90042877,-76.23506927,11.76470566,58.71957779,58.40889359,-
Sat Dec 02 14:22:06 EST 2017,02-Dec-2017 14:22:06.231,-76.23521357,36.90063145,26.25,4.0,-29.0,333.2,8.35097599,-0.5363012,3.67749381,0.01904207,-,21.17647171,-0.03025819,0.89813066,-0.03514424,0.26315722,30.19607925,30.19607925,-,-,57.20000076,57.36982727,14.64881134,-,2028,-,-95.14435577,36.90063095,-76.23521423,12.15686321,58.71957779,58.40889359,-
Sat Dec 02 14:22:07 EST 2017,02-Dec-2017 14:22:07.229,-76.23534564,36.90084185,26.25,6.0,-29.0,333.2,8.65743351,-0.30645782,4.06056595,-0.00573993,-,21.17647171,-0.05357439,0.87079626,-0.07028849,0.26315722,30.19607925,30.19607925,-,-,57.20000076,57.36982727,14.64881134,-,2028,-,-95.14435577,36.90084076,-76.23534393,12.15686321,58.71957779,58.40889359,-
Sat Dec 02 14:22:08 EST 2017,02-Dec-2017 14:22:08.227,-76.23551658,36.90103597,26.25,3.0,-28.5,327.9,8.42759037,0.42137951,4.09887314,-0.00881664,-,21.17647171,-0.02966047,0.8747012,-0.03514424,0.317826,30.19607925,30.19607925,-,-,57.20000076,57.36982727,14.64881134,-,2028,-,-93.50393677,36.90103531,-76.23551941,12.15686321,58.71957779,58.40889359,-
Sat Dec 02 14:22:09 EST 2017,02-Dec-2017 14:22:09.230,-76.23568535,36.90124553,26.25,3.0,-28.200000762939453,326.1,9.00219822,-0.5363012,3.63918662,0.01596564,-,21.17647171,-0.03431843,0.87079626,-0.0741934,0.31001619,30.19607925,30.19607925,-,-,57.20000076,57.37185669,14.64881134,-,2027,-,-92.51969147,36.90124512,-76.23568726,12.54901981,58.71957779,58.40889359,-
Sat Dec 02 14:22:10 EST 2017,02-Dec-2017 14:22:10.234,-76.23584937,36.9014418,26.25,5.0,-28.600000381469727,326.1,9.34696388,-1.22583127,4.175488,0.03387045,-,21.17647171,-0.07594275,0.82003236,-0.05466883,0.32173091,30.19607925,30.19607925,-,-,57.20000076,57.37387848,14.64881134,-,2031,-,-93.83202362,36.90144348,-76.23584747,12.54901981,58.71957779,58.40889359,-
Sat Dec 02 14:22:11 EST 2017,02-Dec-2017 14:22:11.236,-76.23604449,36.90161851,26.25,3.0,-29.100000381469727,320.4,8.08282471,-0.11492168,4.02225876,0.00518408,-,21.17647171,-0.03136026,0.8747012,-0.06638357,0.31001619,30.19607925,30.19607925,-,-,57.20000076,57.37488556,14.64881134,-,2031,-,-95.47244263,36.90161896,-76.23604584,12.15686321,58.71957779,58.40889359,-
Sat Dec 02 14:22:12 EST 2017,02-Dec-2017 14:22:12.230,-76.23624436,36.90180171,26.0,3.0,-28.5,317.2,8.23605347,-0.2681506,3.94564438,0.0208407,-,21.17647171,-0.04619487,0.82784218,-0.0234295,0.37249482,30.19607925,30.19607925,-,-,57.20000076,57.3768959,14.64881134,-,2024,-,-93.50393677,36.90180206,-76.2362442,12.54901981,58.16034317,58.40889359,-
Sat Dec 02 14:22:13 EST 2017,02-Dec-2017 14:22:13.228,-76.23644333,36.90197425,26.0,5.0,-28.299999237060547,317.2,8.50420475,-0.34476504,3.90733719,0.02127222,-,21.17647171,0.02939875,0.93327487,-0.05857374,0.32954079,30.19607925,30.58823586,-,-,57.20000076,57.37789536,14.64881134,-,2022,-,-92.84776306,36.90197372,-76.23644257,12.54901981,58.16034317,58.40889359,-
Sat Dec 02 14:22:14 EST 2017,02-Dec-2017 14:22:14.227,-76.23665933,36.90214413,26.0,3.0,-27.200000762939453,313.3,8.88727665,-0.5363012,4.59686708,0.02383907,-,21.56862831,-0.01467986,0.86298645,-0.04685899,0.37249482,30.19607925,30.58823586,-,-,57.20000076,57.37989807,14.64881134,-,2020,-,-89.23884583,36.90214539,-76.23665619,12.94117641,58.16034317,58.40889359,-
Sat Dec 02 14:22:15 EST 2017,02-Dec-2017 14:22:15.230,-76.23688753,36.90229853,26.0,3.0,-27.200000762939453,310.9,9.11711979,-0.9576807,4.32871675,0.03220624,-,21.96078491,0.03492043,0.96060938,-0.11324256,0.26706213,30.98039246,30.98039246,-,-,57.20000076,57.38029099,14.64881134,-,2017,-,-89.23884583,36.90229797,-76.23688507,12.94117641,58.16034317,57.78752136,-
Sat Dec 02 14:22:16 EST 2017,02-Dec-2017 14:22:16.230,-76.23712228,36.9024427,26.25,3.0,-26.5,308.5,8.27436066,-0.22984336,4.175488,-0.03593779,-,21.96078491,-0.04818866,0.88251102,-0.05466883,0.25144243,30.98039246,30.98039246,-,-,57.20000076,57.38107681,14.64881134,-,2004,-,-86.94226074,36.90244293,-76.23712158,12.94117641,58.71957779,57.78752136,-
Sat Dec 02 14:22:17 EST 2017,02-Dec-2017 14:22:17.233,-76.23735751,36.90257686,26.0,3.0,-26.100000381469727,305.8,8.35097599,-0.2681506,4.8267107,0.00930658,-,22.35294151,-0.05192327,0.87079626,-0.08981306,0.26315722,30.98039246,30.98039246,-,-,57.20000076,57.38146973,14.64881134,-,1997,-,-85.62992096,36.90257645,-76.23735809,13.33333397,58.16034317,57.78752136,-
Sat Dec 02 14:22:18 EST 2017,02-Dec-2017 14:22:18.226,-76.23759404,36.90270888,25.75,3.0,-25.299999237060547,302.9,9.0788126,-0.61291564,4.06056595,0.0033212,-,22.35294151,0.01384303,0.93327487,-0.08200324,0.28658667,30.98039246,30.98039246,-,-,57.20000076,57.38126373,14.64881134,-,1989,-,-83.00524902,36.90270996,-76.2375946,13.33333397,57.60110855,57.16614914,-
Sat Dec 02 14:22:19 EST 2017,02-Dec-2017 14:22:19.228,-76.23783642,36.90283817,25.5,3.0,-25.5,300.2,9.00219822,-0.80445176,3.56257224,0.01397293,-,22.35294151,-0.02429722,0.85127175,-0.05857374,0.37249482,30.98039246,31.37254906,-,-,57.20000076,57.38105392,14.64881134,-,1979,-,-83.6614151,36.90283966,-76.23783875,13.72549057,57.04187393,57.16614914,-
Sat Dec 02 14:22:20 EST 2017,02-Dec-2017 14:22:20.227,-76.23806833,36.90294075,25.5,3.0,-29.399999618530273,297.2,9.19373417,-0.30645782,4.06056595,0.02401218,-,22.35294151,-0.01820931,0.90203559,0.01171475,0.28658667,31.37254906,32.94117737,-,-,57.20000076,57.38024902,14.64881134,-,1967,-,-96.45669556,36.90293884,-76.23806763,13.72549057,57.04187393,56.54477692,-
Sat Dec 02 14:22:21 EST 2017,02-Dec-2017 14:22:21.227,-76.23832113,36.90304398,25.5,3.0,-30.299999237060547,295.7,8.73404789,-0.61291564,4.09887314,-0.008468,-,23.52941132,-0.12977377,0.80050778,-0.0234295,0.23972771,32.54901886,32.94117737,-,-,57.20000076,57.38024902,14.64881134,-,1967,-,-99.40944672,36.90304565,-76.2383194,14.90196133,57.04187393,56.54477692,-
Sat Dec 02 14:22:22 EST 2017,02-Dec-2017 14:22:22.228,-76.23857991,36.90313378,25.25,3.0,-30.5,293.1,9.53849983,-0.8810662,3.79241538,-0.02270818,-,23.52941132,-0.09053976,0.82393724,-0.03514424,0.28268176,32.54901886,32.94117737,-,-,57.20000076,57.37944794,14.64881134,-,1960,-,-100.06562042,36.90313339,-76.2385788,14.90196133,56.48263931,56.54477692,-
Sat Dec 02 14:22:23 EST 2017,02-Dec-2017 14:22:23.228,-76.23884013,36.9032173,25.25,3.0,-29.5,291.2,8.73404789,-0.99598789,3.98395157,-0.00667301,-,23.52941132,-0.01306292,0.87860614,-0.08200324,0.34125552,32.54901886,32.94117737,-,-,57.20000076,57.37944794,14.64881134,-,1960,-,-96.78477478,36.90321732,-76.2388382,15.68627453,56.48263931,56.54477692,-
Sat Dec 02 14:22:24 EST 2017,02-Dec-2017 14:22:24.231,-76.23911285,36.90329458,25.25,3.0,-28.299999237060547,288.3,8.31266785,-0.42137951,3.86903,-0.04697275,-,23.92156982,-0.01800729,0.8747012,0.01952458,0.34516042,33.33333206,33.72549057,-,-,57.20000076,57.37944794,14.64881134,-,1957,-,-92.84776306,36.90329361,-76.23911285,15.68627453,56.48263931,56.54477692,-
Sat Dec 02 14:22:25 EST 2017,02-Dec-2017 14:22:25.230,-76.23937989,36.90335337,25.25,3.0,-27.899999618530273,285.9,8.31266785,-0.8810662,3.14119267,-0.0707106,-,24.70588303,0.05450664,0.97232407,-0.16791138,0.27096704,34.11764908,34.11764908,-,-,57.20000076,57.37784576,14.64881134,-,1994,-,-91.53543091,36.90335464,-76.23937988,16.47058868,56.48263931,56.54477692,-
Sat Dec 02 14:22:26 EST 2017,02-Dec-2017 14:22:26.230,-76.23966306,36.90340819,25.5,3.0,-27.899999618530273,283.4,10.6111021,-2.33674097,5.70777702,0.02986229,-,24.70588303,-0.29657125,0.63259637,0.03904916,0.20458345,34.11764908,34.11764908,-,-,57.20000076,57.37684631,14.64881134,-,1979,-,-91.53543091,36.90340805,-76.23966217,16.47058868,57.04187393,57.16614914,-
Sat Dec 02 14:22:27 EST 2017,02-Dec-2017 14:22:27.231,-76.23994358,36.90346023,25.75,3.0,-29.0,282.2,8.42759037,-1.14921677,3.02627087,-0.00860854,-,25.49019623,-0.08589575,0.80441266,-0.05857374,0.32954079,34.90196228,35.29411697,-,-,57.20000076,57.37723923,14.64881134,-,2026,-,-95.14435577,36.90346146,-76.23994446,17.25490189,57.60110855,57.78752136,83.44004059
Sat Dec 02 14:22:28 EST 2017,02-Dec-2017 14:22:28.230,-76.24022299,36.90350098,26.0,3.0,-28.0,279.5,9.95987892,-0.76614451,4.67348194,0.05170037,-,24.31372643,0.0250315,0.9488945,-0.10933765,0.27096704,33.72549057,33.72549057,-,-,57.20000076,57.37763214,14.64881134,-,2041,-,-91.86351776,36.9034996,-76.24022675,16.07843208,58.16034317,57.78752136,83.44004059
Sat Dec 02 14:22:29 EST 2017,02-Dec-2017 14:22:29.236,-76.24051026,36.90353944,26.0,4.0,-28.399999618530273,279.5,8.27436066,-0.72783732,3.29442143,-0.07011616,-,24.31372643,-0.0592829,0.83565199,-0.03904916,0.32954079,33.33333206,33.33333206,-,-,57.20000076,57.37960052,14.64881134,-,2034,-,-93.17584991,36.90353775,-76.24050903,15.68627453,58.16034317,58.40889359,35.38102722
Sat Dec 02 14:22:30 EST 2017,02-Dec-2017 14:22:30.229,-76.2408017,36.90355314,26.25,3.0,-27.700000762939453,274.8,9.57680702,-1.22583127,3.63918662,0.0005189,-,23.52941132,-0.06043516,0.85127175,-0.08981306,0.28658667,32.54901886,33.33333206,-,-,57.20000076,57.38117218,14.64881134,-,2062,-,-90.87926483,36.90355301,-76.24079895,14.90196133,58.71957779,59.03026199,32.5735321
Sat Dec 02 14:22:31 EST 2017,02-Dec-2017 14:22:31.232,-76.2410989,36.90356601,26.5,4.0,-27.299999237060547,272.8,7.81467438,-0.19153613,3.75410819,-0.02570047,-,23.13725471,-0.06277674,0.82393724,-0.02733441,0.34516042,32.15686417,32.54901886,-,-,57.20000076,57.38274384,14.64881134,-,2060,-,-89.56692505,36.90356445,-76.2410965,14.90196133,59.27880859,59.03026199,32.5735321
Sat Dec 02 14:22:32 EST 2017,02-Dec-2017 14:22:32.231,-76.24139991,36.90356465,26.5,4.0,-27.799999237060547,270.2,8.58081913,0.07661445,4.25210238,0.00623078,-,23.13725471,-0.04475608,0.86298645,-0.04685899,0.30611128,32.15686417,32.54901886,-,-,55.40000153,57.38431168,14.64881134,-,2071,-,-91.20734406,36.90356445,-76.24140167,12.94117641,59.27880859,59.03026199,32.5735321
Sat Dec 02 14:22:33 EST 2017,02-Dec-2017 14:22:33.235,-76.24169644,36.90355833,26.75,4.0,-28.100000381469727,269.7,8.19774628,0.03830723,3.83072281,-0.05860466,-,21.96078491,-0.06477325,0.80441266,-0.00390492,0.37639979,30.98039246,30.98039246,-,-,55.40000153,57.38646317,14.64881134,-,2097,-,-92.19160461,36.90355682,-76.24169922,12.94117641,59.83804321,59.65163422,49.65974808
Sat Dec 02 14:22:34 EST 2017,02-Dec-2017 14:22:34.231,-76.24199583,36.90355546,26.75,4.0,-27.399999618530273,269.1,9.27034855,0.57460839,4.86501789,0.02792935,-,21.96078491,0.03303881,0.92156017,-0.03514424,0.364685,30.98039246,30.98039246,-,-,55.40000153,57.39076233,14.64881134,-,2089,-,-89.8950119,36.90355682,-76.24199677,12.94117641,59.83804321,59.65163422,49.65974808
Sat Dec 02 14:22:35 EST 2017,02-Dec-2017 14:22:35.227,-76.24228805,36.9035539,26.75,4.0,-26.899999618530273,269.2,8.84896946,0.72783732,5.05655384,-0.02621037,-,21.96078491,-0.02489953,0.88251102,-0.00390492,0.31392109,30.98039246,30.98039246,-,-,55.40000153,57.39349365,14.64881134,-,2102,-,-88.2545929,36.90355301,-76.24228668,13.33333397,59.83804321,60.27300644,49.65974808
Sat Dec 02 14:22:36 EST 2017,02-Dec-2017 14:22:36.234,-76.24259879,36.90355632,27.0,4.0,-27.600000381469727,269.1,8.92558384,-0.03830723,5.24809027,0.00001984,-,21.96078491,-0.00200855,0.91765523,0.18743597,0.24363261,30.58823586,30.58823586,-,-,55.40000153,57.39894104,14.64881134,-,2103,-,-90.55118561,36.90355682,-76.24259949,13.33333397,60.39727783,60.27300644,40.64703369
Sat Dec 02 14:22:37 EST 2017,02-Dec-2017 14:22:37.234,-76.24290639,36.90355175,27.25,4.0,-28.299999237060547,268.9,8.27436066,0.22984336,4.13718033,-0.08074963,-,20.7843132,-0.10902386,0.78098321,0.09371798,0.317826,29.41176605,29.41176605,-,-,55.40000153,57.40224457,14.64881134,-,2102,-,-92.84776306,36.90355301,-76.24290466,11.37254906,60.95651245,60.89437866,42.53836441
Sat Dec 02 14:22:38 EST 2017,02-Dec-2017 14:22:38.232,-76.24321583,36.90354861,27.25,4.0,-29.799999237060547,269.1,11.72201157,-0.57460839,3.02627087,0.02339355,-,17.64705849,-0.10991484,0.7575537,-0.0741934,0.36078009,14.11764717,14.50980377,-,-,55.40000153,57.40554428,14.64881134,-,2096,-,-97.76902771,36.90354919,-76.24321747,8.23529434,60.95651245,60.89437866,42.53836441
Sat Dec 02 14:22:39 EST 2017,02-Dec-2017 14:22:39.231,-76.24351849,36.90353486,27.25,3.0,-30.100000381469727,269.1,8.84896946,0.57460839,4.63517427,-0.02967674,-,17.64705849,-0.06056515,0.82003236,0.02733441,0.35687518,21.17647171,21.17647171,-,-,55.40000153,57.41153717,14.64881134,-,2095,-,-98.75328064,36.90353394,-76.24351501,8.23529434,60.95651245,60.27300644,42.53836441
Sat Dec 02 14:22:40 EST 2017,02-Dec-2017 14:22:40.231,-76.24382029,36.90353957,27.0,4.0,-30.299999237060547,269.0,8.42759037,0.11492168,4.21379519,0.01925502,-,17.25490189,0.02910227,0.91375035,0.01171475,0.37249482,24.31372643,24.31372643,-,-,55.40000153,57.41153717,14.64881134,-,2091,-,-99.40944672,36.90353775,-76.24382019,8.23529434,60.39727783,60.27300644,42.53836441
Sat Dec 02 14:22:41 EST 2017,02-Dec-2017 14:22:41.229,-76.24412113,36.90352156,27.0,4.0,-30.899999618530273,269.0,8.38928318,0.15322891,3.52426481,0.00451535,-,17.25490189,-0.02524381,0.86689138,0.08200324,0.33735061,25.88235283,25.88235283,-,-,55.40000153,57.41691589,14.64881134,-,2089,-,-101.37795258,36.90352249,-76.24411774,8.23529434,60.39727783,60.27300644,-
Sat Dec 02 14:22:42 EST 2017,02-Dec-2017 14:22:42.231,-76.24442609,36.90351278,27.0,4.0,-30.799999237060547,269.2,9.42357826,-0.42137951,4.29040956,0.02536584,-,18.03921509,-0.01039182,0.90203559,0.00780983,0.30611128,25.88235283,26.27450943,-,-,55.40000153,57.41960526,14.64881134,-,2094,-,-101.04986572,36.90351105,-76.24442291,8.62745094,60.39727783,60.27300644,-
Sat Dec 02 14:22:43 EST 2017,02-Dec-2017 14:22:43.232,-76.24473575,36.9035152,27.0,3.0,-31.0,269.1,8.19774628,0.5363012,3.83072281,0.02953076,-,18.03921509,0.02392195,0.90594047,-0.00390492,0.37639979,26.27450943,26.27450943,-,-,55.40000153,57.41960526,14.64881134,-,2094,-,-101.70603943,36.90351486,-76.24473572,8.62745094,60.39727783,60.27300644,-
Sat Dec 02 14:22:44 EST 2017,02-Dec-2017 14:22:44.231,-76.24504106,36.90351453,27.0,4.0,-30.899999618530273,269.1,8.81066227,-0.2681506,4.71178913,0.00450663,-,20,0.0258351,0.91375035,-0.02733441,0.364685,26.27450943,27.45098114,-,-,55.40000153,57.42228317,14.64881134,-,2099,-,-101.37795258,36.90351486,-76.24504089,10.98039246,60.39727783,60.27300644,-
Sat Dec 02 14:22:45 EST 2017,02-Dec-2017 14:22:45.230,-76.24534336,36.90351654,27.0,4.0,-30.399999618530273,269.2,8.6957407,0.65122288,3.83072281,0.0057109,-,20,-0.00906669,0.88641596,0.06638357,0.29049161,27.84313774,28.23529434,-,-,55.40000153,57.42762756,14.64881134,-,2093,-,-99.73753357,36.90351486,-76.24534607,10.98039246,60.39727783,60.27300644,-
Sat Dec 02 14:22:46 EST 2017,02-Dec-2017 14:22:46.228,-76.24564654,36.90351155,27.0,4.0,-30.399999618530273,269.4,8.61912632,0.9576807,3.98395157,0.00233144,-,20.3921566,-0.02339839,0.86689138,0.05857374,0.34516042,28.62745094,28.62745094,-,-,55.40000153,57.43029022,14.64881134,-,2085,-,-99.73753357,36.90351105,-76.24564362,11.37254906,60.39727783,60.27300644,-
Sat Dec 02 14:22:47 EST 2017,02-Dec-2017 14:22:47.226,-76.24595065,36.90350432,27.0,3.0,-30.299999237060547,269.1,8.73404789,0.2681506,4.55855989,-0.00125997,-,20,-0.04000781,0.83174706,0.04685899,0.37639979,28.62745094,28.62745094,-,-,55.40000153,57.43444443,14.64881134,-,2080,-,-99.40944672,36.90350342,-76.24594879,11.76470566,60.39727783,59.65163422,-
Sat Dec 02 14:22:48 EST 2017,02-Dec-2017 14:22:48.231,-76.2462549,36.90349847,26.75,3.0,-30.700000762939453,269.3,9.04050541,0.11492168,3.79241538,0.00267914,-,20.7843132,-0.01804612,0.88251102,0.01561966,0.32954079,29.41176605,29.41176605,-,-,55.40000153,57.43651199,14.64881134,-,2072,-,-100.7217865,36.9034996,-76.24625397,12.15686321,59.83804321,59.65163422,-
Sat Dec 02 14:22:49 EST 2017,02-Dec-2017 14:22:49.231,-76.24654888,36.90349488,26.75,3.0,-31.799999237060547,269.2,8.42759037,0.15322891,4.06056595,-0.00382344,-,20.7843132,-0.04532342,0.83955687,0.02733441,0.35297027,29.41176605,29.41176605,-,-,55.40000153,57.43857956,14.64881134,-,2066,-,-104.33070374,36.90349579,-76.24655151,12.15686321,59.83804321,59.65163422,-
Sat Dec 02 14:22:50 EST 2017,02-Dec-2017 14:22:50.228,-76.24685092,36.90349276,26.5,3.0,-31.0,269.1,9.0788126,0.11492168,4.48194551,0.05116171,-,20.7843132,-0.00589199,0.90203559,0.05076391,0.31392109,29.41176605,29.41176605,-,-,55.40000153,57.43857956,14.64881134,-,2066,-,-101.70603943,36.90349197,-76.24684906,12.15686321,59.27880859,59.65163422,-
Sat Dec 02 14:22:51 EST 2017,02-Dec-2017 14:22:51.232,-76.24714669,36.90349017,26.25,3.0,-30.5,269.2,8.15943909,0.15322891,4.55855989,-0.00422196,-,18.03921509,0.04167312,0.94498962,-0.00780983,0.33735061,26.27450943,29.41176605,-,-,55.40000153,57.43857956,14.64881134,-,2066,-,-100.06562042,36.90349197,-76.24714661,8.62745094,58.71957779,59.65163422,-
Sat Dec 02 14:22:52 EST 2017,02-Dec-2017 14:22:52.231,-76.24744417,36.9034742,26.25,3.0,-30.200000762939453,269.3,8.61912632,0.07661445,4.21379519,0.00728605,-,18.03921509,-0.05467141,0.83565199,-0.00390492,0.34125552,26.27450943,26.66666794,-,-,55.40000153,57.43948364,14.64881134,-,2027,-,-99.08136749,36.9034729,-76.24744415,8.62745094,58.71957779,58.40889359,-
Sat Dec 02 14:22:53 EST 2017,02-Dec-2017 14:22:53.230,-76.24773606,36.90347565,26.0,3.0,-30.799999237060547,269.5,9.0788126,-1.11090958,3.98395157,-0.02733617,-,20.7843132,-0.11084963,0.78098321,0.09371798,0.31392109,29.41176605,29.80392265,-,-,57.20000076,57.44038391,14.64881134,-,2031,-,-101.04986572,36.90347672,-76.24773407,11.76470566,58.16034317,58.40889359,-
Sat Dec 02 14:22:54 EST 2017,02-Dec-2017 14:22:54.232,-76.24802736,36.90347366,26.0,3.0,-30.399999618530273,269.9,8.46589756,0.80445176,4.21379519,-0.00280468,-,20.7843132,-0.01417672,0.89422578,-0.05857374,0.31001619,29.41176605,29.80392265,-,-,57.20000076,57.44038391,14.64881134,-,2031,-,-99.73753357,36.9034729,-76.24802399,11.76470566,58.16034317,58.40889359,-
Sat Dec 02 14:22:55 EST 2017,02-Dec-2017 14:22:55.229,-76.24832401,36.90347757,26.0,3.0,-30.700000762939453,270.0,8.58081913,0.72783732,3.79241538,-0.00696018,-,20.7843132,-0.05305866,0.84736669,0.08200324,0.31392109,29.41176605,29.80392265,-,-,57.20000076,57.44038391,14.64881134,-,2031,-,-100.7217865,36.90347672,-76.24832153,11.76470566,58.16034317,58.40889359,-
Sat Dec 02 14:22:56 EST 2017,02-Dec-2017 14:22:56.229,-76.24862019,36.9034845,26.25,3.0,-30.799999237060547,271.4,8.19774628,1.11090958,3.56257224,0.01007735,-,23.92156982,-0.09258056,0.81612742,0.03514424,0.29439652,32.94117737,29.80392265,-,-,57.20000076,57.44038391,14.64881134,-,2048,-,-101.04986572,36.90348434,-76.24861908,11.76470566,58.71957779,58.40889359,-
Sat Dec 02 14:22:57 EST 2017,02-Dec-2017 14:22:57.230,-76.24891464,36.90348958,26.5,3.0,-30.600000381469727,273.1,8.96389103,1.49398184,4.21379519,0.02391895,-,23.92156982,0.02729171,0.93327487,0.13667206,0.30611128,32.94117737,33.33333206,-,-,57.20000076,57.44334412,14.64881134,-,2057,-,-100.39369965,36.90348816,-76.24891663,15.68627453,59.27880859,59.03026199,-
Sat Dec 02 14:22:58 EST 2017,02-Dec-2017 14:22:58.230,-76.24920778,36.9035071,26.75,3.0,-30.399999618530273,275.0,8.46589756,1.22583127,4.06056595,-0.00728057,-,23.92156982,-0.00553134,0.89032084,0.10543273,0.32954079,32.94117737,32.94117737,-,-,57.20000076,57.44743729,14.64881134,-,2074,-,-99.73753357,36.90350723,-76.24920654,15.68627453,59.83804321,59.65163422,47.02760696
Sat Dec 02 14:22:59 EST 2017,02-Dec-2017 14:22:59.230,-76.24950769,36.9035269,26.75,3.0,-29.799999237060547,275.8,8.27436066,1.11090958,3.79241538,0.00278595,-,23.92156982,-0.0106,0.90594047,0.08981306,0.28658667,32.94117737,33.33333206,-,-,57.20000076,57.45005417,14.64881134,-,2085,-,-97.76902771,36.90352631,-76.24950409,15.29411793,59.83804321,60.27300644,35.85729599
Sat Dec 02 14:23:00 EST 2017,02-Dec-2017 14:23:00.231,-76.24981758,36.90357281,27.0,3.0,-30.600000381469727,279.5,9.00219822,1.53228903,4.02225876,0.00302996,-,23.92156982,-0.06199552,0.85127175,0.10543273,0.27877685,32.94117737,33.33333206,-,-,57.20000076,57.45585251,14.64881134,-,2100,-,-100.39369965,36.90357208,-76.24981689,15.29411793,60.39727783,60.89437866,47.1304245
Sat Dec 02 14:23:01 EST 2017,02-Dec-2017 14:23:01.228,-76.25011409,36.90361282,27.25,3.0,-30.100000381469727,281.5,8.77235508,0.07661445,3.52426481,0.00124942,-,23.92156982,-0.00379137,0.90594047,0.07809832,0.30611128,32.94117737,33.33333206,-,-,57.20000076,57.45903397,14.64881134,-,2109,-,-98.75328064,36.90361404,-76.25011444,15.68627453,60.95651245,60.89437866,47.1304245
Sat Dec 02 14:23:02 EST 2017,02-Dec-2017 14:23:02.230,-76.25040766,36.90367087,27.25,3.0,-30.399999618530273,284.0,8.84896946,0.38307226,4.09887314,0.02122975,-,23.92156982,-0.01610565,0.90203559,0.03514424,0.29049161,32.94117737,33.33333206,-,-,57.20000076,57.45903397,14.64881134,-,2109,-,-99.73753357,36.90367126,-76.25040436,15.68627453,60.95651245,60.89437866,47.1304245
Sat Dec 02 14:23:03 EST 2017,02-Dec-2017 14:23:03.231,-76.25070242,36.90374105,27.5,3.0,-30.299999237060547,286.6,8.84896946,0.45968673,4.09887314,-0.00970391,-,21.56862831,-0.0637949,0.83565199,0.05466883,0.317826,32.94117737,32.94117737,-,-,55.40000153,57.46278,14.64881134,-,2132,-,-99.40944672,36.90373993,-76.2507019,12.94117641,61.51574707,61.51574707,47.1304245
Sat Dec 02 14:23:04 EST 2017,02-Dec-2017 14:23:04.230,-76.25099235,36.90381804,27.5,3.0,-30.899999618530273,288.9,8.61912632,0.72783732,4.44363832,0.03558627,-,21.56862831,-0.0670603,0.83565199,0.11324256,0.29830143,32.94117737,32.94117737,-,-,55.40000153,57.46278,14.64881134,-,2132,-,-101.37795258,36.90381622,-76.25099182,12.94117641,61.51574707,61.51574707,47.1304245
Sat Dec 02 14:23:05 EST 2017,02-Dec-2017 14:23:05.233,-76.25128121,36.90390436,27.5,3.0,-30.600000381469727,291.0,9.19373417,1.18752408,4.36702394,-0.00834047,-,21.56862831,-0.00905899,0.87079626,0.05857374,0.36858991,32.94117737,32.94117737,-,-,55.40000153,57.46278,14.64881134,-,2132,-,-100.39369965,36.90390396,-76.25128174,12.94117641,61.51574707,61.51574707,47.1304245
Sat Dec 02 14:23:06 EST 2017,02-Dec-2017 14:23:06.228,-76.25156371,36.90399612,27.5,3.0,-30.600000381469727,293.0,8.42759037,1.49398184,4.5202527,0.01025217,-,18.8235302,0.03164199,0.9371798,0.02733441,0.32954079,30.58823586,27.05882454,-,-,55.40000153,57.4659462,14.64881134,-,2110,-,-100.39369965,36.90399551,-76.25156403,9.8039217,61.51574707,60.89437866,-
Sat Dec 02 14:23:07 EST 2017,02-Dec-2017 14:23:07.232,-76.25184077,36.90409842,27.25,3.0,-30.399999618530273,295.3,8.42759037,1.37906015,4.36702394,-0.00327265,-,18.8235302,-0.04561104,0.85127175,0.06638357,0.32563588,30.58823586,27.05882454,-,-,55.40000153,57.4659462,14.64881134,-,2110,-,-99.73753357,36.90409851,-76.25183868,9.8039217,60.95651245,60.89437866,-
Sat Dec 02 14:23:08 EST 2017,02-Dec-2017 14:23:08.230,-76.25210909,36.90422006,27.0,3.0,-31.299999237060547,298.2,9.23204136,0.03830723,3.79241538,0.01528961,-,18.8235302,-0.02695162,0.87079626,0.08200324,0.32563588,27.05882454,28.62745094,-,-,55.40000153,57.4659462,14.64881134,-,2093,-,-102.69028473,36.90422058,-76.25210571,9.8039217,60.39727783,60.89437866,-
Sat Dec 02 14:23:09 EST 2017,02-Dec-2017 14:23:09.227,-76.25237552,36.90433783,27.0,3.0,-30.700000762939453,300.2,8.84896946,0.2681506,3.98395157,-0.02989659,-,20.3921566,-0.0964733,0.79660285,0.00780983,0.32563588,29.01960754,29.01960754,-,-,55.40000153,57.46852875,14.64881134,-,2093,-,-100.7217865,36.90433884,-76.25237274,11.37254906,60.39727783,60.27300644,-
Sat Dec 02 14:23:10 EST 2017,02-Dec-2017 14:23:10.231,-76.25262844,36.90446412,26.5,3.0,-31.399999618530273,301.4,8.58081913,0.65122288,4.21379519,0.00398246,-,20,-0.03758683,0.86298645,0.0976229,0.31392109,28.62745094,29.01960754,-,-,55.40000153,57.47254944,14.64881134,-,2076,-,-103.01837158,36.90446472,-76.25263214,10.98039246,59.27880859,59.65163422,-
Sat Dec 02 14:23:11 EST 2017,02-Dec-2017 14:23:11.231,-76.25287993,36.90459568,26.5,4.0,-32.0,303.7,8.81066227,0.03830723,4.29040956,0.01796418,-,20,-0.00393689,0.89422578,0.16400647,0.30611128,28.62745094,29.01960754,-,-,55.40000153,57.47655106,14.64881134,-,2070,-,-104.98687744,36.90459442,-76.25287628,10.98039246,59.27880859,59.65163422,-
Sat Dec 02 14:23:12 EST 2017,02-Dec-2017 14:23:12.231,-76.25312413,36.90474972,26.75,4.0,-31.700000762939453,307.0,8.42759037,0.15322891,4.06056595,0.0059274,-,20,-0.01019911,0.89422578,0.08981306,0.31392109,29.01960754,29.01960754,-,-,55.40000153,57.47996902,14.64881134,-,2060,-,-104.00262451,36.90475082,-76.25312042,10.98039246,59.83804321,59.03026199,-
Sat Dec 02 14:23:13 EST 2017,02-Dec-2017 14:23:13.234,-76.25335691,36.90489878,26.5,5.0,-31.200000762939453,308.7,9.04050541,0.15322891,4.175488,0.00542805,-,20.3921566,-0.00577687,0.89813066,0,0.32563588,29.01960754,29.01960754,-,-,55.40000153,57.48138809,14.64881134,-,2053,-,-102.36220551,36.9048996,-76.25335693,10.98039246,59.27880859,59.03026199,-
Sat Dec 02 14:23:14 EST 2017,02-Dec-2017 14:23:14.234,-76.25358208,36.90504555,26.5,4.0,-30.799999237060547,309.8,8.84896946,0.2681506,3.90733719,0.00931643,-,20.3921566,-0.01584979,0.87860614,0.03514424,0.34125552,29.01960754,29.01960754,-,-,55.40000153,57.48138809,14.64881134,-,2053,-,-101.04986572,36.90504456,-76.25358582,11.37254906,59.27880859,59.03026199,-
Sat Dec 02 14:23:15 EST 2017,02-Dec-2017 14:23:15.231,-76.2538053,36.90520491,26.5,4.0,-30.100000381469727,310.1,8.73404789,0.68953007,4.29040956,0.01342809,-,20.3921566,-0.07983148,0.83174706,0.04295408,0.29049161,28.62745094,29.01960754,-,-,55.40000153,57.48138809,14.64881134,-,2053,-,-98.75328064,36.90520477,-76.25380707,11.37254906,59.27880859,59.03026199,-
Sat Dec 02 14:23:16 EST 2017,02-Dec-2017 14:23:16.230,-76.25403543,36.90534848,26.25,4.0,-30.100000381469727,309.4,9.19373417,0.61291564,4.59686708,0.02442682,-,20.3921566,0.05067966,0.95670444,-0.00390492,0.3334457,28.62745094,29.01960754,-,-,55.40000153,57.48308182,14.64881134,-,2021,-,-98.75328064,36.90534973,-76.25403595,11.37254906,58.71957779,58.40889359,-
Sat Dec 02 14:23:17 EST 2017,02-Dec-2017 14:23:17.229,-76.25426171,36.90550491,26.25,4.0,-29.899999618530273,309.6,8.46589756,0.03830723,4.02225876,0.0034638,-,20.3921566,-0.03202995,0.86298645,0.11714748,0.32173091,29.01960754,29.01960754,-,-,55.40000153,57.48308182,14.64881134,-,2021,-,-98.09711456,36.90550613,-76.25426483,11.37254906,58.71957779,58.40889359,-
Sat Dec 02 14:23:18 EST 2017,02-Dec-2017 14:23:18.230,-76.25448147,36.90565144,26.0,4.0,-29.899999618530273,309.7,8.61912632,0.65122288,4.06056595,0.00294948,-,20.3921566,-0.02677914,0.8747012,0.01561966,0.32563588,29.01960754,29.01960754,-,-,55.40000153,57.48308182,14.64881134,-,2021,-,-98.09711456,36.90565109,-76.25447845,11.37254906,58.16034317,58.40889359,-
Sat Dec 02 14:23:19 EST 2017,02-Dec-2017 14:23:19.228,-76.25471032,36.90579677,25.75,4.0,-28.5,310.1,8.35097599,0.8810662,3.67749381,-0.04651678,-,20.3921566,-0.01869122,0.89032084,0.03904916,0.31001619,29.01960754,29.01960754,-,-,55.40000153,57.48308182,14.64881134,-,2015,-,-93.50393677,36.90579605,-76.25470734,11.37254906,57.60110855,58.40889359,-
Sat Dec 02 14:23:20 EST 2017,02-Dec-2017 14:23:20.229,-76.25492969,36.9059462,25.5,4.0,-27.0,310.9,9.0788126,0.2681506,4.09887314,0.01013418,-,21.17647171,-0.00166459,0.88251102,0.03514424,0.364685,29.80392265,30.19607925,-,-,55.40000153,57.48193741,14.64881134,-,1967,-,-88.58267975,36.90594482,-76.25492859,12.15686321,57.04187393,56.54477692,-
Sat Dec 02 14:23:21 EST 2017,02-Dec-2017 14:23:21.229,-76.25513702,36.906100789999996,25.5,4.0,-27.700000762939453,312.4,8.38928318,0.72783732,4.21379519,0.01378488,-,21.56862831,-0.03400246,0.87860614,0.10543273,0.28658667,30.98039246,30.98039246,-,-,55.40000153,57.48108292,14.64881134,-,1958,-,-90.87926483,36.90610123,-76.25513458,12.94117641,57.04187393,56.54477692,-
Sat Dec 02 14:23:22 EST 2017,02-Dec-2017 14:23:22.228,-76.25534787,36.9062552,25.5,6.0,-27.299999237060547,312.4,8.61912632,0.11492168,3.60087943,-0.01461009,-,20.3921566,0.02348217,0.9371798,0.01952458,0.31001619,30.98039246,30.98039246,-,-,55.40000153,57.47966385,14.64881134,-,1942,-,-89.56692505,36.90625381,-76.25534821,12.54901981,57.04187393,55.92340851,-
Sat Dec 02 14:23:23 EST 2017,02-Dec-2017 14:23:23.232,-76.25554698,36.90640506,25.0,4.0,-27.100000381469727,313.5,8.27436066,-0.22984336,4.36702394,-0.01260224,-,19.2156868,0.06041551,0.9488945,0.00780983,0.37249482,20,14.50980377,-,-,55.40000153,57.47570801,14.64881134,-,1908,-,-88.91075897,36.9064064,-76.25554657,10.58823586,55.92340851,55.30203629,-
Sat Dec 02 14:23:24 EST 2017,02-Dec-2017 14:23:24.229,-76.25575056,36.90656641,24.75,4.0,-25.799999237060547,313.4,8.92558384,0,4.5202527,0.03419011,-,17.25490189,0.05360182,0.94498962,-0.01952458,0.364685,14.11764717,14.50980377,-,-,55.40000153,57.47316742,14.64881134,-,1895,-,-84.64566803,36.90656662,-76.25575256,6.66666698,55.36417389,54.68066406,-
Sat Dec 02 14:23:25 EST 2017,02-Dec-2017 14:23:25.230,-76.2559392,36.9067205,24.25,4.0,-26.5,313.3,8.92558384,0.07661445,4.09887314,0.00253056,-,17.25490189,-0.0332524,0.85908157,-0.03514424,0.34125552,14.11764717,14.50980377,-,-,55.40000153,57.47316742,14.64881134,-,1895,-,-86.94226074,36.90671921,-76.25593567,6.66666698,54.24570084,54.68066406,-
Sat Dec 02 14:23:26 EST 2017,02-Dec-2017 14:23:26.231,-76.2561377,36.90687094,24.25,5.0,-25.799999237060547,313.3,8.1211319,1.03429508,4.8267107,-0.09488604,-,16.47058868,-0.37425581,0.53887844,-0.11324256,0.19677362,14.11764717,14.11764717,-,-,55.40000153,57.46837616,14.64881134,-,1808,-,-84.64566803,36.9068718,-76.25613403,6.66666698,54.24570084,52.19517899,-
Sat Dec 02 14:23:27 EST 2017,02-Dec-2017 14:23:27.236,-76.25633375,36.90701415,23.25,4.0,-26.100000381469727,311.6,9.30865574,0.11492168,4.09887314,0.03570704,-,16.47058868,-0.05141645,0.87079626,0.0741934,0.32563588,14.11764717,14.11764717,-,-,55.40000153,57.46837616,14.64881134,-,1808,-,-85.62992096,36.90701294,-76.2563324,6.66666698,52.00876617,52.19517899,-
Sat Dec 02 14:23:28 EST 2017,02-Dec-2017 14:23:28.231,-76.25652905,36.90715341,23.25,6.0,-26.0,311.6,8.27436066,-0.57460839,5.74608421,0.03914703,-,16.47058868,0.22915977,1.16756988,0.01171475,0.28268176,14.11764717,14.11764717,-,-,55.40000153,57.46837616,14.64881134,-,1808,-,-85.30183411,36.90715408,-76.25653076,6.66666698,52.00876617,52.19517899,-
Sat Dec 02 14:23:29 EST 2017,02-Dec-2017 14:23:29.230,-76.25670497,36.90728008,22.25,4.0,-25.399999618530273,311.0,8.6957407,0.76614451,5.55454779,0.17179841,-,15.68627453,0.05507805,0.88641596,0.07809832,0.46621281,14.11764717,14.11764717,-,-,55.40000153,57.46077728,14.64881134,-,1698,-,-83.33333588,36.90727997,-76.25670624,5.88235283,49.77183151,49.0883255,-
Sat Dec 02 14:23:30 EST 2017,02-Dec-2017 14:23:30.231,-76.25689256,36.90741019,22.0,4.0,-25.700000762939453,311.2,7.85298157,0.34476504,5.36301184,-0.00633519,-,15.29411793,-0.06177601,0.81222248,-0.01952458,0.36858991,14.11764717,14.50980377,-,-,55.40000153,57.44450378,14.64881134,-,1665,-,-84.31758881,36.90740967,-76.25688934,5.88235283,49.21259689,47.84558105,-
Sat Dec 02 14:23:31 EST 2017,02-Dec-2017 14:23:31.231,-76.25707625,36.90753611,21.5,4.0,-25.200000762939453,311.4,9.76834297,0.19153613,5.43962622,0.10788479,-,15.29411793,0.08090255,0.85908157,-0.15619664,0.53650135,14.11764717,14.50980377,-,-,55.40000153,57.43526077,14.64881134,-,1635,-,-82.6771698,36.90753555,-76.25707245,5.88235283,48.09413147,47.22420883,-
Sat Dec 02 14:23:32 EST 2017,02-Dec-2017 14:23:32.228,-76.25725779,36.90766467,21.5,7.0,-25.200000762939453,311.4,8.19774628,-0.22984336,5.5162406,0.03403216,-,14.90196133,-0.00660599,0.78879303,0.1444819,0.48573741,14.11764717,14.50980377,-,-,55.40000153,57.42266846,14.64881134,-,1507,-,-82.6771698,36.90766525,-76.25725555,5.09803915,48.09413147,43.49598312,-
Sat Dec 02 14:23:33 EST 2017,02-Dec-2017 14:23:33.228,-76.25740946,36.90775464,18.25,4.0,-26.299999237060547,312.1,7.85298157,2.33674097,5.66946983,0.00500483,-,14.50980377,-0.0193912,0.76926845,0.19915071,0.47402263,14.11764717,14.50980377,-,-,55.40000153,57.39027023,14.64881134,-,1318,-,-86.28608704,36.90775299,-76.25740814,4.70588255,40.82408524,37.90364456,-
Sat Dec 02 14:23:34 EST 2017,02-Dec-2017 14:23:34.230,-76.25756301,36.90786137,18.0,4.0,-26.200000762939453,312.7,6.93360806,3.75410819,4.36702394,0.0031812,-,14.50980377,-0.00267385,0.74583894,0.43344569,0.39982924,14.11764717,14.50980377,-,-,55.40000153,57.39027023,14.64881134,-,1206,-,-85.95800781,36.9078598,-76.25756073,4.70588255,40.26485062,37.90364456,-
Sat Dec 02 14:23:35 EST 2017,02-Dec-2017 14:23:35.233,-76.25769062,36.90797111,16.5,4.0,-26.200000762939453,319.5,6.32069254,7.77636719,5.40131903,0.13750851,-,14.90196133,0.19963221,0.58964235,0.90594047,0.41935381,14.11764717,14.50980377,-,-,55.40000153,57.35071564,14.64881134,-,1518,-,-85.95800781,36.90797043,-76.25769043,5.09803915,36.90944672,34.17541504,-
Sat Dec 02 14:23:36 EST 2017,02-Dec-2017 14:23:36.232,-76.25781178,36.90808501,16.5,6.0,-26.100000381469727,319.5,4.13718033,7.54652357,4.90332508,0.06130754,-,14.90196133,0.01002814,0.42173091,0.76926845,0.39982924,14.11764717,14.50980377,-,-,55.40000153,57.32931519,14.64881134,-,1494,-,-85.62992096,36.90808487,-76.2578125,5.09803915,36.90944672,33.55404282,-
Sat Dec 02 14:23:37 EST 2017,02-Dec-2017 14:23:37.230,-76.25780794,36.90823177,15.5,4.0,-27.799999237060547,340.0,4.21379519,8.38928318,4.48194551,0.11581125,-,14.90196133,0.12961563,0.40611124,0.92546505,0.40373418,14.11764717,14.50980377,-,-,55.40000153,57.32931519,14.64881134,-,1494,-,-91.20734406,36.90823364,-76.25780487,5.09803915,34.67251205,33.55404282,-
Sat Dec 02 14:23:38 EST 2017,02-Dec-2017 14:23:38.233,-76.2578091,36.90835714,14.5,4.0,-27.600000381469727,353.8,4.36702394,9.23204136,3.40934324,0.05168172,-,14.90196133,0.07622682,0.3904916,0.89032084,0.36078009,14.11764717,14.50980377,-,-,55.40000153,57.30572128,14.64881134,-,1382,-,-90.55118561,36.90835571,-76.2578125,5.09803915,32.43557358,31.06855965,-
Sat Dec 02 14:23:39 EST 2017,02-Dec-2017 14:23:39.230,-76.25770593,36.90846369,15.0,4.0,-26.100000381469727,26.2,4.55855989,7.81467438,3.79241538,0.0593083,-,14.90196133,0.06865033,0.44125551,0.87860614,0.317826,23.13725471,23.92156982,-,-,55.40000153,57.30572128,14.64881134,-,1346,-,-85.62992096,36.90846252,-76.25770569,5.09803915,33.55404282,31.06855965,-
Sat Dec 02 14:23:40 EST 2017,02-Dec-2017 14:23:40.227,-76.25763223,36.90858415,15.0,6.0,-26.700000762939453,26.2,3.94564438,8.27436066,4.21379519,0.04744691,-,14.90196133,0.03598143,0.417826,0.86689138,0.28268176,23.13725471,23.92156982,-,-,55.40000153,57.28160858,14.64881134,-,1346,-,-87.59842682,36.90858459,-76.25762939,5.09803915,33.55404282,30.44718933,-
Sat Dec 02 14:23:41 EST 2017,02-Dec-2017 14:23:41.227,-76.25745904,36.90860995,14.0,3.0,-27.899999618530273,59.1,5.55454779,7.73806,3.33272886,0.05088332,-,16.47058868,0.09283579,0.51935381,0.84346181,0.36078009,27.05882454,27.84313774,-,-,55.40000153,57.25754547,14.64881134,-,1349,-,-91.53543091,36.9086113,-76.25746155,7.45098066,31.31710625,30.44718933,-
Sat Dec 02 14:23:42 EST 2017,02-Dec-2017 14:23:42.230,-76.25732507,36.90867436,14.0,4.0,-28.299999237060547,59.1,5.70777702,7.12514448,3.98395157,0.02822579,-,16.47058868,-0.12820587,0.5349735,0.53106856,0.33735061,27.05882454,27.84313774,-,-,55.40000153,57.25754547,14.64881134,-,1349,-,-92.84776306,36.90867615,-76.25732422,7.45098066,31.31710625,30.44718933,-
Sat Dec 02 14:23:43 EST 2017,02-Dec-2017 14:23:43.235,-76.2571589,36.90865853,13.75,3.0,-30.700000762939453,89.2,5.09486103,9.34696388,5.17147589,0.05100706,-,16.47058868,0.14634958,0.50373417,0.9371798,0.32563588,27.05882454,27.84313774,-,-,55.40000153,57.25754547,14.64881134,-,1349,-,-100.7217865,36.90865707,-76.25715637,7.45098066,30.75787354,30.44718933,-
Sat Dec 02 14:23:44 EST 2017,02-Dec-2017 14:23:44.229,-76.25698998,36.90865807,14.25,4.0,-31.0,91.2,3.40934324,9.61511421,4.36702394,0.15019959,-,16.07843208,-0.01237516,0.34363261,0.82784218,0.31392109,27.05882454,27.84313774,-,-,55.40000153,57.25754547,14.64881134,-,1349,-,-101.70603943,36.90865707,-76.25698853,7.45098066,31.87634087,30.44718933,-
Sat Dec 02 14:23:45 EST 2017,02-Dec-2017 14:23:45.228,-76.2568607,36.90858401,13.75,3.0,-32.20000076293945,122.2,3.17949986,10.15141487,3.67749381,0.07041343,-,16.07843208,0.03999462,0.35534734,0.85517663,0.37249482,27.05882454,27.84313774,-,-,55.40000153,57.25754547,14.64881134,-,1349,-,-105.64304352,36.90858459,-76.25685883,7.45098066,30.75787354,30.44718933,-
Sat Dec 02 14:23:46 EST 2017,02-Dec-2017 14:23:46.227,-76.25674763,36.90850385,14.0,3.0,-32.099998474121094,141.5,5.20978308,7.96790314,4.29040956,0.01893993,-,16.07843208,0.05515759,0.59745216,0.74193406,0.35297027,27.05882454,27.84313774,-,-,55.40000153,57.25754547,14.64881134,-,1349,-,-105.31495667,36.90850449,-76.25674438,7.45098066,31.31710625,30.44718933,-
Sat Dec 02 14:23:47 EST 2017,02-Dec-2017 14:23:47.234,-76.25666685,36.90839957,14.25,3.0,-33.70000076293945,155.8,7.16345167,5.70777702,3.02627087,0.00298091,-,16.07843208,0.03164943,0.79269797,0.57011771,0.23191786,27.05882454,27.84313774,-,-,55.40000153,57.25754547,14.64881134,-,1349,-,-110.56430817,36.90839767,-76.25666809,7.45098066,31.87634087,30.44718933,-
Sat Dec 02 14:23:48 EST 2017,02-Dec-2017 14:23:48.228,-76.25662987,36.90828137,14.25,3.0,-33.599998474121094,167.8,8.6957407,4.90332508,4.40533113,0.03072321,-,16.07843208,0.08715226,0.82784218,0.49982923,0.39592433,27.05882454,27.84313774,-,-,55.40000153,57.25754547,14.64881134,-,1349,-,-110.23621368,36.90828323,-76.25662994,7.45098066,31.87634087,30.44718933,-
Sat Dec 02 14:23:49 EST 2017,02-Dec-2017 14:23:49.229,-76.25661444,36.90814843,14.5,3.0,-33.5,176.7,8.35097599,1.03429508,4.40533113,0.00033933,-,21.56862831,0.02302741,0.89032084,0.21086545,0.35687518,27.05882454,27.84313774,-,-,55.40000153,57.25754547,14.64881134,-,1349,-,-109.90813446,36.90814972,-76.25661469,12.54901981,32.43557358,30.44718933,-
Sat Dec 02 14:23:50 EST 2017,02-Dec-2017 14:23:50.235,-76.25661389,36.90801901,15.0,3.0,-33.79999923706055,180.3,8.58081913,-0.38307226,3.56257224,-0.01051253,-,21.56862831,-0.02442237,0.91375035,-0.02733441,0.23972771,27.05882454,27.84313774,-,-,55.40000153,57.25754547,14.64881134,-,1349,-,-110.89238739,36.90802002,-76.25661469,12.54901981,33.55404282,30.44718933,-
Sat Dec 02 14:23:51 EST 2017,02-Dec-2017 14:23:51.226,-76.25661489,36.90788269,15.5,3.0,-34.099998474121094,180.4,8.84896946,-0.61291564,3.48595762,-0.00238118,-,21.56862831,-0.03098227,0.88641596,0.01171475,0.29049161,27.05882454,27.84313774,-,-,55.40000153,57.25754547,14.64881134,-,1349,-,-111.87663269,36.90788269,-76.25661469,12.54901981,34.67251205,30.44718933,-
Sat Dec 02 14:23:52 EST 2017,02-Dec-2017 14:23:52.232,-76.25661033,36.90773775,16.0,4.0,-32.099998474121094,180.0,8.77235508,0.45968673,4.67348194,0.04093862,-,21.56862831,0.12455232,0.98794377,-0.03904916,0.43497351,27.05882454,27.84313774,-,-,55.40000153,57.25754547,14.64881134,-,1349,-,-105.31495667,36.90773773,-76.25660706,12.54901981,35.79098129,30.44718933,-
Sat Dec 02 14:23:53 EST 2017,02-Dec-2017 14:23:53.229,-76.25661042,36.90759446,16.0,6.0,-32.0,180.0,9.42357826,0.30645782,3.86903,-0.0007029,-,21.56862831,0.00663843,0.92546505,0.12495731,0.27487195,35.68627548,27.84313774,-,-,55.40000153,57.25754547,14.64881134,-,1349,-,-104.98687744,36.90759277,-76.25660706,12.54901981,35.79098129,30.44718933,-
Sat Dec 02 14:23:54 EST 2017,02-Dec-2017 14:23:54.230,-76.25661791,36.90744118,17.0,4.0,-31.700000762939453,180.4,10.07480049,1.30244577,4.21379519,0.03284331,-,21.56862831,0.04265421,0.96060938,0.20696054,0.24753754,35.68627548,27.84313774,-,-,55.40000153,57.25754547,14.64881134,-,1349,-,-104.00262451,36.90744019,-76.25661469,12.54901981,38.02791595,30.44718933,-
Sat Dec 02 14:23:55 EST 2017,02-Dec-2017 14:23:55.230,-76.25661934,36.90728873,17.0,6.0,-31.700000762939453,180.4,8.54251194,0.07661445,3.90733719,-0.0047519,-,21.56862831,-0.06271975,0.8747012,-0.00390492,0.23582277,35.68627548,27.84313774,-,-,55.40000153,57.25754547,14.64881134,-,1349,-,-104.00262451,36.9072876,-76.25662231,12.54901981,38.02791595,30.44718933,-
Sat Dec 02 14:23:56 EST 2017,02-Dec-2017 14:23:56.229,-76.2566188,36.90713113,17.25,4.0,-31.600000381469727,181.0,8.81066227,0.57460839,4.13718033,0.0014094,-,21.56862831,-0.06216634,0.85908157,0.01952458,0.27487195,35.68627548,27.84313774,-,-,55.40000153,57.25754547,14.64881134,-,1349,-,-103.67454529,36.9071312,-76.25662231,12.54901981,38.58715057,30.44718933,-
Sat Dec 02 14:23:57 EST 2017,02-Dec-2017 14:23:57.232,-76.2566279,36.90696653,17.75,4.0,-31.399999618530273,182.2,8.54251194,-0.19153613,4.21379519,-0.00982922,-,16.07843208,-0.10467591,0.76926845,0.0234295,0.35687518,35.29411697,29.80392265,-,-,55.40000153,57.24187088,14.64881134,-,1349,-,-103.01837158,36.90696716,-76.25662994,12.54901981,39.705616,39.76775742,-
Sat Dec 02 14:23:58 EST 2017,02-Dec-2017 14:23:58.229,-76.2566356,36.90680691,17.75,5.0,-31.200000762939453,182.1,8.04451752,0.11492168,4.13718033,0.00805604,-,16.07843208,-0.02165007,0.8747012,0.01171475,0.33735061,35.29411697,29.80392265,-,-,55.40000153,57.24187088,14.64881134,-,1349,-,-102.36220551,36.90680695,-76.25663757,12.54901981,39.705616,39.76775742,-
Sat Dec 02 14:23:59 EST 2017,02-Dec-2017 14:23:59.226,-76.25664478,36.90665927,17.25,6.0,-30.700000762939453,182.2,8.58081913,0.9576807,3.79241538,-0.00732245,-,16.07843208,-0.04933559,0.79269797,0.03123933,0.42325872,35.29411697,29.80392265,-,-,55.40000153,57.24187088,14.64881134,-,1349,-,-100.7217865,36.90665817,-76.2566452,12.54901981,38.58715057,39.76775742,-
Sat Dec 02 14:24:00 EST 2017,02-Dec-2017 14:24:00.230,-76.25664764,36.90649679,17.5,6.0,-31.600000381469727,181.4,10.76433086,-0.03830723,5.74608421,-0.01165346,-,15.29411793,-0.08860398,0.8747012,0.0234295,0.15381955,35.29411697,29.80392265,-,-,55.40000153,57.22400665,14.64881134,-,1733,-,-103.67454529,36.90649796,-76.2566452,5.88235283,39.14638519,37.28227234,-
Sat Dec 02 14:24:01 EST 2017,02-Dec-2017 14:24:01.227,-76.25665533,36.90634926,17.25,6.0,-31.700000762939453,181.7,8.04451752,0.91937345,5.55454779,0.02534099,-,15.29411793,0.04760357,0.85127175,0.03123933,0.5091669,35.29411697,29.80392265,-,-,55.40000153,57.22400665,14.64881134,-,1733,-,-104.00262451,36.90634918,-76.25665283,5.88235283,38.58715057,37.28227234,-
Sat Dec 02 14:24:02 EST 2017,02-Dec-2017 14:24:02.229,-76.25664846,36.90622515,16.0,6.0,-31.600000381469727,180.3,6.51222849,3.25611424,5.36301184,-0.03582635,-,15.29411793,-0.00395988,0.73412424,0.417826,0.42716369,14.11764717,14.11764717,-,-,55.40000153,57.20171738,14.64881134,-,1416,-,-103.67454529,36.9062233,-76.2566452,5.88235283,35.79098129,32.31130219,-
Sat Dec 02 14:24:03 EST 2017,02-Dec-2017 14:24:03.226,-76.25666486,36.90609285,15.25,6.0,-32.20000076293945,181.8,7.27837324,6.93360806,5.5162406,0.01378114,-,14.50980377,0.08225685,0.64040625,0.76536351,0.317826,14.11764717,14.90196133,-,-,55.40000153,57.17781067,14.64881134,-,1306,-,-105.64304352,36.9060936,-76.25666809,4.70588255,34.11327744,30.44718933,-
Sat Dec 02 14:24:04 EST 2017,02-Dec-2017 14:24:04.234,-76.2566961,36.90597502,14.0,4.0,-32.5,192.3,5.40131903,7.12514448,4.29040956,0.00883684,-,16.07843208,-0.08322053,0.4685899,0.70678979,0.24753754,21.96078491,22.35294151,-,-,55.40000153,57.12900925,14.79384899,-,1279,-,-106.62729645,36.90597534,-76.25669861,5.88235283,31.31710625,29.82581711,-
Sat Dec 02 14:24:05 EST 2017,02-Dec-2017 14:24:05.229,-76.25675625,36.90587237,13.5,3.0,-33.900001525878906,212.0,4.75009632,8.15943909,4.86501789,0.10168332,-,16.47058868,0.11975906,0.49982923,0.94498962,0.23191786,28.23529434,28.62745094,-,-,55.40000153,57.07928085,14.79384899,-,1303,-,-111.22047424,36.90587234,-76.25675964,7.05882359,30.19863892,29.20444679,-
Sat Dec 02 14:24:06 EST 2017,02-Dec-2017 14:24:06.232,-76.2568646,36.90577705,14.25,3.0,-34.599998474121094,220.0,5.36301184,8.08282471,3.94564438,0.01602446,-,19.6078434,0.01584283,0.54668826,0.78879303,0.23191786,33.33333206,33.33333206,-,-,55.40000153,57.05503082,14.79384899,-,1357,-,-113.51705933,36.90577698,-76.25686646,12.54901981,31.87634087,29.82581711,28.28640175
Sat Dec 02 14:24:07 EST 2017,02-Dec-2017 14:24:07.230,-76.25698978,36.90569042,14.0,3.0,-35.599998474121094,229.9,7.12514448,8.00621033,4.25210238,0.11005863,-,19.2156868,0.04944443,0.54668826,0.8747012,0.09134088,29.01960754,35.29411697,-,-,55.40000153,57.0313797,14.79384899,-,1390,-,-116.79789734,36.90568924,-76.25698853,10.1960783,31.31710625,30.44718933,28.28640175
Sat Dec 02 14:24:08 EST 2017,02-Dec-2017 14:24:08.231,-76.25715049,36.90565718,14.25,3.0,-36.599998474121094,252.0,5.7843914,5.82269859,3.25611424,-0.00142984,-,17.25490189,0.0181534,0.58183247,0.7575537,0.25144243,29.01960754,29.01960754,-,-,55.40000153,56.98530579,14.79384899,-,1373,-,-120.07873535,36.90565872,-76.25714874,10.1960783,31.87634087,31.06855965,57.95541
Sat Dec 02 14:24:09 EST 2017,02-Dec-2017 14:24:09.226,-76.25731126,36.90562731,14.75,3.0,-36.20000076293945,256.4,5.32470465,8.08282471,4.5202527,0.10794657,-,19.6078434,0.09073943,0.49592432,0.8747012,0.32173091,29.01960754,29.01960754,-,-,55.40000153,56.98530579,14.79384899,-,1373,-,-118.7664032,36.9056282,-76.25730896,10.1960783,32.9948082,31.06855965,57.95541
Sat Dec 02 14:24:10 EST 2017,02-Dec-2017 14:24:10.231,-76.25746453,36.90564095,14.25,3.0,-35.5,279.1,5.17147589,8.08282471,3.63918662,0.09459949,-,19.6078434,0.07578721,0.44906533,0.91765523,0.23582277,29.01960754,29.01960754,-,-,55.40000153,56.98530579,14.79384899,-,1373,-,-116.46981812,36.90563965,-76.25746155,10.1960783,31.87634087,31.06855965,57.95541
Sat Dec 02 14:24:11 EST 2017,02-Dec-2017 14:24:11.230,-76.25762271,36.90566131,14.25,4.0,-35.29999923706055,279.1,5.17147589,6.89530087,2.98796368,0.01580682,-,19.6078434,-0.00639097,0.56230789,0.77317333,0.16943921,34.90196228,35.29411697,-,-,55.40000153,56.98530579,14.79384899,-,1373,-,-115.81364441,36.90566254,-76.25762177,10.1960783,31.87634087,31.06855965,57.95541
Sat Dec 02 14:24:12 EST 2017,02-Dec-2017 14:24:12.237,-76.25774323,36.90576109,15.0,3.0,-35.20000076293945,306.6,4.94163227,6.7803793,4.09887314,0.01041852,-,19.6078434,0.13588619,0.58573741,0.8747012,0.32563588,34.90196228,35.29411697,-,-,55.40000153,56.96343231,14.64881134,-,1373,-,-115.48556519,36.90576172,-76.25774384,13.33333397,33.55404282,32.31130219,-
Sat Dec 02 14:24:13 EST 2017,02-Dec-2017 14:24:13.232,-76.25784691,36.90586608,15.0,3.0,-35.099998474121094,324.1,5.66946983,7.27837324,3.98395157,0.04339868,-,19.6078434,0.03022114,0.74193406,0.64040625,0.21629821,34.90196228,35.29411697,-,-,55.40000153,56.96343231,14.64881134,-,1373,-,-115.15747833,36.90586472,-76.25785065,13.33333397,33.55404282,32.31130219,-
Sat Dec 02 14:24:14 EST 2017,02-Dec-2017 14:24:14.226,-76.25793355,36.90597474,14.25,3.0,-34.79999923706055,328.8,6.62715054,6.16746378,4.175488,0.04495862,-,21.96078491,-0.09395207,0.56230789,0.61697668,0.25144243,34.90196228,35.29411697,-,-,55.40000153,56.96343231,14.64881134,-,1373,-,-114.1732254,36.90597534,-76.25793457,13.33333397,31.87634087,32.31130219,-
Sat Dec 02 14:24:15 EST 2017,02-Dec-2017 14:24:15.228,-76.25797147,36.90610425,14.25,3.0,-35.0,346.6,6.24407816,6.09084892,3.79241538,0.06363022,-,21.96078491,0.05543955,0.6794554,0.71069467,0.28268176,33.33333206,35.29411697,-,-,55.40000153,56.94269562,14.64881134,-,1510,-,-114.82939911,36.90610504,-76.25797272,13.33333397,31.87634087,33.55404282,-
Sat Dec 02 14:24:16 EST 2017,02-Dec-2017 14:24:16.230,-76.25800823,36.9062283,14.25,6.0,-34.70000076293945,346.6,6.4739213,8.04451752,3.83072281,0.07535806,-,21.96078491,0.02179616,0.61697668,0.71850449,0.28268176,34.11764908,34.11764908,-,-,55.40000153,56.92200089,14.64881134,-,1522,-,-113.84514618,36.90622711,-76.25801086,13.33333397,31.87634087,33.55404282,-
Sat Dec 02 14:24:17 EST 2017,02-Dec-2017 14:24:17.232,-76.25790909,36.90637835,15.75,3.0,-34.0,17.2,4.97993946,7.96790314,3.52426481,0.03367057,-,21.96078491,-0.02479782,0.55059314,0.69897997,0.29830143,34.11764908,34.11764908,-,-,55.40000153,56.92200089,14.64881134,-,1522,-,-111.54855347,36.9063797,-76.25791168,13.33333397,35.23174286,33.55404282,-
Sat Dec 02 14:24:18 EST 2017,02-Dec-2017 14:24:18.232,-76.25782432,36.90649406,15.5,3.0,-34.0,37.1,4.67348194,7.69975281,3.37103605,0.06493218,-,21.96078491,0.10481982,0.46468499,0.91765523,0.30220634,34.11764908,33.33333206,-,-,55.40000153,56.90134048,14.64881134,-,1514,-,-111.54855347,36.90649414,-76.25782776,13.33333397,34.67251205,33.55404282,-
Sat Dec 02 14:24:19 EST 2017,02-Dec-2017 14:24:19.229,-76.25769468,36.90657446,15.25,3.0,-33.79999923706055,53.1,5.05655384,10.76433086,4.09887314,0.1243499,-,19.2156868,0.21946344,0.53106856,1.01137328,0.32563588,31.37254906,32.15686417,-,-,55.40000153,56.88071442,14.64881134,-,1474,-,-110.89238739,36.90657425,-76.25769806,10.1960783,34.11327744,33.55404282,-
Sat Dec 02 14:24:20 EST 2017,02-Dec-2017 14:24:20.231,-76.25754572,36.90662954,15.0,3.0,-32.599998474121094,70.9,5.36301184,8.73404789,3.37103605,0.06364065,-,21.56862831,-0.04197278,0.58964235,0.68336034,0.22020312,33.33333206,33.72549057,-,-,55.40000153,56.83957291,14.64881134,-,1499,-,-106.95537567,36.90662766,-76.25754547,12.54901981,33.55404282,33.55404282,-
Sat Dec 02 14:24:21 EST 2017,02-Dec-2017 14:24:21.231,-76.25737674,36.90665519,15.25,3.0,-31.600000381469727,85.3,5.55454779,7.46990919,2.7581203,0.07898892,-,22.74509811,-0.0099833,0.56621277,0.76145858,0.18115395,35.29411697,34.50980377,-,-,55.40000153,56.81905746,14.64881134,-,1509,-,-103.67454529,36.90665436,-76.25737762,14.11764717,34.11327744,33.55404282,-
Sat Dec 02 14:24:22 EST 2017,02-Dec-2017 14:24:22.232,-76.25721044,36.90665082,15.25,3.0,-32.099998474121094,100.4,4.75009632,7.12514448,4.21379519,-0.00811934,-,23.13725471,-0.16953823,0.50763905,0.51935381,0.30220634,35.68627548,36.07843018,-,-,55.40000153,56.77813339,14.64881134,-,1520,-,-105.31495667,36.90665054,-76.25720978,14.50980377,34.11327744,33.55404282,-
Sat Dec 02 14:24:23 EST 2017,02-Dec-2017 14:24:23.230,-76.25705087,36.90660595,15.0,3.0,-32.20000076293945,115.4,7.16345167,8.31266785,3.60087943,-0.00535242,-,24.70588303,-0.12310125,0.63650131,0.54668826,0.15381955,38.4313736,39.2156868,-,-,55.40000153,56.75772476,14.64881134,-,1543,-,-105.64304352,36.90660477,-76.25704956,16.47058868,33.55404282,33.55404282,-
Sat Dec 02 14:24:24 EST 2017,02-Dec-2017 14:24:24.227,-76.25691179,36.90652501,15.25,3.0,-31.799999237060547,131.3,6.28238535,1.53228903,3.44765043,-0.02493005,-,25.49019623,-0.04728332,0.89032084,0.19915071,0.17334414,40,40.39215851,-,-,55.40000153,56.71865082,14.64881134,-,1580,-,-104.33070374,36.90652466,-76.25691223,22.74509811,34.11327744,34.79678726,31.52976799
Sat Dec 02 14:24:25 EST 2017,02-Dec-2017 14:24:25.232,-76.2567869,36.90643449,15.25,3.0,-31.799999237060547,133.6,6.35899973,2.48996973,3.33272886,-0.02583243,-,32.15686417,0.0600054,0.97232407,-0.07809832,0.31392109,46.27450943,47.45098114,-,-,55.40000153,56.71865082,14.64881134,-,1644,-,-104.33070374,36.90643311,-76.25679016,22.74509811,34.11327744,34.79678726,31.52976799
Sat Dec 02 14:24:26 EST 2017,02-Dec-2017 14:24:26.229,-76.25666329,36.90633989,15.25,6.0,-31.799999237060547,133.6,8.96389103,0.80445176,2.71981311,-0.0225997,-,48.23529434,-0.01467989,0.90594047,0.00390492,0.28658667,49.41176605,50.58823776,-,-,55.40000153,56.68515778,14.64881134,-,1715,-,-104.33070374,36.90634155,-76.25666046,43.13725662,34.11327744,39.14638519,59.87172699
Sat Dec 02 14:24:27 EST 2017,02-Dec-2017 14:24:27.230,-76.25651853,36.9062268,17.25,3.0,-30.899999618530273,133.7,9.50019264,2.06859016,4.44363832,0.01689712,-,48.23529434,0.15742393,1.04261255,-0.26553428,0.32563588,49.41176605,50.58823776,-,-,55.40000153,56.68515778,14.64881134,-,1715,-,-101.37795258,36.90622711,-76.2565155,43.13725662,38.58715057,39.14638519,59.87172699
Sat Dec 02 14:24:28 EST 2017,02-Dec-2017 14:24:28.236,-76.25637975,36.90610739,18.5,3.0,-30.200000762939453,133.3,9.53849983,-0.9576807,2.18351197,0.00536137,-,48.23529434,-0.01891671,0.89813066,0.09371798,0.28268176,49.41176605,50.58823776,-,-,55.40000153,56.68515778,14.64881134,-,1715,-,-99.08136749,36.90610886,-76.25637817,43.13725662,41.38331985,39.14638519,59.87172699
Sat Dec 02 14:24:29 EST 2017,02-Dec-2017 14:24:29.234,-76.25621716,36.90599546,20.0,3.0,-29.299999237060547,132.5,9.6534214,-0.22984336,2.52827692,-0.00894951,-,47.45098114,-0.06287442,0.88641596,0.11324256,0.18505886,44.70588303,50.58823776,-,-,55.40000153,56.68515778,14.64881134,-,2645,-,-96.1286087,36.90599442,-76.25621796,43.52941132,44.73872757,39.14638519,59.87172699
Sat Dec 02 14:24:30 EST 2017,02-Dec-2017 14:24:30.230,-76.25604368,36.90587032,20.75,3.0,-29.5,132.4,9.00219822,0.65122288,4.21379519,0.01518932,-,36.07843018,0.01573018,0.91765523,0.06638357,0.32954079,44.70588303,50.58823776,-,-,55.40000153,56.6763382,14.64881134,-,2645,-,-96.78477478,36.90586853,-76.25604248,32.54901886,46.41642761,46.60284042,-
Sat Dec 02 14:24:31 EST 2017,02-Dec-2017 14:24:31.227,-76.25587621,36.90573747,20.75,3.0,-29.200000762939453,133.0,8.42759037,-0.76614451,3.06457806,-0.01095049,-,33.72549057,0.02795253,0.97232407,0.0741934,0.22410804,41.96078491,42.35294342,-,-,55.40000153,56.66416931,14.64881134,-,2235,-,-95.80052948,36.90573883,-76.25587463,33.72549057,46.41642761,49.70969391,149.29371643
Sat Dec 02 14:24:32 EST 2017,02-Dec-2017 14:24:32.232,-76.25567845,36.90559232,22.25,3.0,-29.399999618530273,132.9,9.19373417,0.45968673,3.37103605,0.00612852,-,39.60784531,0.0140764,0.95670444,0.04685899,0.23191786,43.92156982,43.92156982,-,-,55.40000153,56.65918732,14.64881134,-,2220,-,-96.45669556,36.90559387,-76.25567627,34.11764908,49.77183151,50.95243835,81.80110931
Sat Dec 02 14:24:33 EST 2017,02-Dec-2017 14:24:33.228,-76.25548676,36.90545124,23.25,3.0,-29.200000762939453,133.2,8.42759037,0.76614451,3.56257224,-0.0379972,-,39.60784531,-0.01887004,0.87860614,-0.0741934,0.32954079,43.92156982,43.92156982,-,-,55.40000153,56.65918732,14.64881134,-,2220,-,-95.80052948,36.90545273,-76.25548553,34.11764908,52.00876617,50.95243835,81.80110931
Sat Dec 02 14:24:34 EST 2017,02-Dec-2017 14:24:34.231,-76.25528178,36.90530618,24.25,3.0,-27.700000762939453,132.9,8.27436066,-0.34476504,3.63918662,-0.06295496,-,24.70588303,-0.11906485,0.8083176,-0.08200324,0.23972771,33.72549057,34.50980377,-,-,55.40000153,56.65691757,14.64881134,-,2057,-,-90.87926483,36.90530777,-76.25527954,16.47058868,54.24570084,54.05929184,118.65300751
Sat Dec 02 14:24:35 EST 2017,02-Dec-2017 14:24:35.229,-76.25508576,36.90516211,24.5,3.0,-27.200000762939453,132.0,4.67348194,2.68150592,3.02627087,-0.01866711,-,23.13725471,0.14091258,1.01137328,-0.19915071,0.38811451,32.15686417,32.54901886,-,-,55.40000153,56.65519714,14.64881134,-,1932,-,-89.23884583,36.90516281,-76.25508881,14.50980377,54.80493546,54.68066406,118.65300751
Sat Dec 02 14:24:36 EST 2017,02-Dec-2017 14:24:36.230,-76.25486893,36.90500972,24.75,3.0,-26.100000381469727,130.4,9.76834297,-0.9576807,4.25210238,-0.00643416,-,22.74509811,-0.09341332,0.81222248,-0.05466883,0.29830143,31.76470566,31.76470566,-,-,55.40000153,56.65284348,14.64881134,-,1922,-,-85.62992096,36.90501022,-76.25486755,12.54901981,55.36417389,55.30203629,72.34325409
Sat Dec 02 14:24:37 EST 2017,02-Dec-2017 14:24:37.229,-76.25464504,36.90486708,25.0,3.0,-25.799999237060547,129.1,9.50019264,1.72382522,3.44765043,0.01854772,-,19.6078434,-0.04915103,0.89813066,-0.09371798,0.19677362,29.41176605,29.80392265,-,-,55.40000153,56.65167236,14.64881134,-,1925,-,-84.64566803,36.90486526,-76.2546463,10.58823586,55.92340851,55.30203629,72.34325409
Sat Dec 02 14:24:38 EST 2017,02-Dec-2017 14:24:38.232,-76.25441733,36.90472294,25.0,3.0,-25.399999618530273,127.3,9.46188545,-0.15322891,3.25611424,0.00280998,-,19.6078434,-0.05959921,0.78879303,-0.12495731,0.39592433,28.23529434,28.62745094,-,-,55.40000153,56.65103531,14.64881134,-,1935,-,-83.33333588,36.90472412,-76.25441742,10.58823586,55.92340851,55.92340851,52.85161972
Sat Dec 02 14:24:39 EST 2017,02-Dec-2017 14:24:39.229,-76.25418423,36.90458915,25.25,3.0,-25.399999618530273,125.8,9.27034855,-0.57460839,3.67749381,0.03731483,-,19.6078434,0.07768618,0.98403883,-0.06638357,0.3334457,28.23529434,28.23529434,-,-,55.40000153,56.65031433,14.64881134,-,1953,-,-83.33333588,36.90459061,-76.25418091,10.58823586,56.48263931,56.54477692,42.98212814
Sat Dec 02 14:24:40 EST 2017,02-Dec-2017 14:24:40.232,-76.25394685,36.90445698,25.75,3.0,-25.399999618530273,124.4,9.42357826,-1.41736746,4.8267107,0.03545621,-,19.2156868,-0.01529953,0.82393724,0.08981306,0.4310686,25.88235283,25.88235283,-,-,55.40000153,56.65067291,14.64881134,-,1972,-,-83.33333588,36.90445709,-76.2539444,7.84313726,57.60110855,57.16614914,45.35752106
Sat Dec 02 14:24:41 EST 2017,02-Dec-2017 14:24:41.230,-76.25370895,36.9043261,25.75,5.0,-25.5,124.4,8.77235508,0.19153613,4.48194551,0.06174717,-,17.25490189,0.03161986,0.90984541,-0.03514424,0.3842096,25.88235283,26.27450943,-,-,55.40000153,56.65111542,14.64881134,-,1985,-,-83.6614151,36.90432739,-76.25370789,8.23529434,57.60110855,57.16614914,45.35752106
Sat Dec 02 14:24:42 EST 2017,02-Dec-2017 14:24:42.231,-76.25345476,36.90420883,26.25,3.0,-25.5,121.2,8.08282471,-0.8810662,4.13718033,-0.04950117,-,18.8235302,-0.10703945,0.81222248,-0.08981306,0.25925228,27.45098114,27.45098114,-,-,55.40000153,56.65209961,14.64881134,-,2007,-,-83.6614151,36.90420914,-76.25345612,9.4117651,58.71957779,57.78752136,38.64877319
Sat Dec 02 14:24:43 EST 2017,02-Dec-2017 14:24:43.228,-76.25320348,36.90408668,26.25,5.0,-25.5,121.2,9.30865574,-0.5363012,4.63517427,0.09265471,-,19.2156868,0.04650327,0.92936999,0,0.38030469,27.45098114,27.45098114,-,-,55.40000153,56.65556335,14.64881134,-,2017,-,-83.6614151,36.90408707,-76.25320435,9.8039217,58.71957779,58.40889359,38.64877319
Sat Dec 02 14:24:44 EST 2017,02-Dec-2017 14:24:44.230,-76.25293963,36.90398658,26.25,3.0,-26.799999237060547,117.4,8.23605347,-0.38307226,4.5202527,0.00191548,-,19.2156868,0.03456641,0.9371798,-0.00390492,0.33735061,27.45098114,27.45098114,-,-,55.40000153,56.65707397,14.64881134,-,2020,-,-87.92650604,36.90398788,-76.25293732,10.1960783,58.71957779,58.40889359,49.63462448
Sat Dec 02 14:24:45 EST 2017,02-Dec-2017 14:24:45.233,-76.25267213,36.9038885,26.25,3.0,-27.899999618530273,115.5,7.96790314,-0.61291564,4.59686708,-0.02059097,-,19.2156868,-0.12887998,0.79660285,-0.01561966,0.25144243,27.45098114,27.45098114,-,-,55.40000153,56.65857697,14.64881134,-,2022,-,-91.53543091,36.9038887,-76.25267029,10.1960783,58.71957779,58.40889359,49.63462448
Sat Dec 02 14:24:46 EST 2017,02-Dec-2017 14:24:46.231,-76.25240728,36.9037898,26.25,3.0,-28.299999237060547,114.1,8.08282471,-0.57460839,4.48194551,-0.01783977,-,19.2156868,-0.02997501,0.87860614,0.01561966,0.31001619,27.45098114,27.45098114,-,-,55.40000153,56.66158295,14.64881134,-,2027,-,-92.84776306,36.90378952,-76.25241089,10.1960783,58.71957779,58.40889359,49.63462448
Sat Dec 02 14:24:47 EST 2017,02-Dec-2017 14:24:47.227,-76.2521386,36.90370415,26.0,3.0,-30.200000762939453,112.3,9.19373417,-0.8810662,4.36702394,0.03780628,-,18.8235302,0.00576646,0.89813066,-0.05076391,0.34906533,27.45098114,27.45098114,-,-,55.40000153,56.66308212,14.64881134,-,2024,-,-99.08136749,36.9037056,-76.25213623,9.8039217,58.16034317,58.40889359,-
Sat Dec 02 14:24:48 EST 2017,02-Dec-2017 14:24:48.233,-76.25186426,36.90362077,26.25,3.0,-30.100000381469727,110.3,9.19373417,-1.34075296,5.40131903,0.00028403,-,18.8235302,0.01352703,0.95279956,-0.10543273,0.22801295,27.45098114,27.45098114,-,-,55.40000153,56.66308212,14.64881134,-,2024,-,-98.75328064,36.90362167,-76.25186157,9.8039217,58.71957779,58.40889359,-
Sat Dec 02 14:24:49 EST 2017,02-Dec-2017 14:24:49.230,-76.2515947,36.90354718,26.0,3.0,-31.200000762939453,108.7,9.42357826,-0.84275901,4.29040956,-0.01447734,-,18.8235302,-0.00481046,0.90984541,0.01171475,0.30220634,27.45098114,27.45098114,-,-,55.40000153,56.66308212,14.64881134,-,2024,-,-102.36220551,36.90354538,-76.25159454,9.8039217,58.16034317,58.40889359,-
Sat Dec 02 14:24:50 EST 2017,02-Dec-2017 14:24:50.227,-76.2513201,36.90347841,25.75,3.0,-32.0,106.8,8.54251194,0.57460839,4.09887314,-0.03744819,-,18.8235302,-0.03653312,0.87079626,0.03514424,0.31001619,27.45098114,27.45098114,-,-,55.40000153,56.66405106,14.64881134,-,2001,-,-104.98687744,36.90347672,-76.25131989,9.8039217,57.60110855,57.78752136,-
Sat Dec 02 14:24:51 EST 2017,02-Dec-2017 14:24:51.230,-76.25105463,36.90341288,25.75,3.0,-32.70000076293945,105.1,8.23605347,-0.34476504,3.48595762,-0.02521058,-,18.8235302,-0.06470795,0.85127175,-0.00780983,0.28658667,27.05882454,27.45098114,-,-,55.40000153,56.66447449,14.64881134,-,1987,-,-107.28347015,36.90341187,-76.25105286,9.8039217,57.60110855,57.16614914,-
Sat Dec 02 14:24:52 EST 2017,02-Dec-2017 14:24:52.228,-76.250771,36.90335509,25.5,3.0,-32.29999923706055,103.4,9.34696388,-0.57460839,3.79241538,0.01529596,-,19.6078434,0.01696876,0.88641596,-0.04295408,0.39592433,28.23529434,28.62745094,-,-,55.40000153,56.66447449,14.64881134,-,1974,-,-105.97112274,36.90335464,-76.25077057,9.8039217,57.04187393,57.16614914,-
Sat Dec 02 14:24:53 EST 2017,02-Dec-2017 14:24:53.232,-76.25049388,36.90331004,25.5,3.0,-32.599998474121094,101.9,9.73003578,-0.22984336,4.8267107,-0.00924752,-,19.6078434,-0.03551211,0.86689138,-0.01561966,0.32173091,28.23529434,28.62745094,-,-,55.40000153,56.66490555,14.64881134,-,1974,-,-106.95537567,36.90330887,-76.25049591,9.8039217,57.04187393,57.16614914,-
Sat Dec 02 14:24:54 EST 2017,02-Dec-2017 14:24:54.229,-76.25021505,36.90326297,25.5,5.0,-32.400001525878906,101.9,8.84896946,-0.22984336,4.32871675,-0.0054436,-,19.6078434,0.04508797,0.97232407,-0.05076391,0.27877685,28.23529434,28.62745094,-,-,55.40000153,56.66490555,14.64881134,-,1974,-,-106.29921722,36.90326309,-76.25021362,9.8039217,57.04187393,57.16614914,-
Sat Dec 02 14:24:55 EST 2017,02-Dec-2017 14:24:55.227,-76.24992811,36.90323199,25.5,3.0,-33.20000076293945,99.0,8.84896946,-0.38307226,3.86903,-0.00536634,-,19.6078434,-0.02502473,0.90203559,-0.03904916,0.26706213,28.23529434,28.62745094,-,-,55.40000153,56.66490555,14.64881134,-,1974,-,-108.92388916,36.90323257,-76.24993134,12.94117641,57.04187393,57.16614914,-
Sat Dec 02 14:24:56 EST 2017,02-Dec-2017 14:24:56.226,-76.24964098,36.90319773,25.5,3.0,-34.0,98.2,8.31266785,0.03830723,4.48194551,-0.00061231,-,21.56862831,0.033932,0.93327487,-0.05076391,0.34125552,30.98039246,31.37254906,-,-,55.40000153,56.66533279,14.64881134,-,1970,-,-111.54855347,36.90319824,-76.24964142,13.33333397,57.04187393,57.16614914,-
Sat Dec 02 14:24:57 EST 2017,02-Dec-2017 14:24:57.235,-76.24935504,36.90317165,25.5,3.0,-35.099998474121094,95.5,8.77235508,-0.11492168,4.48194551,-0.01250858,-,21.96078491,-0.00842015,0.8747012,0.03904916,0.364685,31.76470566,31.76470566,-,-,55.40000153,56.66576004,14.64881134,-,1976,-,-115.15747833,36.90317154,-76.2493515,13.33333397,57.04187393,57.16614914,-
Sat Dec 02 14:24:58 EST 2017,02-Dec-2017 14:24:58.228,-76.2490737,36.90315497,25.5,3.0,-34.79999923706055,93.4,9.0788126,-0.57460839,4.13718033,0.02669982,-,21.96078491,-0.0578646,0.85517663,-0.01171475,0.29439652,31.76470566,31.76470566,-,-,55.40000153,56.66618729,14.64881134,-,1978,-,-114.1732254,36.90315628,-76.24907684,13.72549057,57.04187393,57.16614914,-
Sat Dec 02 14:24:59 EST 2017,02-Dec-2017 14:24:59.233,-76.24878594,36.90314071,25.5,3.0,-35.20000076293945,91.3,8.6957407,-0.57460839,3.715801,-0.01909455,-,21.96078491,-0.02392981,0.89032084,-0.02733441,0.29830143,31.76470566,31.76470566,-,-,55.40000153,56.66618729,14.64881134,-,1978,-,-115.48556519,36.90314102,-76.24878693,13.72549057,57.04187393,57.16614914,-
Sat Dec 02 14:25:00 EST 2017,02-Dec-2017 14:25:00.227,-76.24849828,36.90313691,25.75,3.0,-35.099998474121094,90.0,8.65743351,0.76614451,4.40533113,-0.01026803,-,21.96078491,-0.00639097,0.88251102,0.07809832,0.34906533,31.76470566,31.76470566,-,-,55.40000153,56.66618729,14.64881134,-,1978,-,-115.15747833,36.90313721,-76.24849701,13.72549057,57.60110855,57.16614914,-
Sat Dec 02 14:25:01 EST 2017,02-Dec-2017 14:25:01.233,-76.24820998,36.90314217,25.75,3.0,-35.70000076293945,89.9,8.00621033,0.99598789,4.06056595,-0.00319705,-,22.35294151,-0.07374913,0.81612742,0.00390492,0.33735061,31.37254906,31.76470566,-,-,55.40000153,56.66618729,14.64881134,-,1978,-,-117.12598419,36.90314102,-76.24820709,13.72549057,57.60110855,57.16614914,-
Sat Dec 02 14:25:02 EST 2017,02-Dec-2017 14:25:02.232,-76.24791934,36.9031431,25.75,3.0,-35.5,89.3,7.92959595,-0.03830723,4.13718033,-0.01363381,-,21.96078491,-0.06646346,0.82393724,0.02733441,0.33735061,30.98039246,30.98039246,-,-,55.40000153,56.66809845,14.64881134,-,1997,-,-116.46981812,36.90314484,-76.24791718,13.33333397,57.60110855,57.78752136,-
Sat Dec 02 14:25:03 EST 2017,02-Dec-2017 14:25:03.232,-76.24762712,36.90314487,26.0,3.0,-36.400001525878906,89.4,9.69172859,0.57460839,4.21379519,0.04432249,-,21.56862831,0.06737166,0.97622901,0.03123933,0.32954079,30.19607925,30.58823586,-,-,55.40000153,56.66809845,14.64881134,-,2008,-,-119.4225769,36.90314484,-76.24762726,12.54901981,58.16034317,57.78752136,-
Sat Dec 02 14:25:04 EST 2017,02-Dec-2017 14:25:04.231,-76.24733258,36.90315072,26.0,3.0,-35.79999923706055,89.1,8.54251194,0.22984336,3.98395157,0.00730777,-,21.56862831,0.05868749,0.96060938,-0.05076391,0.34125552,30.19607925,30.58823586,-,-,55.40000153,56.66905212,14.64881134,-,2008,-,-117.45406342,36.90315247,-76.24732971,12.54901981,58.16034317,57.78752136,-
Sat Dec 02 14:25:05 EST 2017,02-Dec-2017 14:25:05.231,-76.24705308,36.90315799,26.0,3.0,-37.20000076293945,89.2,9.0788126,-0.07661445,4.09887314,-0.01527215,-,21.56862831,-0.00494846,0.90984541,0.05466883,0.29830143,30.19607925,30.58823586,-,-,55.40000153,56.66905212,14.64881134,-,2008,-,-122.04724884,36.90315628,-76.24705505,12.54901981,58.16034317,57.78752136,-
Sat Dec 02 14:25:06 EST 2017,02-Dec-2017 14:25:06.230,-76.24676293,36.90316272,26.0,3.0,-37.400001525878906,89.3,9.73003578,-0.65122288,3.86903,0.03512098,-,21.56862831,-0.02318753,0.89032084,0.04685899,0.29830143,30.19607925,30.58823586,-,-,55.40000153,56.66905212,14.64881134,-,2008,-,-122.70341492,36.90316391,-76.24676514,12.54901981,58.16034317,57.78752136,-
Sat Dec 02 14:25:07 EST 2017,02-Dec-2017 14:25:07.226,-76.24646758,36.90317094,26.0,3.0,-37.20000076293945,89.1,8.31266785,0.76614451,3.715801,0.00198823,-,21.56862831,-0.02841112,0.8747012,-0.01952458,0.32173091,30.58823586,32.54901886,-,-,55.40000153,56.67052841,14.64881134,-,2023,-,-122.04724884,36.90317154,-76.24646759,14.50980377,58.16034317,58.40889359,-
Sat Dec 02 14:25:08 EST 2017,02-Dec-2017 14:25:08.232,-76.2461729,36.90317726,26.25,3.0,-37.29999923706055,89.3,8.15943909,-0.38307226,3.86903,-0.01837859,-,23.13725471,-0.07180732,0.83955687,-0.0234295,0.29439652,32.54901886,32.54901886,-,-,55.40000153,56.67401123,14.64881134,-,2032,-,-122.37532806,36.90317535,-76.24617004,14.90196133,58.71957779,59.03026199,41.15042877
Sat Dec 02 14:25:09 EST 2017,02-Dec-2017 14:25:09.231,-76.24587746,36.90318414,26.25,3.0,-38.29999923706055,89.3,9.00219822,0.11492168,4.06056595,0.02905209,-,23.52941132,-0.02400798,0.89422578,-0.1210524,0.27096704,32.54901886,32.54901886,-,-,55.40000153,56.67601013,14.64881134,-,2046,-,-125.65616608,36.90318298,-76.24588013,14.90196133,58.71957779,59.03026199,41.15042877
Sat Dec 02 14:25:10 EST 2017,02-Dec-2017 14:25:10.240,-76.24558722,36.90319032,26.5,3.0,-38.900001525878906,89.2,9.6534214,0.65122288,4.25210238,0.01834367,-,23.13725471,-0.06535269,0.83174706,0,0.32563588,32.54901886,32.54901886,-,-,55.40000153,56.67999649,14.64881134,-,2051,-,-127.62467957,36.90319061,-76.24559021,14.50980377,59.27880859,59.03026199,41.15042877
Sat Dec 02 14:25:11 EST 2017,02-Dec-2017 14:25:11.227,-76.24529667,36.90318985,26.5,3.0,-37.29999923706055,89.0,8.81066227,0.2681506,3.56257224,0.01256313,-,23.52941132,0.04081595,0.95670444,0.0741934,0.30220634,32.54901886,32.54901886,-,-,55.40000153,56.68198395,14.64881134,-,2055,-,-122.37532806,36.90319061,-76.24530029,14.50980377,59.27880859,59.03026199,-
Sat Dec 02 14:25:12 EST 2017,02-Dec-2017 14:25:12.230,-76.24499519,36.90319585,26.75,3.0,-37.0,89.1,8.65743351,0.30645782,3.79241538,0.01256159,-,23.52941132,-0.02944032,0.88251102,0.02733441,0.30220634,32.54901886,32.54901886,-,-,55.40000153,56.68198395,14.64881134,-,2055,-,-121.39107513,36.90319443,-76.24499512,14.50980377,59.83804321,59.03026199,-
Sat Dec 02 14:25:13 EST 2017,02-Dec-2017 14:25:13.231,-76.24469606,36.90320038,26.5,3.0,-36.79999923706055,89.0,9.04050541,0.45968673,4.29040956,-0.00302831,-,23.52941132,-0.04467632,0.83955687,0.0741934,0.34906533,32.54901886,32.94117737,-,-,55.40000153,56.68397141,14.64881134,-,2056,-,-120.73490906,36.90320206,-76.24469757,14.90196133,59.27880859,59.03026199,-
Sat Dec 02 14:25:14 EST 2017,02-Dec-2017 14:25:14.230,-76.24439732,36.90320387,26.5,3.0,-35.29999923706055,89.6,8.31266785,0.30645782,3.75410819,0.00590332,-,23.52941132,-0.04769177,0.85908157,0.01171475,0.31001619,32.54901886,32.94117737,-,-,55.40000153,56.68397141,14.64881134,-,2056,-,-115.81364441,36.90320206,-76.24440002,14.90196133,59.27880859,59.03026199,-
Sat Dec 02 14:25:15 EST 2017,02-Dec-2017 14:25:15.229,-76.24410154,36.90320829,26.5,3.0,-35.0,89.1,9.19373417,0.65122288,3.33272886,-0.01761861,-,23.52941132,-0.01073109,0.88251102,0.1210524,0.32954079,32.54901886,33.33333206,-,-,55.40000153,56.68397141,14.64881134,-,2056,-,-114.82939911,36.90320969,-76.24410248,14.90196133,59.27880859,59.03026199,-
Sat Dec 02 14:25:16 EST 2017,02-Dec-2017 14:25:16.226,-76.24380135,36.90320806,26.25,3.0,-34.70000076293945,89.2,10.57279491,0.19153613,3.02627087,0.14020735,-,24.31372643,0.08915049,0.99184865,-0.00390492,0.34906533,33.72549057,33.72549057,-,-,55.40000153,56.68595123,14.64881134,-,2039,-,-113.84514618,36.90320969,-76.24380493,15.68627453,58.71957779,59.03026199,-
Sat Dec 02 14:25:17 EST 2017,02-Dec-2017 14:25:17.229,-76.24350137,36.90321107,26.25,3.0,-34.29999923706055,89.5,7.54652357,-0.45968673,3.52426481,0.03420952,-,25.09803963,-0.02576841,0.90984541,0.05076391,0.24363261,34.50980377,34.50980377,-,-,55.40000153,56.68885803,14.64881134,-,2029,-,-112.5328064,36.90320969,-76.24349976,16.86274529,58.71957779,58.40889359,-
Sat Dec 02 14:25:18 EST 2017,02-Dec-2017 14:25:18.230,-76.24320934,36.90321288,26.25,3.0,-33.29999923706055,89.4,10.07480049,-0.03830723,4.75009632,-0.01028948,-,23.92156982,0.0047115,0.89422578,0.01952458,0.35687518,33.33333206,33.72549057,-,-,55.40000153,56.69030762,14.64881134,-,2037,-,-109.25196838,36.9032135,-76.24320984,15.68627453,58.71957779,58.40889359,-
Sat Dec 02 14:25:19 EST 2017,02-Dec-2017 14:25:19.231,-76.24291259,36.90321443,26.25,3.0,-32.599998474121094,89.3,7.73806,-0.42137951,4.02225876,-0.00539514,-,23.92156982,0.01664618,0.95279956,0.03904916,0.25144243,33.33333206,33.72549057,-,-,55.40000153,56.69175339,14.64881134,-,2037,-,-106.95537567,36.9032135,-76.24291229,15.68627453,58.71957779,58.40889359,-
Sat Dec 02 14:25:20 EST 2017,02-Dec-2017 14:25:20.226,-76.24261694,36.90321763,26.25,3.0,-32.400001525878906,89.3,8.00621033,0.15322891,4.63517427,-0.03783548,-,23.92156982,-0.14281173,0.78488815,0.01171475,0.24363261,33.33333206,33.72549057,-,-,55.40000153,56.69175339,14.64881134,-,2037,-,-106.29921722,36.90321732,-76.24261475,15.68627453,58.71957779,58.40889359,-
Sat Dec 02 14:25:21 EST 2017,02-Dec-2017 14:25:21.229,-76.24232482,36.90321979,26.25,3.0,-32.29999923706055,89.2,7.81467438,0.11492168,4.06056595,0.0314789,-,23.92156982,0.02497201,0.91765523,0.05076391,0.35297027,33.33333206,33.72549057,-,-,55.40000153,56.69175339,14.64881134,-,2037,-,-105.97112274,36.90322113,-76.24232483,15.68627453,58.71957779,58.40889359,-
Sat Dec 02 14:25:22 EST 2017,02-Dec-2017 14:25:22.227,-76.24202624,36.90321602,26.0,3.0,-31.899999618530273,89.5,8.92558384,1.07260239,4.25210238,-0.01540297,-,23.92156982,0.00667632,0.89422578,-0.02733441,0.36078009,27.05882454,27.45098114,-,-,55.40000153,56.69267273,14.64881134,-,2010,-,-104.65879059,36.90321732,-76.24202728,15.68627453,58.16034317,57.78752136,-
Sat Dec 02 14:25:23 EST 2017,02-Dec-2017 14:25:23.230,-76.24172571,36.90321926,26.0,3.0,-31.600000381469727,89.3,8.08282471,0.9576807,4.5202527,-0.02942748,-,19.2156868,-0.0993065,0.76926845,0.05466883,0.364685,27.84313774,27.45098114,-,-,55.40000153,56.69359207,14.64881134,-,2002,-,-103.67454529,36.90322113,-76.24172211,10.1960783,58.16034317,57.78752136,-
Sat Dec 02 14:25:24 EST 2017,02-Dec-2017 14:25:24.231,-76.24143718,36.9032207,25.75,3.0,-31.299999237060547,89.7,8.61912632,0.65122288,4.8267107,0.01602152,-,19.2156868,0.06056659,0.9488945,-0.01952458,0.37249482,27.84313774,28.62745094,-,-,55.40000153,56.69359207,14.64881134,-,1992,-,-102.69028473,36.90322113,-76.24143982,10.1960783,57.60110855,57.78752136,-
Sat Dec 02 14:25:25 EST 2017,02-Dec-2017 14:25:25.236,-76.24114915,36.90321587,25.75,3.0,-30.600000381469727,91.6,8.46589756,1.30244577,4.21379519,-0.00792342,-,19.2156868,-0.06847602,0.85908157,-0.00780983,0.25925228,27.84313774,28.62745094,-,-,55.40000153,56.69359207,14.64881134,-,1992,-,-100.39369965,36.90321732,-76.2411499,10.1960783,57.60110855,57.78752136,-
Sat Dec 02 14:25:26 EST 2017,02-Dec-2017 14:25:26.227,-76.24086354,36.90320721,25.5,3.0,-30.299999237060547,92.7,4.67348194,2.68150592,4.44363832,0.06810054,-,19.2156868,0.54267204,1.40576971,0.04295408,0.53259641,27.84313774,28.62745094,-,-,55.40000153,56.69359207,14.64881134,-,1992,-,-99.40944672,36.90320587,-76.24085999,10.1960783,57.04187393,57.78752136,-
Sat Dec 02 14:25:27 EST 2017,02-Dec-2017 14:25:27.233,-76.24058421,36.90318933,25.5,3.0,-29.899999618530273,94.5,10.0364933,1.53228903,4.5202527,-0.01022397,-,21.96078491,0.07430398,0.90984541,0.18743597,0.43887842,30.98039246,31.76470566,-,-,55.40000153,56.69478226,14.64881134,-,2007,-,-98.09711456,36.90319061,-76.24058533,13.33333397,57.04187393,57.16614914,-
Sat Dec 02 14:25:28 EST 2017,02-Dec-2017 14:25:28.233,-76.240298,36.90317108,25.5,5.0,-29.799999237060547,94.5,8.00621033,0.15322891,3.75410819,0.01165748,-,21.96078491,0.07088973,0.99965847,0.15229172,0.25144243,30.98039246,30.98039246,-,-,55.40000153,56.69478226,14.64881134,-,1988,-,-97.76902771,36.90317154,-76.24029541,13.33333397,57.04187393,57.16614914,-
Sat Dec 02 14:25:29 EST 2017,02-Dec-2017 14:25:29.234,-76.23999915,36.90314039,26.25,4.0,-30.0,96.3,10.07480049,-0.03830723,4.67348194,0.05486315,-,21.96078491,-0.20898677,0.64431113,0.16010156,0.32954079,30.98039246,30.98039246,-,-,55.40000153,56.69517517,14.64881134,-,1988,-,-98.42519379,36.90314102,-76.23999786,11.76470566,58.71957779,57.16614914,-
Sat Dec 02 14:25:30 EST 2017,02-Dec-2017 14:25:30.234,-76.2397409,36.90309628,25.75,3.0,-29.200000762939453,102.9,8.65743351,0.72783732,4.59686708,-0.03484257,-,20.7843132,0.00657781,0.90594047,0.06247865,0.3334457,29.01960754,29.01960754,-,-,55.40000153,56.69517517,14.64881134,-,1988,-,-95.80052948,36.90309525,-76.23973846,11.76470566,57.60110855,57.16614914,-
Sat Dec 02 14:25:31 EST 2017,02-Dec-2017 14:25:31.228,-76.23944595,36.90303858,25.75,3.0,-28.700000762939453,105.7,7.31668043,0.99598789,3.40934324,-0.08633962,-,20,-0.19189703,0.76926845,0.04685899,0.1421048,28.62745094,28.62745094,-,-,55.40000153,56.69648361,14.64881134,-,1998,-,-94.16011047,36.90303802,-76.23944855,10.98039246,57.60110855,57.16614914,34.10733414
Sat Dec 02 14:25:32 EST 2017,02-Dec-2017 14:25:32.233,-76.23917363,36.90296532,26.0,3.0,-29.200000762939453,108.6,7.66144562,0.91937345,3.86903,-0.06433939,-,17.64705849,-0.12499128,0.77707827,0.09371798,0.29049161,25.88235283,26.27450943,-,-,55.40000153,56.69830704,14.64881134,-,2004,-,-95.80052948,36.90296555,-76.23917389,8.23529434,58.16034317,57.78752136,34.10733414
Sat Dec 02 14:25:33 EST 2017,02-Dec-2017 14:25:33.233,-76.23890366,36.90288262,26.0,3.0,-29.200000762939453,110.8,8.38928318,0.80445176,4.25210238,-0.05532902,-,17.64705849,-0.07401275,0.82784218,0.05857374,0.31001619,25.49019623,25.09803963,-,-,55.40000153,56.69830704,14.64881134,-,2004,-,-95.80052948,36.90288162,-76.23890686,8.23529434,58.16034317,57.78752136,34.10733414
Sat Dec 02 14:25:34 EST 2017,02-Dec-2017 14:25:34.227,-76.2386297,36.90279922,26.0,5.0,-29.5,110.8,8.00621033,1.45567465,4.36702394,0.01400428,-,17.64705849,-0.03626387,0.85127175,0.09371798,0.34125552,25.49019623,25.09803963,-,-,55.40000153,56.69921494,14.64881134,-,1999,-,-96.78477478,36.9027977,-76.2386322,7.05882359,58.16034317,57.78752136,-
Sat Dec 02 14:25:35 EST 2017,02-Dec-2017 14:25:35.233,-76.23836267,36.9026954,25.75,3.0,-30.700000762939453,115.1,7.92959595,1.37906015,4.71178913,-0.04344869,-,16.86274529,-0.12177978,0.79269797,0.04295408,0.27487195,23.13725471,23.52941132,-,-,55.40000153,56.69999313,14.64881134,-,1992,-,-100.7217865,36.9026947,-76.23836517,7.05882359,57.60110855,57.16614914,-
Sat Dec 02 14:25:36 EST 2017,02-Dec-2017 14:25:36.228,-76.23810767,36.90258979,25.75,3.0,-31.799999237060547,118.2,9.11711979,0.38307226,4.21379519,0.02373124,-,16.47058868,0.02492736,0.92936999,0.03904916,0.32954079,23.13725471,23.52941132,-,-,55.40000153,56.69999313,14.64881134,-,1992,-,-104.33070374,36.90258789,-76.23810577,7.05882359,57.60110855,57.16614914,-
Sat Dec 02 14:25:37 EST 2017,02-Dec-2017 14:25:37.232,-76.23785923,36.90247053,25.75,3.0,-32.599998474121094,121.4,8.00621033,1.26413846,4.175488,-0.00323273,-,16.47058868,0.00879615,0.92546505,0.07028849,0.29439652,23.13725471,25.09803963,-,-,55.40000153,56.70038223,14.64881134,-,1987,-,-106.95537567,36.90246964,-76.23786163,7.45098066,57.60110855,57.16614914,-
Sat Dec 02 14:25:38 EST 2017,02-Dec-2017 14:25:38.231,-76.23761087,36.90234626,25.75,3.0,-33.400001525878906,122.9,8.96389103,0.68953007,4.29040956,0.02392839,-,17.25490189,-0.02546304,0.82784218,0.2186753,0.364685,25.88235283,25.88235283,-,-,55.40000153,56.70115662,14.64881134,-,1986,-,-109.58005524,36.90234756,-76.23760986,7.45098066,57.60110855,57.16614914,-
Sat Dec 02 14:25:39 EST 2017,02-Dec-2017 14:25:39.227,-76.23737553,36.90221384,25.75,3.0,-34.099998474121094,125.6,8.84896946,1.83874691,4.40533113,0.03710242,-,18.03921509,0.01509151,0.90594047,0.01561966,0.35687518,26.66666794,27.05882454,-,-,55.40000153,56.70153809,14.64881134,-,1999,-,-111.87663269,36.90221405,-76.23737335,8.62745094,57.60110855,57.16614914,-
Sat Dec 02 14:25:40 EST 2017,02-Dec-2017 14:25:40.233,-76.23714642,36.90207404,25.75,3.0,-34.70000076293945,127.6,8.65743351,1.57059634,4.40533113,0.02393334,-,20.3921566,0.01602305,0.88251102,0.1718163,0.37249482,28.62745094,29.01960754,-,-,55.40000153,56.70192337,14.64881134,-,1995,-,-113.84514618,36.90207291,-76.23714447,9.8039217,57.60110855,57.16614914,-
Sat Dec 02 14:25:41 EST 2017,02-Dec-2017 14:25:41.228,-76.23693314,36.90192174,25.75,3.0,-35.29999923706055,131.4,8.6957407,1.53228903,4.63517427,0.06883842,-,20.3921566,0.02734375,0.92546505,0.00780983,0.34516042,28.62745094,29.01960754,-,-,55.40000153,56.70231247,14.64881134,-,1995,-,-115.81364441,36.90192032,-76.23693085,11.76470566,57.60110855,57.16614914,-
Sat Dec 02 14:25:42 EST 2017,02-Dec-2017 14:25:42.230,-76.2367243,36.90176631,25.75,3.0,-34.79999923706055,133.6,8.50420475,0.57460839,4.175488,-0.01347876,-,20.3921566,0.0068582,0.90203559,0.03514424,0.34516042,29.01960754,29.01960754,-,-,55.40000153,56.70231247,14.64881134,-,1995,-,-114.1732254,36.90176773,-76.23672485,11.76470566,57.60110855,57.16614914,-
Sat Dec 02 14:25:43 EST 2017,02-Dec-2017 14:25:43.231,-76.23651683,36.90160249,26.0,3.0,-34.79999923706055,135.9,8.50420475,1.41736746,3.90733719,0.01065873,-,20.3921566,0.02202012,0.92936999,0.0741934,0.317826,29.01960754,29.01960754,-,-,55.40000153,56.70231247,14.64881134,-,1995,-,-114.1732254,36.9016037,-76.23651886,11.76470566,58.16034317,57.16614914,-
Sat Dec 02 14:25:44 EST 2017,02-Dec-2017 14:25:44.234,-76.23632341,36.90142648,25.75,3.0,-34.900001525878906,139.0,8.42759037,0.8810662,3.56257224,0.02589453,-,20.3921566,0.01521927,0.90203559,0.10543273,0.35297027,29.01960754,29.01960754,-,-,55.40000153,56.70231247,14.64881134,-,1995,-,-114.50131989,36.90142822,-76.2363205,11.76470566,57.60110855,57.16614914,-
Sat Dec 02 14:25:45 EST 2017,02-Dec-2017 14:25:45.226,-76.23613591,36.90124213,25.5,3.0,-34.400001525878906,141.8,8.46589756,1.80043972,4.44363832,-0.02100873,-,20.3921566,-0.02867022,0.85127175,0.16400647,0.33735061,29.01960754,29.01960754,-,-,55.40000153,56.70231247,14.64881134,-,1995,-,-112.86090088,36.9012413,-76.23613739,11.76470566,57.04187393,57.16614914,-
Sat Dec 02 14:25:46 EST 2017,02-Dec-2017 14:25:46.227,-76.23596821,36.90104734,25.75,3.0,-34.29999923706055,144.8,8.65743351,1.22583127,4.86501789,0.03899068,-,20.3921566,0.02033912,0.88251102,0.12495731,0.39592433,29.01960754,29.01960754,-,-,55.40000153,56.70231247,14.64881134,-,1995,-,-112.5328064,36.90104675,-76.23596954,11.76470566,57.60110855,57.16614914,-
Sat Dec 02 14:25:47 EST 2017,02-Dec-2017 14:25:47.231,-76.2358153,36.9008546,25.5,3.0,-34.20000076293945,147.5,8.08282471,0.9576807,3.715801,0.00693331,-,20.3921566,-0.01636152,0.86689138,0.11714748,0.34906533,29.01960754,29.01960754,-,-,55.40000153,56.70231247,14.64881134,-,1995,-,-112.20472717,36.90085602,-76.23581696,11.76470566,57.04187393,57.16614914,-
Sat Dec 02 14:25:48 EST 2017,02-Dec-2017 14:25:48.228,-76.23566892,36.90065932,25.5,3.0,-34.79999923706055,149.7,9.00219822,0.76614451,3.75410819,-0.01765633,-,20.7843132,-0.03281843,0.85127175,0.16010156,0.32954079,29.41176605,29.01960754,-,-,55.40000153,56.70231247,14.64881134,-,1976,-,-114.1732254,36.90065765,-76.235672,11.76470566,57.04187393,57.16614914,-
Sat Dec 02 14:25:49 EST 2017,02-Dec-2017 14:25:49.232,-76.2355286,36.9004638,25.5,3.0,-34.79999923706055,152.2,8.50420475,1.57059634,3.83072281,-0.00209452,-,20.7843132,-0.07076395,0.81222248,0.14838681,0.32563588,29.41176605,29.01960754,-,-,55.40000153,56.70231247,14.64881134,-,1976,-,-114.1732254,36.9004631,-76.23552704,11.76470566,57.04187393,57.16614914,-
Sat Dec 02 14:25:50 EST 2017,02-Dec-2017 14:25:50.227,-76.23540375,36.90025485,25.5,3.0,-35.0,154.9,8.77235508,0.91937345,4.13718033,0.01211613,-,20.7843132,-0.02765757,0.8747012,0.04295408,0.32173091,29.41176605,29.01960754,-,-,55.40000153,56.70217896,14.64881134,-,1976,-,-114.82939911,36.9002533,-76.23540497,11.76470566,57.04187393,56.54477692,-
Sat Dec 02 14:25:51 EST 2017,02-Dec-2017 14:25:51.230,-76.23529003,36.90004738,25.25,3.0,-35.400001525878906,157.9,8.61912632,0.91937345,4.44363832,0.00327444,-,20.3921566,0.00733545,0.91375035,0.03514424,0.32173091,29.41176605,29.01960754,-,-,55.40000153,56.70217896,14.64881134,-,1976,-,-116.14173889,36.9000473,-76.23529053,11.76470566,56.48263931,56.54477692,-
Sat Dec 02 14:25:52 EST 2017,02-Dec-2017 14:25:52.227,-76.23518899,36.8998339,25.25,3.0,-35.900001525878906,159.8,8.77235508,0.91937345,4.29040956,-0.00817513,-,20.3921566,-0.04155073,0.85517663,0.0741934,0.32563588,29.41176605,29.01960754,-,-,55.40000153,56.70217896,14.64881134,-,1976,-,-117.7821579,36.89983368,-76.23519135,11.76470566,56.48263931,56.54477692,-
Sat Dec 02 14:25:53 EST 2017,02-Dec-2017 14:25:53.227,-76.23509394,36.89962187,25.25,3.0,-35.400001525878906,161.4,8.50420475,-0.34476504,4.36702394,-0.02245194,-,20.3921566,-0.04821271,0.87079626,0.0234295,0.28268176,29.41176605,29.01960754,-,-,55.40000153,56.70217896,14.64881134,-,1976,-,-116.14173889,36.89962006,-76.23509216,11.76470566,56.48263931,56.54477692,-
Sat Dec 02 14:25:54 EST 2017,02-Dec-2017 14:25:54.232,-76.23500401,36.89940674,25.25,4.0,-35.400001525878906,161.4,8.96389103,-0.11492168,3.60087943,0.00379008,-,21.56862831,-0.04939181,0.83955687,0.10152781,0.3334457,30.98039246,30.98039246,-,-,55.40000153,56.70204926,14.64881134,-,1957,-,-116.14173889,36.89940643,-76.23500061,12.54901981,56.48263931,56.54477692,-
Sat Dec 02 14:25:55 EST 2017,02-Dec-2017 14:25:55.231,-76.23491604,36.89918696,25.5,4.0,-35.099998474121094,162.2,8.31266785,0.22984336,4.36702394,-0.00759049,-,21.96078491,0.0261549,0.95279956,0.03123933,0.27877685,30.98039246,31.37254906,-,-,55.40000153,56.70178986,14.64881134,-,1962,-,-115.15747833,36.89918518,-76.23491669,12.94117641,57.04187393,56.54477692,-
Sat Dec 02 14:25:56 EST 2017,02-Dec-2017 14:25:56.227,-76.23483355,36.89897133,25.25,4.0,-35.599998474121094,162.1,8.23605347,0.61291564,3.715801,-0.01468061,-,21.96078491,0.01299233,0.94108468,-0.04685899,0.27096704,31.37254906,32.15686417,-,-,55.40000153,56.70165634,14.64881134,-,1971,-,-116.79789734,36.89897156,-76.23483276,12.94117641,56.48263931,56.54477692,-
Sat Dec 02 14:25:57 EST 2017,02-Dec-2017 14:25:57.230,-76.23474724,36.89874927,25.5,3.0,-35.0,162.0,8.81066227,0.30645782,3.98395157,0.01343587,-,22.35294151,-0.04335945,0.8747012,0.05466883,0.28268176,31.76470566,32.15686417,-,-,55.40000153,56.70165634,14.64881134,-,1971,-,-114.82939911,36.89875031,-76.23474884,13.72549057,57.04187393,56.54477692,-
Sat Dec 02 14:25:58 EST 2017,02-Dec-2017 14:25:58.229,-76.23465935,36.89852881,25.5,3.0,-34.900001525878906,162.1,8.84896946,0.57460839,3.52426481,-0.00829178,-,22.35294151,0.01385061,0.91375035,0.03123933,0.33735061,31.76470566,32.15686417,-,-,55.40000153,56.70204163,14.64881134,-,1983,-,-114.50131989,36.89852905,-76.23465729,13.72549057,57.04187393,57.16614914,22.32141113
Sat Dec 02 14:25:59 EST 2017,02-Dec-2017 14:25:59.230,-76.23457097,36.89830858,25.75,3.0,-35.0,161.8,8.92558384,0.65122288,4.5202527,-0.00043321,-,22.35294151,0.02371329,0.91765523,0,0.35297027,31.76470566,32.15686417,-,-,55.40000153,56.70204163,14.64881134,-,1983,-,-114.82939911,36.8983078,-76.23457336,13.72549057,57.60110855,57.16614914,22.32141113
Sat Dec 02 14:26:00 EST 2017,02-Dec-2017 14:26:00.243,-76.23447912,36.89808465,25.75,3.0,-35.099998474121094,161.8,8.42759037,1.49398184,4.29040956,0.00119165,-,22.35294151,-0.03547255,0.85908157,-0.01952458,0.33735061,31.76470566,32.15686417,-,-,55.40000153,56.70204163,14.64881134,-,2005,-,-115.15747833,36.89808655,-76.23448181,13.72549057,57.60110855,57.16614914,22.32141113
Sat Dec 02 14:26:01 EST 2017,02-Dec-2017 14:26:01.232,-76.234393,36.89786269,26.0,3.0,-35.099998474121094,161.9,8.81066227,0.65122288,4.13718033,-0.01921263,-,22.74509811,-0.00758952,0.89422578,0.00780983,0.32954079,31.76470566,32.15686417,-,-,55.40000153,56.70434189,14.64881134,-,2021,-,-115.15747833,36.89786148,-76.23439026,14.11764717,58.16034317,58.40889359,-
Sat Dec 02 14:26:02 EST 2017,02-Dec-2017 14:26:02.228,-76.23430186,36.89763465,26.25,3.0,-34.70000076293945,162.2,9.61511421,1.22583127,3.67749381,0.07579035,-,22.74509811,0.19876696,1.07775688,-0.11324256,0.411544,31.76470566,32.15686417,-,-,55.40000153,56.70434189,14.64881134,-,2031,-,-113.84514618,36.89763641,-76.23429871,14.11764717,58.71957779,58.40889359,-
Sat Dec 02 14:26:03 EST 2017,02-Dec-2017 14:26:03.229,-76.23421064,36.89741098,26.5,4.0,-34.79999923706055,162.0,8.35097599,0.42137951,3.56257224,0.01794957,-,22.74509811,-0.03240051,0.88251102,-0.03514424,0.29439652,31.76470566,32.15686417,-,-,55.40000153,56.70434189,14.64881134,-,2031,-,-114.1732254,36.89741135,-76.23420715,14.11764717,59.27880859,58.40889359,-
Sat Dec 02 14:26:03 EST 2017,02-Dec-2017 14:26:04.228,-76.23421064,36.89741098,26.5,4.0,-34.79999923706055,162.0,8.96389103,0.45968673,3.86903,0.03456402,-,22.74509811,0.00265907,0.9371798,-0.00780983,0.25534737,31.76470566,32.15686417,-,-,55.40000153,56.70434189,14.64881134,-,2031,-,-114.1732254,36.89741135,-76.23420715,14.11764717,59.27880859,58.40889359,-
Sat Dec 02 14:26:05 EST 2017,02-Dec-2017 14:26:05.228,-76.23403301,36.89695932,26.25,4.0,-35.70000076293945,162.0,8.15943909,0.45968673,4.40533113,-0.06173977,-,22.74509811,-0.11856269,0.74583894,0.0234295,0.36858991,31.76470566,32.15686417,-,-,55.40000153,56.70434189,14.64881134,-,2031,-,-117.12598419,36.89696121,-76.23403168,14.11764717,58.71957779,58.40889359,-
Sat Dec 02 14:26:06 EST 2017,02-Dec-2017 14:26:06.227,-76.23394527,36.89673052,26.75,3.0,-35.79999923706055,162.0,8.08282471,-0.49799395,3.83072281,-0.06780052,-,22.74509811,-0.0495523,0.90594047,0.02733441,0.18505886,31.76470566,32.15686417,-,-,55.40000153,56.7081604,14.64881134,-,2031,-,-117.45406342,36.89673233,-76.23394775,14.11764717,59.83804321,59.65163422,-
Sat Dec 02 14:26:07 EST 2017,02-Dec-2017 14:26:07.229,-76.2338537,36.89650112,26.75,3.0,-35.79999923706055,162.1,9.00219822,-0.42137951,4.21379519,0.02771069,-,22.74509811,-0.06323276,0.83955687,0.02733441,0.31392109,31.76470566,32.15686417,-,-,55.40000153,56.7081604,14.64881134,-,2031,-,-117.45406342,36.89649963,-76.2338562,14.11764717,59.83804321,59.65163422,-
Sat Dec 02 14:26:08 EST 2017,02-Dec-2017 14:26:08.235,-76.23375986,36.89627088,27.0,3.0,-35.70000076293945,162.0,7.73806,0.30645782,3.21780705,-0.02973145,-,22.74509811,-0.07979832,0.83565199,0.06638357,0.27877685,31.76470566,32.15686417,-,-,55.40000153,56.7081604,14.64881134,-,2031,-,-117.12598419,36.89627075,-76.23375702,14.11764717,60.39727783,59.65163422,-
Sat Dec 02 14:26:09 EST 2017,02-Dec-2017 14:26:09.227,-76.23366721,36.89604095,26.75,3.0,-35.599998474121094,162.6,9.38527107,-0.22984336,3.94564438,0.00165163,-,22.74509811,-0.1006713,0.82003236,0.08200324,0.25925228,31.76470566,32.15686417,-,-,55.40000153,56.7081604,14.64881134,-,2031,-,-116.79789734,36.89604187,-76.23366547,14.11764717,59.83804321,59.65163422,-
Sat Dec 02 14:26:10 EST 2017,02-Dec-2017 14:26:10.227,-76.23357557,36.89580784,27.0,3.0,-36.099998474121094,162.7,8.08282471,-0.22984336,3.37103605,-0.04301803,-,23.13725471,-0.05218887,0.8747012,0.02733441,0.26315722,32.15686417,32.15686417,-,-,55.40000153,56.71159744,14.64881134,-,2031,-,-118.43831635,36.89580917,-76.23357391,14.50980377,60.39727783,60.89437866,-
Sat Dec 02 14:26:11 EST 2017,02-Dec-2017 14:26:11.230,-76.23348511,36.89557946,27.0,3.0,-36.29999923706055,162.1,8.81066227,0.15322891,4.44363832,-0.02559933,-,23.13725471,0.02221415,0.9371798,0.03123933,0.30611128,32.15686417,32.15686417,-,-,55.40000153,56.71503067,14.64881134,-,2109,-,-119.09448242,36.89558029,-76.23348236,14.50980377,60.39727783,60.89437866,-
Sat Dec 02 14:26:12 EST 2017,02-Dec-2017 14:26:12.229,-76.23339522,36.89534582,27.25,3.0,-36.20000076293945,162.3,8.35097599,0.57460839,3.44765043,-0.0050256,-,23.13725471,-0.05593924,0.86689138,-0.03904916,0.27096704,32.15686417,32.15686417,-,-,55.40000153,56.71503067,14.64881134,-,2109,-,-118.7664032,36.8953476,-76.23339844,14.50980377,60.95651245,60.89437866,-
Sat Dec 02 14:26:12 EST 2017,02-Dec-2017 14:26:13.227,-76.23339522,36.89534582,27.25,3.0,-36.20000076293945,162.3,9.6534214,-0.42137951,3.67749381,0.0027689,-,23.13725471,0.00873566,0.91375035,0.02733441,0.32563588,31.76470566,32.15686417,-,-,55.40000153,56.71846008,14.64881134,-,2125,-,-118.7664032,36.8953476,-76.23339844,14.50980377,60.95651245,60.89437866,-
Sat Dec 02 14:26:14 EST 2017,02-Dec-2017 14:26:14.227,-76.23320635,36.89487671,27.5,3.0,-36.20000076293945,162.1,8.77235508,0.03830723,4.29040956,0.0144549,-,22.35294151,-0.08763345,0.82003236,-0.02733441,0.29830143,29.41176605,29.01960754,-,-,55.40000153,56.72580338,14.64881134,-,2112,-,-118.7664032,36.89487839,-76.2332077,10.98039246,61.51574707,60.89437866,-
Sat Dec 02 14:26:15 EST 2017,02-Dec-2017 14:26:15.230,-76.23310982,36.89464374,27.5,3.0,-36.5,161.9,9.04050541,0.30645782,4.59686708,-0.00672238,-,20,-0.02542388,0.87079626,0.05466883,0.3334457,29.01960754,29.41176605,-,-,55.40000153,56.72580338,14.64881134,-,2106,-,-119.75065613,36.89464188,-76.23310852,10.98039246,61.51574707,60.89437866,-
Sat Dec 02 14:26:16 EST 2017,02-Dec-2017 14:26:16.228,-76.2330124,36.89441041,27.25,3.0,-36.79999923706055,162.2,8.73404789,0.22984336,3.98395157,0.01120492,-,20,-0.00162638,0.90984541,-0.01171475,0.31001619,29.01960754,29.41176605,-,-,55.40000153,56.7292099,14.64881134,-,2106,-,-120.73490906,36.89440918,-76.23300934,12.54901981,60.95651245,60.89437866,-
Sat Dec 02 14:26:17 EST 2017,02-Dec-2017 14:26:17.237,-76.23292093,36.89417426,27.25,3.0,-36.599998474121094,161.9,8.81066227,0.03830723,4.40533113,0.00478471,-,21.17647171,-0.03880053,0.88251102,-0.03123933,0.27877685,29.80392265,29.80392265,-,-,55.40000153,56.7292099,14.64881134,-,2104,-,-120.07873535,36.89417267,-76.23291779,12.54901981,60.95651245,60.89437866,-
Sat Dec 02 14:26:18 EST 2017,02-Dec-2017 14:26:18.231,-76.23282319,36.89393882,27.25,3.0,-36.29999923706055,161.6,8.31266785,-0.80445176,3.56257224,-0.01156515,-,21.56862831,-0.01460247,0.8747012,-0.00780983,0.35297027,29.80392265,29.80392265,-,-,55.40000153,56.7326088,14.64881134,-,2104,-,-119.09448242,36.89393997,-76.23282623,12.54901981,60.95651245,60.89437866,-
Sat Dec 02 14:26:19 EST 2017,02-Dec-2017 14:26:19.229,-76.23272471,36.89370612,27.25,3.0,-36.20000076293945,161.4,9.34696388,0.34476504,4.32871675,0.06960386,-,21.17647171,-0.02814415,0.89422578,-0.02733441,0.27877685,29.80392265,30.19607925,-,-,55.40000153,56.73600769,14.64881134,-,2100,-,-118.7664032,36.89370728,-76.23272705,12.54901981,60.95651245,60.89437866,-
Sat Dec 02 14:26:20 EST 2017,02-Dec-2017 14:26:20.227,-76.23262188,36.89346973,27.25,3.0,-35.79999923706055,160.4,9.30865574,0.34476504,3.98395157,0.02101439,-,21.17647171,0.0317307,0.94108468,0.01561966,0.32173091,29.80392265,30.19607925,-,-,55.40000153,56.74278641,14.64881134,-,2106,-,-117.45406342,36.89347076,-76.23262024,12.15686321,60.95651245,60.89437866,-
Sat Dec 02 14:26:21 EST 2017,02-Dec-2017 14:26:21.228,-76.2325137,36.89324028,27.25,3.0,-35.5,159.6,7.46990919,-0.45968673,4.71178913,-0.01020977,-,21.17647171,-0.02319529,0.86298645,0.00390492,0.35687518,29.80392265,29.80392265,-,-,55.40000153,56.74954224,14.64881134,-,2104,-,-116.46981812,36.89324188,-76.23251343,12.54901981,60.95651245,60.89437866,-
Sat Dec 02 14:26:21 EST 2017,02-Dec-2017 14:26:22.231,-76.2325137,36.89324028,27.25,3.0,-35.5,159.6,9.11711979,-0.07661445,4.36702394,0.01037676,-,21.17647171,0.03286155,0.92546505,-0.06638357,0.35297027,29.80392265,29.80392265,-,-,55.40000153,56.75627518,14.64881134,-,2103,-,-116.46981812,36.89324188,-76.23251343,12.15686321,60.95651245,60.89437866,-
Sat Dec 02 14:26:23 EST 2017,02-Dec-2017 14:26:23.229,-76.2322738,36.89278748,27.25,4.0,-35.5,156.7,9.23204136,-0.42137951,4.21379519,0.06080988,-,21.17647171,0.04645216,0.93327487,0.00780983,0.37249482,29.41176605,29.80392265,-,-,55.40000153,56.75627518,14.64881134,-,2103,-,-116.46981812,36.89278793,-76.23227692,12.15686321,60.95651245,60.89437866,-
Sat Dec 02 14:26:24 EST 2017,02-Dec-2017 14:26:24.229,-76.23214356,36.89256503,27.25,3.0,-35.79999923706055,155.2,8.38928318,-0.11492168,4.55855989,-0.03533566,-,21.17647171,-0.05303451,0.84736669,0.01561966,0.32173091,29.41176605,29.80392265,-,-,55.40000153,56.75627518,14.64881134,-,2103,-,-117.45406342,36.89256668,-76.23214722,12.15686321,60.95651245,60.89437866,-
Sat Dec 02 14:26:25 EST 2017,02-Dec-2017 14:26:25.228,-76.23200701,36.89234268,27.25,3.0,-36.0,154.1,8.42759037,0.22984336,4.09887314,0.01285576,-,21.17647171,-0.0600537,0.84346181,0.01171475,0.31392109,29.41176605,29.80392265,-,-,55.40000153,56.75627518,14.64881134,-,2103,-,-118.11023712,36.89234161,-76.23200989,12.15686321,60.95651245,60.89437866,-
Sat Dec 02 14:26:26 EST 2017,02-Dec-2017 14:26:26.230,-76.23186611,36.89212256,27.25,3.0,-36.29999923706055,153.7,8.15943909,-0.30645782,3.86903,-0.04277464,-,20.3921566,-0.11373738,0.79660285,0.06247865,0.28268176,28.62745094,29.41176605,-,-,55.40000153,56.75913239,14.64881134,-,2103,-,-119.09448242,36.89212418,-76.23186493,11.76470566,60.95651245,60.27300644,-
Sat Dec 02 14:26:26 EST 2017,02-Dec-2017 14:26:27.228,-76.23186611,36.89212256,27.25,3.0,-36.29999923706055,153.7,7.16345167,0.68953007,6.05254173,-0.04007856,-,20.3921566,0.11602595,1.01918304,-0.02733441,0.35297027,28.62745094,28.62745094,-,-,55.40000153,56.76482773,14.64881134,-,2096,-,-119.09448242,36.89212418,-76.23186493,11.76470566,60.95651245,60.27300644,-
Sat Dec 02 14:26:28 EST 2017,02-Dec-2017 14:26:28.228,-76.23158821,36.89168385,27.25,4.0,-36.5,153.0,7.92959595,0.30645782,3.715801,-0.01567376,-,20.3921566,-0.13703696,0.72631437,0.23429495,0.30220634,28.62745094,28.62745094,-,-,55.40000153,56.77050018,14.64881134,-,2099,-,-119.75065613,36.89168549,-76.23159027,11.37254906,60.95651245,60.27300644,-
Sat Dec 02 14:26:29 EST 2017,02-Dec-2017 14:26:29.227,-76.23144742,36.891464,27.25,5.0,-36.70000076293945,152.8,7.89128876,-0.68953007,3.715801,0.0150647,-,20.3921566,-0.10779163,0.80441266,-0.07028849,0.27877685,28.23529434,28.62745094,-,-,55.40000153,56.77333832,14.64881134,-,2102,-,-120.40682983,36.89146423,-76.23144531,11.37254906,60.95651245,60.27300644,-
Sat Dec 02 14:26:30 EST 2017,02-Dec-2017 14:26:30.229,-76.23130782,36.89124051,27.25,5.0,-37.0,153.0,7.73806,0.65122288,4.75009632,-0.00769709,-,20.3921566,-0.08345362,0.83174706,0.03514424,0.28268176,28.23529434,28.62745094,-,-,55.40000153,56.77333832,14.64881134,-,2102,-,-121.39107513,36.89123917,-76.23130798,10.1960783,60.95651245,60.27300644,-
Sat Dec 02 14:26:31 EST 2017,02-Dec-2017 14:26:31.230,-76.23115753,36.89104328,26.75,4.0,-37.79999923706055,150.7,11.14740276,-0.07661445,5.01824665,0.07694022,-,20,0.09041764,0.92546505,-0.10543273,0.46621281,28.23529434,28.23529434,-,-,55.40000153,56.77565765,14.64881134,-,2085,-,-124.01574707,36.89104462,-76.2311554,10.1960783,59.83804321,59.65163422,-
Sat Dec 02 14:26:31 EST 2017,02-Dec-2017 14:26:32.229,-76.23115753,36.89104328,26.75,4.0,-37.79999923706055,150.7,7.92959595,0.30645782,3.60087943,0.05753606,-,20,-0.11139037,0.8083176,0.03123933,0.26706213,28.23529434,28.23529434,-,-,55.40000153,56.77565765,14.64881134,-,2085,-,-124.01574707,36.89104462,-76.2311554,10.98039246,59.83804321,59.65163422,-
Sat Dec 02 14:26:33 EST 2017,02-Dec-2017 14:26:33.231,-76.23086524,36.89062393,26.75,4.0,-37.400001525878906,150.5,9.0788126,-0.15322891,4.48194551,-0.00450334,-,20.3921566,0.00137998,0.90203559,0.06247865,0.32954079,28.23529434,28.23529434,-,-,55.40000153,56.7779808,14.64881134,-,2062,-,-122.70341492,36.890625,-76.23086548,11.37254906,59.83804321,59.65163422,-
Sat Dec 02 14:26:34 EST 2017,02-Dec-2017 14:26:34.234,-76.23071444,36.89040819,26.75,4.0,-37.70000076293945,150.4,8.1211319,0.19153613,4.09887314,-0.00201296,-,20.3921566,0.00054917,0.91375035,-0.0234295,0.30611128,28.62745094,29.41176605,-,-,55.40000153,56.7797966,14.64881134,-,2065,-,-123.68766785,36.89040756,-76.23071289,12.15686321,59.83804321,59.03026199,-
Sat Dec 02 14:26:35 EST 2017,02-Dec-2017 14:26:35.227,-76.2305641,36.89020246,26.5,4.0,-37.5,150.4,7.66144562,0.22984336,3.98395157,-0.03799537,-,21.17647171,-0.05819679,0.84346181,-0.01952458,0.317826,30.58823586,30.58823586,-,-,55.40000153,56.78160858,14.64881134,-,2059,-,-123.03149414,36.89020157,-76.2305603,12.54901981,59.27880859,59.03026199,-
Sat Dec 02 14:26:35 EST 2017,02-Dec-2017 14:26:36.229,-76.2305641,36.89020246,26.5,4.0,-37.5,150.4,8.42759037,0.42137951,3.67749381,0.01210125,-,21.17647171,0.01923182,0.93327487,0.04685899,0.30611128,30.58823586,30.58823586,-,-,55.40000153,56.78160858,14.64881134,-,2059,-,-123.03149414,36.89020157,-76.2305603,12.54901981,59.27880859,59.03026199,-
Sat Dec 02 14:26:37 EST 2017,02-Dec-2017 14:26:37.234,-76.23027799,36.88978868,26.5,4.0,-37.400001525878906,150.7,9.15542698,0.30645782,4.29040956,-0.00017114,-,21.17647171,0.02648195,0.90594047,-0.03904916,0.38030469,30.58823586,30.58823586,-,-,55.40000153,56.78160858,14.64881134,-,2059,-,-122.70341492,36.88978958,-76.23027802,12.54901981,59.27880859,59.03026199,-
Sat Dec 02 14:26:38 EST 2017,02-Dec-2017 14:26:38.227,-76.23013679,36.88958204,26.5,4.0,-37.5,150.7,8.58081913,0.03830723,4.44363832,-0.00382073,-,21.56862831,-0.04322389,0.8747012,-0.01561966,0.28658667,30.58823586,30.98039246,-,-,55.40000153,56.78342056,14.64881134,-,2059,-,-123.03149414,36.88958359,-76.23013306,12.94117641,59.27880859,59.03026199,-
Sat Dec 02 14:26:38 EST 2017,02-Dec-2017 14:26:39.231,-76.23013679,36.88958204,26.5,4.0,-37.5,150.7,8.88727665,0.30645782,4.06056595,0.00804663,-,21.56862831,-0.02863094,0.86689138,-0.01171475,0.33735061,30.58823586,30.98039246,-,-,55.40000153,56.78523254,14.64881134,-,2053,-,-123.03149414,36.88958359,-76.23013306,12.94117641,59.27880859,59.03026199,-
Sat Dec 02 14:26:40 EST 2017,02-Dec-2017 14:26:40.231,-76.22984308,36.88916194,26.75,4.0,-36.900001525878906,150.5,8.84896946,-0.42137951,3.79241538,0.00132507,-,21.56862831,-0.04583495,0.82393724,0.01561966,0.38030469,30.58823586,30.98039246,-,-,55.40000153,56.78523254,14.64881134,-,2053,-,-121.06299591,36.88916016,-76.22984314,12.94117641,59.83804321,59.03026199,-
Sat Dec 02 14:26:41 EST 2017,02-Dec-2017 14:26:41.235,-76.22969745,36.88895209,26.5,4.0,-37.099998474121094,150.5,8.54251194,0.19153613,4.48194551,-0.01045681,-,21.56862831,-0.04479607,0.8747012,0.01561966,0.28268176,30.58823586,30.98039246,-,-,55.40000153,56.78523254,14.64881134,-,2053,-,-121.71915436,36.88895035,-76.22969818,12.94117641,59.27880859,59.03026199,-
Sat Dec 02 14:26:42 EST 2017,02-Dec-2017 14:26:42.227,-76.229549,36.88874318,26.5,4.0,-37.20000076293945,150.5,8.54251194,0.07661445,4.55855989,0.01110438,-,21.56862831,0.00819095,0.90984541,0.00780983,0.3334457,30.58823586,30.98039246,-,-,55.40000153,56.78523254,14.64881134,-,2053,-,-122.04724884,36.88874435,-76.22954559,12.94117641,59.27880859,59.03026199,-
Sat Dec 02 14:26:43 EST 2017,02-Dec-2017 14:26:43.226,-76.22939973,36.88853611,26.5,4.0,-37.099998474121094,150.5,8.77235508,0.22984336,3.06457806,-0.02001708,-,21.96078491,-0.07440837,0.84346181,-0.03514424,0.27877685,30.58823586,30.98039246,-,-,55.40000153,56.78753662,14.64881134,-,2065,-,-121.71915436,36.88853455,-76.22940063,12.94117641,59.27880859,59.65163422,-
Sat Dec 02 14:26:44 EST 2017,02-Dec-2017 14:26:44.232,-76.22925054,36.88832705,26.75,4.0,-36.599998474121094,150.5,9.00219822,-0.5363012,4.36702394,0.03312931,-,21.96078491,-0.04869373,0.86689138,0.01952458,0.29049161,30.58823586,30.98039246,-,-,55.40000153,56.78753662,14.64881134,-,2065,-,-120.07873535,36.88832855,-76.22924805,12.94117641,59.83804321,59.65163422,-
Sat Dec 02 14:26:44 EST 2017,02-Dec-2017 14:26:45.232,-76.22925054,36.88832705,26.75,4.0,-36.599998474121094,150.5,8.50420475,-0.07661445,4.25210238,0.0023064,-,21.96078491,-0.02897666,0.87079626,-0.07809832,0.32173091,30.58823586,30.98039246,-,-,55.40000153,56.78753662,14.64881134,-,2065,-,-120.07873535,36.88832855,-76.22924805,12.94117641,59.83804321,59.65163422,-
Sat Dec 02 14:26:46 EST 2017,02-Dec-2017 14:26:46.228,-76.22894838,36.88791096,26.75,4.0,-36.400001525878906,150.3,8.65743351,-0.34476504,4.02225876,-0.04408355,-,25.49019623,-0.06180034,0.85517663,-0.04295408,0.28268176,30.58823586,34.90196228,-,-,55.40000153,56.78753662,14.64881134,-,2065,-,-119.4225769,36.88791275,-76.2289505,17.25490189,59.83804321,59.65163422,-
Sat Dec 02 14:26:47 EST 2017,02-Dec-2017 14:26:47.232,-76.22879524,36.88769652,27.0,3.0,-35.599998474121094,149.7,8.84896946,-0.57460839,3.79241538,-0.01435989,-,25.49019623,-0.03192746,0.86298645,-0.06247865,0.3334457,30.58823586,34.90196228,-,-,55.40000153,56.7908287,14.64881134,-,2099,-,-116.79789734,36.88769531,-76.22879791,17.25490189,60.39727783,60.89437866,-
Sat Dec 02 14:26:48 EST 2017,02-Dec-2017 14:26:48.226,-76.22863264,36.88748684,27.25,3.0,-36.099998474121094,148.6,8.73404789,-0.57460839,4.63517427,0.00243118,-,24.31372643,-0.08608781,0.83955687,-0.02733441,0.25925228,30.58823586,34.90196228,-,-,55.40000153,56.7908287,14.64881134,-,2099,-,-118.43831635,36.8874855,-76.22863007,16.07843208,60.95651245,60.89437866,-
Sat Dec 02 14:26:49 EST 2017,02-Dec-2017 14:26:49.232,-76.2284653,36.88728012,27.5,3.0,-36.20000076293945,147.2,8.38928318,0,3.75410819,0.00085147,-,23.92156982,-0.07850583,0.83955687,-0.01561966,0.27877685,32.15686417,32.15686417,-,-,55.40000153,56.79462051,14.64881134,-,2143,-,-118.7664032,36.88727951,-76.22846222,15.68627453,61.51574707,61.51574707,23.11889648
Sat Dec 02 14:26:50 EST 2017,02-Dec-2017 14:26:50.232,-76.2282846,36.8870757,28.0,3.0,-35.70000076293945,145.1,8.42759037,0.03830723,3.94564438,-0.03470608,-,20.7843132,-0.09566311,0.83565199,-0.09371798,0.23191786,31.76470566,31.76470566,-,-,55.40000153,56.80318451,14.64881134,-,2147,-,-117.12598419,36.88707733,-76.22828674,12.54901981,62.63421249,62.13711929,46.59759903
Sat Dec 02 14:26:51 EST 2017,02-Dec-2017 14:26:51.228,-76.22809775,36.88687843,27.75,3.0,-35.900001525878906,142.8,8.77235508,-0.84275901,4.21379519,0.04030097,-,20.7843132,0.03250693,0.89422578,-0.10933765,0.40373418,27.84313774,31.76470566,-,-,55.40000153,56.80318451,14.64881134,-,2147,-,-117.7821579,36.88687897,-76.22809601,12.54901981,62.07497787,62.13711929,46.59759903
Sat Dec 02 14:26:52 EST 2017,02-Dec-2017 14:26:52.227,-76.22789467,36.8866842,27.75,3.0,-35.5,140.2,8.38928318,-0.68953007,4.36702394,-0.01690972,-,20.7843132,-0.01266874,0.88641596,-0.0234295,0.3334457,27.84313774,26.27450943,-,-,55.40000153,56.80695724,14.64881134,-,2131,-,-116.46981812,36.88668442,-76.22789764,9.01960754,62.07497787,61.51574707,46.59759903
Sat Dec 02 14:26:53 EST 2017,02-Dec-2017 14:26:53.234,-76.22768829,36.88649778,27.5,3.0,-34.70000076293945,137.7,8.88727665,-0.65122288,4.25210238,-0.01106078,-,18.03921509,-0.00746653,0.88641596,0.0234295,0.34516042,26.27450943,26.27450943,-,-,55.40000153,56.81349564,14.64881134,-,2109,-,-113.84514618,36.8864975,-76.22769165,8.62745094,61.51574707,60.89437866,-
Sat Dec 02 14:26:54 EST 2017,02-Dec-2017 14:26:54.229,-76.22747813,36.88632714,27.25,3.0,-35.599998474121094,135.3,8.35097599,-0.72783732,4.09887314,0.03300978,-,18.4313736,-0.08971802,0.79660285,-0.04685899,0.33735061,26.27450943,26.27450943,-,-,55.40000153,56.81951141,14.64881134,-,2100,-,-116.79789734,36.88632584,-76.22747803,9.01960754,60.95651245,60.27300644,-
Sat Dec 02 14:26:55 EST 2017,02-Dec-2017 14:26:55.227,-76.22725539,36.88615736,27.25,4.0,-35.70000076293945,133.8,9.27034855,0.03830723,4.21379519,0.02165839,-,18.4313736,0.08047892,0.98403883,0.01171475,0.34516042,26.27450943,26.27450943,-,-,55.40000153,56.81951141,14.64881134,-,2100,-,-117.12598419,36.88615799,-76.22725677,9.01960754,60.95651245,60.27300644,-
Sat Dec 02 14:26:56 EST 2017,02-Dec-2017 14:26:56.229,-76.22702772,36.88599387,27.25,4.0,-35.20000076293945,132.1,9.34696388,-0.84275901,4.48194551,0.01613734,-,18.4313736,0.03927543,0.91765523,-0.10152781,0.37639979,26.27450943,26.27450943,-,-,55.40000153,56.8217659,14.64881134,-,2082,-,-115.48556519,36.88599396,-76.22702789,9.01960754,60.95651245,59.65163422,-
Sat Dec 02 14:26:57 EST 2017,02-Dec-2017 14:26:57.228,-76.22679383,36.88584244,26.75,4.0,-35.099998474121094,129.4,9.0788126,0.2681506,4.40533113,0.04802495,-,20.3921566,0.00837254,0.89813066,0.02733441,0.35687518,28.62745094,29.01960754,-,-,55.40000153,56.82627487,14.64881134,-,2077,-,-115.15747833,36.88584137,-76.22679138,10.98039246,59.83804321,59.65163422,-
Sat Dec 02 14:26:58 EST 2017,02-Dec-2017 14:26:58.230,-76.22655413,36.88569077,27.0,4.0,-34.099998474121094,128.0,8.96389103,-0.5363012,4.13718033,0.02953484,-,20.3921566,0.01876762,0.93327487,-0.06638357,0.30220634,28.62745094,29.01960754,-,-,55.40000153,56.82627487,14.64881134,-,2077,-,-111.87663269,36.8856926,-76.22655487,11.76470566,60.39727783,59.65163422,-
Sat Dec 02 14:26:58 EST 2017,02-Dec-2017 14:26:59.229,-76.22655413,36.88569077,27.0,4.0,-34.099998474121094,128.0,8.88727665,-0.5363012,3.715801,-0.01144319,-,20.3921566,-0.08538684,0.83565199,0.00390492,0.27096704,32.15686417,32.54901886,-,-,55.40000153,56.82627487,14.64881134,-,2077,-,-111.87663269,36.8856926,-76.22655487,11.76470566,60.39727783,59.65163422,-
Sat Dec 02 14:27:00 EST 2017,02-Dec-2017 14:27:00.231,-76.22605871,36.88542046,26.5,3.0,-33.599998474121094,123.2,9.34696388,0.2681506,4.55855989,0.05430807,-,20.3921566,0.01455772,0.91765523,-0.10933765,0.317826,32.15686417,32.54901886,-,-,55.40000153,56.82802963,14.64881134,-,2064,-,-110.23621368,36.88542175,-76.22605896,11.76470566,59.27880859,59.03026199,-
Sat Dec 02 14:27:01 EST 2017,02-Dec-2017 14:27:01.234,-76.2258027,36.88529788,26.5,3.0,-33.099998474121094,121.3,8.65743351,0.11492168,3.56257224,-0.02661741,-,22.74509811,0.01995023,0.91375035,-0.05466883,0.34906533,32.15686417,32.15686417,-,-,55.40000153,56.82802963,14.64881134,-,2049,-,-108.59579468,36.88529968,-76.22579956,14.11764717,59.27880859,59.03026199,-
Sat Dec 02 14:27:02 EST 2017,02-Dec-2017 14:27:02.229,-76.22554117,36.88518466,26.5,4.0,-32.5,118.8,9.00219822,-1.11090958,3.98395157,0.02512176,-,22.74509811,-0.01770433,0.90594047,0.05466883,0.27487195,32.15686417,32.15686417,-,-,55.40000153,56.82978058,14.64881134,-,2049,-,-106.62729645,36.88518524,-76.22554016,14.11764717,59.27880859,59.03026199,-
Sat Dec 02 14:27:03 EST 2017,02-Dec-2017 14:27:03.234,-76.22527696,36.88508164,26.25,4.0,-32.099998474121094,116.5,8.88727665,-0.5363012,3.60087943,0.00007537,-,22.74509811,-0.0373332,0.86689138,-0.00390492,0.317826,32.15686417,32.15686417,-,-,55.40000153,56.82978058,14.64881134,-,2049,-,-105.31495667,36.88508224,-76.22528076,14.11764717,58.71957779,59.03026199,-
Sat Dec 02 14:27:04 EST 2017,02-Dec-2017 14:27:04.230,-76.22500622,36.88498461,26.25,3.0,-31.0,114.2,9.42357826,-0.30645782,3.25611424,-0.0072635,-,22.35294151,-0.0485574,0.86298645,0.03514424,0.29830143,31.76470566,32.15686417,-,-,55.40000153,56.82978058,14.64881134,-,2049,-,-101.70603943,36.88498306,-76.2250061,14.11764717,58.71957779,59.03026199,-
Sat Dec 02 14:27:05 EST 2017,02-Dec-2017 14:27:05.230,-76.22473538,36.88489576,26.0,3.0,-29.899999618530273,112.1,8.1211319,0.2681506,3.44765043,-0.08123249,-,22.35294151,-0.02317971,0.8747012,-0.0234295,0.3334457,31.76470566,31.76470566,-,-,55.40000153,56.83054352,14.64881134,-,2015,-,-98.09711456,36.88489532,-76.22473907,13.72549057,58.16034317,57.78752136,-
Sat Dec 02 14:27:06 EST 2017,02-Dec-2017 14:27:06.230,-76.22446269,36.88481657,25.75,4.0,-29.399999618530273,110.9,9.11711979,-0.5363012,3.52426481,0.0332173,-,22.35294151,0.12899411,1.0035634,0.07028849,0.411544,31.76470566,31.76470566,-,-,55.40000153,56.83054352,14.64881134,-,2015,-,-96.45669556,36.88481522,-76.22446442,13.72549057,57.60110855,57.78752136,-
Sat Dec 02 14:27:07 EST 2017,02-Dec-2017 14:27:07.230,-76.2241887,36.8847333,25.75,3.0,-28.299999237060547,110.8,8.38928318,0.15322891,4.175488,-0.00303615,-,22.35294151,0.01371517,0.88641596,0.08200324,0.3842096,31.76470566,31.76470566,-,-,55.40000153,56.83054352,14.64881134,-,2015,-,-92.84776306,36.88473511,-76.22418976,13.72549057,57.60110855,57.78752136,-
Sat Dec 02 14:27:07 EST 2017,02-Dec-2017 14:27:08.231,-76.2241887,36.8847333,25.75,3.0,-28.299999237060547,110.8,8.54251194,1.07260239,4.5202527,0.00148987,-,22.35294151,0.01713379,0.91375035,-0.02733441,0.34516042,30.19607925,30.58823586,-,-,55.40000153,56.83054352,14.64881134,-,2015,-,-92.84776306,36.88473511,-76.22418976,13.72549057,57.60110855,57.78752136,-
Sat Dec 02 14:27:09 EST 2017,02-Dec-2017 14:27:09.232,-76.22364844,36.88456307,25.75,3.0,-26.799999237060547,111.0,8.31266785,0.9576807,3.56257224,-0.05393815,-,20.7843132,-0.07262142,0.84736669,0.0976229,0.26315722,29.41176605,30.19607925,-,-,55.40000153,56.83107376,14.64881134,-,1981,-,-87.92650604,36.88456345,-76.22364807,11.76470566,57.60110855,57.16614914,-
Sat Dec 02 14:27:10 EST 2017,02-Dec-2017 14:27:10.229,-76.22338199,36.88447823,25.75,3.0,-26.5,111.3,4.55855989,1.8770541,4.94163227,-0.02616533,-,20.7843132,-0.06416973,0.85517663,0.01952458,0.27877685,29.41176605,29.41176605,-,-,55.40000153,56.83133698,14.64881134,-,1982,-,-86.94226074,36.88447952,-76.22338104,11.76470566,57.60110855,57.16614914,-
Sat Dec 02 14:27:11 EST 2017,02-Dec-2017 14:27:11.233,-76.22311076,36.88439507,25.75,3.0,-26.700000762939453,111.3,9.80665016,0.38307226,4.67348194,0.0166016,-,20.7843132,0.00932536,0.94498962,-0.03904916,0.25144243,29.41176605,29.41176605,-,-,55.40000153,56.831604,14.64881134,-,1983,-,-87.59842682,36.8843956,-76.22311401,11.76470566,57.60110855,57.16614914,-
Sat Dec 02 14:27:12 EST 2017,02-Dec-2017 14:27:12.232,-76.22284341,36.88430973,25.75,3.0,-26.899999618530273,111.2,8.46589756,0.19153613,3.48595762,-0.03103642,-,20.7843132,-0.13608268,0.76145858,-0.08590815,0.29830143,29.41176605,29.41176605,-,-,55.40000153,56.831604,14.64881134,-,1983,-,-88.2545929,36.88430786,-76.22284698,11.76470566,57.60110855,57.16614914,-
Sat Dec 02 14:27:12 EST 2017,02-Dec-2017 14:27:13.237,-76.22284341,36.88430973,25.75,3.0,-26.899999618530273,111.2,7.73806,0.15322891,3.83072281,-0.10968641,-,20.7843132,-0.1989806,0.72240943,0.03514424,0.24363261,30.19607925,30.19607925,-,-,55.40000153,56.83235931,14.64881134,-,2002,-,-88.2545929,36.88430786,-76.22284698,12.15686321,57.60110855,57.78752136,30.43714142
Sat Dec 02 14:27:14 EST 2017,02-Dec-2017 14:27:14.229,-76.22229889,36.88413983,26.0,3.0,-27.100000381469727,111.1,9.30865574,0.03830723,3.83072281,0.04510909,-,20.7843132,-0.06330608,0.83565199,0.06247865,0.317826,29.80392265,29.80392265,-,-,55.40000153,56.83235931,14.64881134,-,2002,-,-88.91075897,36.88414001,-76.22229767,12.15686321,58.16034317,57.78752136,30.43714142
Sat Dec 02 14:27:15 EST 2017,02-Dec-2017 14:27:15.227,-76.22202502,36.88405646,26.0,3.0,-27.0,110.8,8.81066227,0.15322891,3.52426481,0.01770532,-,20.7843132,-0.06514865,0.83955687,0.01952458,0.31001619,29.80392265,29.80392265,-,-,55.40000153,56.83360291,14.64881134,-,2023,-,-88.58267975,36.88405609,-76.22202301,12.15686321,58.16034317,58.40889359,22.20977402
Sat Dec 02 14:27:16 EST 2017,02-Dec-2017 14:27:16.232,-76.22174785,36.88397134,26.25,4.0,-27.700000762939453,110.8,8.88727665,0.65122288,4.48194551,-0.00074261,-,18.8235302,-0.04583497,0.87860614,-0.01561966,0.27096704,27.05882454,26.66666794,-,-,55.40000153,56.83533859,14.64881134,-,2044,-,-90.87926483,36.88397217,-76.22174835,10.1960783,58.71957779,59.03026199,22.20977402
Sat Dec 02 14:27:17 EST 2017,02-Dec-2017 14:27:17.231,-76.22146693,36.88388633,26.75,4.0,-27.899999618530273,110.6,8.92558384,0.34476504,4.48194551,0.02099261,-,18.8235302,-0.02587022,0.89032084,0.00780983,0.29439652,27.05882454,26.66666794,-,-,55.40000153,56.83533859,14.64881134,-,2044,-,-91.53543091,36.88388443,-76.22146606,10.1960783,59.83804321,59.03026199,22.20977402
Sat Dec 02 14:27:18 EST 2017,02-Dec-2017 14:27:18.229,-76.22118824,36.88379934,26.75,4.0,-28.100000381469727,110.8,7.89128876,0.61291564,4.21379519,0.00267777,-,18.4313736,-0.0151523,0.86298645,0.07028849,0.36858991,26.66666794,26.66666794,-,-,55.40000153,56.83756256,14.64881134,-,2058,-,-92.19160461,36.88380051,-76.22119141,9.4117651,59.83804321,59.65163422,22.20977402
Sat Dec 02 14:27:19 EST 2017,02-Dec-2017 14:27:19.228,-76.22090858,36.88371011,26.75,4.0,-27.799999237060547,111.0,8.77235508,0.65122288,4.02225876,0.00310849,-,18.4313736,-0.05946947,0.84346181,0.03514424,0.31392109,26.27450943,26.66666794,-,-,55.40000153,56.83929443,14.64881134,-,2055,-,-91.20734406,36.88370895,-76.22090912,9.4117651,59.83804321,59.03026199,-
Sat Dec 02 14:27:20 EST 2017,02-Dec-2017 14:27:20.230,-76.2206292,36.88362564,26.75,3.0,-28.5,110.9,8.46589756,0.57460839,4.67348194,-0.01032193,-,18.4313736,0.00839523,0.89032084,0.01561966,0.37249482,26.27450943,26.66666794,-,-,55.40000153,56.83929443,14.64881134,-,2055,-,-93.50393677,36.88362503,-76.22062683,9.4117651,59.83804321,59.03026199,-
Sat Dec 02 14:27:21 EST 2017,02-Dec-2017 14:27:21.228,-76.22034833,36.88354028,26.5,3.0,-29.100000381469727,110.9,8.73404789,-0.38307226,4.55855989,0.04391093,-,18.4313736,-0.01467989,0.8747012,0.05857374,0.34906533,26.27450943,26.66666794,-,-,55.40000153,56.83929443,14.64881134,-,2055,-,-95.47244263,36.88354111,-76.22034454,9.4117651,59.27880859,59.03026199,-
Sat Dec 02 14:27:21 EST 2017,02-Dec-2017 14:27:22.236,-76.22034833,36.88354028,26.5,3.0,-29.100000381469727,110.9,7.73806,0.34476504,3.715801,-0.02687547,-,18.4313736,0.02134058,0.90203559,0.0741934,0.37249482,26.66666794,25.49019623,-,-,57.20000076,56.84101868,14.64881134,-,2035,-,-95.47244263,36.88354111,-76.22034454,7.45098066,59.27880859,59.03026199,-
Sat Dec 02 14:27:23 EST 2017,02-Dec-2017 14:27:23.229,-76.21978671,36.88337538,26.25,3.0,-28.899999618530273,111.2,7.92959595,0.30645782,3.90733719,0.01727972,-,16.86274529,-0.05797797,0.86298645,0.03904916,0.27487195,25.09803963,25.49019623,-,-,57.20000076,56.84225082,14.64881134,-,2024,-,-94.81626892,36.88337708,-76.2197876,7.45098066,58.71957779,58.40889359,-
Sat Dec 02 14:27:24 EST 2017,02-Dec-2017 14:27:24.227,-76.21951453,36.883291,26.25,4.0,-28.600000381469727,111.3,8.50420475,0.03830723,4.25210238,-0.00046256,-,19.6078434,0.03572356,0.94108468,-0.04295408,0.32954079,25.09803963,25.49019623,-,-,57.20000076,56.84225082,14.64881134,-,2024,-,-93.83202362,36.88328934,-76.21951294,8.23529434,58.71957779,58.40889359,-
Sat Dec 02 14:27:25 EST 2017,02-Dec-2017 14:27:25.227,-76.21924329,36.88320472,26.0,3.0,-29.200000762939453,111.1,8.23605347,-0.34476504,3.98395157,-0.01577647,-,19.6078434,-0.00852018,0.90594047,0.05466883,0.29830143,27.84313774,28.23529434,-,-,57.20000076,56.84299469,14.64881134,-,2007,-,-95.80052948,36.88320541,-76.21924591,10.58823586,58.16034317,57.78752136,-
Sat Dec 02 14:27:26 EST 2017,02-Dec-2017 14:27:26.232,-76.21896931,36.8831189,26.0,3.0,-28.299999237060547,111.0,8.96389103,0.07661445,4.59686708,0.01145814,-,19.2156868,-0.00671351,0.90984541,-0.05076391,0.29439652,27.05882454,27.05882454,-,-,57.20000076,56.84447861,14.64881134,-,1995,-,-92.84776306,36.88311768,-76.21897125,9.8039217,58.16034317,57.78752136,-
Sat Dec 02 14:27:27 EST 2017,02-Dec-2017 14:27:27.232,-76.21869793,36.88303849,25.75,3.0,-27.5,110.9,8.54251194,0.34476504,4.25210238,-0.00628093,-,20.7843132,-0.04728327,0.86689138,0,0.3334457,27.84313774,27.84313774,-,-,57.20000076,56.84473419,14.64881134,-,1984,-,-90.22309875,36.88303757,-76.21869659,11.76470566,57.60110855,57.16614914,-
Sat Dec 02 14:27:28 EST 2017,02-Dec-2017 14:27:28.232,-76.21842865,36.88295691,25.5,3.0,-27.600000381469727,110.8,9.76834297,0.30645782,4.02225876,0.02019906,-,20.7843132,-0.01726173,0.88641596,-0.03904916,0.32173091,29.01960754,30.98039246,-,-,57.20000076,56.84473419,14.64881134,-,2001,-,-90.55118561,36.88295746,-76.21842957,11.76470566,57.04187393,57.16614914,-
Sat Dec 02 14:27:29 EST 2017,02-Dec-2017 14:27:29.228,-76.21815617,36.88287875,25.5,3.0,-26.799999237060547,110.7,8.6957407,-0.45968673,3.75410819,-0.00150188,-,20.7843132,-0.05949381,0.84346181,0.06638357,0.31001619,29.01960754,30.98039246,-,-,57.20000076,56.84498596,14.64881134,-,2001,-,-87.92650604,36.88287735,-76.21815491,11.76470566,57.04187393,57.16614914,-
Sat Dec 02 14:27:30 EST 2017,02-Dec-2017 14:27:30.228,-76.21788824,36.88279969,25.5,3.0,-27.0,111.0,8.84896946,0.8810662,4.175488,0.00895692,-,22.35294151,-0.02326563,0.8747012,0.01952458,0.32563588,31.76470566,31.76470566,-,-,57.20000076,56.84523773,14.64881134,-,1970,-,-88.58267975,36.88280106,-76.21788788,13.33333397,57.04187393,57.16614914,-
Sat Dec 02 14:27:31 EST 2017,02-Dec-2017 14:27:31.228,-76.21762296,36.88271734,25.5,3.0,-26.600000381469727,110.9,8.81066227,0.68953007,4.175488,0.0153659,-,22.35294151,-0.02676348,0.89422578,0.05857374,0.27877685,31.76470566,31.76470566,-,-,57.20000076,56.84523773,14.64881134,-,1970,-,-87.27033997,36.88271713,-76.21762085,13.33333397,57.04187393,57.16614914,-
Sat Dec 02 14:27:32 EST 2017,02-Dec-2017 14:27:32.229,-76.21735641,36.88263799,25.25,3.0,-25.799999237060547,111.0,8.46589756,0.38307226,3.63918662,-0.01967502,-,22.35294151,-0.00212323,0.89032084,0.02733441,0.34906533,31.76470566,31.76470566,-,-,57.20000076,56.84523773,14.64881134,-,1970,-,-84.64566803,36.88263702,-76.21735382,13.33333397,56.48263931,57.16614914,-
Sat Dec 02 14:27:33 EST 2017,02-Dec-2017 14:27:33.229,-76.21710033,36.88255447,25.0,3.0,-25.600000381469727,111.0,9.00219822,-0.76614451,3.67749381,0.01296399,-,25.88235283,0.00294062,0.92156017,0.01952458,0.29439652,31.76470566,31.76470566,-,-,57.20000076,56.84525299,14.64881134,-,1970,-,-83.98950195,36.8825531,-76.21710205,17.64705849,55.92340851,56.54477692,-
Sat Dec 02 14:27:34 EST 2017,02-Dec-2017 14:27:34.232,-76.21683573,36.88246842,25.25,3.0,-24.600000381469727,111.1,9.27034855,-0.38307226,4.44363832,0.04311468,-,25.49019623,-0.38816354,0.51544887,0.18353106,0.17334414,35.29411697,35.68627548,-,-,57.20000076,56.84502029,14.64881134,-,2001,-,-80.70866394,36.88246918,-76.21683502,17.25490189,56.48263931,56.54477692,-
Sat Dec 02 14:27:35 EST 2017,02-Dec-2017 14:27:35.232,-76.21656999,36.88238126,25.5,3.0,-23.799999237060547,111.0,8.04451752,0.03830723,3.29442143,-0.0003252,-,25.88235283,0.01088884,0.93327487,0.02733441,0.28658667,35.29411697,35.68627548,-,-,57.20000076,56.8455162,14.64881134,-,1995,-,-78.08398438,36.88238144,-76.21656799,17.25490189,57.04187393,57.16614914,-
Sat Dec 02 14:27:36 EST 2017,02-Dec-2017 14:27:36.231,-76.2163016,36.88229644,25.5,3.0,-23.0,111.1,9.92157173,0.34476504,4.71178913,-0.00069898,-,25.49019623,-0.06032149,0.86689138,-0.08590815,0.25144243,35.68627548,35.68627548,-,-,57.20000076,56.84576797,14.64881134,-,2004,-,-75.45932007,36.88229752,-76.21630096,17.25490189,57.04187393,57.16614914,-
Sat Dec 02 14:27:37 EST 2017,02-Dec-2017 14:27:37.236,-76.21603548,36.88221447,25.5,3.0,-22.5,110.9,8.08282471,0.42137951,3.52426481,0.01300166,-,25.09803963,0.06170984,1.0035634,-0.03514424,0.24363261,34.90196228,35.29411697,-,-,57.20000076,56.84601974,14.64881134,-,2001,-,-73.81890106,36.88221359,-76.21603394,16.86274529,57.04187393,57.16614914,-
Sat Dec 02 14:27:38 EST 2017,02-Dec-2017 14:27:38.229,-76.21576428,36.88213229,25.75,4.0,-21.799999237060547,111.0,9.76834297,0.49799395,2.98796368,-0.0231083,-,25.09803963,0.05189149,0.9488945,0.01171475,0.35297027,34.90196228,34.90196228,-,-,57.20000076,56.84675598,14.64881134,-,2020,-,-71.52230835,36.88213348,-76.21576691,16.86274529,57.60110855,57.78752136,40.67621613
Sat Dec 02 14:27:39 EST 2017,02-Dec-2017 14:27:39.228,-76.21549189,36.88204888,25.75,3.0,-21.700000762939453,111.1,9.57680702,-0.76614451,3.48595762,0.06082255,-,24.70588303,-0.11717021,0.80441266,0.0741934,0.25534737,34.11764908,34.50980377,-,-,57.20000076,56.84675598,14.64881134,-,2020,-,-71.19422913,36.88204956,-76.21549225,16.07843208,57.60110855,57.78752136,40.67621613
Sat Dec 02 14:27:40 EST 2017,02-Dec-2017 14:27:40.231,-76.21521782,36.88196645,26.0,3.0,-21.100000381469727,111.0,8.88727665,-0.03830723,3.98395157,-0.01969067,-,24.70588303,0.00199691,0.91765523,0.05076391,0.29830143,34.11764908,34.50980377,-,-,57.20000076,56.84675598,14.64881134,-,2031,-,-69.22572327,36.88196564,-76.21521759,16.07843208,58.16034317,57.78752136,40.67621613
Sat Dec 02 14:27:41 EST 2017,02-Dec-2017 14:27:41.229,-76.21494569,36.88188087,26.25,3.0,-21.600000381469727,111.1,8.31266785,0.9576807,5.24809027,0.03252189,-,24.70588303,0.0180335,0.91375035,0.05076391,0.34516042,34.11764908,34.50980377,-,-,57.20000076,56.84796906,14.64881134,-,2031,-,-70.86614227,36.88188171,-76.21494293,16.07843208,58.71957779,58.40889359,40.67621613
Sat Dec 02 14:27:42 EST 2017,02-Dec-2017 14:27:42.232,-76.21466903,36.88179163,26.5,3.0,-21.899999618530273,111.2,8.27436066,0.45968673,3.52426481,-0.04052087,-,24.31372643,-0.03209306,0.87079626,-0.00780983,0.32173091,34.11764908,34.50980377,-,-,57.20000076,56.84796906,14.64881134,-,2031,-,-71.8503952,36.88179016,-76.21466827,16.07843208,59.27880859,58.40889359,40.67621613
Sat Dec 02 14:27:43 EST 2017,02-Dec-2017 14:27:43.234,-76.21439202,36.8817082,26.75,3.0,-21.399999618530273,111.0,8.88727665,0.03830723,3.56257224,-0.00497407,-,24.31372643,0.32645231,1.24176323,-0.18743597,0.32563588,32.94117737,31.76470566,-,-,57.20000076,56.84796906,14.64881134,-,2091,-,-70.2099762,36.88171005,-76.21439362,16.07843208,59.83804321,58.40889359,40.67621613
Sat Dec 02 14:27:44 EST 2017,02-Dec-2017 14:27:44.231,-76.21411252,36.88162492,26.75,3.0,-21.0,110.8,8.77235508,0.22984336,4.175488,0.00185519,-,19.6078434,-0.0730987,0.84736669,0,0.27487195,26.66666794,28.62745094,-,-,57.20000076,56.85232544,14.64881134,-,2069,-,-68.89763641,36.88162613,-76.21411133,10.98039246,59.83804321,59.65163422,48.47790909
Sat Dec 02 14:27:45 EST 2017,02-Dec-2017 14:27:45.233,-76.21383331,36.88154012,26.75,3.0,-20.799999237060547,110.1,9.80665016,-0.68953007,4.86501789,-0.03148813,-,17.64705849,-0.0867976,0.79660285,0.13276714,0.32563588,25.88235283,26.27450943,-,-,57.20000076,56.85666656,14.64881134,-,2067,-,-68.24147034,36.88153839,-76.21383667,8.23529434,59.83804321,59.65163422,48.47790909
Sat Dec 02 14:27:46 EST 2017,02-Dec-2017 14:27:46.230,-76.21355085,36.88145712,26.75,4.0,-21.200000762939453,110.1,8.19774628,0.49799395,4.29040956,-0.0756771,-,16.86274529,-0.0152376,0.84736669,0.03514424,0.39982924,14.11764717,14.11764717,-,-,57.20000076,56.85883331,14.64881134,-,2069,-,-69.55381012,36.88145828,-76.21355438,7.45098066,59.83804321,59.65163422,48.47790909
Sat Dec 02 14:27:46 EST 2017,02-Dec-2017 14:27:47.227,-76.21355085,36.88145712,26.75,4.0,-21.200000762939453,110.1,10.34295177,-0.2681506,4.97993946,0.18949169,-,17.25490189,0.07711258,0.97232407,-0.09371798,0.35297027,17.25490189,19.6078434,-,-,57.20000076,56.86315918,14.64881134,-,2061,-,-69.55381012,36.88145828,-76.21355438,8.23529434,59.83804321,59.65163422,-
Sat Dec 02 14:27:48 EST 2017,02-Dec-2017 14:27:48.230,-76.21297425,36.88130159,26.75,3.0,-24.0,108.3,8.61912632,-0.68953007,3.60087943,0.0609506,-,17.25490189,0.02476357,0.97622901,-0.03514424,0.20848836,25.09803963,25.09803963,-,-,57.20000076,56.86531448,14.64881134,-,2070,-,-78.74015808,36.88130188,-76.21297455,7.84313726,59.83804321,59.65163422,-
Sat Dec 02 14:27:48 EST 2017,02-Dec-2017 14:27:49.227,-76.21297425,36.88130159,26.75,3.0,-24.0,108.3,8.42759037,0.15322891,4.55855989,-0.0172363,-,17.25490189,-0.02601904,0.87860614,-0.10543273,0.30611128,23.52941132,23.52941132,-,-,57.20000076,56.86746597,14.64881134,-,2058,-,-78.74015808,36.88130188,-76.21297455,7.45098066,59.83804321,59.65163422,-
Sat Dec 02 14:27:50 EST 2017,02-Dec-2017 14:27:50.226,-76.21240087,36.88116147,26.75,3.0,-25.899999618530273,107.1,8.23605347,0.5363012,4.5202527,0.02562334,-,17.25490189,-0.01033014,0.89032084,-0.07028849,0.32563588,25.88235283,26.27450943,-,-,57.20000076,56.86914062,14.64881134,-,2054,-,-84.97375488,36.88116074,-76.21240234,7.45098066,59.83804321,59.03026199,-
Sat Dec 02 14:27:51 EST 2017,02-Dec-2017 14:27:51.228,-76.21211721,36.88109548,26.5,3.0,-26.399999618530273,106.2,9.27034855,-0.65122288,4.59686708,0.02472766,-,18.8235302,-0.01937564,0.88641596,-0.06247865,0.31392109,25.88235283,26.27450943,-,-,57.20000076,56.87080383,14.64881134,-,2048,-,-86.61417389,36.88109589,-76.21212006,9.01960754,59.27880859,59.03026199,-
Sat Dec 02 14:27:52 EST 2017,02-Dec-2017 14:27:52.231,-76.21183279,36.88103288,26.5,3.0,-26.799999237060547,105.3,9.42357826,-0.03830723,4.06056595,0.02600612,-,18.8235302,-0.02869387,0.84346181,0.06638357,0.37639979,25.88235283,26.27450943,-,-,57.20000076,56.87080383,14.64881134,-,2048,-,-87.92650604,36.88103104,-76.21183014,9.01960754,59.27880859,59.03026199,-
Sat Dec 02 14:27:53 EST 2017,02-Dec-2017 14:27:53.228,-76.21154801,36.88097217,26.25,4.0,-26.5,104.5,8.6957407,-0.03830723,4.36702394,-0.01236147,-,18.8235302,-0.02192306,0.88251102,-0.05076391,0.317826,25.88235283,26.27450943,-,-,57.20000076,56.87080383,14.64881134,-,2048,-,-86.94226074,36.88097382,-76.21154785,9.01960754,58.71957779,59.03026199,-
Sat Dec 02 14:27:54 EST 2017,02-Dec-2017 14:27:54.228,-76.21126325,36.88091585,26.25,3.0,-26.799999237060547,103.6,9.19373417,-0.91937345,4.175488,0.0271339,-,18.8235302,0.01885005,0.92546505,0.0976229,0.31392109,27.45098114,32.15686417,-,-,57.20000076,56.87080383,14.64881134,-,2048,-,-87.92650604,36.8809166,-76.21126556,9.01960754,58.71957779,59.03026199,-
Sat Dec 02 14:27:55 EST 2017,02-Dec-2017 14:27:55.227,-76.21097817,36.88085468,26.25,3.0,-26.600000381469727,103.4,9.04050541,-0.76614451,3.67749381,-0.01437905,-,18.8235302,-0.04147916,0.89032084,-0.08590815,0.24363261,27.45098114,32.15686417,-,-,57.20000076,56.87080383,14.64881134,-,2048,-,-87.27033997,36.88085556,-76.21097565,9.01960754,58.71957779,59.03026199,-
Sat Dec 02 14:27:56 EST 2017,02-Dec-2017 14:27:56.226,-76.21069413,36.88079856,26.25,3.0,-26.200000762939453,102.4,9.19373417,0.15322891,4.29040956,0.0060009,-,24.31372643,0.01901479,0.92156017,-0.06247865,0.32954079,27.45098114,32.15686417,-,-,57.20000076,56.8719902,14.64881134,-,2031,-,-85.95800781,36.88079834,-76.21069336,15.68627453,58.71957779,58.40889359,-
Sat Dec 02 14:27:57 EST 2017,02-Dec-2017 14:27:57.229,-76.21040325,36.88074805,26.25,3.0,-25.600000381469727,101.4,8.96389103,-0.2681506,4.02225876,0.01792002,-,24.31372643,-0.06605487,0.85127175,0.0234295,0.28268176,33.72549057,34.11764908,-,-,57.20000076,56.87317657,14.64881134,-,2028,-,-83.98950195,36.88074875,-76.21040344,15.68627453,58.71957779,58.40889359,-
Sat Dec 02 14:27:58 EST 2017,02-Dec-2017 14:27:58.230,-76.21011242,36.88070383,26.0,3.0,-25.0,100.2,8.96389103,-0.07661445,4.40533113,-0.01464531,-,24.31372643,0.03940015,0.93327487,0.05857374,0.35297027,33.72549057,34.11764908,-,-,57.20000076,56.87317657,14.64881134,-,2028,-,-82.02099609,36.88070297,-76.21011353,15.68627453,58.16034317,58.40889359,-
Sat Dec 02 14:27:59 EST 2017,02-Dec-2017 14:27:59.235,-76.20982616,36.88066546,26.0,3.0,-25.200000762939453,99.6,8.84896946,0.19153613,3.67749381,0.00279107,-,24.70588303,-0.00142008,0.90984541,-0.0234295,0.31001619,34.50980377,34.50980377,-,-,57.20000076,56.87317657,14.64881134,-,2021,-,-82.6771698,36.88066483,-76.20982361,16.47058868,58.16034317,58.40889359,-
Sat Dec 02 14:28:00 EST 2017,02-Dec-2017 14:28:00.229,-76.20954278,36.88061996,26.0,3.0,-24.600000381469727,100.1,9.19373417,0.11492168,3.44765043,0.01997703,-,24.70588303,-0.07726464,0.85908157,0.00780983,0.23582277,34.50980377,34.50980377,-,-,57.20000076,56.87554169,14.64881134,-,2024,-,-80.70866394,36.88061905,-76.20954132,16.47058868,58.16034317,58.40889359,-
Sat Dec 02 14:28:01 EST 2017,02-Dec-2017 14:28:01.230,-76.20925394,36.88058059,26.0,3.0,-24.600000381469727,99.6,9.04050541,-0.22984336,3.40934324,-0.01155309,-,24.70588303,0.03786497,0.92936999,0.01952458,0.36078009,34.50980377,34.50980377,-,-,57.20000076,56.87554169,14.64881134,-,2024,-,-80.70866394,36.8805809,-76.2092514,16.47058868,58.16034317,58.40889359,-
Sat Dec 02 14:28:02 EST 2017,02-Dec-2017 14:28:02.227,-76.20896602,36.88054152,26.0,5.0,-24.299999237060547,99.6,9.38527107,0.68953007,5.17147589,0.0316901,-,24.70588303,-0.04719524,0.80441266,0.10152781,0.39982924,34.50980377,34.50980377,-,-,57.20000076,56.87554169,14.64881134,-,2024,-,-79.72440338,36.88054276,-76.20896912,16.47058868,58.16034317,58.40889359,-
Sat Dec 02 14:28:03 EST 2017,02-Dec-2017 14:28:03.231,-76.2086799,36.88050786,26.0,3.0,-24.100000381469727,99.7,10.30464458,1.26413846,5.36301184,0.13613811,-,24.70588303,0.11679135,1.0035634,-0.03123933,0.38811451,32.15686417,32.54901886,-,-,57.20000076,56.87671661,14.64881134,-,2038,-,-79.06824493,36.88050842,-76.2086792,16.47058868,58.16034317,58.40889359,-
Sat Dec 02 14:28:04 EST 2017,02-Dec-2017 14:28:04.227,-76.20840107,36.88048169,26.0,3.0,-24.700000762939453,99.5,7.31668043,1.11090958,3.98395157,-0.18529773,-,24.70588303,-0.20624268,0.66774058,-0.05076391,0.32563588,32.15686417,32.54901886,-,-,57.20000076,56.87671661,14.64881134,-,2038,-,-81.03675079,36.88048172,-76.20840454,16.47058868,58.16034317,58.40889359,-
Sat Dec 02 14:28:05 EST 2017,02-Dec-2017 14:28:05.234,-76.20811137,36.88043634,26.0,3.0,-24.799999237060547,99.6,9.30865574,-0.03830723,3.90733719,-0.03601708,-,23.52941132,0.04034662,0.9488945,-0.00390492,0.32563588,32.15686417,32.54901886,-,-,57.20000076,56.87671661,14.64881134,-,2038,-,-81.36483002,36.88043594,-76.20811462,15.29411793,58.16034317,58.40889359,-
Sat Dec 02 14:28:06 EST 2017,02-Dec-2017 14:28:06.230,-76.20782666,36.88039615,26.25,3.0,-25.100000381469727,100.9,7.24006605,1.18752408,2.87304211,-0.01084669,-,23.52941132,-0.11205172,0.82784218,0.00780983,0.22020312,32.94117737,32.54901886,-,-,57.20000076,56.87671661,14.64881134,-,2038,-,-82.34908295,36.8803978,-76.20782471,15.29411793,58.71957779,58.40889359,-
Sat Dec 02 14:28:07 EST 2017,02-Dec-2017 14:28:07.229,-76.20753151,36.88035326,26.5,3.0,-25.799999237060547,101.7,8.84896946,-0.03830723,4.175488,0.02049896,-,22.35294151,-0.03882434,0.87079626,0.00390492,0.30611128,31.37254906,31.76470566,-,-,57.20000076,56.87837219,14.64881134,-,2048,-,-84.64566803,36.88035202,-76.20753479,13.72549057,59.27880859,59.03026199,-
Sat Dec 02 14:28:08 EST 2017,02-Dec-2017 14:28:08.234,-76.20723443,36.88030031,26.5,3.0,-25.700000762939453,102.3,8.46589756,0.22984336,3.48595762,-0.04441239,-,22.35294151,-0.00795861,0.90594047,0.03123933,0.30220634,31.37254906,31.76470566,-,-,57.20000076,56.88050079,14.64881134,-,2060,-,-84.31758881,36.88029861,-76.20723724,13.72549057,59.27880859,59.65163422,52.19486237
Sat Dec 02 14:28:09 EST 2017,02-Dec-2017 14:28:09.232,-76.20693763,36.8802488,26.75,3.0,-26.0,103.1,8.58081913,1.18752408,3.90733719,-0.0212386,-,23.13725471,-0.04618685,0.87079626,0.08590815,0.27877685,31.37254906,31.76470566,-,-,57.20000076,56.88050079,14.64881134,-,2060,-,-85.30183411,36.88024902,-76.2069397,13.72549057,59.83804321,59.65163422,52.19486237
Sat Dec 02 14:28:10 EST 2017,02-Dec-2017 14:28:10.231,-76.20664573,36.88018969,27.0,3.0,-25.200000762939453,104.4,8.54251194,0.03830723,4.25210238,-0.02225421,-,23.13725471,-0.04114495,0.83174706,-0.00390492,0.37639979,32.94117737,33.33333206,-,-,57.20000076,56.88050079,14.64881134,-,2093,-,-82.6771698,36.88018799,-76.20664215,13.72549057,60.39727783,59.65163422,52.19486237
Sat Dec 02 14:28:11 EST 2017,02-Dec-2017 14:28:11.229,-76.20635099,36.88012815,27.25,3.0,-25.0,105.9,8.35097599,0.61291564,3.79241538,0.00078405,-,20.3921566,-0.03983294,0.87079626,0.03514424,0.30220634,27.84313774,27.45098114,-,-,57.20000076,56.88617325,14.64881134,-,2117,-,-82.02099609,36.88012695,-76.20635223,11.37254906,60.95651245,60.89437866,-
Sat Dec 02 14:28:12 EST 2017,02-Dec-2017 14:28:12.227,-76.20605869,36.88005446,27.5,3.0,-25.5,107.3,9.27034855,0.45968673,4.59686708,0.00504338,-,20.3921566,0.03656307,0.95279956,0.03123933,0.30611128,27.84313774,27.45098114,-,-,57.20000076,56.88617325,14.64881134,-,2117,-,-83.6614151,36.88005447,-76.20606232,11.37254906,61.51574707,60.89437866,-
Sat Dec 02 14:28:13 EST 2017,02-Dec-2017 14:28:13.229,-76.20576185,36.8799761,27.75,3.0,-26.0,108.4,7.96790314,-0.19153613,4.63517427,-0.04113942,-,20.3921566,-0.00733585,0.89422578,0.06247865,0.32563588,27.84313774,27.45098114,-,-,57.20000076,56.88617325,14.64881134,-,2117,-,-85.30183411,36.87997437,-76.20576477,11.37254906,62.07497787,60.89437866,-
Sat Dec 02 14:28:14 EST 2017,02-Dec-2017 14:28:14.227,-76.20546904,36.87988887,27.75,3.0,-26.399999618530273,109.5,8.15943909,0.57460839,4.21379519,-0.02101991,-,16.86274529,0.01304511,0.89032084,0.04685899,0.38030469,27.84313774,27.45098114,-,-,57.20000076,56.88617325,14.64881134,-,2117,-,-86.61417389,36.87989044,-76.20546722,7.45098066,62.07497787,60.89437866,-
Sat Dec 02 14:28:15 EST 2017,02-Dec-2017 14:28:15.229,-76.20517603,36.8798056,27.75,4.0,-27.200000762939453,109.5,8.65743351,0.5363012,4.5202527,-0.00819346,-,16.86274529,-0.04224353,0.86689138,0.01561966,0.30611128,27.84313774,27.45098114,-,-,57.20000076,56.88617325,14.64881134,-,2117,-,-89.23884583,36.87980652,-76.20517731,7.45098066,62.07497787,60.89437866,-
Sat Dec 02 14:28:16 EST 2017,02-Dec-2017 14:28:16.228,-76.20488885,36.87971067,27.75,4.0,-26.5,111.5,8.88727665,0.07661445,4.8267107,0.01413498,-,17.25490189,-0.01695123,0.89032084,0.07028849,0.31001619,25.49019623,26.27450943,-,-,57.20000076,56.88924789,14.64881134,-,2122,-,-86.94226074,36.87971115,-76.20488739,7.84313726,62.07497787,60.89437866,-
Sat Dec 02 14:28:16 EST 2017,02-Dec-2017 14:28:17.231,-76.20488885,36.87971067,27.75,4.0,-26.5,111.5,8.1211319,0.76614451,4.21379519,-0.04509014,-,19.2156868,-0.0083586,0.89032084,0.13667206,0.31392109,25.49019623,26.27450943,-,-,57.20000076,56.89230728,14.64881134,-,2134,-,-86.94226074,36.87971115,-76.20488739,9.4117651,62.07497787,60.89437866,-
Sat Dec 02 14:28:18 EST 2017,02-Dec-2017 14:28:18.228,-76.20431305,36.87952633,27.75,4.0,-26.600000381469727,113.1,8.54251194,0.22984336,4.29040956,-0.00091288,-,19.2156868,-0.00314063,0.87860614,-0.03904916,0.36858991,25.49019623,26.27450943,-,-,57.20000076,56.89230728,14.64881134,-,2134,-,-87.27033997,36.87952805,-76.20431519,9.4117651,62.07497787,60.89437866,-
Sat Dec 02 14:28:19 EST 2017,02-Dec-2017 14:28:19.230,-76.20402551,36.87942718,27.75,4.0,-26.399999618530273,114.1,8.46589756,0.57460839,4.36702394,0.00544335,-,19.2156868,0.02525484,0.92936999,0.04685899,0.32954079,25.49019623,26.27450943,-,-,57.20000076,56.89230728,14.64881134,-,2134,-,-86.61417389,36.87942886,-76.20402527,9.4117651,62.07497787,60.89437866,-
Sat Dec 02 14:28:20 EST 2017,02-Dec-2017 14:28:20.228,-76.20374333,36.87931992,27.5,4.0,-26.600000381469727,115.7,8.61912632,0.76614451,4.48194551,0.01366853,-,17.25490189,-0.00629115,0.87860614,0.07809832,0.35687518,25.49019623,25.49019623,-,-,57.20000076,56.89842606,14.64881134,-,2115,-,-87.27033997,36.87931824,-76.20374298,7.84313726,61.51574707,60.89437866,-
Sat Dec 02 14:28:21 EST 2017,02-Dec-2017 14:28:21.232,-76.20346694,36.87920977,27.5,4.0,-26.700000762939453,116.8,8.54251194,0.5363012,4.32871675,0.0233057,-,16.86274529,0.02931726,0.87079626,0.05466883,0.34125552,25.49019623,25.49019623,-,-,57.20000076,56.901474,14.64881134,-,2111,-,-87.59842682,36.87921143,-76.20346832,7.45098066,61.51574707,60.89437866,-
Sat Dec 02 14:28:22 EST 2017,02-Dec-2017 14:28:22.227,-76.20319608,36.87909688,27.25,4.0,-26.200000762939453,118.1,8.88727665,0.49799395,4.02225876,0.00448648,-,17.25490189,-0.00395987,0.90594047,0.05076391,0.31001619,25.49019623,25.88235283,-,-,57.20000076,56.90708542,14.64881134,-,2103,-,-85.95800781,36.87909698,-76.20319366,7.84313726,60.95651245,60.27300644,-
Sat Dec 02 14:28:23 EST 2017,02-Dec-2017 14:28:23.233,-76.202932,36.87898181,27.25,3.0,-25.700000762939453,119.1,8.42759037,1.30244577,4.06056595,-0.00085795,-,17.25490189,-0.01957017,0.88251102,0.06247865,0.32173091,25.88235283,25.88235283,-,-,57.20000076,56.90708542,14.64881134,-,2100,-,-84.31758881,36.87898254,-76.20293427,7.84313726,60.95651245,60.27300644,-
Sat Dec 02 14:28:24 EST 2017,02-Dec-2017 14:28:24.230,-76.20267689,36.87885725,27.0,3.0,-25.399999618530273,120.8,8.77235508,0.2681506,3.90733719,0.00161743,-,17.25490189,-0.02036421,0.89422578,0.02733441,0.29830143,25.88235283,25.88235283,-,-,57.20000076,56.90708542,14.64881134,-,2100,-,-83.33333588,36.87885666,-76.20267487,7.84313726,60.39727783,60.27300644,-
Sat Dec 02 14:28:25 EST 2017,02-Dec-2017 14:28:25.234,-76.20242542,36.87873349,26.75,3.0,-25.899999618530273,121.7,8.77235508,0.22984336,4.55855989,0.00775308,-,17.25490189,-0.04258613,0.85908157,0.01171475,0.32173091,25.88235283,25.88235283,-,-,57.20000076,56.90708542,14.64881134,-,2100,-,-84.97375488,36.87873459,-76.2024231,7.84313726,59.83804321,60.27300644,-
Sat Dec 02 14:28:26 EST 2017,02-Dec-2017 14:28:26.231,-76.20216673,36.87860009,26.75,3.0,-26.100000381469727,123.1,8.73404789,-0.19153613,3.98395157,-0.00863637,-,17.25490189,-0.02719473,0.89032084,0.0234295,0.29049161,25.88235283,25.88235283,-,-,57.20000076,56.90708542,14.64881134,-,2100,-,-85.62992096,36.87860107,-76.2021637,7.84313726,59.83804321,60.27300644,-
Sat Dec 02 14:28:27 EST 2017,02-Dec-2017 14:28:27.233,-76.20191565,36.87846768,26.25,3.0,-26.399999618530273,123.7,8.73404789,0.61291564,4.78840351,0.01509556,-,17.25490189,0.00760051,0.8747012,0.08590815,0.39201942,25.88235283,25.88235283,-,-,57.20000076,56.90708542,14.64881134,-,2100,-,-86.61417389,36.87846756,-76.20191193,7.84313726,58.71957779,60.27300644,-
Sat Dec 02 14:28:28 EST 2017,02-Dec-2017 14:28:28.232,-76.20167054,36.8783319,26.5,3.0,-26.700000762939453,124.8,8.92558384,-0.45968673,3.98395157,0.01520874,-,17.25490189,0.024138,0.92546505,-0.01952458,0.33735061,25.88235283,25.88235283,-,-,57.20000076,56.90708542,14.64881134,-,2100,-,-87.59842682,36.87833023,-76.20166779,7.84313726,59.27880859,60.27300644,-
Sat Dec 02 14:28:29 EST 2017,02-Dec-2017 14:28:29.230,-76.20142727,36.87819603,26.5,5.0,-26.899999618530273,124.8,9.04050541,1.26413846,4.13718033,0.0216893,-,17.25490189,0.05258031,0.94498962,0.04295408,0.36078009,25.88235283,25.88235283,-,-,57.20000076,56.90708542,14.64881134,-,2100,-,-88.2545929,36.87819672,-76.20142365,7.84313726,59.27880859,60.27300644,-
Sat Dec 02 14:28:29 EST 2017,02-Dec-2017 14:28:30.230,-76.20142727,36.87819603,26.5,5.0,-26.899999618530273,124.8,9.00219822,0.61291564,4.06056595,0.01627254,-,17.25490189,0.0071764,0.92156017,0.10933765,0.29049161,25.88235283,25.88235283,-,-,57.20000076,56.91675186,14.64881134,-,2100,-,-88.2545929,36.87819672,-76.20142365,7.84313726,59.27880859,58.40889359,47.36444092
Sat Dec 02 14:28:31 EST 2017,02-Dec-2017 14:28:31.231,-76.2009571,36.87790287,26.25,4.0,-26.600000381469727,127.5,9.04050541,0.42137951,4.06056595,0.01546902,-,20.7843132,0.03609927,0.95279956,-0.00390492,0.30611128,30.19607925,30.58823586,-,-,57.20000076,56.91788483,14.64881134,-,2033,-,-87.27033997,36.87790298,-76.20095825,11.76470566,58.71957779,58.40889359,47.36444092
Sat Dec 02 14:28:32 EST 2017,02-Dec-2017 14:28:32.232,-76.20072645,36.87775268,26.25,3.0,-26.5,128.9,8.96389103,-0.15322891,3.90733719,0.00272461,-,20.7843132,-0.00118326,0.91375035,0.01561966,0.30220634,30.19607925,30.58823586,-,-,57.20000076,56.91788483,14.64881134,-,2033,-,-86.94226074,36.87775421,-76.20072937,11.76470566,58.71957779,58.40889359,47.36444092
Sat Dec 02 14:28:33 EST 2017,02-Dec-2017 14:28:33.230,-76.20050762,36.87760062,26.0,3.0,-26.299999237060547,130.1,9.19373417,0.61291564,3.48595762,0.01608864,-,20.7843132,-0.03564663,0.89422578,0.05857374,0.25534737,30.19607925,30.58823586,-,-,57.20000076,56.91788483,14.64881134,-,2033,-,-86.28608704,36.87760162,-76.20050812,11.76470566,58.16034317,58.40889359,47.36444092
Sat Dec 02 14:28:34 EST 2017,02-Dec-2017 14:28:34.227,-76.20028389,36.87744543,25.75,3.0,-25.100000381469727,131.0,8.38928318,0.99598789,4.175488,0.01524913,-,22.35294151,-0.04481998,0.85908157,0.10933765,0.30220634,31.37254906,31.76470566,-,-,57.20000076,56.91901398,14.64881134,-,1991,-,-82.34908295,36.87744522,-76.20028687,13.72549057,57.60110855,58.40889359,-
Sat Dec 02 14:28:34 EST 2017,02-Dec-2017 14:28:35.232,-76.20028389,36.87744543,25.75,3.0,-25.100000381469727,131.0,8.92558384,0.8810662,4.25210238,0.00156713,-,21.17647171,-0.03084843,0.88641596,0.05857374,0.28658667,30.58823586,30.98039246,-,-,57.20000076,56.91938782,14.64881134,-,1983,-,-82.34908295,36.87744522,-76.20028687,12.15686321,57.60110855,57.16614914,-
Sat Dec 02 14:28:36 EST 2017,02-Dec-2017 14:28:36.226,-76.19986579,36.87713635,25.5,3.0,-25.100000381469727,133.2,9.42357826,0.42137951,4.06056595,0.02804839,-,22.35294151,0.01833317,0.9371798,0.0741934,0.29049161,31.76470566,31.76470566,-,-,57.20000076,56.91929245,14.64881134,-,1964,-,-82.34908295,36.87713623,-76.19986725,13.72549057,57.04187393,56.54477692,-
Sat Dec 02 14:28:37 EST 2017,02-Dec-2017 14:28:37.229,-76.199663,36.87697666,25.25,3.0,-24.5,134.3,9.30865574,0.76614451,3.29442143,0.0056846,-,22.35294151,-0.00522452,0.90203559,0.06247865,0.31392109,31.76470566,31.76470566,-,-,57.20000076,56.91929245,14.64881134,-,1954,-,-80.38057709,36.87697601,-76.19966125,13.72549057,56.48263931,56.54477692,-
Sat Dec 02 14:28:38 EST 2017,02-Dec-2017 14:28:38.228,-76.19947171,36.87681643,25.0,4.0,-24.299999237060547,135.5,8.88727665,0.22984336,3.98395157,-0.00468479,-,22.35294151,0.04177567,0.9488945,0.05466883,0.32563588,31.76470566,31.76470566,-,-,57.20000076,56.91853714,14.64881134,-,1954,-,-79.72440338,36.8768158,-76.19947052,13.72549057,55.92340851,55.92340851,-
Sat Dec 02 14:28:39 EST 2017,02-Dec-2017 14:28:39.227,-76.19928071,36.8766435,24.75,3.0,-23.399999618530273,136.7,8.77235508,0.45968673,3.63918662,-0.00266413,-,22.35294151,-0.02073811,0.88641596,0.03514424,0.31392109,31.76470566,32.15686417,-,-,57.20000076,56.91732025,14.64881134,-,1930,-,-76.77165222,36.87664413,-76.19927979,13.72549057,55.36417389,55.30203629,-
Sat Dec 02 14:28:40 EST 2017,02-Dec-2017 14:28:40.229,-76.19909605,36.87648329,25.0,3.0,-24.100000381469727,137.8,7.73806,1.03429508,4.02225876,-0.02763224,-,22.35294151,-0.01746359,0.89422578,0.0976229,0.29439652,31.76470566,32.15686417,-,-,57.20000076,56.91610336,14.64881134,-,1925,-,-79.06824493,36.87648392,-76.19909668,13.72549057,55.92340851,55.30203629,-
Sat Dec 02 14:28:41 EST 2017,02-Dec-2017 14:28:41.229,-76.19891266,36.87631502,24.75,3.0,-24.200000762939453,139.2,8.65743351,0.61291564,3.79241538,-0.00866799,-,22.35294151,-0.1069711,0.80441266,0.05857374,0.28268176,31.76470566,32.15686417,-,-,57.20000076,56.91610336,14.64881134,-,1925,-,-79.39633179,36.87631607,-76.19891357,14.50980377,55.36417389,55.30203629,-
Sat Dec 02 14:28:42 EST 2017,02-Dec-2017 14:28:42.229,-76.19874656,36.87614771,24.75,3.0,-24.200000762939453,140.0,8.61912632,0.5363012,4.06056595,-0.00823689,-,23.13725471,-0.02643429,0.87860614,0.06247865,0.31392109,36.86274719,36.86274719,-,-,57.20000076,56.91610336,14.64881134,-,1925,-,-79.39633179,36.87614822,-76.19874573,14.50980377,55.36417389,55.30203629,-
Sat Dec 02 14:28:43 EST 2017,02-Dec-2017 14:28:43.230,-76.19856972,36.87598213,25.0,3.0,-24.600000381469727,141.1,8.61912632,2.60489154,4.75009632,0.03626459,-,23.13725471,0.30639392,1.17928469,-0.15619664,0.43887842,36.86274719,36.86274719,-,-,57.20000076,56.91610336,14.64881134,-,1925,-,-80.70866394,36.87598038,-76.19857025,14.50980377,55.92340851,55.30203629,-
Sat Dec 02 14:28:44 EST 2017,02-Dec-2017 14:28:44.227,-76.19840038,36.87580231,25.25,3.0,-25.100000381469727,142.1,8.19774628,0.11492168,4.09887314,-0.02818128,-,23.13725471,-0.05499424,0.89422578,0.00390492,0.20458345,36.86274719,36.86274719,-,-,57.20000076,56.91610336,14.64881134,-,1925,-,-82.34908295,36.87580109,-76.1984024,14.50980377,56.48263931,55.30203629,-
Sat Dec 02 14:28:45 EST 2017,02-Dec-2017 14:28:45.229,-76.198231,36.87561846,25.5,3.0,-26.100000381469727,143.2,8.31266785,1.22583127,3.90733719,0.00669951,-,23.13725471,0.01663106,0.94108468,0.02733441,0.28268176,36.86274719,36.86274719,-,-,57.20000076,56.91629028,14.64881134,-,1957,-,-85.62992096,36.87561798,-76.19823456,14.50980377,57.04187393,57.16614914,-
Sat Dec 02 14:28:46 EST 2017,02-Dec-2017 14:28:46.230,-76.1980633,36.87542893,26.0,3.0,-26.200000762939453,144.1,8.88727665,1.99197578,3.48595762,-0.00268789,-,20.7843132,-0.25231272,0.6794554,-0.15619664,0.16943921,28.23529434,27.84313774,-,-,57.20000076,56.91629028,14.64881134,-,2005,-,-85.95800781,36.87542725,-76.19806671,12.54901981,58.16034317,57.16614914,-
Sat Dec 02 14:28:47 EST 2017,02-Dec-2017 14:28:47.230,-76.19789709,36.87524119,25.75,3.0,-26.799999237060547,145.1,9.73003578,0.84275901,4.94163227,0.00247617,-,19.2156868,0.03297234,0.92936999,0.06638357,0.34516042,27.84313774,28.23529434,-,-,57.20000076,56.91759872,14.64881134,-,2003,-,-87.92650604,36.87524033,-76.19789886,10.58823586,57.60110855,57.78752136,30.9278183
Sat Dec 02 14:28:48 EST 2017,02-Dec-2017 14:28:48.233,-76.1977381,36.87504847,25.75,3.0,-27.700000762939453,146.3,9.0788126,0.45968673,3.79241538,-0.01683956,-,20,-0.00168752,0.87860614,0.08981306,0.364685,28.62745094,28.62745094,-,-,57.20000076,56.91825485,14.64881134,-,2004,-,-90.87926483,36.87504959,-76.19773865,10.98039246,57.60110855,57.78752136,30.9278183
Sat Dec 02 14:28:49 EST 2017,02-Dec-2017 14:28:49.232,-76.19757671,36.87485333,26.0,4.0,-28.299999237060547,146.8,8.1211319,-1.03429508,4.86501789,0.00631433,-,20,-0.1747914,0.71850449,0.1718163,0.26706213,28.62745094,28.62745094,-,-,57.20000076,56.91955948,14.64881134,-,2007,-,-92.84776306,36.87485504,-76.19757843,10.98039246,58.16034317,57.78752136,30.9278183
Sat Dec 02 14:28:50 EST 2017,02-Dec-2017 14:28:50.230,-76.19741867,36.87465238,26.0,3.0,-29.0,147.8,8.6957407,0.5363012,5.05655384,-0.0600287,-,20,-0.33259115,0.55449808,0.2421048,0.18115395,28.62745094,28.62745094,-,-,57.20000076,56.91955948,14.64881134,-,2007,-,-95.14435577,36.87465286,-76.19741821,10.98039246,58.16034317,57.78752136,30.9278183
Sat Dec 02 14:28:51 EST 2017,02-Dec-2017 14:28:51.228,-76.19726297,36.87444533,26.25,3.0,-29.0,149.3,11.10909557,0.45968673,5.70777702,0.0654145,-,16.86274529,0.02773728,0.90984541,0.02733441,0.37639979,25.09803963,25.49019623,-,-,57.20000076,56.91955948,14.64881134,-,2024,-,-95.14435577,36.87444687,-76.19726562,10.98039246,58.71957779,57.78752136,30.9278183
Sat Dec 02 14:28:52 EST 2017,02-Dec-2017 14:28:52.231,-76.19710978,36.8742399,26.5,3.0,-29.399999618530273,150.7,8.73404789,0.38307226,4.175488,-0.00594865,-,16.86274529,-0.03487156,0.85908157,0.07028849,0.3334457,25.09803963,25.49019623,-,-,57.20000076,56.91955948,14.64881134,-,2024,-,-96.45669556,36.87424088,-76.19711304,10.98039246,59.27880859,57.78752136,30.9278183
Sat Dec 02 14:28:53 EST 2017,02-Dec-2017 14:28:53.232,-76.19696809,36.87402892,26.5,3.0,-29.899999618530273,151.7,8.6957407,0.80445176,4.44363832,0.04800194,-,16.86274529,-0.00736661,0.88641596,-0.02733441,0.34516042,22.74509811,23.92156982,-,-,57.20000076,56.92179108,14.64881134,-,2028,-,-98.09711456,36.87402725,-76.19696808,7.45098066,59.27880859,58.40889359,-
Sat Dec 02 14:28:54 EST 2017,02-Dec-2017 14:28:54.230,-76.19682811,36.87382253,26.5,3.0,-30.200000762939453,152.6,9.38527107,0.42137951,4.25210238,0.07019156,-,16.86274529,-0.0622803,0.79269797,0.06638357,0.39592433,22.74509811,23.13725471,-,-,57.20000076,56.92290497,14.64881134,-,2030,-,-99.08136749,36.87382126,-76.19683075,7.45098066,59.27880859,58.40889359,-
Sat Dec 02 14:28:55 EST 2017,02-Dec-2017 14:28:55.232,-76.19669501,36.87361182,26.5,3.0,-30.600000381469727,153.6,9.11711979,0.57460839,4.175488,0.00797471,-,16.86274529,0.04690415,0.92156017,0.06247865,0.39201942,22.74509811,22.74509811,-,-,57.20000076,56.92401505,14.64881134,-,2015,-,-100.39369965,36.87361145,-76.19669342,7.45098066,59.27880859,58.40889359,-
Sat Dec 02 14:28:56 EST 2017,02-Dec-2017 14:28:56.228,-76.1965647,36.87339851,26.25,3.0,-31.5,154.7,8.77235508,0.84275901,3.83072281,0.03050882,-,16.86274529,0.03099103,0.92546505,0.0234295,0.35297027,22.74509811,22.74509811,-,-,57.20000076,56.92401505,14.64881134,-,2021,-,-103.34645844,36.87339783,-76.19656372,7.45098066,58.71957779,58.40889359,-
Sat Dec 02 14:28:57 EST 2017,02-Dec-2017 14:28:57.229,-76.19644317,36.8731756,26.25,3.0,-32.099998474121094,156.1,8.46589756,0.07661445,3.63918662,-0.01287953,-,16.47058868,-0.06610399,0.83955687,0.07028849,0.30220634,22.74509811,22.74509811,-,-,57.20000076,56.92512512,14.64881134,-,2021,-,-105.31495667,36.87317657,-76.19644165,7.05882359,58.71957779,58.40889359,-
Sat Dec 02 14:28:58 EST 2017,02-Dec-2017 14:28:58.232,-76.1963242,36.87296001,26.25,4.0,-32.5,156.1,9.0788126,0.76614451,4.29040956,0.04557711,-,16.47058868,0.03635691,0.89813066,0.03123933,0.4154489,22.74509811,22.74509811,-,-,57.20000076,56.92576981,14.64881134,-,2001,-,-106.62729645,36.87295914,-76.19632721,7.05882359,58.71957779,57.78752136,-
Sat Dec 02 14:28:58 EST 2017,02-Dec-2017 14:28:59.227,-76.1963242,36.87296001,26.25,4.0,-32.5,156.1,8.73404789,0.34476504,4.29040956,0.02878859,-,16.47058868,-0.01449403,0.85517663,0.03123933,0.38811451,24.31372643,24.70588303,-,-,57.20000076,56.92576981,14.64881134,-,2001,-,-106.62729645,36.87295914,-76.19632721,7.05882359,58.71957779,57.78752136,-
Sat Dec 02 14:29:00 EST 2017,02-Dec-2017 14:29:00.232,-76.19611368,36.87252411,25.75,3.0,-32.70000076293945,159.1,8.1211319,0.57460839,4.25210238,0.0002897,-,16.47058868,-0.0146102,0.88641596,0.05857374,0.32563588,24.31372643,24.70588303,-,-,57.20000076,56.92576981,14.64881134,-,2001,-,-107.28347015,36.87252426,-76.19611359,7.05882359,57.60110855,57.78752136,-
Sat Dec 02 14:29:01 EST 2017,02-Dec-2017 14:29:01.229,-76.19601794,36.87230898,25.5,3.0,-32.900001525878906,160.1,9.04050541,0.49799395,4.36702394,0.02324788,-,16.47058868,-0.01406064,0.90203559,0.04685899,0.29439652,24.31372643,24.70588303,-,-,57.20000076,56.92576981,14.64881134,-,2001,-,-107.93963623,36.87231064,-76.1960144,7.05882359,57.04187393,57.78752136,-
Sat Dec 02 14:29:02 EST 2017,02-Dec-2017 14:29:02.228,-76.19592136,36.87209457,25.25,3.0,-32.70000076293945,160.8,9.0788126,0.07661445,3.40934324,0.00063822,-,16.47058868,-0.06992682,0.85517663,0.03514424,0.26315722,24.31372643,24.70588303,-,-,57.20000076,56.92576981,14.64881134,-,2001,-,-107.28347015,36.8720932,-76.19592285,7.05882359,56.48263931,57.78752136,-
Sat Dec 02 14:29:03 EST 2017,02-Dec-2017 14:29:03.230,-76.1958335,36.87187657,25.5,3.0,-32.599998474121094,161.7,7.92959595,0.30645782,4.25210238,-0.01052943,-,16.47058868,-0.03868141,0.85908157,0.03123933,0.32954079,24.31372643,24.70588303,-,-,57.20000076,56.9254837,14.64881134,-,1976,-,-106.95537567,36.87187576,-76.1958313,7.05882359,57.04187393,56.54477692,-
Sat Dec 02 14:29:04 EST 2017,02-Dec-2017 14:29:04.228,-76.19575213,36.87166139,25.5,3.0,-32.79999923706055,162.8,9.30865574,0.38307226,4.44363832,0.03334389,-,18.8235302,-0.01887006,0.87079626,0.0741934,0.34516042,27.05882454,27.45098114,-,-,57.20000076,56.92520142,14.64881134,-,1947,-,-107.61154938,36.87166214,-76.195755,9.8039217,57.04187393,56.54477692,-
Sat Dec 02 14:29:05 EST 2017,02-Dec-2017 14:29:05.242,-76.19566513,36.87144408,25.5,4.0,-33.0,162.6,9.11711979,0.22984336,4.175488,0.01911208,-,21.17647171,0.00336653,0.92156017,0.03514424,0.29439652,29.80392265,30.19607925,-,-,57.20000076,56.92445374,14.64881134,-,1945,-,-108.26771545,36.8714447,-76.19566345,12.15686321,57.04187393,55.92340851,-
Sat Dec 02 14:29:06 EST 2017,02-Dec-2017 14:29:06.228,-76.19559194,36.87122501,25.25,4.0,-32.599998474121094,164.6,8.77235508,-0.68953007,4.25210238,0.0020609,-,21.17647171,-0.01940676,0.87860614,0.13276714,0.31392109,29.80392265,30.19607925,-,-,57.20000076,56.92370605,14.64881134,-,1944,-,-106.95537567,36.87122345,-76.19559479,12.15686321,56.48263931,55.92340851,-
Sat Dec 02 14:29:07 EST 2017,02-Dec-2017 14:29:07.227,-76.19552801,36.87100283,25.25,3.0,-32.599998474121094,166.2,9.30865574,0.38307226,4.48194551,-0.00609551,-,21.17647171,-0.05648904,0.83955687,0.01561966,0.32954079,29.80392265,30.19607925,-,-,57.20000076,56.92370605,14.64881134,-,1944,-,-106.95537567,36.8710022,-76.19552612,12.15686321,56.48263931,55.92340851,-
Sat Dec 02 14:29:08 EST 2017,02-Dec-2017 14:29:08.227,-76.19546762,36.87078249,25.25,4.0,-32.79999923706055,167.1,8.04451752,0.99598789,3.94564438,0.00052835,-,21.56862831,-0.0659814,0.8083176,0.07809832,0.36078009,30.98039246,30.98039246,-,-,57.20000076,56.92296219,14.64881134,-,1956,-,-107.61154938,36.87078094,-76.19546509,12.94117641,56.48263931,55.92340851,-
Sat Dec 02 14:29:09 EST 2017,02-Dec-2017 14:29:09.231,-76.19541021,36.87056123,25.0,3.0,-33.0,168.7,8.92558384,0.65122288,4.29040956,-0.00876455,-,22.35294151,-0.07457323,0.83955687,0.03904916,0.28658667,32.15686417,30.98039246,-,-,57.20000076,56.92268372,14.64881134,-,1957,-,-108.26771545,36.87055969,-76.19541168,13.72549057,55.92340851,56.54477692,49.65882492
Sat Dec 02 14:29:10 EST 2017,02-Dec-2017 14:29:10.228,-76.19536467,36.87034084,25.0,4.0,-33.900001525878906,170.3,9.00219822,0.84275901,3.44765043,-0.01489714,-,24.70588303,-0.05445348,0.87079626,0.07809832,0.25925228,34.50980377,34.90196228,-,-,57.20000076,56.92212296,14.64881134,-,2014,-,-111.22047424,36.87034225,-76.19536591,16.47058868,55.92340851,56.54477692,49.65882492
Sat Dec 02 14:29:11 EST 2017,02-Dec-2017 14:29:11.227,-76.19531962,36.87011687,25.25,4.0,-34.20000076293945,170.9,8.19774628,0.91937345,3.67749381,-0.06033379,-,24.70588303,-0.01378984,0.89813066,0.11324256,0.29049161,34.11764908,34.50980377,-,-,57.20000076,56.92212296,14.64881134,-,2007,-,-112.20472717,36.87011719,-76.19532013,16.47058868,56.48263931,56.54477692,49.65882492
Sat Dec 02 14:29:12 EST 2017,02-Dec-2017 14:29:12.228,-76.1952755,36.86988893,25.75,3.0,-34.20000076293945,171.5,7.16345167,0.19153613,3.98395157,-0.03894722,-,24.31372643,-0.1328389,0.7575537,0.05466883,0.317826,33.72549057,34.11764908,-,-,57.20000076,56.92294312,14.64881134,-,2015,-,-112.20472717,36.86988831,-76.19527435,16.07843208,57.60110855,57.78752136,51.24301147
Sat Dec 02 14:29:13 EST 2017,02-Dec-2017 14:29:13.228,-76.19524114,36.86965857,25.75,4.0,-34.5,172.9,8.73404789,-0.19153613,4.5202527,0.00634598,-,24.31372643,0.00199689,0.88251102,0.03514424,0.37249482,33.72549057,33.72549057,-,-,57.20000076,56.92404175,14.64881134,-,2034,-,-113.1889801,36.86965942,-76.19524384,15.68627453,57.60110855,58.40889359,85.32949829
Sat Dec 02 14:29:14 EST 2017,02-Dec-2017 14:29:14.227,-76.19521369,36.86942699,26.0,3.0,-34.29999923706055,173.8,7.77636719,2.22181916,3.75410819,-0.0254445,-,24.31372643,-0.10727017,0.80050778,0.1444819,0.26706213,33.72549057,33.72549057,-,-,57.20000076,56.92404175,14.64881134,-,2034,-,-112.5328064,36.86942673,-76.19521332,15.68627453,58.16034317,58.40889359,85.32949829
Sat Dec 02 14:29:15 EST 2017,02-Dec-2017 14:29:15.227,-76.19518532,36.8691862,26.25,3.0,-34.0,174.7,8.46589756,0.34476504,4.59686708,-0.03127988,-,24.31372643,-0.15130931,0.78879303,0,0.21239327,33.72549057,33.72549057,-,-,57.20000076,56.92404175,14.64881134,-,2034,-,-111.54855347,36.8691864,-76.1951828,15.68627453,58.71957779,58.40889359,85.32949829
Sat Dec 02 14:29:16 EST 2017,02-Dec-2017 14:29:16.229,-76.1951706,36.86895156,26.25,3.0,-34.400001525878906,175.6,8.92558384,1.34075296,3.44765043,0.00566215,-,23.92156982,0.02051857,0.92156017,0.10152781,0.32563588,30.58823586,33.72549057,-,-,57.20000076,56.92404175,14.64881134,-,2034,-,-112.86090088,36.86894989,-76.19516754,15.68627453,58.71957779,58.40889359,85.32949829
Sat Dec 02 14:29:17 EST 2017,02-Dec-2017 14:29:17.227,-76.19515565,36.86871726,26.25,4.0,-34.400001525878906,177.0,8.54251194,0.30645782,4.21379519,-0.02571069,-,23.92156982,-0.07662001,0.81612742,0.1210524,0.31392109,30.58823586,31.76470566,-,-,57.20000076,56.9251442,14.64881134,-,2036,-,-112.86090088,36.86871719,-76.19515228,14.11764717,58.71957779,58.40889359,-
Sat Dec 02 14:29:18 EST 2017,02-Dec-2017 14:29:18.227,-76.19515099,36.86848083,26.25,4.0,-34.5,178.6,8.23605347,0.76614451,3.98395157,-0.00594801,-,22.74509811,-0.01291605,0.90984541,0.10543273,0.26706213,32.15686417,32.54901886,-,-,57.20000076,56.92670059,14.64881134,-,2049,-,-113.1889801,36.86848068,-76.19515228,14.50980377,58.71957779,59.03026199,-
Sat Dec 02 14:29:19 EST 2017,02-Dec-2017 14:29:19.227,-76.19515172,36.86824135,26.5,4.0,-34.400001525878906,180.0,9.00219822,-0.38307226,4.5202527,0.01344378,-,21.96078491,0.00794876,0.91765523,0.13276714,0.29439652,31.37254906,31.37254906,-,-,57.20000076,56.92980576,14.64881134,-,2056,-,-112.86090088,36.86824036,-76.19515228,12.94117641,59.27880859,59.03026199,42.90426254
Sat Dec 02 14:29:20 EST 2017,02-Dec-2017 14:29:20.227,-76.19516328,36.86799986,26.75,4.0,-34.400001525878906,181.7,9.0788126,-0.03830723,4.09887314,-0.00241285,-,21.96078491,0.01444493,0.88641596,0.06638357,0.38811451,30.98039246,31.37254906,-,-,57.20000076,56.92980576,14.64881134,-,2056,-,-112.86090088,36.86800003,-76.19515991,12.94117641,59.83804321,59.03026199,42.90426254
Sat Dec 02 14:29:21 EST 2017,02-Dec-2017 14:29:21.228,-76.1951811,36.86776214,26.5,4.0,-35.099998474121094,183.5,8.77235508,0.38307226,3.75410819,0.01376479,-,21.96078491,0.03322343,0.90984541,-0.02733441,0.38811451,30.98039246,30.98039246,-,-,57.20000076,56.92980576,14.64881134,-,2070,-,-115.15747833,36.86776352,-76.1951828,12.94117641,59.27880859,59.03026199,42.90426254
Sat Dec 02 14:29:22 EST 2017,02-Dec-2017 14:29:22.226,-76.19519885,36.86752272,26.75,4.0,-35.20000076293945,183.3,8.96389103,0.42137951,4.32871675,0.00278295,-,21.56862831,-0.04493979,0.86298645,-0.04295408,0.30611128,30.19607925,30.19607925,-,-,57.20000076,56.93382263,14.64881134,-,2072,-,-115.48556519,36.86752319,-76.19519806,12.54901981,59.83804321,59.65163422,-
Sat Dec 02 14:29:23 EST 2017,02-Dec-2017 14:29:23.227,-76.19521662,36.86728217,26.75,4.0,-35.20000076293945,183.1,8.6957407,-0.03830723,4.29040956,-0.00516613,-,21.56862831,0.01165842,0.92936999,-0.01952458,0.29830143,30.19607925,30.19607925,-,-,57.20000076,56.93382263,14.64881134,-,2072,-,-115.48556519,36.86728287,-76.19521332,12.54901981,59.83804321,59.65163422,-
Sat Dec 02 14:29:24 EST 2017,02-Dec-2017 14:29:24.229,-76.19523233,36.86703962,27.0,3.0,-34.400001525878906,182.7,7.39329481,0.30645782,4.44363832,-0.00504032,-,21.56862831,-0.08809349,0.81612742,-0.00390492,0.30611128,30.19607925,30.19607925,-,-,57.20000076,56.93582153,14.64881134,-,2082,-,-112.86090088,36.86703873,-76.19522858,12.54901981,60.39727783,59.65163422,-
Sat Dec 02 14:29:25 EST 2017,02-Dec-2017 14:29:25.234,-76.19524561,36.86679913,26.75,4.0,-34.20000076293945,183.1,8.73404789,0.30645782,4.40533113,-0.01966172,-,21.56862831,-0.03987267,0.87079626,0.08590815,0.29439652,30.19607925,30.58823586,-,-,57.20000076,56.93582153,14.64881134,-,2082,-,-112.20472717,36.8667984,-76.19524384,12.54901981,59.83804321,59.65163422,-
Sat Dec 02 14:29:26 EST 2017,02-Dec-2017 14:29:26.229,-76.19525667,36.86655452,27.0,3.0,-34.29999923706055,182.7,8.15943909,-0.07661445,4.175488,-0.00642791,-,20.7843132,0.01134917,0.92156017,0.03904916,0.31392109,29.80392265,29.80392265,-,-,57.20000076,56.94073486,14.64881134,-,2091,-,-112.5328064,36.86655426,-76.19525909,12.15686321,60.39727783,60.27300644,35.89172363
Sat Dec 02 14:29:27 EST 2017,02-Dec-2017 14:29:27.227,-76.19526487,36.86631492,27.0,4.0,-33.599998474121094,182.3,8.42759037,0.07661445,4.44363832,0.00859589,-,21.17647171,-0.03613726,0.8747012,0.03904916,0.30220634,29.80392265,29.80392265,-,-,57.20000076,56.9431839,14.64881134,-,2089,-,-110.23621368,36.86631393,-76.19526672,12.54901981,60.39727783,60.27300644,35.89172363
Sat Dec 02 14:29:28 EST 2017,02-Dec-2017 14:29:28.231,-76.19528289,36.86607574,26.75,4.0,-34.400001525878906,183.4,7.66144562,-0.42137951,3.98395157,-0.09969068,-,21.17647171,-0.02984917,0.89422578,-0.01952458,0.27487195,29.80392265,29.80392265,-,-,57.20000076,56.94563293,14.64881134,-,2088,-,-112.86090088,36.86607742,-76.19528198,12.54901981,59.83804321,60.27300644,35.89172363
Sat Dec 02 14:29:29 EST 2017,02-Dec-2017 14:29:29.228,-76.1952979,36.86583098,26.75,4.0,-34.900001525878906,183.1,8.58081913,0.38307226,3.79241538,0.00572038,-,21.17647171,-0.09860377,0.83565199,0.10543273,0.22020312,29.80392265,29.80392265,-,-,57.20000076,56.95051575,14.64881134,-,2092,-,-114.50131989,36.86582947,-76.19529724,12.15686321,59.83804321,60.27300644,-
Sat Dec 02 14:29:30 EST 2017,02-Dec-2017 14:29:30.228,-76.19530847,36.86558762,27.0,3.0,-34.79999923706055,183.0,8.81066227,-0.15322891,4.29040956,0.00996133,-,21.17647171,-0.02862313,0.87079626,-0.01171475,0.32954079,29.80392265,30.19607925,-,-,57.20000076,56.9553833,14.64881134,-,2090,-,-114.1732254,36.86558914,-76.19530487,12.15686321,60.39727783,60.27300644,-
Sat Dec 02 14:29:31 EST 2017,02-Dec-2017 14:29:31.230,-76.19532115,36.86534434,27.0,3.0,-35.0,182.9,8.58081913,-0.49799395,3.52426481,-0.00915136,-,21.17647171,-0.01862903,0.89813066,-0.01561966,0.29439652,29.80392265,30.19607925,-,-,57.20000076,56.9553833,14.64881134,-,2090,-,-114.82939911,36.865345,-76.19532013,12.15686321,60.39727783,60.27300644,-
Sat Dec 02 14:29:32 EST 2017,02-Dec-2017 14:29:32.226,-76.19533429,36.86510297,27.0,3.0,-34.70000076293945,183.2,9.04050541,0.57460839,4.25210238,0.00726539,-,21.17647171,0.0500258,0.9371798,-0.01561966,0.37249482,29.80392265,29.80392265,-,-,57.20000076,56.95780945,14.64881134,-,2089,-,-113.84514618,36.86510468,-76.19533539,12.15686321,60.39727783,60.27300644,-
Sat Dec 02 14:29:33 EST 2017,02-Dec-2017 14:29:33.231,-76.19535665,36.86485788,27.0,3.0,-34.5,183.4,8.54251194,0.22984336,3.60087943,0.01538521,-,21.17647171,-0.04182148,0.87079626,0.0234295,0.29830143,29.80392265,30.19607925,-,-,57.20000076,56.96266174,14.64881134,-,2096,-,-113.1889801,36.86485672,-76.19535828,12.54901981,60.39727783,60.27300644,-
Sat Dec 02 14:29:34 EST 2017,02-Dec-2017 14:29:34.231,-76.1953745,36.86461408,27.0,3.0,-34.20000076293945,183.4,8.50420475,0.22984336,4.09887314,0.00310356,-,21.17647171,-0.05773513,0.83955687,0.03514424,0.32563588,29.80392265,30.19607925,-,-,57.20000076,56.96266174,14.64881134,-,2096,-,-112.20472717,36.86461258,-76.19537354,12.54901981,60.39727783,60.27300644,-
Sat Dec 02 14:29:35 EST 2017,02-Dec-2017 14:29:35.227,-76.19539606,36.86436788,27.0,3.0,-33.70000076293945,183.6,8.84896946,0.8810662,4.175488,-0.01889062,-,21.17647171,-0.13734646,0.74583894,0.0976229,0.32173091,27.45098114,27.45098114,-,-,57.20000076,56.96266174,14.64881134,-,2096,-,-110.56430817,36.86436844,-76.19539642,12.54901981,60.39727783,60.27300644,-
Sat Dec 02 14:29:36 EST 2017,02-Dec-2017 14:29:36.228,-76.1954233,36.86412672,27.0,3.0,-33.70000076293945,184.0,8.35097599,0,3.94564438,-0.00829879,-,20,-0.03540925,0.86298645,0.0234295,0.32954079,27.84313774,27.84313774,-,-,57.20000076,56.96658707,14.64881134,-,2063,-,-110.56430817,36.86412811,-76.19542694,10.98039246,60.39727783,59.65163422,-
Sat Dec 02 14:29:37 EST 2017,02-Dec-2017 14:29:37.229,-76.19544671,36.86388476,26.75,3.0,-33.400001525878906,184.2,8.08282471,0,4.175488,0.01976553,-,20,-0.11310919,0.76926845,-0.05466883,0.33735061,27.84313774,27.84313774,-,-,57.20000076,56.96658707,14.64881134,-,2063,-,-109.58005524,36.86388397,-76.19544983,10.98039246,59.83804321,59.65163422,-
Sat Dec 02 14:29:38 EST 2017,02-Dec-2017 14:29:38.231,-76.19547097,36.86364618,26.5,4.0,-33.5,184.6,9.19373417,0.45968673,4.44363832,0.0225998,-,20,-0.09424683,0.82003236,0.06247865,0.27877685,27.84313774,27.84313774,-,-,57.20000076,56.96658707,14.64881134,-,2063,-,-109.90813446,36.86364746,-76.19547272,10.98039246,59.27880859,59.65163422,-
Sat Dec 02 14:29:39 EST 2017,02-Dec-2017 14:29:39.231,-76.19549904,36.86341008,26.25,4.0,-34.0,185.2,8.46589756,0.45968673,3.75410819,-0.01693812,-,22.35294151,-0.04238692,0.86298645,0.08200324,0.30611128,31.76470566,27.84313774,-,-,57.20000076,56.96658707,14.64881134,-,2063,-,-111.54855347,36.86341095,-76.19549561,10.98039246,58.71957779,59.65163422,-
Sat Dec 02 14:29:40 EST 2017,02-Dec-2017 14:29:40.232,-76.19552082,36.8631718,26.5,4.0,-33.900001525878906,184.4,8.61912632,0.45968673,4.09887314,-0.00697589,-,23.13725471,0.03275808,0.94498962,0.03904916,0.31392109,32.15686417,27.84313774,-,-,57.20000076,56.96809006,14.64881134,-,2071,-,-111.22047424,36.86317062,-76.19551849,14.50980377,59.27880859,59.03026199,-
Sat Dec 02 14:29:41 EST 2017,02-Dec-2017 14:29:41.230,-76.19554584,36.86292994,26.75,3.0,-33.20000076293945,184.1,8.73404789,0.15322891,4.13718033,-0.00960751,-,22.74509811,-0.01370475,0.89813066,-0.0234295,0.30611128,32.15686417,32.15686417,-,-,57.20000076,56.97200012,14.64881134,-,2071,-,-108.92388916,36.8629303,-76.19554901,14.50980377,59.83804321,59.65163422,46.67503357
Sat Dec 02 14:29:42 EST 2017,02-Dec-2017 14:29:42.235,-76.19556403,36.86268799,26.75,3.0,-33.20000076293945,183.6,8.58081913,0.91937345,4.06056595,0.00168448,-,22.74509811,-0.02311725,0.88251102,0.01561966,0.317826,32.15686417,32.15686417,-,-,57.20000076,56.97200012,14.64881134,-,2071,-,-108.92388916,36.86268616,-76.19556427,14.50980377,59.83804321,59.65163422,46.67503357
Sat Dec 02 14:29:43 EST 2017,02-Dec-2017 14:29:43.231,-76.1955799,36.86244465,26.75,3.0,-32.70000076293945,183.1,9.30865574,0.76614451,4.21379519,-0.02146938,-,22.74509811,-0.06470805,0.84346181,0.03123933,0.30220634,30.58823586,30.58823586,-,-,57.20000076,56.97394943,14.64881134,-,2078,-,-107.28347015,36.86244583,-76.19557953,14.50980377,59.83804321,59.65163422,46.67503357
Sat Dec 02 14:29:44 EST 2017,02-Dec-2017 14:29:44.230,-76.19559703,36.86220184,27.0,3.0,-32.5,182.6,8.46589756,0.68953007,3.79241538,-0.03277254,-,21.56862831,0.00744906,0.92156017,0.00780983,0.30611128,30.19607925,30.19607925,-,-,57.20000076,56.97589493,14.64881134,-,2081,-,-106.62729645,36.86220169,-76.19559479,12.94117641,60.39727783,59.65163422,-
Sat Dec 02 14:29:45 EST 2017,02-Dec-2017 14:29:45.226,-76.19561265,36.86196117,26.75,3.0,-32.29999923706055,182.9,8.27436066,0.80445176,3.94564438,0.01106536,-,21.96078491,-0.03903069,0.86689138,0,0.31392109,30.58823586,30.58823586,-,-,57.20000076,56.97784042,14.64881134,-,2079,-,-105.97112274,36.86196136,-76.19561005,12.94117641,59.83804321,59.65163422,-
Sat Dec 02 14:29:46 EST 2017,02-Dec-2017 14:29:46.232,-76.19562829,36.86171811,27.0,3.0,-32.0,182.9,8.81066227,-0.22984336,4.02225876,0.02912023,-,21.56862831,0.04408742,0.95279956,0.01952458,0.32563588,30.58823586,30.58823586,-,-,57.20000076,56.9797821,14.64881134,-,2082,-,-104.98687744,36.86171722,-76.19562531,12.94117641,60.39727783,59.65163422,-
Sat Dec 02 14:29:47 EST 2017,02-Dec-2017 14:29:47.228,-76.19564169,36.86147624,27.0,4.0,-32.20000076293945,182.8,8.84896946,0.45968673,3.75410819,-0.00543731,-,21.56862831,-0.02386727,0.8747012,-0.05076391,0.32954079,30.19607925,30.58823586,-,-,57.20000076,56.98410797,14.64881134,-,2079,-,-105.64304352,36.8614769,-76.19564056,12.94117641,60.39727783,60.27300644,-
Sat Dec 02 14:29:48 EST 2017,02-Dec-2017 14:29:48.232,-76.19565319,36.86123744,26.75,4.0,-32.20000076293945,182.7,8.38928318,0,3.86903,-0.03925925,-,21.56862831,0.05166673,0.96451426,-0.01952458,0.317826,30.58823586,30.58823586,-,-,57.20000076,56.98604202,14.64881134,-,2088,-,-105.64304352,36.86123657,-76.19565582,12.94117641,59.83804321,59.65163422,-
Sat Dec 02 14:29:49 EST 2017,02-Dec-2017 14:29:49.230,-76.19566781,36.86099778,26.75,3.0,-32.0,182.5,8.84896946,-0.42137951,3.90733719,0.00250972,-,21.56862831,-0.06319194,0.86298645,0.01952458,0.26315722,30.58823586,30.58823586,-,-,57.20000076,56.99080276,14.64881134,-,2084,-,-104.98687744,36.86099625,-76.19567108,12.94117641,59.83804321,60.27300644,38.1590271
Sat Dec 02 14:29:50 EST 2017,02-Dec-2017 14:29:50.229,-76.1956742,36.86075132,27.0,3.0,-31.799999237060547,181.8,9.42357826,0.34476504,4.32871675,0.0107815,-,22.35294151,0.07714795,0.94108468,-0.00390492,0.42325872,30.19607925,30.58823586,-,-,57.20000076,56.99272156,14.64881134,-,2081,-,-104.33070374,36.86075211,-76.19567108,13.33333397,60.39727783,59.65163422,38.1590271
Sat Dec 02 14:29:51 EST 2017,02-Dec-2017 14:29:51.229,-76.19568154,36.86050859,27.0,3.0,-31.799999237060547,181.8,9.04050541,0.34476504,3.52426481,0.00679708,-,22.35294151,0.0272472,0.92156017,0.00780983,0.35297027,30.19607925,30.58823586,-,-,57.20000076,56.99272156,14.64881134,-,2081,-,-104.33070374,36.86050797,-76.19567871,13.33333397,60.39727783,59.65163422,38.1590271
Sat Dec 02 14:29:52 EST 2017,02-Dec-2017 14:29:52.228,-76.19568848,36.86026657,27.0,3.0,-31.700000762939453,181.5,8.23605347,0.07661445,4.8267107,0.00914305,-,22.35294151,-0.04655487,0.88251102,0.07809832,0.25144243,31.37254906,30.58823586,-,-,57.20000076,56.99272156,14.64881134,-,2081,-,-104.00262451,36.86026764,-76.19568634,13.33333397,60.39727783,59.65163422,38.1590271
Sat Dec 02 14:29:53 EST 2017,02-Dec-2017 14:29:53.230,-76.19569814,36.8600237,27.0,3.0,-31.399999618530273,181.4,8.73404789,-0.07661445,3.44765043,-0.00348617,-,22.35294151,-0.0156405,0.89422578,0.0234295,0.31001619,31.37254906,31.76470566,-,-,57.20000076,56.99509048,14.64881134,-,2095,-,-103.01837158,36.8600235,-76.1957016,13.33333397,60.39727783,60.27300644,-
Sat Dec 02 14:29:54 EST 2017,02-Dec-2017 14:29:54.231,-76.19570359,36.85977658,27.0,3.0,-31.200000762939453,181.2,8.54251194,0.57460839,4.63517427,-0.00326462,-,23.13725471,-0.07023864,0.82003236,0.01171475,0.33735061,31.76470566,32.15686417,-,-,57.20000076,56.99509048,14.64881134,-,2095,-,-102.36220551,36.85977554,-76.1957016,14.50980377,60.39727783,60.27300644,-
Sat Dec 02 14:29:55 EST 2017,02-Dec-2017 14:29:55.228,-76.19570574,36.85953165,27.25,3.0,-31.100000381469727,181.0,8.61912632,0.61291564,3.86903,0.02051065,-,23.13725471,0.02784125,0.95279956,0.08590815,0.27487195,31.76470566,32.15686417,-,-,57.20000076,56.99509048,14.64881134,-,2095,-,-102.03411865,36.8595314,-76.19570923,14.50980377,60.95651245,60.27300644,-
Sat Dec 02 14:29:56 EST 2017,02-Dec-2017 14:29:56.231,-76.19571147,36.85928571,27.25,3.0,-31.0,181.4,8.96389103,0,4.8267107,0.0251341,-,21.17647171,0.01689374,0.90594047,-0.06247865,0.35687518,31.76470566,32.15686417,-,-,57.20000076,56.99746323,14.64881134,-,2105,-,-101.70603943,36.85928726,-76.19570923,11.76470566,60.95651245,60.27300644,-
Sat Dec 02 14:29:57 EST 2017,02-Dec-2017 14:29:57.232,-76.19572435,36.85904162,27.25,3.0,-30.799999237060547,182.0,8.58081913,0.38307226,4.09887314,-0.0108425,-,22.35294151,-0.03461079,0.87860614,0.02733441,0.29830143,31.37254906,31.76470566,-,-,57.20000076,56.99982452,14.64881134,-,2092,-,-101.04986572,36.85904312,-76.19572449,13.72549057,60.95651245,60.27300644,-
Sat Dec 02 14:29:58 EST 2017,02-Dec-2017 14:29:58.227,-76.19573738,36.85879998,27.0,4.0,-30.5,182.3,7.73806,0.30645782,3.79241538,-0.00693571,-,22.74509811,-0.02501692,0.87860614,-0.01171475,0.32173091,31.37254906,31.76470566,-,-,57.20000076,57.00218201,14.64881134,-,2095,-,-100.06562042,36.85879898,-76.19573975,13.72549057,60.39727783,60.27300644,-
Sat Dec 02 14:29:59 EST 2017,02-Dec-2017 14:29:59.228,-76.19574945,36.85855945,26.75,3.0,-30.0,182.3,8.88727665,0.2681506,3.63918662,0.01144385,-,22.74509811,0.01473825,0.95279956,0.01952458,0.24753754,31.76470566,32.15686417,-,-,57.20000076,57.00218201,14.64881134,-,2077,-,-98.42519379,36.85855865,-76.19574738,13.72549057,59.83804321,60.27300644,-
Sat Dec 02 14:30:00 EST 2017,02-Dec-2017 14:30:00.230,-76.19576618,36.85832053,26.75,4.0,-29.399999618530273,182.7,9.00219822,0.03830723,3.29442143,-0.00743551,-,23.13725471,0.05862258,1.0035634,0,0.23582277,31.37254906,32.94117737,-,-,57.20000076,57.00600052,14.64881134,-,2070,-,-96.45669556,36.85832214,-76.19576263,14.90196133,59.83804321,59.65163422,-
Sat Dec 02 14:30:01 EST 2017,02-Dec-2017 14:30:01.228,-76.19578382,36.85808147,26.75,4.0,-29.299999237060547,183.1,9.15542698,0.42137951,4.02225876,0.03927463,-,22.35294151,-0.02417992,0.85908157,0.03514424,0.36078009,30.98039246,30.98039246,-,-,57.20000076,57.00935745,14.64881134,-,2062,-,-96.1286087,36.85808182,-76.19578552,13.72549057,59.83804321,59.03026199,-
Sat Dec 02 14:30:02 EST 2017,02-Dec-2017 14:30:02.231,-76.19580412,36.8578422,26.75,3.0,-29.100000381469727,183.4,5.28639746,2.48996973,2.22181916,-0.02587714,-,24.70588303,-0.16909738,0.76926845,-0.1210524,0.1889638,34.11764908,34.11764908,-,-,57.20000076,57.00935745,14.64881134,-,2062,-,-95.47244263,36.85784149,-76.19580078,15.29411793,59.83804321,59.03026199,-
Sat Dec 02 14:30:03 EST 2017,02-Dec-2017 14:30:03.230,-76.19582169,36.85761011,26.75,3.0,-27.799999237060547,183.2,11.14740276,-0.61291564,3.60087943,0.0574813,-,24.70588303,0.07373563,0.94108468,0.09371798,0.40763909,34.11764908,34.11764908,-,-,57.20000076,57.01080704,14.64881134,-,2046,-,-91.20734406,36.8576088,-76.19582367,15.29411793,59.83804321,59.03026199,-
Sat Dec 02 14:30:04 EST 2017,02-Dec-2017 14:30:04.229,-76.19583602,36.85737469,26.5,3.0,-26.399999618530273,182.9,9.46188545,-0.38307226,4.8267107,0.05680602,-,24.70588303,-0.11066946,0.79660285,0.01561966,0.29439652,34.11764908,34.50980377,-,-,57.20000076,57.01225662,14.64881134,-,2049,-,-86.61417389,36.8573761,-76.19583893,16.47058868,59.27880859,59.03026199,-
Sat Dec 02 14:30:05 EST 2017,02-Dec-2017 14:30:05.228,-76.19585388,36.85713603,26.5,3.0,-25.600000381469727,182.9,6.62715054,0.8810662,3.48595762,-0.06713037,-,24.70588303,0.1111479,1.01137328,0.04685899,0.35687518,34.11764908,34.50980377,-,-,57.20000076,57.01225662,14.64881134,-,2049,-,-83.98950195,36.85713577,-76.19585419,16.47058868,59.27880859,59.03026199,-
Sat Dec 02 14:30:06 EST 2017,02-Dec-2017 14:30:06.230,-76.19586738,36.85689569,26.5,3.0,-25.399999618530273,182.6,9.11711979,0.45968673,4.06056595,-0.04750853,-,24.70588303,-0.09784228,0.8083176,0.06638357,0.29439652,34.11764908,34.11764908,-,-,57.20000076,57.01414871,14.64881134,-,2071,-,-83.33333588,36.85689545,-76.19586945,16.47058868,59.27880859,59.65163422,23.74545097
Sat Dec 02 14:30:07 EST 2017,02-Dec-2017 14:30:07.236,-76.19587848,36.8566559,26.75,3.0,-24.799999237060547,182.4,8.73404789,1.45567465,3.98395157,-0.03033208,-,22.74509811,-0.06849251,0.84346181,0.01171475,0.29439652,31.76470566,32.15686417,-,-,57.20000076,57.0160408,14.64881134,-,2063,-,-81.36483002,36.85665512,-76.19587708,13.72549057,59.83804321,59.65163422,23.74545097
Sat Dec 02 14:30:08 EST 2017,02-Dec-2017 14:30:08.231,-76.19589353,36.85641321,26.75,3.0,-24.5,182.7,9.42357826,-0.57460839,4.5202527,-0.01794415,-,20.3921566,-0.19860923,0.67164552,0.18743597,0.29439652,28.62745094,27.84313774,-,-,57.20000076,57.01981354,14.64881134,-,2057,-,-80.38057709,36.85641479,-76.19589233,12.15686321,59.83804321,59.65163422,23.74545097
Sat Dec 02 14:30:09 EST 2017,02-Dec-2017 14:30:09.231,-76.19591017,36.85617825,26.75,3.0,-24.799999237060547,183.0,8.50420475,0.2681506,4.175488,0.01800475,-,17.25490189,0.02048864,0.90594047,0.01952458,0.36858991,25.88235283,26.27450943,-,-,57.20000076,57.02125168,14.64881134,-,2055,-,-81.36483002,36.85617828,-76.19590759,7.45098066,59.83804321,59.03026199,23.74545097
Sat Dec 02 14:30:10 EST 2017,02-Dec-2017 14:30:10.230,-76.1959245,36.85593984,26.75,3.0,-24.799999237060547,183.1,8.54251194,0.42137951,4.55855989,-0.00232332,-,16.86274529,0.03789432,0.9371798,-0.00390492,0.34516042,18.4313736,20,-,-,57.20000076,57.022686,14.64881134,-,2044,-,-81.36483002,36.85593796,-76.19592285,7.45098066,59.83804321,59.03026199,-
Sat Dec 02 14:30:11 EST 2017,02-Dec-2017 14:30:11.233,-76.19594253,36.8557034,26.5,4.0,-24.799999237060547,183.1,6.4739213,-0.42137951,4.94163227,-0.0899789,-,16.86274529,-0.32445589,0.63259637,-0.03123933,0.13429496,18.4313736,18.03921509,-,-,57.20000076,57.02367783,14.64881134,-,1997,-,-81.36483002,36.85570526,-76.19594574,7.45098066,59.27880859,58.40889359,-
Sat Dec 02 14:30:12 EST 2017,02-Dec-2017 14:30:12.232,-76.19595952,36.85546613,26.25,3.0,-24.299999237060547,183.6,8.50420475,1.37906015,2.60489154,-0.02300305,-,16.47058868,0.05310211,0.99965847,-0.06247865,0.22410804,14.11764717,14.50980377,-,-,57.20000076,57.02378082,14.64881134,-,1978,-,-79.72440338,36.85546494,-76.195961,6.66666698,58.71957779,57.16614914,-
Sat Dec 02 14:30:13 EST 2017,02-Dec-2017 14:30:13.228,-76.19598057,36.85523052,25.75,3.0,-25.0,184.3,7.58483076,0.91937345,4.06056595,-0.0807621,-,16.47058868,-0.30139256,0.56621277,0.04685899,0.30611128,14.11764717,14.11764717,-,-,57.20000076,57.0234375,14.64881134,-,1959,-,-82.02099609,36.85523224,-76.19598389,6.66666698,57.60110855,56.54477692,-
Sat Dec 02 14:30:14 EST 2017,02-Dec-2017 14:30:14.230,-76.19600703,36.85500098,25.5,3.0,-26.200000762939453,185.0,7.81467438,1.76213241,4.36702394,-0.05094117,-,16.47058868,-0.06027284,0.8083176,0.0976229,0.36858991,14.11764717,14.50980377,-,-,57.20000076,57.02309418,14.64881134,-,1953,-,-85.95800781,36.85499954,-76.19600677,6.66666698,57.04187393,56.54477692,-
Sat Dec 02 14:30:15 EST 2017,02-Dec-2017 14:30:15.227,-76.19603266,36.85477433,25.5,3.0,-27.100000381469727,184.8,10.6111021,0.19153613,5.74608421,0.02106224,-,16.07843208,-0.01499741,0.89032084,0.09371798,0.31001619,14.11764717,14.11764717,-,-,57.20000076,57.02197647,14.64881134,-,1948,-,-88.91075897,36.85477448,-76.19602966,6.66666698,57.04187393,55.92340851,-
Sat Dec 02 14:30:16 EST 2017,02-Dec-2017 14:30:16.231,-76.19606417,36.85455118,25.25,3.0,-28.799999237060547,185.3,8.77235508,-0.07661445,5.09486103,-0.00940816,-,16.07843208,-0.06800934,0.80050778,0.01561966,0.37639979,14.11764717,14.11764717,-,-,57.20000076,57.02119446,14.64881134,-,1932,-,-94.4881897,36.85454941,-76.19606781,6.66666698,56.48263931,55.92340851,-
Sat Dec 02 14:30:17 EST 2017,02-Dec-2017 14:30:17.232,-76.19609359,36.85432375,25.0,3.0,-30.0,186.0,8.00621033,0.38307226,3.94564438,-0.01766685,-,16.07843208,-0.01760331,0.85127175,0.03904916,0.38811451,14.90196133,15.29411793,-,-,57.20000076,57.02119446,14.64881134,-,1932,-,-98.42519379,36.85432434,-76.1960907,6.66666698,55.92340851,55.92340851,-
Sat Dec 02 14:30:18 EST 2017,02-Dec-2017 14:30:18.227,-76.19611946,36.85409986,24.75,3.0,-30.799999237060547,185.3,8.15943909,0.68953007,4.48194551,-0.0331779,-,16.07843208,0.00054917,0.91375035,-0.0234295,0.30611128,14.90196133,15.29411793,-,-,57.20000076,57.01996994,14.64881134,-,1918,-,-101.04986572,36.85409927,-76.19612122,6.66666698,55.36417389,55.30203629,-
Sat Dec 02 14:30:19 EST 2017,02-Dec-2017 14:30:19.229,-76.19613989,36.85387432,24.75,3.0,-31.399999618530273,184.4,8.6957407,0,3.98395157,0.04064304,-,16.47058868,-0.02626975,0.87860614,0.03123933,0.317826,21.17647171,21.17647171,-,-,57.20000076,57.01875305,14.64881134,-,1915,-,-103.01837158,36.85387421,-76.19613647,6.66666698,55.36417389,55.30203629,-
Sat Dec 02 14:30:20 EST 2017,02-Dec-2017 14:30:20.230,-76.19615302,36.85365046,24.75,3.0,-31.600000381469727,183.5,9.15542698,-0.61291564,4.48194551,0.01244481,-,16.47058868,-0.0747051,0.8083176,0.0234295,0.34906533,26.66666794,27.05882454,-,-,57.20000076,57.01631546,14.64881134,-,1907,-,-103.67454529,36.85364914,-76.19615173,6.66666698,55.36417389,55.30203629,-
Sat Dec 02 14:30:21 EST 2017,02-Dec-2017 14:30:21.226,-76.19616614,36.85342461,24.75,3.0,-31.799999237060547,182.9,8.96389103,-0.5363012,4.21379519,-0.00049182,-,19.6078434,0.02813059,0.94108468,-0.05076391,0.31001619,29.01960754,29.01960754,-,-,57.20000076,57.01510239,14.64881134,-,1924,-,-104.33070374,36.85342407,-76.19616699,10.98039246,55.36417389,55.30203629,-
Sat Dec 02 14:30:22 EST 2017,02-Dec-2017 14:30:22.229,-76.19617716,36.85320431,24.75,4.0,-32.20000076293945,182.6,8.65743351,0.65122288,4.09887314,-0.00510445,-,21.96078491,-0.06110938,0.85517663,0.01171475,0.28658667,31.37254906,30.58823586,-,-,57.20000076,57.01388931,14.64881134,-,1921,-,-105.64304352,36.85320282,-76.19617462,13.33333397,55.36417389,55.30203629,-
Sat Dec 02 14:30:23 EST 2017,02-Dec-2017 14:30:23.227,-76.19619093,36.8529816,24.75,4.0,-32.20000076293945,182.5,8.96389103,0.99598789,4.25210238,0.016615,-,18.4313736,0.00436973,0.89813066,0.08200324,0.34125552,27.05882454,27.45098114,-,-,57.20000076,57.01146698,14.64881134,-,1917,-,-105.64304352,36.85298157,-76.19618988,9.4117651,55.36417389,55.30203629,-
Sat Dec 02 14:30:24 EST 2017,02-Dec-2017 14:30:24.226,-76.19620132,36.85276134,24.75,3.0,-31.600000381469727,182.4,7.92959595,0.5363012,4.13718033,0.00635036,-,20.7843132,0.02284836,0.94498962,-0.00390492,0.29049161,29.41176605,29.80392265,-,-,57.20000076,57.00905228,14.64881134,-,1910,-,-103.67454529,36.85276031,-76.19619751,11.76470566,55.36417389,55.30203629,-
Sat Dec 02 14:30:25 EST 2017,02-Dec-2017 14:30:25.228,-76.19620873,36.85253977,24.75,4.0,-31.600000381469727,182.4,7.73806,0.76614451,4.09887314,-0.05610317,-,20.7843132,-0.05017862,0.8747012,-0.08590815,0.25925228,29.80392265,30.19607925,-,-,57.20000076,57.0066452,14.64881134,-,1913,-,-103.67454529,36.85253906,-76.19620514,11.76470566,55.36417389,55.30203629,-
Sat Dec 02 14:30:26 EST 2017,02-Dec-2017 14:30:26.227,-76.1962207,36.85231742,24.75,4.0,-30.899999618530273,182.6,8.50420475,0,4.13718033,0.02267835,-,21.17647171,0.01197512,0.91765523,-0.01171475,0.32563588,29.80392265,30.19607925,-,-,57.20000076,57.0066452,14.64881134,-,1913,-,-101.37795258,36.85231781,-76.1962204,12.15686321,55.36417389,55.30203629,-
Sat Dec 02 14:30:27 EST 2017,02-Dec-2017 14:30:27.227,-76.19622686,36.85209346,24.75,3.0,-30.399999618530273,181.8,9.00219822,0.45968673,4.59686708,0.05043751,-,21.17647171,0.03769587,0.92546505,-0.00390492,0.36858991,29.80392265,30.19607925,-,-,57.20000076,57.0066452,14.64881134,-,1913,-,-99.73753357,36.85209274,-76.19622803,12.15686321,55.36417389,55.30203629,-
Sat Dec 02 14:30:28 EST 2017,02-Dec-2017 14:30:28.230,-76.1962317,36.8518692,24.75,3.0,-30.899999618530273,181.2,7.01022243,0.61291564,4.29040956,-0.02543769,-,16.86274529,-0.0457071,0.83955687,0.06247865,0.33735061,32.15686417,25.49019623,-,-,57.20000076,57.00500488,14.64881134,-,1900,-,-101.37795258,36.85186768,-76.19622803,7.45098066,55.36417389,54.68066406,-
Sat Dec 02 14:30:29 EST 2017,02-Dec-2017 14:30:29.232,-76.19623588,36.85164505,24.75,4.0,-31.100000381469727,181.1,8.6957407,0.45968673,4.32871675,-0.00042799,-,16.86274529,-0.02457879,0.87079626,0.03514424,0.33735061,25.49019623,25.88235283,-,-,57.20000076,57.00336838,14.64881134,-,1886,-,-102.03411865,36.85164642,-76.19623566,7.45098066,55.36417389,54.68066406,-
Sat Dec 02 14:30:30 EST 2017,02-Dec-2017 14:30:30.232,-76.19624301,36.85142772,24.5,3.0,-30.700000762939453,181.1,8.38928318,0.38307226,4.21379519,-0.03445531,-,16.86274529,-0.03117125,0.88641596,0.09371798,0.27877685,25.49019623,25.88235283,-,-,57.20000076,57.00336838,14.64881134,-,1886,-,-100.7217865,36.85142899,-76.19624329,7.45098066,54.80493546,54.68066406,-
Sat Dec 02 14:30:31 EST 2017,02-Dec-2017 14:30:31.238,-76.1962529,36.85120719,24.25,3.0,-30.600000381469727,181.8,8.88727665,-0.2681506,3.79241538,0.00435507,-,16.86274529,-0.00929767,0.89422578,-0.00780983,0.24753754,25.49019623,25.88235283,-,-,57.20000076,57.00336838,14.64881134,-,1886,-,-100.39369965,36.85120773,-76.19625092,7.45098066,54.24570084,54.68066406,-
Sat Dec 02 14:30:32 EST 2017,02-Dec-2017 14:30:32.227,-76.1962644,36.85099154,24.0,4.0,-30.700000762939453,182.8,8.92558384,-0.03830723,3.79241538,-0.00339876,-,18.8235302,-0.0256118,0.90203559,-0.01952458,0.26706213,27.45098114,27.84313774,-,-,57.20000076,57.001297,14.64881134,-,1865,-,-100.7217865,36.8509903,-76.19626617,9.4117651,53.68646622,54.05929184,-
Sat Dec 02 14:30:33 EST 2017,02-Dec-2017 14:30:33.227,-76.19627892,36.85077765,24.0,4.0,-31.0,183.3,9.00219822,-0.07661445,3.75410819,0.00482952,-,18.8235302,-0.06774749,0.84346181,-0.03904916,0.29439652,27.45098114,27.84313774,-,-,57.20000076,56.99922562,14.64881134,-,1866,-,-101.70603943,36.85077667,-76.19628143,10.1960783,53.68646622,54.05929184,-
Sat Dec 02 14:30:34 EST 2017,02-Dec-2017 14:30:34.230,-76.19628871,36.85056062,24.0,3.0,-30.600000381469727,182.7,8.77235508,-0.15322891,3.63918662,0.01892049,-,18.8235302,0.01362485,0.91765523,-0.01171475,0.32954079,25.88235283,25.09803963,-,-,57.20000076,56.99922562,14.64881134,-,1852,-,-100.39369965,36.85055923,-76.19628906,10.1960783,53.68646622,54.05929184,-
Sat Dec 02 14:30:35 EST 2017,02-Dec-2017 14:30:35.230,-76.1963002,36.8503421,24.0,3.0,-30.100000381469727,182.3,8.58081913,0.11492168,3.79241538,-0.02460641,-,18.8235302,-0.03926895,0.87860614,0.03123933,0.28658667,25.88235283,25.09803963,-,-,57.20000076,56.99922562,14.64881134,-,1852,-,-98.75328064,36.8503418,-76.19629669,10.1960783,53.68646622,54.05929184,-
Sat Dec 02 14:30:36 EST 2017,02-Dec-2017 14:30:36.232,-76.19631627,36.85012985,23.75,3.0,-30.299999237060547,182.7,9.04050541,-0.42137951,4.48194551,-0.01002263,-,18.8235302,-0.03758683,0.86298645,0.0976229,0.31392109,25.88235283,25.09803963,-,-,57.20000076,56.99335098,14.64881134,-,1852,-,-99.40944672,36.85012817,-76.19631958,10.1960783,53.12723541,52.19517899,-
Sat Dec 02 14:30:37 EST 2017,02-Dec-2017 14:30:37.227,-76.19633307,36.84992095,23.25,4.0,-30.200000762939453,183.0,8.42759037,0.76614451,4.36702394,-0.01236954,-,18.8235302,-0.02565881,0.84346181,0.10152781,0.37639979,25.88235283,25.09803963,-,-,57.20000076,56.99335098,14.64881134,-,1852,-,-99.08136749,36.84992218,-76.19633484,5.88235283,52.00876617,52.19517899,-
Sat Dec 02 14:30:38 EST 2017,02-Dec-2017 14:30:38.229,-76.19635267,36.84971332,23.25,4.0,-31.0,184.1,8.6957407,1.03429508,4.44363832,0.03151777,-,18.8235302,-0.0081971,0.83955687,0.15619664,0.40373418,25.88235283,25.09803963,-,-,57.20000076,56.99335098,14.64881134,-,1852,-,-101.70603943,36.84971237,-76.1963501,5.88235283,52.00876617,52.19517899,-
Sat Dec 02 14:30:39 EST 2017,02-Dec-2017 14:30:39.232,-76.19637235,36.84950798,22.75,4.0,-31.200000762939453,184.2,9.53849983,0.57460839,3.48595762,0.05587834,-,18.8235302,0.05974626,0.91375035,0.13276714,0.41935381,25.88235283,14.11764717,-,-,57.20000076,56.9882431,14.64881134,-,1728,-,-102.36220551,36.84950638,-76.19637299,5.88235283,50.89030075,49.70969391,-
Sat Dec 02 14:30:40 EST 2017,02-Dec-2017 14:30:40.232,-76.19641487,36.8493119,22.25,4.0,-31.600000381469727,187.6,8.35097599,1.68551803,4.5202527,0.017216,-,18.8235302,-0.018839,0.83955687,0.20305562,0.364685,25.88235283,14.11764717,-,-,57.20000076,56.9882431,14.64881134,-,1728,-,-103.67454529,36.84931183,-76.19641113,5.88235283,49.77183151,49.70969391,-
Sat Dec 02 14:30:41 EST 2017,02-Dec-2017 14:30:41.231,-76.19646475,36.84911914,21.75,4.0,-32.29999923706055,191.3,8.08282471,1.95366859,4.48194551,-0.00739879,-,15.68627453,-0.03108463,0.82003236,0.24600971,0.35297027,14.11764717,14.50980377,-,-,57.20000076,56.98139572,14.64881134,-,1648,-,-105.97112274,36.84911728,-76.19646454,5.88235283,48.65336227,47.22420883,-
Sat Dec 02 14:30:42 EST 2017,02-Dec-2017 14:30:42.230,-76.19653128,36.84893272,21.75,3.0,-31.299999237060547,196.4,8.61912632,2.56658411,4.40533113,0.03743134,-,15.29411793,0.05797376,0.92546505,0.21477039,0.364685,14.50980377,14.50980377,-,-,57.20000076,56.97455597,14.64881134,-,1635,-,-102.69028473,36.84893417,-76.1965332,5.88235283,48.65336227,47.22420883,-
Sat Dec 02 14:30:43 EST 2017,02-Dec-2017 14:30:43.227,-76.19661059,36.84875625,21.25,3.0,-31.399999618530273,200.9,8.77235508,2.06859016,3.75410819,0.02524246,-,15.29411793,0.03660718,0.90984541,0.22648512,0.34125552,14.50980377,14.50980377,-,-,57.20000076,56.96686172,14.64881134,-,1614,-,-103.01837158,36.84875488,-76.1966095,5.88235283,47.53489685,45.9814682,-
Sat Dec 02 14:30:44 EST 2017,02-Dec-2017 14:30:44.228,-76.19671123,36.84858812,20.75,4.0,-31.799999237060547,205.9,9.38527107,2.41335535,4.175488,-0.00633385,-,18.03921509,0.06356944,0.96060938,0.14057697,0.3334457,27.84313774,28.23529434,-,-,57.20000076,56.9591713,14.64881134,-,1594,-,-104.33070374,36.84858704,-76.19670868,8.23529434,46.41642761,45.9814682,-
Sat Dec 02 14:30:45 EST 2017,02-Dec-2017 14:30:45.231,-76.1968317,36.84842453,20.5,4.0,-31.399999618530273,210.1,9.57680702,1.41736746,3.86903,0.0378109,-,19.2156868,0.0057968,0.89032084,0.12886222,0.34906533,29.01960754,28.23529434,-,-,57.20000076,56.9591713,14.64881134,-,1594,-,-103.01837158,36.848423,-76.19683075,10.1960783,45.85719299,45.9814682,-
Sat Dec 02 14:30:46 EST 2017,02-Dec-2017 14:30:46.227,-76.19695508,36.84827447,20.5,3.0,-31.100000381469727,214.3,8.08282471,1.03429508,3.94564438,0.01217884,-,19.2156868,0.08715928,0.97232407,0.2186753,0.3334457,29.01960754,30.58823586,-,-,57.20000076,56.95106125,14.64881134,-,1600,-,-102.03411865,36.84827423,-76.19695282,10.1960783,45.85719299,45.36009598,-
Sat Dec 02 14:30:47 EST 2017,02-Dec-2017 14:30:47.228,-76.19710092,36.84813083,20.5,3.0,-30.600000381469727,218.3,8.00621033,1.9153614,4.25210238,-0.01935376,-,19.2156868,-0.03488738,0.86298645,0.19134088,0.28658667,29.01960754,30.58823586,-,-,57.20000076,56.95106125,14.64881134,-,1600,-,-100.39369965,36.84812927,-76.19709778,10.1960783,45.85719299,45.36009598,-
Sat Dec 02 14:30:48 EST 2017,02-Dec-2017 14:30:48.230,-76.19725015,36.84799602,20.25,4.0,-30.399999618530273,221.3,8.23605347,2.33674097,3.56257224,-0.01313405,-,20,-0.0992218,0.76536351,0.16400647,0.34516042,28.62745094,29.01960754,-,-,57.20000076,56.94208908,14.64881134,-,1539,-,-99.73753357,36.84799576,-76.19725037,10.98039246,45.29796219,44.11735535,-
Sat Dec 02 14:30:49 EST 2017,02-Dec-2017 14:30:49.227,-76.19740908,36.84787544,19.75,3.0,-30.200000762939453,225.3,6.93360806,1.68551803,4.63517427,-0.05319473,-,20,0.01645104,0.95670444,0.14838681,0.20848836,29.41176605,23.52941132,-,-,57.20000076,56.93270111,14.64881134,-,1505,-,-99.08136749,36.84787369,-76.19741058,10.98039246,44.17948914,43.49598312,-
Sat Dec 02 14:30:50 EST 2017,02-Dec-2017 14:30:50.232,-76.19757655,36.8477617,19.5,3.0,-29.600000381469727,229.2,9.23204136,-0.49799395,3.94564438,-0.00190537,-,16.86274529,-0.0475316,0.87079626,0.04295408,0.28268176,26.27450943,26.27450943,-,-,57.20000076,56.92288971,14.64881134,-,1492,-,-97.11286163,36.84776306,-76.19757843,8.23529434,43.62025452,42.8746109,-
Sat Dec 02 14:30:51 EST 2017,02-Dec-2017 14:30:51.231,-76.19775257,36.84765881,19.25,3.0,-29.5,232.6,8.35097599,-0.65122288,3.86903,-0.00302079,-,17.64705849,-0.0805697,0.83565199,-0.00390492,0.28268176,28.23529434,26.27450943,-,-,57.20000076,56.92288971,14.64881134,-,1492,-,-96.78477478,36.84766006,-76.19775391,8.23529434,43.0610199,42.8746109,-
Sat Dec 02 14:30:52 EST 2017,02-Dec-2017 14:30:52.226,-76.1979247,36.84755749,19.0,4.0,-29.100000381469727,233.3,8.42759037,-1.53228903,4.8267107,0.02124828,-,17.64705849,0.1089417,0.96060938,-0.21086545,0.411544,28.23529434,29.01960754,-,-,57.20000076,56.91265869,14.64881134,-,1462,-,-95.47244263,36.84755707,-76.19792175,8.23529434,42.50178909,42.25324249,-
Sat Dec 02 14:30:53 EST 2017,02-Dec-2017 14:30:53.227,-76.19808305,36.84744911,18.75,4.0,-29.600000381469727,229.7,8.73404789,-3.02627087,6.16746378,0.08542376,-,14.90196133,-0.07147854,0.8083176,-0.22258021,0.29830143,16.86274529,14.50980377,-,-,57.20000076,56.90244293,14.64881134,-,1426,-,-97.11286163,36.84745026,-76.19808197,5.09803915,41.94255447,42.25324249,-
Sat Dec 02 14:30:54 EST 2017,02-Dec-2017 14:30:54.227,-76.19822583,36.84732425,18.5,4.0,-29.899999618530273,223.6,9.30865574,-2.7581203,4.8267107,0.13545258,-,15.68627453,0.05185528,0.90594047,-0.26943922,0.36078009,24.31372643,24.70588303,-,-,57.20000076,56.89181137,14.64881134,-,1456,-,-98.09711456,36.84732437,-76.19822693,5.88235283,41.38331985,41.63187027,-
Sat Dec 02 14:30:55 EST 2017,02-Dec-2017 14:30:55.230,-76.19834578,36.84718553,18.5,3.0,-30.0,216.1,7.96790314,-2.10689759,3.17949986,0.12379609,-,16.86274529,0.07560994,0.95279956,-0.30458343,0.29439652,24.31372643,24.70588303,-,-,57.20000076,56.88162231,14.64881134,-,1456,-,-98.42519379,36.84718704,-76.198349,6.66666698,41.38331985,42.25324249,-
Sat Dec 02 14:30:56 EST 2017,02-Dec-2017 14:30:56.233,-76.19844363,36.84703304,18.5,3.0,-30.0,208.5,9.04050541,-1.64721072,4.5202527,0.05381235,-,19.6078434,0.01965101,0.85517663,-0.29677361,0.36858991,30.98039246,30.19607925,-,-,57.20000076,56.87101746,14.64881134,-,1445,-,-98.42519379,36.84703445,-76.19844055,10.58823586,41.38331985,41.63187027,-
Sat Dec 02 14:30:57 EST 2017,02-Dec-2017 14:30:57.229,-76.19851701,36.8468738,18.5,3.0,-29.100000381469727,200.9,9.00219822,-2.37504816,5.01824665,0.09225072,-,21.56862831,0.06096943,0.90203559,-0.08981306,0.45059317,32.15686417,32.54901886,-,-,57.20000076,56.84899139,14.64881134,-,1424,-,-95.47244263,36.84687424,-76.19851685,12.54901981,41.38331985,41.01049805,-
Sat Dec 02 14:30:58 EST 2017,02-Dec-2017 14:30:58.229,-76.19857208,36.84671653,18.0,4.0,-29.100000381469727,196.6,8.58081913,-1.99197578,4.09887314,0.06147437,-,24.31372643,0.02544823,0.9371798,-0.06638357,0.31001619,35.29411697,35.68627548,-,-,57.20000076,56.83800125,14.64881134,-,1486,-,-95.47244263,36.84671783,-76.19857025,16.07843208,40.26485062,41.01049805,-
Sat Dec 02 14:30:59 EST 2017,02-Dec-2017 14:30:59.229,-76.19858345,36.84655204,18.0,3.0,-27.899999618530273,186.6,8.46589756,0.15322891,2.45166254,0.09513126,-,24.31372643,-0.12818836,0.80050778,-0.31629819,0.03667206,35.29411697,35.68627548,-,-,57.20000076,56.83800125,14.64881134,-,1486,-,-91.53543091,36.8465538,-76.19858551,16.07843208,40.26485062,41.01049805,-
Sat Dec 02 14:31:00 EST 2017,02-Dec-2017 14:31:00.235,-76.19858027,36.84639207,18.0,4.0,-27.399999618530273,180.8,8.92558384,-2.22181916,4.09887314,0.04164154,-,24.31372643,0.00832715,0.90594047,-0.30458343,0.22020312,37.64706039,38.03921509,-,-,57.20000076,56.82659149,14.64881134,-,1454,-,-89.8950119,36.84639359,-76.19857788,16.07843208,40.26485062,40.38912582,-
Sat Dec 02 14:31:01 EST 2017,02-Dec-2017 14:31:01.231,-76.19855944,36.84622529,18.0,3.0,-25.799999237060547,174.8,10.0364933,-4.5202527,3.17949986,0.02084786,-,25.88235283,0.06305994,0.91375035,-0.35534734,0.31001619,36.07843018,36.07843018,-,-,57.20000076,56.80382919,14.64881134,-,1950,-,-84.64566803,36.84622574,-76.19856262,17.64705849,40.26485062,40.38912582,-
Sat Dec 02 14:31:02 EST 2017,02-Dec-2017 14:31:02.227,-76.19851397,36.84606847,18.0,4.0,-25.200000762939453,168.4,8.46589756,-2.7581203,2.94965649,0.02471213,-,25.88235283,0.02631097,0.89813066,-0.30067852,0.29439652,36.07843018,36.07843018,-,-,57.20000076,56.79246521,14.64881134,-,1823,-,-82.6771698,36.84606934,-76.19851685,17.64705849,40.26485062,40.38912582,-
Sat Dec 02 14:31:03 EST 2017,02-Dec-2017 14:31:03.231,-76.198445,36.84591464,18.0,3.0,-24.100000381469727,161.5,9.0788126,-2.45166254,4.63517427,0.02633235,-,21.56862831,0.08939563,0.97622901,-0.28896379,0.28658667,31.76470566,32.15686417,-,-,57.20000076,56.79246521,14.64881134,-,1758,-,-79.06824493,36.84591293,-76.19844818,12.54901981,40.26485062,40.38912582,-
Sat Dec 02 14:31:04 EST 2017,02-Dec-2017 14:31:04.233,-76.19835939,36.84576596,17.75,3.0,-22.799999237060547,154.8,8.65743351,-2.22181916,3.17949986,0.00459781,-,21.56862831,-0.04012704,0.83955687,-0.25772443,0.28658667,31.76470566,32.15686417,-,-,57.20000076,56.79246521,14.64881134,-,1758,-,-74.80314636,36.84576416,-76.19835663,12.54901981,39.705616,40.38912582,-
Sat Dec 02 14:31:05 EST 2017,02-Dec-2017 14:31:05.227,-76.19825423,36.84563409,17.5,3.0,-21.700000762939453,147.9,8.15943909,-2.10689759,3.60087943,0.03817383,-,20.7843132,-0.06551597,0.83174706,-0.21477039,0.26706213,32.54901886,32.54901886,-,-,57.20000076,56.76807785,14.64881134,-,1704,-,-71.19422913,36.84563446,-76.19825745,12.54901981,39.14638519,38.52501297,-
Sat Dec 02 14:31:06 EST 2017,02-Dec-2017 14:31:06.228,-76.19812973,36.84551307,17.25,3.0,-21.0,141.4,8.96389103,-3.25611424,4.86501789,0.0297714,-,20.3921566,0.09043163,0.92156017,-0.28505886,0.40763909,30.19607925,30.58823586,-,-,57.20000076,56.75547791,14.64881134,-,1659,-,-68.89763641,36.84551239,-76.19812775,11.37254906,38.58715057,38.52501297,-
Sat Dec 02 14:31:07 EST 2017,02-Dec-2017 14:31:07.236,-76.19799101,36.84540735,17.0,3.0,-20.299999237060547,134.7,8.23605347,-3.06457806,3.56257224,-0.00991054,-,20,-0.23528235,0.67164552,-0.1952458,0.20848836,30.58823586,31.76470566,-,-,57.20000076,56.74246979,14.64881134,-,1659,-,-66.6010437,36.84540558,-76.19799042,10.98039246,38.02791595,37.90364456,-
Sat Dec 02 14:31:08 EST 2017,02-Dec-2017 14:31:08.226,-76.19784248,36.8453187,16.75,3.0,-19.600000381469727,127.7,7.96790314,-2.33674097,3.40934324,0.01747909,-,21.96078491,0.00556162,0.88641596,-0.28505886,0.27877685,33.72549057,33.72549057,-,-,57.20000076,56.72904968,14.64881134,-,1627,-,-64.30446625,36.84531784,-76.19784546,12.94117641,37.46868134,37.28227234,-
Sat Dec 02 14:31:09 EST 2017,02-Dec-2017 14:31:09.228,-76.19767735,36.84524172,16.5,3.0,-19.200000762939453,121.7,9.42357826,-3.48595762,3.79241538,0.04085395,-,23.52941132,0.09513032,0.96060938,-0.35534734,0.28658667,34.50980377,34.50980377,-,-,57.20000076,56.70225906,14.64881134,-,1676,-,-62.99213028,36.84524155,-76.19767761,14.50980377,36.90944672,37.28227234,-
Sat Dec 02 14:31:10 EST 2017,02-Dec-2017 14:31:10.229,-76.19750779,36.845177,16.75,4.0,-19.0,116.1,9.00219822,-1.95366859,3.06457806,-0.01884451,-,21.96078491,-0.21823259,0.68726522,-0.16010156,0.23582277,34.50980377,34.50980377,-,-,57.20000076,56.70225906,14.64881134,-,1676,-,-62.33595657,36.8451767,-76.19750977,13.33333397,37.46868134,37.28227234,-
Sat Dec 02 14:31:11 EST 2017,02-Dec-2017 14:31:11.231,-76.197328,36.84513216,16.75,3.0,-18.899999618530273,109.3,9.95987892,-2.18351197,4.02225876,0.00520309,-,21.96078491,0.26315105,1.18318951,-0.41392109,0.05229172,34.50980377,34.50980377,-,-,57.20000076,56.70225906,14.64881134,-,1676,-,-62.00787354,36.84513092,-76.19732666,13.33333397,37.46868134,37.28227234,-
Sat Dec 02 14:31:12 EST 2017,02-Dec-2017 14:31:12.235,-76.19714377,36.84510063,17.0,3.0,-18.700000762939453,103.7,9.30865574,-1.80043972,4.59686708,-0.0240128,-,21.96078491,0.00933297,0.92936999,0.04295408,0.29049161,34.11764908,34.50980377,-,-,57.20000076,56.70225906,14.64881134,-,1676,-,-61.35170746,36.8451004,-76.19714355,13.33333397,38.02791595,37.28227234,-
Sat Dec 02 14:31:13 EST 2017,02-Dec-2017 14:31:13.229,-76.1969563,36.84507575,17.0,4.0,-18.399999618530273,100.4,9.99818611,-0.99598789,4.09887314,0.00070225,-,23.92156982,-0.16091968,0.76145858,0.01561966,0.25144243,34.11764908,34.50980377,-,-,57.20000076,56.68932343,14.64881134,-,1676,-,-60.36745453,36.84507751,-76.19695282,15.68627453,38.02791595,37.90364456,-
Sat Dec 02 14:31:14 EST 2017,02-Dec-2017 14:31:14.228,-76.19676209,36.84505381,17.5,4.0,-18.299999237060547,98.6,7.85298157,-0.57460839,3.44765043,-0.01292133,-,23.92156982,0.01202035,0.92156017,-0.07809832,0.31001619,34.90196228,34.50980377,-,-,57.20000076,56.67725754,14.64881134,-,1747,-,-60.03936768,36.84505463,-76.19676208,15.68627453,39.14638519,39.14638519,59.79839325
Sat Dec 02 14:31:15 EST 2017,02-Dec-2017 14:31:15.229,-76.19656295,36.84503506,17.75,3.0,-18.700000762939453,97.4,9.04050541,0.19153613,4.40533113,-0.01440166,-,23.92156982,-0.01094707,0.91765523,-0.10933765,0.25144243,34.90196228,34.50980377,-,-,57.20000076,56.67725754,14.64881134,-,1747,-,-61.35170746,36.84503555,-76.19656372,14.11764717,39.705616,39.14638519,59.79839325
Sat Dec 02 14:31:16 EST 2017,02-Dec-2017 14:31:16.229,-76.19636404,36.84501166,18.0,3.0,-18.799999237060547,96.2,10.11310768,-1.53228903,4.06056595,0.02929813,-,21.17647171,0.02825673,0.94498962,-0.07028849,0.29830143,33.72549057,33.72549057,-,-,57.20000076,56.66649246,14.64881134,-,1804,-,-61.67978668,36.84501266,-76.19636536,13.33333397,40.26485062,41.01049805,63.65488434
Sat Dec 02 14:31:17 EST 2017,02-Dec-2017 14:31:17.228,-76.19615595,36.84499623,18.5,3.0,-19.100000381469727,94.9,8.54251194,-0.68953007,4.36702394,-0.00049275,-,20.3921566,0.03014702,0.94108468,-0.08200324,0.31001619,29.80392265,29.80392265,-,-,57.20000076,56.6462822,14.64881134,-,1829,-,-62.66404343,36.84499741,-76.19615936,11.37254906,41.38331985,42.25324249,58.42538071
Sat Dec 02 14:31:18 EST 2017,02-Dec-2017 14:31:18.232,-76.19594368,36.84498284,18.75,4.0,-19.100000381469727,94.0,9.15542698,-0.76614451,3.02627087,-0.03965198,-,21.56862831,-0.05097417,0.88251102,-0.13667206,0.22020312,31.76470566,32.15686417,-,-,57.20000076,56.6462822,14.64881134,-,1848,-,-62.66404343,36.84498215,-76.19594574,12.15686321,41.94255447,42.25324249,58.42538071
Sat Dec 02 14:31:19 EST 2017,02-Dec-2017 14:31:19.234,-76.19572533,36.84497497,19.25,3.0,-19.700000762939453,92.1,9.15542698,-0.91937345,4.32871675,-0.01739269,-,20,-0.0250169,0.90984541,-0.10933765,0.23191786,26.66666794,32.15686417,-,-,57.20000076,56.63726044,14.64881134,-,1848,-,-64.63254547,36.84497452,-76.19572449,11.76470566,43.0610199,43.49598312,80.39164734
Sat Dec 02 14:31:20 EST 2017,02-Dec-2017 14:31:20.228,-76.19549723,36.84497474,19.75,3.0,-20.100000381469727,90.2,8.31266785,0,4.13718033,-0.0362067,-,20,-0.10891254,0.81612742,-0.1210524,0.23582277,26.66666794,26.66666794,-,-,57.20000076,56.63726044,14.64881134,-,1954,-,-65.94488525,36.84497452,-76.19549561,11.76470566,44.17948914,43.49598312,80.39164734
Sat Dec 02 14:31:21 EST 2017,02-Dec-2017 14:31:21.229,-76.1952687,36.84498163,20.0,3.0,-20.299999237060547,88.1,8.15943909,-1.14921677,4.32871675,-0.03219384,-,17.25490189,-0.08682268,0.81222248,-0.0741934,0.31001619,23.52941132,23.92156982,-,-,57.20000076,56.62910461,14.64881134,-,1954,-,-66.6010437,36.84498215,-76.19526672,7.45098066,44.73872757,44.73872757,41.89034271
Sat Dec 02 14:31:22 EST 2017,02-Dec-2017 14:31:22.228,-76.19503878,36.84499596,20.5,3.0,-21.399999618530273,86.1,7.66144562,-0.68953007,3.44765043,0.01045301,-,19.2156868,-0.23772056,0.72631437,0.04295408,0.12648514,26.66666794,27.05882454,-,-,57.20000076,56.6149559,14.64881134,-,2009,-,-70.2099762,36.84499741,-76.19503784,10.1960783,45.85719299,46.60284042,79.38515472
Sat Dec 02 14:31:23 EST 2017,02-Dec-2017 14:31:23.231,-76.19480868,36.84501568,20.75,3.0,-22.5,84.1,8.65743351,-0.65122288,4.21379519,0.02180092,-,16.47058868,-0.01423083,0.85127175,-0.10933765,0.3842096,27.45098114,27.45098114,-,-,57.20000076,56.60853195,14.64881134,-,2059,-,-73.81890106,36.84501648,-76.19480896,7.45098066,46.41642761,47.22420883,79.48996735
Sat Dec 02 14:31:23 EST 2017,02-Dec-2017 14:31:24.228,-76.19480868,36.84501568,20.75,3.0,-22.5,84.1,10.11310768,0.03830723,4.94163227,0.15099365,-,16.47058868,0.217278,1.08556664,-0.05857374,0.44668823,27.45098114,27.45098114,-,-,57.20000076,56.60853195,14.64881134,-,2059,-,-73.81890106,36.84501648,-76.19480896,7.45098066,46.41642761,47.22420883,79.48996735
Sat Dec 02 14:31:25 EST 2017,02-Dec-2017 14:31:25.231,-76.19433105,36.84507786,21.75,3.0,-25.799999237060547,80.8,9.00219822,-1.30244577,3.17949986,0.04291077,-,16.47058868,0.00928007,0.91375035,-0.04295408,0.32563588,21.56862831,23.13725471,-,-,57.20000076,56.60853195,14.64881134,-,1694,-,-84.64566803,36.84507751,-76.19432831,7.45098066,48.65336227,47.22420883,79.48996735
Sat Dec 02 14:31:26 EST 2017,02-Dec-2017 14:31:26.227,-76.19408149,36.84511489,22.0,3.0,-27.100000381469727,79.5,8.6957407,-0.61291564,3.52426481,0.0281719,-,16.47058868,-0.08973479,0.82003236,-0.00390492,0.29439652,21.56862831,23.13725471,-,-,57.20000076,56.60339355,14.64881134,-,1694,-,-88.91075897,36.84511566,-76.19408417,7.45098066,49.21259689,49.0883255,79.48996735
Sat Dec 02 14:31:27 EST 2017,02-Dec-2017 14:31:27.232,-76.19383301,36.8451589,22.5,3.0,-28.5,77.8,9.11711979,-0.49799395,4.67348194,-0.00520582,-,21.17647171,-0.03248726,0.87079626,-0.05076391,0.317826,31.37254906,31.76470566,-,-,57.20000076,56.59952927,14.64881134,-,1785,-,-93.50393677,36.84515762,-76.1938324,12.94117641,50.33106613,50.95243835,110.43429565
Sat Dec 02 14:31:28 EST 2017,02-Dec-2017 14:31:28.229,-76.19358203,36.84521183,23.0,3.0,-29.100000381469727,75.9,8.00621033,-0.57460839,4.40533113,0.0318385,-,21.56862831,0.06460179,0.9371798,0.0234295,0.40373418,31.37254906,31.76470566,-,-,57.20000076,56.59952927,14.64881134,-,1785,-,-95.47244263,36.84521103,-76.19358063,12.94117641,51.44953156,50.95243835,110.43429565
Sat Dec 02 14:31:28 EST 2017,02-Dec-2017 14:31:29.227,-76.19358203,36.84521183,23.0,3.0,-29.100000381469727,75.9,8.81066227,0.42137951,4.29040956,0.07247065,-,21.56862831,0.06267945,0.9371798,0.01952458,0.39982924,31.76470566,30.98039246,-,-,57.20000076,56.59952927,14.64881134,-,1785,-,-95.47244263,36.84521103,-76.19358063,12.94117641,51.44953156,50.95243835,110.43429565
Sat Dec 02 14:31:30 EST 2017,02-Dec-2017 14:31:30.229,-76.19307727,36.84534445,23.5,3.0,-29.799999237060547,72.7,9.53849983,0.07661445,4.59686708,0.06838278,-,21.56862831,0.14551073,1.05432737,-0.03904916,0.34516042,31.76470566,30.98039246,-,-,57.20000076,56.59952927,14.64881134,-,1785,-,-97.76902771,36.84534454,-76.19307709,12.94117641,52.56800079,50.95243835,110.43429565
Sat Dec 02 14:31:31 EST 2017,02-Dec-2017 14:31:31.229,-76.19282303,36.84540959,23.75,3.0,-29.600000381469727,72.4,7.20175886,2.64319873,5.59285498,-0.00454827,-,21.56862831,0.1600839,1.04261255,0.01171475,0.40763909,31.76470566,30.98039246,-,-,57.20000076,56.59952927,14.64881134,-,1785,-,-97.11286163,36.84540939,-76.19282532,12.94117641,53.12723541,50.95243835,110.43429565
Sat Dec 02 14:31:32 EST 2017,02-Dec-2017 14:31:32.231,-76.19256774,36.84547323,23.75,3.0,-29.200000762939453,73.1,8.77235508,1.30244577,4.13718033,0.05630101,-,21.56862831,0.04000921,0.9371798,0.06638357,0.34516042,31.76470566,30.98039246,-,-,57.20000076,56.59952927,14.64881134,-,1785,-,-95.80052948,36.84547424,-76.19256592,12.94117641,53.12723541,50.95243835,110.43429565
Sat Dec 02 14:31:33 EST 2017,02-Dec-2017 14:31:33.233,-76.192313,36.84552964,23.5,3.0,-28.600000381469727,74.4,8.1211319,0.91937345,3.86903,0.00589766,-,21.56862831,0.04310036,0.94108468,-0.00390492,0.34906533,31.76470566,30.98039246,-,-,57.20000076,56.59609985,14.64881134,-,1800,-,-93.83202362,36.84553146,-76.19231415,12.94117641,52.56800079,51.57381058,-
Sat Dec 02 14:31:34 EST 2017,02-Dec-2017 14:31:34.228,-76.19205713,36.84558158,23.25,3.0,-28.200000762939453,76.1,9.00219822,0.42137951,4.09887314,0.02821487,-,22.35294151,-0.01285422,0.91375035,0.03514424,0.27096704,32.54901886,33.33333206,-,-,57.20000076,56.59609985,14.64881134,-,1800,-,-92.51969147,36.84558105,-76.19205475,12.94117641,52.00876617,51.57381058,-
Sat Dec 02 14:31:35 EST 2017,02-Dec-2017 14:31:35.228,-76.19180312,36.84562838,23.25,3.0,-27.899999618530273,77.6,8.46589756,0.11492168,3.33272886,-0.00270918,-,22.35294151,0.02225904,0.96060938,0.02733441,0.24753754,32.54901886,33.33333206,-,-,57.20000076,56.59267426,14.64881134,-,1800,-,-91.53543091,36.84562683,-76.19180298,12.94117641,52.00876617,51.57381058,-
Sat Dec 02 14:31:36 EST 2017,02-Dec-2017 14:31:36.226,-76.19154463,36.84566729,23.25,3.0,-27.600000381469727,78.8,8.31266785,1.03429508,3.52426481,0.00067036,-,25.49019623,-0.10638181,0.80050778,0.11714748,0.27877685,36.47058868,36.47058868,-,-,57.20000076,56.59009933,14.64881134,-,1846,-,-90.55118561,36.84566879,-76.19154358,17.25490189,52.00876617,52.81655121,-
Sat Dec 02 14:31:37 EST 2017,02-Dec-2017 14:31:37.228,-76.19128301,36.84570375,23.75,3.0,-27.799999237060547,79.7,8.04451752,0.91937345,3.44765043,-0.02848554,-,25.88235283,-0.00095419,0.93327487,0.01171475,0.25534737,36.47058868,36.47058868,-,-,57.20000076,56.58538818,14.64881134,-,1868,-,-91.20734406,36.84570312,-76.19128418,17.64705849,53.12723541,53.43792343,92.5385437
Sat Dec 02 14:31:38 EST 2017,02-Dec-2017 14:31:38.231,-76.1910197,36.84574184,24.0,3.0,-28.100000381469727,80.2,9.19373417,1.37906015,2.87304211,0.01088703,-,24.70588303,-0.02310942,0.87860614,-0.0234295,0.32563588,36.07843018,35.68627548,-,-,57.20000076,56.58195114,14.64881134,-,1898,-,-92.19160461,36.84574127,-76.19101715,16.86274529,53.68646622,54.05929184,92.99701691
Sat Dec 02 14:31:39 EST 2017,02-Dec-2017 14:31:39.229,-76.19075217,36.84577515,24.25,3.0,-28.200000762939453,81.0,9.0788126,0.80445176,3.83072281,-0.0072194,-,24.70588303,0.00679001,0.8747012,0.1444819,0.37639979,34.11764908,34.11764908,-,-,57.20000076,56.58195114,14.64881134,-,1898,-,-92.51969147,36.8457756,-76.19075012,16.86274529,54.24570084,54.05929184,92.99701691
Sat Dec 02 14:31:40 EST 2017,02-Dec-2017 14:31:40.232,-76.19048041,36.84580454,24.5,3.0,-28.299999237060547,82.2,7.62313843,0.2681506,3.60087943,-0.16659959,-,23.13725471,-0.13986185,0.77707827,0.02733441,0.26706213,34.11764908,34.11764908,-,-,57.20000076,56.58066177,14.64881134,-,1939,-,-92.84776306,36.84580612,-76.19048309,14.50980377,54.80493546,54.68066406,27.33636093
Sat Dec 02 14:31:41 EST 2017,02-Dec-2017 14:31:41.229,-76.19020621,36.84582869,24.75,3.0,-28.399999618530273,83.9,8.42759037,0.65122288,4.40533113,0.00076964,-,23.13725471,-0.02802635,0.85908157,0.06638357,0.34906533,34.11764908,34.11764908,-,-,57.20000076,56.58066177,14.64881134,-,1939,-,-93.17584991,36.84582901,-76.19020844,14.50980377,55.36417389,54.68066406,27.33636093
Sat Dec 02 14:31:42 EST 2017,02-Dec-2017 14:31:42.230,-76.18993124,36.84584405,24.75,3.0,-28.5,85.8,8.84896946,0.5363012,3.98395157,0.00974882,-,23.13725471,0.06372718,0.92546505,0.26943922,0.34906533,32.15686417,30.98039246,-,-,57.20000076,56.57979202,14.64881134,-,1952,-,-93.50393677,36.84584427,-76.18993378,14.50980377,55.36417389,55.30203629,22.44324684
Sat Dec 02 14:31:43 EST 2017,02-Dec-2017 14:31:43.228,-76.18965248,36.84585099,25.0,3.0,-29.200000762939453,88.1,8.65743351,0.19153613,3.90733719,-0.02820405,-,18.4313736,-0.00513251,0.8747012,0.06638357,0.36858991,27.05882454,27.45098114,-,-,57.20000076,56.5793457,14.64881134,-,1938,-,-95.80052948,36.8458519,-76.18965149,9.01960754,55.92340851,55.92340851,22.44324684
Sat Dec 02 14:31:44 EST 2017,02-Dec-2017 14:31:44.230,-76.18937096,36.84585115,25.0,3.0,-29.799999237060547,89.5,8.35097599,-0.15322891,4.02225876,-0.01171941,-,19.6078434,0.04695521,0.95670444,0.0741934,0.317826,27.84313774,28.23529434,-,-,57.20000076,56.5789032,14.64881134,-,1938,-,-97.76902771,36.8458519,-76.1893692,10.1960783,55.92340851,55.92340851,37.5989418
Sat Dec 02 14:31:45 EST 2017,02-Dec-2017 14:31:45.232,-76.18909094,36.84584777,25.25,3.0,-30.600000381469727,89.9,8.61912632,0.34476504,4.32871675,-0.0079547,-,19.2156868,0.06658509,0.97232407,0.01171475,0.33735061,27.84313774,27.84313774,-,-,57.20000076,56.57843399,14.64881134,-,1946,-,-100.39369965,36.84584808,-76.18909454,10.1960783,56.48263931,56.54477692,37.5989418
Sat Dec 02 14:31:46 EST 2017,02-Dec-2017 14:31:46.227,-76.18880788,36.84584705,25.25,3.0,-31.0,90.0,8.08282471,-0.03830723,4.29040956,0.0144292,-,19.2156868,-0.04305639,0.86689138,0.04295408,0.30220634,27.45098114,27.84313774,-,-,57.20000076,56.57841492,14.64881134,-,1958,-,-101.70603943,36.84584808,-76.18880463,10.1960783,56.48263931,56.54477692,34.63607025
Sat Dec 02 14:31:46 EST 2017,02-Dec-2017 14:31:47.232,-76.18880788,36.84584705,25.25,3.0,-31.0,90.0,9.69172859,-0.42137951,4.44363832,0.01346446,-,19.2156868,-0.00874336,0.87860614,0.03514424,0.35687518,27.45098114,27.45098114,-,-,57.20000076,56.57838821,14.64881134,-,1960,-,-101.70603943,36.84584808,-76.18880463,8.62745094,56.48263931,56.54477692,34.63607025
Sat Dec 02 14:31:48 EST 2017,02-Dec-2017 14:31:48.226,-76.18823584,36.84584708,25.5,3.0,-32.29999923706055,89.7,8.19774628,0.76614451,4.21379519,-0.00878981,-,19.2156868,-0.01844246,0.8747012,0.05466883,0.34125552,27.45098114,27.45098114,-,-,57.20000076,56.57838821,14.64881134,-,1960,-,-105.97112274,36.84584808,-76.18823242,8.62745094,57.04187393,56.54477692,34.63607025
Sat Dec 02 14:31:49 EST 2017,02-Dec-2017 14:31:49.231,-76.18794712,36.84585043,25.5,3.0,-33.099998474121094,89.6,8.54251194,0.2681506,4.67348194,0.0290815,-,19.2156868,0.03161979,0.93327487,0.03514424,0.33735061,27.45098114,27.45098114,-,-,57.20000076,56.57838821,14.64881134,-,1960,-,-108.59579468,36.8458519,-76.18795013,8.62745094,57.04187393,56.54477692,34.63607025
Sat Dec 02 14:31:50 EST 2017,02-Dec-2017 14:31:50.233,-76.18766137,36.8458516,25.25,3.0,-33.79999923706055,89.5,8.54251194,0.42137951,3.79241538,0.02094313,-,19.2156868,0.00073978,0.91765523,0.00780983,0.29830143,27.45098114,27.45098114,-,-,57.20000076,56.57838821,14.64881134,-,1960,-,-110.89238739,36.8458519,-76.18766022,8.62745094,56.48263931,56.54477692,34.63607025
Sat Dec 02 14:31:51 EST 2017,02-Dec-2017 14:31:51.230,-76.18737949,36.84584997,25.25,3.0,-34.0,89.8,8.77235508,-0.34476504,3.90733719,-0.00144964,-,21.17647171,-0.06957421,0.8083176,0.05466883,0.35687518,27.45098114,27.45098114,-,-,57.20000076,56.57838821,14.64881134,-,1960,-,-111.54855347,36.84584808,-76.18737793,8.62745094,56.48263931,56.54477692,34.63607025
Sat Dec 02 14:31:52 EST 2017,02-Dec-2017 14:31:52.227,-76.18709109,36.84585147,25.25,3.0,-34.099998474121094,89.8,9.57680702,0.76614451,3.75410819,0.02102619,-,21.56862831,0.04223704,0.96451426,0.09371798,0.28268176,30.98039246,30.98039246,-,-,57.20000076,56.57834244,14.64881134,-,1968,-,-111.87663269,36.8458519,-76.18708801,12.54901981,56.48263931,56.54477692,-
Sat Dec 02 14:31:53 EST 2017,02-Dec-2017 14:31:53.228,-76.18680782,36.84585444,25.5,3.0,-34.20000076293945,89.8,7.96790314,0.61291564,3.90733719,0.01536673,-,21.56862831,0.03377709,0.92936999,0.05076391,0.34906533,30.98039246,30.98039246,-,-,57.20000076,56.57831955,14.64881134,-,1969,-,-112.20472717,36.84585571,-76.18680573,12.54901981,57.04187393,56.54477692,-
Sat Dec 02 14:31:54 EST 2017,02-Dec-2017 14:31:54.229,-76.18652376,36.84585169,25.5,3.0,-34.20000076293945,90.7,8.04451752,-0.2681506,4.13718033,-0.02288283,-,21.56862831,0.07920717,1.0035634,-0.14838681,0.26706213,30.98039246,30.98039246,-,-,57.20000076,56.57831955,14.64881134,-,1969,-,-112.20472717,36.8458519,-76.18652344,12.54901981,57.04187393,56.54477692,-
Sat Dec 02 14:31:55 EST 2017,02-Dec-2017 14:31:55.229,-76.18624375,36.84584225,25.5,3.0,-34.099998474121094,91.6,9.57680702,0.42137951,4.06056595,0.08022517,-,21.56862831,0.01885005,0.91765523,-0.0234295,0.34125552,30.98039246,30.98039246,-,-,57.20000076,56.57831955,14.64881134,-,1969,-,-111.87663269,36.84584045,-76.18624115,12.54901981,57.04187393,56.54477692,-
Sat Dec 02 14:31:55 EST 2017,02-Dec-2017 14:31:56.228,-76.18624375,36.84584225,25.5,3.0,-34.099998474121094,91.6,9.00219822,0.15322891,3.79241538,0.01070171,-,21.56862831,0.00552363,0.94108468,0.03514424,0.25144243,31.37254906,31.37254906,-,-,57.20000076,56.57830048,14.64881134,-,1964,-,-111.87663269,36.84584045,-76.18624115,12.94117641,57.04187393,56.54477692,-
Sat Dec 02 14:31:57 EST 2017,02-Dec-2017 14:31:57.234,-76.18567476,36.8458362,25.25,3.0,-33.599998474121094,91.1,8.77235508,-1.22583127,4.25210238,-0.01295983,-,21.96078491,-0.10976058,0.75364876,0.02733441,0.37249482,31.37254906,31.37254906,-,-,57.20000076,56.57783508,14.64881134,-,1950,-,-110.23621368,36.84583664,-76.18567657,12.94117641,56.48263931,55.92340851,-
Sat Dec 02 14:31:58 EST 2017,02-Dec-2017 14:31:58.230,-76.18538729,36.84583466,25.25,3.0,-33.099998474121094,90.6,8.96389103,-0.19153613,3.90733719,0.01416488,-,23.52941132,-0.00002289,0.92156017,-0.0234295,0.28658667,33.33333206,33.72549057,-,-,57.20000076,56.57739258,14.64881134,-,1944,-,-108.59579468,36.84583282,-76.18538666,14.50980377,56.48263931,55.92340851,-
Sat Dec 02 14:31:59 EST 2017,02-Dec-2017 14:31:59.227,-76.18511025,36.84583153,25.25,3.0,-32.5,90.1,9.27034855,-1.14921677,4.29040956,-0.02116627,-,24.31372643,-0.02568227,0.90203559,0.01561966,0.26706213,33.72549057,34.11764908,-,-,57.20000076,56.57651901,14.64881134,-,1975,-,-106.62729645,36.84583282,-76.185112,16.07843208,56.48263931,55.92340851,-
Sat Dec 02 14:32:00 EST 2017,02-Dec-2017 14:32:00.229,-76.18483361,36.84583077,25.25,3.0,-32.0,89.7,9.38527107,1.37906015,3.67749381,-0.01660779,-,24.31372643,0.05177549,0.98794377,0.15619664,0.22410804,33.33333206,33.72549057,-,-,57.20000076,56.57564163,14.64881134,-,1970,-,-104.98687744,36.84582901,-76.18483734,15.68627453,56.48263931,55.92340851,-
Sat Dec 02 14:32:01 EST 2017,02-Dec-2017 14:32:01.230,-76.18455183,36.84583718,25.25,3.0,-31.799999237060547,89.6,8.88727665,0.07661445,4.25210238,0.01997306,-,23.92156982,0.03626862,0.96841919,-0.0234295,0.26706213,33.33333206,33.33333206,-,-,57.20000076,56.57559586,14.64881134,-,1975,-,-104.33070374,36.84583664,-76.18455505,15.68627453,56.48263931,56.54477692,47.4334259
Sat Dec 02 14:32:02 EST 2017,02-Dec-2017 14:32:02.232,-76.18426877,36.84583762,25.25,3.0,-31.5,89.8,8.54251194,0.03830723,4.175488,-0.04281908,-,23.92156982,-0.02073809,0.87860614,0.04295408,0.32954079,33.33333206,33.72549057,-,-,57.20000076,56.57555389,14.64881134,-,1992,-,-103.34645844,36.84583664,-76.18426514,15.29411793,56.48263931,56.54477692,47.4334259
Sat Dec 02 14:32:03 EST 2017,02-Dec-2017 14:32:03.232,-76.18398596,36.8458379,25.25,3.0,-31.600000381469727,90.1,8.00621033,-0.34476504,3.48595762,-0.02677238,-,23.92156982,-0.0535824,0.86298645,-0.06247865,0.28268176,33.33333206,33.72549057,-,-,57.20000076,56.57555389,14.64881134,-,1992,-,-103.67454529,36.84583664,-76.18398285,15.29411793,56.48263931,56.54477692,47.4334259
Sat Dec 02 14:32:04 EST 2017,02-Dec-2017 14:32:04.230,-76.18369999,36.84583554,25.5,3.0,-31.299999237060547,90.2,10.41956615,-0.8810662,4.67348194,0.01301933,-,22.74509811,0.27346745,1.16366494,-0.30848834,0.31392109,32.15686417,32.54901886,-,-,59,56.57595444,14.64881134,-,1994,-,-102.69028473,36.84583664,-76.18370056,14.50980377,57.04187393,57.16614914,47.4334259
Sat Dec 02 14:32:04 EST 2017,02-Dec-2017 14:32:05.231,-76.18369999,36.84583554,25.5,3.0,-31.299999237060547,90.2,8.92558384,-0.91937345,4.48194551,0.01361877,-,22.74509811,0.05842798,0.98403883,-0.21477039,0.22410804,32.15686417,32.54901886,-,-,59,56.57634735,14.64881134,-,1996,-,-102.69028473,36.84583664,-76.18370056,14.50980377,57.04187393,57.16614914,-
Sat Dec 02 14:32:06 EST 2017,02-Dec-2017 14:32:06.228,-76.18312905,36.84583471,25.5,3.0,-31.100000381469727,89.8,9.15542698,0.9576807,3.79241538,-0.0280252,-,22.74509811,-0.2402871,0.52716368,0.32801294,0.33735061,32.15686417,32.54901886,-,-,59,56.57674026,14.64881134,-,2008,-,-102.03411865,36.84583282,-76.18312836,14.50980377,57.04187393,57.16614914,-
Sat Dec 02 14:32:07 EST 2017,02-Dec-2017 14:32:07.234,-76.18284095,36.84583588,25.75,3.0,-30.899999618530273,89.7,8.84896946,-0.38307226,4.59686708,-0.05603649,-,23.13725471,0.01582031,0.92156017,0.02733441,0.32563588,32.15686417,32.54901886,-,-,59,56.5783577,14.64881134,-,2025,-,-101.37795258,36.84583664,-76.18283844,14.11764717,57.60110855,57.78752136,48.86783218
Sat Dec 02 14:32:08 EST 2017,02-Dec-2017 14:32:08.230,-76.18254895,36.84583803,25.75,3.0,-30.799999237060547,89.7,8.65743351,-0.11492168,3.75410819,0.03369199,-,22.74509811,0.03433045,0.92156017,0.06247865,0.364685,32.15686417,32.15686417,-,-,59,56.5791626,14.64881134,-,2038,-,-101.04986572,36.84583664,-76.18254852,14.11764717,57.60110855,57.78752136,48.86783218
Sat Dec 02 14:32:09 EST 2017,02-Dec-2017 14:32:09.234,-76.18225784,36.84583756,26.0,3.0,-30.899999618530273,89.7,9.61511421,0,4.71178913,-0.00326997,-,21.56862831,0.08141771,0.96841919,-0.01171475,0.38030469,29.80392265,29.80392265,-,-,59,56.58118057,14.64881134,-,2021,-,-101.37795258,36.84583664,-76.18225861,11.76470566,58.16034317,58.40889359,48.86783218
Sat Dec 02 14:32:09 EST 2017,02-Dec-2017 14:32:10.232,-76.18225784,36.84583756,26.0,3.0,-30.899999618530273,89.7,8.6957407,0.9576807,4.29040956,-0.05284062,-,20,-0.07392207,0.85517663,-0.04685899,0.25144243,27.45098114,27.84313774,-,-,59,56.58361435,14.64881134,-,2024,-,-101.37795258,36.84583664,-76.18225861,9.8039217,58.16034317,58.40889359,47.53170013
Sat Dec 02 14:32:11 EST 2017,02-Dec-2017 14:32:11.234,-76.18166837,36.84583985,26.25,3.0,-31.200000762939453,89.6,8.92558384,0.19153613,4.36702394,-0.00858887,-,18.4313736,-0.01726172,0.8747012,-0.04295408,0.34516042,26.27450943,26.66666794,-,-,59,56.58482742,14.64881134,-,2032,-,-102.36220551,36.84584045,-76.18167114,10.1960783,58.71957779,58.40889359,47.53170013
Sat Dec 02 14:32:12 EST 2017,02-Dec-2017 14:32:12.229,-76.18137217,36.84584398,26.25,3.0,-32.0,89.6,8.50420475,0.65122288,4.36702394,-0.00423223,-,19.2156868,-0.04312023,0.88641596,-0.05466883,0.25534737,28.23529434,28.62745094,-,-,59,56.58644867,14.64881134,-,2036,-,-104.98687744,36.84584427,-76.1813736,11.37254906,58.71957779,59.03026199,23.310709
Sat Dec 02 14:32:13 EST 2017,02-Dec-2017 14:32:13.230,-76.1810753,36.84584339,26.5,3.0,-32.5,89.7,8.65743351,0.61291564,4.32871675,0.01751776,-,20.3921566,-0.00872797,0.88641596,-0.07028849,0.33735061,28.23529434,28.62745094,-,-,59,56.58806992,14.64881134,-,2042,-,-106.62729645,36.84584427,-76.18107605,11.37254906,59.27880859,59.03026199,23.310709
Sat Dec 02 14:32:14 EST 2017,02-Dec-2017 14:32:14.228,-76.18077689,36.84584476,26.5,3.0,-32.900001525878906,89.8,8.38928318,0,4.36702394,0.00632041,-,19.6078434,-0.04001572,0.89813066,-0.03904916,0.23582277,27.05882454,27.45098114,-,-,59,56.59172058,14.64881134,-,2052,-,-107.93963623,36.84584427,-76.1807785,9.8039217,59.27880859,59.65163422,23.310709
Sat Dec 02 14:32:15 EST 2017,02-Dec-2017 14:32:15.228,-76.180476,36.84584493,26.5,3.0,-33.599998474121094,89.9,9.15542698,0.07661445,4.40533113,0.00706122,-,18.8235302,-0.05070895,0.84346181,0.03514424,0.3334457,27.05882454,27.45098114,-,-,59,56.59576797,14.64881134,-,2059,-,-110.23621368,36.84584427,-76.18047333,9.8039217,59.27880859,59.65163422,34.42544937
Sat Dec 02 14:32:16 EST 2017,02-Dec-2017 14:32:16.232,-76.18017494,36.84584621,26.75,3.0,-34.099998474121094,89.9,8.84896946,0.57460839,3.94564438,0.00347195,-,19.2156868,-0.00656759,0.90203559,-0.03514424,0.31392109,27.45098114,27.05882454,-,-,59,56.59779358,14.64881134,-,2062,-,-111.87663269,36.84584808,-76.18017578,10.1960783,59.83804321,59.65163422,34.42544937
Sat Dec 02 14:32:17 EST 2017,02-Dec-2017 14:32:17.228,-76.17987183,36.84584934,26.75,3.0,-34.400001525878906,89.8,8.96389103,-1.07260239,4.02225876,0.02804051,-,20.3921566,0.00118187,0.90203559,0.01171475,0.3334457,29.01960754,28.23529434,-,-,59,56.59980774,14.64881134,-,2078,-,-112.86090088,36.84584808,-76.17987061,11.76470566,59.83804321,59.65163422,34.42544937
Sat Dec 02 14:32:18 EST 2017,02-Dec-2017 14:32:18.233,-76.17956795,36.84585109,26.75,3.0,-35.099998474121094,89.7,8.50420475,0.99598789,4.21379519,0.00845497,-,20.3921566,-0.0408346,0.85127175,0,0.34125552,29.01960754,29.01960754,-,-,59,56.60182953,14.64881134,-,2083,-,-115.15747833,36.8458519,-76.17956543,11.37254906,59.83804321,59.65163422,34.42544937
Sat Dec 02 14:32:19 EST 2017,02-Dec-2017 14:32:19.230,-76.17926303,36.84585001,26.75,3.0,-35.099998474121094,89.8,8.81066227,-0.22984336,3.79241538,0.04577363,-,20.3921566,-0.02158769,0.89813066,-0.0234295,0.28658667,29.01960754,29.01960754,-,-,59,56.60182953,14.64881134,-,2083,-,-115.15747833,36.8458519,-76.17926025,11.37254906,59.83804321,59.65163422,34.42544937
Sat Dec 02 14:32:20 EST 2017,02-Dec-2017 14:32:20.228,-76.17896774,36.84585411,26.75,3.0,-35.400001525878906,89.9,7.92959595,1.18752408,4.36702394,-0.05030197,-,20.3921566,0.00569813,0.9371798,0.0234295,0.26315722,29.01960754,29.01960754,-,-,59,56.60383606,14.64881134,-,2083,-,-116.14173889,36.84585571,-76.17897034,12.54901981,59.83804321,59.65163422,-
Sat Dec 02 14:32:21 EST 2017,02-Dec-2017 14:32:21.229,-76.17866615,36.84585354,26.75,3.0,-35.400001525878906,90.1,8.81066227,0.2681506,4.13718033,0.01964249,-,21.17647171,-0.01589632,0.89032084,0.0234295,0.317826,32.15686417,32.15686417,-,-,59,56.60383606,14.64881134,-,2083,-,-116.14173889,36.8458519,-76.17866516,12.54901981,59.83804321,59.65163422,-
Sat Dec 02 14:32:22 EST 2017,02-Dec-2017 14:32:22.232,-76.17836149,36.84585119,27.0,3.0,-35.5,90.3,8.35097599,0.45968673,4.75009632,-0.01482199,-,21.17647171,-0.09608497,0.82393724,0.00390492,0.27096704,32.15686417,32.15686417,-,-,59,56.60626221,14.64881134,-,2090,-,-116.46981812,36.8458519,-76.17835999,12.54901981,60.39727783,60.27300644,22.56128883
Sat Dec 02 14:32:23 EST 2017,02-Dec-2017 14:32:23.227,-76.17805541,36.84584633,27.0,3.0,-35.79999923706055,90.9,8.58081913,0.91937345,3.67749381,-0.00429114,-,21.17647171,-0.02165007,0.89813066,0.05857374,0.28268176,32.15686417,32.15686417,-,-,59,56.60626221,14.64881134,-,2090,-,-117.45406342,36.84584808,-76.17805481,12.54901981,60.39727783,60.27300644,22.56128883
Sat Dec 02 14:32:24 EST 2017,02-Dec-2017 14:32:24.228,-76.17775363,36.84583757,27.25,3.0,-36.0,91.8,8.54251194,0.03830723,4.09887314,-0.01514286,-,21.17647171,0.00444568,0.89813066,0.10152781,0.33735061,32.15686417,32.15686417,-,-,59,56.60626221,14.64881134,-,2090,-,-118.11023712,36.84583664,-76.17775726,12.54901981,60.95651245,60.27300644,22.56128883
Sat Dec 02 14:32:25 EST 2017,02-Dec-2017 14:32:25.229,-76.17744795,36.84582408,27.25,3.0,-35.900001525878906,92.7,9.46188545,0.68953007,3.75410819,0.00511451,-,21.17647171,-0.05826968,0.83565199,0.00780983,0.3334457,32.15686417,32.15686417,-,-,59,56.60626221,14.64881134,-,2090,-,-117.7821579,36.8458252,-76.17744446,12.54901981,60.95651245,60.27300644,22.56128883
Sat Dec 02 14:32:26 EST 2017,02-Dec-2017 14:32:26.228,-76.17714345,36.84580634,27.25,3.0,-35.599998474121094,93.4,8.88727665,-0.34476504,3.715801,0.01505343,-,22.74509811,0.07873341,0.99575359,0.00390492,0.31392109,31.76470566,31.76470566,-,-,59,56.60626221,14.64881134,-,2090,-,-116.79789734,36.84580612,-76.17714691,14.11764717,60.95651245,60.27300644,22.56128883
Sat Dec 02 14:32:27 EST 2017,02-Dec-2017 14:32:27.232,-76.17683796,36.845788399999996,27.25,3.0,-35.599998474121094,94.2,8.50420475,0.45968673,3.67749381,0.00593221,-,22.74509811,0.00238516,0.90984541,0.07028849,0.31392109,31.76470566,31.76470566,-,-,59,56.60908508,14.64881134,-,2116,-,-116.79789734,36.84578705,-76.17684174,14.11764717,60.95651245,60.89437866,-
Sat Dec 02 14:32:27 EST 2017,02-Dec-2017 14:32:28.234,-76.17683796,36.845788399999996,27.25,3.0,-35.599998474121094,94.2,9.00219822,0.72783732,3.63918662,0.01068043,-,22.74509811,-0.05717663,0.84346181,0.10933765,0.30611128,31.76470566,31.76470566,-,-,59,56.60908508,14.64881134,-,2116,-,-116.79789734,36.84578705,-76.17684174,14.11764717,60.95651245,60.89437866,-
Sat Dec 02 14:32:29 EST 2017,02-Dec-2017 14:32:29.230,-76.17622625,36.8457406,27.5,3.0,-34.900001525878906,95.1,7.77636719,0.30645782,4.09887314,-0.00858353,-,22.74509811,-0.04503565,0.85127175,0.0741934,0.32563588,31.76470566,31.76470566,-,-,59,56.60908508,14.64881134,-,2116,-,-114.50131989,36.84574127,-76.17622375,14.11764717,61.51574707,60.89437866,-
Sat Dec 02 14:32:30 EST 2017,02-Dec-2017 14:32:30.231,-76.17591985,36.84571346,27.5,3.0,-35.0,96.0,8.84896946,-0.03830723,4.21379519,0.01154793,-,22.74509811,0.01692375,0.90594047,-0.00390492,0.32954079,31.76470566,31.76470566,-,-,59,56.60908508,14.64881134,-,2116,-,-114.82939911,36.84571457,-76.17591858,14.11764717,61.51574707,60.89437866,-
Sat Dec 02 14:32:31 EST 2017,02-Dec-2017 14:32:31.231,-76.17561359,36.84568303,27.5,3.0,-35.0,96.9,9.38527107,1.03429508,4.40533113,0.01434532,-,20.3921566,-0.02149413,0.88251102,0.01171475,0.32173091,28.23529434,28.23529434,-,-,59,56.61231995,14.64881134,-,2121,-,-114.82939911,36.84568405,-76.1756134,11.76470566,61.51574707,61.51574707,-
Sat Dec 02 14:32:32 EST 2017,02-Dec-2017 14:32:32.228,-76.17530112,36.84564734,27.75,3.0,-34.79999923706055,97.7,8.31266785,1.22583127,4.29040956,-0.01635686,-,18.8235302,-0.03794373,0.84736669,0.12495731,0.33735061,26.66666794,27.05882454,-,-,59,56.6187706,14.64881134,-,2124,-,-114.1732254,36.8456459,-76.1753006,9.4117651,62.07497787,61.51574707,-
Sat Dec 02 14:32:33 EST 2017,02-Dec-2017 14:32:33.229,-76.17499527,36.84561056,27.5,3.0,-34.70000076293945,98.2,9.11711979,-0.19153613,4.63517427,0.06176609,-,18.8235302,-0.01205843,0.86689138,0.13667206,0.35297027,26.66666794,27.05882454,-,-,59,56.6187706,14.64881134,-,2124,-,-113.84514618,36.84561157,-76.17499542,9.4117651,61.51574707,61.51574707,-
Sat Dec 02 14:32:34 EST 2017,02-Dec-2017 14:32:34.228,-76.17469357,36.84556858,27.5,3.0,-34.70000076293945,98.9,8.46589756,0.99598789,3.86903,-0.00169978,-,18.8235302,-0.02345311,0.8747012,-0.00390492,0.3334457,26.66666794,27.05882454,-,-,59,56.6187706,14.64881134,-,2124,-,-113.84514618,36.84556961,-76.17469025,9.4117651,61.51574707,61.51574707,-
Sat Dec 02 14:32:35 EST 2017,02-Dec-2017 14:32:35.230,-76.17439712,36.84552546,27.25,3.0,-35.099998474121094,100.1,7.85298157,1.07260239,4.32871675,-0.01767572,-,18.8235302,0.04725394,0.95279956,0.10152781,0.32173091,26.66666794,27.05882454,-,-,59,56.62117386,14.64881134,-,2122,-,-115.15747833,36.84552383,-76.17440033,9.4117651,60.95651245,60.27300644,-
Sat Dec 02 14:32:36 EST 2017,02-Dec-2017 14:32:36.228,-76.17409978,36.84547795,27.25,3.0,-35.20000076293945,101.2,8.54251194,0.99598789,4.44363832,0.00195106,-,20,0.05305139,0.97232407,0.03123933,0.30220634,27.84313774,28.23529434,-,-,59,56.62596893,14.64881134,-,2089,-,-115.48556519,36.84547806,-76.17410278,10.98039246,60.95651245,60.27300644,-
Sat Dec 02 14:32:36 EST 2017,02-Dec-2017 14:32:37.228,-76.17409978,36.84547795,27.25,3.0,-35.20000076293945,101.2,8.65743351,0.5363012,4.36702394,0.00894052,-,20,0.00189793,0.90203559,0.07028849,0.32954079,27.84313774,28.23529434,-,-,59,56.62836075,14.64881134,-,2089,-,-115.48556519,36.84547806,-76.17410278,10.98039246,60.95651245,60.27300644,-
Sat Dec 02 14:32:38 EST 2017,02-Dec-2017 14:32:38.229,-76.17350771,36.84537152,27.0,3.0,-34.900001525878906,103.1,8.27436066,0.61291564,4.36702394,-0.00108788,-,20,-0.03035262,0.87079626,0.05857374,0.32173091,27.84313774,28.23529434,-,-,59,56.62836075,14.64881134,-,2089,-,-114.50131989,36.84537125,-76.17350769,10.98039246,60.39727783,60.27300644,-
Sat Dec 02 14:32:39 EST 2017,02-Dec-2017 14:32:39.227,-76.17321931,36.84531435,27.0,3.0,-34.599998474121094,103.9,8.54251194,0.65122288,3.90733719,0.01223364,-,20,-0.00211558,0.89422578,0.02733441,0.34125552,27.84313774,28.23529434,-,-,59,56.62836075,14.64881134,-,2089,-,-113.51705933,36.84531403,-76.17321777,10.98039246,60.39727783,60.27300644,-
Sat Dec 02 14:32:40 EST 2017,02-Dec-2017 14:32:40.227,-76.17292653,36.84525142,26.75,3.0,-34.29999923706055,104.6,8.6957407,0.99598789,4.29040956,-0.01545726,-,20,-0.10131628,0.78879303,0.10152781,0.317826,27.84313774,27.84313774,-,-,59,56.63034439,14.64881134,-,2069,-,-112.5328064,36.84525299,-76.17292786,10.98039246,59.83804321,59.65163422,-
Sat Dec 02 14:32:41 EST 2017,02-Dec-2017 14:32:41.234,-76.17263723,36.84518678,26.75,3.0,-34.20000076293945,105.4,8.96389103,0.61291564,4.09887314,0.00892457,-,20,0.01033025,0.90984541,0.03123933,0.33735061,27.84313774,27.84313774,-,-,59,56.63034439,14.64881134,-,2069,-,-112.20472717,36.84518814,-76.17263794,10.1960783,59.83804321,59.65163422,-
Sat Dec 02 14:32:41 EST 2017,02-Dec-2017 14:32:42.232,-76.17263723,36.84518678,26.75,3.0,-34.20000076293945,105.4,8.6957407,-0.07661445,3.79241538,-0.02244198,-,20,-0.10164742,0.80050778,0.06247865,0.30220634,27.84313774,27.84313774,-,-,59,56.63034439,14.64881134,-,2069,-,-112.20472717,36.84518814,-76.17263794,10.1960783,59.83804321,59.65163422,-
Sat Dec 02 14:32:43 EST 2017,02-Dec-2017 14:32:43.228,-76.17206528,36.84504606,26.5,3.0,-33.599998474121094,107.1,8.54251194,0.9576807,4.32871675,0.01708983,-,20,-0.01858238,0.87079626,0.0976229,0.34125552,27.84313774,27.84313774,-,-,59,56.63034439,14.64881134,-,2069,-,-110.23621368,36.845047,-76.17206573,10.1960783,59.27880859,59.65163422,-
Sat Dec 02 14:32:44 EST 2017,02-Dec-2017 14:32:44.234,-76.1717868,36.84497079,26.5,3.0,-33.5,107.9,7.69975281,0.42137951,4.06056595,-0.01094641,-,19.6078434,0.03168634,0.94108468,0.05857374,0.317826,29.41176605,29.80392265,-,-,59,56.63034439,14.64881134,-,2049,-,-109.90813446,36.8449707,-76.17178345,10.1960783,59.27880859,59.65163422,-
Sat Dec 02 14:32:45 EST 2017,02-Dec-2017 14:32:45.230,-76.17150321,36.84489394,26.5,3.0,-33.20000076293945,108.9,8.81066227,0.49799395,3.79241538,0.00229361,-,19.6078434,0.00816824,0.90203559,0.01952458,0.34906533,29.41176605,29.80392265,-,-,59,56.63034439,14.64881134,-,2049,-,-108.92388916,36.84489441,-76.17150116,10.1960783,59.27880859,59.65163422,-
Sat Dec 02 14:32:45 EST 2017,02-Dec-2017 14:32:46.232,-76.17150321,36.84489394,26.5,3.0,-33.20000076293945,108.9,9.04050541,0.45968673,3.94564438,0.02559763,-,19.6078434,0.00590299,0.92936999,0.03123933,0.28268176,29.41176605,29.80392265,-,-,59,56.63034439,14.64881134,-,2049,-,-108.92388916,36.84489441,-76.17150116,10.1960783,59.27880859,59.65163422,-
Sat Dec 02 14:32:47 EST 2017,02-Dec-2017 14:32:47.245,-76.17094791,36.84472628,26.5,3.0,-32.79999923706055,110.9,8.42759037,0.99598789,4.29040956,-0.0165591,-,19.6078434,-0.0129547,0.90594047,-0.01952458,0.29049161,29.41176605,29.80392265,-,-,59,56.63034439,14.64881134,-,2049,-,-107.61154938,36.84472656,-76.17094421,10.1960783,59.27880859,59.65163422,-
Sat Dec 02 14:32:48 EST 2017,02-Dec-2017 14:32:48.227,-76.17067317,36.84463749,26.5,3.0,-32.70000076293945,111.7,9.23204136,0.11492168,4.32871675,0.00497809,-,19.6078434,-0.00828936,0.89813066,0.08981306,0.31001619,29.41176605,29.80392265,-,-,59,56.63464737,14.64881134,-,2049,-,-107.28347015,36.84463882,-76.17066956,10.1960783,59.27880859,59.03026199,-
Sat Dec 02 14:32:49 EST 2017,02-Dec-2017 14:32:49.229,-76.17039791,36.84454701,26.5,3.0,-32.29999923706055,112.5,8.58081913,0.76614451,3.90733719,-0.01993651,-,21.96078491,0.00469631,0.92156017,0.06247865,0.29439652,29.41176605,30.58823586,-,-,59,56.63662338,14.64881134,-,2064,-,-105.97112274,36.84454727,-76.1703949,12.94117641,59.27880859,59.65163422,27.13208199
Sat Dec 02 14:32:50 EST 2017,02-Dec-2017 14:32:50.238,-76.1701263,36.84445305,26.75,3.0,-32.20000076293945,113.3,8.73404789,0.30645782,4.02225876,0.02947937,-,21.17647171,-0.02005274,0.88641596,0.05076391,0.31392109,29.80392265,30.19607925,-,-,59,56.63859177,14.64881134,-,2060,-,-105.64304352,36.8444519,-76.17012787,12.54901981,59.83804321,59.65163422,27.13208199
Sat Dec 02 14:32:50 EST 2017,02-Dec-2017 14:32:51.230,-76.1701263,36.84445305,26.75,3.0,-32.20000076293945,113.3,8.84896946,0.45968673,4.32871675,-0.00296627,-,21.17647171,-0.08954203,0.82003236,0.05857374,0.29049161,29.80392265,30.19607925,-,-,59,56.64056015,14.64881134,-,2061,-,-105.64304352,36.8444519,-76.17012787,12.54901981,59.83804321,59.65163422,27.13208199
Sat Dec 02 14:32:52 EST 2017,02-Dec-2017 14:32:52.232,-76.16958152,36.84425569,26.75,3.0,-31.5,114.9,9.0788126,-0.11492168,4.06056595,0.00926915,-,21.17647171,-0.00317123,0.88251102,0.04295408,0.36078009,29.80392265,29.41176605,-,-,59,56.64252853,14.64881134,-,2070,-,-103.34645844,36.84425735,-76.16957855,11.37254906,59.83804321,59.65163422,27.13208199
Sat Dec 02 14:32:53 EST 2017,02-Dec-2017 14:32:53.232,-76.16930982,36.84414822,26.75,3.0,-31.299999237060547,116.0,8.61912632,-0.11492168,3.83072281,0.01220583,-,21.17647171,-0.02368753,0.88251102,0.09371798,0.30611128,29.80392265,29.41176605,-,-,59,56.64252853,14.64881134,-,2070,-,-102.69028473,36.84414673,-76.16931152,11.37254906,59.83804321,59.65163422,27.13208199
Sat Dec 02 14:32:54 EST 2017,02-Dec-2017 14:32:54.237,-76.1690466,36.84404207,26.5,4.0,-31.200000762939453,116.6,8.77235508,0.38307226,4.67348194,0.02897099,-,20.3921566,-0.05338905,0.84736669,0.07809832,0.31392109,26.27450943,26.27450943,-,-,59,56.64252853,14.64881134,-,2070,-,-102.36220551,36.84404373,-76.16904449,11.37254906,59.27880859,59.65163422,27.13208199
Sat Dec 02 14:32:55 EST 2017,02-Dec-2017 14:32:55.228,-76.16877999,36.84393647,26.5,3.0,-31.0,117.4,9.23204136,0.42137951,4.44363832,-0.00949848,-,20.3921566,-0.02523603,0.88251102,0.05076391,0.31001619,26.27450943,26.27450943,-,-,59,56.64408493,14.64881134,-,2053,-,-101.70603943,36.84393692,-76.16877747,11.37254906,59.27880859,59.03026199,-
Sat Dec 02 14:32:56 EST 2017,02-Dec-2017 14:32:56.227,-76.16852116,36.84382267,26.5,4.0,-31.5,118.6,9.53849983,0.22984336,4.44363832,0.01409775,-,20.3921566,0.03161984,0.90203559,0.00390492,0.39982924,26.27450943,26.27450943,-,-,59,56.64408493,14.64881134,-,2053,-,-103.34645844,36.84382248,-76.16851807,11.37254906,59.27880859,59.03026199,-
Sat Dec 02 14:32:57 EST 2017,02-Dec-2017 14:32:57.233,-76.16826401,36.8437035,26.5,3.0,-31.399999618530273,120.1,8.58081913,0.30645782,4.13718033,-0.01065294,-,20,-0.03528272,0.85908157,0.02733441,0.33735061,28.62745094,26.27450943,-,-,59,56.64408493,14.64881134,-,2053,-,-103.01837158,36.84370422,-76.1682663,10.58823586,59.27880859,59.03026199,-
Sat Dec 02 14:32:58 EST 2017,02-Dec-2017 14:32:58.227,-76.16801572,36.84358272,26.5,3.0,-31.299999237060547,120.9,8.54251194,0.03830723,3.79241538,0.00919969,-,21.56862831,0.02176623,0.9371798,-0.00780983,0.30611128,30.19607925,29.01960754,-,-,59,56.64523315,14.64881134,-,2044,-,-102.69028473,36.84358215,-76.16801453,12.54901981,59.27880859,58.40889359,-
Sat Dec 02 14:32:59 EST 2017,02-Dec-2017 14:32:59.235,-76.16776331,36.84346072,26.25,3.0,-31.0,121.3,8.35097599,0.68953007,4.21379519,-0.0010005,-,21.56862831,-0.01116308,0.88251102,-0.01171475,0.34516042,30.19607925,30.19607925,-,-,59,56.64678955,14.64881134,-,2055,-,-101.70603943,36.84346008,-76.16776276,12.94117641,58.71957779,59.03026199,48.39875412
Sat Dec 02 14:33:00 EST 2017,02-Dec-2017 14:33:00.230,-76.16751404,36.84333604,26.25,3.0,-31.0,122.0,8.88727665,-0.22984336,4.29040956,0.00641182,-,21.56862831,0.00660053,0.90594047,-0.0234295,0.33735061,30.19607925,30.58823586,-,-,59,56.64678955,14.64881134,-,2055,-,-101.70603943,36.8433342,-76.16751099,12.94117641,58.71957779,59.03026199,48.39875412
Sat Dec 02 14:33:01 EST 2017,02-Dec-2017 14:33:01.229,-76.16726517,36.84320613,26.5,3.0,-30.799999237060547,123.0,9.50019264,-0.30645782,3.83072281,0.02027763,-,21.56862831,0.02202012,0.92936999,0.0741934,0.317826,30.19607925,30.58823586,-,-,59,56.64833832,14.64881134,-,2055,-,-101.04986572,36.8432045,-76.16726685,12.94117641,59.27880859,59.03026199,48.39875412
Sat Dec 02 14:33:02 EST 2017,02-Dec-2017 14:33:02.230,-76.16701986,36.84307074,26.5,4.0,-30.600000381469727,124.0,8.38928318,0.65122288,3.86903,-0.01478927,-,21.56862831,-0.00730512,0.90203559,0.05466883,0.31001619,30.19607925,30.58823586,-,-,59,56.64833832,14.64881134,-,2055,-,-100.39369965,36.84307098,-76.16702271,12.94117641,59.27880859,59.03026199,48.39875412
Sat Dec 02 14:33:03 EST 2017,02-Dec-2017 14:33:03.229,-76.16677435,36.84293276,26.5,4.0,-30.5,124.7,8.31266785,0.80445176,4.175488,-0.0175404,-,23.13725471,-0.07472989,0.83955687,-0.03514424,0.28658667,32.15686417,32.54901886,-,-,59,56.64833832,14.64881134,-,2055,-,-100.06562042,36.84293365,-76.16677094,12.94117641,59.27880859,59.03026199,48.39875412
Sat Dec 02 14:33:04 EST 2017,02-Dec-2017 14:33:04.231,-76.16652804,36.84279734,26.75,4.0,-30.700000762939453,124.8,9.38527107,0.15322891,3.86903,-0.00462195,-,23.13725471,-0.00150412,0.88641596,0.04295408,0.35687518,32.15686417,32.54901886,-,-,59,56.65224457,14.64881134,-,2077,-,-100.7217865,36.84279633,-76.16652679,14.50980377,59.83804321,59.65163422,-
Sat Dec 02 14:33:05 EST 2017,02-Dec-2017 14:33:05.227,-76.16628727,36.84265331,26.75,4.0,-30.899999618530273,126.0,8.96389103,0.15322891,4.44363832,0.00058591,-,23.52941132,-0.03398667,0.88251102,-0.03514424,0.29049161,32.54901886,32.54901886,-,-,59,56.65459824,14.64881134,-,2084,-,-101.37795258,36.84265518,-76.16629028,14.90196133,59.83804321,60.27300644,32.11380768
Sat Dec 02 14:33:06 EST 2017,02-Dec-2017 14:33:06.231,-76.16604577,36.84250257,27.0,3.0,-31.200000762939453,126.7,8.58081913,0.03830723,3.33272886,-0.02045241,-,24.31372643,0.00232426,0.92936999,0.0741934,0.26706213,33.33333206,33.33333206,-,-,59,56.65694809,14.64881134,-,2098,-,-102.36220551,36.84250259,-76.16604614,16.07843208,60.39727783,60.27300644,32.11380768
Sat Dec 02 14:33:07 EST 2017,02-Dec-2017 14:33:07.231,-76.16580379,36.84235768,27.0,5.0,-31.200000762939453,126.7,8.27436066,0.19153613,4.06056595,-0.04124486,-,24.31372643,0.04159261,0.98794377,0.0234295,0.22801295,33.33333206,33.33333206,-,-,59,56.65694809,14.64881134,-,2099,-,-102.36220551,36.84235764,-76.165802,16.07843208,60.39727783,60.27300644,32.11380768
Sat Dec 02 14:33:08 EST 2017,02-Dec-2017 14:33:08.228,-76.16556153,36.84220832,27.0,4.0,-31.0,127.2,9.0788126,0.45968673,3.33272886,0.01696949,-,24.31372643,-0.01276922,0.89032084,0.05857374,0.32173091,33.33333206,33.33333206,-,-,59,56.65694809,14.64881134,-,2099,-,-101.70603943,36.84220886,-76.16555786,16.07843208,60.39727783,60.27300644,32.11380768
Sat Dec 02 14:33:09 EST 2017,02-Dec-2017 14:33:09.228,-76.16531501,36.84206829,27.0,4.0,-31.100000381469727,126.6,8.54251194,-0.22984336,4.40533113,-0.00655603,-,24.31372643,-0.03499812,0.87860614,0,0.29830143,33.33333206,33.33333206,-,-,59,56.66204071,14.64881134,-,2099,-,-102.03411865,36.84206772,-76.16531372,16.07843208,60.39727783,60.89437866,-
Sat Dec 02 14:33:10 EST 2017,02-Dec-2017 14:33:10.234,-76.16507204,36.84192306,27.0,7.0,-31.100000381469727,126.6,8.73404789,-0.61291564,3.98395157,0.03587171,-,24.70588303,0.03070237,0.91375035,0.05857374,0.37249482,34.11764908,34.11764908,-,-,59,56.66478348,14.64881134,-,2106,-,-102.03411865,36.84192276,-76.16506958,16.47058868,60.39727783,60.89437866,-
Sat Dec 02 14:33:11 EST 2017,02-Dec-2017 14:33:11.230,-76.1648352,36.84177215,27.0,3.0,-31.100000381469727,126.6,8.42759037,0.65122288,4.36702394,0.01813088,-,24.70588303,-0.02982553,0.85908157,0.06638357,0.34516042,34.11764908,34.11764908,-,-,59,56.66478348,14.64881134,-,2106,-,-102.03411865,36.84177399,-76.16483307,16.47058868,60.39727783,60.89437866,-
Sat Dec 02 14:33:12 EST 2017,02-Dec-2017 14:33:12.229,-76.16459631,36.841634,27.0,3.0,-30.600000381469727,126.8,8.6957407,0.07661445,3.90733719,-0.01135518,-,22.74509811,-0.07724822,0.83955687,0.0741934,0.27487195,32.15686417,32.54901886,-,-,59,56.66712189,14.64881134,-,2107,-,-100.39369965,36.84163284,-76.16459656,16.47058868,60.39727783,60.27300644,-
Sat Dec 02 14:33:13 EST 2017,02-Dec-2017 14:33:13.235,-76.16435492,36.84148894,27.0,5.0,-30.399999618530273,126.8,8.81066227,0.38307226,3.94564438,-0.00314592,-,24.31372643,0.03536997,0.92936999,-0.11324256,0.34125552,33.72549057,34.11764908,-,-,59,56.66945267,14.64881134,-,2083,-,-99.73753357,36.84148788,-76.16435242,16.07843208,60.39727783,60.27300644,-
Sat Dec 02 14:33:14 EST 2017,02-Dec-2017 14:33:14.226,-76.16411473,36.84134891,26.75,3.0,-29.799999237060547,126.6,8.42759037,0,3.52426481,-0.00741478,-,24.70588303,0.00339689,0.93327487,-0.01952458,0.26706213,33.72549057,34.11764908,-,-,59,56.67411423,14.64881134,-,2085,-,-97.76902771,36.84135056,-76.16411591,16.47058868,59.83804321,60.27300644,-
Sat Dec 02 14:33:15 EST 2017,02-Dec-2017 14:33:15.230,-76.16387494,36.84120508,26.75,3.0,-29.799999237060547,126.7,9.11711979,0.5363012,4.48194551,-0.00063118,-,24.31372643,-0.07262132,0.85517663,0.04295408,0.25534737,33.72549057,33.72549057,-,-,59,56.67643738,14.64881134,-,2081,-,-97.76902771,36.8412056,-76.16387177,16.07843208,59.83804321,60.27300644,-
Sat Dec 02 14:33:16 EST 2017,02-Dec-2017 14:33:16.227,-76.1636319,36.84106121,26.75,3.0,-29.899999618530273,127.1,9.04050541,-0.45968673,3.40934324,-0.01390919,-,24.31372643,0.00067879,0.91765523,0.07809832,0.29049161,33.72549057,33.72549057,-,-,59,56.67643738,14.64881134,-,2081,-,-98.09711456,36.84106064,-76.16363525,16.07843208,59.83804321,60.27300644,-
Sat Dec 02 14:33:17 EST 2017,02-Dec-2017 14:33:17.228,-76.16339393,36.84091632,26.75,5.0,-29.899999618530273,127.1,7.96790314,-0.15322891,4.40533113,-0.08983865,-,24.31372643,-0.11430573,0.81222248,0.05857374,0.24753754,33.72549057,33.72549057,-,-,59,56.67643738,14.64881134,-,2081,-,-98.09711456,36.84091568,-76.16339111,16.07843208,59.83804321,60.27300644,-
Sat Dec 02 14:33:18 EST 2017,02-Dec-2017 14:33:18.227,-76.16316209,36.84076775,26.75,4.0,-28.600000381469727,127.2,8.38928318,-0.9576807,3.44765043,-0.04292451,-,24.70588303,-0.15414578,0.74193406,0.16400647,0.27096704,34.11764908,34.11764908,-,-,59,56.68107605,14.64881134,-,2092,-,-93.83202362,36.84076691,-76.16316223,16.47058868,59.83804321,60.27300644,-
Sat Dec 02 14:33:19 EST 2017,02-Dec-2017 14:33:19.232,-76.16292514,36.84061358,26.75,4.0,-28.299999237060547,127.2,8.27436066,-0.03830723,3.67749381,-0.02136151,-,24.31372643,0.01428692,0.93327487,-0.03904916,0.29439652,32.94117737,31.76470566,-,-,59,56.68339539,14.64881134,-,2098,-,-92.84776306,36.84061432,-76.16292572,16.07843208,59.83804321,60.27300644,-
Sat Dec 02 14:33:20 EST 2017,02-Dec-2017 14:33:20.232,-76.16268635,36.8404679,26.75,6.0,-28.299999237060547,127.2,7.62313843,0.30645782,4.86501789,-0.05862939,-,21.96078491,0.13968818,1.0152781,0.03904916,0.4154489,31.37254906,31.37254906,-,-,59,56.6880188,14.64881134,-,2100,-,-92.84776306,36.84046936,-76.16268921,13.33333397,59.83804321,60.27300644,-
Sat Dec 02 14:33:21 EST 2017,02-Dec-2017 14:33:21.229,-76.16244818,36.84032471,27.0,4.0,-27.799999237060547,126.9,8.81066227,0,3.75410819,-0.03701767,-,22.35294151,-0.06945128,0.83174706,0.04685899,0.31392109,31.37254906,31.37254906,-,-,59,56.69263077,14.64881134,-,2098,-,-91.20734406,36.8403244,-76.16244507,13.72549057,60.39727783,60.27300644,-
Sat Dec 02 14:33:22 EST 2017,02-Dec-2017 14:33:22.231,-76.16220267,36.84017137,27.0,4.0,-27.5,127.3,8.35097599,0.9576807,4.02225876,0.10275562,-,21.96078491,0.14993128,1.03870761,0.08981306,0.3842096,30.98039246,30.98039246,-,-,59,56.69723129,14.64881134,-,2095,-,-90.22309875,36.84017181,-76.16220093,13.33333397,60.39727783,60.27300644,-
Sat Dec 02 14:33:23 EST 2017,02-Dec-2017 14:33:23.228,-76.16195628,36.84002418,26.75,4.0,-28.299999237060547,126.9,8.23605347,0.34476504,3.94564438,-0.04205661,-,21.96078491,-0.02071473,0.87079626,0.09371798,0.33735061,30.98039246,30.98039246,-,-,59,56.69723129,14.64881134,-,2095,-,-92.84776306,36.84002304,-76.16195679,13.33333397,59.83804321,60.27300644,-
Sat Dec 02 14:33:24 EST 2017,02-Dec-2017 14:33:24.229,-76.16171563,36.83987885,26.75,6.0,-28.299999237060547,126.9,7.62313843,-0.19153613,3.40934324,-0.12952232,-,21.96078491,-0.05405813,0.85908157,0.08200324,0.28658667,30.98039246,30.98039246,-,-,59,56.69723129,14.64881134,-,2095,-,-92.84776306,36.83987808,-76.16171265,13.33333397,59.83804321,60.27300644,-
Sat Dec 02 14:33:25 EST 2017,02-Dec-2017 14:33:25.236,-76.16145224,36.8397348,27.0,5.0,-28.5,126.8,8.6957407,0.72783732,4.48194551,-0.01530855,-,21.17647171,-0.07012383,0.84736669,-0.05076391,0.27877685,29.80392265,30.98039246,-,-,59,56.69723129,14.64881134,-,2095,-,-93.50393677,36.83973312,-76.16145325,12.94117641,60.39727783,60.27300644,-
Sat Dec 02 14:33:26 EST 2017,02-Dec-2017 14:33:26.232,-76.16121006,36.83957739,27.25,6.0,-27.600000381469727,127.0,8.77235508,-0.57460839,4.02225876,-0.02349911,-,21.17647171,-0.095157,0.80441266,0.05466883,0.31001619,29.80392265,30.98039246,-,-,59,56.69723129,14.64881134,-,2095,-,-90.55118561,36.83957672,-76.16120911,12.94117641,60.95651245,60.27300644,-
Sat Dec 02 14:33:27 EST 2017,02-Dec-2017 14:33:27.231,-76.16096463,36.83943227,27.25,6.0,-28.200000762939453,127.0,8.08282471,0.5363012,4.5202527,0.00279577,-,18.8235302,0.03086522,0.92936999,-0.00780983,0.34516042,29.80392265,29.80392265,-,-,59,56.69952393,14.64881134,-,2089,-,-92.51969147,36.83943176,-76.16096497,9.4117651,60.95651245,60.27300644,-
Sat Dec 02 14:33:28 EST 2017,02-Dec-2017 14:33:28.230,-76.1607192,36.83928283,27.25,6.0,-29.100000381469727,126.7,9.00219822,0.45968673,4.175488,0.03164643,-,18.8235302,-0.08576225,0.81222248,0.03123933,0.317826,26.66666794,26.66666794,-,-,59,56.70410156,14.64881134,-,2090,-,-95.47244263,36.83928299,-76.16072083,9.4117651,60.95651245,60.27300644,-
Sat Dec 02 14:33:29 EST 2017,02-Dec-2017 14:33:29.228,-76.16047483,36.83913476,27.0,5.0,-29.200000762939453,127.2,8.46589756,0.91937345,4.78840351,0.01038642,-,18.8235302,0.09543676,0.98013395,0.01561966,0.38811451,26.66666794,26.66666794,-,-,59,56.70410156,14.64881134,-,2090,-,-95.80052948,36.83913422,-76.16047668,9.4117651,60.39727783,60.27300644,-
Sat Dec 02 14:33:30 EST 2017,02-Dec-2017 14:33:30.230,-76.16022254,36.83899289,27.25,5.0,-30.100000381469727,126.8,9.88326454,0.03830723,4.71178913,0.04320814,-,18.8235302,0.04999675,0.9371798,0.10543273,0.36078009,26.66666794,26.66666794,-,-,59,56.70410156,14.64881134,-,2090,-,-98.75328064,36.83899307,-76.16022491,9.4117651,60.95651245,60.27300644,-
Sat Dec 02 14:33:31 EST 2017,02-Dec-2017 14:33:31.227,-76.15995023,36.83884133,27.5,5.0,-30.5,126.6,8.65743351,-0.11492168,4.48194551,0.03897546,-,21.17647171,0.16775972,1.06213713,0.01171475,0.3842096,29.41176605,29.80392265,-,-,59,56.70678711,14.64881134,-,2115,-,-100.06562042,36.83884048,-76.15995026,9.4117651,61.51574707,60.89437866,-
Sat Dec 02 14:33:32 EST 2017,02-Dec-2017 14:33:32.232,-76.15971284,36.83869771,27.0,5.0,-32.0,126.9,7.01022243,0,3.37103605,-0.07721943,-,21.17647171,-0.18822335,0.75364876,-0.01171475,0.20067854,29.41176605,29.80392265,-,-,59,56.70946884,14.64881134,-,2120,-,-104.98687744,36.83869934,-76.15971375,12.15686321,60.39727783,60.89437866,-
Sat Dec 02 14:33:33 EST 2017,02-Dec-2017 14:33:33.230,-76.15946567,36.83855472,27.5,5.0,-32.5,126.9,8.61912632,-0.68953007,4.90332508,-0.02699502,-,21.17647171,-0.09201741,0.78879303,0.00390492,0.34906533,29.80392265,29.80392265,-,-,59,56.71214676,14.64881134,-,2133,-,-106.62729645,36.83855438,-76.15946198,12.15686321,61.51574707,60.89437866,-
Sat Dec 02 14:33:34 EST 2017,02-Dec-2017 14:33:34.237,-76.159222,36.83840643,27.5,5.0,-31.899999618530273,126.9,6.66545773,-2.03028297,3.63918662,-0.01844398,-,21.17647171,-0.07214434,0.90203559,0.04685899,0.11086546,29.80392265,29.80392265,-,-,59,56.71214676,14.64881134,-,2133,-,-104.65879059,36.83840561,-76.15922546,12.15686321,61.51574707,60.89437866,-
Sat Dec 02 14:33:35 EST 2017,02-Dec-2017 14:33:35.232,-76.15897472,36.83826238,27.75,5.0,-33.400001525878906,127.2,8.19774628,0.22984336,4.32871675,-0.02619424,-,21.17647171,-0.03603442,0.84346181,0.03514424,0.364685,29.80392265,29.80392265,-,-,59,56.71214676,14.64881134,-,2133,-,-109.58005524,36.83826065,-76.15897369,12.15686321,62.07497787,60.89437866,-
Sat Dec 02 14:33:36 EST 2017,02-Dec-2017 14:33:36.233,-76.15872699,36.83810998,27.5,4.0,-34.400001525878906,127.1,8.38928318,0.19153613,4.175488,0.02330942,-,18.4313736,0.02933949,0.92936999,-0.01952458,0.34125552,25.88235283,26.27450943,-,-,59,56.71788788,14.64881134,-,2135,-,-112.86090088,36.83811188,-76.15872955,9.01960754,61.51574707,61.51574707,-
Sat Dec 02 14:33:37 EST 2017,02-Dec-2017 14:33:37.229,-76.15847542,36.83795793,27.75,4.0,-34.70000076293945,127.0,8.92558384,0.91937345,4.44363832,-0.00723103,-,18.03921509,0.01151512,0.90203559,-0.00780983,0.35687518,26.27450943,26.27450943,-,-,59,56.72401428,14.64881134,-,2133,-,-113.84514618,36.83795929,-76.15847778,9.01960754,62.07497787,61.51574707,47.13754272
Sat Dec 02 14:33:38 EST 2017,02-Dec-2017 14:33:38.230,-76.1582223,36.83780209,27.75,4.0,-34.099998474121094,126.9,8.19774628,0.99598789,4.25210238,0.00571074,-,18.03921509,-0.07996409,0.79660285,0.05076391,0.35687518,25.88235283,26.27450943,-,-,59,56.72706604,14.64881134,-,2133,-,-111.87663269,36.83780289,-76.15822601,8.62745094,62.07497787,61.51574707,47.13754272
Sat Dec 02 14:33:39 EST 2017,02-Dec-2017 14:33:39.227,-76.15797417,36.83764726,27.75,5.0,-34.5,127.2,8.27436066,0.07661445,4.36702394,0.02532036,-,17.64705849,-0.00283452,0.88251102,0.07809832,0.35687518,25.88235283,26.27450943,-,-,59,56.73621368,14.64881134,-,2137,-,-113.1889801,36.83764648,-76.15797424,8.23529434,62.07497787,61.51574707,47.13754272
Sat Dec 02 14:33:40 EST 2017,02-Dec-2017 14:33:40.230,-76.15773208,36.83749973,27.75,5.0,-34.099998474121094,127.2,9.04050541,-0.49799395,4.75009632,0.00458916,-,17.64705849,0.01603056,0.92546505,-0.0234295,0.317826,25.09803963,24.70588303,-,-,59,56.739254,14.64881134,-,2129,-,-111.87663269,36.83750153,-76.1577301,7.45098066,62.07497787,61.51574707,-
Sat Dec 02 14:33:41 EST 2017,02-Dec-2017 14:33:41.233,-76.15749519,36.8373464,27.75,5.0,-34.400001525878906,127.5,8.54251194,-0.38307226,4.13718033,-0.0972113,-,17.64705849,-0.05596359,0.84736669,0.03514424,0.31392109,25.09803963,24.70588303,-,-,59,56.739254,14.64881134,-,2129,-,-112.86090088,36.83734512,-76.15749359,7.45098066,62.07497787,61.51574707,-
Sat Dec 02 14:33:42 EST 2017,02-Dec-2017 14:33:42.228,-76.15726633,36.83719672,27.5,5.0,-35.29999923706055,127.1,8.61912632,-0.15322891,4.90332508,-0.00643536,-,17.64705849,0.0101792,0.89422578,-0.0234295,0.36858991,25.09803963,24.70588303,-,-,59,56.739254,14.64881134,-,2129,-,-115.81364441,36.83719635,-76.15726471,7.45098066,61.51574707,61.51574707,-
Sat Dec 02 14:33:43 EST 2017,02-Dec-2017 14:33:43.228,-76.15701232,36.83704964,27.5,5.0,-33.70000076293945,126.4,8.81066227,-0.61291564,3.86903,0.05461459,-,17.64705849,-0.0165477,0.86298645,0.04685899,0.36858991,25.09803963,24.70588303,-,-,59,56.739254,14.64881134,-,2129,-,-110.56430817,36.83705139,-76.15701294,7.45098066,61.51574707,61.51574707,-
Sat Dec 02 14:33:44 EST 2017,02-Dec-2017 14:33:44.231,-76.15677444,36.83690168,27.25,5.0,-32.900001525878906,126.0,8.6957407,-0.30645782,4.48194551,0.01232421,-,16.86274529,-0.0005342,0.92546505,-0.03514424,0.27487195,25.88235283,24.70588303,-,-,59,56.74149704,14.64881134,-,2087,-,-107.93963623,36.83690262,-76.15677643,7.45098066,60.95651245,60.27300644,-
Sat Dec 02 14:33:45 EST 2017,02-Dec-2017 14:33:45.232,-76.15651849,36.83677199,27.0,6.0,-33.20000076293945,124.5,9.34696388,-0.49799395,4.02225876,0.05751687,-,18.8235302,-0.02643429,0.88251102,-0.01561966,0.31001619,27.05882454,27.45098114,-,-,59,56.7437439,14.64881134,-,2093,-,-108.92388916,36.83677292,-76.15651703,9.4117651,60.39727783,60.27300644,-
Sat Dec 02 14:33:46 EST 2017,02-Dec-2017 14:33:46.231,-76.15627902,36.83664921,26.75,5.0,-33.099998474121094,122.8,8.15943909,0.11492168,4.44363832,0.00350977,-,20.3921566,-0.01939892,0.86298645,-0.01561966,0.364685,28.23529434,28.62745094,-,-,59,56.74743271,14.64881134,-,2087,-,-108.59579468,36.83665085,-76.15628052,10.98039246,59.83804321,59.65163422,-
Sat Dec 02 14:33:47 EST 2017,02-Dec-2017 14:33:47.226,-76.15602978,36.83652958,26.75,5.0,-33.20000076293945,121.6,8.42759037,0.34476504,4.55855989,0.01899786,-,20.3921566,-0.00036629,0.90594047,0,0.32173091,28.23529434,28.62745094,-,-,59,56.74927902,14.64881134,-,2070,-,-108.92388916,36.83652878,-76.15602875,10.98039246,59.83804321,59.65163422,-
Sat Dec 02 14:33:48 EST 2017,02-Dec-2017 14:33:48.227,-76.15577501,36.83640353,26.75,6.0,-33.20000076293945,121.6,8.54251194,0.45968673,3.44765043,-0.01401971,-,20,0.00997526,0.89422578,-0.01171475,0.36858991,28.23529434,28.62745094,-,-,59,56.74927902,14.64881134,-,2070,-,-108.92388916,36.83640289,-76.15577698,10.98039246,59.83804321,59.65163422,-
Sat Dec 02 14:33:49 EST 2017,02-Dec-2017 14:33:49.231,-76.15551353,36.83628424,26.75,4.0,-33.5,119.9,8.88727665,-0.61291564,4.175488,0.02189463,-,20.3921566,-0.01288514,0.90594047,-0.0976229,0.27877685,28.23529434,28.62745094,-,-,59,56.75111771,14.64881134,-,2061,-,-109.90813446,36.83628464,-76.15550995,11.76470566,59.83804321,59.65163422,-
Sat Dec 02 14:33:50 EST 2017,02-Dec-2017 14:33:50.233,-76.15524748,36.83617569,26.5,3.0,-32.900001525878906,117.9,8.77235508,0.22984336,4.36702394,0.01933909,-,20.3921566,0.02553014,0.92936999,-0.07809832,0.32563588,29.01960754,29.01960754,-,-,59,56.7539978,14.64881134,-,2062,-,-107.93963623,36.83617401,-76.15525055,11.37254906,59.27880859,59.03026199,-
Sat Dec 02 14:33:51 EST 2017,02-Dec-2017 14:33:51.230,-76.15498017,36.83606695,26.5,3.0,-33.599998474121094,116.5,9.11711979,-0.68953007,3.94564438,-0.01785961,-,20.3921566,-0.0122438,0.86689138,0.01561966,0.37249482,29.01960754,29.41176605,-,-,59,56.7539978,14.64881134,-,2062,-,-110.23621368,36.8360672,-76.15498352,11.37254906,59.27880859,59.03026199,-
Sat Dec 02 14:33:52 EST 2017,02-Dec-2017 14:33:52.231,-76.15471466,36.83595388,26.5,3.0,-32.0,115.0,8.50420475,-0.49799395,3.90733719,0.01538697,-,20.7843132,-0.00478747,0.90203559,0.03904916,0.317826,29.01960754,29.41176605,-,-,59,56.75543976,14.64881134,-,2061,-,-104.98687744,36.83595276,-76.15471649,11.76470566,59.27880859,59.03026199,-
Sat Dec 02 14:33:53 EST 2017,02-Dec-2017 14:33:53.227,-76.15444592,36.83584943,26.5,3.0,-31.700000762939453,113.8,8.92558384,-0.57460839,4.40533113,0.00185178,-,20.7843132,-0.00197031,0.90203559,0.0234295,0.32563588,29.41176605,29.41176605,-,-,59,56.7568779,14.64881134,-,2051,-,-104.00262451,36.83584976,-76.15444946,11.76470566,59.27880859,59.03026199,-
Sat Dec 02 14:33:54 EST 2017,02-Dec-2017 14:33:54.230,-76.15416846,36.8357473,26.5,3.0,-29.899999618530273,112.4,8.65743351,0.65122288,4.29040956,0.00734329,-,20.7843132,0.02918378,0.94108468,-0.03904916,0.31392109,29.41176605,29.41176605,-,-,59,56.7568779,14.64881134,-,2051,-,-98.09711456,36.83574677,-76.15416718,11.76470566,59.27880859,59.03026199,-
Sat Dec 02 14:33:55 EST 2017,02-Dec-2017 14:33:55.233,-76.15389476,36.83565663,26.5,4.0,-30.0,112.4,8.58081913,0.07661445,4.32871675,-0.00043246,-,20.7843132,-0.01807721,0.8747012,0.01561966,0.34516042,29.41176605,29.41176605,-,-,59,56.75831223,14.64881134,-,2046,-,-98.42519379,36.83565521,-76.15389252,11.76470566,59.27880859,59.03026199,-
Sat Dec 02 14:33:56 EST 2017,02-Dec-2017 14:33:56.230,-76.15361213,36.83556403,26.5,4.0,-27.600000381469727,110.5,8.73404789,-0.61291564,4.06056595,0.00114966,-,20.7843132,-0.03907833,0.85517663,0.01171475,0.33735061,29.41176605,29.41176605,-,-,59,56.76118088,14.64881134,-,2044,-,-90.55118561,36.83556366,-76.15361023,11.76470566,59.27880859,59.03026199,-
Sat Dec 02 14:33:57 EST 2017,02-Dec-2017 14:33:57.232,-76.15333102,36.83548594,26.5,3.0,-28.0,109.5,8.6957407,-0.76614451,3.86903,-0.01318008,-,20.7843132,-0.06363194,0.83565199,-0.00390492,0.32173091,29.41176605,29.41176605,-,-,59,56.76261139,14.64881134,-,2046,-,-91.86351776,36.83548737,-76.15332794,11.76470566,59.27880859,59.03026199,-
Sat Dec 02 14:33:58 EST 2017,02-Dec-2017 14:33:58.229,-76.15305162,36.83541227,26.5,3.0,-28.399999618530273,108.1,8.88727665,-0.22984336,3.75410819,-0.0095793,-,20.7843132,-0.0354726,0.87079626,0.00780983,0.31392109,29.41176605,29.41176605,-,-,59,56.76403809,14.64881134,-,2053,-,-93.17584991,36.83541107,-76.15305328,11.76470566,59.27880859,59.03026199,-
Sat Dec 02 14:33:59 EST 2017,02-Dec-2017 14:33:59.230,-76.15276757,36.83534367,26.5,3.0,-28.700000762939453,106.8,9.42357826,-0.07661445,4.21379519,0.00920479,-,20.7843132,0.02748484,0.92156017,-0.0234295,0.35297027,29.41176605,29.41176605,-,-,59,56.7654686,14.64881134,-,2048,-,-94.16011047,36.83534241,-76.152771,11.76470566,59.27880859,59.03026199,-
Sat Dec 02 14:34:00 EST 2017,02-Dec-2017 14:34:00.228,-76.1524842,36.83528077,26.5,3.0,-29.200000762939453,105.2,8.15943909,0.2681506,4.09887314,-0.01555091,-,21.17647171,-0.0400952,0.8747012,0.01171475,0.29439652,29.41176605,29.41176605,-,-,59,56.76689529,14.64881134,-,2043,-,-95.80052948,36.83528137,-76.15248108,12.15686321,59.27880859,59.03026199,-
Sat Dec 02 14:34:01 EST 2017,02-Dec-2017 14:34:01.226,-76.15219652,36.83522568,26.25,4.0,-30.5,104.1,8.77235508,-0.11492168,4.29040956,0.02164539,-,21.17647171,0.01464045,0.92936999,-0.01171475,0.30611128,29.41176605,29.41176605,-,-,59,56.76689529,14.64881134,-,2043,-,-100.06562042,36.83522415,-76.15219879,12.15686321,58.71957779,59.03026199,-
Sat Dec 02 14:34:02 EST 2017,02-Dec-2017 14:34:02.230,-76.15190765,36.83516836,26.5,4.0,-31.100000381469727,103.3,8.88727665,-0.22984336,4.32871675,0.02696007,-,21.17647171,-0.04012692,0.85517663,-0.03904916,0.3334457,29.41176605,29.41176605,-,-,59,56.76831436,14.64881134,-,2047,-,-102.03411865,36.83516693,-76.15190887,12.15686321,59.27880859,59.03026199,-
Sat Dec 02 14:34:03 EST 2017,02-Dec-2017 14:34:03.229,-76.15161756,36.83512263,26.25,3.0,-32.5,101.6,8.73404789,-0.15322891,4.36702394,-0.00674094,-,20.7843132,-0.06350971,0.84346181,0.00780983,0.30611128,29.41176605,29.41176605,-,-,59,56.76973724,14.64881134,-,2052,-,-106.62729645,36.83512115,-76.15161896,12.15686321,58.71957779,59.03026199,-
Sat Dec 02 14:34:04 EST 2017,02-Dec-2017 14:34:04.226,-76.15132697,36.8350795,26.25,3.0,-32.900001525878906,100.4,8.92558384,-0.99598789,3.79241538,0.01276556,-,20.7843132,0.02414545,0.90984541,-0.06638357,0.364685,29.41176605,29.41176605,-,-,59,56.77115631,14.64881134,-,2049,-,-107.93963623,36.83507919,-76.15132904,11.76470566,58.71957779,59.03026199,-
Sat Dec 02 14:34:05 EST 2017,02-Dec-2017 14:34:05.226,-76.15103662,36.83503683,26.25,5.0,-32.900001525878906,100.4,8.50420475,0,4.02225876,0.00869944,-,20.7843132,-0.04647485,0.8747012,-0.00390492,0.27877685,29.41176605,29.41176605,-,-,59,56.77257919,14.64881134,-,2051,-,-107.93963623,36.83503723,-76.15103912,11.76470566,58.71957779,59.03026199,-
Sat Dec 02 14:34:06 EST 2017,02-Dec-2017 14:34:06.235,-76.15074346,36.83500722,26.25,3.0,-32.599998474121094,97.6,9.19373417,-0.57460839,4.09887314,0.00785799,-,20.7843132,-0.0109162,0.88641596,0.08590815,0.32954079,29.41176605,29.41176605,-,-,59,56.77399063,14.64881134,-,2051,-,-106.95537567,36.83500671,-76.15074158,11.76470566,58.71957779,59.03026199,-
Sat Dec 02 14:34:07 EST 2017,02-Dec-2017 14:34:07.230,-76.15045826,36.83497536,26.5,3.0,-33.099998474121094,96.6,8.46589756,0.5363012,3.79241538,0.01186192,-,20.7843132,0.01548226,0.92936999,-0.04295408,0.30611128,29.41176605,29.41176605,-,-,59,56.7754097,14.64881134,-,2053,-,-108.59579468,36.8349762,-76.15045929,11.76470566,59.27880859,59.03026199,-
Sat Dec 02 14:34:08 EST 2017,02-Dec-2017 14:34:08.227,-76.15016349,36.83494807,26.5,5.0,-33.0,96.6,8.65743351,0.22984336,3.75410819,0.00708705,-,20.7843132,-0.00093122,0.90984541,0.03904916,0.31001619,29.41176605,29.41176605,-,-,59,56.77822876,14.64881134,-,2050,-,-108.26771545,36.83494949,-76.15016174,11.76470566,59.27880859,59.03026199,-
Sat Dec 02 14:34:08 EST 2017,02-Dec-2017 14:34:09.231,-76.15016349,36.83494807,26.5,5.0,-33.0,96.6,8.73404789,0.5363012,3.94564438,0.01315127,-,20.7843132,0.01935158,0.94108468,0.01561966,0.29049161,29.41176605,29.41176605,-,-,59,56.77822876,14.64881134,-,2050,-,-108.26771545,36.83494949,-76.15016174,11.76470566,59.27880859,59.03026199,-
Sat Dec 02 14:34:10 EST 2017,02-Dec-2017 14:34:10.234,-76.1495748,36.83489862,26.5,3.0,-32.900001525878906,96.0,9.57680702,0.8810662,4.06056595,0.02254645,-,20.7843132,-0.11768024,0.78488815,0.01171475,0.30220634,29.41176605,29.41176605,-,-,59,56.77822876,14.64881134,-,2050,-,-107.93963623,36.8348999,-76.14957428,11.76470566,59.27880859,59.03026199,-
Sat Dec 02 14:34:11 EST 2017,02-Dec-2017 14:34:11.231,-76.14927984,36.83487346,26.5,3.0,-33.5,96.0,8.81066227,0.2681506,3.79241538,-0.01233499,-,20.7843132,-0.05264785,0.83565199,-0.01952458,0.34516042,29.41176605,29.41176605,-,-,59,56.77822876,14.64881134,-,2061,-,-109.90813446,36.8348732,-76.14927673,11.76470566,59.27880859,59.03026199,-
Sat Dec 02 14:34:12 EST 2017,02-Dec-2017 14:34:12.230,-76.14898473,36.83484311,26.5,3.0,-34.099998474121094,96.4,9.0788126,0.03830723,3.67749381,-0.01228477,-,20.7843132,-0.03233743,0.88641596,-0.0234295,0.28658667,29.41176605,29.41176605,-,-,59,56.7796402,14.64881134,-,2061,-,-111.87663269,36.83484268,-76.14898682,11.76470566,59.27880859,59.03026199,-
Sat Dec 02 14:34:13 EST 2017,02-Dec-2017 14:34:13.228,-76.1486892,36.83481827,26.5,3.0,-34.400001525878906,96.2,8.15943909,-0.22984336,4.71178913,0.00566863,-,20.7843132,0.03968638,0.9371798,0.01561966,0.34906533,29.41176605,29.41176605,-,-,59,56.7796402,14.64881134,-,2061,-,-112.86090088,36.83481979,-76.14868927,11.76470566,59.27880859,59.03026199,-
Sat Dec 02 14:34:14 EST 2017,02-Dec-2017 14:34:14.230,-76.14838782,36.83479559,26.75,4.0,-34.5,95.7,8.61912632,1.07260239,4.71178913,0.04730886,-,20.7843132,-0.04214795,0.85908157,-0.03123933,0.32173091,29.01960754,29.01960754,-,-,59,56.78104782,14.64881134,-,2057,-,-113.1889801,36.83479691,-76.14838409,11.76470566,59.83804321,59.03026199,-
Sat Dec 02 14:34:15 EST 2017,02-Dec-2017 14:34:15.232,-76.14809817,36.83477122,26.25,3.0,-35.400001525878906,96.0,8.50420475,0.49799395,3.33272886,0.0075007,-,20.7843132,-0.01995159,0.83955687,0.03514424,0.40373418,29.01960754,29.01960754,-,-,59,56.78104782,14.64881134,-,2057,-,-116.14173889,36.8347702,-76.14810181,10.98039246,58.71957779,59.03026199,-
Sat Dec 02 14:34:16 EST 2017,02-Dec-2017 14:34:16.229,-76.14780884,36.8347512,26.5,3.0,-35.5,95.9,8.50420475,0.72783732,3.75410819,-0.01217741,-,20,-0.05353408,0.82393724,-0.01952458,0.364685,27.84313774,28.23529434,-,-,59,56.78104782,14.64881134,-,2057,-,-116.46981812,36.83475113,-76.14781189,10.98039246,59.27880859,59.03026199,-
Sat Dec 02 14:34:17 EST 2017,02-Dec-2017 14:34:17.236,-76.14751404,36.83472663,26.5,5.0,-35.599998474121094,95.9,8.6957407,0.15322891,4.71178913,-0.01571959,-,20,-0.02699084,0.89813066,0.04295408,0.27096704,27.84313774,28.23529434,-,-,59,56.78104782,14.64881134,-,2057,-,-116.79789734,36.83472824,-76.14751434,10.98039246,59.27880859,59.03026199,-
Sat Dec 02 14:34:18 EST 2017,02-Dec-2017 14:34:18.230,-76.14722645,36.83470462,26.5,3.0,-36.20000076293945,95.8,8.77235508,1.45567465,4.44363832,0.01624232,-,20,0.01867033,0.91765523,0.11714748,0.32563588,27.84313774,28.23529434,-,-,59,56.78245163,14.64881134,-,2049,-,-118.7664032,36.83470535,-76.14722443,10.1960783,59.27880859,59.03026199,-
Sat Dec 02 14:34:19 EST 2017,02-Dec-2017 14:34:19.227,-76.14693208,36.83468053,26.5,4.0,-36.099998474121094,95.8,8.42759037,0.30645782,4.36702394,0.01631686,-,20,-0.05392915,0.82784218,0.01952458,0.35687518,27.84313774,28.23529434,-,-,59,56.78245163,14.64881134,-,2049,-,-118.43831635,36.83467865,-76.14693451,10.1960783,59.27880859,59.03026199,-
Sat Dec 02 14:34:20 EST 2017,02-Dec-2017 14:34:20.229,-76.14663996,36.83465196,26.25,3.0,-35.900001525878906,96.6,8.27436066,0.19153613,4.21379519,-0.01846171,-,19.2156868,-0.04763567,0.85127175,-0.0234295,0.32563588,27.45098114,27.84313774,-,-,59,56.78346634,14.64881134,-,2031,-,-117.7821579,36.83465195,-76.14663696,10.1960783,58.71957779,58.40889359,-
Sat Dec 02 14:34:21 EST 2017,02-Dec-2017 14:34:21.228,-76.14634377,36.83462991,26.25,3.0,-35.79999923706055,96.0,8.96389103,0.11492168,3.90733719,0.0305186,-,19.2156868,0.01295472,0.90594047,0.05466883,0.34906533,27.45098114,27.45098114,-,-,59,56.78448105,14.64881134,-,2030,-,-117.45406342,36.83462906,-76.14634705,10.1960783,58.71957779,58.40889359,-
Sat Dec 02 14:34:22 EST 2017,02-Dec-2017 14:34:22.230,-76.14605369,36.83459714,26.0,3.0,-36.099998474121094,96.4,8.1211319,0.15322891,3.90733719,-0.03112297,-,19.2156868,-0.0353935,0.87079626,-0.05857374,0.31001619,27.45098114,27.45098114,-,-,59,56.78448105,14.64881134,-,2030,-,-118.43831635,36.83459854,-76.14605713,10.1960783,58.16034317,58.40889359,-
Sat Dec 02 14:34:23 EST 2017,02-Dec-2017 14:34:23.228,-76.14576148,36.83457277,26.0,3.0,-35.79999923706055,96.5,9.30865574,0.22984336,4.09887314,0.00325772,-,19.2156868,0.00977885,0.89813066,0,0.36078009,27.45098114,27.45098114,-,-,59,56.78448105,14.64881134,-,2030,-,-117.45406342,36.83457184,-76.14575958,10.1960783,58.16034317,58.40889359,-
Sat Dec 02 14:34:24 EST 2017,02-Dec-2017 14:34:24.226,-76.1454716,36.83455079,26.0,3.0,-36.099998474121094,96.2,8.19774628,-0.07661445,3.94564438,0.00589728,-,19.2156868,-0.08458634,0.81612742,-0.00390492,0.31392109,27.45098114,27.45098114,-,-,59,56.78448105,14.64881134,-,2030,-,-118.43831635,36.83454895,-76.14546967,9.8039217,58.16034317,58.40889359,-
Sat Dec 02 14:34:25 EST 2017,02-Dec-2017 14:34:25.229,-76.14518541,36.83452805,26.0,3.0,-36.29999923706055,95.8,8.42759037,0.49799395,4.29040956,0.02302753,-,19.2156868,0.03981845,0.94108468,0.01171475,0.34125552,27.45098114,27.45098114,-,-,59,56.78510666,14.64881134,-,2003,-,-119.09448242,36.83452988,-76.14518738,10.1960783,58.16034317,57.78752136,-
Sat Dec 02 14:34:26 EST 2017,02-Dec-2017 14:34:26.231,-76.14489632,36.83450819,25.75,3.0,-37.0,95.8,8.00621033,1.11090958,4.02225876,0.00835705,-,19.2156868,-0.04878997,0.85517663,-0.03904916,0.31392109,27.45098114,27.45098114,-,-,59,56.78510666,14.64881134,-,1992,-,-121.39107513,36.83450699,-76.14489746,10.1960783,57.60110855,57.78752136,-
Sat Dec 02 14:34:27 EST 2017,02-Dec-2017 14:34:27.230,-76.14460768,36.83448432,25.75,3.0,-37.5,96.5,8.77235508,0.8810662,4.59686708,0.01127119,-,19.2156868,0.06397823,0.95670444,0.00780983,0.364685,27.45098114,27.45098114,-,-,59,56.78534317,14.64881134,-,1992,-,-123.03149414,36.8344841,-76.14460754,10.1960783,57.60110855,57.16614914,-
Sat Dec 02 14:34:28 EST 2017,02-Dec-2017 14:34:28.228,-76.14432959,36.8344583,25.75,3.0,-37.29999923706055,96.2,8.84896946,0.5363012,4.32871675,-0.02449132,-,19.2156868,-0.06610388,0.85127175,-0.05857374,0.27877685,27.45098114,27.45098114,-,-,59,56.78534317,14.64881134,-,1992,-,-122.37532806,36.8344574,-76.14433289,10.1960783,57.60110855,57.16614914,-
Sat Dec 02 14:34:29 EST 2017,02-Dec-2017 14:34:29.228,-76.14404868,36.83443344,25.5,3.0,-37.20000076293945,96.4,8.61912632,0.22984336,4.09887314,-0.00295316,-,19.2156868,-0.02648916,0.87860614,0.0234295,0.317826,27.45098114,27.45098114,-,-,59,56.78534317,14.64881134,-,1992,-,-122.04724884,36.83443451,-76.1440506,10.1960783,57.04187393,57.16614914,-
Sat Dec 02 14:34:30 EST 2017,02-Dec-2017 14:34:30.228,-76.14376436,36.83440763,25.5,5.0,-37.29999923706055,96.4,8.35097599,0.38307226,3.75410819,-0.03789498,-,19.2156868,-0.02726531,0.87860614,0.0741934,0.31001619,30.98039246,31.37254906,-,-,59,56.78534317,14.64881134,-,1993,-,-122.37532806,36.83440781,-76.14376068,12.94117641,57.04187393,57.16614914,-
Sat Dec 02 14:34:31 EST 2017,02-Dec-2017 14:34:31.229,-76.14347154,36.83439092,25.5,3.0,-37.099998474121094,95.8,8.92558384,-0.22984336,3.94564438,-0.00601314,-,19.2156868,0.05922785,0.96841919,-0.04685899,0.32563588,30.98039246,31.37254906,-,-,59,56.78534317,14.64881134,-,1993,-,-121.71915436,36.83439255,-76.14347076,12.94117641,57.04187393,57.16614914,-
Sat Dec 02 14:34:32 EST 2017,02-Dec-2017 14:34:32.226,-76.14317883,36.83436717,26.0,3.0,-37.099998474121094,96.3,9.04050541,0.11492168,4.21379519,-0.00461957,-,19.2156868,-0.0390228,0.88251102,0.0234295,0.27877685,30.98039246,31.37254906,-,-,59,56.78534317,14.64881134,-,1993,-,-121.71915436,36.83436584,-76.14318085,12.94117641,58.16034317,57.16614914,-
Sat Dec 02 14:34:33 EST 2017,02-Dec-2017 14:34:33.230,-76.14289,36.83434138,26.0,5.0,-37.0,96.3,8.27436066,0.2681506,4.63517427,-0.01839625,-,19.2156868,-0.01097793,0.89422578,0,0.32173091,30.98039246,31.37254906,-,-,59,56.78620911,14.64881134,-,1993,-,-121.39107513,36.83434296,-76.14289093,14.90196133,58.16034317,57.78752136,-
Sat Dec 02 14:34:34 EST 2017,02-Dec-2017 14:34:34.230,-76.1425909,36.83430944,26.25,4.0,-37.5,96.6,8.08282471,0.34476504,4.21379519,0.01834271,-,23.52941132,0.05046168,0.94498962,-0.03123933,0.35687518,32.54901886,32.94117737,-,-,59,56.78620911,14.64881134,-,1993,-,-123.03149414,36.83430862,-76.14259338,14.90196133,58.71957779,57.78752136,-
Sat Dec 02 14:34:35 EST 2017,02-Dec-2017 14:34:35.229,-76.14230045,36.83428337,26.25,3.0,-36.900001525878906,96.3,8.38928318,0.11492168,3.60087943,-0.05030191,-,23.52941132,-0.06898396,0.85517663,0.01171475,0.26706213,32.54901886,32.94117737,-,-,59,56.78620911,14.64881134,-,1993,-,-121.06299591,36.83428192,-76.14230347,14.90196133,58.71957779,57.78752136,-
Sat Dec 02 14:34:36 EST 2017,02-Dec-2017 14:34:36.232,-76.1420037,36.83426164,26.5,3.0,-36.599998474121094,96.1,8.84896946,-0.42137951,4.09887314,0.02271702,-,23.52941132,0.02112394,0.90984541,0.04295408,0.36078009,32.54901886,32.94117737,-,-,59,56.78760529,14.64881134,-,2033,-,-120.07873535,36.83426285,-76.14200592,15.29411793,59.27880859,59.03026199,-
Sat Dec 02 14:34:37 EST 2017,02-Dec-2017 14:34:37.227,-76.14169864,36.83422978,26.5,3.0,-36.20000076293945,96.0,9.0788126,0.19153613,4.02225876,0.06403781,-,23.52941132,0.06239235,0.96841919,0.04685899,0.3334457,32.54901886,32.94117737,-,-,59,56.78760529,14.64881134,-,2033,-,-118.7664032,36.83422852,-76.14170074,15.29411793,59.27880859,59.03026199,-
Sat Dec 02 14:34:38 EST 2017,02-Dec-2017 14:34:38.230,-76.14140166,36.83420238,26.75,3.0,-35.900001525878906,95.9,9.00219822,0.61291564,4.06056595,0.00520933,-,23.52941132,0.00710066,0.90984541,0.03514424,0.32954079,32.54901886,32.94117737,-,-,59,56.78760529,14.64881134,-,2033,-,-117.7821579,36.83420181,-76.1414032,15.29411793,59.83804321,59.03026199,-
Sat Dec 02 14:34:39 EST 2017,02-Dec-2017 14:34:39.229,-76.14111207,36.83418015,26.5,4.0,-36.29999923706055,95.5,9.11711979,0.61291564,3.79241538,0.0275045,-,22.74509811,0.01238214,0.92936999,0.07028849,0.29439652,31.37254906,32.94117737,-,-,59,56.78938293,14.64881134,-,2066,-,-119.09448242,36.83417892,-76.14111328,14.50980377,59.27880859,59.65163422,-
Sat Dec 02 14:34:40 EST 2017,02-Dec-2017 14:34:40.232,-76.1408146,36.83415332,26.75,3.0,-35.70000076293945,96.1,9.00219822,0,4.06056595,-0.00508048,-,22.74509811,0.0574472,0.97232407,-0.06247865,0.31001619,31.37254906,31.76470566,-,-,59,56.7911644,14.64881134,-,2071,-,-117.12598419,36.83415222,-76.14081573,14.50980377,59.83804321,59.65163422,-
Sat Dec 02 14:34:40 EST 2017,02-Dec-2017 14:34:41.229,-76.1408146,36.83415332,26.75,3.0,-35.70000076293945,96.1,8.1211319,0.38307226,4.32871675,-0.00331983,-,23.13725471,-0.00484878,0.89813066,0.04295408,0.32563588,31.76470566,32.15686417,-,-,59,56.79255676,14.64881134,-,2051,-,-117.12598419,36.83415222,-76.14081573,14.50980377,59.83804321,59.03026199,-
Sat Dec 02 14:34:42 EST 2017,02-Dec-2017 14:34:42.238,-76.14021535,36.8340946,26.5,3.0,-34.099998474121094,96.2,8.65743351,-0.07661445,3.86903,-0.00611581,-,23.13725471,-0.04270571,0.8747012,-0.03514424,0.28658667,32.15686417,32.15686417,-,-,59,56.79255676,14.64881134,-,2051,-,-111.87663269,36.834095,-76.14021301,14.50980377,59.27880859,59.03026199,-
Sat Dec 02 14:34:43 EST 2017,02-Dec-2017 14:34:43.230,-76.13992292,36.83406781,26.25,3.0,-33.70000076293945,96.2,8.65743351,0.57460839,3.83072281,-0.03003481,-,23.13725471,-0.03261342,0.88641596,0.00390492,0.28658667,32.15686417,32.15686417,-,-,59,56.79255676,14.64881134,-,2051,-,-110.56430817,36.8340683,-76.1399231,14.50980377,58.71957779,59.03026199,-
Sat Dec 02 14:34:44 EST 2017,02-Dec-2017 14:34:44.228,-76.13962813,36.83404181,26.25,3.0,-33.099998474121094,96.2,8.73404789,0.34476504,3.56257224,0.00429238,-,23.13725471,-0.03450012,0.86689138,0.04685899,0.32173091,32.15686417,32.54901886,-,-,59,56.79255676,14.64881134,-,2051,-,-108.59579468,36.8340416,-76.13962555,14.50980377,58.71957779,59.03026199,-
Sat Dec 02 14:34:44 EST 2017,02-Dec-2017 14:34:45.235,-76.13962813,36.83404181,26.25,3.0,-33.099998474121094,96.2,8.77235508,0.61291564,3.60087943,-0.01308848,-,23.52941132,-0.00314063,0.90203559,0.03904916,0.32173091,32.54901886,32.54901886,-,-,59,56.79455948,14.64881134,-,2030,-,-108.59579468,36.8340416,-76.13962555,14.90196133,58.71957779,58.40889359,-
Sat Dec 02 14:34:46 EST 2017,02-Dec-2017 14:34:46.227,-76.13904083,36.83398783,26.25,3.0,-32.400001525878906,96.3,8.65743351,0.99598789,3.60087943,0.09315746,-,23.52941132,0.07116047,0.96451426,-0.01952458,0.364685,32.15686417,32.54901886,-,-,59,56.79555893,14.64881134,-,2030,-,-106.29921722,36.83398819,-76.13903809,14.90196133,58.71957779,58.40889359,-
Sat Dec 02 14:34:47 EST 2017,02-Dec-2017 14:34:47.231,-76.13874786,36.83396154,26.25,3.0,-32.400001525878906,96.3,8.42759037,1.11090958,4.02225876,0.09822471,-,23.52941132,0.16399695,1.06213713,0.05076391,0.37249482,32.15686417,32.54901886,-,-,59,56.79656219,14.64881134,-,2030,-,-106.29921722,36.83396149,-76.13874817,14.90196133,58.71957779,58.40889359,-
Sat Dec 02 14:34:48 EST 2017,02-Dec-2017 14:34:48.229,-76.13845504,36.83393608,26.25,3.0,-32.29999923706055,96.0,9.00219822,-0.11492168,4.36702394,0.00591976,-,23.13725471,0.03102798,0.93327487,0.00390492,0.33735061,32.15686417,32.54901886,-,-,59,56.79656219,14.64881134,-,2030,-,-105.97112274,36.83393478,-76.13845825,14.50980377,58.71957779,58.40889359,-
Sat Dec 02 14:34:49 EST 2017,02-Dec-2017 14:34:49.229,-76.13816332,36.8339078,26.25,3.0,-32.099998474121094,96.3,8.73404789,-0.11492168,4.06056595,0.0537983,-,23.13725471,0.04566447,0.94108468,-0.04295408,0.35297027,32.15686417,30.98039246,-,-,59,56.79756165,14.64881134,-,2035,-,-105.31495667,36.83390808,-76.13816071,14.50980377,58.71957779,58.40889359,-
Sat Dec 02 14:34:50 EST 2017,02-Dec-2017 14:34:50.234,-76.13786987,36.83388382,26.25,4.0,-31.5,95.6,8.27436066,-0.49799395,4.06056595,-0.03791596,-,21.96078491,-0.04046883,0.87079626,-0.00390492,0.30220634,30.58823586,30.58823586,-,-,59,56.79756165,14.64881134,-,2037,-,-103.34645844,36.83388519,-76.13787079,12.94117641,58.71957779,58.40889359,-
Sat Dec 02 14:34:51 EST 2017,02-Dec-2017 14:34:51.232,-76.13757708,36.8338574,26.25,3.0,-31.600000381469727,95.8,8.6957407,0.61291564,4.86501789,0.03466835,-,21.96078491,-0.0774136,0.83174706,0.01171475,0.29830143,30.58823586,30.58823586,-,-,59,56.79756165,14.64881134,-,2037,-,-103.67454529,36.83385849,-76.13758087,12.94117641,58.71957779,58.40889359,-
Sat Dec 02 14:34:52 EST 2017,02-Dec-2017 14:34:52.233,-76.1372849,36.83383375,26.25,3.0,-31.899999618530273,96.0,8.65743351,-0.72783732,4.59686708,-0.05680785,-,20.7843132,-0.1304491,0.78879303,0.03904916,0.26315722,29.41176605,29.41176605,-,-,59,56.79894257,14.64881134,-,2037,-,-104.65879059,36.8338356,-76.13728333,12.15686321,58.71957779,59.03026199,24.67785645
Sat Dec 02 14:34:53 EST 2017,02-Dec-2017 14:34:53.236,-76.1369912,36.83380737,26.25,3.0,-31.600000381469727,95.4,6.24407816,1.30244577,4.25210238,-0.00394001,-,20.7843132,-0.03818955,0.87079626,0.03514424,0.30611128,29.41176605,29.80392265,-,-,59,56.80093384,14.64881134,-,2044,-,-103.67454529,36.8338089,-76.13699341,11.76470566,58.71957779,58.40889359,24.67785645
Sat Dec 02 14:34:53 EST 2017,02-Dec-2017 14:34:54.226,-76.1369912,36.83380737,26.25,3.0,-31.600000381469727,95.4,8.88727665,-0.2681506,4.13718033,0.02080912,-,20.7843132,-0.02207127,0.88641596,0.04295408,0.31001619,29.41176605,29.41176605,-,-,59,56.80230713,14.64881134,-,2058,-,-103.67454529,36.8338089,-76.13699341,11.76470566,58.71957779,59.03026199,36.14923096
Sat Dec 02 14:34:55 EST 2017,02-Dec-2017 14:34:55.229,-76.1364027,36.83375785,26.5,3.0,-31.700000762939453,96.1,8.31266785,-0.42137951,3.86903,-0.07970059,-,20.7843132,-0.10722744,0.80050778,-0.01171475,0.29439652,29.41176605,29.41176605,-,-,59,56.80505753,14.64881134,-,2046,-,-104.00262451,36.83375931,-76.13640594,11.76470566,59.27880859,59.03026199,36.14923096
Sat Dec 02 14:34:56 EST 2017,02-Dec-2017 14:34:56.228,-76.13610522,36.83373135,26.5,3.0,-32.0,96.1,8.42759037,0.49799395,4.5202527,-0.00482565,-,20.7843132,-0.03287372,0.90203559,0.01561966,0.24753754,29.41176605,29.41176605,-,-,59,56.80505753,14.64881134,-,2046,-,-104.98687744,36.8337326,-76.1361084,11.76470566,59.27880859,59.03026199,36.14923096
Sat Dec 02 14:34:57 EST 2017,02-Dec-2017 14:34:57.227,-76.13580818,36.8337056,26.5,3.0,-32.0,96.1,9.57680702,0.49799395,4.21379519,-0.01902028,-,20.7843132,-0.05710375,0.82003236,-0.00780983,0.364685,29.41176605,29.41176605,-,-,59,56.80505753,14.64881134,-,2046,-,-104.98687744,36.8337059,-76.13581085,11.76470566,59.27880859,59.03026199,36.14923096
Sat Dec 02 14:34:58 EST 2017,02-Dec-2017 14:34:58.232,-76.13551133,36.83368185,26.75,3.0,-32.5,96.1,9.11711979,0.30645782,3.75410819,0.01301235,-,20.7843132,-0.04358279,0.88251102,0.0234295,0.26706213,29.41176605,29.41176605,-,-,59,56.80505753,14.64881134,-,2046,-,-106.62729645,36.83368301,-76.13551331,11.76470566,59.83804321,59.03026199,36.14923096
Sat Dec 02 14:34:58 EST 2017,02-Dec-2017 14:34:59.231,-76.13551133,36.83368185,26.75,3.0,-32.5,96.1,9.04050541,0.2681506,4.13718033,0.00157824,-,20.7843132,-0.02071473,0.89032084,0.02733441,0.30611128,29.41176605,29.41176605,-,-,59,56.80505753,14.64881134,-,2046,-,-106.62729645,36.83368301,-76.13551331,11.76470566,59.83804321,59.03026199,36.14923096
Sat Dec 02 14:35:00 EST 2017,02-Dec-2017 14:35:00.227,-76.13491528,36.8336319,27.25,3.0,-33.099998474121094,96.1,9.15542698,0.03830723,4.06056595,-0.01071453,-,20.7843132,-0.0098369,0.90594047,-0.01952458,0.29830143,29.41176605,29.41176605,-,-,59,56.80505753,14.64881134,-,2046,-,-108.59579468,36.83363342,-76.13491821,11.76470566,60.95651245,59.03026199,36.14923096
Sat Dec 02 14:35:01 EST 2017,02-Dec-2017 14:35:01.227,-76.13460974,36.83360276,27.25,3.0,-33.900001525878906,96.2,9.38527107,-0.38307226,4.13718033,0.01808814,-,20.7843132,-0.00693629,0.87860614,0.03514424,0.36078009,29.41176605,29.41176605,-,-,59,56.80505753,14.64881134,-,2046,-,-111.22047424,36.83360291,-76.13461304,11.76470566,60.95651245,59.03026199,36.14923096
Sat Dec 02 14:35:02 EST 2017,02-Dec-2017 14:35:02.229,-76.13430449,36.83357545,27.5,3.0,-34.599998474121094,96.4,8.92558384,-0.15322891,4.06056595,-0.01152756,-,20.7843132,-0.049737,0.83174706,0.04295408,0.35687518,29.41176605,29.41176605,-,-,59,56.80796051,14.64881134,-,2135,-,-113.51705933,36.8335762,-76.13430786,11.76470566,61.51574707,61.51574707,38.07783127
Sat Dec 02 14:35:03 EST 2017,02-Dec-2017 14:35:03.231,-76.13399765,36.83354838,27.5,3.0,-35.29999923706055,96.2,7.89128876,1.76213241,4.44363832,0.03525642,-,19.6078434,0.05015659,0.9488945,0.00390492,0.34906533,27.45098114,27.45098114,-,-,59,56.81086349,14.64881134,-,2133,-,-115.81364441,36.8335495,-76.13399506,11.76470566,61.51574707,61.51574707,38.07783127
Sat Dec 02 14:35:04 EST 2017,02-Dec-2017 14:35:04.228,-76.13369218,36.83352186,27.5,3.0,-35.29999923706055,96.1,8.46589756,0.45968673,4.32871675,-0.01347432,-,19.6078434,-0.10621109,0.78488815,0.06638357,0.32173091,27.45098114,27.45098114,-,-,59,56.81086349,14.64881134,-,2133,-,-115.81364441,36.8335228,-76.13368988,11.76470566,61.51574707,61.51574707,38.07783127
Sat Dec 02 14:35:05 EST 2017,02-Dec-2017 14:35:05.228,-76.13338624,36.83349553,27.5,3.0,-35.5,96.1,8.96389103,0.11492168,3.90733719,0.01585549,-,19.6078434,-0.01328707,0.86689138,0.0741934,0.364685,27.45098114,27.45098114,-,-,59,56.81086349,14.64881134,-,2133,-,-116.46981812,36.83349609,-76.1333847,11.76470566,61.51574707,61.51574707,38.07783127
Sat Dec 02 14:35:06 EST 2017,02-Dec-2017 14:35:06.228,-76.1330807,36.83346855,27.5,3.0,-35.400001525878906,96.2,8.6957407,0.2681506,4.67348194,0.03643415,-,19.6078434,-0.02703008,0.84346181,-0.01171475,0.3842096,27.45098114,27.45098114,-,-,59,56.81086349,14.64881134,-,2133,-,-116.14173889,36.83346939,-76.13307953,11.76470566,61.51574707,61.51574707,38.07783127
Sat Dec 02 14:35:07 EST 2017,02-Dec-2017 14:35:07.227,-76.13277758,36.83344138,27.25,3.0,-35.400001525878906,96.3,8.35097599,0.76614451,4.06056595,-0.0124093,-,18.4313736,-0.01869122,0.90203559,0.04685899,0.28268176,26.66666794,27.05882454,-,-,59,56.8129921,14.64881134,-,2103,-,-116.14173889,36.83344269,-76.13277435,9.4117651,60.95651245,60.27300644,-
Sat Dec 02 14:35:07 EST 2017,02-Dec-2017 14:35:08.236,-76.13277758,36.83344138,27.25,3.0,-35.400001525878906,96.3,8.50420475,0.22984336,3.56257224,-0.0259959,-,18.4313736,-0.04185338,0.83955687,0.08590815,0.35297027,26.66666794,27.05882454,-,-,59,56.8129921,14.64881134,-,2103,-,-116.14173889,36.83344269,-76.13277435,9.4117651,60.95651245,60.27300644,-
Sat Dec 02 14:35:09 EST 2017,02-Dec-2017 14:35:09.227,-76.13217572,36.83338645,27.0,3.0,-36.0,96.1,9.34696388,-0.22984336,4.21379519,0.06440955,-,18.4313736,-0.02153312,0.88251102,-0.00780983,0.32173091,26.66666794,27.05882454,-,-,59,56.8129921,14.64881134,-,2077,-,-118.11023712,36.83338547,-76.13217926,9.4117651,60.39727783,60.27300644,-
Sat Dec 02 14:35:10 EST 2017,02-Dec-2017 14:35:10.227,-76.13187503,36.83336368,26.75,3.0,-35.900001525878906,96.2,8.81066227,0.30645782,4.59686708,0.02237145,-,18.4313736,-0.03198265,0.85517663,0.05857374,0.34906533,26.66666794,27.05882454,-,-,59,56.8129921,14.64881134,-,2077,-,-117.7821579,36.83336258,-76.13187408,9.4117651,59.83804321,60.27300644,-
Sat Dec 02 14:35:11 EST 2017,02-Dec-2017 14:35:11.228,-76.13157914,36.83333595,26.75,3.0,-35.599998474121094,96.4,8.15943909,0.11492168,4.55855989,-0.02148856,-,18.4313736,-0.05792938,0.85517663,-0.00390492,0.29439652,26.66666794,27.05882454,-,-,59,56.81474304,14.64881134,-,2077,-,-116.79789734,36.83333588,-76.13157654,9.4117651,59.83804321,59.65163422,-
Sat Dec 02 14:35:12 EST 2017,02-Dec-2017 14:35:12.233,-76.13128169,36.83330695,26.5,3.0,-35.70000076293945,96.4,8.73404789,-0.15322891,3.75410819,-0.00500663,-,18.4313736,0.06432237,0.96451426,-0.00780983,0.34906533,26.66666794,27.05882454,-,-,59,56.81474304,14.64881134,-,2077,-,-117.12598419,36.83330536,-76.13127899,9.4117651,59.27880859,59.65163422,-
Sat Dec 02 14:35:13 EST 2017,02-Dec-2017 14:35:13.230,-76.13099093,36.83327826,26.5,3.0,-35.79999923706055,96.6,8.81066227,0.19153613,3.79241538,-0.00300759,-,18.4313736,-0.00188625,0.90594047,-0.01561966,0.317826,26.66666794,27.05882454,-,-,59,56.81474304,14.64881134,-,2077,-,-117.45406342,36.83327866,-76.13098907,9.4117651,59.27880859,59.65163422,-
Sat Dec 02 14:35:14 EST 2017,02-Dec-2017 14:35:14.230,-76.13069905,36.8332511,26.25,3.0,-35.900001525878906,96.5,9.00219822,-0.80445176,4.29040956,-0.00198986,-,18.4313736,0.03062092,0.93327487,0.05076391,0.3334457,26.66666794,27.05882454,-,-,59,56.81474304,14.64881134,-,2077,-,-117.7821579,36.83325195,-76.13069916,9.4117651,58.71957779,59.65163422,-
Sat Dec 02 14:35:15 EST 2017,02-Dec-2017 14:35:15.231,-76.13040514,36.83322506,26.25,3.0,-36.0,96.2,9.19373417,-0.19153613,4.44363832,0.00350744,-,20.3921566,-0.04424507,0.85908157,-0.01561966,0.317826,26.66666794,27.05882454,-,-,59,56.81572342,14.64881134,-,2034,-,-118.11023712,36.83322525,-76.13040161,10.98039246,58.71957779,58.40889359,-
Sat Dec 02 14:35:16 EST 2017,02-Dec-2017 14:35:16.231,-76.1301125,36.83320406,26.25,3.0,-35.70000076293945,96.0,8.96389103,-0.42137951,3.90733719,-0.00004246,-,20.3921566,0.00262869,0.91375035,0.03904916,0.31001619,26.66666794,27.05882454,-,-,59,56.81572342,14.64881134,-,2034,-,-117.12598419,36.83320236,-76.13011169,10.98039246,58.71957779,58.40889359,-
Sat Dec 02 14:35:16 EST 2017,02-Dec-2017 14:35:17.229,-76.1301125,36.83320406,26.25,3.0,-35.70000076293945,96.0,8.77235508,-0.03830723,4.40533113,0.01965708,-,21.17647171,-0.03673111,0.8747012,0.01952458,0.30220634,30.98039246,27.05882454,-,-,59,56.81572342,14.64881134,-,2034,-,-117.12598419,36.83320236,-76.13011169,12.54901981,58.71957779,58.40889359,-
Sat Dec 02 14:35:18 EST 2017,02-Dec-2017 14:35:18.231,-76.1295316,36.83315177,26.25,3.0,-35.900001525878906,95.9,8.73404789,-0.07661445,3.94564438,0.00350513,-,21.17647171,-0.02828548,0.8747012,0.06247865,0.317826,30.98039246,31.76470566,-,-,59,56.81708527,14.64881134,-,2038,-,-117.7821579,36.83315277,-76.12953186,12.54901981,58.71957779,59.03026199,-
Sat Dec 02 14:35:19 EST 2017,02-Dec-2017 14:35:19.228,-76.12923366,36.83312118,26.5,4.0,-36.29999923706055,96.2,8.31266785,0.2681506,3.98395157,-0.01795995,-,21.17647171,-0.01784414,0.87860614,0.02733441,0.33735061,30.98039246,31.76470566,-,-,59,56.81708527,14.64881134,-,2038,-,-119.09448242,36.83312225,-76.12923431,12.54901981,59.27880859,59.03026199,-
Sat Dec 02 14:35:20 EST 2017,02-Dec-2017 14:35:20.229,-76.12893083,36.83309498,26.5,4.0,-36.400001525878906,95.8,8.88727665,0.19153613,3.40934324,-0.01376217,-,21.17647171,-0.10134174,0.80441266,0.06638357,0.29439652,30.98039246,31.76470566,-,-,59,56.81708527,14.64881134,-,2038,-,-119.4225769,36.83309555,-76.12892914,12.54901981,59.27880859,59.03026199,-
Sat Dec 02 14:35:21 EST 2017,02-Dec-2017 14:35:21.232,-76.12863646,36.8330694,26.75,3.0,-36.5,96.5,8.96389103,-0.03830723,4.02225876,0.02053291,-,21.17647171,0.03968643,0.97232407,-0.00780983,0.26706213,30.98039246,31.76470566,-,-,59,56.81708527,14.64881134,-,2038,-,-119.75065613,36.83306885,-76.12863922,12.54901981,59.83804321,59.03026199,-
Sat Dec 02 14:35:22 EST 2017,02-Dec-2017 14:35:22.229,-76.12834161,36.83303948,26.75,3.0,-36.900001525878906,96.5,8.61912632,0.03830723,4.71178913,0.0118514,-,21.17647171,-0.05641622,0.80441266,0.06638357,0.38811451,30.19607925,30.58823586,-,-,59,56.81708527,14.64881134,-,2038,-,-121.06299591,36.83303833,-76.12834167,13.72549057,59.83804321,59.03026199,-
Sat Dec 02 14:35:23 EST 2017,02-Dec-2017 14:35:23.230,-76.1280453,36.83301161,26.75,3.0,-37.400001525878906,96.3,8.77235508,-0.15322891,4.21379519,0.00155269,-,21.17647171,-0.0419329,0.86298645,0.06638357,0.31001619,29.41176605,29.80392265,-,-,59,56.81882477,14.64881134,-,2068,-,-122.70341492,36.83301163,-76.12804413,12.15686321,59.83804321,59.65163422,-
Sat Dec 02 14:35:24 EST 2017,02-Dec-2017 14:35:24.227,-76.1277471,36.83298427,26.75,3.0,-37.599998474121094,96.2,8.54251194,0.61291564,3.94564438,-0.00211678,-,21.17647171,-0.02479782,0.87860614,0.10152781,0.31001619,29.41176605,29.80392265,-,-,59,56.82056427,14.64881134,-,2069,-,-123.35957336,36.83298492,-76.12774658,12.15686321,59.83804321,59.65163422,-
Sat Dec 02 14:35:25 EST 2017,02-Dec-2017 14:35:25.226,-76.12744862,36.83296211,26.75,3.0,-37.599998474121094,96.0,9.04050541,-0.49799395,4.06056595,0.03052396,-,21.17647171,-0.01244468,0.87079626,0.01952458,0.364685,29.41176605,29.80392265,-,-,59,56.82229996,14.64881134,-,2069,-,-123.35957336,36.83296204,-76.12744904,12.15686321,59.83804321,59.65163422,-
Sat Dec 02 14:35:26 EST 2017,02-Dec-2017 14:35:26.227,-76.12715034,36.83293878,26.75,3.0,-37.70000076293945,95.9,8.73404789,0.61291564,4.40533113,-0.0010971,-,21.17647171,-0.01533053,0.89813066,0.08200324,0.29439652,29.80392265,29.80392265,-,-,59,56.82403183,14.64881134,-,2072,-,-123.68766785,36.83293915,-76.12715149,12.15686321,59.83804321,59.65163422,-
Sat Dec 02 14:35:27 EST 2017,02-Dec-2017 14:35:27.228,-76.12685228,36.8329163,26.75,3.0,-37.79999923706055,96.1,8.6957407,0.30645782,4.06056595,-0.01333854,-,20.7843132,-0.04753155,0.86298645,0.00780983,0.30220634,29.01960754,29.01960754,-,-,59,56.82749939,14.64881134,-,2068,-,-124.01574707,36.83291626,-76.12685394,11.76470566,59.83804321,59.65163422,-
Sat Dec 02 14:35:28 EST 2017,02-Dec-2017 14:35:28.227,-76.12654884,36.8328882,26.75,3.0,-37.599998474121094,96.2,8.6957407,0.19153613,4.44363832,-0.01944766,-,20.7843132,-0.04190912,0.83955687,-0.01171475,0.36078009,29.01960754,29.01960754,-,-,59,56.82749939,14.64881134,-,2068,-,-123.35957336,36.83288956,-76.12654877,11.76470566,59.83804321,59.65163422,-
Sat Dec 02 14:35:29 EST 2017,02-Dec-2017 14:35:29.228,-76.12625402,36.83286072,26.75,3.0,-37.70000076293945,96.3,8.58081913,0.19153613,4.44363832,0.00422353,-,20.7843132,0.01918696,0.91765523,-0.03514424,0.34125552,29.01960754,29.01960754,-,-,59,56.82749939,14.64881134,-,2068,-,-123.68766785,36.83285904,-76.12625122,11.76470566,59.83804321,59.65163422,-
Sat Dec 02 14:35:30 EST 2017,02-Dec-2017 14:35:30.232,-76.12595799,36.83283296,26.75,3.0,-38.099998474121094,96.3,8.58081913,0.65122288,3.715801,0.00169811,-,20.3921566,-0.00725134,0.89813066,-0.01952458,0.32173091,29.01960754,29.01960754,-,-,59,56.82922363,14.64881134,-,2064,-,-124.99999237,36.83283234,-76.1259613,11.76470566,59.83804321,59.65163422,-
Sat Dec 02 14:35:30 EST 2017,02-Dec-2017 14:35:31.232,-76.12595799,36.83283296,26.75,3.0,-38.099998474121094,96.3,9.00219822,-0.22984336,4.29040956,-0.015052,-,20.3921566,-0.05816427,0.85127175,-0.00390492,0.30220634,29.01960754,29.01960754,-,-,59,56.83267593,14.64881134,-,2064,-,-124.99999237,36.83283234,-76.1259613,11.37254906,59.83804321,59.65163422,-
Sat Dec 02 14:35:32 EST 2017,02-Dec-2017 14:35:32.231,-76.12536126,36.83277781,26.75,3.0,-38.099998474121094,96.3,9.0788126,0.38307226,4.29040956,0.02285561,-,20.3921566,0.0835884,0.98013395,-0.01952458,0.36078009,29.01960754,29.41176605,-,-,59,56.83401871,14.64881134,-,2062,-,-124.99999237,36.83277893,-76.12535858,11.37254906,59.83804321,59.03026199,-
Sat Dec 02 14:35:33 EST 2017,02-Dec-2017 14:35:33.228,-76.125066,36.83275122,26.75,3.0,-37.79999923706055,96.3,8.58081913,-0.5363012,4.02225876,-0.01342356,-,20.3921566,-0.03209304,0.8747012,-0.05466883,0.31001619,29.01960754,29.41176605,-,-,59,56.83669662,14.64881134,-,2058,-,-124.01574707,36.83275223,-76.12506866,11.76470566,59.83804321,59.03026199,-
Sat Dec 02 14:35:34 EST 2017,02-Dec-2017 14:35:34.239,-76.12476907,36.83272514,26.75,3.0,-37.70000076293945,96.3,8.58081913,0.22984336,4.21379519,0.00013614,-,20.7843132,-0.04503565,0.85127175,0.0741934,0.32563588,29.01960754,29.41176605,-,-,59,56.83841705,14.64881134,-,2059,-,-123.68766785,36.83272552,-76.12477112,11.76470566,59.83804321,59.65163422,53.52531815
Sat Dec 02 14:35:35 EST 2017,02-Dec-2017 14:35:35.239,-76.12447221,36.83269952,26.5,3.0,-37.5,96.2,9.69172859,0.19153613,4.67348194,0.03577029,-,20.7843132,0.06564046,0.98794377,0.01171475,0.29830143,29.41176605,29.41176605,-,-,59,56.84108734,14.64881134,-,2056,-,-123.03149414,36.83269882,-76.12447357,11.76470566,59.27880859,59.03026199,53.52531815
Sat Dec 02 14:35:36 EST 2017,02-Dec-2017 14:35:36.230,-76.12417554,36.8326754,26.5,3.0,-37.599998474121094,96.1,8.58081913,-0.07661445,3.94564438,-0.01615729,-,20.7843132,-0.00150412,0.90984541,0.01952458,0.31001619,29.41176605,29.80392265,-,-,59,56.84241867,14.64881134,-,2060,-,-123.35957336,36.83267593,-76.12417603,11.76470566,59.27880859,59.03026199,53.52531815
Sat Dec 02 14:35:37 EST 2017,02-Dec-2017 14:35:37.228,-76.12387934,36.83265298,26.5,3.0,-37.29999923706055,96.0,8.58081913,0.65122288,3.86903,-0.01920086,-,21.56862831,-0.01579553,0.89422578,-0.05857374,0.30611128,29.41176605,29.80392265,-,-,59,56.84241867,14.64881134,-,2060,-,-122.37532806,36.83265305,-76.12387848,12.54901981,59.27880859,59.03026199,53.52531815
Sat Dec 02 14:35:38 EST 2017,02-Dec-2017 14:35:38.232,-76.12358184,36.83262858,26.5,3.0,-37.400001525878906,96.1,9.00219822,-0.45968673,4.55855989,0.0132869,-,21.56862831,0.02767046,0.92936999,0.01952458,0.33735061,30.58823586,30.58823586,-,-,59,56.84241867,14.64881134,-,2060,-,-122.70341492,36.83263016,-76.12358093,12.54901981,59.27880859,59.03026199,53.52531815
Sat Dec 02 14:35:39 EST 2017,02-Dec-2017 14:35:39.232,-76.1232841,36.83260445,26.75,3.0,-37.20000076293945,96.2,8.15943909,0.76614451,3.90733719,-0.02113798,-,21.56862831,-0.050492,0.83565199,0.03123933,0.34906533,30.58823586,30.58823586,-,-,59,56.84412384,14.64881134,-,2067,-,-122.04724884,36.83260345,-76.12328339,12.94117641,59.83804321,59.65163422,-
Sat Dec 02 14:35:39 EST 2017,02-Dec-2017 14:35:40.229,-76.1232841,36.83260445,26.75,3.0,-37.20000076293945,96.2,8.77235508,0.15322891,3.75410819,-0.00314305,-,21.56862831,-0.02687323,0.89422578,0.01561966,0.28268176,30.58823586,30.58823586,-,-,59,56.84412384,14.64881134,-,2067,-,-122.04724884,36.83260345,-76.12328339,12.94117641,59.83804321,59.65163422,-
Sat Dec 02 14:35:41 EST 2017,02-Dec-2017 14:35:41.230,-76.12268722,36.83255014,26.75,3.0,-37.099998474121094,96.3,8.61912632,0.30645782,4.67348194,0.01894069,-,22.74509811,0.00028226,0.87860614,0.03123933,0.37639979,31.37254906,31.76470566,-,-,59,56.84753799,14.64881134,-,2081,-,-121.71915436,36.83255005,-76.12268829,13.72549057,59.83804321,59.65163422,-
Sat Dec 02 14:35:42 EST 2017,02-Dec-2017 14:35:42.228,-76.12238981,36.83252359,27.0,3.0,-37.29999923706055,96.2,8.23605347,0.11492168,3.56257224,-0.00295612,-,22.74509811,-0.05045177,0.87860614,-0.00390492,0.25925228,31.37254906,31.76470566,-,-,59,56.84753799,14.64881134,-,2083,-,-122.37532806,36.83252335,-76.12239075,14.11764717,60.39727783,59.65163422,-
Sat Dec 02 14:35:43 EST 2017,02-Dec-2017 14:35:43.228,-76.12209222,36.83249624,27.0,3.0,-37.20000076293945,96.0,8.04451752,0.22984336,4.55855989,0.00152636,-,22.74509811,-0.04297672,0.88251102,0.08590815,0.25925228,31.37254906,31.76470566,-,-,59,56.85169601,14.64881134,-,2094,-,-122.04724884,36.83249664,-76.1220932,14.11764717,60.39727783,60.27300644,24.18236732
Sat Dec 02 14:35:44 EST 2017,02-Dec-2017 14:35:44.228,-76.1217916,36.83247353,27.0,3.0,-37.599998474121094,95.8,8.84896946,0.72783732,3.75410819,0.02362485,-,22.74509811,0.02255742,0.93327487,0.05076391,0.31392109,31.37254906,31.76470566,-,-,59,56.8537674,14.64881134,-,2104,-,-123.35957336,36.83247375,-76.12178802,14.11764717,60.39727783,60.27300644,24.18236732
Sat Dec 02 14:35:44 EST 2017,02-Dec-2017 14:35:45.227,-76.1217916,36.83247353,27.0,3.0,-37.599998474121094,95.8,8.19774628,0.99598789,3.98395157,-0.03159537,-,22.35294151,-0.04063575,0.85517663,0.0234295,0.3334457,31.37254906,31.37254906,-,-,59,56.858284,14.64881134,-,2106,-,-123.35957336,36.83247375,-76.12178802,13.72549057,60.39727783,60.89437866,54.46105957
Sat Dec 02 14:35:46 EST 2017,02-Dec-2017 14:35:46.232,-76.12118405,36.8324185,27.25,3.0,-37.599998474121094,96.4,8.35097599,0.07661445,3.715801,-0.04922938,-,21.17647171,0.01040577,0.90203559,0.13667206,0.3334457,29.80392265,29.80392265,-,-,59,56.86317062,14.64881134,-,2107,-,-123.35957336,36.83242035,-76.1211853,12.54901981,60.95651245,60.89437866,54.46105957
Sat Dec 02 14:35:47 EST 2017,02-Dec-2017 14:35:47.226,-76.12087917,36.83239091,27.25,3.0,-37.599998474121094,96.6,8.1211319,0.42137951,4.21379519,-0.00406678,-,21.17647171,-0.08241364,0.82393724,-0.02733441,0.30220634,28.62745094,29.01960754,-,-,59,56.86804199,14.64881134,-,2104,-,-123.35957336,36.83238983,-76.12088013,12.54901981,60.95651245,60.89437866,54.46105957
Sat Dec 02 14:35:48 EST 2017,02-Dec-2017 14:35:48.230,-76.12057485,36.8323634,27.25,3.0,-37.900001525878906,96.5,8.42759037,0,4.25210238,0.01641379,-,20,-0.01554751,0.89032084,0.03514424,0.317826,28.23529434,28.23529434,-,-,59,56.87252426,14.64881134,-,2100,-,-124.34383392,36.83236313,-76.12057495,10.98039246,60.95651245,60.89437866,-
Sat Dec 02 14:35:49 EST 2017,02-Dec-2017 14:35:49.233,-76.12026995,36.83233626,27.25,3.0,-38.0,96.4,8.73404789,0.5363012,3.98395157,0.00342798,-,20.3921566,-0.05193137,0.83174706,0.03514424,0.35297027,28.23529434,28.23529434,-,-,59,56.87458038,14.64881134,-,2095,-,-124.67191315,36.83233643,-76.12026978,11.37254906,60.95651245,60.27300644,-
Sat Dec 02 14:35:50 EST 2017,02-Dec-2017 14:35:50.229,-76.11996749,36.8323115,27.25,3.0,-38.29999923706055,96.2,7.77636719,-0.68953007,4.75009632,-0.04945856,-,20.3921566,-0.04002367,0.87860614,0.0741934,0.27877685,28.23529434,28.23529434,-,-,59,56.87458038,14.64881134,-,2095,-,-125.65616608,36.83230972,-76.1199646,11.37254906,60.95651245,60.27300644,-
Sat Dec 02 14:35:51 EST 2017,02-Dec-2017 14:35:51.227,-76.11966873,36.83228194,27.0,4.0,-38.400001525878906,96.2,9.11711979,-0.34476504,4.21379519,0.01358342,-,20,0.02308707,0.89032084,0.08590815,0.39592433,27.84313774,27.84313774,-,-,59,56.87866974,14.64881134,-,2080,-,-125.98426056,36.83228302,-76.11966705,10.98039246,60.39727783,60.27300644,-
Sat Dec 02 14:35:52 EST 2017,02-Dec-2017 14:35:52.231,-76.11937071,36.83225816,27.0,3.0,-38.599998474121094,95.7,8.61912632,-0.76614451,4.36702394,-0.01659147,-,20,-0.0705833,0.85517663,-0.00390492,0.26315722,27.84313774,27.84313774,-,-,59,56.88034439,14.64881134,-,2082,-,-126.64041138,36.83225632,-76.11936951,10.98039246,60.39727783,59.65163422,-
Sat Dec 02 14:35:53 EST 2017,02-Dec-2017 14:35:53.231,-76.11907339,36.83223913,26.75,3.0,-38.79999923706055,94.5,7.85298157,-0.22984336,5.13316822,0.02041271,-,20,0.03070237,0.91375035,-0.05857374,0.37249482,27.84313774,28.23529434,-,-,59,56.88034439,14.64881134,-,2062,-,-127.29658508,36.83223724,-76.11907196,10.98039246,59.83804321,59.65163422,-
Sat Dec 02 14:35:53 EST 2017,02-Dec-2017 14:35:54.229,-76.11907339,36.83223913,26.75,3.0,-38.79999923706055,94.5,9.04050541,-0.15322891,3.94564438,0.01949695,-,20.7843132,-0.03013227,0.86298645,-0.0234295,0.34125552,29.41176605,30.19607925,-,-,59,56.88330078,14.64881134,-,2069,-,-127.29658508,36.83223724,-76.11907196,11.76470566,59.83804321,59.03026199,-
Sat Dec 02 14:35:55 EST 2017,02-Dec-2017 14:35:55.227,-76.11847874,36.83222999,26.5,3.0,-38.5,90.7,8.27436066,0.57460839,4.06056595,-0.00379653,-,21.96078491,-0.02300789,0.87860614,-0.02733441,0.32563588,30.98039246,31.37254906,-,-,59,56.88459015,14.64881134,-,2067,-,-126.31233978,36.83222961,-76.11847687,12.94117641,59.27880859,59.03026199,-
Sat Dec 02 14:35:56 EST 2017,02-Dec-2017 14:35:56.226,-76.11818155,36.83223761,26.5,3.0,-38.5,89.0,8.84896946,-0.22984336,4.5202527,0.00467557,-,21.96078491,-0.01446311,0.87079626,0.00390492,0.36078009,30.98039246,31.37254906,-,-,59,56.88459015,14.64881134,-,2067,-,-126.31233978,36.83223724,-76.11817932,12.94117641,59.27880859,59.03026199,-
Sat Dec 02 14:35:57 EST 2017,02-Dec-2017 14:35:57.232,-76.11788156,36.83224878,26.5,3.0,-38.5,87.5,8.6957407,-0.07661445,4.67348194,-0.02362761,-,21.96078491,0.02407095,0.91375035,-0.02733441,0.36078009,30.98039246,31.37254906,-,-,59,56.88625336,14.64881134,-,2064,-,-126.31233978,36.83224869,-76.11788177,12.94117641,59.27880859,59.65163422,23.75328255
Sat Dec 02 14:35:57 EST 2017,02-Dec-2017 14:35:58.229,-76.11788156,36.83224878,26.5,3.0,-38.5,87.5,8.54251194,0.8810662,3.67749381,-0.00395373,-,21.96078491,-0.00026706,0.92156017,0.00780983,0.28658667,30.98039246,30.98039246,-,-,59,56.88956833,14.64881134,-,2070,-,-126.31233978,36.83224869,-76.11788177,12.94117641,59.27880859,59.65163422,23.75328255
Sat Dec 02 14:35:59 EST 2017,02-Dec-2017 14:35:59.228,-76.11728183,36.83229032,26.75,3.0,-38.599998474121094,84.4,9.15542698,-0.38307226,3.98395157,0.03755444,-,21.56862831,-0.02750059,0.86298645,-0.04685899,0.34516042,30.58823586,30.98039246,-,-,59,56.88956833,14.64881134,-,2070,-,-126.64041138,36.83229065,-76.11727905,12.94117641,59.83804321,59.65163422,23.75328255
Sat Dec 02 14:36:00 EST 2017,02-Dec-2017 14:36:00.228,-76.11697762,36.83231836,26.75,3.0,-38.5,82.6,8.50420475,0.34476504,4.25210238,0.00655292,-,21.56862831,-0.06670055,0.84346181,-0.01952458,0.29830143,30.58823586,30.58823586,-,-,59,56.88956833,14.64881134,-,2069,-,-126.31233978,36.83231735,-76.11697388,12.94117641,59.83804321,59.65163422,23.75328255
Sat Dec 02 14:36:01 EST 2017,02-Dec-2017 14:36:01.234,-76.11667717,36.83235773,26.75,3.0,-38.099998474121094,80.7,8.58081913,0.22984336,4.13718033,-0.0009418,-,21.56862831,0.0573317,0.94108468,-0.12495731,0.364685,30.58823586,30.58823586,-,-,59,56.88956833,14.64881134,-,2069,-,-124.99999237,36.83235931,-76.11667633,12.94117641,59.83804321,59.65163422,23.75328255
Sat Dec 02 14:36:02 EST 2017,02-Dec-2017 14:36:02.229,-76.11638334,36.83240438,26.75,3.0,-37.900001525878906,79.1,8.61912632,-1.14921677,4.02225876,0.00062726,-,21.56862831,-0.0140529,0.90984541,-0.01171475,0.27877685,30.58823586,30.58823586,-,-,59,56.8928833,14.64881134,-,2069,-,-124.34383392,36.83240509,-76.11638641,12.94117641,59.83804321,59.65163422,-
Sat Dec 02 14:36:02 EST 2017,02-Dec-2017 14:36:03.227,-76.11638334,36.83240438,26.75,3.0,-37.900001525878906,79.1,9.23204136,0.45968673,4.48194551,0.03481709,-,21.56862831,-0.03558329,0.85517663,0.05857374,0.34125552,30.58823586,30.58823586,-,-,59,56.8928833,14.64881134,-,2069,-,-124.34383392,36.83240509,-76.11638641,12.94117641,59.83804321,59.65163422,-
Sat Dec 02 14:36:04 EST 2017,02-Dec-2017 14:36:04.227,-76.11579884,36.83251883,26.75,3.0,-37.20000076293945,75.5,9.15542698,-0.19153613,4.86501789,0.00569765,-,21.56862831,0.03823982,0.92156017,-0.03123933,0.37639979,30.58823586,30.58823586,-,-,59,56.8928833,14.64881134,-,2069,-,-122.04724884,36.83251953,-76.11579895,12.94117641,59.83804321,59.65163422,-
Sat Dec 02 14:36:05 EST 2017,02-Dec-2017 14:36:05.237,-76.11551096,36.83258707,26.75,3.0,-37.099998474121094,73.7,8.84896946,-1.03429508,3.67749381,-0.00042593,-,21.56862831,-0.0264578,0.90203559,-0.06638357,0.25925228,30.58823586,30.58823586,-,-,59,56.8928833,14.64881134,-,2069,-,-121.71915436,36.8325882,-76.11550903,12.94117641,59.83804321,59.65163422,-
Sat Dec 02 14:36:06 EST 2017,02-Dec-2017 14:36:06.228,-76.11522675,36.83266181,26.75,3.0,-36.70000076293945,72.1,8.50420475,0.38307226,3.98395157,-0.01155407,-,21.56862831,-0.05090182,0.87079626,-0.11324256,0.25925228,30.58823586,30.58823586,-,-,59,56.8928833,14.64881134,-,2069,-,-120.40682983,36.83266068,-76.11522675,12.94117641,59.83804321,59.65163422,-
Sat Dec 02 14:36:07 EST 2017,02-Dec-2017 14:36:07.227,-76.11494619,36.8327427,26.75,3.0,-36.79999923706055,70.5,8.19774628,0.49799395,4.67348194,0.01767096,-,20.7843132,-0.06180041,0.8083176,0.05466883,0.37249482,29.41176605,29.41176605,-,-,59,56.89453125,14.64881134,-,2069,-,-120.73490906,36.8327446,-76.11494446,12.15686321,59.83804321,59.65163422,-
Sat Dec 02 14:36:08 EST 2017,02-Dec-2017 14:36:08.229,-76.11466333,36.83283067,26.75,3.0,-36.599998474121094,69.2,9.00219822,-0.45968673,3.48595762,-0.0161825,-,20,-0.07877909,0.84736669,-0.03123933,0.25925228,28.62745094,29.41176605,-,-,59,56.89618301,14.64881134,-,2064,-,-120.07873535,36.83283234,-76.11466217,10.98039246,59.83804321,59.65163422,-
Sat Dec 02 14:36:09 EST 2017,02-Dec-2017 14:36:09.226,-76.11438103,36.83291946,26.75,3.0,-36.400001525878906,68.6,8.92558384,-0.42137951,4.55855989,0.01176915,-,20,0.04819321,0.94108468,0,0.36078009,28.62745094,29.41176605,-,-,59,56.89618301,14.64881134,-,2064,-,-119.4225769,36.83292007,-76.11437988,10.98039246,59.83804321,59.65163422,-
Sat Dec 02 14:36:10 EST 2017,02-Dec-2017 14:36:10.227,-76.1140992,36.83300769,26.5,3.0,-36.29999923706055,68.5,8.6957407,0.38307226,4.5202527,-0.01976114,-,20.3921566,0.00482541,0.90594047,-0.01952458,0.3334457,28.62745094,28.62745094,-,-,59,56.89745712,14.64881134,-,2051,-,-119.09448242,36.83300781,-76.1140976,11.76470566,59.27880859,59.03026199,-
Sat Dec 02 14:36:11 EST 2017,02-Dec-2017 14:36:11.227,-76.11382168,36.83309387,26.5,3.0,-36.0,68.4,9.04050541,-0.19153613,4.06056595,-0.00136887,-,20.3921566,-0.03367081,0.88251102,0.04295408,0.29049161,28.62745094,28.62745094,-,-,59,56.89745712,14.64881134,-,2051,-,-118.11023712,36.83309555,-76.11382294,11.76470566,59.27880859,59.03026199,-
Sat Dec 02 14:36:11 EST 2017,02-Dec-2017 14:36:12.229,-76.11382168,36.83309387,26.5,3.0,-36.0,68.4,8.92558384,0.61291564,3.83072281,0.01107156,-,20.3921566,-0.03143115,0.88251102,0.00390492,0.29830143,28.62745094,28.62745094,-,-,59,56.89745712,14.64881134,-,2053,-,-118.11023712,36.83309555,-76.11382294,11.76470566,59.27880859,59.03026199,-
Sat Dec 02 14:36:13 EST 2017,02-Dec-2017 14:36:13.230,-76.11326336,36.83327051,26.5,3.0,-35.20000076293945,68.2,8.84896946,-0.38307226,4.175488,0.00260618,-,20.3921566,0.00979396,0.90203559,0.01171475,0.35297027,28.62745094,28.62745094,-,-,59,56.90000916,14.64881134,-,2045,-,-115.48556519,36.83327103,-76.11326599,11.37254906,59.27880859,59.03026199,-
Sat Dec 02 14:36:14 EST 2017,02-Dec-2017 14:36:14.230,-76.11299066,36.83335894,26.5,3.0,-35.099998474121094,68.3,8.23605347,0.57460839,4.29040956,-0.00170098,-,20.3921566,-0.00217673,0.90203559,-0.01171475,0.32563588,28.62745094,28.62745094,-,-,59,56.90127945,14.64881134,-,2045,-,-115.15747833,36.83335876,-76.11299133,11.37254906,59.27880859,59.03026199,-
Sat Dec 02 14:36:15 EST 2017,02-Dec-2017 14:36:15.228,-76.11271572,36.83344673,26.5,3.0,-34.900001525878906,68.3,8.88727665,0,4.71178913,0.00274103,-,20.3921566,0.00884909,0.88251102,0,0.38811451,28.62745094,28.62745094,-,-,59,56.90127945,14.64881134,-,2045,-,-114.50131989,36.8334465,-76.11271667,10.98039246,59.27880859,59.03026199,-
Sat Dec 02 14:36:16 EST 2017,02-Dec-2017 14:36:16.228,-76.11243916,36.83353628,26.25,3.0,-34.70000076293945,68.3,8.92558384,-0.03830723,4.06056595,0.02167824,-,20.3921566,0.02391449,0.92156017,0.01561966,0.34516042,28.62745094,28.62745094,-,-,59,56.90217972,14.64881134,-,2033,-,-113.84514618,36.83353806,-76.11244202,11.37254906,58.71957779,58.40889359,-
Sat Dec 02 14:36:16 EST 2017,02-Dec-2017 14:36:17.228,-76.11243916,36.83353628,26.25,3.0,-34.70000076293945,68.3,9.0788126,0.07661445,4.06056595,-0.00353624,-,20.3921566,0.00034326,0.89422578,-0.04685899,0.34516042,28.62745094,29.01960754,-,-,59,56.90397644,14.64881134,-,2031,-,-113.84514618,36.83353806,-76.11244202,11.37254906,58.71957779,58.40889359,-
Sat Dec 02 14:36:18 EST 2017,02-Dec-2017 14:36:18.232,-76.11189032,36.83371406,26.25,3.0,-34.29999923706055,68.1,8.65743351,-0.34476504,4.25210238,-0.04039252,-,20.3921566,-0.08159917,0.82003236,0.0741934,0.30611128,28.62745094,29.01960754,-,-,59,56.90487289,14.64881134,-,2020,-,-112.5328064,36.83371353,-76.1118927,11.37254906,58.71957779,58.40889359,-
Sat Dec 02 14:36:19 EST 2017,02-Dec-2017 14:36:19.233,-76.11162019,36.83380356,26.0,3.0,-33.599998474121094,68.0,7.96790314,0.61291564,2.33674097,0.02644364,-,20.7843132,-0.06130442,0.86298645,0.0976229,0.25534737,29.01960754,29.01960754,-,-,59,56.90539932,14.64881134,-,2016,-,-110.23621368,36.83380508,-76.11161804,11.76470566,58.16034317,57.78752136,-
Sat Dec 02 14:36:20 EST 2017,02-Dec-2017 14:36:20.232,-76.11135231,36.83388484,25.75,3.0,-33.5,68.2,9.30865574,0.42137951,4.67348194,0.0328931,-,20.7843132,0.01120583,0.87860614,-0.00780983,0.39982924,29.01960754,29.01960754,-,-,59,56.90539932,14.64881134,-,2016,-,-109.90813446,36.83388519,-76.11135101,11.76470566,57.60110855,57.78752136,-
Sat Dec 02 14:36:20 EST 2017,02-Dec-2017 14:36:21.226,-76.11135231,36.83388484,25.75,3.0,-33.5,68.2,7.58483076,0.22984336,3.86903,-0.00944944,-,20.7843132,-0.07983148,0.83174706,0.04295408,0.29049161,29.01960754,29.01960754,-,-,59,56.90539932,14.64881134,-,2016,-,-109.90813446,36.83388519,-76.11135101,11.76470566,57.60110855,57.78752136,-
Sat Dec 02 14:36:22 EST 2017,02-Dec-2017 14:36:22.226,-76.11082226,36.83405585,25.5,3.0,-33.0,68.0,8.42759037,0.61291564,3.63918662,-0.02725844,-,20.7843132,-0.04659482,0.86298645,-0.04295408,0.30220634,29.01960754,33.33333206,-,-,59,56.90539932,14.64881134,-,2000,-,-108.26771545,36.83405685,-76.11082458,11.76470566,57.04187393,57.78752136,-
Sat Dec 02 14:36:23 EST 2017,02-Dec-2017 14:36:23.234,-76.11055322,36.83414488,25.75,3.0,-33.099998474121094,67.9,9.34696388,0.30645782,3.90733719,0.02838667,-,23.92156982,0.02773723,0.93327487,-0.00390492,0.32954079,32.94117737,33.33333206,-,-,59,56.90644455,14.64881134,-,2009,-,-108.59579468,36.83414459,-76.11054993,15.68627453,57.60110855,57.78752136,-
Sat Dec 02 14:36:24 EST 2017,02-Dec-2017 14:36:24.234,-76.1102815,36.8342382,26.0,3.0,-33.29999923706055,68.0,6.81868649,-0.07661445,4.8267107,-0.06203512,-,23.92156982,0.07284708,0.94498962,-0.08590815,0.39982924,32.94117737,32.94117737,-,-,59,56.90859604,14.64881134,-,2043,-,-109.25196838,36.83423996,-76.1102829,15.68627453,58.16034317,59.03026199,44.10574341
Sat Dec 02 14:36:25 EST 2017,02-Dec-2017 14:36:25.227,-76.11000648,36.83432593,26.25,3.0,-33.29999923706055,68.1,9.11711979,0.22984336,4.32871675,-0.01218461,-,23.92156982,-0.07743009,0.82003236,0.01561966,0.32173091,32.94117737,33.33333206,-,-,59,56.9098587,14.64881134,-,2053,-,-109.25196838,36.8343277,-76.11000824,15.29411793,58.71957779,59.03026199,44.18170929
Sat Dec 02 14:36:25 EST 2017,02-Dec-2017 14:36:26.227,-76.11000648,36.83432593,26.25,3.0,-33.29999923706055,68.1,8.42759037,0.45968673,3.83072281,-0.027456,-,23.92156982,-0.02507952,0.87860614,-0.00390492,0.32173091,32.94117737,33.33333206,-,-,59,56.9098587,14.64881134,-,2053,-,-109.25196838,36.8343277,-76.11000824,15.29411793,58.71957779,59.03026199,44.18170929
Sat Dec 02 14:36:27 EST 2017,02-Dec-2017 14:36:27.230,-76.10945179,36.83450525,26.75,3.0,-33.099998474121094,68.1,8.54251194,0.07661445,4.13718033,-0.01310378,-,23.52941132,-0.10265861,0.8083176,-0.04295408,0.28658667,30.98039246,30.98039246,-,-,59,56.91148376,14.64881134,-,2072,-,-108.59579468,36.83450699,-76.10945129,15.29411793,59.83804321,59.65163422,26.5816021
Sat Dec 02 14:36:28 EST 2017,02-Dec-2017 14:36:28.231,-76.10917235,36.83459764,26.75,3.0,-33.0,67.7,9.00219822,0.11492168,4.29040956,0.00846403,-,21.96078491,-0.03107675,0.88641596,-0.05466883,0.28658667,30.98039246,30.98039246,-,-,59,56.91148376,14.64881134,-,2072,-,-108.26771545,36.83459854,-76.10916901,13.33333397,59.83804321,59.65163422,26.5816021
Sat Dec 02 14:36:29 EST 2017,02-Dec-2017 14:36:29.232,-76.10889423,36.83468869,26.75,3.0,-32.79999923706055,68.0,9.6534214,0,4.44363832,0.10228878,-,21.96078491,0.01274381,0.92936999,0.05076391,0.29830143,30.98039246,31.37254906,-,-,59,56.91310501,14.64881134,-,2081,-,-107.61154938,36.83469009,-76.10889435,12.94117641,59.83804321,59.65163422,26.5816021
Sat Dec 02 14:36:30 EST 2017,02-Dec-2017 14:36:30.229,-76.10861446,36.83478077,26.75,3.0,-32.79999923706055,68.0,8.50420475,0.42137951,4.32871675,-0.00151363,-,21.96078491,-0.06835329,0.83955687,0.02733441,0.30220634,30.98039246,30.98039246,-,-,59,56.91310501,14.64881134,-,2081,-,-107.61154938,36.83478165,-76.10861206,12.94117641,59.83804321,59.65163422,26.5816021
Sat Dec 02 14:36:31 EST 2017,02-Dec-2017 14:36:31.231,-76.10833383,36.83487488,27.0,3.0,-33.0,67.9,8.00621033,0.38307226,4.02225876,-0.00115886,-,21.96078491,0.02013722,0.92156017,0.0976229,0.32563588,30.98039246,30.98039246,-,-,59,56.91310501,14.64881134,-,2081,-,-108.26771545,36.8348732,-76.1083374,12.94117641,60.39727783,59.65163422,26.5816021
Sat Dec 02 14:36:32 EST 2017,02-Dec-2017 14:36:32.227,-76.10805304,36.83496765,27.0,3.0,-32.79999923706055,67.9,8.81066227,0.42137951,4.13718033,-0.00062219,-,21.96078491,-0.04455643,0.86298645,0.05076391,0.30611128,30.98039246,30.98039246,-,-,59,56.91509628,14.64881134,-,2087,-,-107.61154938,36.83496857,-76.10805511,12.94117641,60.39727783,60.27300644,-
Sat Dec 02 14:36:33 EST 2017,02-Dec-2017 14:36:33.227,-76.10777314,36.83505845,27.0,3.0,-32.70000076293945,67.8,9.57680702,0,4.09887314,0.08088583,-,21.96078491,0.03434515,0.93327487,0.05857374,0.34125552,30.98039246,30.98039246,-,-,59,56.91509628,14.64881134,-,2087,-,-107.28347015,36.83506012,-76.10777283,12.94117641,60.39727783,60.27300644,-
Sat Dec 02 14:36:34 EST 2017,02-Dec-2017 14:36:34.229,-76.10749161,36.83515129,27.25,3.0,-32.79999923706055,67.8,8.42759037,-0.15322891,3.86903,-0.03804042,-,21.56862831,0.03671753,0.94108468,-0.06247865,0.32954079,29.80392265,30.19607925,-,-,59,56.91708755,14.64881134,-,2102,-,-107.61154938,36.83515167,-76.10749054,12.54901981,60.95651245,60.27300644,-
Sat Dec 02 14:36:34 EST 2017,02-Dec-2017 14:36:35.233,-76.10749161,36.83515129,27.25,3.0,-32.79999923706055,67.8,8.96389103,0.2681506,4.09887314,-0.00181381,-,20.7843132,-0.01394458,0.87860614,-0.03904916,0.34516042,29.01960754,29.41176605,-,-,59,56.92105484,14.64881134,-,2099,-,-107.61154938,36.83515167,-76.10749054,11.76470566,60.95651245,60.27300644,-
Sat Dec 02 14:36:36 EST 2017,02-Dec-2017 14:36:36.228,-76.1069299,36.83533225,27.25,3.0,-32.599998474121094,68.1,7.81467438,0.57460839,3.94564438,-0.0294333,-,20.7843132,-0.1059977,0.81612742,-0.02733441,0.26315722,29.01960754,29.01960754,-,-,59,56.92303848,14.64881134,-,2098,-,-106.95537567,36.83533096,-76.10693359,11.76470566,60.95651245,60.27300644,-
Sat Dec 02 14:36:37 EST 2017,02-Dec-2017 14:36:37.230,-76.10664355,36.83542642,27.0,3.0,-32.29999923706055,68.1,8.65743351,-0.30645782,4.36702394,-0.02394873,-,20.7843132,-0.00127492,0.91765523,0.04685899,0.29049161,29.01960754,29.01960754,-,-,59,56.92303848,14.64881134,-,2098,-,-105.97112274,36.83542633,-76.10664368,11.76470566,60.39727783,60.27300644,-
Sat Dec 02 14:36:38 EST 2017,02-Dec-2017 14:36:38.230,-76.10636017,36.83552013,27.0,3.0,-32.099998474121094,68.0,8.54251194,-0.30645782,4.25210238,-0.00332072,-,20.7843132,-0.02645778,0.87079626,-0.03123933,0.3334457,29.01960754,29.01960754,-,-,59,56.9250145,14.64881134,-,2101,-,-105.31495667,36.8355217,-76.10636139,11.76470566,60.39727783,60.27300644,-
Sat Dec 02 14:36:39 EST 2017,02-Dec-2017 14:36:39.232,-76.10607814,36.83561208,27.0,3.0,-32.099998474121094,68.0,8.81066227,-0.22984336,4.32871675,-0.0373544,-,20.7843132,0.02571609,0.91765523,0.0234295,0.35687518,29.01960754,29.41176605,-,-,59,56.92896271,14.64881134,-,2089,-,-105.31495667,36.83561325,-76.1060791,11.76470566,60.39727783,60.27300644,-
Sat Dec 02 14:36:40 EST 2017,02-Dec-2017 14:36:40.229,-76.10579821,36.83570401,27.0,3.0,-32.099998474121094,68.0,8.92558384,0.30645782,3.83072281,0.00016858,-,20.3921566,-0.04157462,0.86689138,0.03904916,0.30611128,29.01960754,29.01960754,-,-,59,56.92896271,14.64881134,-,2092,-,-105.31495667,36.8357048,-76.10579681,11.76470566,60.39727783,60.27300644,-
Sat Dec 02 14:36:41 EST 2017,02-Dec-2017 14:36:41.232,-76.10551788,36.83579764,27.0,3.0,-32.099998474121094,67.8,8.58081913,0.15322891,4.40533113,-0.00508196,-,20.3921566,-0.00326308,0.92936999,-0.00390492,0.25925228,29.01960754,29.01960754,-,-,59,56.92896271,14.64881134,-,2092,-,-105.31495667,36.83579636,-76.10551453,11.76470566,60.39727783,60.27300644,-
Sat Dec 02 14:36:42 EST 2017,02-Dec-2017 14:36:42.229,-76.10524129,36.83588848,27.0,3.0,-32.20000076293945,68.0,9.00219822,-0.30645782,3.86903,0.01830757,-,20.3921566,-0.09037202,0.77707827,0.05857374,0.36858991,29.01960754,29.01960754,-,-,59,56.92896271,14.64881134,-,2092,-,-105.64304352,36.83588791,-76.10523987,11.76470566,60.39727783,60.27300644,-
Sat Dec 02 14:36:43 EST 2017,02-Dec-2017 14:36:43.232,-76.10496215,36.83597717,27.0,3.0,-32.20000076293945,68.0,5.86100578,1.80043972,3.90733719,0.00791559,-,20,0.06835763,0.95279956,0.0976229,0.37249482,29.01960754,29.01960754,-,-,59,56.93093491,14.64881134,-,2092,-,-105.64304352,36.83597565,-76.10496521,10.98039246,60.39727783,60.27300644,-
Sat Dec 02 14:36:43 EST 2017,02-Dec-2017 14:36:44.231,-76.10496215,36.83597717,27.0,3.0,-32.20000076293945,68.0,8.88727665,0.99598789,3.67749381,-0.0036716,-,20,-0.03769001,0.83955687,0.03123933,0.36858991,28.23529434,28.23529434,-,-,59,56.93413925,14.64881134,-,2070,-,-105.64304352,36.83597565,-76.10496521,10.98039246,60.39727783,59.65163422,-
Sat Dec 02 14:36:45 EST 2017,02-Dec-2017 14:36:45.233,-76.10440511,36.83616213,26.75,3.0,-32.0,68.0,8.08282471,0.2681506,4.44363832,-0.01543979,-,20,-0.05682862,0.86298645,0.02733441,0.27877685,28.23529434,28.23529434,-,-,59,56.93733978,14.64881134,-,2070,-,-104.98687744,36.83616257,-76.10440826,10.98039246,59.83804321,59.65163422,-
Sat Dec 02 14:36:46 EST 2017,02-Dec-2017 14:36:46.227,-76.10412362,36.83625389,26.75,3.0,-31.700000762939453,68.0,8.6957407,0.72783732,4.36702394,-0.02446704,-,20,-0.09662532,0.8083176,-0.01952458,0.30220634,28.23529434,28.23529434,-,-,59,56.93893433,14.64881134,-,2067,-,-104.00262451,36.83625412,-76.10412598,11.37254906,59.83804321,59.65163422,-
Sat Dec 02 14:36:47 EST 2017,02-Dec-2017 14:36:47.226,-76.10384621,36.83634719,26.75,3.0,-31.799999237060547,68.1,8.54251194,0.30645782,4.21379519,0.01682634,-,20.3921566,0.00806229,0.90594047,0.00780983,0.34125552,28.23529434,28.23529434,-,-,59,56.9421196,14.64881134,-,2061,-,-104.33070374,36.83634567,-76.10384369,10.98039246,59.83804321,59.65163422,-
Sat Dec 02 14:36:48 EST 2017,02-Dec-2017 14:36:48.236,-76.10356992,36.83643571,26.75,3.0,-31.799999237060547,68.2,8.35097599,-0.11492168,4.09887314,-0.02617286,-,20,-0.1409713,0.76536351,-0.04685899,0.28658667,28.23529434,28.23529434,-,-,59,56.94371033,14.64881134,-,2060,-,-104.33070374,36.83643723,-76.10356903,10.98039246,59.83804321,59.65163422,-
Sat Dec 02 14:36:49 EST 2017,02-Dec-2017 14:36:49.229,-76.10329299,36.83652486,26.5,3.0,-31.899999618530273,68.3,8.96389103,0.22984336,4.09887314,0.00427451,-,20,-0.01797621,0.89813066,0.03904916,0.29439652,28.23529434,28.23529434,-,-,59,56.94371033,14.64881134,-,2060,-,-104.65879059,36.83652496,-76.10329437,10.98039246,59.27880859,59.65163422,-
Sat Dec 02 14:36:50 EST 2017,02-Dec-2017 14:36:50.229,-76.10301436,36.83661437,26.5,4.0,-31.899999618530273,68.2,8.54251194,0.65122288,4.63517427,-0.00393071,-,20,0.01666107,0.94108468,0.08200324,0.27487195,28.23529434,28.23529434,-,-,59,56.94615936,14.64881134,-,2048,-,-104.65879059,36.8366127,-76.10301208,10.98039246,59.27880859,59.03026199,-
Sat Dec 02 14:36:51 EST 2017,02-Dec-2017 14:36:51.237,-76.10274097,36.83670309,26.5,3.0,-32.0,68.4,9.88326454,-0.22984336,3.60087943,0.09150916,-,20,0.00672179,0.89813066,0.03123933,0.35297027,28.23529434,28.23529434,-,-,59,56.94615936,14.64881134,-,2047,-,-104.98687744,36.83670425,-76.10273743,10.98039246,59.27880859,59.03026199,-
Sat Dec 02 14:36:52 EST 2017,02-Dec-2017 14:36:52.231,-76.10246664,36.83679418,26.5,3.0,-31.899999618530273,68.4,8.23605347,0.11492168,3.48595762,-0.0111222,-,20,-0.02669293,0.89032084,0.03904916,0.29049161,28.23529434,28.23529434,-,-,59,56.94737625,14.64881134,-,2047,-,-104.65879059,36.83679581,-76.1024704,10.98039246,59.27880859,59.03026199,-
Sat Dec 02 14:36:52 EST 2017,02-Dec-2017 14:36:53.227,-76.10246664,36.83679418,26.5,3.0,-31.899999618530273,68.4,8.77235508,0.84275901,4.09887314,-0.00538101,-,20,0.0116358,0.92936999,-0.05857374,0.29439652,28.23529434,28.23529434,-,-,59,56.94945145,14.64881134,-,2039,-,-104.65879059,36.83679581,-76.1024704,10.98039246,59.27880859,58.40889359,-
Sat Dec 02 14:36:54 EST 2017,02-Dec-2017 14:36:54.231,-76.10191893,36.8369735,26.25,3.0,-31.899999618530273,68.0,8.84896946,0.38307226,4.48194551,0.00231175,-,19.6078434,-0.0516819,0.90203559,0.03904916,0.35687518,28.23529434,28.23529434,-,-,59,56.95116043,14.64881134,-,2041,-,-104.65879059,36.8369751,-76.10192108,10.58823586,58.71957779,58.40889359,-
Sat Dec 02 14:36:55 EST 2017,02-Dec-2017 14:36:55.229,-76.10164424,36.83706356,26.25,3.0,-31.899999618530273,68.0,8.96389103,-0.68953007,4.55855989,0.04652721,-,20,-0.04870982,0.87079626,0.05076391,0.27877685,28.62745094,28.23529434,-,-,59,56.95200729,14.64881134,-,2028,-,-104.65879059,36.83706284,-76.10164642,10.98039246,58.71957779,58.40889359,-
Sat Dec 02 14:36:56 EST 2017,02-Dec-2017 14:36:56.226,-76.10137254,36.83715349,26.25,3.0,-32.29999923706055,68.2,8.81066227,-0.22984336,4.32871675,-0.01208231,-,20,-0.06536075,0.85127175,0.04295408,0.28268176,28.62745094,28.23529434,-,-,59,56.95200729,14.64881134,-,2028,-,-105.97112274,36.83715439,-76.10137177,10.98039246,58.71957779,58.40889359,-
Sat Dec 02 14:36:57 EST 2017,02-Dec-2017 14:36:57.230,-76.1011005,36.83724156,26.25,3.0,-32.099998474121094,68.0,8.27436066,0.99598789,4.06056595,-0.00487655,-,20,-0.02295325,0.87079626,-0.03123933,0.34125552,28.62745094,29.01960754,-,-,59,56.95286179,14.64881134,-,2043,-,-105.31495667,36.83724213,-76.10109711,11.76470566,58.71957779,58.40889359,-
Sat Dec 02 14:36:58 EST 2017,02-Dec-2017 14:36:58.231,-76.10082684,36.83732681,26.25,3.0,-32.099998474121094,68.4,8.50420475,1.34075296,4.21379519,0.01749825,-,20.3921566,0.0402367,0.95279956,0.04685899,0.31392109,29.80392265,30.19607925,-,-,59,56.95455933,14.64881134,-,2035,-,-105.31495667,36.83732605,-76.10083008,12.54901981,58.71957779,58.40889359,-
Sat Dec 02 14:36:59 EST 2017,02-Dec-2017 14:36:59.226,-76.1005533,36.83741071,26.25,3.0,-32.099998474121094,68.8,8.54251194,0.57460839,3.90733719,-0.02164549,-,21.56862831,0.02048866,0.90984541,0.0234295,0.36078009,30.98039246,30.19607925,-,-,59,56.95455933,14.64881134,-,2035,-,-105.31495667,36.83740997,-76.10055542,12.54901981,58.71957779,58.40889359,-
Sat Dec 02 14:37:00 EST 2017,02-Dec-2017 14:37:00.230,-76.10028033,36.83749157,26.25,3.0,-32.099998474121094,69.0,8.50420475,0.15322891,3.33272886,0.01144163,-,21.56862831,-0.04093806,0.89032084,0.05466883,0.25144243,30.98039246,30.98039246,-,-,59,56.95455933,14.64881134,-,2035,-,-105.31495667,36.83749008,-76.10028076,12.54901981,58.71957779,58.40889359,-
Sat Dec 02 14:37:01 EST 2017,02-Dec-2017 14:37:01.227,-76.10000369,36.8375759,26.25,3.0,-31.899999618530273,69.4,8.92558384,-0.30645782,3.44765043,0.01889256,-,21.56862831,0.02057837,0.91375035,-0.02733441,0.35297027,30.98039246,30.98039246,-,-,59,56.95540619,14.64881134,-,2035,-,-104.65879059,36.83757401,-76.1000061,14.50980377,58.71957779,58.40889359,-
Sat Dec 02 14:37:01 EST 2017,02-Dec-2017 14:37:02.230,-76.10000369,36.8375759,26.25,3.0,-31.899999618530273,69.4,9.11711979,0.34476504,3.67749381,0.03002167,-,21.56862831,0.0261102,0.93327487,-0.00390492,0.32563588,30.98039246,30.98039246,-,-,59,56.95540619,14.64881134,-,2035,-,-104.65879059,36.83757401,-76.1000061,14.50980377,58.71957779,58.40889359,-
Sat Dec 02 14:37:03 EST 2017,02-Dec-2017 14:37:03.228,-76.09944624,36.8377352,26.25,3.0,-30.600000381469727,70.6,8.84896946,-0.07661445,3.715801,-0.00263345,-,23.92156982,-0.03989651,0.89422578,0.02733441,0.24753754,32.94117737,33.33333206,-,-,59,56.95624924,14.64881134,-,2026,-,-100.39369965,36.83773422,-76.09944916,15.29411793,58.71957779,58.40889359,-
Sat Dec 02 14:37:04 EST 2017,02-Dec-2017 14:37:04.230,-76.09916775,36.83781019,26.25,3.0,-29.899999618530273,71.2,8.92558384,0.76614451,3.44765043,0.00789216,-,24.70588303,-0.02221171,0.91765523,0.0234295,0.23582277,34.50980377,33.33333206,-,-,59,56.9570961,14.64881134,-,2021,-,-98.09711456,36.83781052,-76.09916687,15.68627453,58.71957779,58.40889359,-
Sat Dec 02 14:37:05 EST 2017,02-Dec-2017 14:37:05.229,-76.09888556,36.83787961,26.0,3.0,-29.100000381469727,72.0,8.96389103,0.5363012,4.48194551,0.01494828,-,25.09803963,-0.05540607,0.82393724,0.10543273,0.34906533,34.50980377,34.90196228,-,-,59,56.95878601,14.64881134,-,2020,-,-95.47244263,36.83787918,-76.09888458,16.86274529,58.16034317,58.40889359,-
Sat Dec 02 14:37:06 EST 2017,02-Dec-2017 14:37:06.235,-76.09860129,36.83795313,26.25,3.0,-28.5,72.7,8.61912632,0.68953007,4.09887314,-0.04466495,-,25.09803963,-0.03147836,0.85517663,0.06638357,0.34906533,34.50980377,34.90196228,-,-,59,56.96047211,14.64881134,-,2030,-,-93.50393677,36.83795166,-76.09860229,16.86274529,58.71957779,58.40889359,-
Sat Dec 02 14:37:06 EST 2017,02-Dec-2017 14:37:07.227,-76.09860129,36.83795313,26.25,3.0,-28.5,72.7,9.99818611,0.03830723,4.175488,0.13498229,-,25.09803963,0.05408692,1.00746834,0.05076391,0.20458345,34.50980377,34.90196228,-,-,59,56.96214676,14.64881134,-,2038,-,-93.50393677,36.83795166,-76.09860229,16.86274529,58.71957779,58.40889359,-
Sat Dec 02 14:37:08 EST 2017,02-Dec-2017 14:37:08.230,-76.09804058,36.8380771,26.25,3.0,-27.799999237060547,74.2,7.96790314,0.8810662,3.79241538,0.02925709,-,25.09803963,0.0228409,0.94498962,0,0.29049161,34.50980377,34.50980377,-,-,59,56.9645462,14.64881134,-,2054,-,-91.20734406,36.83807755,-76.09803772,16.47058868,58.71957779,59.03026199,48.37908554
Sat Dec 02 14:37:09 EST 2017,02-Dec-2017 14:37:09.229,-76.09776239,36.83813991,26.5,3.0,-27.100000381469727,74.9,8.27436066,-0.22984336,3.06457806,-0.0215319,-,25.09803963,-0.08950851,0.82784218,0.05076391,0.27487195,34.50980377,34.90196228,-,-,59,56.9645462,14.64881134,-,2054,-,-88.91075897,36.83813858,-76.09776306,16.47058868,59.27880859,59.03026199,48.37908554
Sat Dec 02 14:37:10 EST 2017,02-Dec-2017 14:37:10.229,-76.09747654,36.83819761,26.75,3.0,-27.0,75.5,9.00219822,0.80445176,4.63517427,0.02081435,-,25.09803963,-0.06846783,0.86689138,-0.01561966,0.23972771,34.50980377,34.90196228,-,-,59,56.9661026,14.64881134,-,2059,-,-88.58267975,36.8381958,-76.09747314,16.47058868,59.83804321,59.65163422,27.86854362
Sat Dec 02 14:37:11 EST 2017,02-Dec-2017 14:37:11.227,-76.0971832,36.83825648,26.75,3.0,-26.600000381469727,76.1,10.34295177,0.72783732,4.21379519,0.15988392,-,25.09803963,0.04631364,0.94108468,-0.08200324,0.34906533,34.50980377,34.50980377,-,-,57.20000076,56.96801758,14.64881134,-,2088,-,-87.27033997,36.83825684,-76.09718323,16.07843208,59.83804321,60.27300644,27.86854362
Sat Dec 02 14:37:12 EST 2017,02-Dec-2017 14:37:12.227,-76.09688923,36.83831415,27.0,3.0,-26.200000762939453,76.8,8.08282471,0.57460839,4.32871675,0.01268192,-,24.70588303,0.03636427,0.92936999,-0.06638357,0.35297027,33.72549057,33.72549057,-,-,57.20000076,56.96801758,14.64881134,-,2088,-,-85.95800781,36.83831406,-76.09688568,16.07843208,60.39727783,60.27300644,27.86854362
Sat Dec 02 14:37:13 EST 2017,02-Dec-2017 14:37:13.232,-76.09659109,36.83836798,27.25,3.0,-26.200000762939453,77.3,9.11711979,0.22984336,4.13718033,-0.01669757,-,24.70588303,-0.02521255,0.89032084,0.06638357,0.29049161,33.72549057,33.72549057,-,-,57.20000076,56.96801758,14.64881134,-,2088,-,-85.95800781,36.83836746,-76.09658813,16.07843208,60.95651245,60.27300644,27.86854362
Sat Dec 02 14:37:14 EST 2017,02-Dec-2017 14:37:14.233,-76.09629548,36.83842368,27.25,3.0,-26.299999237060547,77.7,8.92558384,0.49799395,4.06056595,-0.00454049,-,24.70588303,-0.0485976,0.84346181,0.04295408,0.33735061,33.72549057,33.72549057,-,-,57.20000076,56.96801758,14.64881134,-,2088,-,-86.28608704,36.83842468,-76.09629822,16.07843208,60.95651245,60.27300644,27.86854362
Sat Dec 02 14:37:15 EST 2017,02-Dec-2017 14:37:15.237,-76.09599511,36.83847227,27.25,3.0,-26.399999618530273,78.4,8.50420475,0.80445176,5.05655384,0.02547466,-,21.56862831,-0.00584596,0.8747012,0.05466883,0.36858991,30.58823586,30.58823586,-,-,57.20000076,56.97255325,14.64881134,-,2111,-,-86.61417389,36.83847046,-76.09599304,12.94117641,60.95651245,60.89437866,-
Sat Dec 02 14:37:15 EST 2017,02-Dec-2017 14:37:16.230,-76.09599511,36.83847227,27.25,3.0,-26.399999618530273,78.4,9.76834297,0.68953007,4.36702394,0.02155908,-,20,0.06117795,0.97622901,0.03123933,0.31392109,27.05882454,27.05882454,-,-,57.20000076,56.97255325,14.64881134,-,2120,-,-86.61417389,36.83847046,-76.09599304,11.76470566,60.95651245,60.89437866,-
Sat Dec 02 14:37:17 EST 2017,02-Dec-2017 14:37:17.231,-76.09539059,36.83855893,27.5,3.0,-26.899999618530273,80.1,7.85298157,0.42137951,4.40533113,-0.02464849,-,18.4313736,0.01858043,0.90984541,0.01561966,0.35687518,26.66666794,26.66666794,-,-,57.20000076,56.98006058,14.64881134,-,2114,-,-88.2545929,36.8385582,-76.09539032,9.4117651,61.51574707,60.89437866,28.40524292
Sat Dec 02 14:37:18 EST 2017,02-Dec-2017 14:37:18.232,-76.09508745,36.83859892,27.5,3.0,-27.299999237060547,80.8,9.15542698,-0.22984336,4.67348194,-0.00368794,-,18.8235302,-0.01021446,0.86689138,0.0234295,0.37639979,26.66666794,26.66666794,-,-,57.20000076,56.98231888,14.64881134,-,2115,-,-89.56692505,36.83860016,-76.09508514,9.4117651,61.51574707,60.89437866,28.40524292
Sat Dec 02 14:37:19 EST 2017,02-Dec-2017 14:37:19.231,-76.09478189,36.8386341,27.5,3.0,-28.0,81.5,8.61912632,-0.07661445,3.90733719,-0.00903831,-,18.8235302,0.02987302,0.91765523,0.0741934,0.36078009,26.66666794,26.66666794,-,-,57.20000076,56.98682404,14.64881134,-,2118,-,-91.86351776,36.83863449,-76.09477997,9.4117651,61.51574707,60.89437866,28.40524292
Sat Dec 02 14:37:20 EST 2017,02-Dec-2017 14:37:20.229,-76.09447627,36.83866735,27.5,3.0,-28.5,82.2,8.6957407,0,4.59686708,-0.0201664,-,18.8235302,0.0261028,0.90203559,-0.01561966,0.38811451,26.66666794,26.66666794,-,-,57.20000076,56.98682404,14.64881134,-,2118,-,-93.50393677,36.83866882,-76.09447479,9.4117651,61.51574707,60.89437866,28.40524292
Sat Dec 02 14:37:21 EST 2017,02-Dec-2017 14:37:21.231,-76.09416966,36.83869336,27.5,3.0,-29.100000381469727,83.3,8.96389103,0.15322891,4.36702394,0.03050097,-,18.8235302,-0.01819377,0.87860614,-0.00780983,0.33735061,26.66666794,26.66666794,-,-,57.20000076,56.98682404,14.64881134,-,2118,-,-95.47244263,36.83869171,-76.09416962,9.4117651,61.51574707,60.89437866,28.40524292
Sat Dec 02 14:37:22 EST 2017,02-Dec-2017 14:37:22.231,-76.09386539,36.83871761,27.5,3.0,-29.700000762939453,83.5,9.04050541,0.07661445,4.29040956,-0.02291573,-,18.8235302,-0.03019531,0.84736669,0.0976229,0.36078009,26.66666794,26.66666794,-,-,57.20000076,56.98682404,14.64881134,-,2118,-,-97.44094849,36.83871841,-76.09386444,9.4117651,61.51574707,60.89437866,28.40524292
Sat Dec 02 14:37:23 EST 2017,02-Dec-2017 14:37:23.227,-76.09356232,36.83874051,27.25,3.0,-30.0,84.1,8.1211319,0.76614451,4.13718033,0.00725884,-,19.6078434,-0.02517336,0.86689138,0.05857374,0.34125552,26.66666794,26.66666794,-,-,57.20000076,56.98682404,14.64881134,-,2118,-,-98.42519379,36.8387413,-76.09355927,9.8039217,60.95651245,60.89437866,28.40524292
Sat Dec 02 14:37:24 EST 2017,02-Dec-2017 14:37:24.230,-76.09325532,36.83876254,27.25,3.0,-30.200000762939453,84.7,8.61912632,0.38307226,4.48194551,-0.0144282,-,19.6078434,-0.02769679,0.88251102,0.03123933,0.30611128,27.45098114,27.45098114,-,-,57.20000076,56.98907471,14.64881134,-,2112,-,-99.08136749,36.83876419,-76.09325409,10.58823586,60.95651245,60.89437866,-
Sat Dec 02 14:37:24 EST 2017,02-Dec-2017 14:37:25.327,-76.09325532,36.83876254,27.25,3.0,-30.200000762939453,84.7,9.73003578,0.2681506,4.36702394,0.10651034,-,19.2156868,0.07200762,0.9371798,0.01952458,0.41935381,27.45098114,27.45098114,-,-,57.20000076,56.99096298,14.64881134,-,2093,-,-99.08136749,36.83876419,-76.09325409,10.1960783,60.95651245,60.27300644,-
Sat Dec 02 14:37:26 EST 2017,02-Dec-2017 14:37:26.231,-76.09264953,36.83879421,27.0,3.0,-29.600000381469727,86.3,8.61912632,1.18752408,3.60087943,-0.00511951,-,19.2156868,-0.03556745,0.85908157,0.10152781,0.32563588,27.45098114,27.45098114,-,-,57.20000076,56.99096298,14.64881134,-,2093,-,-97.11286163,36.83879471,-76.09265137,10.1960783,60.39727783,60.27300644,-
Sat Dec 02 14:37:27 EST 2017,02-Dec-2017 14:37:27.228,-76.09234964,36.83880465,26.75,3.0,-29.299999237060547,87.0,9.57680702,0.19153613,3.75410819,0.01497047,-,19.2156868,-0.04353487,0.85908157,0.08981306,0.31001619,27.45098114,27.45098114,-,-,57.20000076,56.99096298,14.64881134,-,2093,-,-96.1286087,36.83880615,-76.09234619,10.1960783,59.83804321,60.27300644,-
Sat Dec 02 14:37:28 EST 2017,02-Dec-2017 14:37:28.227,-76.0920517,36.83881582,26.5,3.0,-29.0,87.5,8.50420475,0.03830723,4.29040956,-0.0100255,-,23.52941132,-0.06784564,0.81222248,0.05857374,0.35297027,27.45098114,27.45098114,-,-,57.20000076,56.99285507,14.64881134,-,2093,-,-95.14435577,36.8388176,-76.09204865,14.90196133,59.27880859,60.27300644,-
Sat Dec 02 14:37:29 EST 2017,02-Dec-2017 14:37:29.232,-76.09175428,36.83882238,26.5,3.0,-28.700000762939453,88.6,8.1211319,0.2681506,3.63918662,0.00382427,-,23.52941132,-0.01282331,0.89422578,0.07809832,0.31001619,32.54901886,32.94117737,-,-,57.20000076,56.99402618,14.64881134,-,2055,-,-94.16011047,36.83882141,-76.0917511,14.90196133,59.27880859,59.03026199,-
Sat Dec 02 14:37:30 EST 2017,02-Dec-2017 14:37:30.226,-76.09145705,36.83882869,26.5,3.0,-28.200000762939453,88.9,7.96790314,-0.07661445,3.79241538,-0.02292662,-,23.52941132,-0.05819667,0.85517663,0.05076391,0.29049161,32.94117737,33.33333206,-,-,57.20000076,56.99555206,14.64881134,-,2061,-,-92.51969147,36.83882904,-76.09145355,15.29411793,59.27880859,59.65163422,35.90087509
Sat Dec 02 14:37:31 EST 2017,02-Dec-2017 14:37:31.231,-76.09115693,36.83882608,26.5,3.0,-28.5,89.7,8.61912632,0.15322891,4.40533113,-0.04531224,-,25.49019623,-0.01928228,0.91765523,0.03123933,0.24363261,34.90196228,35.29411697,-,-,57.20000076,56.99707413,14.64881134,-,2072,-,-93.50393677,36.83882523,-76.09115601,17.25490189,59.27880859,59.65163422,35.90087509
Sat Dec 02 14:37:32 EST 2017,02-Dec-2017 14:37:32.231,-76.09085223,36.8388248,26.75,3.0,-28.399999618530273,90.4,8.77235508,-0.19153613,3.98395157,0.00131726,-,23.13725471,-0.05520412,0.85908157,0.03904916,0.29049161,32.15686417,35.29411697,-,-,57.20000076,56.99859619,14.64881134,-,2072,-,-93.17584991,36.83882523,-76.09085083,14.50980377,59.83804321,59.65163422,35.90087509
Sat Dec 02 14:37:33 EST 2017,02-Dec-2017 14:37:33.233,-76.09055039,36.83882522,27.0,3.0,-28.399999618530273,91.0,12.37323475,-0.80445176,4.75009632,0.04397267,-,23.13725471,0.13507989,1.03089774,0.03904916,0.37249482,32.15686417,32.15686417,-,-,57.20000076,56.99859619,14.64881134,-,2101,-,-93.17584991,36.83882523,-76.09055328,14.50980377,60.39727783,59.65163422,35.90087509
Sat Dec 02 14:37:33 EST 2017,02-Dec-2017 14:37:34.234,-76.09055039,36.83882522,27.0,3.0,-28.399999618530273,91.0,8.65743351,0.38307226,4.40533113,-0.01986144,-,23.13725471,0.11191665,1.01137328,0.06247865,0.35687518,32.15686417,32.15686417,-,-,57.20000076,56.99859619,14.64881134,-,2101,-,-93.17584991,36.83882523,-76.09055328,14.50980377,60.39727783,59.65163422,35.90087509
Sat Dec 02 14:37:35 EST 2017,02-Dec-2017 14:37:35.226,-76.08994611,36.83881024,27.25,3.0,-28.700000762939453,91.9,10.0364933,1.37906015,4.67348194,0.08150986,-,23.13725471,0.17522958,1.09337652,0.01561966,0.32954079,32.15686417,32.15686417,-,-,57.20000076,56.99859619,14.64881134,-,2101,-,-94.16011047,36.83880997,-76.08994293,14.50980377,60.95651245,59.65163422,35.90087509
Sat Dec 02 14:37:36 EST 2017,02-Dec-2017 14:37:36.227,-76.08964032,36.83879829,27.25,3.0,-29.100000381469727,92.4,8.00621033,0.65122288,3.98395157,-0.08788633,-,17.64705849,-0.0941205,0.82784218,0,0.26706213,26.27450943,26.27450943,-,-,57.20000076,57.00047302,14.64881134,-,2099,-,-95.47244263,36.83879852,-76.08963776,8.23529434,60.95651245,60.27300644,-
Sat Dec 02 14:37:37 EST 2017,02-Dec-2017 14:37:37.228,-76.08933585,36.83878214,27.25,3.0,-29.600000381469727,93.4,8.92558384,0.19153613,4.59686708,-0.0092567,-,18.03921509,0.00483299,0.82393724,0.0976229,0.46621281,26.27450943,26.27450943,-,-,57.20000076,57.00457764,14.64881134,-,2096,-,-97.11286163,36.83878326,-76.08933258,8.62745094,60.95651245,60.27300644,-
Sat Dec 02 14:37:38 EST 2017,02-Dec-2017 14:37:38.230,-76.08903428,36.83876425,27.25,3.0,-30.299999237060547,94.2,9.69172859,0.34476504,4.94163227,0.02327763,-,18.03921509,-0.05544646,0.82393724,0.01952458,0.36078009,26.27450943,26.66666794,-,-,57.20000076,57.00831985,14.64881134,-,2092,-,-99.40944672,36.83876419,-76.08903503,8.62745094,60.95651245,60.27300644,-
Sat Dec 02 14:37:38 EST 2017,02-Dec-2017 14:37:39.228,-76.08903428,36.83876425,27.25,3.0,-30.299999237060547,94.2,8.08282471,0.61291564,4.40533113,0.00445409,-,18.03921509,0.00970329,0.89813066,0.05857374,0.35687518,26.27450943,26.66666794,-,-,57.20000076,57.00831985,14.64881134,-,2092,-,-99.40944672,36.83876419,-76.08903503,8.62745094,60.95651245,60.27300644,-
Sat Dec 02 14:37:40 EST 2017,02-Dec-2017 14:37:40.228,-76.08843704,36.83871499,27.0,3.0,-31.799999237060547,95.5,8.88727665,-0.07661445,3.715801,-0.00802641,-,18.03921509,-0.04841314,0.82784218,0,0.36858991,26.27450943,26.66666794,-,-,57.20000076,57.00831985,14.64881134,-,2092,-,-104.33070374,36.8387146,-76.08843994,9.01960754,60.39727783,60.27300644,-
Sat Dec 02 14:37:41 EST 2017,02-Dec-2017 14:37:41.234,-76.08813543,36.83868457,27.25,3.0,-32.29999923706055,96.4,8.50420475,-0.19153613,4.175488,-0.01505601,-,17.64705849,-0.0315178,0.87860614,0.08200324,0.29830143,25.88235283,25.88235283,-,-,57.20000076,57.01018524,14.64881134,-,2089,-,-105.97112274,36.83868408,-76.08813477,8.23529434,60.95651245,60.27300644,-
Sat Dec 02 14:37:42 EST 2017,02-Dec-2017 14:37:42.230,-76.08783563,36.83865429,27.0,3.0,-32.900001525878906,97.1,8.54251194,0.5363012,4.13718033,0.01422089,-,17.64705849,-0.01925111,0.86689138,0.03123933,0.35687518,25.88235283,25.88235283,-,-,57.20000076,57.01205063,14.64881134,-,2090,-,-107.93963623,36.83865356,-76.08783722,8.23529434,60.39727783,60.27300644,-
Sat Dec 02 14:37:43 EST 2017,02-Dec-2017 14:37:43.228,-76.0875331,36.83862417,27.0,3.0,-33.70000076293945,97.9,8.84896946,-0.07661445,4.09887314,0.00655519,-,17.64705849,-0.01490447,0.8747012,0.05466883,0.34906533,25.88235283,25.88235283,-,-,57.20000076,57.01205063,14.64881134,-,2090,-,-110.56430817,36.83862305,-76.08753204,8.23529434,60.39727783,60.27300644,-
Sat Dec 02 14:37:44 EST 2017,02-Dec-2017 14:37:44.229,-76.08723392,36.83859066,27.0,4.0,-34.099998474121094,98.1,8.50420475,0.19153613,4.48194551,-0.00641654,-,17.64705849,-0.03313408,0.8747012,0.03123933,0.31001619,25.88235283,25.88235283,-,-,57.20000076,57.01541901,14.64881134,-,2083,-,-111.87663269,36.83859253,-76.0872345,8.23529434,60.39727783,59.65163422,-
Sat Dec 02 14:37:45 EST 2017,02-Dec-2017 14:37:45.228,-76.08693445,36.83855499,27.0,3.0,-34.20000076293945,98.4,8.73404789,0.30645782,4.13718033,0.04536645,-,17.64705849,0.03827655,0.90594047,0.08200324,0.39982924,25.88235283,25.88235283,-,-,57.20000076,57.016922,14.64881134,-,2074,-,-112.20472717,36.83855438,-76.08693695,8.23529434,60.39727783,59.65163422,-
Sat Dec 02 14:37:46 EST 2017,02-Dec-2017 14:37:46.228,-76.0866353,36.83851816,26.75,4.0,-34.20000076293945,98.7,8.77235508,0.30645782,4.67348194,-0.00084792,-,17.64705849,-0.00414372,0.88641596,-0.01171475,0.35297027,25.88235283,26.27450943,-,-,57.20000076,57.016922,14.64881134,-,2079,-,-112.20472717,36.83852005,-76.08663177,8.23529434,59.83804321,59.65163422,-
Sat Dec 02 14:37:47 EST 2017,02-Dec-2017 14:37:47.227,-76.08634236,36.8384813,26.5,4.0,-34.099998474121094,98.8,8.31266785,0.34476504,4.59686708,-0.00866317,-,20.7843132,0.07014859,0.96841919,0.07028849,0.34906533,29.41176605,29.80392265,-,-,57.20000076,57.01807022,14.64881134,-,2079,-,-111.87663269,36.8384819,-76.08634186,11.76470566,59.27880859,59.03026199,-
Sat Dec 02 14:37:47 EST 2017,02-Dec-2017 14:37:48.229,-76.08634236,36.8384813,26.5,4.0,-34.099998474121094,98.8,8.92558384,0.2681506,4.09887314,-0.01153571,-,20.7843132,0.02798962,0.91375035,-0.03904916,0.36858991,29.41176605,29.80392265,-,-,57.20000076,57.01807022,14.64881134,-,2057,-,-111.87663269,36.8384819,-76.08634186,11.76470566,59.27880859,59.03026199,-
Sat Dec 02 14:37:49 EST 2017,02-Dec-2017 14:37:49.231,-76.08575754,36.83840257,26.5,4.0,-34.29999923706055,99.5,8.77235508,0.03830723,3.75410819,0.02048795,-,22.74509811,0.0031764,0.90984541,0,0.32173091,31.76470566,32.15686417,-,-,57.20000076,57.02035904,14.64881134,-,2053,-,-112.5328064,36.83840179,-76.08575439,13.72549057,59.27880859,59.03026199,-
Sat Dec 02 14:37:50 EST 2017,02-Dec-2017 14:37:50.227,-76.08546083,36.83836248,26.5,4.0,-34.400001525878906,99.4,8.08282471,0.2681506,4.21379519,-0.01239944,-,22.35294151,0.01524934,0.91765523,0.05857374,0.32954079,30.98039246,32.15686417,-,-,57.20000076,57.02035904,14.64881134,-,2053,-,-112.86090088,36.83836365,-76.08546448,13.72549057,59.27880859,59.03026199,-
Sat Dec 02 14:37:51 EST 2017,02-Dec-2017 14:37:51.228,-76.08516765,36.83832483,26.75,3.0,-34.5,99.3,9.04050541,0.07661445,4.25210238,0.01370083,-,21.96078491,0.01878266,0.92156017,0.00780983,0.3334457,30.98039246,31.37254906,-,-,57.20000076,57.02185822,14.64881134,-,2062,-,-113.1889801,36.8383255,-76.08516693,12.94117641,59.83804321,59.65163422,26.67133331
Sat Dec 02 14:37:52 EST 2017,02-Dec-2017 14:37:52.231,-76.08487034,36.83828959,26.75,3.0,-34.5,98.9,9.23204136,0,3.94564438,-0.01148444,-,21.96078491,-0.07102679,0.84346181,0.03904916,0.28658667,30.98039246,31.37254906,-,-,57.20000076,57.02185822,14.64881134,-,2062,-,-113.1889801,36.83829117,-76.08486938,12.94117641,59.83804321,59.65163422,26.67133331
Sat Dec 02 14:37:52 EST 2017,02-Dec-2017 14:37:53.232,-76.08487034,36.83828959,26.75,3.0,-34.5,98.9,8.1211319,0.11492168,4.44363832,-0.02562928,-,21.96078491,-0.0559393,0.82784218,0.01171475,0.35297027,30.98039246,31.37254906,-,-,57.20000076,57.02185822,14.64881134,-,2062,-,-113.1889801,36.83829117,-76.08486938,12.94117641,59.83804321,59.65163422,26.67133331
Sat Dec 02 14:37:54 EST 2017,02-Dec-2017 14:37:54.227,-76.0842745,36.83820966,26.75,3.0,-34.599998474121094,99.3,9.34696388,-0.22984336,3.63918662,0.02193486,-,21.96078491,0.02308713,0.95279956,-0.0234295,0.27096704,30.58823586,30.98039246,-,-,57.20000076,57.02335358,14.64881134,-,2073,-,-113.51705933,36.83821106,-76.08427429,12.94117641,59.83804321,59.65163422,-
Sat Dec 02 14:37:55 EST 2017,02-Dec-2017 14:37:55.231,-76.08397273,36.83817037,26.75,3.0,-34.20000076293945,99.4,9.15542698,0.34476504,3.40934324,-0.01829015,-,21.96078491,-0.00384498,0.92936999,-0.06638357,0.25144243,30.58823586,30.98039246,-,-,57.20000076,57.02335358,14.64881134,-,2073,-,-112.20472717,36.8381691,-76.08396912,12.94117641,59.83804321,59.65163422,-
Sat Dec 02 14:37:56 EST 2017,02-Dec-2017 14:37:56.228,-76.08367511,36.83813492,27.0,4.0,-34.400001525878906,99.2,8.65743351,0.80445176,4.02225876,0.0096461,-,21.96078491,0.02424975,0.90203559,-0.01561966,0.3842096,30.58823586,30.98039246,-,-,57.20000076,57.02335358,14.64881134,-,2073,-,-112.86090088,36.83813477,-76.08367157,12.94117641,60.39727783,59.65163422,-
Sat Dec 02 14:37:57 EST 2017,02-Dec-2017 14:37:57.227,-76.08337522,36.83809505,27.0,4.0,-34.29999923706055,99.2,9.0788126,0.15322891,4.55855989,-0.02282667,-,23.52941132,-0.03464241,0.8747012,0.06638357,0.30220634,32.15686417,32.15686417,-,-,57.20000076,57.02335358,14.64881134,-,2100,-,-112.5328064,36.83809662,-76.08337402,15.29411793,60.39727783,59.65163422,-
Sat Dec 02 14:37:58 EST 2017,02-Dec-2017 14:37:58.231,-76.08307347,36.83805852,27.25,4.0,-34.400001525878906,99.1,8.15943909,0.80445176,3.37103605,-0.07733464,-,22.35294151,-0.01579554,0.89032084,0.02733441,0.317826,30.19607925,30.19607925,-,-,57.20000076,57.02519989,14.64881134,-,2098,-,-112.86090088,36.83805847,-76.08307648,13.72549057,60.95651245,60.27300644,-
Sat Dec 02 14:37:59 EST 2017,02-Dec-2017 14:37:59.231,-76.08277442,36.83802214,27.25,4.0,-34.400001525878906,99.2,8.42759037,0.03830723,4.48194551,0.01112952,-,22.35294151,0.01828833,0.95670444,-0.01171475,0.24753754,30.19607925,30.19607925,-,-,57.20000076,57.02705002,14.64881134,-,2098,-,-112.86090088,36.83802032,-76.0827713,13.72549057,60.95651245,60.27300644,-
Sat Dec 02 14:38:00 EST 2017,02-Dec-2017 14:38:00.228,-76.08247106,36.83798141,27.25,4.0,-34.099998474121094,99.1,8.58081913,0.03830723,4.02225876,0.00139144,-,21.56862831,-0.02652049,0.89422578,0.06247865,0.27877685,29.80392265,30.19607925,-,-,57.20000076,57.02705002,14.64881134,-,2098,-,-111.87663269,36.83798218,-76.08247375,12.94117641,60.95651245,60.27300644,-
Sat Dec 02 14:38:01 EST 2017,02-Dec-2017 14:38:01.230,-76.08217221,36.83794566,27.0,3.0,-34.400001525878906,99.0,9.92157173,0.2681506,4.78840351,0.017139,-,21.56862831,-0.05295388,0.88641596,-0.01952458,0.23191786,29.80392265,31.76470566,-,-,57.20000076,57.02889252,14.64881134,-,2101,-,-112.86090088,36.83794403,-76.08216858,12.94117641,60.39727783,60.27300644,-
Sat Dec 02 14:38:01 EST 2017,02-Dec-2017 14:38:02.227,-76.08217221,36.83794566,27.0,3.0,-34.400001525878906,99.0,8.54251194,0.30645782,3.17949986,-0.05131829,-,23.13725471,0.00381506,0.87860614,0.0234295,0.3842096,31.76470566,31.76470566,-,-,59,57.02889252,14.64881134,-,2101,-,-112.86090088,36.83794403,-76.08216858,14.50980377,60.39727783,60.27300644,-
Sat Dec 02 14:38:03 EST 2017,02-Dec-2017 14:38:03.229,-76.08157257,36.83786402,27.0,4.0,-35.099998474121094,99.0,8.84896946,0.45968673,4.25210238,0.00828929,-,22.35294151,0.06453022,0.95670444,0.03514424,0.364685,31.37254906,31.76470566,-,-,59,57.03327942,14.64881134,-,2110,-,-115.15747833,36.83786392,-76.08157349,13.72549057,60.39727783,60.89437866,37.34535217
Sat Dec 02 14:38:04 EST 2017,02-Dec-2017 14:38:04.232,-76.08127108,36.83782258,27.25,3.0,-35.099998474121094,99.1,8.31266785,0.2681506,4.175488,-0.00662456,-,22.35294151,0.00597125,0.92156017,0.01561966,0.30220634,30.58823586,30.98039246,-,-,59,57.03546143,14.64881134,-,2115,-,-115.15747833,36.83782196,-76.08126831,13.72549057,60.95651245,60.89437866,37.34535217
Sat Dec 02 14:38:05 EST 2017,02-Dec-2017 14:38:05.231,-76.08096752,36.83778274,27.25,3.0,-35.29999923706055,99.0,8.27436066,-0.11492168,3.75410819,-0.00463425,-,22.35294151,-0.03642226,0.88251102,0.05076391,0.28268176,30.58823586,30.98039246,-,-,59,57.03546143,14.64881134,-,2115,-,-115.81364441,36.83778381,-76.08097076,13.72549057,60.95651245,60.89437866,37.34535217
Sat Dec 02 14:38:05 EST 2017,02-Dec-2017 14:38:06.232,-76.08096752,36.83778274,27.25,3.0,-35.29999923706055,99.0,8.88727665,0.2681506,4.32871675,0.0160467,-,22.35294151,0.02024191,0.91375035,0.00780983,0.35297027,30.58823586,30.98039246,-,-,59,57.03546143,14.64881134,-,2115,-,-115.81364441,36.83778381,-76.08097076,13.72549057,60.95651245,60.89437866,37.34535217
Sat Dec 02 14:38:07 EST 2017,02-Dec-2017 14:38:07.226,-76.08035585,36.83770354,27.5,3.0,-35.099998474121094,99.2,8.96389103,0.65122288,4.32871675,0.01273733,-,22.35294151,0.0090079,0.88641596,0.03123933,0.38030469,30.58823586,30.98039246,-,-,59,57.03546143,14.64881134,-,2115,-,-115.15747833,36.8377037,-76.08035278,13.72549057,61.51574707,60.89437866,37.34535217
Sat Dec 02 14:38:08 EST 2017,02-Dec-2017 14:38:08.228,-76.08005125,36.8376626,27.5,3.0,-35.20000076293945,99.2,8.6957407,0.42137951,3.63918662,0.0051491,-,21.17647171,-0.04261008,0.87860614,0.0234295,0.27877685,29.01960754,29.01960754,-,-,59,57.03764725,14.64881134,-,2121,-,-115.48556519,36.83766174,-76.08004761,12.54901981,61.51574707,60.89437866,-
Sat Dec 02 14:38:09 EST 2017,02-Dec-2017 14:38:09.232,-76.07974478,36.83762297,27.5,4.0,-34.900001525878906,99.3,9.19373417,0,4.36702394,0.0166897,-,21.17647171,-0.03124212,0.87860614,-0.03123933,0.30611128,29.01960754,29.01960754,-,-,59,57.03764725,14.64881134,-,2121,-,-114.50131989,36.8376236,-76.07974243,12.54901981,61.51574707,60.89437866,-
Sat Dec 02 14:38:10 EST 2017,02-Dec-2017 14:38:10.232,-76.07944098,36.83758717,27.5,4.0,-34.79999923706055,99.1,8.15943909,0.15322891,4.02225876,-0.05355167,-,21.17647171,-0.02991208,0.87079626,-0.03123933,0.32563588,29.01960754,29.01960754,-,-,59,57.03983307,14.64881134,-,2117,-,-114.1732254,36.83758545,-76.07943726,11.76470566,61.51574707,60.89437866,-
Sat Dec 02 14:38:10 EST 2017,02-Dec-2017 14:38:11.233,-76.07944098,36.83758717,27.5,4.0,-34.79999923706055,99.1,9.19373417,-0.07661445,4.13718033,0.01724281,-,20.7843132,0.01749376,0.92546505,0.01561966,0.32173091,28.62745094,28.62745094,-,-,59,57.03983307,14.64881134,-,2117,-,-114.1732254,36.83758545,-76.07943726,11.76470566,61.51574707,60.89437866,-
Sat Dec 02 14:38:12 EST 2017,02-Dec-2017 14:38:12.229,-76.07883156,36.83751286,27.25,4.0,-35.20000076293945,99.0,8.77235508,-0.07661445,4.21379519,-0.0151591,-,20.7843132,-0.0380389,0.84736669,-0.03904916,0.35297027,28.62745094,28.62745094,-,-,59,57.03983307,14.64881134,-,2117,-,-115.48556519,36.83751297,-76.07883453,11.76470566,60.95651245,60.89437866,-
Sat Dec 02 14:38:13 EST 2017,02-Dec-2017 14:38:13.227,-76.07853554,36.8374706,27.25,3.0,-35.5,99.2,8.46589756,0.65122288,4.25210238,-0.01807219,-,20.7843132,-0.09168977,0.82784218,0.03904916,0.27096704,28.62745094,28.62745094,-,-,59,57.03983307,14.64881134,-,2108,-,-116.46981812,36.83747101,-76.07853699,11.76470566,60.95651245,60.89437866,-
Sat Dec 02 14:38:14 EST 2017,02-Dec-2017 14:38:14.228,-76.07823683,36.83743185,27.0,3.0,-35.79999923706055,99.1,8.50420475,0.8810662,3.83072281,-0.02409717,-,20.3921566,-0.05112697,0.84736669,0.0234295,0.32563588,28.62745094,28.62745094,-,-,59,57.04349518,14.64881134,-,2094,-,-117.45406342,36.83743286,-76.07823944,11.37254906,60.39727783,60.27300644,-
Sat Dec 02 14:38:15 EST 2017,02-Dec-2017 14:38:15.234,-76.0779358,36.83739587,27.25,4.0,-35.70000076293945,99.0,9.38527107,0.61291564,3.98395157,-0.00065757,-,20.3921566,0.05427502,0.94108468,-0.04295408,0.37249482,28.62745094,28.62745094,-,-,59,57.04349518,14.64881134,-,2094,-,-117.12598419,36.83739471,-76.07793427,11.37254906,60.95651245,60.27300644,-
Sat Dec 02 14:38:16 EST 2017,02-Dec-2017 14:38:16.226,-76.07763804,36.83735821,27.0,4.0,-35.70000076293945,99.1,8.42759037,0.34476504,4.09887314,-0.01661731,-,20.3921566,-0.02662233,0.85908157,-0.00780983,0.35687518,28.62745094,29.01960754,-,-,59,57.04349518,14.64881134,-,2083,-,-117.12598419,36.83735657,-76.07763672,11.37254906,60.39727783,60.27300644,-
Sat Dec 02 14:38:17 EST 2017,02-Dec-2017 14:38:17.230,-76.07733996,36.83732069,27.0,4.0,-35.79999923706055,99.0,8.77235508,-0.03830723,4.5202527,-0.02331339,-,20.3921566,-0.09508112,0.8083176,-0.00390492,0.30611128,28.62745094,29.01960754,-,-,59,57.04349518,14.64881134,-,2083,-,-117.45406342,36.83732224,-76.07733917,11.37254906,60.39727783,60.27300644,-
Sat Dec 02 14:38:18 EST 2017,02-Dec-2017 14:38:18.231,-76.07704382,36.83728,26.75,4.0,-35.70000076293945,99.2,9.19373417,0.38307226,3.94564438,-0.00223875,-,20.3921566,-0.0169202,0.88641596,0.04685899,0.32173091,28.62745094,29.01960754,-,-,59,57.04349518,14.64881134,-,2083,-,-117.12598419,36.83728027,-76.07704163,11.37254906,59.83804321,60.27300644,-
Sat Dec 02 14:38:19 EST 2017,02-Dec-2017 14:38:19.234,-76.07674884,36.83724666,26.75,3.0,-35.5,99.2,8.50420475,0.03830723,3.86903,-0.02237776,-,21.56862831,-0.03654892,0.86689138,0.03904916,0.317826,28.62745094,29.01960754,-,-,59,57.04496765,14.64881134,-,2083,-,-116.46981812,36.83724594,-76.07675171,12.94117641,59.83804321,59.65163422,-
Sat Dec 02 14:38:19 EST 2017,02-Dec-2017 14:38:20.236,-76.07674884,36.83724666,26.75,3.0,-35.5,99.2,9.19373417,0.34476504,4.48194551,0.00936199,-,22.35294151,-0.0603702,0.85517663,0.03904916,0.28658667,30.98039246,31.37254906,-,-,59,57.04643631,14.64881134,-,2072,-,-116.46981812,36.83724594,-76.07675171,13.72549057,59.83804321,59.65163422,-
Sat Dec 02 14:38:21 EST 2017,02-Dec-2017 14:38:21.228,-76.07615645999999,36.83716662,26.75,4.0,-35.5,99.2,8.50420475,0.15322891,3.79241538,-0.02062586,-,22.35294151,-0.04333553,0.87079626,0.02733441,0.29439652,30.98039246,31.37254906,-,-,59,57.04643631,14.64881134,-,2072,-,-116.46981812,36.83716583,-76.07615662,13.72549057,59.83804321,59.65163422,-
Sat Dec 02 14:38:22 EST 2017,02-Dec-2017 14:38:22.229,-76.07586127,36.83712552,26.75,3.0,-35.79999923706055,99.1,8.58081913,0.5363012,3.86903,0.00547249,-,22.35294151,0.05226871,0.96060938,0.05076391,0.32563588,31.76470566,32.15686417,-,-,59,57.04643631,14.64881134,-,2084,-,-117.45406342,36.83712387,-76.07585907,13.72549057,59.83804321,59.65163422,-
Sat Dec 02 14:38:23 EST 2017,02-Dec-2017 14:38:23.228,-76.07556,36.83709041,27.0,4.0,-35.400001525878906,99.0,8.46589756,0.34476504,4.13718033,-0.00725498,-,23.13725471,-0.03619267,0.88251102,0.00390492,0.28658667,31.76470566,31.76470566,-,-,57.20000076,57.04826355,14.64881134,-,2084,-,-116.14173889,36.83708954,-76.07556152,14.50980377,60.39727783,60.27300644,-
Sat Dec 02 14:38:24 EST 2017,02-Dec-2017 14:38:24.237,-76.0752579,36.83705245,27.0,4.0,-35.29999923706055,99.0,9.11711979,0.38307226,3.79241538,-0.01648401,-,21.56862831,-0.05272023,0.85908157,0.00780983,0.29830143,31.76470566,31.76470566,-,-,57.20000076,57.05007935,14.64881134,-,2084,-,-115.81364441,36.83705139,-76.07525635,12.94117641,60.39727783,60.27300644,-
Sat Dec 02 14:38:24 EST 2017,02-Dec-2017 14:38:25.228,-76.0752579,36.83705245,27.0,4.0,-35.29999923706055,99.0,8.81066227,0.07661445,4.29040956,-0.00280854,-,21.56862831,-0.047852,0.85127175,0.01171475,0.32563588,30.19607925,30.58823586,-,-,57.20000076,57.05007935,14.64881134,-,2084,-,-115.81364441,36.83705139,-76.07525635,12.94117641,60.39727783,60.27300644,-
Sat Dec 02 14:38:26 EST 2017,02-Dec-2017 14:38:26.228,-76.07465899,36.83697086,27.0,4.0,-35.29999923706055,99.3,8.46589756,0.65122288,4.02225876,0.00098795,-,21.56862831,-0.04006336,0.86298645,0.03904916,0.317826,30.19607925,30.58823586,-,-,57.20000076,57.05224991,14.64881134,-,2100,-,-115.81364441,36.83697128,-76.07466125,12.94117641,60.39727783,60.89437866,-
Sat Dec 02 14:38:27 EST 2017,02-Dec-2017 14:38:27.232,-76.07435661,36.83692851,27.25,3.0,-35.29999923706055,99.4,9.11711979,-0.03830723,4.09887314,-0.00536143,-,21.96078491,-0.05454228,0.83955687,0.0234295,0.3334457,30.58823586,30.58823586,-,-,57.20000076,57.05622864,14.64881134,-,2107,-,-115.81364441,36.83692932,-76.07435608,12.94117641,60.95651245,60.27300644,-
Sat Dec 02 14:38:28 EST 2017,02-Dec-2017 14:38:28.227,-76.07405754,36.83688622,27.25,3.0,-35.099998474121094,99.3,9.19373417,0.34476504,3.86903,-0.02792422,-,21.56862831,-0.00233731,0.89813066,-0.01171475,0.3334457,30.19607925,30.58823586,-,-,57.20000076,57.05838776,14.64881134,-,2108,-,-115.15747833,36.83688736,-76.07405853,12.94117641,60.95651245,60.89437866,-
Sat Dec 02 14:38:29 EST 2017,02-Dec-2017 14:38:29.228,-76.07374911,36.83684805,27.25,3.0,-34.900001525878906,99.1,9.46188545,-0.30645782,4.36702394,0.03309943,-,21.56862831,0.03128695,0.9371798,0.00390492,0.32954079,30.19607925,30.58823586,-,-,57.20000076,57.06054688,14.64881134,-,2104,-,-114.50131989,36.83684921,-76.07374573,12.94117641,60.95651245,60.89437866,-
Sat Dec 02 14:38:30 EST 2017,02-Dec-2017 14:38:30.232,-76.07344801,36.83681018,27.25,3.0,-34.900001525878906,99.1,8.23605347,0.5363012,3.94564438,-0.00788399,-,21.56862831,-0.03212451,0.86689138,-0.01171475,0.32954079,30.19607925,30.58823586,-,-,57.20000076,57.06054688,14.64881134,-,2104,-,-114.50131989,36.83681107,-76.07344818,12.94117641,60.95651245,60.89437866,-
Sat Dec 02 14:38:31 EST 2017,02-Dec-2017 14:38:31.228,-76.07314713,36.83676863,27.25,3.0,-35.20000076293945,99.1,8.58081913,0.22984336,4.5202527,0.00792336,-,21.96078491,-0.00699775,0.90203559,0.01952458,0.31392109,30.58823586,30.98039246,-,-,57.20000076,57.06270218,14.64881134,-,2111,-,-115.48556519,36.8367691,-76.07315063,13.33333397,60.95651245,60.89437866,-
Sat Dec 02 14:38:32 EST 2017,02-Dec-2017 14:38:32.229,-76.07284675,36.83672933,27.25,3.0,-35.20000076293945,99.1,8.27436066,0.15322891,4.13718033,-0.01032702,-,21.96078491,-0.0915134,0.82784218,0.04295408,0.27096704,30.58823586,30.98039246,-,-,57.20000076,57.06270218,14.64881134,-,2111,-,-115.48556519,36.83673096,-76.07284546,13.33333397,60.95651245,60.89437866,-
Sat Dec 02 14:38:33 EST 2017,02-Dec-2017 14:38:33.229,-76.07254221,36.83668902,27.25,3.0,-34.79999923706055,99.1,8.6957407,0.61291564,3.60087943,0.01126771,-,21.96078491,-0.03601063,0.82784218,0.03514424,0.39201942,30.58823586,30.98039246,-,-,57.20000076,57.06700897,14.64881134,-,2122,-,-114.1732254,36.836689,-76.07254028,13.33333397,60.95651245,60.89437866,-
Sat Dec 02 14:38:34 EST 2017,02-Dec-2017 14:38:34.232,-76.07224104,36.83664815,27.25,3.0,-34.900001525878906,99.2,8.19774628,1.03429508,4.40533113,-0.01397176,-,21.96078491,0.0119148,0.90984541,0.02733441,0.34125552,30.58823586,30.98039246,-,-,57.20000076,57.06700897,14.64881134,-,2122,-,-114.50131989,36.83664703,-76.07224274,13.33333397,60.95651245,60.89437866,-
Sat Dec 02 14:38:35 EST 2017,02-Dec-2017 14:38:35.234,-76.07193621,36.83661454,27.5,3.0,-34.79999923706055,99.2,8.50420475,0.03830723,4.71178913,0.00775373,-,21.96078491,-0.01097021,0.90594047,0.03514424,0.32173091,30.98039246,30.98039246,-,-,57.20000076,57.06700897,14.64881134,-,2122,-,-114.1732254,36.8366127,-76.07193756,13.33333397,61.51574707,60.89437866,-
Sat Dec 02 14:38:36 EST 2017,02-Dec-2017 14:38:36.229,-76.07162854,36.83657383,27.5,3.0,-34.70000076293945,99.3,8.6957407,0.22984336,3.90733719,-0.01538342,-,21.96078491,-0.01144084,0.86689138,0.0741934,0.36858991,30.98039246,30.98039246,-,-,57.20000076,57.06916046,14.64881134,-,2123,-,-113.84514618,36.83657455,-76.07162476,13.72549057,61.51574707,60.89437866,-
Sat Dec 02 14:38:37 EST 2017,02-Dec-2017 14:38:37.231,-76.071327,36.83653191,27.5,3.0,-35.0,99.3,9.73003578,0.07661445,4.36702394,-0.00117979,-,22.35294151,0.05447046,0.91765523,0.08590815,0.411544,30.98039246,31.37254906,-,-,57.20000076,57.07130432,14.64881134,-,2130,-,-114.82939911,36.83653259,-76.07132721,13.72549057,61.51574707,60.89437866,-
Sat Dec 02 14:38:38 EST 2017,02-Dec-2017 14:38:38.234,-76.07101925,36.836492989999996,27.5,3.0,-34.79999923706055,99.2,8.92558384,0.03830723,4.40533113,-0.00430333,-,22.35294151,0.00803958,0.90594047,-0.00390492,0.34125552,31.37254906,31.37254906,-,-,57.20000076,57.07130432,14.64881134,-,2130,-,-114.1732254,36.83649445,-76.07102203,13.72549057,61.51574707,60.89437866,-
Sat Dec 02 14:38:39 EST 2017,02-Dec-2017 14:38:39.229,-76.07071882,36.83645163,27.5,3.0,-35.29999923706055,99.3,8.42759037,0.42137951,3.52426481,-0.04883677,-,22.35294151,-0.02663806,0.90203559,0.03514424,0.26315722,31.37254906,31.37254906,-,-,57.20000076,57.07379532,14.64881134,-,2133,-,-115.81364441,36.83645248,-76.07071686,14.11764717,61.51574707,61.51574707,28.86150742
Sat Dec 02 14:38:40 EST 2017,02-Dec-2017 14:38:40.232,-76.07041077,36.83641155,27.75,3.0,-35.29999923706055,99.1,8.84896946,0.22984336,3.10288548,0.00611402,-,22.74509811,0.03262514,0.91765523,0.0234295,0.21629821,31.37254906,31.37254906,-,-,57.20000076,57.07629013,14.64881134,-,2137,-,-115.81364441,36.83641052,-76.07041168,13.72549057,62.07497787,61.51574707,28.86150742
Sat Dec 02 14:38:41 EST 2017,02-Dec-2017 14:38:41.229,-76.07010184,36.83637421,27.75,4.0,-35.29999923706055,99.0,8.46589756,0.84275901,3.98395157,-0.00037021,-,22.74509811,-0.04519547,0.85517663,0.04295408,0.32173091,30.98039246,31.37254906,-,-,57.20000076,57.07629013,14.64881134,-,2137,-,-115.81364441,36.83637238,-76.07009888,13.72549057,62.07497787,61.51574707,28.86150742
Sat Dec 02 14:38:42 EST 2017,02-Dec-2017 14:38:42.231,-76.06979484,36.83633176,27.75,4.0,-35.20000076293945,99.2,8.50420475,0.38307226,4.40533113,-0.00031177,-,22.74509811,0.01783108,0.9488945,-0.05466883,0.26315722,30.98039246,31.37254906,-,-,57.20000076,57.07629013,14.64881134,-,2137,-,-115.48556519,36.83633041,-76.0697937,13.72549057,62.07497787,61.51574707,28.86150742
Sat Dec 02 14:38:43 EST 2017,02-Dec-2017 14:38:43.226,-76.06949156,36.83629168,27.5,4.0,-34.900001525878906,99.4,8.50420475,0.2681506,3.83072281,-0.02982622,-,21.96078491,-0.02454751,0.89813066,-0.02733441,0.27877685,30.98039246,31.37254906,-,-,57.20000076,57.0787735,14.64881134,-,2137,-,-114.50131989,36.83629227,-76.06948853,13.33333397,61.51574707,61.51574707,-
Sat Dec 02 14:38:44 EST 2017,02-Dec-2017 14:38:44.233,-76.06918862,36.83625059,27.25,4.0,-35.099998474121094,99.6,8.35097599,0.2681506,3.60087943,0.00006563,-,21.96078491,0.01376783,0.92936999,0.03904916,0.30220634,30.19607925,29.41176605,-,-,57.20000076,57.08091354,14.64881134,-,2125,-,-115.15747833,36.83625031,-76.06919098,13.33333397,60.95651245,60.89437866,-
Sat Dec 02 14:38:45 EST 2017,02-Dec-2017 14:38:45.229,-76.06889056,36.83621072,27.25,4.0,-35.0,99.5,8.77235508,0.68953007,4.02225876,0.01430539,-,22.74509811,0.02651903,0.9371798,0.01171475,0.317826,31.76470566,32.15686417,-,-,57.20000076,57.08091354,14.64881134,-,2125,-,-114.82939911,36.83621216,-76.06889343,14.11764717,60.95651245,60.89437866,-
Sat Dec 02 14:38:46 EST 2017,02-Dec-2017 14:38:46.230,-76.06859512,36.8361728,27.25,3.0,-34.5,99.1,8.92558384,-0.19153613,3.90733719,-0.01713534,-,22.74509811,-0.01924338,0.91375035,0.00390492,0.25534737,31.76470566,32.15686417,-,-,57.20000076,57.08269882,14.64881134,-,2109,-,-113.1889801,36.83617401,-76.06859589,16.07843208,60.95651245,60.27300644,-
Sat Dec 02 14:38:47 EST 2017,02-Dec-2017 14:38:47.232,-76.06829193,36.83613813,27.0,3.0,-33.5,99.1,8.42759037,0.38307226,3.52426481,0.00746477,-,24.31372643,0.02550775,0.94108468,-0.01952458,0.30611128,31.76470566,32.15686417,-,-,57.20000076,57.08269882,14.64881134,-,2109,-,-109.90813446,36.83613968,-76.06829071,16.07843208,60.39727783,60.27300644,-
Sat Dec 02 14:38:48 EST 2017,02-Dec-2017 14:38:48.230,-76.06799481,36.83609934,27.0,3.0,-32.79999923706055,98.9,8.81066227,-0.38307226,4.44363832,-0.02400089,-,24.31372643,-0.07130606,0.84736669,0.01952458,0.27877685,31.76470566,32.15686417,-,-,57.20000076,57.08269882,14.64881134,-,2109,-,-107.61154938,36.83609772,-76.06799316,16.07843208,60.39727783,60.27300644,-
Sat Dec 02 14:38:49 EST 2017,02-Dec-2017 14:38:49.228,-76.06769259,36.83606154,27.0,3.0,-32.29999923706055,98.9,9.38527107,0,3.29442143,0.00925618,-,24.31372643,0.01427951,0.95670444,0,0.23582277,33.33333206,32.54901886,-,-,57.20000076,57.08269882,14.64881134,-,2101,-,-105.97112274,36.83606339,-76.06769562,16.07843208,60.39727783,60.89437866,-
Sat Dec 02 14:38:50 EST 2017,02-Dec-2017 14:38:50.241,-76.06739171,36.83602509,27.25,3.0,-32.0,99.0,8.73404789,0.15322891,4.63517427,-0.01631943,-,24.31372643,-0.02681051,0.89813066,-0.04685899,0.27096704,33.33333206,32.54901886,-,-,57.20000076,57.08482742,14.64881134,-,2101,-,-104.98687744,36.83602524,-76.06739044,14.50980377,60.95651245,60.89437866,-
Sat Dec 02 14:38:51 EST 2017,02-Dec-2017 14:38:51.227,-76.06709287,36.8359895,27.25,3.0,-32.29999923706055,98.3,8.19774628,-0.30645782,3.79241538,-0.00752116,-,22.35294151,-0.0660876,0.82003236,-0.03123933,0.34516042,30.98039246,30.98039246,-,-,57.20000076,57.08660889,14.64881134,-,2099,-,-105.97112274,36.83599091,-76.0670929,13.72549057,60.95651245,60.27300644,-
Sat Dec 02 14:38:51 EST 2017,02-Dec-2017 14:38:52.229,-76.06709287,36.8359895,27.25,3.0,-32.29999923706055,98.3,8.88727665,-3.02627087,4.21379519,0.01533796,-,21.96078491,-0.06712561,0.85908157,-0.05076391,0.25925228,30.98039246,31.37254906,-,-,57.20000076,57.09051514,14.64881134,-,2108,-,-105.97112274,36.83599091,-76.0670929,13.33333397,60.95651245,60.27300644,46.7186203
Sat Dec 02 14:38:53 EST 2017,02-Dec-2017 14:38:53.227,-76.0664985,36.83593394,27.25,3.0,-32.099998474121094,95.9,9.00219822,0.2681506,3.40934324,0.00212123,-,22.74509811,0.02794511,0.87860614,-0.07809832,0.42716369,31.37254906,31.37254906,-,-,57.20000076,57.09229279,14.64881134,-,2108,-,-105.31495667,36.83593369,-76.0664978,13.33333397,60.95651245,60.27300644,46.7186203
Sat Dec 02 14:38:54 EST 2017,02-Dec-2017 14:38:54.232,-76.06620039,36.83591392,27.25,3.0,-32.099998474121094,94.4,7.46990919,-0.11492168,3.44765043,-0.06317218,-,22.35294151,-0.19966666,0.73802912,0.01561966,0.20848836,31.37254906,31.37254906,-,-,57.20000076,57.09653091,14.64881134,-,2110,-,-105.31495667,36.83591461,-76.06620026,13.72549057,60.95651245,60.89437866,46.7186203
Sat Dec 02 14:38:55 EST 2017,02-Dec-2017 14:38:55.228,-76.06589868,36.83589762,27.25,3.0,-32.29999923706055,93.3,9.80665016,0.11492168,4.5202527,0.08484048,-,22.35294151,0.07686464,0.97622901,-0.10543273,0.34125552,30.19607925,30.19607925,-,-,57.20000076,57.09864807,14.64881134,-,2115,-,-105.97112274,36.83589935,-76.06589508,13.33333397,60.95651245,60.89437866,46.7186203
Sat Dec 02 14:38:56 EST 2017,02-Dec-2017 14:38:56.229,-76.06559051,36.83588941,27.25,3.0,-31.799999237060547,92.0,9.00219822,-0.57460839,4.09887314,0.02900022,-,22.35294151,0.10621391,0.96451426,-0.04685899,0.43887842,30.19607925,30.19607925,-,-,57.20000076,57.10076141,14.64881134,-,2115,-,-104.33070374,36.83588791,-76.0655899,13.33333397,60.95651245,60.89437866,-
Sat Dec 02 14:38:57 EST 2017,02-Dec-2017 14:38:57.228,-76.06527879,36.83588741,27.5,3.0,-31.799999237060547,90.6,7.73806,-0.57460839,4.13718033,-0.03142028,-,18.4313736,-0.09455013,0.8083176,0.03123933,0.30611128,25.88235283,30.19607925,-,-,57.20000076,57.10076141,14.64881134,-,2115,-,-104.33070374,36.83588791,-76.0652771,10.98039246,61.51574707,60.89437866,-
Sat Dec 02 14:38:58 EST 2017,02-Dec-2017 14:38:58.230,-76.06497039999999,36.8358906,27.5,3.0,-31.5,89.6,8.73404789,-0.49799395,4.36702394,0.0024968,-,18.03921509,0.0028189,0.89422578,0.01171475,0.35297027,25.88235283,26.27450943,-,-,57.20000076,57.10287094,14.64881134,-,2112,-,-103.34645844,36.83589172,-76.06497192,8.62745094,61.51574707,60.89437866,-
Sat Dec 02 14:38:59 EST 2017,02-Dec-2017 14:38:59.229,-76.06466847,36.83589851,27.25,3.0,-31.5,88.5,7.92959595,-0.42137951,4.40533113,-0.01715429,-,18.03921509,0.00633522,0.8747012,0.03123933,0.39592433,25.88235283,14.50980377,-,-,57.20000076,57.10498047,14.64881134,-,2076,-,-103.34645844,36.83589935,-76.06466675,8.62745094,60.95651245,60.89437866,-
Sat Dec 02 14:39:00 EST 2017,02-Dec-2017 14:39:00.227,-76.06436616,36.83591189,27.25,3.0,-31.600000381469727,87.3,8.84896946,-0.07661445,4.36702394,0.02493089,-,16.86274529,-0.07069007,0.80441266,-0.00390492,0.364685,18.4313736,20,-,-,57.20000076,57.10639954,14.64881134,-,2079,-,-103.67454529,36.8359108,-76.0643692,7.05882359,60.95651245,59.65163422,-
Sat Dec 02 14:39:00 EST 2017,02-Dec-2017 14:39:01.228,-76.06436616,36.83591189,27.25,3.0,-31.600000381469727,87.3,8.19774628,-0.03830723,4.55855989,0.0224207,-,17.25490189,-0.05913687,0.8083176,0.0234295,0.38030469,22.35294151,22.74509811,-,-,57.20000076,57.10781097,14.64881134,-,2069,-,-103.67454529,36.8359108,-76.0643692,7.84313726,60.95651245,59.65163422,-
Sat Dec 02 14:39:02 EST 2017,02-Dec-2017 14:39:02.229,-76.06376678,36.83595704,26.75,3.0,-32.79999923706055,83.9,8.61912632,0.8810662,4.25210238,-0.00068581,-,17.25490189,-0.00372243,0.89813066,0.02733441,0.32954079,23.92156982,24.31372643,-,-,57.20000076,57.11063004,14.64881134,-,2068,-,-107.61154938,36.83595657,-76.06376648,7.84313726,59.83804321,59.65163422,-
Sat Dec 02 14:39:03 EST 2017,02-Dec-2017 14:39:03.231,-76.0634691,36.83598989,26.75,3.0,-33.70000076293945,82.2,8.35097599,0.80445176,4.13718033,0.01176312,-,16.47058868,0.00183698,0.90594047,0.06638357,0.32173091,16.86274529,17.25490189,-,-,57.20000076,57.11063004,14.64881134,-,2052,-,-110.56430817,36.83599091,-76.06346893,7.05882359,59.83804321,59.65163422,-
Sat Dec 02 14:39:04 EST 2017,02-Dec-2017 14:39:04.228,-76.06316915,36.83602952,26.75,3.0,-35.0,81.3,8.00621033,-0.2681506,4.59686708,-0.03951842,-,16.86274529,-0.00742812,0.87079626,-0.05466883,0.37249482,17.64705849,18.8235302,-,-,57.20000076,57.11204529,14.64881134,-,2052,-,-114.82939911,36.83602905,-76.06317139,7.45098066,59.83804321,59.65163422,-
Sat Dec 02 14:39:05 EST 2017,02-Dec-2017 14:39:05.228,-76.06287499,36.83607123,26.5,3.0,-35.099998474121094,80.4,8.35097599,-0.76614451,4.5202527,0.02758589,-,16.86274529,-0.01286195,0.88251102,0.01561966,0.36078009,19.2156868,17.25490189,-,-,57.20000076,57.11310577,14.64881134,-,2055,-,-115.15747833,36.83607101,-76.06287384,7.45098066,59.27880859,59.03026199,-
Sat Dec 02 14:39:06 EST 2017,02-Dec-2017 14:39:06.228,-76.06258078,36.83611864,26.5,4.0,-35.0,78.8,8.84896946,-0.72783732,4.94163227,0.01492702,-,16.47058868,-0.03374969,0.86298645,-0.01952458,0.3334457,14.11764717,14.50980377,-,-,57.20000076,57.11488342,14.64881134,-,1986,-,-114.82939911,36.83611679,-76.06258392,6.66666698,59.27880859,58.40889359,-
Sat Dec 02 14:39:07 EST 2017,02-Dec-2017 14:39:07.227,-76.06229608,36.83616731,26.25,3.0,-35.099998474121094,78.1,8.88727665,0.15322891,4.94163227,0.02933184,-,16.47058868,-0.02942464,0.84346181,-0.05466883,0.37639979,14.11764717,14.11764717,-,-,57.20000076,57.11491394,14.64881134,-,1989,-,-115.15747833,36.83616638,-76.06229401,6.66666698,58.71957779,57.16614914,-
Sat Dec 02 14:39:08 EST 2017,02-Dec-2017 14:39:08.227,-76.06201392,36.83621951,25.75,3.0,-34.900001525878906,76.9,8.50420475,-0.91937345,4.55855989,-0.01102402,-,16.47058868,0.00501518,0.88641596,-0.01952458,0.37249482,14.11764717,14.11764717,-,-,57.20000076,57.11460114,14.64881134,-,1934,-,-114.50131989,36.83621979,-76.06201172,6.66666698,57.60110855,56.54477692,-
Sat Dec 02 14:39:09 EST 2017,02-Dec-2017 14:39:09.229,-76.06174245,36.8362804,25.25,3.0,-34.70000076293945,75.0,8.27436066,-0.65122288,4.36702394,-0.02150795,-,16.47058868,-0.09622002,0.79269797,0.00390492,0.3334457,14.11764717,14.50980377,-,-,57.20000076,57.11294174,14.64881134,-,1914,-,-113.84514618,36.83628082,-76.06174469,6.66666698,56.48263931,55.30203629,-
Sat Dec 02 14:39:09 EST 2017,02-Dec-2017 14:39:10.231,-76.06174245,36.8362804,25.25,3.0,-34.70000076293945,75.0,8.54251194,-0.65122288,4.5202527,-0.0067782,-,16.47058868,-0.0070746,0.8747012,-0.0234295,0.36858991,14.11764717,14.50980377,-,-,57.20000076,57.11294174,14.64881134,-,1894,-,-113.84514618,36.83628082,-76.06174469,6.66666698,56.48263931,55.30203629,-
Sat Dec 02 14:39:11 EST 2017,02-Dec-2017 14:39:11.231,-76.06121456,36.83640975,24.25,3.0,-34.0,72.8,8.54251194,0.03830723,4.21379519,-0.01207642,-,16.47058868,-0.07165111,0.80441266,0.04295408,0.36078009,14.11764717,14.50980377,-,-,57.20000076,57.11294174,14.64881134,-,1894,-,-111.54855347,36.83641052,-76.06121826,6.66666698,54.24570084,55.30203629,-
Sat Dec 02 14:39:12 EST 2017,02-Dec-2017 14:39:12.232,-76.06095587,36.83647886,23.75,3.0,-33.400001525878906,71.9,8.73404789,-0.19153613,4.59686708,0.01717488,-,16.47058868,-0.01449403,0.85517663,0.03123933,0.38811451,14.11764717,14.50980377,-,-,57.20000076,57.10853958,14.64881134,-,1894,-,-109.58005524,36.83647919,-76.06095886,6.66666698,53.12723541,51.57381058,-
Sat Dec 02 14:39:13 EST 2017,02-Dec-2017 14:39:13.231,-76.06070806,36.83654614,23.25,3.0,-33.099998474121094,71.8,8.38928318,-0.22984336,4.06056595,-0.02840522,-,16.47058868,-0.10465887,0.80441266,0.03904916,0.29049161,22.74509811,23.52941132,-,-,57.20000076,57.10514069,14.64881134,-,1747,-,-108.59579468,36.83654785,-76.06070709,7.05882359,52.00876617,50.95243835,-
Sat Dec 02 14:39:14 EST 2017,02-Dec-2017 14:39:14.230,-76.06046589,36.83661156,22.75,3.0,-32.599998474121094,71.4,8.27436066,0.19153613,4.44363832,-0.02736768,-,16.07843208,-0.04207636,0.84346181,0.01952458,0.35297027,25.88235283,23.92156982,-,-,57.20000076,57.09767914,14.64881134,-,1753,-,-106.95537567,36.8366127,-76.06046295,6.66666698,50.89030075,50.33106613,-
Sat Dec 02 14:39:14 EST 2017,02-Dec-2017 14:39:15.233,-76.06046589,36.83661156,22.75,3.0,-32.599998474121094,71.4,8.88727665,-0.34476504,3.67749381,0.01240263,-,19.2156868,-0.01859793,0.90594047,-0.03514424,0.27487195,25.88235283,25.88235283,-,-,57.20000076,57.09395218,14.64881134,-,1741,-,-106.95537567,36.8366127,-76.06046295,10.1960783,50.89030075,50.33106613,-
Sat Dec 02 14:39:16 EST 2017,02-Dec-2017 14:39:16.227,-76.05998841,36.83674386,22.5,3.0,-32.099998474121094,70.5,8.73404789,-0.5363012,3.25611424,0.01960304,-,19.6078434,-0.05589889,0.87079626,-0.0234295,0.26315722,30.98039246,31.37254906,-,-,57.20000076,57.08988953,14.64881134,-,1740,-,-105.31495667,36.8367424,-76.05998993,10.1960783,50.33106613,49.70969391,-
Sat Dec 02 14:39:17 EST 2017,02-Dec-2017 14:39:17.228,-76.05975491,36.83681225,22.25,3.0,-31.899999618530273,69.9,8.31266785,0.57460839,4.02225876,0.0332997,-,23.52941132,0.0546658,0.97622901,-0.05466883,0.29439652,34.90196228,33.33333206,-,-,57.20000076,57.08177567,14.64881134,-,1739,-,-104.65879059,36.83681107,-76.05975342,15.29411793,49.77183151,49.70969391,-
Sat Dec 02 14:39:18 EST 2017,02-Dec-2017 14:39:18.229,-76.05952289,36.83688605,22.5,3.0,-31.700000762939453,68.9,9.04050541,0.15322891,3.75410819,-0.01390954,-,25.49019623,0.02145269,0.96451426,-0.04685899,0.23191786,37.64706039,35.68627548,-,-,57.20000076,57.07470322,14.64881134,-,1767,-,-104.00262451,36.83688736,-76.05952454,17.25490189,50.33106613,50.95243835,46.87322235
Sat Dec 02 14:39:19 EST 2017,02-Dec-2017 14:39:19.238,-76.05928812,36.83696774,22.75,4.0,-31.399999618530273,66.7,9.69172859,-0.22984336,3.98395157,0.05031579,-,25.88235283,0.09757285,1.00746834,0.03123933,0.3334457,37.25490189,37.25490189,-,-,57.20000076,57.07134247,14.64881134,-,1810,-,-103.01837158,36.83696747,-76.05928802,17.64705849,50.89030075,50.95243835,52.19207764
Sat Dec 02 14:39:20 EST 2017,02-Dec-2017 14:39:20.229,-76.05905132,36.83704869,23.0,4.0,-31.200000762939453,67.1,9.69172859,0,3.715801,0.07706648,-,25.49019623,-0.00996789,0.89813066,0.03904916,0.31392109,36.86274719,36.86274719,-,-,57.20000076,57.06565094,14.64881134,-,1834,-,-102.36220551,36.83704758,-76.05905151,17.25490189,51.44953156,52.19517899,53.13782883
Sat Dec 02 14:39:21 EST 2017,02-Dec-2017 14:39:21.226,-76.058811,36.83713842,23.5,3.0,-30.799999237060547,66.5,8.84896946,0.49799395,2.79642749,-0.00610911,-,25.88235283,-0.08659713,0.88251102,-0.00390492,0.13429496,36.47058868,36.86274719,-,-,57.20000076,57.06066132,14.64881134,-,1839,-,-101.04986572,36.83713913,-76.05880737,17.25490189,52.56800079,52.81655121,64.50159454
Sat Dec 02 14:39:22 EST 2017,02-Dec-2017 14:39:22.226,-76.05856693,36.83721855,23.5,4.0,-30.700000762939453,67.2,7.81467438,-0.38307226,3.56257224,-0.05192702,-,25.49019623,-0.11691099,0.81222248,-0.03904916,0.24363261,36.07843018,36.07843018,-,-,57.20000076,57.05635452,14.64881134,-,1864,-,-100.7217865,36.83721924,-76.05856323,17.25490189,52.56800079,53.43792343,53.09543991
Sat Dec 02 14:39:23 EST 2017,02-Dec-2017 14:39:23.228,-76.0583251,36.83730058,23.5,5.0,-30.899999618530273,67.1,8.96389103,0.30645782,3.94564438,-0.00698363,-,20.3921566,-0.02928311,0.87079626,0.04685899,0.32563588,30.19607925,30.58823586,-,-,57.20000076,57.05437851,14.64881134,-,1880,-,-101.37795258,36.83729935,-76.05832672,11.76470566,52.56800079,53.43792343,53.09543991
Sat Dec 02 14:39:23 EST 2017,02-Dec-2017 14:39:24.228,-76.0583251,36.83730058,23.5,5.0,-30.899999618530273,67.1,8.77235508,0.34476504,3.75410819,-0.02555451,-,22.35294151,0.02061569,0.9488945,0.00390492,0.27487195,32.15686417,32.15686417,-,-,57.20000076,57.05008698,14.64881134,-,1850,-,-101.37795258,36.83729935,-76.05832672,13.72549057,52.56800079,52.81655121,53.09543991
Sat Dec 02 14:39:25 EST 2017,02-Dec-2017 14:39:25.225,-76.05782679,36.83747848,23.75,4.0,-29.899999618530273,66.1,8.54251194,0.72783732,3.79241538,-0.01958889,-,22.74509811,0.00733546,0.92156017,0.05466883,0.30220634,32.94117737,33.33333206,-,-,57.20000076,57.04615021,14.64881134,-,1896,-,-98.09711456,36.83747864,-76.05782318,14.11764717,53.12723541,53.43792343,53.09543991
Sat Dec 02 14:39:26 EST 2017,02-Dec-2017 14:39:26.227,-76.05758084,36.83755977,23.75,4.0,-29.5,66.9,9.42357826,0.72783732,3.63918662,0.01605008,-,21.17647171,-0.00968282,0.89032084,0.0976229,0.32173091,30.19607925,30.19607925,-,-,57.20000076,57.04418182,14.64881134,-,1861,-,-96.78477478,36.83755875,-76.05757904,12.54901981,53.12723541,53.43792343,-
Sat Dec 02 14:39:26 EST 2017,02-Dec-2017 14:39:27.224,-76.05758084,36.83755977,23.75,4.0,-29.5,66.9,8.84896946,0.38307226,3.90733719,-0.00158995,-,20,-0.04747559,0.84346181,-0.0234295,0.34125552,29.80392265,29.80392265,-,-,57.20000076,57.04025269,14.64881134,-,1853,-,-96.78477478,36.83755875,-76.05757904,10.98039246,53.12723541,53.43792343,-
Sat Dec 02 14:39:28 EST 2017,02-Dec-2017 14:39:28.227,-76.0570851,36.83772714,24.0,4.0,-29.399999618530273,66.9,8.73404789,0.30645782,4.59686708,0.01196298,-,20,0.01866277,0.9371798,-0.00390492,0.29830143,29.80392265,29.80392265,-,-,57.20000076,57.04025269,14.64881134,-,1853,-,-96.45669556,36.83772659,-76.05708313,10.98039246,53.68646622,53.43792343,-
Sat Dec 02 14:39:29 EST 2017,02-Dec-2017 14:39:29.226,-76.0568477,36.83781086,24.0,4.0,-29.299999237060547,66.8,8.65743351,0.76614451,4.48194551,0.01582491,-,20,0.05420272,0.97232407,0.01561966,0.30611128,29.41176605,29.80392265,-,-,57.20000076,57.03795242,14.64881134,-,1839,-,-96.1286087,36.83781052,-76.05684662,10.98039246,53.68646622,52.81655121,-
Sat Dec 02 14:39:30 EST 2017,02-Dec-2017 14:39:30.227,-76.05660711,36.83789094,23.75,3.0,-29.5,66.8,8.50420475,-0.07661445,4.63517427,-0.00239788,-,20,-0.01279239,0.88251102,0.01952458,0.34125552,29.41176605,29.80392265,-,-,57.20000076,57.03795242,14.64881134,-,1839,-,-96.78477478,36.83789062,-76.05661011,8.62745094,53.12723541,52.81655121,-
Sat Dec 02 14:39:31 EST 2017,02-Dec-2017 14:39:31.227,-76.05636603,36.83797527,23.5,3.0,-29.700000762939453,66.7,8.1211319,0.30645782,3.98395157,-0.00779017,-,16.47058868,0.0035034,0.88251102,0.0234295,0.37639979,24.31372643,24.70588303,-,-,57.20000076,57.03531647,14.64881134,-,1802,-,-97.44094849,36.83797455,-76.05636597,6.66666698,52.56800079,52.19517899,-
Sat Dec 02 14:39:32 EST 2017,02-Dec-2017 14:39:32.228,-76.05612556,36.83805938,23.25,3.0,-29.5,66.4,8.61912632,0.19153613,4.40533113,0.00415456,-,17.25490189,-0.00370711,0.89422578,0.06638357,0.3334457,25.88235283,26.27450943,-,-,57.20000076,57.0290451,14.64881134,-,1767,-,-96.78477478,36.83805847,-76.05612183,7.45098066,52.00876617,50.95243835,-
Sat Dec 02 14:39:32 EST 2017,02-Dec-2017 14:39:33.226,-76.05612556,36.83805938,23.25,3.0,-29.5,66.4,9.19373417,0.8810662,3.98395157,0.04432863,-,16.86274529,-0.01192721,0.87860614,0.0741934,0.34516042,25.49019623,25.88235283,-,-,57.20000076,57.02540207,14.64881134,-,1755,-,-96.78477478,36.83805847,-76.05612183,7.45098066,52.00876617,50.33106613,-
Sat Dec 02 14:39:34 EST 2017,02-Dec-2017 14:39:34.227,-76.05565806,36.83822705,22.5,4.0,-28.100000381469727,67.0,6.93360806,1.95366859,5.32470465,-0.00665088,-,16.86274529,-0.0246179,0.91765523,0.07809832,0.22020312,25.88235283,25.88235283,-,-,57.20000076,57.0174675,14.64881134,-,1719,-,-92.19160461,36.83822632,-76.05565643,7.45098066,50.33106613,49.70969391,-
Sat Dec 02 14:39:35 EST 2017,02-Dec-2017 14:39:35.227,-76.05542029,36.83830312,22.25,3.0,-27.399999618530273,68.8,7.73806,1.26413846,4.86501789,-0.03017604,-,16.47058868,-0.03725404,0.83565199,0.12495731,0.36078009,14.11764717,14.50980377,-,-,57.20000076,57.00852966,14.64881134,-,1671,-,-89.8950119,36.83830261,-76.05541992,6.27450991,49.77183151,48.46695328,-
Sat Dec 02 14:39:36 EST 2017,02-Dec-2017 14:39:36.225,-76.05518119,36.83836991,22.0,3.0,-26.399999618530273,71.5,8.65743351,0.5363012,4.63517427,-0.03641108,-,15.29411793,-0.13473254,0.73802912,0.12495731,0.3334457,14.11764717,14.11764717,-,-,57.20000076,57.00356674,14.64881134,-,1628,-,-86.61417389,36.83837128,-76.05518341,5.88235283,49.21259689,47.84558105,-
Sat Dec 02 14:39:37 EST 2017,02-Dec-2017 14:39:37.225,-76.05495068,36.83841943,21.25,3.0,-26.399999618530273,74.9,8.15943909,0.9576807,4.67348194,-0.02932248,-,15.29411793,-0.03885613,0.83174706,0.06638357,0.37639979,14.11764717,14.50980377,-,-,57.20000076,56.99264908,14.64881134,-,1606,-,-86.61417389,36.83842087,-76.0549469,5.49019623,47.53489685,46.60284042,-
Sat Dec 02 14:39:38 EST 2017,02-Dec-2017 14:39:38.227,-76.0547194,36.83845427,21.25,4.0,-26.399999618530273,77.5,8.23605347,0.76614451,5.05655384,0.00103319,-,15.29411793,-0.15771611,0.65212095,0.14838681,0.411544,14.11764717,14.50980377,-,-,57.20000076,56.98074722,14.64881134,-,1593,-,-86.61417389,36.8384552,-76.05471802,6.27450991,47.53489685,45.9814682,-
Sat Dec 02 14:39:39 EST 2017,02-Dec-2017 14:39:39.227,-76.05449392,36.83848642,20.75,4.0,-27.200000762939453,79.3,8.50420475,0.84275901,4.36702394,0.00264803,-,15.68627453,-0.05180262,0.83174706,0.10933765,0.34125552,20.3921566,20.7843132,-,-,57.20000076,56.96886444,14.64881134,-,1594,-,-89.23884583,36.83848572,-76.05449677,6.27450991,46.41642761,45.9814682,-
Sat Dec 02 14:39:40 EST 2017,02-Dec-2017 14:39:40.227,-76.05426447,36.8385182,20.75,3.0,-27.899999618530273,80.2,8.54251194,0.5363012,4.36702394,-0.01879732,-,15.68627453,-0.06303733,0.83565199,0.06638357,0.317826,17.64705849,15.68627453,-,-,57.20000076,56.96294022,14.64881134,-,1605,-,-91.53543091,36.83852005,-76.05426788,5.88235283,46.41642761,45.9814682,-
Sat Dec 02 14:39:41 EST 2017,02-Dec-2017 14:39:41.226,-76.05403619,36.83854644,20.75,3.0,-29.0,81.6,8.54251194,1.60890353,4.36702394,0.0106411,-,15.29411793,-0.07872101,0.85127175,0,0.25144243,14.11764717,14.50980377,-,-,57.20000076,56.95176697,14.64881134,-,1609,-,-95.14435577,36.83854675,-76.054039,5.49019623,46.41642761,46.60284042,43.12965775
Sat Dec 02 14:39:42 EST 2017,02-Dec-2017 14:39:42.228,-76.05380252,36.83856601,21.0,3.0,-30.399999618530273,83.0,8.92558384,1.26413846,5.05655384,0.00792305,-,15.29411793,-0.02644212,0.82784218,0.14057697,0.39201942,14.11764717,14.50980377,-,-,57.20000076,56.94652939,14.64881134,-,1631,-,-99.73753357,36.83856583,-76.05380249,5.49019623,46.97566223,47.22420883,49.26190567
Sat Dec 02 14:39:43 EST 2017,02-Dec-2017 14:39:43.226,-76.05356284,36.83858578,21.0,4.0,-30.600000381469727,84.2,8.96389103,0.57460839,5.05655384,0.07951241,-,15.29411793,0.04267611,0.90984541,0.09371798,0.39982924,14.11764717,14.11764717,-,-,57.20000076,56.93606186,14.64881134,-,1637,-,-100.39369965,36.8385849,-76.05356598,5.49019623,46.97566223,47.22420883,49.26190567
Sat Dec 02 14:39:44 EST 2017,02-Dec-2017 14:39:44.225,-76.05332765,36.83858948,21.0,4.0,-31.100000381469727,86.3,7.92959595,0.22984336,5.43962622,0.01152375,-,15.29411793,-0.27936304,0.59745216,0.0976229,0.29049161,14.11764717,14.50980377,-,-,57.20000076,56.92561722,14.64881134,-,1635,-,-102.03411865,36.83858871,-76.05332947,5.49019623,46.97566223,47.22420883,49.26190567
Sat Dec 02 14:39:45 EST 2017,02-Dec-2017 14:39:45.231,-76.0530812,36.83858017,21.25,3.0,-32.099998474121094,88.7,8.77235508,1.07260239,2.71981311,-0.0384177,-,15.29411793,-0.17275068,0.74193406,0.17572121,0.22020312,14.11764717,14.11764717,-,-,57.20000076,56.91486359,14.64881134,-,1628,-,-105.31495667,36.83858109,-76.0530777,5.49019623,47.53489685,46.60284042,-
Sat Dec 02 14:39:46 EST 2017,02-Dec-2017 14:39:46.227,-76.05284568,36.83857894,21.0,3.0,-32.599998474121094,89.5,8.54251194,0.84275901,4.25210238,0.01056235,-,15.29411793,-0.00520152,0.88251102,0.07028849,0.35297027,14.11764717,14.11764717,-,-,57.20000076,56.90932846,14.64881134,-,1612,-,-106.95537567,36.83857727,-76.05284882,5.49019623,46.97566223,46.60284042,-
Sat Dec 02 14:39:46 EST 2017,02-Dec-2017 14:39:47.225,-76.05284568,36.83857894,21.0,3.0,-32.599998474121094,89.5,8.81066227,0.11492168,4.5202527,0.00464083,-,15.29411793,-0.00377605,0.89032084,-0.06638357,0.34125552,14.11764717,14.11764717,-,-,57.20000076,56.89760971,14.64881134,-,1586,-,-106.95537567,36.83857727,-76.05284882,5.49019623,46.97566223,45.9814682,-
Sat Dec 02 14:39:48 EST 2017,02-Dec-2017 14:39:48.227,-76.05239122,36.83858237,20.5,3.0,-33.0,90.7,7.73806,0.76614451,3.44765043,-0.01519801,-,15.29411793,-0.08873793,0.79660285,0.0234295,0.34125552,14.11764717,14.11764717,-,-,57.20000076,56.89142609,14.64881134,-,1561,-,-108.26771545,36.83858109,-76.05239105,5.49019623,45.85719299,45.36009598,-
Sat Dec 02 14:39:49 EST 2017,02-Dec-2017 14:39:49.229,-76.05216674,36.83857995,20.25,3.0,-33.0,90.8,9.11711979,0.38307226,4.55855989,0.0470739,-,15.29411793,0.05415925,0.93327487,0.03514424,0.38811451,14.11764717,14.11764717,-,-,57.20000076,56.87741852,14.64881134,-,1521,-,-108.26771545,36.83858109,-76.0521698,5.09803915,45.29796219,43.49598312,-
Sat Dec 02 14:39:50 EST 2017,02-Dec-2017 14:39:50.225,-76.05195142,36.83857511,19.75,3.0,-33.0,90.7,7.39329481,0.68953007,3.40934324,-0.00723743,-,14.90196133,-0.12679802,0.78098321,0.05076391,0.28658667,14.11764717,14.50980377,-,-,57.20000076,56.86992645,14.64881134,-,1473,-,-108.26771545,36.83857346,-76.05194855,5.09803915,44.17948914,42.8746109,-
Sat Dec 02 14:39:51 EST 2017,02-Dec-2017 14:39:51.226,-76.05174089,36.8385759,19.25,3.0,-33.0,90.8,8.58081913,-0.07661445,3.33272886,-0.01214163,-,14.90196133,-0.01924338,0.81612742,0.0234295,0.44278333,14.11764717,14.11764717,-,-,57.20000076,56.85396957,14.64881134,-,1450,-,-108.26771545,36.83857727,-76.05174255,5.09803915,43.0610199,41.63187027,-
Sat Dec 02 14:39:52 EST 2017,02-Dec-2017 14:39:52.224,-76.05153246,36.83857064,18.75,3.0,-33.0,90.9,8.50420475,0.34476504,4.63517427,0.00692058,-,14.90196133,-0.01174187,0.86689138,0.03514424,0.37249482,14.11764717,14.11764717,-,-,57.20000076,56.83671951,14.64881134,-,1399,-,-108.26771545,36.83856964,-76.05152893,4.70588255,41.94255447,40.38912582,-
Sat Dec 02 14:39:53 EST 2017,02-Dec-2017 14:39:53.224,-76.05132771,36.83856629,18.25,3.0,-32.900001525878906,91.3,9.30865574,0.45968673,3.98395157,0.02710551,-,14.50980377,0.03356299,0.9488945,0.04685899,0.30611128,14.11764717,14.11764717,-,-,55.40000153,56.82761383,14.64881134,-,1375,-,-107.93963623,36.83856583,-76.05133057,4.70588255,40.82408524,39.76775742,-
Sat Dec 02 14:39:54 EST 2017,02-Dec-2017 14:39:54.230,-76.05113128,36.83856252,17.75,4.0,-32.79999923706055,91.4,7.81467438,1.99197578,3.75410819,-0.07421833,-,14.50980377,0.08042949,0.92546505,0.05076391,0.45449808,14.11764717,14.11764717,-,-,55.40000153,56.80776978,14.64881134,-,1227,-,-107.61154938,36.83856201,-76.0511322,4.31372547,39.705616,37.90364456,-
Sat Dec 02 14:39:55 EST 2017,02-Dec-2017 14:39:55.224,-76.05094041,36.83856081,17.0,4.0,-32.70000076293945,91.6,8.6957407,0.22984336,4.67348194,-0.02373918,-,15.29411793,0.00694156,0.88641596,0.0234295,0.37639979,14.11764717,14.11764717,-,-,55.40000153,56.7973671,14.64881134,-,1578,-,-107.28347015,36.83856201,-76.05094147,5.49019623,38.02791595,37.28227234,-
Sat Dec 02 14:39:56 EST 2017,02-Dec-2017 14:39:56.232,-76.05075627,36.83855823,16.5,3.0,-33.0,91.5,8.38928318,0,4.44363832,-0.01326597,-,15.29411793,-0.03193536,0.85517663,0,0.35297027,14.11764717,14.11764717,-,-,55.40000153,56.77494049,14.64881134,-,1515,-,-108.26771545,36.8385582,-76.05075836,5.49019623,36.90944672,35.41815948,-
Sat Dec 02 14:39:57 EST 2017,02-Dec-2017 14:39:57.225,-76.05057811,36.83855444,16.0,4.0,-33.20000076293945,91.0,8.73404789,0,3.90733719,0.02436309,-,14.90196133,-0.02431289,0.89032084,0,0.29830143,14.11764717,14.11764717,-,-,55.40000153,56.75091171,14.64881134,-,1474,-,-108.92388916,36.83855438,-76.05057526,5.09803915,35.79098129,33.55404282,-
Sat Dec 02 14:39:58 EST 2017,02-Dec-2017 14:39:58.228,-76.05040614,36.83854608,15.25,3.0,-33.099998474121094,91.9,7.81467438,1.57059634,4.86501789,-0.02908111,-,14.90196133,-0.01270739,0.82784218,0.08200324,0.4310686,14.11764717,14.50980377,-,-,55.40000153,56.73792267,14.64881134,-,1419,-,-108.59579468,36.83854675,-76.05040741,4.70588255,34.11327744,32.31130219,-
Sat Dec 02 14:39:59 EST 2017,02-Dec-2017 14:39:59.225,-76.0502436,36.83854164,14.5,4.0,-33.20000076293945,91.7,7.24006605,1.03429508,5.7843914,0.01176533,-,14.50980377,-0.00659831,0.8083176,0.12886222,0.4623079,14.11764717,14.50980377,-,-,55.40000153,56.72396088,14.64881134,-,1347,-,-108.92388916,36.83854294,-76.05024719,4.70588255,32.43557358,30.44718933,-
Sat Dec 02 14:40:00 EST 2017,02-Dec-2017 14:40:00.225,-76.05009841,36.83853805,13.25,4.0,-33.099998474121094,93.0,7.85298157,0.9576807,6.09084892,0.01446417,-,13.72549057,0.01810844,0.80050778,0.0976229,0.52088165,14.11764717,14.50980377,-,-,55.40000153,56.70803833,14.64881134,-,1176,-,-108.59579468,36.83853912,-76.0500946,3.92156863,29.6394043,26.71896172,-
Sat Dec 02 14:40:01 EST 2017,02-Dec-2017 14:40:01.225,-76.04994074,36.83852415,14.25,5.0,-33.20000076293945,94.5,8.00621033,1.49398184,6.20577097,0.06275994,-,14.11764717,0.04411659,0.81612742,0.15229172,0.53259641,14.11764717,14.11764717,-,-,55.40000153,56.69015121,14.64881134,-,857,-,-108.92388916,36.83852386,-76.04994202,3.92156863,31.87634087,22.9907341,-
Sat Dec 02 14:40:02 EST 2017,02-Dec-2017 14:40:02.226,-76.0498562,36.83852144,10.25,4.0,-33.099998474121094,92.4,7.96790314,2.9113493,6.24407816,-0.00483088,-,14.11764717,0.07410511,0.81222248,0.29677361,0.53650135,14.11764717,14.11764717,-,-,55.40000153,56.64982224,14.64881134,-,1002,-,-108.59579468,36.83852005,-76.04985809,3.92156863,22.9285965,17.39839363,-
