GPS Time, Device Time, Longitude, Latitude,GPS Speed (Meters/second), Horizontal Dilution of Precision, Altitude, Bearing, G(x), G(y), G(z), G(calibrated), 1/4 mile time(s),Absolute Throttle Position B(%),Acceleration Sensor(Total)(g),Acceleration Sensor(X axis)(g),Acceleration Sensor(Y axis)(g),Acceleration Sensor(Z axis)(g),Accelerator PedalPosition D(%),Accelerator PedalPosition E(%),Accelerator PedalPosition F(%),Actual engine % torque(%),Ambient air temp(°F),Average trip speed(whilst moving only)(mph),Barometric pressure (from vehicle)(psi),Drivers demand engine % torque(%),Engine RPM(rpm),Fuel pressure(psi),GPS Altitude(ft),GPS Latitude(°),GPS Longitude(°),Relative Throttle Position(%),Speed (GPS)(mph),Speed (OBD)(mph),Torque(Nm)
Sun Nov 26 19:24:33 EST 2017,24:33.1,-76.04384766,36.77302097,0,3,-50.29999924,0,7.46990919,2.71981311,4.13718033,-0.00669224,-,-,0.10540657,0.9371798,0.42173091,0.30611128,-,-,-,-,51.79999924,-,14.64881134,-,671,-,-165.0262451,36.7730217,-76.04384613,-,0,0,-
Sun Nov 26 19:24:34 EST 2017,24:34.1,-76.0438484,36.77302065,0,4,-50.40000153,0,2.79642749,9.46188545,2.87304211,0.06652969,-,18.4313736,0.00117424,0.30848834,0.90594047,0.19286871,33.72549057,-,-,-,42.79999924,-,14.64881134,-,671,-,-165.3543396,36.7730217,-76.04384613,8.62745094,0,0,-
Sun Nov 26 19:24:35 EST 2017,24:35.1,-76.0438579,36.77303157,1,4,-50.09999847,325.1,-9.61511421,3.10288548,2.10689759,0.049096,-,18.4313736,0.05383358,-0.90984541,0.48030469,0.12648514,33.72549057,34.50980377,-,-,42.79999924,-,14.64881134,-,671,-,-164.3700714,36.77303314,-76.04386139,8.62745094,2.23693633,0,-
Sun Nov 26 19:24:36 EST 2017,24:36.1,-76.04388476,36.7730415,2.25,4,-49.79999924,307.8,-7.39329481,-7.04852962,2.03028297,0.03541748,-,18.4313736,-0.01072339,-0.74974388,-0.60526198,0.12258022,33.72549057,34.50980377,-,-,42.79999924,-,14.64881134,-,671,-,-163.3858185,36.77304077,-76.04388428,8.62745094,5.03310633,0,-
Sun Nov 26 19:24:37 EST 2017,24:37.1,-76.04390543,36.77305924,3.25,4,-49.40000153,321.1,-7.01022243,-6.81868649,1.76213241,0.05135772,-,24.31372643,0.05643663,-0.78488815,-0.68336034,0.07962614,33.72549057,34.50980377,-,-,42.79999924,8.07782555,14.64881134,-,1615,-,-162.0735016,36.77305984,-76.04390717,16.07843208,7.2700429,8.07782555,-
Sun Nov 26 19:24:38 EST 2017,24:38.1,-76.04391966,36.77309379,4.5,4,-49.70000076,341.5,-9.84495735,-0.80445176,1.60890353,0.05741438,-,24.31372643,0.0745596,-1.04261255,-0.23429495,0.00933765,39.2156868,39.60784531,-,-,42.79999924,8.07782555,14.64881134,-,1615,-,-163.0577393,36.77309418,-76.04392242,16.07843208,10.06621265,8.07782555,-
Sun Nov 26 19:24:39 EST 2017,24:39.1,-76.0439272,36.77312792,4.75,4,-50.29999924,343.8,6.24407816,5.97592735,3.715801,-0.02199525,-,24.31372643,0.00338934,0.55059314,0.7575537,0.25925228,39.2156868,39.60784531,-,-,42.79999924,8.07782555,14.64881134,-,1615,-,-165.0262451,36.77312851,-76.04393005,16.07843208,10.62544727,8.07782555,-
Sun Nov 26 19:24:40 EST 2017,24:40.1,-76.04390079,36.77318778,5.75,4,-49.5,10.9,8.50420475,0.5363012,3.98395157,-0.00414918,-,23.92156982,-0.02179825,0.90203559,0.07028849,0.27096704,39.2156868,39.60784531,-,-,44.59999847,13.04879475,14.64881134,-,2000,-,-162.4015808,36.77318954,-76.04389954,15.29411793,12.86238289,18.01976395,-
Sun Nov 26 19:24:41 EST 2017,24:41.1,-76.04384739,36.77326691,8.5,4,-48.40000153,25.4,8.58081913,-0.91937345,4.32871675,0.01180366,-,23.92156982,0.00291021,0.89422578,-0.13276714,0.3334457,37.25490189,37.25490189,-,-,44.59999847,13.04879475,14.64881134,-,2000,-,-158.7926636,36.77326584,-76.04384613,15.29411793,19.01395798,18.01976395,-
Sun Nov 26 19:24:42 EST 2017,24:42.1,-76.04380689,36.77334932,9.25,3,-48.09999847,24.6,7.81467438,-0.38307226,4.21379519,0.02070093,-,23.92156982,-0.01828702,0.80441266,-0.1952458,0.42716369,37.25490189,37.25490189,-,-,44.59999847,13.04879475,14.64881134,-,2000,-,-157.8083954,36.77334976,-76.04380798,15.29411793,20.69165993,18.01976395,-
Sun Nov 26 19:24:43 EST 2017,24:43.1,-76.04377012,36.77343631,9.5,4,-46.59999847,23.6,8.1211319,-0.80445176,4.5202527,-0.01373834,-,18.4313736,-0.05613327,0.82003236,-0.0741934,0.36078009,37.25490189,37.25490189,-,-,44.59999847,15.94852734,14.64881134,-,1671,-,-152.8871307,36.7734375,-76.04376984,9.01960754,21.25089455,21.74799156,-
Sun Nov 26 19:24:44 EST 2017,24:44.1,-76.04372497,36.77351857,9.75,5,-46.20000076,23.9,8.15943909,-1.34075296,4.44363832,-0.00166011,-,18.4313736,-0.00858175,0.8747012,-0.10933765,0.35297027,20,14.11764717,-,-,44.59999847,17.39839363,14.64881134,-,1650,-,-151.5747986,36.77351761,-76.04372406,11.76470566,21.81012726,21.74799156,-
Sun Nov 26 19:24:45 EST 2017,24:45.1,-76.04369244,36.77359976,9.75,5,-46,22,8.96389103,-2.22181916,3.75410819,0.01027204,-,21.56862831,-0.07319744,0.82003236,-0.08981306,0.32173091,34.90196228,34.90196228,-,-,44.59999847,18.39258766,14.64881134,-,1695,-,-150.9186401,36.77360153,-76.04369354,11.76470566,21.81012726,22.36936378,-
Sun Nov 26 19:24:46 EST 2017,24:46.1,-76.04365942,36.77369384,10,5,-46.20000076,19.3,8.46589756,-3.56257224,4.75009632,0.02748267,-,21.56862831,0.00297111,0.85517663,-0.30458343,0.32563588,31.76470566,31.76470566,-,-,44.59999847,19.26250648,14.64881134,-,1833,-,-151.5747986,36.77369308,-76.04366302,12.94117641,22.36936378,23.61210442,32.44046402
Sun Nov 26 19:24:47 EST 2017,24:47.1,-76.0436279,36.77378824,10.25,4,-45.20000076,17.5,8.27436066,-0.76614451,5.36301184,0.00682779,-,21.17647171,-0.06190611,0.8083176,-0.11714748,0.36078009,30.98039246,30.58823586,-,-,44.59999847,19.97264481,14.64881134,-,1623,-,-148.2939606,36.77378845,-76.04362488,7.05882359,22.9285965,24.23347664,32.44046402
Sun Nov 26 19:24:48 EST 2017,24:48.1,-76.04360506,36.77388322,10.75,4,-45,12.7,7.92959595,0.99598789,5.43962622,0.03521754,-,15.68627453,0.02628867,0.87079626,0.08981306,0.43497351,14.11764717,14.11764717,-,-,42.79999924,20.42757797,14.64881134,-,1371,-,-147.6378021,36.77388382,-76.04360199,5.88235283,24.04706573,23.61210442,32.44046402
Sun Nov 26 19:24:49 EST 2017,24:49.1,-76.04358664,36.77397267,10.75,4,-44.79999924,10.4,9.04050541,-1.26413846,3.63918662,0.00403709,-,18.4313736,-0.18974732,0.71850449,0.04685899,0.27096704,31.76470566,18.8235302,-,-,42.79999924,20.64333153,14.64881134,-,1307,-,-146.9816284,36.77397156,-76.04358673,9.01960754,24.04706573,22.36936378,32.44046402
Sun Nov 26 19:24:50 EST 2017,24:50.1,-76.04356349,36.77406479,10.5,5,-44.70000076,9.4,8.61912632,-2.06859016,4.75009632,0.02652661,-,20,0.02547062,0.87860614,-0.21086545,0.3842096,31.37254906,31.76470566,-,-,42.79999924,20.81593513,14.64881134,-,1319,-,-146.6535492,36.77406311,-76.04356384,10.98039246,23.48783112,22.36936378,-
Sun Nov 26 19:24:51 EST 2017,24:51.1,-76.04354787,36.77416311,10.25,5,-44.59999847,8.2,8.46589756,-0.80445176,4.8267107,0.00441642,-,17.25490189,-0.00288803,0.86298645,-0.08200324,0.39201942,18.8235302,14.50980377,-,-,42.79999924,20.95715523,14.64881134,-,1317,-,-146.3254547,36.77416229,-76.04354858,8.23529434,22.9285965,22.36936378,-
Sun Nov 26 19:24:52 EST 2017,24:52.1,-76.04353412,36.77424038,9.75,5,-44.59999847,8.1,8.23605347,0.61291564,5.05655384,0.00486921,-,14.90196133,-0.0141226,0.84736669,0.05857374,0.39982924,14.11764717,14.11764717,-,-,42.79999924,21.02305794,14.64881134,-,1213,-,-146.3254547,36.77423859,-76.04353333,5.09803915,21.81012726,21.74799156,-
Sun Nov 26 19:24:53 EST 2017,24:53.1,-76.04352131,36.7743271,9.5,5,-44.40000153,6.9,8.50420475,0.8810662,4.63517427,0.01037198,-,15.29411793,-0.0634119,0.82784218,0,0.33735061,26.27450943,26.66666794,-,-,42.79999924,20.94908714,14.64881134,-,1189,-,-145.6692963,36.77432632,-76.04351807,5.09803915,21.25089455,19.88387871,-
Sun Nov 26 19:24:54 EST 2017,24:54.1,-76.04351376,36.77440717,9.25,6,-44.20000076,5.2,8.73404789,-0.61291564,4.59686708,0.00745251,-,18.03921509,-0.00513251,0.8747012,-0.06638357,0.36858991,29.80392265,30.19607925,-,-,42.79999924,20.87807083,14.64881134,-,1193,-,-145.0131226,36.77440643,-76.04351044,8.23529434,20.69165993,19.88387871,-
Sun Nov 26 19:24:55 EST 2017,24:55.1,-76.04350826,36.77448503,9,7,-44.09999847,4,8.23605347,0.38307226,3.98395157,0.00432512,-,18.4313736,0.05299343,0.92156017,-0.11324256,0.39592433,33.33333206,33.72549057,-,-,42.79999924,20.81593513,14.64881134,-,1191,-,-144.6850281,36.77448654,-76.04351044,10.98039246,20.13242531,19.88387871,-
Sun Nov 26 19:24:56 EST 2017,24:56.1,-76.0435036,36.77456754,9.25,8,-44,5.3,8.04451752,2.10689759,4.175488,0.00568591,-,20.7843132,-0.00732045,0.85127175,0.23429495,0.35297027,36.07843018,36.07843018,-,-,42.79999924,20.79765892,14.64881134,-,1290,-,-144.3569489,36.77456665,-76.04350281,11.37254906,20.69165993,20.50524902,19.32263565
Sun Nov 26 19:24:57 EST 2017,24:57.1,-76.043497,36.77466488,9.75,8,-43.90000153,7.4,8.15943909,1.99197578,4.36702394,0.00110388,-,17.64705849,-0.04480405,0.8083176,0.23819989,0.34906533,31.76470566,32.15686417,-,-,42.79999924,20.81593513,14.64881134,-,1238,-,-144.0288696,36.77466583,-76.04349518,8.23529434,21.81012726,21.12662125,27.73666763
Sun Nov 26 19:24:58 EST 2017,24:58.1,-76.04349762,36.77474768,9.75,5,-43.59999847,5.5,8.50420475,1.80043972,4.55855989,-0.01029789,-,18.4313736,-0.00285742,0.85908157,0.19915071,0.364685,29.80392265,30.19607925,-,-,42.79999924,20.83228874,14.64881134,-,1224,-,-143.0446167,36.77474594,-76.04349518,9.01960754,21.81012726,21.12662125,27.73666763
Sun Nov 26 19:24:59 EST 2017,24:59.1,-76.04347221,36.77481248,9.5,6,-42.79999924,7.2,8.1211319,1.53228903,4.32871675,-0.01663787,-,18.8235302,-0.0538727,0.82393724,0.15619664,0.33735061,31.37254906,32.54901886,-,-,42.79999924,20.84700394,14.64881134,-,1231,-,-140.4199524,36.77481079,-76.04347229,9.4117651,21.25089455,21.12662125,27.73666763
Sun Nov 26 19:25:00 EST 2017,25:00.1,-76.0434736,36.77490315,9.5,6,-41.59999847,7.2,8.38928318,1.9153614,4.175488,0.01087448,-,20.3921566,0.02516554,0.88251102,0.21086545,0.37639979,33.33333206,33.33333206,-,-,42.79999924,20.88990784,14.64881134,-,1298,-,-136.4829407,36.77490234,-76.04347229,11.37254906,21.25089455,21.74799156,28.35625267
Sun Nov 26 19:25:01 EST 2017,25:01.1,-76.04347131,36.77500826,10,7,-41.29999924,6.9,7.85298157,2.26012635,4.78840351,-0.01022545,-,19.2156868,0.02177371,0.83565199,0.21477039,0.44668823,30.19607925,30.19607925,-,-,42.79999924,21.04557228,14.64881134,-,1323,-,-135.4986877,36.77500916,-76.04347229,10.1960783,22.36936378,22.9907341,44.27563858
Sun Nov 26 19:25:02 EST 2017,25:02.1,-76.04343156,36.77510273,10.5,6,-41.09999847,12.1,8.00621033,2.37504816,4.175488,-0.02924132,-,17.25490189,-0.00844324,0.81222248,0.23039004,0.41935381,26.27450943,26.27450943,-,-,42.79999924,21.12662125,14.64881134,-,1319,-,-134.842514,36.77510452,-76.04343414,7.84313726,23.48783112,22.9907341,44.27563858
Sun Nov 26 19:25:03 EST 2017,25:03.1,-76.04338346,36.77517556,10.25,6,-40.20000076,14.5,8.00621033,1.68551803,4.75009632,-0.00973476,-,16.07843208,-0.0651241,0.79269797,0.24600971,0.32954079,26.27450943,27.45098114,-,-,42.79999924,21.20118523,14.64881134,-,1320,-,-131.8897705,36.775177,-76.04338074,8.23529434,22.9285965,22.9907341,44.27563858
Sun Nov 26 19:25:04 EST 2017,25:04.1,-76.04333508,36.77527502,10.25,5,-39.59999847,17.4,8.46589756,1.83874691,4.44363832,-0.01105245,-,17.64705849,-0.06569556,0.82003236,0.14838681,0.32173091,28.23529434,28.23529434,-,-,42.79999924,21.27001381,14.64881134,-,1320,-,-129.9212494,36.77527618,-76.04333496,8.23529434,22.9285965,22.9907341,44.27563858
Sun Nov 26 19:25:05 EST 2017,25:05.1,-76.04329783,36.77537468,10.5,5,-39.70000076,19.7,8.08282471,2.60489154,4.09887314,-0.01017158,-,19.2156868,0.02559708,0.88641596,0.23039004,0.36078009,32.94117737,32.54901886,-,-,42.79999924,21.33374405,14.64881134,-,1328,-,-130.2493439,36.77537537,-76.04329681,9.01960754,23.48783112,22.9907341,-
Sun Nov 26 19:25:06 EST 2017,25:06.1,-76.04325785,36.77547265,10.5,5,-39.09999847,20.4,8.08282471,2.48996973,4.36702394,-0.01070893,-,17.64705849,-0.03474517,0.80441266,0.25381953,0.36858991,28.62745094,28.62745094,-,-,42.79999924,21.44802094,14.64881134,-,1347,-,-128.280838,36.77547455,-76.04325867,8.23529434,23.48783112,22.9907341,-
Sun Nov 26 19:25:07 EST 2017,25:07.1,-76.04321372,36.77557207,10.75,5,-38.59999847,23.1,8.1211319,2.14520478,6.01423454,-0.0143836,-,17.64705849,-0.00644472,0.69507504,0.16010156,0.59117013,28.23529434,28.62745094,-,-,42.79999924,21.52015686,14.64881134,-,1353,-,-126.6404114,36.77557373,-76.04321289,8.23529434,24.04706573,23.61210442,-
Sun Nov 26 19:25:08 EST 2017,25:08.1,-76.04317651,36.77567259,10.75,5,-38.40000153,22.7,8.00621033,2.48996973,4.32871675,-0.01052135,-,15.29411793,-0.02342974,0.83565199,0.22258021,0.35297027,24.70588303,24.70588303,-,-,42.79999924,21.56759453,14.64881134,-,1334,-,-125.9842606,36.77567291,-76.04317474,5.49019623,24.04706573,22.9907341,-
Sun Nov 26 19:25:09 EST 2017,25:09.1,-76.04311358,36.77573441,10,4,-37.59999847,28,8.15943909,2.03028297,5.09486103,0.02501044,-,16.07843208,-0.00745121,0.83955687,0.18353106,0.39592433,24.70588303,25.49019623,-,-,42.79999924,21.59264946,14.64881134,-,1307,-,-123.3595734,36.77573395,-76.04311371,5.88235283,22.36936378,22.36936378,-
Sun Nov 26 19:25:10 EST 2017,25:10.1,-76.04305979,36.77581916,10,5,-37.20000076,28.9,8.61912632,1.03429508,5.17147589,0.00818107,-,17.64705849,-0.05178648,0.82003236,0.11714748,0.36078009,27.05882454,27.05882454,-,-,42.79999924,21.61618614,14.64881134,-,1315,-,-122.0472488,36.77581787,-76.0430603,9.01960754,22.36936378,22.36936378,-
Sun Nov 26 19:25:11 EST 2017,25:11.1,-76.0429949,36.77590032,10.25,5,-37.29999924,31,8.08282471,1.76213241,5.28639746,-0.00136173,-,17.25490189,-0.03190394,0.83565199,0.1718163,0.35687518,26.27450943,26.27450943,-,-,42.79999924,21.65922546,14.64881134,-,1287,-,-122.3753281,36.77590179,-76.04299164,7.84313726,22.9285965,22.36936378,-
Sun Nov 26 19:25:12 EST 2017,25:12.1,-76.04293606,36.77596161,9.75,4,-36.5,33.5,9.11711979,1.30244577,6.20577097,-0.000062,-,16.07843208,-0.11551251,0.76926845,0.13667206,0.31392109,25.49019623,25.88235283,-,-,42.79999924,21.67895126,14.64881134,-,1287,-,-119.7506561,36.77596283,-76.04293823,8.23529434,21.81012726,22.36936378,-
Sun Nov 26 19:25:13 EST 2017,25:13.1,-76.04286651,36.77603054,10,4,-35.79999924,35.3,8.92558384,1.22583127,4.8267107,-0.00622399,-,18.4313736,0.04775646,0.92546505,0.07809832,0.3842096,29.01960754,29.41176605,-,-,42.79999924,21.69761086,14.64881134,-,1303,-,-117.4540634,36.77603149,-76.04286957,9.4117651,22.36936378,22.36936378,-
Sun Nov 26 19:25:14 EST 2017,25:14.1,-76.04280038,36.77610475,10.25,4,-36.90000153,34.8,7.69975281,0.45968673,4.175488,-0.03726147,-,17.25490189,-0.08079372,0.80441266,0.05076391,0.34125552,25.88235283,25.88235283,-,-,42.79999924,21.73163795,14.64881134,-,1317,-,-121.0629959,36.77610397,-76.0428009,7.84313726,22.9285965,22.9907341,23.24385452
Sun Nov 26 19:25:15 EST 2017,25:15.1,-76.04272863,36.77618013,10.25,5,-36.09999847,36.9,7.69975281,2.29843354,4.48194551,-0.04308826,-,17.64705849,-0.06176787,0.78488815,0.23429495,0.35687518,28.62745094,28.62745094,-,-,42.79999924,21.79459572,14.64881134,-,1342,-,-118.4383164,36.77618027,-76.04273224,8.23529434,22.9285965,22.9907341,23.24385452
Sun Nov 26 19:25:16 EST 2017,25:16.1,-76.04265242,36.77625229,10.25,5,-36.09999847,39.2,8.19774628,2.9113493,5.01824665,0.00160035,-,17.25490189,0.03417549,0.83565199,0.33582276,0.40763909,28.62745094,28.62745094,-,-,42.79999924,21.82376862,14.64881134,-,1347,-,-118.4383164,36.77625275,-76.04265594,7.84313726,22.9285965,22.9907341,23.24385452
Sun Nov 26 19:25:17 EST 2017,25:17.1,-76.04256994,36.77632606,10.5,5,-36.40000153,40.9,7.89128876,2.56658411,4.67348194,-0.00893096,-,16.86274529,-0.03266076,0.80050778,0.27334413,0.36858991,26.66666794,27.05882454,-,-,42.79999924,21.86634827,14.64881134,-,1352,-,-119.4225769,36.77632523,-76.04257202,7.05882359,23.48783112,23.61210442,-
Sun Nov 26 19:25:18 EST 2017,25:18.1,-76.04248301,36.77640126,10.5,5,-36,42.1,8.38928318,2.79642749,5.47793341,-0.00450955,-,16.86274529,-0.02131479,0.78098321,0.33582276,0.3842096,27.05882454,27.05882454,-,-,42.79999924,21.93157959,14.64881134,-,1349,-,-118.1102371,36.77640152,-76.04248047,7.05882359,23.48783112,22.9907341,20.95968246
Sun Nov 26 19:25:19 EST 2017,25:19.1,-76.04238328,36.77646276,10.5,10,-36.40000153,46,7.66144562,2.94965649,4.75009632,-0.01414877,-,16.86274529,-0.0246883,0.76536351,0.3904916,0.36078009,27.05882454,27.05882454,-,-,42.79999924,21.95511436,14.64881134,-,1345,-,-119.4225769,36.77646255,-76.04238129,7.05882359,23.48783112,22.9907341,20.95968246
Sun Nov 26 19:25:20 EST 2017,25:20.1,-76.04229534,36.7765239,10.5,9,-36.5,51.6,7.50821638,3.17949986,4.36702394,-0.02141095,-,16.86274529,-0.04589094,0.79269797,0.26943922,0.35687518,27.05882454,27.05882454,-,-,42.79999924,21.99918365,14.64881134,-,1338,-,-119.7506561,36.77652359,-76.04229736,7.05882359,23.48783112,22.9907341,20.95968246
Sun Nov 26 19:25:21 EST 2017,25:21.1,-76.04221109,36.77658062,10.25,9,-36.29999924,55.7,8.54251194,2.29843354,3.86903,0.03567563,-,16.86274529,-0.02858387,0.73802912,0.11324256,0.52088165,27.45098114,27.45098114,-,-,42.79999924,22.01984215,14.64881134,-,1338,-,-119.0944824,36.77658081,-76.04221344,7.45098066,22.9285965,22.9907341,-
Sun Nov 26 19:25:22 EST 2017,25:22.1,-76.04211475,36.77663436,10.25,10,-36.20000076,57.5,7.89128876,3.14119267,4.78840351,0.01126511,-,16.86274529,-0.02612093,0.83565199,0.2186753,0.34906533,27.45098114,27.45098114,-,-,42.79999924,22.03965569,14.64881134,-,1347,-,-118.7664032,36.77663422,-76.04211426,7.45098066,22.9285965,22.9907341,-
Sun Nov 26 19:25:23 EST 2017,25:23.1,-76.04202494,36.77667939,10.25,10,-36.90000153,57.2,7.81467438,1.9153614,4.75009632,-0.02855265,-,16.86274529,-0.04722725,0.79660285,0.1952458,0.3842096,27.45098114,27.84313774,-,-,42.79999924,22.05867767,14.64881134,-,1348,-,-121.0629959,36.77667999,-76.04202271,7.45098066,22.9285965,22.9907341,-
Sun Nov 26 19:25:24 EST 2017,25:24.1,-76.04192711,36.77673395,10.25,11,-37,57.3,8.38928318,2.68150592,4.67348194,-0.00129673,-,19.2156868,-0.03398667,0.81222248,0.24600971,0.36078009,30.58823586,30.98039246,-,-,42.79999924,22.11842346,14.64881134,-,1375,-,-121.3910751,36.7767334,-76.04192352,9.4117651,22.9285965,23.61210442,20.4883709
Sun Nov 26 19:25:25 EST 2017,25:25.1,-76.04180372,36.77676416,10.5,10,-37,64.1,7.81467438,2.60489154,4.59686708,-0.00976633,-,17.64705849,-0.03807852,0.79660285,0.26553428,0.36858991,29.80392265,29.80392265,-,-,42.79999924,22.14660835,14.64881134,-,1385,-,-121.3910751,36.77676392,-76.04180145,8.62745094,23.48783112,23.61210442,20.4883709
Sun Nov 26 19:25:26 EST 2017,25:26.1,-76.04167661,36.77680062,10.75,9,-36.29999924,69.7,8.27436066,3.21780705,4.78840351,-0.00934006,-,16.47058868,-0.01217433,0.82003236,0.25381953,0.38811451,26.66666794,27.05882454,-,-,42.79999924,22.18525314,14.64881134,-,1396,-,-119.0944824,36.77680206,-76.04167938,6.66666698,24.04706573,24.23347664,20.4883709
Sun Nov 26 19:25:27 EST 2017,25:27.1,-76.04155374,36.77683144,11,10,-35.79999924,71.5,7.89128876,2.79642749,4.78840351,0.00215518,-,16.47058868,-0.03776131,0.80441266,0.2421048,0.36858991,26.66666794,27.05882454,-,-,42.79999924,22.25840569,14.64881134,-,1391,-,-117.4540634,36.77683258,-76.04155731,7.05882359,24.60629845,24.23347664,20.44286728
Sun Nov 26 19:25:28 EST 2017,25:28.1,-76.04143536,36.77685277,10.75,10,-36.59999847,74.6,7.89128876,1.80043972,4.90332508,-0.00027575,-,16.47058868,0.01882005,0.84346181,0.19915071,0.43497351,26.66666794,27.05882454,-,-,42.79999924,22.28215408,14.64881134,-,1383,-,-120.0787354,36.77685165,-76.04143524,7.05882359,24.04706573,23.61210442,20.44286728
Sun Nov 26 19:25:29 EST 2017,25:29.1,-76.04132424,36.77687292,10.75,10,-36.20000076,77.9,8.15943909,3.25611424,4.36702394,0.00799286,-,16.47058868,-0.02224292,0.79660285,0.38658667,0.31392109,26.66666794,26.66666794,-,-,42.79999924,22.32723808,14.64881134,-,1374,-,-118.7664032,36.77687454,-76.0413208,6.66666698,24.04706573,23.61210442,20.44286728
Sun Nov 26 19:25:30 EST 2017,25:30.1,-76.04119461,36.77687391,10.75,10,-35.70000076,82.9,7.50821638,3.10288548,4.59686708,-0.02006906,-,16.47058868,-0.01492769,0.76926845,0.37877685,0.3842096,26.66666794,27.05882454,-,-,42.79999924,22.34864998,14.64881134,-,1364,-,-117.1259842,36.77687454,-76.0411911,6.66666698,24.04706573,23.61210442,-
Sun Nov 26 19:25:31 EST 2017,25:31.1,-76.04108446,36.77688351,10.5,9,-36.20000076,86.4,7.85298157,4.13718033,4.59686708,0.0055431,-,17.25490189,0.00806987,0.76145858,0.45687518,0.37639979,28.23529434,28.23529434,-,-,42.79999924,22.35917664,14.64881134,-,1365,-,-118.7664032,36.77688217,-76.04108429,7.84313726,23.48783112,22.9907341,-
Sun Nov 26 19:25:32 EST 2017,25:32.1,-76.04097891,36.77688423,10.5,10,-37.59999847,88.7,6.7803793,3.83072281,4.48194551,-0.06506616,-,17.64705849,-0.0208082,0.76536351,0.43344569,0.32954079,29.01960754,29.01960754,-,-,42.79999924,22.36936378,14.64881134,-,1369,-,-123.3595734,36.77688599,-76.04097748,8.23529434,23.48783112,22.9907341,-
Sun Nov 26 19:25:33 EST 2017,25:33.1,-76.04085545,36.77687086,10.75,10,-38.29999924,93.4,7.16345167,5.17147589,4.94163227,0.00760398,-,16.07843208,0.01382805,0.71459961,0.53106856,0.3842096,27.05882454,27.45098114,-,-,42.79999924,22.38878059,14.64881134,-,1349,-,-125.6561661,36.77687073,-76.04085541,6.66666698,24.04706573,22.9907341,-
Sun Nov 26 19:25:34 EST 2017,25:34.1,-76.04074172,36.77685065,10.5,9,-38.70000076,100.6,6.4739213,4.97993946,4.86501789,-0.01375005,-,14.90196133,-0.03492696,0.69507504,0.44906533,0.39592433,24.31372643,25.49019623,-,-,42.79999924,22.39804077,14.64881134,-,1348,-,-126.9685059,36.77685165,-76.04074097,5.49019623,23.48783112,22.9907341,-
Sun Nov 26 19:25:35 EST 2017,25:35.1,-76.04062636,36.77681334,10.5,10,-39.79999924,106.4,6.28238535,5.7843914,4.75009632,-0.01637464,-,17.25490189,-0.00449621,0.71069467,0.51544887,0.36858991,29.80392265,30.19607925,-,-,42.79999924,22.39718628,14.64881134,-,1316,-,-130.5774231,36.77681351,-76.04062653,7.45098066,23.48783112,22.36936378,-
Sun Nov 26 19:25:36 EST 2017,25:36.1,-76.0405255,36.77677855,10.25,10,-39.59999847,113.7,6.7803793,4.21379519,4.40533113,-0.05154794,-,18.4313736,-0.13689554,0.62869149,0.41392109,0.32173091,29.80392265,30.19607925,-,-,42.79999924,22.40591431,14.64881134,-,1327,-,-129.9212494,36.77677917,-76.04052734,7.05882359,22.9285965,22.9907341,-
Sun Nov 26 19:25:37 EST 2017,25:37.1,-76.04042465,36.77673012,10.5,10,-39.20000076,120.5,8.00621033,0.84275901,5.47793341,-0.00964422,-,15.29411793,-0.05232572,0.76536351,0.11324256,0.44668823,14.11764717,14.11764717,-,-,42.79999924,22.41439056,14.64881134,-,1313,-,-128.6089325,36.77672958,-76.04042816,5.49019623,23.48783112,22.9907341,18.2294693
Sun Nov 26 19:25:38 EST 2017,25:38.1,-76.04032266,36.77668442,10.25,10,-38.59999847,120.4,7.81467438,0.34476504,5.89931297,-0.01520815,-,14.90196133,-0.03996009,0.78488815,-0.04295408,0.45059317,14.11764717,14.11764717,-,-,42.79999924,22.40487099,14.64881134,-,1179,-,-126.6404114,36.77668381,-76.04032135,4.70588255,22.9285965,21.74799156,18.2294693
Sun Nov 26 19:25:39 EST 2017,25:39.1,-76.04022653,36.77663946,10,11,-38.40000153,120.4,7.85298157,0.9576807,4.55855989,-0.02172469,-,14.50980377,0.00986951,0.79660285,-0.06247865,0.51697671,14.11764717,14.11764717,-,-,41,22.3781147,14.64881134,-,1028,-,-125.9842606,36.77663803,-76.0402298,4.31372547,22.36936378,20.50524902,18.2294693
Sun Nov 26 19:25:40 EST 2017,25:40.1,-76.04013777,36.77659048,9.75,11,-38.59999847,121.5,7.66144562,-0.19153613,6.85699368,0.06727904,-,14.11764717,-0.04768381,0.71459961,-0.01952458,0.52869147,14.11764717,14.11764717,-,-,41,22.20763588,14.64881134,-,1061,-,-126.6404114,36.77659225,-76.04013824,3.92156863,21.81012726,14.29153728,-
Sun Nov 26 19:25:41 EST 2017,25:41.1,-76.04006155,36.77654367,9,11,-38.5,122.7,6.97191525,-0.8810662,6.85699368,0.03368694,-,14.11764717,0.01864785,0.71459961,0.06638357,0.62240946,14.11764717,14.11764717,-,-,41,22.04188347,14.64881134,-,818,-,-126.3123398,36.77654266,-76.04006195,3.92156863,20.13242531,9.94193935,-
Sun Nov 26 19:25:42 EST 2017,25:42.1,-76.04001818,36.77652476,7,12,-38.29999924,120,6.20577097,-0.68953007,6.93360806,0.03669376,-,14.11764717,-0.02703005,0.6794554,-0.03514424,0.59507507,14.11764717,14.11764717,-,-,41,21.82255554,14.64881134,-,758,-,-125.6561661,36.77652359,-76.04001617,3.92156863,15.65855312,5.59234095,-
Sun Nov 26 19:25:43 EST 2017,25:43.1,-76.03997691,36.77650339,6.25,12,-38.29999924,120.9,7.62313843,0.07661445,4.8267107,-0.0194068,-,14.11764717,-0.07082963,0.79660285,0.03514424,0.37639979,14.11764717,14.11764717,-,-,41,21.56812096,14.64881134,-,683,-,-125.6561661,36.77650452,-76.03997803,4.31372547,13.98085213,2.48548484,-
Sun Nov 26 19:25:44 EST 2017,25:44.1,-76.0399565,36.7765413,3.5,12,-38.20000076,97.3,8.73404789,-0.38307226,3.715801,-0.01266742,-,14.50980377,-0.00219204,0.92156017,0.04685899,0.27877685,14.11764717,14.11764717,-,-,41,21.56812096,14.64881134,-,714,-,-125.3280869,36.77654266,-76.03995514,6.66666698,7.82927656,0,-
Sun Nov 26 19:25:45 EST 2017,25:45.1,-76.03996468,36.77654466,2.5,12,-38.20000076,94.2,8.96389103,2.33674097,2.98796368,0.01007344,-,16.86274529,-0.01202759,0.90594047,0.19134088,0.24363261,34.50980377,34.50980377,-,-,41,21.31222534,14.64881134,-,1212,-,-125.3280869,36.77654648,-76.03996277,6.66666698,5.59234095,1.86411357,6.34073925
Sun Nov 26 19:25:46 EST 2017,25:46.1,-76.03995393,36.77652125,2.5,12,-38.5,108,8.81066227,1.37906015,3.10288548,0.0010832,-,24.70588303,-0.01378984,0.91765523,0.17962612,0.21239327,38.03921509,39.60784531,-,-,41,21.12662125,14.64881134,-,1733,-,-126.3123398,36.77651978,-76.03995514,15.68627453,5.59234095,6.83508301,46.04428482
Sun Nov 26 19:25:47 EST 2017,25:47.1,-76.03993008,36.77651172,3,12,-38.29999924,111.7,9.42357826,-0.65122288,3.67749381,0.05664992,-,24.31372643,0.0080245,0.95279956,0,0.22801295,40.7843132,40.7843132,-,-,41,20.97717667,14.64881134,-,1845,-,-125.6561661,36.77651215,-76.03993225,16.07843208,6.71080828,9.32056808,46.04428482
Sun Nov 26 19:25:48 EST 2017,25:48.1,-76.03993565,36.7764383,3.75,12,-37.90000153,132.1,9.0788126,-0.5363012,3.98395157,0.00915587,-,25.49019623,-0.04217189,0.88251102,-0.07809832,0.26315722,40.39215851,40,-,-,42.79999924,20.86253738,14.64881134,-,1964,-,-124.3438339,36.77643967,-76.03993225,17.25490189,8.3885107,11.80605221,74.41516113
Sun Nov 26 19:25:49 EST 2017,25:49.1,-76.03996463,36.77638531,4,11,-37.5,144.3,9.04050541,-0.61291564,3.715801,0.00342272,-,23.92156982,-0.02490736,0.89813066,-0.09371798,0.26706213,37.25490189,37.25490189,-,-,42.79999924,20.73258018,14.64881134,-,2070,-,-123.0314941,36.77638626,-76.03996277,15.68627453,8.94774532,16.15565109,71.36625671
Sun Nov 26 19:25:50 EST 2017,25:50.1,-76.03986957,36.77634527,5.25,11,-37.79999924,137.4,8.61912632,-1.07260239,4.29040956,0.00689073,-,22.74509811,-0.05709571,0.84736669,-0.0741934,0.30611128,34.90196228,34.90196228,-,-,42.79999924,20.69240952,14.64881134,-,1568,-,-124.0157471,36.7763443,-76.03987122,14.11764717,11.74391556,17.39839363,64.96962738
Sun Nov 26 19:25:51 EST 2017,25:51.1,-76.03979472,36.77630079,6,11,-38,135.3,8.15943909,0.19153613,4.90332508,-0.01984292,-,21.56862831,-0.23480362,0.68336034,-0.00780983,0.24363261,34.50980377,34.50980377,-,-,42.79999924,20.66607475,14.64881134,-,1550,-,-124.6719132,36.77630234,-76.03979492,12.94117641,13.42161655,19.88387871,61.85796738
Sun Nov 26 19:25:52 EST 2017,25:52.1,-76.03964857,36.77625043,8.75,10,-38.20000076,124.2,8.46589756,-0.57460839,4.02225876,0.00282262,-,21.17647171,-0.03017166,0.87079626,-0.10152781,0.31392109,31.76470566,31.37254906,-,-,42.79999924,20.67142868,14.64881134,-,1611,-,-125.3280869,36.77624893,-76.03964996,10.98039246,19.5731926,21.12662125,61.85796738
Sun Nov 26 19:25:53 EST 2017,25:53.1,-76.03956059,36.77618633,9.5,9,-37.90000153,122,8.6957407,-1.14921677,4.75009632,0.00994225,-,16.47058868,-0.0450437,0.8083176,-0.01561966,0.40763909,14.11764717,14.11764717,-,-,42.79999924,20.67666245,14.64881134,-,1642,-,-124.3438339,36.7761879,-76.03955841,7.45098066,21.25089455,21.12662125,29.22682571
Sun Nov 26 19:25:54 EST 2017,25:54.1,-76.03946591,36.77613308,9.5,10,-37.70000076,121.2,8.19774628,0.61291564,4.97993946,0.00179064,-,16.47058868,-0.04089027,0.85517663,-0.00780983,0.3334457,30.19607925,31.37254906,-,-,42.79999924,20.6867733,14.64881134,-,1617,-,-123.6876679,36.77613449,-76.03946686,6.66666698,21.25089455,21.12662125,29.22682571
Sun Nov 26 19:25:55 EST 2017,25:55.1,-76.03937616,36.77609209,9.75,10,-37.40000153,121,8.61912632,0.03830723,5.47793341,0.03182767,-,20.7843132,-0.02353125,0.89032084,-0.03904916,0.29830143,32.15686417,32.15686417,-,-,42.79999924,20.69856453,14.64881134,-,1683,-,-122.7034149,36.77609253,-76.03937531,11.76470566,21.81012726,21.74799156,22.70587158
Sun Nov 26 19:25:56 EST 2017,25:56.1,-76.03928205,36.77605897,9.5,11,-37.20000076,119.7,7.73806,0.45968673,5.28639746,0.01033915,-,16.47058868,-0.02822261,0.85517663,0.00780983,0.36078009,20.7843132,20.7843132,-,-,42.79999924,20.71692657,14.64881134,-,1695,-,-122.0472488,36.7760582,-76.03928375,6.66666698,21.25089455,22.36936378,22.70587158
Sun Nov 26 19:25:57 EST 2017,25:57.1,-76.03918174,36.776026,9.75,10,-36.90000153,118.5,8.50420475,-0.03830723,4.25210238,0.000808,-,19.6078434,-0.00237556,0.89032084,0.01561966,0.34906533,33.33333206,33.72549057,-,-,42.79999924,20.72813225,14.64881134,-,1680,-,-121.0629959,36.77602768,-76.03918457,10.1960783,21.81012726,21.74799156,22.70587158
Sun Nov 26 19:25:58 EST 2017,25:58.1,-76.03908607,36.77598205,9.5,9,-37.5,118.5,7.85298157,-0.07661445,3.90733719,0.00882823,-,20.3921566,-0.09007849,0.78879303,0.00390492,0.35297027,30.98039246,30.98039246,-,-,42.79999924,20.75644112,14.64881134,-,1726,-,-123.0314941,36.7759819,-76.03908539,11.76470566,21.25089455,22.36936378,-
Sun Nov 26 19:25:59 EST 2017,25:59.1,-76.03897797,36.7759348,9.75,10,-37.90000153,118.5,8.38928318,0.80445176,4.29040956,0.01250363,-,16.86274529,0.02710609,0.90203559,0.07809832,0.3842096,14.11764717,17.64705849,-,-,41,20.77342033,14.64881134,-,1723,-,-124.3438339,36.77593613,-76.03897858,8.62745094,21.81012726,22.36936378,18.54373741
Sun Nov 26 19:26:00 EST 2017,26:00.1,-76.03887771,36.77588546,9.75,10,-37.70000076,117.8,8.35097599,0,4.175488,-0.00240909,-,20.7843132,0.00136473,0.89422578,0.02733441,0.34906533,32.94117737,33.33333206,-,-,41,20.79004288,14.64881134,-,1725,-,-123.6876679,36.77588654,-76.03887939,12.15686321,21.81012726,22.36936378,18.54373741
Sun Nov 26 19:26:01 EST 2017,26:01.1,-76.03878227,36.77584759,9.75,11,-37.09999847,117.1,8.23605347,0.76614451,5.05655384,0.00725234,-,19.6078434,0.01558745,0.89422578,-0.01952458,0.38030469,28.62745094,28.62745094,-,-,41,20.8127327,14.64881134,-,1781,-,-121.7191544,36.77584839,-76.03878021,10.58823586,21.81012726,22.9907341,18.54373741
Sun Nov 26 19:26:02 EST 2017,26:02.1,-76.0386768,36.77578674,10.5,10,-37.20000076,120,8.58081913,0.68953007,5.32470465,0.00463519,-,17.25490189,-0.00218444,0.83955687,0.06247865,0.43497351,14.11764717,14.90196133,-,-,41,20.83495712,14.64881134,-,1777,-,-122.0472488,36.77578735,-76.0386734,9.01960754,23.48783112,22.9907341,18.72190094
Sun Nov 26 19:26:03 EST 2017,26:03.1,-76.03859152,36.77573938,10.25,10,-37.40000153,120.3,7.96790314,1.11090958,4.67348194,-0.01921456,-,17.64705849,-0.07223479,0.79660285,0.17572121,0.34125552,27.05882454,27.05882454,-,-,41,20.8718586,14.64881134,-,1725,-,-122.7034149,36.77573776,-76.03858948,8.23529434,22.9285965,22.36936378,18.72190094
Sun Nov 26 19:26:04 EST 2017,26:04.1,-76.03849403,36.77569557,10.25,9,-38.20000076,120.8,6.62715054,4.75009632,4.90332508,0.00498129,-,18.03921509,-0.03700043,0.68726522,0.49201941,0.36078009,27.05882454,27.45098114,-,-,41,20.88668442,14.64881134,-,1736,-,-125.3280869,36.7756958,-76.0384903,8.23529434,22.9285965,22.36936378,18.72190094
Sun Nov 26 19:26:05 EST 2017,26:05.1,-76.03840006,36.77564624,10.25,10,-38.70000076,122.9,7.46990919,3.83072281,4.90332508,-0.01097657,-,16.07843208,-0.0184036,0.76536351,0.3397277,0.411544,25.88235283,27.05882454,-,-,41,20.90122223,14.64881134,-,1708,-,-126.9685059,36.77564621,-76.03839874,6.66666698,22.9285965,22.36936378,-
Sun Nov 26 19:26:06 EST 2017,26:06.1,-76.03830464,36.77558561,10,9,-37.79999924,129,7.12514448,3.79241538,4.5202527,0.01750713,-,17.25490189,0.07064743,0.83955687,0.44125551,0.39592433,27.05882454,27.05882454,-,-,41,20.91750336,14.64881134,-,1697,-,-124.0157471,36.77558517,-76.03830719,7.84313726,22.36936378,21.74799156,-
Sun Nov 26 19:26:07 EST 2017,26:07.1,-76.0382194,36.77552326,10,9,-37.29999924,133.7,7.20175886,4.67348194,4.94163227,0.00690387,-,17.25490189,0.00694154,0.74583894,0.4373506,0.4154489,27.05882454,27.05882454,-,-,41,20.92541313,14.64881134,-,1673,-,-122.3753281,36.77552414,-76.03821564,7.84313726,22.36936378,21.74799156,-
Sun Nov 26 19:26:08 EST 2017,26:08.1,-76.03814063,36.77546016,10,10,-36.90000153,134.4,7.27837324,4.63517427,4.5202527,0.00442014,-,17.25490189,0.01570012,0.71459961,0.48811451,0.4310686,27.05882454,27.05882454,-,-,41,20.92731285,14.64881134,-,1657,-,-121.0629959,36.77545929,-76.03813934,7.45098066,22.36936378,21.12662125,-
Sun Nov 26 19:26:09 EST 2017,26:09.1,-76.03809248,36.77538534,9.25,10,-36.90000153,147.4,6.93360806,4.59686708,5.24809027,0.00511889,-,16.86274529,-0.02843468,0.72240943,0.47249481,0.34516042,27.05882454,27.05882454,-,-,41,20.92917633,14.64881134,-,1646,-,-121.0629959,36.77538681,-76.03809357,7.45098066,20.69165993,21.12662125,-
Sun Nov 26 19:26:10 EST 2017,26:10.1,-76.0380452,36.77529931,9.5,9,-35.59999847,147.5,7.01022243,5.24809027,4.63517427,-0.01074611,-,16.86274529,0.01879014,0.71069467,0.5349735,0.39592433,27.45098114,27.84313774,-,-,41,20.92139626,14.64881134,-,1621,-,-116.7978973,36.77529907,-76.03804779,7.45098066,21.25089455,20.50524902,-
Sun Nov 26 19:26:11 EST 2017,26:11.1,-76.03799669,36.77522486,9.75,9,-35.59999847,153.9,7.24006605,4.67348194,4.8267107,-0.0155479,-,18.03921509,-0.10131627,0.68726522,0.4373506,0.27877685,28.62745094,29.01960754,-,-,41,20.91761398,14.64881134,-,1636,-,-116.7978973,36.77522659,-76.03799438,8.62745094,21.81012726,20.50524902,-
Sun Nov 26 19:26:12 EST 2017,26:12.1,-76.03795479,36.77515753,9.5,9,-35.5,159.3,7.77636719,1.76213241,4.29040956,0.00974114,-,17.64705849,-0.06693759,0.78098321,0.32801294,0.29049161,27.05882454,27.45098114,-,-,41,20.91949844,14.64881134,-,1626,-,-116.4698181,36.77515793,-76.03795624,7.84313726,21.25089455,21.12662125,13.91873074
Sun Nov 26 19:26:13 EST 2017,26:13.1,-76.03791238,36.77508456,9.5,10,-36.40000153,158.9,7.54652357,3.29442143,4.63517427,-0.01765381,-,18.03921509,-0.05859375,0.74974388,0.32801294,0.364685,28.23529434,28.23529434,-,-,41,20.92134666,14.64881134,-,1646,-,-119.4225769,36.77508545,-76.03791046,8.62745094,21.25089455,21.12662125,13.91873074
Sun Nov 26 19:26:14 EST 2017,26:14.1,-76.03787234,36.77500279,9.5,11,-36.59999847,159,7.04852962,3.79241538,4.44363832,-0.04779047,-,18.03921509,-0.03487952,0.73412424,0.40611124,0.37639979,27.84313774,27.84313774,-,-,41,20.92316246,14.64881134,-,1662,-,-120.0787354,36.77500153,-76.03787231,8.62745094,21.25089455,21.12662125,13.91873074
Sun Nov 26 19:26:15 EST 2017,26:15.1,-76.03783637,36.77490928,10,11,-36.5,161,6.81868649,4.13718033,4.86501789,0.0053569,-,17.64705849,-0.01764996,0.75364876,0.44906533,0.34125552,27.45098114,27.45098114,-,-,41,20.93750763,14.64881134,-,1672,-,-119.7506561,36.77490997,-76.03783417,8.23529434,22.36936378,21.74799156,23.60884285
Sun Nov 26 19:26:16 EST 2017,26:16.1,-76.03783468,36.77482141,10,11,-36.40000153,168.5,7.62313843,3.90733719,4.63517427,-0.00629205,-,16.47058868,-0.02114332,0.74974388,0.38658667,0.39592433,27.45098114,27.45098114,-,-,41,20.94449615,14.64881134,-,1679,-,-119.4225769,36.77482224,-76.03783417,6.66666698,22.36936378,21.74799156,23.60884285
Sun Nov 26 19:26:17 EST 2017,26:17.1,-76.03786374,36.77473407,10,10,-36.20000076,180.3,6.43561411,4.44363832,4.5202527,-0.0230639,-,17.64705849,-0.02328125,0.7575537,0.3904916,0.37639979,27.84313774,29.01960754,-,-,41,20.94605064,14.64881134,-,1653,-,-118.7664032,36.7747345,-76.03786469,8.23529434,22.36936378,21.12662125,23.60884285
Sun Nov 26 19:26:18 EST 2017,26:18.1,-76.03786892,36.7746442,10,10,-36.29999924,181.9,6.51222849,5.43962622,3.86903,-0.03037149,-,21.17647171,-0.05428404,0.63650131,0.55449808,0.32563588,33.33333206,33.33333206,-,-,41,20.94758224,14.64881134,-,1710,-,-119.0944824,36.77464294,-76.03787231,11.76470566,22.36936378,21.12662125,-
Sun Nov 26 19:26:19 EST 2017,26:19.1,-76.03791141,36.77457017,9.75,10,-37.29999924,190.9,8.04451752,4.55855989,4.06056595,0.03401205,-,21.96078491,0.0078125,0.7575537,0.49982923,0.33735061,31.76470566,31.37254906,-,-,41,20.95430756,14.64881134,-,1710,-,-122.3753281,36.77457047,-76.03791046,13.33333397,21.81012726,21.74799156,15.7962532
Sun Nov 26 19:26:20 EST 2017,26:20.1,-76.03794876,36.77448586,10.25,10,-36.70000076,197.1,6.93360806,1.8770541,5.43962622,-0.01247088,-,18.03921509,-0.08981021,0.72240943,0.28115395,0.37639979,14.11764717,14.11764717,-,-,41,20.98283386,14.64881134,-,1722,-,-120.4068298,36.77448654,-76.03794861,9.01960754,22.9285965,22.36936378,44.3753624
Sun Nov 26 19:26:21 EST 2017,26:21.1,-76.03799711,36.77439951,10.25,10,-36.90000153,201.4,9.50019264,6.66545773,4.29040956,0.02416345,-,16.86274529,-0.08232219,0.63650131,0.44516042,0.38811451,25.88235283,26.66666794,-,-,41,20.99419594,14.64881134,-,1718,-,-121.0629959,36.7743988,-76.03799438,8.62745094,22.9285965,22.36936378,44.3753624
Sun Nov 26 19:26:22 EST 2017,26:22.1,-76.03804749,36.77431533,10.25,10,-36.29999924,203.5,8.46589756,3.52426481,6.58884287,0.17004973,-,18.8235302,0.19218084,0.98403883,0.23819989,0.52869147,28.23529434,28.23529434,-,-,41,21.00537682,14.64881134,-,1697,-,-119.0944824,36.77431488,-76.03804779,9.4117651,22.9285965,22.36936378,44.3753624
Sun Nov 26 19:26:23 EST 2017,26:23.1,-76.03811447,36.7742372,10,9,-36.70000076,209,8.35097599,2.87304211,4.75009632,-0.00475737,-,20,-0.04053242,0.81612742,0.15229172,0.38030469,29.80392265,30.19607925,-,-,41,21.0163784,14.64881134,-,1722,-,-120.4068298,36.77423859,-76.03811646,10.58823586,22.36936378,22.36936378,-
Sun Nov 26 19:26:24 EST 2017,26:24.1,-76.03816314,36.77415861,10,10,-36.79999924,210.2,7.73806,2.29843354,4.67348194,-0.00036588,-,19.2156868,-0.04343921,0.81612742,0.30458343,0.29439652,29.41176605,29.41176605,-,-,41,21.0272007,14.64881134,-,1734,-,-120.7349091,36.77415848,-76.03816223,10.1960783,22.36936378,22.36936378,-
Sun Nov 26 19:26:25 EST 2017,26:25.1,-76.03822168,36.77407341,10.5,9,-37.29999924,213.1,7.89128876,2.18351197,4.90332508,-0.00084582,-,19.2156868,-0.00580764,0.84346181,0.23819989,0.36858991,28.62745094,29.01960754,-,-,41,21.04278374,14.64881134,-,1770,-,-122.3753281,36.77407455,-76.03822327,10.1960783,23.48783112,22.9907341,20.86006927
Sun Nov 26 19:26:26 EST 2017,26:26.1,-76.03829784,36.77399785,10.5,10,-37.70000076,216.8,8.35097599,1.45567465,4.36702394,-0.00896603,-,19.2156868,0.03510467,0.89422578,0.19134088,0.3842096,28.62745094,28.62745094,-,-,41,21.07807541,14.64881134,-,1837,-,-123.6876679,36.77399826,-76.03829956,10.1960783,23.48783112,23.61210442,15.74670792
Sun Nov 26 19:26:27 EST 2017,26:27.1,-76.03837771,36.773924,10.75,10,-37.20000076,219.2,8.00621033,1.9153614,4.55855989,-0.00464217,-,15.29411793,-0.02255508,0.78098321,0.2421048,0.43497351,14.11764717,14.50980377,-,-,41,21.07807541,14.64881134,-,1178,-,-122.0472488,36.77392578,-76.03837585,5.49019623,24.04706573,23.61210442,15.74670792
Sun Nov 26 19:26:28 EST 2017,26:28.1,-76.03845012,36.7738537,10.5,9,-37,221.1,8.23605347,1.34075296,4.32871675,0.00787918,-,17.64705849,-0.03647774,0.83174706,0.20305562,0.34125552,27.45098114,27.45098114,-,-,41,21.10750198,14.64881134,-,1338,-,-121.3910751,36.7738533,-76.03845215,8.23529434,23.48783112,22.9907341,15.74670792
Sun Nov 26 19:26:29 EST 2017,26:29.1,-76.03852974,36.77379107,10.25,9,-36.70000076,224.4,7.96790314,1.11090958,4.40533113,-0.03164311,-,17.64705849,-0.0325977,0.84346181,0.16010156,0.34516042,27.05882454,27.05882454,-,-,41,21.12187767,14.64881134,-,1343,-,-120.4068298,36.77379227,-76.03852844,7.84313726,22.9285965,22.9907341,15.74670792
Sun Nov 26 19:26:30 EST 2017,26:30.1,-76.03860909,36.7737197,10.25,10,-37.5,225.3,7.96790314,2.83473492,4.59686708,0.01705518,-,16.86274529,0.00120467,0.83955687,0.2421048,0.38811451,27.05882454,27.05882454,-,-,41,21.13603592,14.64881134,-,1348,-,-123.0314941,36.77371979,-76.03861237,7.45098066,22.9285965,22.9907341,-
Sun Nov 26 19:26:31 EST 2017,26:31.1,-76.03868983,36.77365367,10.25,10,-38,227.2,6.93360806,2.52827692,3.56257224,-0.00207129,-,16.47058868,-0.101155,0.74193406,0.28115395,0.32173091,26.66666794,26.66666794,-,-,41,21.14998055,14.64881134,-,1345,-,-124.6719132,36.77365494,-76.03868866,7.05882359,22.9285965,22.9907341,-
Sun Nov 26 19:26:32 EST 2017,26:32.1,-76.03877847,36.77359386,10.5,10,-38.29999924,228.6,8.65743351,2.29843354,5.47793341,-0.0119193,-,16.07843208,-0.02693595,0.78488815,0.29677361,0.39201942,26.27450943,26.27450943,-,-,41,21.16371727,14.64881134,-,1347,-,-125.6561661,36.7735939,-76.03878021,6.66666698,23.48783112,22.9907341,-
Sun Nov 26 19:26:33 EST 2017,26:33.1,-76.03887886,36.77353519,10.5,10,-38.29999924,231.4,8.04451752,2.52827692,4.175488,0.0114406,-,16.47058868,0.03084307,0.86689138,0.19134088,0.42325872,26.66666794,26.66666794,-,-,41,21.17725182,14.64881134,-,1339,-,-125.6561661,36.77353668,-76.03887939,6.66666698,23.48783112,22.9907341,-
Sun Nov 26 19:26:34 EST 2017,26:34.1,-76.03898075,36.77348281,10.5,9,-38.59999847,235,7.73806,-0.11492168,4.40533113,-0.01223534,-,17.64705849,0.00962022,0.85517663,0.16010156,0.411544,28.62745094,29.01960754,-,-,41,21.20372581,14.64881134,-,1364,-,-126.6404114,36.77348328,-76.03897858,7.84313726,23.48783112,22.9907341,-
Sun Nov 26 19:26:35 EST 2017,26:35.1,-76.03907811,36.7734259,10.5,10,-38.90000153,236.7,8.27436066,1.03429508,4.02225876,-0.03725368,-,18.03921509,-0.15087792,0.7575537,0.07809832,0.27487195,29.01960754,29.01960754,-,-,41,21.20372581,14.64881134,-,1351,-,-127.6246796,36.77342606,-76.03907776,8.62745094,23.48783112,22.9907341,-
Sun Nov 26 19:26:36 EST 2017,26:36.1,-76.03917918,36.77337427,10.75,10,-39,237.4,6.55053568,2.45166254,3.94564438,-0.00263869,-,16.07843208,-0.04443671,0.80441266,0.23039004,0.36078009,25.09803963,23.92156982,-,-,41,21.23837662,14.64881134,-,1349,-,-127.9527588,36.77337265,-76.03917694,6.27450991,24.04706573,23.61210442,29.16109467
Sun Nov 26 19:26:37 EST 2017,26:37.1,-76.03927731,36.77332522,10.75,10,-38.79999924,238.8,8.08282471,0.65122288,5.32470465,0.01342006,-,15.29411793,0.01809347,0.88641596,0.12495731,0.3842096,21.96078491,24.31372643,-,-,41,21.23837662,14.64881134,-,1349,-,-127.2965851,36.77332687,-76.03927612,5.49019623,24.04706573,23.61210442,29.16109467
Sun Nov 26 19:26:38 EST 2017,26:38.1,-76.03937415,36.77329048,10,9,-38.90000153,242.4,8.92558384,-1.07260239,5.40131903,0.0435004,-,18.4313736,0.00088463,0.8747012,-0.03904916,0.3842096,30.19607925,30.19607925,-,-,41,21.24645615,14.64881134,-,1327,-,-127.6246796,36.77328873,-76.03937531,9.4117651,22.36936378,22.36936378,29.16109467
Sun Nov 26 19:26:39 EST 2017,26:39.1,-76.03947483,36.77325136,10,10,-38.70000076,242.9,8.42759037,-2.10689759,4.94163227,0.03777152,-,18.4313736,-0.09381735,0.77317333,-0.13276714,0.35297027,29.41176605,29.01960754,-,-,41,21.25441933,14.64881134,-,1327,-,-126.9685059,36.77325058,-76.03947449,9.4117651,22.36936378,22.36936378,-
Sun Nov 26 19:26:40 EST 2017,26:40.1,-76.03957794,36.77319815,10.25,10,-38.40000153,241.2,7.89128876,-1.57059634,3.75410819,0.01289729,-,18.4313736,-0.10816796,0.73412424,-0.13276714,0.38811451,29.41176605,29.01960754,-,-,41,21.26664925,14.64881134,-,1319,-,-125.9842606,36.77319717,-76.0395813,9.4117651,22.9285965,22.9907341,13.68167973
Sun Nov 26 19:26:41 EST 2017,26:41.1,-76.039676,36.77315114,10.25,10,-38.40000153,238,8.92558384,-1.99197578,4.48194551,0.01593629,-,17.25490189,0.01777117,0.88251102,-0.05076391,0.40373418,27.84313774,27.84313774,-,-,41,21.28304863,14.64881134,-,1338,-,-125.9842606,36.7731514,-76.03967285,7.84313726,22.9285965,23.61210442,23.15392876
Sun Nov 26 19:26:42 EST 2017,26:42.1,-76.03977087,36.7730916,10.25,10,-38.40000153,236,8.50420475,-1.49398184,4.94163227,0.01011311,-,17.25490189,-0.03590775,0.81222248,-0.15229172,0.39592433,27.45098114,27.84313774,-,-,41,21.29922485,14.64881134,-,1342,-,-125.9842606,36.77309036,-76.03977203,7.45098066,22.9285965,23.61210442,23.15392876
Sun Nov 26 19:26:43 EST 2017,26:43.1,-76.03986399,36.77303706,10.25,10,-38.29999924,234.8,8.23605347,-1.34075296,4.06056595,0.01104735,-,17.25490189,-0.05992379,0.79269797,-0.07028849,0.39982924,27.45098114,27.84313774,-,-,41,21.3151741,14.64881134,-,1350,-,-125.6561661,36.77303696,-76.03986359,7.45098066,22.9285965,23.61210442,23.15392876
Sun Nov 26 19:26:44 EST 2017,26:44.1,-76.03995432,36.77297185,10.25,11,-38.09999847,231.9,8.08282471,-2.87304211,4.8267107,0.00172791,-,16.86274529,-0.00245974,0.84736669,-0.1952458,0.38811451,27.05882454,27.45098114,-,-,41,21.33090591,14.64881134,-,1358,-,-124.9999924,36.77297211,-76.03995514,7.45098066,22.9285965,23.61210442,23.15392876
Sun Nov 26 19:26:45 EST 2017,26:45.1,-76.04004561,36.77290923,10.5,10,-37.40000153,229.4,8.27436066,-2.60489154,5.05655384,0.02565643,-,16.86274529,0.0146179,0.82393724,-0.3397277,0.3842096,27.05882454,27.45098114,-,-,41,21.3464241,14.64881134,-,1357,-,-122.7034149,36.77291107,-76.04004669,7.45098066,23.48783112,23.61210442,-
Sun Nov 26 19:26:46 EST 2017,26:46.1,-76.04012429,36.77284667,10.5,9,-38.40000153,222.7,8.50420475,-1.68551803,4.40533113,-0.01803993,-,16.86274529,-0.09131187,0.79269797,-0.0741934,0.33735061,27.05882454,27.45098114,-,-,41,21.36173439,14.64881134,-,1354,-,-125.9842606,36.77284622,-76.04012299,7.45098066,23.48783112,23.61210442,-
Sun Nov 26 19:26:47 EST 2017,26:47.1,-76.04020487,36.77276767,10.5,10,-38.5,220.1,8.65743351,-0.91937345,4.09887314,0.02080053,-,16.86274529,-0.00334728,0.87860614,-0.10933765,0.35687518,27.05882454,27.45098114,-,-,41,21.37683678,14.64881134,-,1364,-,-126.3123398,36.77276611,-76.04020691,7.05882359,23.48783112,23.61210442,-
Sun Nov 26 19:26:48 EST 2017,26:48.1,-76.04027629,36.77268988,10.75,10,-39.20000076,219.1,8.08282471,-1.64721072,4.48194551,0.006725,-,16.86274529,-0.0284582,0.82393724,-0.18353106,0.38030469,27.05882454,27.45098114,-,-,41,21.40644455,14.64881134,-,1356,-,-128.6089325,36.77268982,-76.04027557,7.05882359,24.04706573,23.61210442,-
Sun Nov 26 19:26:49 EST 2017,26:49.1,-76.04033776,36.77261799,10.5,10,-39.90000153,214.6,8.50420475,-2.22181916,5.05655384,0.0097959,-,16.47058868,-0.00798168,0.82393724,-0.2421048,0.39592433,25.09803963,23.92156982,-,-,41,21.4168663,14.64881134,-,1338,-,-130.9055176,36.77261734,-76.04033661,7.05882359,23.48783112,22.9907341,-
Sun Nov 26 19:26:50 EST 2017,26:50.1,-76.04040389,36.77254814,10.5,10,-39.70000076,213.8,8.73404789,-2.29843354,5.97592735,0.03253418,-,14.50980377,0.0094313,0.85908157,-0.22258021,0.38030469,14.11764717,14.90196133,-,-,41,21.42309189,14.64881134,-,1204,-,-130.2493439,36.77254868,-76.04040527,4.70588255,23.48783112,22.36936378,-
Sun Nov 26 19:26:51 EST 2017,26:51.1,-76.04046372,36.7724644,10.5,10,-39.59999847,212,7.46990919,-1.45567465,4.13718033,-0.00673214,-,16.07843208,-0.00054183,0.81222248,-0.19915071,0.44668823,25.49019623,25.88235283,-,-,41,21.42520142,14.64881134,-,1251,-,-129.9212494,36.77246475,-76.04046631,5.88235283,23.48783112,21.74799156,-
Sun Nov 26 19:26:52 EST 2017,26:52.1,-76.04051119,36.77237129,10.5,11,-40.40000153,208.1,8.1211319,-1.41736746,4.175488,-0.00073353,-,17.25490189,0.06032924,0.90594047,-0.12886222,0.43497351,27.05882454,27.45098114,-,-,41,21.42933846,14.64881134,-,1268,-,-132.5459442,36.77236938,-76.04051208,9.01960754,23.48783112,21.74799156,-
Sun Nov 26 19:26:53 EST 2017,26:53.1,-76.04055183,36.7722986,10,11,-40.59999847,206.7,8.54251194,1.26413846,4.67348194,0.02431013,-,20,-0.05957493,0.84346181,0.11714748,0.29830143,32.94117737,33.33333206,-,-,41,21.43532753,14.64881134,-,1320,-,-133.2020874,36.77229691,-76.04055023,11.37254906,22.36936378,22.36936378,-
Sun Nov 26 19:26:54 EST 2017,26:54.1,-76.04058776,36.77223043,10,11,-40.79999924,205.8,7.85298157,1.30244577,4.63517427,-0.0488347,-,19.2156868,0.00173044,0.86298645,0.27724904,0.32563588,30.98039246,30.98039246,-,-,41,21.44517136,14.64881134,-,1320,-,-133.8582611,36.77223206,-76.04058838,10.1960783,22.36936378,22.9907341,41.02241135
Sun Nov 26 19:26:55 EST 2017,26:55.1,-76.04064002,36.77213954,10.25,11,-40.70000076,203.1,7.92959595,2.41335535,4.29040956,0.0120955,-,19.2156868,-0.03873703,0.81222248,0.32410803,0.29830143,30.58823586,30.58823586,-,-,41,21.47225952,14.64881134,-,1385,-,-133.5301819,36.7721405,-76.04064178,9.8039217,22.9285965,23.61210442,23.32591248
Sun Nov 26 19:26:56 EST 2017,26:56.1,-76.04069512,36.77205128,10.25,11,-40.79999924,203.3,7.69975281,3.21780705,4.32871675,0.00717344,-,17.64705849,0.00402784,0.80050778,0.30458343,0.42325872,28.62745094,28.62745094,-,-,41,21.48940849,14.64881134,-,1403,-,-133.8582611,36.77205276,-76.04069519,8.23529434,22.9285965,24.23347664,23.32591248
Sun Nov 26 19:26:57 EST 2017,26:57.1,-76.04079828,36.77194383,11,10,-41.20000076,209.3,6.93360806,3.60087943,4.06056595,-0.01369925,-,15.29411793,0.02764075,0.73412424,0.42173091,0.4818325,23.13725471,23.13725471,-,-,41,21.50634766,14.64881134,-,1402,-,-135.1706085,36.77194214,-76.040802,5.49019623,24.60629845,24.23347664,19.27200699
Sun Nov 26 19:26:58 EST 2017,26:58.1,-76.04085922,36.77186238,10.75,10,-41.29999924,212.5,7.81467438,2.68150592,5.40131903,0.01337175,-,15.29411793,-0.01595833,0.78098321,0.31629819,0.40763909,25.49019623,25.49019623,-,-,41,21.53581429,14.64881134,-,1378,-,-135.4986877,36.77186203,-76.04085541,5.49019623,24.04706573,23.61210442,19.27200699
Sun Nov 26 19:26:59 EST 2017,26:59.1,-76.0409237,36.77177305,11,10,-41.5,215.7,7.85298157,2.48996973,4.175488,-0.02087173,-,16.07843208,-0.06421868,0.76536351,0.2421048,0.38030469,25.88235283,25.88235283,-,-,41,21.54839897,14.64881134,-,1354,-,-136.1548615,36.77177429,-76.04092407,6.27450991,24.60629845,23.61210442,19.27200699
Sun Nov 26 19:27:00 EST 2017,27:00.1,-76.04099832,36.77170647,10.5,10,-41.5,217.4,7.92959595,2.7581203,4.21379519,-0.00315375,-,16.07843208,0.04052269,0.85517663,0.25381953,0.43497351,25.88235283,25.88235283,-,-,41,21.55708885,14.64881134,-,1349,-,-136.1548615,36.77170563,-76.04100037,6.27450991,23.48783112,22.9907341,19.27200699
Sun Nov 26 19:27:01 EST 2017,27:01.1,-76.04108086,36.7716404,10.75,10,-41.70000076,222,7.46990919,3.79241538,4.78840351,0.00072023,-,16.07843208,0.0128794,0.81612742,0.28505886,0.42716369,25.88235283,25.88235283,-,-,41,21.57415581,14.64881134,-,1325,-,-136.8110199,36.77164078,-76.04108429,6.27450991,24.04706573,22.9907341,-
Sun Nov 26 19:27:02 EST 2017,27:02.1,-76.04115339,36.77157813,10.25,9,-41.5,226.9,8.00621033,2.9113493,5.20978308,-0.03614772,-,16.07843208,-0.01609789,0.82393724,0.26943922,0.364685,25.88235283,26.27450943,-,-,41,21.57886124,14.64881134,-,1319,-,-136.1548615,36.77157974,-76.04115295,6.66666698,22.9285965,22.36936378,-
Sun Nov 26 19:27:03 EST 2017,27:03.1,-76.0412387,36.77152188,10,9,-40.29999924,230.7,8.04451752,2.29843354,4.5202527,-0.00230464,-,16.07843208,-0.0306359,0.80050778,0.31629819,0.34516042,26.27450943,26.27450943,-,-,41,21.58351135,14.64881134,-,1311,-,-132.2178497,36.77152252,-76.04123688,6.66666698,22.36936378,22.36936378,-
Sun Nov 26 19:27:04 EST 2017,27:04.1,-76.04131882,36.77147026,10,10,-40.29999924,232.2,7.12514448,2.94965649,4.40533113,-0.0331538,-,16.07843208,-0.04308834,0.79660285,0.2928687,0.34125552,26.27450943,26.27450943,-,-,41,21.59264946,14.64881134,-,1294,-,-132.2178497,36.77146912,-76.0413208,6.66666698,22.36936378,22.36936378,-
Sun Nov 26 19:27:05 EST 2017,27:05.1,-76.04140966,36.77142106,10,10,-40.5,234.7,7.46990919,3.60087943,3.94564438,0.01211119,-,17.25490189,0.03511203,0.78488815,0.49592432,0.35687518,27.45098114,27.84313774,-,-,41,21.59713745,14.64881134,-,1302,-,-132.8740234,36.77141953,-76.04141235,8.23529434,22.36936378,22.36936378,-
Sun Nov 26 19:27:06 EST 2017,27:06.1,-76.04151547,36.77137964,10.25,9,-39.70000076,241.3,8.19774628,3.63918662,5.09486103,0.00712611,-,18.8235302,0.01317312,0.79660285,0.32410803,0.43497351,30.19607925,29.80392265,-,-,41,21.60157585,14.64881134,-,1337,-,-130.2493439,36.77138138,-76.04151917,9.8039217,22.9285965,22.36936378,-
Sun Nov 26 19:27:07 EST 2017,27:07.1,-76.04161385,36.77133739,10.25,10,-38.70000076,243.8,8.19774628,2.18351197,4.78840351,-0.01637964,-,17.64705849,0.04153406,0.86689138,0.18353106,0.44668823,28.62745094,28.62745094,-,-,41,21.62089348,14.64881134,-,1362,-,-126.9685059,36.7713356,-76.04161072,8.62745094,22.9285965,23.61210442,44.41026688
Sun Nov 26 19:27:08 EST 2017,27:08.1,-76.04172931,36.77130952,10.5,10,-39.09999847,248.4,8.00621033,2.37504816,5.01824665,0.02870904,-,15.68627453,0.00534152,0.83174706,0.24600971,0.40763909,25.49019623,25.88235283,-,-,41,21.63214302,14.64881134,-,1377,-,-128.280838,36.7713089,-76.04173279,5.88235283,23.48783112,23.61210442,44.41026688
Sun Nov 26 19:27:09 EST 2017,27:09.1,-76.04184268,36.77128666,10.75,9,-39.40000153,251.9,5.28639746,2.79642749,3.10288548,0.00131223,-,15.68627453,0.1070687,0.84346181,0.29677361,0.55212098,25.49019623,25.88235283,-,-,41,21.64326477,14.64881134,-,1376,-,-129.2650909,36.77128601,-76.0418396,5.88235283,24.04706573,23.61210442,44.41026688
Sun Nov 26 19:27:10 EST 2017,27:10.1,-76.04195555,36.77126272,10.75,9,-39,254.2,7.73806,2.87304211,4.8267107,-0.01665555,-,17.64705849,-0.00666743,0.81222248,0.29677361,0.38811451,29.01960754,29.41176605,-,-,41,21.66514206,14.64881134,-,1372,-,-127.9527588,36.77126312,-76.04195404,8.23529434,24.04706573,23.61210442,44.41026688
Sun Nov 26 19:27:11 EST 2017,27:11.1,-76.04206959,36.77125296,10.75,3,-38.90000153,257.1,8.04451752,4.175488,3.98395157,-0.00018396,-,17.64705849,-0.08130848,0.71850449,0.32801294,0.36858991,28.62745094,28.62745094,-,-,41,21.67589951,14.64881134,-,1372,-,-127.6246796,36.77125168,-76.04206848,8.23529434,24.04706573,23.61210442,-
Sun Nov 26 19:27:12 EST 2017,27:12.1,-76.04219181,36.77123729,10.75,3,-38.59999847,261.1,7.431602,4.02225876,4.21379519,0.01465692,-,17.64705849,0.04924808,0.83955687,0.37096703,0.40763909,27.84313774,26.66666794,-,-,41,21.6865387,14.64881134,-,1375,-,-126.6404114,36.77123642,-76.04219055,8.23529434,24.04706573,23.61210442,-
Sun Nov 26 19:27:13 EST 2017,27:13.1,-76.04231495,36.77122414,10.75,4,-38.59999847,263.4,8.23605347,3.83072281,5.5162406,-0.01810142,-,15.29411793,-0.04850132,0.78488815,0.28896379,0.35297027,24.31372643,24.70588303,-,-,41,21.70746803,14.64881134,-,1355,-,-126.6404114,36.77122498,-76.04231262,5.49019623,24.04706573,23.61210442,-
Sun Nov 26 19:27:14 EST 2017,27:14.1,-76.04242756,36.77122523,10.5,3,-38.29999924,268.9,8.61912632,1.41736746,4.94163227,0.00030952,-,14.90196133,-0.05790516,0.80441266,0.12886222,0.37249482,23.13725471,23.92156982,-,-,41,21.71440315,14.64881134,-,1334,-,-125.6561661,36.77122498,-76.04242706,5.09803915,23.48783112,22.9907341,-
Sun Nov 26 19:27:15 EST 2017,27:15.1,-76.04254243,36.77123079,10.5,3,-38.90000153,271.6,8.58081913,-0.19153613,5.05655384,0.01521775,-,14.90196133,-0.06689672,0.80441266,0.05857374,0.36858991,23.52941132,23.92156982,-,-,41,21.72805405,14.64881134,-,1306,-,-127.6246796,36.7712326,-76.0425415,5.09803915,23.48783112,22.9907341,-
Sun Nov 26 19:27:16 EST 2017,27:16.1,-76.04265943,36.77123381,10.25,4,-39.29999924,272.5,8.58081913,-0.68953007,3.86903,0.03137633,-,14.90196133,-0.14798966,0.74193406,0.01952458,0.317826,23.52941132,23.92156982,-,-,41,21.73146629,14.64881134,-,1287,-,-128.9370117,36.7712326,-76.04265594,4.70588255,22.9285965,22.36936378,-
Sun Nov 26 19:27:17 EST 2017,27:17.1,-76.04277552,36.77124031,10,3,-39.40000153,272.4,8.31266785,-0.11492168,5.05655384,-0.00070359,-,14.90196133,0.03559101,0.89813066,-0.08590815,0.40763909,23.52941132,23.52941132,-,-,41,21.73484039,14.64881134,-,1282,-,-129.2650909,36.77124023,-76.04277802,4.70588255,22.36936378,22.36936378,-
Sun Nov 26 19:27:18 EST 2017,27:18.1,-76.04288797,36.77124255,10,4,-39.90000153,271.9,8.27436066,0.15322891,5.01824665,0.0025922,-,14.50980377,-0.03009294,0.85517663,-0.00390492,0.35687518,22.35294151,22.35294151,-,-,41,21.73823357,14.64881134,-,1253,-,-130.9055176,36.77124405,-76.04288483,4.70588255,22.36936378,21.74799156,-
Sun Nov 26 19:27:19 EST 2017,27:19.1,-76.04299749,36.77124075,9.75,3,-40.09999847,270.3,7.58483076,2.87304211,6.74207211,0.0383664,-,14.50980377,0.16879804,0.97622901,0.10933765,0.53259641,21.96078491,22.35294151,-,-,41,21.73828316,14.64881134,-,1239,-,-131.561676,36.77124023,-76.04299927,4.70588255,21.81012726,21.74799156,-
Sun Nov 26 19:27:20 EST 2017,27:20.1,-76.04311057,36.77124812,9.75,3,-40.09999847,272.7,7.50821638,2.87304211,4.44363832,-0.04352859,-,14.50980377,-0.01270737,0.79660285,0.32410803,0.3842096,21.96078491,22.35294151,-,-,41,21.73511314,14.64881134,-,1227,-,-131.561676,36.77124786,-76.04311371,4.70588255,21.81012726,21.12662125,-
Sun Nov 26 19:27:21 EST 2017,27:21.1,-76.04321961,36.77125044,9.5,4,-40.09999847,273.6,5.17147589,6.7803793,3.06457806,0.07219956,-,14.50980377,-0.09147981,0.57402265,0.63259637,0.20848836,23.13725471,23.13725471,-,-,41,21.72249794,14.64881134,-,1201,-,-131.561676,36.77125168,-76.04322052,4.70588255,21.25089455,20.50524902,-
Sun Nov 26 19:27:22 EST 2017,27:22.1,-76.04332253,36.77126501,9.25,4,-39.70000076,279.6,4.94163227,6.24407816,4.8267107,-0.0547604,-,14.50980377,-0.07920977,0.47639978,0.64431113,0.35297027,22.35294151,22.35294151,-,-,41,21.71311951,14.64881134,-,1152,-,-130.2493439,36.77126312,-76.0433197,4.31372547,20.69165993,19.88387871,-
Sun Nov 26 19:27:23 EST 2017,27:23.1,-76.0434164,36.77129423,9,3,-39.70000076,288.9,5.43962622,5.97592735,5.40131903,-0.02574048,-,14.90196133,-0.04333553,0.6130718,0.62869149,0.27877685,23.52941132,23.52941132,-,-,41,21.70383263,14.64881134,-,1152,-,-130.2493439,36.77129364,-76.04341888,4.70588255,20.13242531,19.88387871,-
Sun Nov 26 19:27:24 EST 2017,27:24.1,-76.04350498,36.77133147,8.75,3,-40,297.4,7.89128876,3.06457806,5.40131903,0.0426318,-,14.50980377,-0.01838028,0.78879303,0.28115395,0.411544,23.52941132,23.92156982,-,-,41,21.67929649,14.64881134,-,1159,-,-131.2335968,36.77133179,-76.04350281,4.70588255,19.5731926,19.26250648,-
Sun Nov 26 19:27:25 EST 2017,27:25.1,-76.04358849,36.7713754,8.75,3,-39.79999924,302.8,8.04451752,2.10689759,4.67348194,0.00548383,-,14.90196133,-0.00516312,0.85517663,0.12495731,0.39201942,23.52941132,23.92156982,-,-,41,21.66721344,14.64881134,-,1132,-,-130.5774231,36.77137375,-76.04358673,5.09803915,19.5731926,19.26250648,-
Sun Nov 26 19:27:26 EST 2017,27:26.1,-76.04366494,36.77142152,8.75,4,-39.40000153,304.6,8.04451752,1.07260239,3.98395157,0.00906022,-,14.90196133,-0.0414712,0.82784218,0.1952458,0.34125552,23.13725471,23.13725471,-,-,41,21.65525055,14.64881134,-,1150,-,-129.2650909,36.77142334,-76.04366302,5.09803915,19.5731926,19.26250648,-
Sun Nov 26 19:27:27 EST 2017,27:27.1,-76.0437447,36.77147111,8.75,4,-39.5,305.8,7.92959595,1.76213241,4.67348194,0.00996376,-,14.11764717,0.0171638,0.8747012,0.10543273,0.40763909,22.35294151,22.35294151,-,-,41,21.62861443,14.64881134,-,1363,-,-129.5931702,36.77147293,-76.04374695,4.31372547,19.5731926,18.64113617,-
Sun Nov 26 19:27:28 EST 2017,27:28.1,-76.04380582,36.77152091,8.25,4,-39.5,309.1,8.04451752,0.22984336,4.40533113,0.00281918,-,15.29411793,0.01326353,0.85517663,0.00780983,0.44278333,23.52941132,23.52941132,-,-,41,21.61092377,14.64881134,-,1391,-,-129.5931702,36.77152252,-76.04380798,5.49019623,18.45472336,18.01976395,-
Sun Nov 26 19:27:29 EST 2017,27:29.1,-76.04387907,36.77157031,8.25,4,-39.09999847,310.9,8.58081913,0.61291564,5.36301184,-0.00609433,-,14.90196133,-0.06522211,0.84346181,0.00390492,0.30220634,23.52941132,23.92156982,-,-,41,21.5903759,14.64881134,-,1349,-,-128.280838,36.77157211,-76.04387665,5.09803915,18.45472336,17.39839363,-
Sun Nov 26 19:27:30 EST 2017,27:30.1,-76.04394861,36.77161657,8,4,-39.40000153,310.8,8.08282471,2.71981311,4.13718033,-0.00255018,-,15.29411793,-0.00672125,0.83955687,0.18743597,0.39592433,25.09803963,25.49019623,-,-,41,21.54386902,14.64881134,-,1335,-,-129.2650909,36.77161789,-76.04394531,5.88235283,17.89549065,16.77702141,-
Sun Nov 26 19:27:31 EST 2017,27:31.1,-76.04400831,36.77166214,7.5,3,-39.29999924,311.4,7.69975281,3.10288548,4.71178913,-0.0031691,-,17.25490189,-0.00038154,0.8083176,0.28896379,0.411544,28.62745094,25.49019623,-,-,41,21.52095222,14.64881134,-,1309,-,-128.9370117,36.77166367,-76.04400635,7.84313726,16.77702141,16.77702141,-
Sun Nov 26 19:27:32 EST 2017,27:32.1,-76.04407143,36.77170706,7.5,4,-39.20000076,313.3,8.77235508,0.84275901,3.98395157,0.05306765,-,18.8235302,0.11875709,0.90203559,0.08200324,0.55602586,30.58823586,31.37254906,-,-,41,21.49825478,14.64881134,-,1329,-,-128.6089325,36.77170563,-76.04407501,9.4117651,16.77702141,16.77702141,-
Sun Nov 26 19:27:33 EST 2017,27:33.1,-76.04413848,36.77175461,7.75,4,-38.59999847,315.4,7.20175886,4.86501789,4.25210238,-0.00283993,-,18.4313736,0.02144518,0.78488815,0.49201941,0.32954079,31.76470566,32.94117737,-,-,41,21.46233749,14.64881134,-,1408,-,-126.6404114,36.77175522,-76.04413605,9.01960754,17.33625603,18.01976395,13.98412418
Sun Nov 26 19:27:34 EST 2017,27:34.1,-76.04419998,36.77180833,8,4,-38.59999847,317.6,7.12514448,4.36702394,4.5202527,-0.03056997,-,19.6078434,-0.0311555,0.72631437,0.44516042,0.36078009,31.37254906,31.76470566,-,-,41,21.44902992,14.64881134,-,1463,-,-126.6404114,36.77180862,-76.04419708,10.98039246,17.89549065,18.64113617,29.78700829
Sun Nov 26 19:27:35 EST 2017,27:35.1,-76.04425356,36.77186904,8.5,4,-38.5,322.1,6.24407816,5.47793341,3.75410819,-0.0216547,-,19.2156868,-0.05083752,0.70678979,0.42563587,0.36858991,29.80392265,30.98039246,-,-,41,21.44168091,14.64881134,-,1514,-,-126.3123398,36.77186966,-76.04425049,10.1960783,19.01395798,19.88387871,29.78700829
Sun Nov 26 19:27:36 EST 2017,27:36.1,-76.0443068,36.77193754,9,4,-38.40000153,327.2,6.24407816,5.89931297,4.71178913,-0.02166572,-,18.03921509,0.00887179,0.65602589,0.59354722,0.3842096,28.62745094,28.62745094,-,-,41,21.43730545,14.64881134,-,1555,-,-125.9842606,36.77193832,-76.04430389,8.62745094,20.13242531,20.50524902,51.79600525
Sun Nov 26 19:27:37 EST 2017,27:37.1,-76.04435598,36.77201007,9,4,-38.29999924,331.4,6.32069254,6.35899973,5.01824665,-0.01073189,-,18.03921509,-0.01390589,0.65993077,0.61697668,0.29439652,28.23529434,28.23529434,-,-,41,21.43297005,14.64881134,-,1574,-,-125.6561661,36.7720108,-76.0443573,9.01960754,20.13242531,20.50524902,51.79600525
Sun Nov 26 19:27:38 EST 2017,27:38.1,-76.04438406,36.77209446,9.25,4,-37.59999847,341,6.28238535,4.97993946,4.94163227,-0.01360993,-,17.64705849,0.01348936,0.65602589,0.60135704,0.3842096,27.84313774,27.84313774,-,-,41,21.42867661,14.64881134,-,1573,-,-123.3595734,36.77209473,-76.04438782,8.23529434,20.69165993,20.50524902,51.79600525
Sun Nov 26 19:27:39 EST 2017,27:39.1,-76.04439978,36.77217588,9.25,4,-38.70000076,347.9,6.39730692,4.48194551,4.67348194,0.00397266,-,17.64705849,-0.04303253,0.71850449,0.54668826,0.21629821,27.84313774,27.84313774,-,-,41,21.42020416,14.64881134,-,1583,-,-126.9685059,36.77217484,-76.04440308,8.23529434,20.69165993,20.50524902,-
Sun Nov 26 19:27:40 EST 2017,27:40.1,-76.04441995,36.77225459,9.5,5,-38.79999924,350.4,7.20175886,3.63918662,4.5202527,-0.01651993,-,17.64705849,-0.02577624,0.7575537,0.39830142,0.364685,27.45098114,27.45098114,-,-,41,21.41602516,14.64881134,-,1592,-,-127.2965851,36.77225494,-76.04441833,8.23529434,21.25089455,20.50524902,-
Sun Nov 26 19:27:41 EST 2017,27:41.1,-76.04441998,36.77233509,9.5,4,-38.59999847,359.3,6.70376492,5.24809027,4.75009632,0.0078886,-,18.03921509,0.00274283,0.6794554,0.56230789,0.37639979,27.45098114,27.45098114,-,-,41,21.41470909,14.64881134,-,1621,-,-126.6404114,36.77233505,-76.04441833,8.62745094,21.25089455,21.12662125,14.62650585
Sun Nov 26 19:27:42 EST 2017,27:42.1,-76.04440509,36.77242144,9.75,5,-38.5,2.7,5.74608421,6.05254173,4.94163227,-0.00407272,-,16.07843208,-0.04102556,0.6130718,0.56230789,0.37639979,24.31372643,24.70588303,-,-,41,21.41340828,14.64881134,-,1625,-,-126.3123398,36.77242279,-76.04440308,6.66666698,21.81012726,21.12662125,14.62650585
Sun Nov 26 19:27:43 EST 2017,27:43.1,-76.04437498,36.77250837,9.5,4,-38.09999847,11.4,5.43962622,5.70777702,4.8267107,-0.01338816,-,16.07843208,-0.04814055,0.6130718,0.54668826,0.38030469,24.70588303,24.70588303,-,-,41,21.40526199,14.64881134,-,1579,-,-124.9999924,36.77250671,-76.04437256,6.66666698,21.25089455,20.50524902,14.62650585
Sun Nov 26 19:27:44 EST 2017,27:44.1,-76.04434109,36.77259965,9.75,4,-38.40000153,16.7,5.82269859,4.67348194,4.29040956,-0.01303134,-,17.25490189,-0.1909252,0.45297024,0.50763905,0.33735061,27.45098114,28.23529434,-,-,41,21.40124321,14.64881134,-,1593,-,-125.9842606,36.77259827,-76.04434204,7.05882359,21.81012726,20.50524902,-
Sun Nov 26 19:27:45 EST 2017,27:45.1,-76.044292,36.7726681,9.5,4,-37.79999924,24.6,7.62313843,4.29040956,3.56257224,-0.00387685,-,19.2156868,0.0246072,0.79660285,0.4373506,0.37249482,26.66666794,26.66666794,-,-,41,21.39726067,14.64881134,-,1605,-,-124.0157471,36.77266693,-76.04428864,10.1960783,21.25089455,20.50524902,-
Sun Nov 26 19:27:46 EST 2017,27:46.1,-76.04424618,36.77274536,9.5,4,-37.90000153,30.5,8.50420475,1.22583127,4.40533113,0.00610061,-,18.03921509,-0.05261564,0.83565199,0.06247865,0.34125552,28.23529434,28.23529434,-,-,41,21.39606476,14.64881134,-,1614,-,-124.3438339,36.77274704,-76.04424286,8.62745094,21.25089455,21.12662125,15.42443848
Sun Nov 26 19:27:47 EST 2017,27:47.1,-76.0441915,36.77281709,9.5,4,-37.5,31.9,8.6957407,-1.07260239,5.01824665,0.020135,-,18.03921509,-0.04252248,0.83565199,-0.0741934,0.36078009,27.84313774,27.84313774,-,-,41,21.39370155,14.64881134,-,1642,-,-123.0314941,36.7728157,-76.04418945,8.62745094,21.25089455,21.12662125,15.42443848
Sun Nov 26 19:27:48 EST 2017,27:48.1,-76.04412785,36.77289068,9.5,3,-37.20000076,34.2,8.61912632,-2.33674097,4.94163227,0.06017818,-,16.47058868,-0.02153306,0.85127175,-0.14057697,0.36078009,26.27450943,26.66666794,-,-,41,21.39253426,14.64881134,-,1628,-,-122.0472488,36.772892,-76.04412842,7.84313726,21.25089455,21.12662125,15.42443848
Sun Nov 26 19:27:49 EST 2017,27:49.1,-76.04406778,36.77295818,9.5,3,-38,33.2,8.81066227,-1.34075296,4.21379519,0.00501702,-,18.4313736,-0.05775127,0.82003236,-0.16400647,0.3334457,28.62745094,27.84313774,-,-,41,21.3913784,14.64881134,-,1630,-,-124.6719132,36.77295685,-76.04406738,9.4117651,21.25089455,21.12662125,-
Sun Nov 26 19:27:50 EST 2017,27:50.1,-76.04400703,36.77303682,9.75,4,-37.40000153,32.8,7.35498762,-1.76213241,3.60087943,0.02161888,-,17.64705849,-0.04221173,0.82003236,-0.25772443,0.32173091,27.45098114,27.45098114,-,-,41,21.39023399,14.64881134,-,1638,-,-122.7034149,36.77303696,-76.04400635,8.23529434,21.81012726,21.12662125,-
Sun Nov 26 19:27:51 EST 2017,27:51.1,-76.04395455,36.77312145,9.75,5,-36.79999924,31.4,8.27436066,-2.06859016,3.94564438,-0.01096573,-,17.25490189,-0.05797804,0.82784218,-0.16400647,0.317826,27.05882454,27.05882454,-,-,41,21.39330292,14.64881134,-,1657,-,-120.7349091,36.77312088,-76.04395294,7.84313726,21.81012726,21.74799156,15.92083454
Sun Nov 26 19:27:52 EST 2017,27:52.1,-76.04390432,36.77319825,10,5,-36.70000076,30.2,8.35097599,-0.61291564,5.17147589,0.00137225,-,17.25490189,-0.09404472,0.80050778,-0.03904916,0.32173091,27.05882454,27.05882454,-,-,41,21.39481926,14.64881134,-,1655,-,-120.4068298,36.77319717,-76.04390717,7.84313726,22.36936378,21.74799156,15.92083454
Sun Nov 26 19:27:53 EST 2017,27:53.1,-76.04386656,36.77327661,9.75,4,-36.5,25.8,8.54251194,0.30645782,3.90733719,0.00475374,-,17.25490189,0.08833055,0.9371798,-0.04685899,0.45059317,27.05882454,27.05882454,-,-,41,21.39632225,14.64881134,-,1653,-,-119.7506561,36.77327728,-76.04386902,7.84313726,21.81012726,21.74799156,15.92083454
Sun Nov 26 19:27:54 EST 2017,27:54.1,-76.04381866,36.77335801,9.5,4,-36.40000153,24.1,9.00219822,-0.91937345,4.78840351,0.00745465,-,17.25490189,0.02255747,0.89813066,0.00390492,0.38811451,27.05882454,27.45098114,-,-,41,21.39929008,14.64881134,-,1660,-,-119.4225769,36.77335739,-76.04381561,7.84313726,21.25089455,21.74799156,-
Sun Nov 26 19:27:55 EST 2017,27:55.1,-76.04377241,36.77343636,9.5,5,-36.40000153,24.4,8.92558384,-0.80445176,4.02225876,0.02731777,-,18.8235302,-0.00658288,0.86689138,0.01561966,0.3842096,27.05882454,27.45098114,-,-,41,21.40075493,14.64881134,-,1667,-,-119.4225769,36.7734375,-76.04376984,9.8039217,21.25089455,21.74799156,-
Sun Nov 26 19:27:56 EST 2017,27:56.1,-76.04374609,36.7735196,9.75,4,-36.40000153,22.1,8.31266785,-1.80043972,4.59686708,0.03717589,-,18.4313736,-0.0153693,0.83955687,-0.1718163,0.3842096,28.62745094,29.41176605,-,-,41,21.40220833,14.64881134,-,1670,-,-119.4225769,36.77352142,-76.04374695,9.4117651,21.81012726,21.74799156,-
Sun Nov 26 19:27:57 EST 2017,27:57.1,-76.04370665,36.77359667,9.5,5,-36.09999847,21.8,7.69975281,-2.52827692,4.55855989,0.01646413,-,19.2156868,-0.01924345,0.83565199,-0.19915071,0.37249482,29.41176605,29.41176605,-,-,41,21.40365028,14.64881134,-,1693,-,-118.4383164,36.77359772,-76.0437088,9.8039217,21.25089455,21.74799156,-
Sun Nov 26 19:27:58 EST 2017,27:58.1,-76.04366534,36.77368021,9.5,5,-35.79999924,20.5,8.61912632,-0.99598789,4.48194551,0.01942651,-,19.2156868,0.02333313,0.87079626,-0.10152781,0.42716369,29.41176605,29.80392265,-,-,41,21.41163063,14.64881134,-,1719,-,-117.4540634,36.77368164,-76.04366302,9.8039217,21.25089455,22.36936378,15.16359234
Sun Nov 26 19:27:59 EST 2017,27:59.1,-76.0436357,36.77376452,9.5,5,-36,19,8.54251194,-0.76614451,4.59686708,0.00685229,-,18.4313736,-0.00912062,0.84346181,-0.08981306,0.411544,28.23529434,28.23529434,-,-,41,21.41556931,14.64881134,-,1736,-,-118.1102371,36.77376556,-76.04363251,9.4117651,21.25089455,22.36936378,15.16359234
Sun Nov 26 19:28:00 EST 2017,28:00.1,-76.04361226,36.77385073,9.75,5,-36.40000153,16,8.50420475,-0.72783732,4.8267107,0.01192145,-,18.4313736,-0.02492294,0.86298645,-0.1444819,0.32954079,28.23529434,28.23529434,-,-,41,21.42202759,14.64881134,-,1739,-,-119.4225769,36.77384949,-76.04360962,9.4117651,21.81012726,22.9907341,15.16197491
Sun Nov 26 19:28:01 EST 2017,28:01.1,-76.04357982,36.7739452,9.75,5,-36.40000153,14.1,8.58081913,-1.34075296,4.67348194,0.01800178,-,18.4313736,-0.0009159,0.86689138,-0.06247865,0.39201942,28.23529434,28.23529434,-,-,41,21.42842865,14.64881134,-,1747,-,-119.4225769,36.77394485,-76.0435791,9.4117651,21.81012726,22.9907341,15.16197491
Sun Nov 26 19:28:02 EST 2017,28:02.1,-76.04356555,36.77404174,10,5,-36.5,11.7,8.81066227,-1.72382522,4.29040956,0.01035673,-,18.4313736,-0.08549522,0.77707827,-0.07028849,0.37639979,28.23529434,28.62745094,-,-,41,21.43478012,14.64881134,-,1747,-,-119.7506561,36.77404022,-76.04356384,9.4117651,22.36936378,22.9907341,15.16197491
Sun Nov 26 19:28:03 EST 2017,28:03.1,-76.04354362,36.77411797,9.75,5,-36.59999847,10.3,8.15943909,-0.80445176,4.44363832,0.00649231,-,18.8235302,-0.01527624,0.85908157,-0.13667206,0.36078009,28.23529434,28.62745094,-,-,41,21.44231796,14.64881134,-,1730,-,-120.0787354,36.77411652,-76.04354095,9.4117651,21.81012726,22.36936378,-
Sun Nov 26 19:28:04 EST 2017,28:04.1,-76.04352545,36.77420001,9.5,5,-36.70000076,10,8.84896946,-1.60890353,4.75009632,0.03418411,-,19.2156868,0.1152532,0.98013395,-0.2186753,0.3842096,29.01960754,29.41176605,-,-,41,21.44604111,14.64881134,-,1713,-,-120.4068298,36.77420044,-76.0435257,10.1960783,21.25089455,22.36936378,-
Sun Nov 26 19:28:05 EST 2017,28:05.1,-76.04352237,36.77430125,10,4,-36.40000153,6,8.35097599,-0.68953007,4.55855989,0.00602626,-,18.4313736,0.00824393,0.88251102,-0.05076391,0.3842096,28.23529434,28.62745094,-,-,41,21.44973373,14.64881134,-,1697,-,-119.4225769,36.77429962,-76.0435257,9.01960754,22.36936378,22.36936378,-
Sun Nov 26 19:28:06 EST 2017,28:06.1,-76.04350871,36.77439452,9.75,5,-36.70000076,5.8,8.54251194,0.15322891,4.97993946,0.00872784,-,18.4313736,-0.01235967,0.86689138,-0.00390492,0.37249482,28.23529434,28.62745094,-,-,41,21.45092201,14.64881134,-,1682,-,-120.4068298,36.77439499,-76.04351044,9.01960754,21.81012726,21.74799156,-
Sun Nov 26 19:28:07 EST 2017,28:07.1,-76.04348559,36.77448575,10,5,-36.09999847,6.8,8.27436066,-1.18752408,4.36702394,-0.00050898,-,18.8235302,-0.03433428,0.84736669,-0.03904916,0.36078009,29.01960754,29.41176605,-,-,41,21.45210266,14.64881134,-,1658,-,-118.4383164,36.77448654,-76.04348755,9.4117651,22.36936378,21.74799156,-
Sun Nov 26 19:28:08 EST 2017,28:08.1,-76.04347043,36.77457554,9.75,5,-35.59999847,7.6,7.73806,2.29843354,4.36702394,0.00547818,-,18.4313736,-0.05894228,0.80441266,0.23819989,0.32563588,28.62745094,28.62745094,-,-,41,21.4508152,14.64881134,-,1632,-,-116.7978973,36.77457428,-76.04347229,9.4117651,21.81012726,21.12662125,-
Sun Nov 26 19:28:09 EST 2017,28:09.1,-76.04345195,36.77465933,9.75,6,-35.59999847,7.9,8.35097599,1.83874691,4.63517427,0.01048732,-,18.03921509,-0.03553588,0.78488815,0.2186753,0.4154489,28.62745094,28.62745094,-,-,41,21.44583511,14.64881134,-,1602,-,-116.7978973,36.7746582,-76.0434494,9.01960754,21.81012726,20.50524902,-
Sun Nov 26 19:28:10 EST 2017,28:10.1,-76.04344774,36.77474124,9.5,4,-34.90000153,6,8.23605347,2.45166254,4.55855989,-0.00071537,-,18.8235302,0.04109442,0.89813066,0.22258021,0.37639979,30.19607925,30.19607925,-,-,41,21.44215965,14.64881134,-,1607,-,-114.5013199,36.77474213,-76.0434494,9.8039217,21.25089455,20.50524902,-
Sun Nov 26 19:28:11 EST 2017,28:11.1,-76.04342962,36.774822,9.25,4,-35.29999924,6.7,7.96790314,2.26012635,4.06056595,-0.02719608,-,18.8235302,-0.10056102,0.76926845,0.23429495,0.30220634,29.80392265,29.80392265,-,-,41,21.43851471,14.64881134,-,1603,-,-115.8136444,36.77482224,-76.04342651,9.8039217,20.69165993,20.50524902,-
Sun Nov 26 19:28:12 EST 2017,28:12.1,-76.04341541,36.7749048,9.5,4,-35.09999847,8.4,7.92959595,1.57059634,4.67348194,-0.02034005,-,18.4313736,-0.05480857,0.8083176,0.20305562,0.34516042,29.01960754,29.01960754,-,-,41,21.43730545,14.64881134,-,1610,-,-115.1574783,36.77490616,-76.04341888,9.01960754,21.25089455,21.12662125,13.89911079
Sun Nov 26 19:28:13 EST 2017,28:13.1,-76.0433959,36.7749916,9.75,5,-35.09999847,8.9,8.50420475,1.49398184,5.28639746,0.05102879,-,16.86274529,-0.00927458,0.82393724,0.17962612,0.41935381,27.05882454,27.05882454,-,-,41,21.43610764,14.64881134,-,1623,-,-115.1574783,36.77499008,-76.043396,7.45098066,21.81012726,21.12662125,13.89911079
Sun Nov 26 19:28:14 EST 2017,28:14.1,-76.04337112,36.77508183,10.25,4,-35.5,12,7.16345167,0.03830723,3.79241538,0.01617243,-,16.86274529,-0.00433526,0.82003236,0.35144243,0.34125552,26.66666794,27.05882454,-,-,41,21.43491745,14.64881134,-,1612,-,-116.4698181,36.77508163,-76.04337311,7.45098066,22.9285965,21.12662125,13.89911079
Sun Nov 26 19:28:15 EST 2017,28:15.1,-76.0433511,36.77516145,9.25,4,-34.90000153,13.1,8.73404789,2.41335535,4.44363832,0.00003992,-,18.03921509,-0.09038039,0.77707827,0.26553428,0.29049161,29.41176605,30.19607925,-,-,41,21.43135452,14.64881134,-,1605,-,-114.5013199,36.77516174,-76.04335022,7.45098066,20.69165993,20.50524902,13.89911079
Sun Nov 26 19:28:16 EST 2017,28:16.1,-76.04331615,36.77523422,8.75,4,-34.70000076,18.2,8.77235508,1.49398184,4.32871675,0.00573049,-,18.8235302,-0.01881563,0.82784218,0.25381953,0.36078009,29.80392265,29.80392265,-,-,41,21.42782021,14.64881134,-,1611,-,-113.8451462,36.77523422,-76.0433197,9.8039217,19.5731926,20.50524902,-
Sun Nov 26 19:28:17 EST 2017,28:17.1,-76.04327666,36.77532024,9.5,4,-34.40000153,19.1,8.00621033,1.76213241,4.40533113,-0.03232241,-,18.4313736,0.02246793,0.8747012,0.18353106,0.39592433,28.62745094,28.62745094,-,-,41,21.4266758,14.64881134,-,1650,-,-112.8609009,36.77532196,-76.04327393,9.01960754,21.25089455,21.12662125,-
Sun Nov 26 19:28:18 EST 2017,28:18.1,-76.04325168,36.77541049,9.5,4,-34.5,20.4,7.73806,1.80043972,4.86501789,-0.00992306,-,18.4313736,0.04584692,0.89422578,0.19915071,0.40373418,28.62745094,28.62745094,-,-,41,21.426754,14.64881134,-,1666,-,-113.1889801,36.7754097,-76.04325104,9.01960754,21.25089455,21.74799156,13.63108349
Sun Nov 26 19:28:19 EST 2017,28:19.1,-76.04322466,36.77549511,9.75,4,-35.29999924,21.7,7.77636719,2.03028297,4.29040956,0.0104516,-,17.25490189,0.00278091,0.86298645,0.2186753,0.36078009,27.05882454,27.05882454,-,-,41,21.42796135,14.64881134,-,1664,-,-115.8136444,36.77549362,-76.04322815,8.23529434,21.81012726,21.74799156,13.47271061
Sun Nov 26 19:28:20 EST 2017,28:20.1,-76.04317753,36.77557986,9.75,4,-34.09999847,22.4,7.31668043,3.75410819,4.40533113,-0.02311939,-,17.25490189,-0.01609014,0.74193406,0.34363261,0.44668823,27.05882454,27.05882454,-,-,41,21.42683411,14.64881134,-,1649,-,-111.8766327,36.77558136,-76.04317474,7.84313726,21.81012726,21.12662125,13.47271061
Sun Nov 26 19:28:21 EST 2017,28:21.1,-76.04313002,36.77565613,9.75,5,-33.90000153,23.1,8.1211319,1.64721072,4.40533113,-0.01037931,-,16.86274529,-0.01122485,0.83565199,0.19134088,0.39201942,26.66666794,27.05882454,-,-,41,21.42571259,14.64881134,-,1639,-,-111.2204742,36.77565765,-76.04312897,7.45098066,21.81012726,21.12662125,13.47271061
Sun Nov 26 19:28:22 EST 2017,28:22.1,-76.04308041,36.77574198,9.75,4,-33.70000076,25.4,8.6957407,1.41736746,4.75009632,0.00737136,-,19.6078434,-0.00376068,0.86689138,0.18743597,0.35297027,30.19607925,27.05882454,-,-,41,21.4246006,14.64881134,-,1627,-,-110.5643082,36.77574158,-76.04308319,10.1960783,21.81012726,21.12662125,13.47271061
Sun Nov 26 19:28:23 EST 2017,28:23.1,-76.0430289,36.77580523,9.75,4,-34.29999924,29.7,7.85298157,1.34075296,4.13718033,-0.0160548,-,19.2156868,-0.05185085,0.79660285,0.07809832,0.40763909,29.80392265,30.58823586,-,-,41,21.42349815,14.64881134,-,1666,-,-112.5328064,36.77580643,-76.04302979,10.1960783,21.81012726,21.12662125,-
Sun Nov 26 19:28:24 EST 2017,28:24.1,-76.04296662,36.77587127,9.5,4,-34.09999847,32.8,7.89128876,0.68953007,4.63517427,-0.00885992,-,18.03921509,-0.0557292,0.82393724,0.05857374,0.35687518,27.05882454,27.45098114,-,-,41,21.42469597,14.64881134,-,1686,-,-111.8766327,36.77587128,-76.04296875,9.01960754,21.25089455,21.74799156,-
Sun Nov 26 19:28:25 EST 2017,28:25.1,-76.04290219,36.77594332,9.75,3,-34,32.4,7.66144562,1.34075296,4.67348194,-0.02605289,-,18.03921509,-0.07471333,0.78098321,0.13667206,0.37639979,27.84313774,27.84313774,-,-,41,21.42816925,14.64881134,-,1705,-,-111.5485535,36.77594376,-76.04290009,8.62745094,21.81012726,22.36936378,26.76657104
Sun Nov 26 19:28:26 EST 2017,28:26.1,-76.04285102,36.77602505,10,4,-34,33.9,7.62313843,2.41335535,4.44363832,-0.01124144,-,18.03921509,-0.08368665,0.79660285,0.12886222,0.3334457,27.84313774,27.84313774,-,-,41,21.43503761,14.64881134,-,1720,-,-111.5485535,36.77602386,-76.04285431,8.62745094,22.36936378,22.36936378,26.76657104
Sun Nov 26 19:28:27 EST 2017,28:27.1,-76.04279114,36.77609337,9.75,9,-34.09999847,35.7,8.46589756,2.29843354,5.20978308,-0.01391808,-,18.03921509,-0.01853572,0.82784218,0.20696054,0.3842096,27.45098114,27.45098114,-,-,41,21.43843651,14.64881134,-,1728,-,-111.8766327,36.77609253,-76.04279327,9.01960754,21.81012726,22.36936378,26.76657104
Sun Nov 26 19:28:28 EST 2017,28:28.1,-76.04272104,36.77616769,9.75,10,-33.29999924,38.4,8.38928318,2.03028297,4.29040956,-0.00497341,-,18.03921509,0.03277286,0.83955687,0.25772443,0.44278333,27.45098114,27.84313774,-,-,41,21.44181061,14.64881134,-,1747,-,-109.2519684,36.77616882,-76.04272461,8.62745094,21.81012726,22.36936378,-
Sun Nov 26 19:28:29 EST 2017,28:29.1,-76.0426494,36.77623197,10,10,-33.20000076,39.1,8.23605347,2.22181916,4.97993946,0.02590054,-,18.03921509,-0.07838161,0.78488815,0.23429495,0.32173091,27.45098114,27.84313774,-,-,41,21.44740105,14.64881134,-,1754,-,-108.9238892,36.77623367,-76.04264832,8.62745094,22.36936378,22.9907341,-
Sun Nov 26 19:28:30 EST 2017,28:30.1,-76.0425814,36.77630273,10,11,-33.40000153,39,8.08282471,2.56658411,4.63517427,-0.00913109,-,17.64705849,-0.05862615,0.74974388,0.30458343,0.38030469,27.45098114,27.45098114,-,-,41,21.45295334,14.64881134,-,1764,-,-109.5800552,36.77630234,-76.04257965,8.62745094,22.36936378,22.9907341,14.86571407
Sun Nov 26 19:28:31 EST 2017,28:31.1,-76.04250498,36.77637959,10.25,11,-33.59999847,38.9,7.73806,1.9153614,4.29040956,-0.0170835,-,17.64705849,-0.01123252,0.82003236,0.24991462,0.39201942,27.45098114,27.45098114,-,-,41,21.46393776,14.64881134,-,1761,-,-110.2362137,36.77637863,-76.04250336,8.23529434,22.9285965,22.9907341,14.86571407
Sun Nov 26 19:28:32 EST 2017,28:32.1,-76.04243294,36.77645273,10.25,12,-33.70000076,38.9,7.81467438,1.95366859,4.97993946,-0.00770442,-,17.64705849,0.00056442,0.8747012,0.18353106,0.34906533,27.45098114,27.45098114,-,-,41,21.46936989,14.64881134,-,1761,-,-110.5643082,36.77645111,-76.04243469,8.23529434,22.9285965,22.9907341,14.86571407
Sun Nov 26 19:28:33 EST 2017,28:33.1,-76.04232589,36.77651353,10.5,11,-33.59999847,46,7.58483076,3.48595762,5.05655384,-0.00713003,-,17.64705849,0.01467052,0.79660285,0.37487194,0.40373418,27.45098114,27.45098114,-,-,41,21.47256088,14.64881134,-,1750,-,-110.2362137,36.77651215,-76.04232788,8.23529434,23.48783112,22.36936378,-
Sun Nov 26 19:28:34 EST 2017,28:34.1,-76.04222499,36.77657032,10.75,11,-33.20000076,48.9,8.27436066,2.29843354,4.75009632,-0.00479831,-,17.64705849,-0.05836686,0.79660285,0.32410803,0.28268176,27.45098114,27.45098114,-,-,41,21.47572899,14.64881134,-,1730,-,-108.9238892,36.77656937,-76.0422287,8.23529434,24.04706573,22.36936378,-
Sun Nov 26 19:28:35 EST 2017,28:35.1,-76.0421168,36.77658273,10,9,-34.20000076,56.6,8.00621033,2.79642749,4.55855989,-0.00099147,-,17.64705849,0.03288376,0.85908157,0.25772443,0.411544,27.45098114,27.45098114,-,-,41,21.48200226,14.64881134,-,1728,-,-112.2047272,36.77658463,-76.04211426,8.23529434,22.36936378,22.36936378,-
Sun Nov 26 19:28:36 EST 2017,28:36.1,-76.0420141,36.77662648,10.25,10,-34.09999847,59.1,7.73806,2.03028297,4.21379519,-0.01508431,-,17.64705849,-0.02797145,0.80441266,0.25772443,0.38030469,27.45098114,27.45098114,-,-,41,21.48510361,14.64881134,-,1734,-,-111.8766327,36.77662659,-76.04201508,8.23529434,22.9285965,22.36936378,-
Sun Nov 26 19:28:37 EST 2017,28:37.1,-76.0419117,36.77667216,10.25,10,-33.20000076,60.5,8.19774628,2.79642749,5.09486103,0.04335397,-,17.64705849,-0.07214434,0.74583894,0.33582276,0.33735061,27.45098114,27.45098114,-,-,41,21.48818588,14.64881134,-,1730,-,-108.9238892,36.77667236,-76.04190826,8.23529434,22.9285965,22.36936378,-
Sun Nov 26 19:28:38 EST 2017,28:38.1,-76.04180934,36.77672492,10.25,10,-33.40000153,62.3,7.12514448,3.52426481,4.55855989,-0.00528534,-,17.64705849,-0.05355019,0.73802912,0.35144243,0.37639979,27.45098114,27.45098114,-,-,41,21.49428177,14.64881134,-,1729,-,-109.5800552,36.77672577,-76.04180908,8.23529434,22.9285965,22.36936378,-
Sun Nov 26 19:28:39 EST 2017,28:39.1,-76.04171132,36.7767623,10,10,-33.5,64.6,7.92959595,2.14520478,4.48194551,-0.0097619,-,17.64705849,-0.04008726,0.80050778,0.23819989,0.37249482,27.45098114,27.45098114,-,-,41,21.49729919,14.64881134,-,1731,-,-109.9081345,36.77676392,-76.0417099,8.23529434,22.36936378,22.36936378,-
Sun Nov 26 19:28:40 EST 2017,28:40.1,-76.04159554,36.77678327,10.25,9,-33.29999924,73.1,7.73806,2.14520478,4.48194551,-0.01523517,-,17.64705849,0.00385304,0.8747012,0.13667206,0.37249482,27.45098114,27.45098114,-,-,41,21.50029755,14.64881134,-,1748,-,-109.2519684,36.77678299,-76.04159546,8.23529434,22.9285965,22.36936378,-
Sun Nov 26 19:28:41 EST 2017,28:41.1,-76.04148589,36.77681013,10.25,10,-33.70000076,73.2,7.92959595,2.29843354,4.48194551,-0.00386439,-,17.64705849,-0.01430061,0.83955687,0.25381953,0.34906533,27.45098114,27.45098114,-,-,41,21.5062294,14.64881134,-,1738,-,-110.5643082,36.77680969,-76.04148865,8.23529434,22.9285965,22.36936378,-
Sun Nov 26 19:28:42 EST 2017,28:42.1,-76.04137432,36.77683421,10.25,11,-33.90000153,73.5,7.73806,2.48996973,4.59686708,0.01649043,-,17.64705849,-0.03828474,0.80441266,0.26162934,0.35687518,27.45098114,27.45098114,-,-,41,21.50916481,14.64881134,-,1730,-,-111.2204742,36.77683258,-76.04137421,8.23529434,22.9285965,22.36936378,-
Sun Nov 26 19:28:43 EST 2017,28:43.1,-76.04126931,36.77683866,10,10,-34.09999847,77.7,7.66144562,3.98395157,4.63517427,0.0058181,-,17.64705849,-0.050725,0.79660285,0.29677361,0.32173091,27.45098114,27.45098114,-,-,41,21.51208115,14.64881134,-,1722,-,-111.8766327,36.77684021,-76.0412674,8.23529434,22.36936378,22.36936378,-
Sun Nov 26 19:28:44 EST 2017,28:44.1,-76.04115666,36.7768502,10.25,11,-33.79999924,81.3,7.39329481,4.21379519,4.86501789,-0.01504243,-,17.64705849,-0.03918159,0.74193406,0.37096703,0.3842096,27.45098114,27.45098114,-,-,41,21.51576233,14.64881134,-,1715,-,-110.8923874,36.77685165,-76.04115295,8.23529434,22.9285965,21.74799156,-
Sun Nov 26 19:28:45 EST 2017,28:45.1,-76.04106683,36.7768693,9.5,9,-33.70000076,82.9,7.39329481,3.79241538,4.90332508,-0.00281401,-,17.64705849,-0.01616768,0.75364876,0.38658667,0.39982924,27.45098114,27.45098114,-,-,41,21.51654243,14.64881134,-,1703,-,-110.5643082,36.77687073,-76.04106903,8.23529434,21.25089455,21.74799156,-
Sun Nov 26 19:28:46 EST 2017,28:46.1,-76.04095903,36.7768711,10.25,10,-33.20000076,88.3,7.27837324,4.25210238,4.78840351,0.00722927,-,17.64705849,-0.05090182,0.7302193,0.40220633,0.35297027,27.45098114,27.45098114,-,-,41,21.51731491,14.64881134,-,1688,-,-108.9238892,36.77687073,-76.04096222,8.23529434,22.9285965,21.74799156,-
Sun Nov 26 19:28:47 EST 2017,28:47.1,-76.0408354,36.77685643,10.25,10,-32.79999924,90.7,6.24407816,5.47793341,4.36702394,0.00219513,-,17.25490189,0.02120611,0.69897997,0.57792759,0.36858991,27.05882454,27.45098114,-,-,41,21.51884842,14.64881134,-,1678,-,-107.6115494,36.77685547,-76.04083252,7.84313726,22.9285965,21.74799156,-
Sun Nov 26 19:28:48 EST 2017,28:48.1,-76.04074248,36.77682447,9.5,10,-33.09999847,101.7,6.05254173,5.43962622,4.63517427,-0.000531,-,17.25490189,-0.01096249,0.62869149,0.60526198,0.364685,27.05882454,27.45098114,-,-,41,21.51960754,14.64881134,-,1667,-,-108.5957947,36.77682495,-76.04074097,7.84313726,21.25089455,21.74799156,-
Sun Nov 26 19:28:49 EST 2017,28:49.1,-76.04063638,36.77680116,9.5,10,-32.70000076,105.7,7.24006605,5.32470465,5.24809027,-0.00404558,-,17.64705849,-0.09205945,0.68726522,0.4685899,0.26315722,27.05882454,27.45098114,-,-,41,21.51831055,14.64881134,-,1655,-,-107.2834702,36.77680206,-76.04063416,8.23529434,21.25089455,21.12662125,-
Sun Nov 26 19:28:50 EST 2017,28:50.1,-76.04053031,36.77675838,9.75,10,-32.20000076,113.9,7.58483076,2.94965649,4.75009632,-0.02044624,-,16.47058868,0.0258351,0.78488815,0.40220633,0.42325872,24.31372643,24.70588303,-,-,41,21.51574135,14.64881134,-,1631,-,-105.6430435,36.7767601,-76.04052734,7.45098066,21.81012726,21.12662125,-
Sun Nov 26 19:28:51 EST 2017,28:51.1,-76.04044515,36.77671074,9.5,10,-31.20000076,120.7,7.81467438,2.48996973,5.40131903,0.01058572,-,15.68627453,0.0262515,0.82003236,0.27724904,0.45059317,24.31372643,24.70588303,-,-,41,21.51243973,14.64881134,-,1592,-,-102.3622055,36.77671051,-76.04044342,6.27450991,21.25089455,20.50524902,-
Sun Nov 26 19:28:52 EST 2017,28:52.1,-76.04035898,36.77666777,9.25,10,-31.70000076,121,8.15943909,0.84275901,5.24809027,-0.00166406,-,15.29411793,-0.03545678,0.8083176,0.1210524,0.411544,14.11764717,14.11764717,-,-,41,21.50713348,14.64881134,-,1543,-,-104.0026245,36.77666855,-76.0403595,5.49019623,20.69165993,19.88387871,-
Sun Nov 26 19:28:53 EST 2017,28:53.1,-76.04027519,36.77661171,9,10,-32.5,124.5,7.12514448,0.65122288,5.28639746,0.05535917,-,14.90196133,-0.00708995,0.91765523,-0.05076391,0.27487195,14.11764717,14.11764717,-,-,41,21.48858452,14.64881134,-,1364,-,-106.6272965,36.77661133,-76.04027557,5.09803915,20.13242531,18.01976395,-
Sun Nov 26 19:28:54 EST 2017,28:54.1,-76.04019309,36.77655947,8.75,10,-33.09999847,124.9,7.24006605,0.42137951,5.89931297,-0.02802449,-,14.50980377,-0.0067212,0.78098321,0.01171475,0.51307178,14.11764717,14.11764717,-,-,41,21.47338486,14.64881134,-,1241,-,-108.5957947,36.77655792,-76.04019165,4.31372547,19.5731926,16.77702141,-
Sun Nov 26 19:28:55 EST 2017,28:55.1,-76.04013043,36.77649949,8,11,-32.90000153,127.9,8.04451752,-0.84275901,5.86100578,0.01885707,-,13.72549057,0.01893242,0.80441266,-0.07028849,0.52088165,14.11764717,14.11764717,-,-,41,21.45029259,14.64881134,-,954,-,-107.9396362,36.7765007,-76.04013062,3.92156863,17.89549065,14.29153728,-
Sun Nov 26 19:28:56 EST 2017,28:56.1,-76.04006083,36.77646597,7.25,11,-33.20000076,126,7.39329481,-1.60890353,7.01022243,0.04788045,-,13.33333397,0.01371515,0.71459961,0.00390492,0.61850452,14.11764717,14.11764717,-,-,41,21.37874222,14.64881134,-,747,-,-108.9238892,36.77646637,-76.04006195,3.52941179,16.21778679,8.69919682,-
Sun Nov 26 19:28:57 EST 2017,28:57.1,-76.04001252,36.77642385,6.5,12,-33.20000076,128.5,8.08282471,1.37906015,6.70376492,0.03627122,-,14.11764717,0.09246572,0.83565199,0.14838681,0.58726525,14.11764717,14.11764717,-,-,41,21.32450867,14.64881134,-,721,-,-108.9238892,36.77642441,-76.04001617,4.31372547,14.54008579,4.34959841,-
Sun Nov 26 19:28:58 EST 2017,28:58.1,-76.03998377,36.7764432,4.25,12,-32.70000076,113.1,9.6534214,1.11090958,4.48194551,0.02798612,-,14.50980377,-0.12418077,0.72240943,0.05076391,0.39201942,14.11764717,14.11764717,-,-,41,21.26075745,14.64881134,-,631,-,-107.2834702,36.77644348,-76.03998566,4.31372547,9.50697899,1.24274242,-
Sun Nov 26 19:28:59 EST 2017,28:59.1,-76.03996911,36.77643225,3,12,-32.70000076,100.1,8.54251194,1.14921677,4.32871675,-0.00040327,-,14.50980377,-0.04300069,0.83565199,0.16010156,0.33735061,14.11764717,14.50980377,-,-,41,21.26075745,14.64881134,-,684,-,-107.2834702,36.77643204,-76.0399704,4.70588255,6.71080828,0,-
Sun Nov 26 19:29:00 EST 2017,29:00.1,-76.03995194,36.77641446,2.75,12,-32.59999847,105.7,8.96389103,1.49398184,3.48595762,0.00233646,-,17.25490189,-0.01642363,0.90594047,0.14057697,0.25534737,22.35294151,19.2156868,-,-,41,21.19544411,14.64881134,-,842,-,-106.9553757,36.77641296,-76.03995514,7.45098066,6.15157461,0.62137121,0.94586551
Sun Nov 26 19:29:01 EST 2017,29:01.1,-76.03991109,36.77641882,3,12,-32.29999924,104.1,9.23204136,1.64721072,2.64319873,0.02713908,-,21.17647171,0.01615071,0.97232407,0.14838681,0.15381955,42.35294342,41.96078491,-,-,41,21.13838196,14.64881134,-,1182,-,-105.9711227,36.77642059,-76.03990936,11.37254906,6.71080828,3.10685587,0.94586551
Sun Nov 26 19:29:02 EST 2017,29:02.1,-76.03991835,36.77641062,2.75,12,-32.79999924,109.5,9.00219822,1.99197578,2.60489154,0.00184377,-,23.13725471,-0.00720522,0.90984541,0.17572121,0.25534737,39.60784531,40,-,-,41,21.05260277,14.64881134,-,1877,-,-107.6115494,36.77640915,-76.03991699,14.50980377,6.15157461,8.69919682,40.07661057
Sun Nov 26 19:29:03 EST 2017,29:03.1,-76.0399097,36.77639695,3,12,-32.59999847,116.9,9.15542698,0.61291564,4.09887314,0.01186488,-,23.13725471,-0.01509811,0.90594047,0.04685899,0.28268176,38.03921509,38.03921509,-,-,41,21.02370453,14.64881134,-,1829,-,-106.9553757,36.77639771,-76.03990936,15.29411793,6.71080828,11.80605221,73.02059174
Sun Nov 26 19:29:04 EST 2017,29:04.1,-76.03993551,36.77636011,3.25,12,-32.70000076,131,8.81066227,-0.9576807,4.25210238,0.01574802,-,23.52941132,0.00722185,0.90984541,-0.1210524,0.31392109,37.25490189,37.25490189,-,-,41,20.98189163,14.64881134,-,1956,-,-107.2834702,36.77635956,-76.03993225,14.90196133,7.2700429,14.91290855,51.33794403
Sun Nov 26 19:29:05 EST 2017,29:05.1,-76.03988505,36.77633101,4.25,12,-32.59999847,131.5,8.77235508,-1.37906015,4.32871675,-0.00659745,-,21.17647171,0.00737333,0.89422578,-0.14057697,0.34125552,34.90196228,35.29411697,-,-,41,20.96694946,14.64881134,-,1648,-,-106.9553757,36.77633286,-76.03988647,12.15686321,9.50697899,16.15565109,51.33794403
Sun Nov 26 19:29:06 EST 2017,29:06.1,-76.03980106,36.77628269,6.25,11,-32.79999924,128.4,8.38928318,-1.76213241,4.44363832,0.01696999,-,21.17647171,0.03146452,0.89813066,-0.2186753,0.35687518,32.15686417,35.29411697,-,-,41,20.95785141,14.64881134,-,1385,-,-107.6115494,36.77628326,-76.03980255,12.15686321,13.98085213,18.01976395,66.65836334
Sun Nov 26 19:29:07 EST 2017,29:07.1,-76.03970462,36.77624958,7.75,10,-33.09999847,124.8,9.15542698,-1.03429508,4.94163227,0.0126321,-,19.6078434,-0.02845822,0.87860614,-0.0976229,0.30220634,32.15686417,32.15686417,-,-,41,20.95072365,14.64881134,-,1437,-,-108.5957947,36.77624893,-76.03970337,10.58823586,17.33625603,18.64113617,66.65836334
Sun Nov 26 19:29:08 EST 2017,29:08.1,-76.03961362,36.77619956,8.25,10,-35.09999847,122.3,8.65743351,0.34476504,3.98395157,-0.00919698,-,20,-0.01005266,0.87860614,-0.04685899,0.35297027,31.37254906,30.98039246,-,-,41,20.9455452,14.64881134,-,1514,-,-115.1574783,36.77619934,-76.03961182,10.98039246,18.45472336,19.26250648,32.37129211
Sun Nov 26 19:29:09 EST 2017,29:09.1,-76.0395385,36.77615912,8.5,10,-35.5,121.9,8.38928318,0.49799395,4.175488,0.01418898,-,18.4313736,-0.00851244,0.85908157,0.07809832,0.38811451,28.62745094,28.62745094,-,-,41,20.93907166,14.64881134,-,1541,-,-116.4698181,36.77615738,-76.03953552,9.4117651,19.01395798,19.88387871,17.15635872
Sun Nov 26 19:29:10 EST 2017,29:10.1,-76.0394601,36.77610385,9,10,-35.90000153,122.7,8.77235508,-0.11492168,4.32871675,0.00389109,-,18.4313736,-0.02802646,0.83955687,0.03123933,0.38811451,28.23529434,28.23529434,-,-,41,20.93775368,14.64881134,-,1569,-,-117.7821579,36.77610397,-76.03945923,9.01960754,20.13242531,20.50524902,17.15635872
Sun Nov 26 19:29:11 EST 2017,29:11.1,-76.03937362,36.77605704,9,9,-36.20000076,121.2,7.431602,0.61291564,4.71178913,0.01838709,-,18.03921509,-0.0480845,0.84736669,0.05466883,0.32954079,27.84313774,27.84313774,-,-,41,20.93644333,14.64881134,-,1602,-,-118.7664032,36.7760582,-76.03937531,8.62745094,20.13242531,20.50524902,16.42132187
Sun Nov 26 19:29:12 EST 2017,29:12.1,-76.03926831,36.77601902,9.25,10,-36,121,9.34696388,-0.80445176,4.67348194,0.00902579,-,18.03921509,0.01784613,0.89032084,0.0234295,0.39201942,27.84313774,27.84313774,-,-,41,20.93701744,14.64881134,-,1602,-,-118.1102371,36.77602005,-76.03926849,9.01960754,20.69165993,21.12662125,16.42132187
Sun Nov 26 19:29:13 EST 2017,29:13.1,-76.03917838,36.77596587,9.5,10,-36.70000076,121.3,8.61912632,-0.07661445,4.175488,0.01450986,-,18.03921509,-0.04002361,0.86298645,0.08981306,0.31001619,27.84313774,27.84313774,-,-,41,20.93758774,14.64881134,-,1630,-,-120.4068298,36.77596664,-76.03917694,9.01960754,21.25089455,21.12662125,16.42132187
Sun Nov 26 19:29:14 EST 2017,29:14.1,-76.03908228,36.77592127,9.25,10,-36.29999924,121.1,8.46589756,0.84275901,4.13718033,-0.00864009,-,17.64705849,-0.03531437,0.86298645,0.08590815,0.32173091,27.05882454,27.45098114,-,-,41,20.93815613,14.64881134,-,1635,-,-119.0944824,36.77592087,-76.03908539,8.23529434,20.69165993,21.12662125,-
Sun Nov 26 19:29:15 EST 2017,29:15.1,-76.03898867,36.77588574,9.5,10,-35.70000076,119,7.77636719,0.9576807,4.36702394,0.01032184,-,18.03921509,0.09379185,0.90203559,0.03514424,0.51697671,27.05882454,27.05882454,-,-,41,20.9387207,14.64881134,-,1629,-,-117.1259842,36.77588654,-76.03898621,8.62745094,21.25089455,21.12662125,-
Sun Nov 26 19:29:16 EST 2017,29:16.1,-76.03890253,36.77584605,9.5,10,-36.40000153,120.2,8.00621033,2.22181916,5.59285498,0.00763373,-,17.64705849,-0.00223792,0.88641596,0.01952458,0.35687518,27.05882454,27.45098114,-,-,41,20.93928337,14.64881134,-,1636,-,-119.4225769,36.77584457,-76.03890228,8.62745094,21.25089455,21.12662125,-
Sun Nov 26 19:29:17 EST 2017,29:17.1,-76.03880281,36.77581375,9.25,10,-36.59999847,118,8.6957407,0,4.09887314,0.02045263,-,18.03921509,0.08718032,0.92936999,0.03514424,0.4623079,27.05882454,27.45098114,-,-,41,20.94039536,14.64881134,-,1634,-,-120.0787354,36.77581406,-76.0388031,8.62745094,20.69165993,21.12662125,-
Sun Nov 26 19:29:18 EST 2017,29:18.1,-76.03871838,36.77576165,9.5,10,-35.79999924,120,8.50420475,0.22984336,4.59686708,-0.00472481,-,18.03921509,-0.01036863,0.85908157,0.11714748,0.37639979,27.05882454,27.45098114,-,-,41,20.94094467,14.64881134,-,1626,-,-117.4540634,36.77576065,-76.03871918,8.23529434,21.25089455,21.12662125,-
Sun Nov 26 19:29:19 EST 2017,29:19.1,-76.03862796,36.77571854,9.5,10,-35.59999847,120,7.81467438,1.64721072,4.78840351,-0.03177607,-,18.03921509,0.0090154,0.83955687,0.20696054,0.41935381,27.05882454,27.45098114,-,-,41,20.94149208,14.64881134,-,1637,-,-116.7978973,36.77571869,-76.03862762,8.62745094,21.25089455,21.12662125,-
Sun Nov 26 19:29:20 EST 2017,29:20.1,-76.03853821,36.7756754,9.5,11,-35.29999924,120.1,7.39329481,3.83072281,4.40533113,-0.01210758,-,17.64705849,-0.02667729,0.83565199,0.24600971,0.3334457,27.05882454,27.05882454,-,-,41,20.94257736,14.64881134,-,1647,-,-115.8136444,36.77567673,-76.03853607,8.23529434,21.25089455,21.12662125,-
Sun Nov 26 19:29:21 EST 2017,29:21.1,-76.03844483,36.7756338,9.25,10,-35.40000153,120.7,6.89530087,4.21379519,4.5202527,-0.00458054,-,18.03921509,0.00785035,0.77317333,0.41392109,0.39592433,27.05882454,27.05882454,-,-,41,20.94311523,14.64881134,-,1657,-,-116.1417389,36.77563477,-76.03844452,8.62745094,20.69165993,21.12662125,-
Sun Nov 26 19:29:22 EST 2017,29:22.1,-76.03835288,36.77557695,9.5,10,-35.59999847,126.6,7.73806,3.44765043,4.59686708,0.00531085,-,18.03921509,-0.04286512,0.78488815,0.28896379,0.364685,27.05882454,27.45098114,-,-,41,20.9436512,14.64881134,-,1658,-,-116.7978973,36.77557755,-76.03835297,8.62745094,21.25089455,21.12662125,-
Sun Nov 26 19:29:23 EST 2017,29:23.1,-76.03827193,36.77552998,9.5,9,-35.09999847,132,7.39329481,3.63918662,4.40533113,-0.02849662,-,18.03921509,-0.06336303,0.75364876,0.30458343,0.364685,27.05882454,27.45098114,-,-,41,20.9459877,14.64881134,-,1661,-,-115.1574783,36.77553177,-76.03826904,8.62745094,21.25089455,21.74799156,18.98106575
Sun Nov 26 19:29:24 EST 2017,29:24.1,-76.03818752,36.77547513,9.75,10,-35.40000153,134.5,6.20577097,4.8267107,4.5202527,0.00076079,-,17.64705849,-0.02780662,0.69507504,0.48030469,0.38030469,25.49019623,27.45098114,-,-,41,20.94703293,14.64881134,-,1654,-,-116.1417389,36.77547455,-76.03818512,8.23529434,21.81012726,21.12662125,18.98106575
Sun Nov 26 19:29:25 EST 2017,29:25.1,-76.03812487,36.77541627,9.25,10,-36.5,139,7.20175886,3.79241538,4.94163227,-0.00635366,-,16.86274529,-0.05366307,0.73802912,0.39439651,0.34125552,25.49019623,25.49019623,-,-,41,20.94754982,14.64881134,-,1632,-,-119.7506561,36.77541733,-76.03812408,7.45098066,20.69165993,21.12662125,18.98106575
Sun Nov 26 19:29:26 EST 2017,29:26.1,-76.03804711,36.7753589,9,10,-36.70000076,139.1,7.73806,3.715801,4.97993946,-0.0077624,-,17.25490189,0.04825876,0.78488815,0.46078008,0.41935381,27.05882454,27.05882454,-,-,41,20.94627953,14.64881134,-,1609,-,-120.4068298,36.77536011,-76.03804779,7.84313726,20.13242531,20.50524902,-
Sun Nov 26 19:29:27 EST 2017,29:27.1,-76.03799318,36.77527899,9.5,10,-36.20000076,146.8,7.58483076,2.71981311,4.36702394,-0.0467453,-,17.25490189,-0.08386151,0.76536351,0.26162934,0.32954079,27.05882454,27.05882454,-,-,41,20.94375992,14.64881134,-,1600,-,-118.7664032,36.77528,-76.03799438,7.84313726,21.25089455,20.50524902,-
Sun Nov 26 19:29:28 EST 2017,29:28.1,-76.03795084,36.77519353,9.5,10,-36.09999847,151,7.46990919,3.94564438,4.71178913,-0.00148868,-,17.25490189,-0.0151136,0.76536351,0.37096703,0.39592433,27.05882454,27.05882454,-,-,41,20.9425106,14.64881134,-,1591,-,-118.4383164,36.77519226,-76.03794861,7.45098066,21.25089455,20.50524902,-
Sun Nov 26 19:29:29 EST 2017,29:29.1,-76.03794622,36.77511846,9,10,-35.79999924,158.3,7.431602,3.86903,4.13718033,-0.01524721,-,17.25490189,-0.13338456,0.68336034,0.41001618,0.23972771,27.05882454,27.05882454,-,-,41,20.94126892,14.64881134,-,1591,-,-117.4540634,36.77511978,-76.03794861,7.45098066,20.13242531,20.50524902,-
Sun Nov 26 19:29:30 EST 2017,29:30.1,-76.03790656,36.77504871,9,11,-35.20000076,156.9,7.85298157,4.5202527,4.59686708,0.00379427,-,19.6078434,-0.04264991,0.7302193,0.42954078,0.34516042,31.76470566,32.15686417,-,-,41,20.94056129,14.64881134,-,1660,-,-115.4855652,36.7750473,-76.03790283,10.1960783,20.13242531,21.12662125,15.14849758
Sun Nov 26 19:29:31 EST 2017,29:31.1,-76.03787571,36.7749785,8.75,11,-35.79999924,159.1,7.431602,5.40131903,5.13316822,-0.01809214,-,20,-0.05239012,0.70288485,0.51544887,0.27096704,30.98039246,31.76470566,-,-,41,20.94283295,14.64881134,-,1681,-,-117.4540634,36.77497864,-76.03787231,10.58823586,19.5731926,21.74799156,15.14849758
Sun Nov 26 19:29:32 EST 2017,29:32.1,-76.03784573,36.7748762,10,12,-35.90000153,166.6,7.27837324,3.60087943,3.60087943,-0.0247284,-,20,-0.07198812,0.79660285,0.32020313,0.25144243,30.19607925,31.76470566,-,-,41,20.94684219,14.64881134,-,1716,-,-117.7821579,36.77487564,-76.03784943,10.98039246,22.36936378,22.36936378,35.61968613
Sun Nov 26 19:29:33 EST 2017,29:33.1,-76.03784322,36.77479813,9.75,12,-36.20000076,171.3,7.39329481,4.71178913,4.75009632,0.00240801,-,18.8235302,-0.00746651,0.74974388,0.4842096,0.3334457,28.23529434,28.62745094,-,-,41,20.95256615,14.64881134,-,1805,-,-118.7664032,36.77479935,-76.0378418,9.8039217,21.81012726,22.9907341,35.61968613
Sun Nov 26 19:29:34 EST 2017,29:34.1,-76.03787616,36.77470841,10.25,12,-36.70000076,179.6,7.04852962,4.78840351,4.67348194,0.00495325,-,16.47058868,-0.02215709,0.69507504,0.40611124,0.45449808,22.74509811,22.74509811,-,-,41,20.96738243,14.64881134,-,1300,-,-120.4068298,36.77470779,-76.03787994,8.23529434,22.9285965,23.61210442,29.27461815
Sun Nov 26 19:29:35 EST 2017,29:35.1,-76.0378676,36.77458433,11.25,12,-36.59999847,181.5,7.01022243,4.32871675,4.75009632,0.03484589,-,14.90196133,0.12272584,0.82003236,0.50763905,0.47402263,22.35294151,22.74509811,-,-,41,20.97300339,14.64881134,-,1325,-,-120.0787354,36.77458572,-76.03786469,5.09803915,25.16553307,22.9907341,29.27461815
Sun Nov 26 19:29:36 EST 2017,29:36.1,-76.03792964,36.77449928,11,11,-36.29999924,192.5,7.24006605,3.17949986,4.67348194,-0.03247109,-,14.90196133,-0.06336302,0.73802912,0.32410803,0.37639979,24.31372643,23.13725471,-,-,41,20.97687149,14.64881134,-,1319,-,-119.0944824,36.77449799,-76.03793335,5.09803915,24.60629845,22.36936378,29.27461815
Sun Nov 26 19:29:37 EST 2017,29:37.1,-76.03796728,36.77440512,10.5,11,-36.20000076,196,7.66144562,3.06457806,4.59686708,-0.02985843,-,14.90196133,-0.03681033,0.78098321,0.31239328,0.36858991,24.31372643,24.70588303,-,-,41,20.98071861,14.64881134,-,1292,-,-118.7664032,36.77440643,-76.03796387,5.09803915,23.48783112,22.36936378,-
Sun Nov 26 19:29:38 EST 2017,29:38.1,-76.03802505,36.77433191,10.25,11,-36.70000076,199.7,8.42759037,2.60489154,4.36702394,-0.0254028,-,15.29411793,-0.05712803,0.68336034,0.47249481,0.34516042,25.09803963,25.49019623,-,-,41,20.98454475,14.64881134,-,1311,-,-120.4068298,36.77433014,-76.0380249,5.88235283,22.9285965,22.36936378,-
Sun Nov 26 19:29:39 EST 2017,29:39.1,-76.03806847,36.7742374,10.25,10,-35.90000153,203,8.15943909,3.63918662,6.81868649,0.06259572,-,15.68627453,-0.10411368,0.76536351,0.35144243,0.20458345,25.88235283,26.27450943,-,-,41,20.98664284,14.64881134,-,1273,-,-117.7821579,36.77423859,-76.03807068,5.88235283,22.9285965,21.74799156,-
Sun Nov 26 19:29:40 EST 2017,29:40.1,-76.03812956,36.77417101,10,9,-35.09999847,210.3,8.38928318,2.10689759,4.5202527,-0.00498618,-,16.47058868,-0.02975486,0.83565199,0.18353106,0.35687518,27.05882454,27.05882454,-,-,41,20.98872757,14.64881134,-,1283,-,-115.1574783,36.77416992,-76.03813171,7.05882359,22.36936378,21.74799156,-
Sun Nov 26 19:29:41 EST 2017,29:41.1,-76.03819142,36.77409018,10,10,-35.20000076,212.7,7.89128876,1.34075296,4.59686708,0.01128296,-,16.47058868,-0.01011432,0.82784218,0.16791138,0.4154489,26.66666794,27.05882454,-,-,41,20.99080276,14.64881134,-,1283,-,-115.4855652,36.77408981,-76.03819275,7.05882359,22.36936378,21.74799156,-
Sun Nov 26 19:29:42 EST 2017,29:42.1,-76.03826161,36.77402042,10,9,-35.40000153,215.9,8.38928318,2.48996973,5.01824665,0.00857161,-,15.68627453,0.05208742,0.85517663,0.2421048,0.4623079,25.49019623,25.88235283,-,-,41,20.99829483,14.64881134,-,1286,-,-116.1417389,36.77402115,-76.03826141,5.88235283,22.36936378,22.36936378,19.94865799
Sun Nov 26 19:29:43 EST 2017,29:43.1,-76.03833862,36.77395053,10,9,-36.20000076,217.8,8.08282471,1.80043972,4.21379519,-0.00850059,-,16.07843208,-0.01740923,0.79660285,0.24600971,0.41935381,26.66666794,27.05882454,-,-,41,21.00200844,14.64881134,-,1289,-,-118.7664032,36.77394867,-76.03833771,6.66666698,22.36936378,22.36936378,19.94865799
Sun Nov 26 19:29:44 EST 2017,29:44.1,-76.03841209,36.77388133,10,9,-36.70000076,219.4,8.23605347,2.64319873,5.01824665,0.03837746,-,18.03921509,-0.08436134,0.79269797,0.27334413,0.26706213,29.80392265,30.58823586,-,-,41,21.00570488,14.64881134,-,1333,-,-120.4068298,36.77388,-76.038414,8.62745094,22.36936378,22.36936378,19.94865799
Sun Nov 26 19:29:45 EST 2017,29:45.1,-76.03847912,36.77381175,10.25,10,-36.79999924,219.9,8.15943909,2.98796368,4.67348194,-0.0080674,-,18.03921509,0.01136426,0.81612742,0.30067852,0.4154489,28.62745094,27.84313774,-,-,41,21.01105499,14.64881134,-,1323,-,-120.7349091,36.77381134,-76.03848267,6.66666698,22.9285965,22.9907341,19.94865799
Sun Nov 26 19:29:46 EST 2017,29:46.1,-76.03856023,36.77374086,10.25,10,-37.5,223.1,8.19774628,2.18351197,4.40533113,0.0042372,-,16.47058868,-0.05775128,0.82003236,0.12886222,0.34516042,26.66666794,27.05882454,-,-,41,21.0163784,14.64881134,-,1330,-,-123.0314941,36.77374268,-76.03855896,7.05882359,22.9285965,22.9907341,17.25335503
Sun Nov 26 19:29:47 EST 2017,29:47.1,-76.03866182,36.77368872,10.5,9,-37,227.5,8.00621033,1.41736746,4.67348194,-0.02946129,-,16.47058868,-0.02408621,0.84346181,0.15619664,0.364685,26.66666794,27.05882454,-,-,41,21.0216713,14.64881134,-,1331,-,-121.3910751,36.77368927,-76.03865814,7.05882359,23.48783112,22.9907341,17.25335503
Sun Nov 26 19:29:48 EST 2017,29:48.1,-76.038743,36.77362558,10.25,10,-37.5,226.9,8.54251194,1.95366859,5.05655384,0.05032665,-,16.47058868,-0.04321591,0.74974388,0.15229172,0.47402263,26.66666794,27.05882454,-,-,41,21.02693558,14.64881134,-,1329,-,-123.0314941,36.77362442,-76.03874207,7.05882359,22.9285965,22.9907341,17.25335503
Sun Nov 26 19:29:49 EST 2017,29:49.1,-76.03883369,36.77356144,10.5,10,-37.20000076,229.5,7.96790314,2.06859016,4.63517427,-0.00370688,-,16.47058868,-0.00008399,0.83955687,0.27334413,0.36858991,26.66666794,27.05882454,-,-,41,21.03217125,14.64881134,-,1340,-,-122.0472488,36.77355957,-76.03883362,7.05882359,23.48783112,22.9907341,17.25335503
Sun Nov 26 19:29:50 EST 2017,29:50.1,-76.03891759,36.77351308,10.25,11,-36.70000076,231.3,7.69975281,1.64721072,5.05655384,-0.01678705,-,16.47058868,-0.06063823,0.77317333,0.22258021,0.3842096,26.66666794,27.05882454,-,-,41,21.04256248,14.64881134,-,1340,-,-120.4068298,36.77351379,-76.03891754,7.05882359,22.9285965,22.9907341,-
Sun Nov 26 19:29:51 EST 2017,29:51.1,-76.03899806,36.77347736,10,10,-37.20000076,234.8,9.42357826,1.14921677,5.32470465,-0.0054529,-,15.68627453,-0.05100633,0.79269797,0.1718163,0.39201942,25.49019623,25.88235283,-,-,41,21.04771614,14.64881134,-,1339,-,-122.0472488,36.77347565,-76.03900146,5.88235283,22.36936378,22.9907341,-
Sun Nov 26 19:29:52 EST 2017,29:52.1,-76.03909818,36.77342399,10.25,11,-36.40000153,234.9,9.0788126,1.57059634,5.05655384,0.05629659,-,15.68627453,-0.05441314,0.75364876,0.11714748,0.45840299,25.49019623,25.88235283,-,-,41,21.05284309,14.64881134,-,1334,-,-119.4225769,36.77342224,-76.03910065,5.88235283,22.9285965,22.9907341,-
Sun Nov 26 19:29:53 EST 2017,29:53.1,-76.03919587,36.77336276,10.5,11,-36.59999847,234.4,8.35097599,0.9576807,4.44363832,0.01498203,-,15.68627453,-0.00417431,0.86689138,0.03514424,0.38811451,25.88235283,25.88235283,-,-,41,21.05794144,14.64881134,-,1339,-,-120.0787354,36.77336121,-76.0391922,5.88235283,23.48783112,22.9907341,-
Sun Nov 26 19:29:54 EST 2017,29:54.1,-76.03931035,36.77332597,10.5,9,-36.59999847,241.2,7.89128876,0.19153613,4.36702394,0.00112919,-,17.25490189,-0.04433286,0.85127175,-0.01171475,0.3334457,25.88235283,25.88235283,-,-,41,21.0613842,14.64881134,-,1320,-,-120.0787354,36.77332687,-76.03930664,7.45098066,23.48783112,22.36936378,-
Sun Nov 26 19:29:55 EST 2017,29:55.1,-76.03941572,36.7732892,10,9,-36.59999847,241.7,7.431602,-0.07661445,4.90332508,0.02639654,-,16.86274529,-0.09206783,0.7575537,-0.00780983,0.39982924,27.84313774,27.84313774,-,-,41,21.0648098,14.64881134,-,1329,-,-120.0787354,36.77328873,-76.03941345,7.45098066,22.36936378,22.36936378,-
Sun Nov 26 19:29:56 EST 2017,29:56.1,-76.03952314,36.77323791,10.25,9,-37.29999924,241.7,7.85298157,-1.8770541,3.90733719,0.00200381,-,16.86274529,-0.02829327,0.85127175,-0.11714748,0.35297027,27.45098114,27.84313774,-,-,41,21.06821442,14.64881134,-,1318,-,-122.3753281,36.77323914,-76.03952026,7.45098066,22.9285965,22.36936378,-
Sun Nov 26 19:29:57 EST 2017,29:57.1,-76.03963496,36.77318267,10.25,10,-37.79999924,241.5,8.65743351,-2.94965649,4.71178913,0.00701092,-,16.86274529,0.00773685,0.85517663,-0.18353106,0.39982924,27.45098114,27.45098114,-,-,41,21.07322121,14.64881134,-,1322,-,-124.0157471,36.77318192,-76.0396347,7.45098066,22.9285965,22.9907341,17.07750893
Sun Nov 26 19:29:58 EST 2017,29:58.1,-76.03973354,36.77313733,10.25,9,-37.59999847,237.8,8.31266785,-2.41335535,4.67348194,0.0243241,-,16.86274529,0.11646333,0.94108468,-0.33191785,0.39982924,27.05882454,27.45098114,-,-,41,21.07820129,14.64881134,-,1337,-,-123.3595734,36.77313614,-76.03973389,7.05882359,22.9285965,22.9907341,17.07750893
Sun Nov 26 19:29:59 EST 2017,29:59.1,-76.03983125,36.77308997,10.25,10,-37.09999847,235.5,8.31266785,-1.72382522,4.40533113,0.02349687,-,16.86274529,0.01274376,0.84736669,-0.20305562,0.4154489,27.05882454,27.45098114,-,-,41,21.08315849,14.64881134,-,1340,-,-121.7191544,36.77309036,-76.03983307,7.05882359,22.9285965,22.9907341,17.07750893
Sun Nov 26 19:30:00 EST 2017,30:00.1,-76.03992351,36.77304056,10,10,-36.79999924,234.4,8.15943909,-1.76213241,4.06056595,0.01592304,-,16.47058868,-0.03442904,0.79269797,-0.1718163,0.42325872,27.05882454,27.45098114,-,-,41,21.09619331,14.64881134,-,1355,-,-120.7349091,36.77304077,-76.03992462,7.05882359,22.36936378,23.61210442,33.09017181
Sun Nov 26 19:30:01 EST 2017,30:01.1,-76.04001386,36.77297621,10.25,10,-36.79999924,231.4,8.35097599,-1.76213241,4.67348194,0.00686144,-,16.47058868,-0.00616069,0.84736669,-0.23039004,0.364685,27.05882454,27.05882454,-,-,41,21.10266113,14.64881134,-,1350,-,-120.7349091,36.77297592,-76.04001617,6.66666698,22.9285965,23.61210442,33.09017181
Sun Nov 26 19:30:02 EST 2017,30:02.1,-76.04008733,36.77290777,10.25,10,-36.29999924,226.5,8.23605347,-2.29843354,4.63517427,0.01382226,-,16.47058868,-0.00632181,0.85127175,-0.21477039,0.364685,27.05882454,27.05882454,-,-,41,21.10909462,14.64881134,-,1354,-,-119.0944824,36.77290726,-76.04008484,6.66666698,22.9285965,23.61210442,33.09017181
Sun Nov 26 19:30:03 EST 2017,30:03.1,-76.04016859,36.77283067,10.25,10,-36.40000153,224.5,8.35097599,-1.80043972,4.86501789,0.024722,-,16.47058868,0.06135767,0.87860614,-0.23429495,0.44668823,27.05882454,27.05882454,-,-,41,21.11549568,14.64881134,-,1358,-,-119.4225769,36.77283096,-76.04016876,6.66666698,22.9285965,23.61210442,-
Sun Nov 26 19:30:04 EST 2017,30:04.1,-76.04025029,36.77276614,10.25,11,-36.40000153,224.5,8.15943909,-2.52827692,4.8267107,0.02156577,-,16.47058868,0.00239272,0.84736669,-0.2186753,0.38811451,27.05882454,27.05882454,-,-,41,21.12186623,14.64881134,-,1358,-,-119.4225769,36.77276611,-76.04025269,6.66666698,22.9285965,23.61210442,-
Sun Nov 26 19:30:05 EST 2017,30:05.1,-76.04031323,36.7726738,10.75,10,-36,216.1,8.27436066,-2.22181916,4.8267107,0.03028532,-,16.47058868,0.03604766,0.89032084,-0.23819989,0.37249482,27.05882454,27.05882454,-,-,41,21.12820244,14.64881134,-,1356,-,-118.1102371,36.77267456,-76.04031372,6.66666698,24.04706573,23.61210442,-
Sun Nov 26 19:30:06 EST 2017,30:06.1,-76.0403708,36.77259305,10.75,10,-35.5,214.3,8.35097599,-1.41736746,4.97993946,-0.00160545,-,16.47058868,0.00784283,0.86689138,-0.11714748,0.39982924,27.05882454,27.05882454,-,-,41,21.13450623,14.64881134,-,1356,-,-116.4698181,36.77259445,-76.04036713,6.66666698,24.04706573,23.61210442,-
Sun Nov 26 19:30:07 EST 2017,30:07.1,-76.04043728,36.77251666,10.75,10,-36,211.6,8.84896946,-1.68551803,4.94163227,0.0183009,-,16.47058868,-0.05140839,0.82393724,-0.06638357,0.364685,27.05882454,27.05882454,-,-,41,21.13920403,14.64881134,-,1343,-,-118.1102371,36.77251816,-76.04043579,6.66666698,24.04706573,22.9907341,-
Sun Nov 26 19:30:08 EST 2017,30:08.1,-76.04048261,36.77243495,10.5,10,-35.70000076,206.9,8.27436066,-0.5363012,4.8267107,-0.06453071,-,16.47058868,-0.01473404,0.86298645,-0.12886222,0.35687518,27.05882454,27.05882454,-,-,41,21.14853287,14.64881134,-,1339,-,-117.1259842,36.77243423,-76.04048157,6.66666698,23.48783112,22.9907341,-
Sun Nov 26 19:30:09 EST 2017,30:09.1,-76.04053826,36.77235111,10.5,9,-35.70000076,205.9,8.6957407,-0.80445176,4.86501789,0.02031025,-,16.47058868,0.07507778,0.92546505,-0.06247865,0.44278333,27.05882454,27.05882454,-,-,41,21.153162,14.64881134,-,1345,-,-117.1259842,36.77235031,-76.04053497,6.66666698,23.48783112,22.9907341,-
Sun Nov 26 19:30:10 EST 2017,30:10.1,-76.04058892,36.77226795,10.25,10,-35.79999924,205,8.00621033,1.26413846,4.44363832,-0.0140567,-,16.47058868,-0.00705917,0.85127175,0.1210524,0.39592433,27.05882454,27.05882454,-,-,41,21.15932465,14.64881134,-,1351,-,-117.4540634,36.77226639,-76.04058838,6.66666698,22.9285965,23.61210442,-
Sun Nov 26 19:30:11 EST 2017,30:11.1,-76.04063659,36.77217606,10.5,10,-36.09999847,204.3,8.31266785,2.10689759,4.5202527,-0.00051586,-,16.47058868,-0.07424347,0.79269797,0.23819989,0.31392109,26.66666794,27.05882454,-,-,41,21.16390419,14.64881134,-,1354,-,-118.4383164,36.77217484,-76.04063416,6.66666698,23.48783112,22.9907341,-
Sun Nov 26 19:30:12 EST 2017,30:12.1,-76.04068682,36.7720901,10.5,9,-35.79999924,203.7,7.92959595,1.60890353,4.40533113,-0.02918099,-,14.90196133,0.04471559,0.81222248,0.35144243,0.45449808,24.70588303,27.05882454,-,-,41,21.17000771,14.64881134,-,1348,-,-117.4540634,36.77209091,-76.04068756,5.09803915,23.48783112,23.61210442,-
Sun Nov 26 19:30:13 EST 2017,30:13.1,-76.04073385,36.77200426,10.75,10,-36.40000153,204.4,7.73806,2.56658411,4.32871675,0.00049416,-,16.86274529,0.01534702,0.87860614,0.22258021,0.35687518,27.45098114,27.84313774,-,-,41,21.17453766,14.64881134,-,1359,-,-119.4225769,36.77200317,-76.04073334,7.45098066,24.04706573,22.9907341,-
Sun Nov 26 19:30:14 EST 2017,30:14.1,-76.04080292,36.77192813,10.5,10,-36.90000153,211.9,9.19373417,1.95366859,4.94163227,-0.00869757,-,16.86274529,-0.0219621,0.83174706,0.14838681,0.39201942,27.45098114,27.45098114,-,-,41,21.18506622,14.64881134,-,1363,-,-121.0629959,36.77192688,-76.040802,7.45098066,23.48783112,23.61210442,21.0994339
Sun Nov 26 19:30:15 EST 2017,30:15.1,-76.04086725,36.77184519,10.5,10,-37,213.4,6.43561411,2.98796368,3.60087943,0.00383551,-,16.86274529,-0.04116878,0.78488815,0.25381953,0.38811451,27.45098114,27.45098114,-,-,41,21.19105911,14.64881134,-,1360,-,-121.3910751,36.77184677,-76.04087067,7.45098066,23.48783112,23.61210442,21.0994339
Sun Nov 26 19:30:16 EST 2017,30:16.1,-76.04093073,36.77176241,10.5,10,-37.29999924,216.2,7.58483076,4.175488,5.63116217,0.02776501,-,16.86274529,0.04012657,0.84346181,0.47249481,0.28268176,27.05882454,27.45098114,-,-,41,21.19702148,14.64881134,-,1355,-,-122.3753281,36.77176285,-76.0409317,7.05882359,23.48783112,23.61210442,21.0994339
Sun Nov 26 19:30:17 EST 2017,30:17.1,-76.04100326,36.77168833,10.25,10,-36.79999924,217,7.01022243,2.87304211,4.25210238,-0.09539294,-,16.86274529,-0.06646347,0.8083176,0.19915071,0.32173091,27.05882454,27.45098114,-,-,41,21.20142937,14.64881134,-,1356,-,-120.7349091,36.77168655,-76.04100037,7.45098066,22.9285965,22.9907341,21.0994339
Sun Nov 26 19:30:18 EST 2017,30:18.1,-76.04109119,36.77162027,10.5,10,-37,224.4,7.77636719,3.52426481,5.36301184,-0.00422972,-,16.86274529,-0.0356229,0.80050778,0.30067852,0.34516042,27.45098114,27.45098114,-,-,41,21.20581627,14.64881134,-,1350,-,-121.3910751,36.7716217,-76.04109192,7.05882359,23.48783112,22.9907341,-
Sun Nov 26 19:30:19 EST 2017,30:19.1,-76.0411847,36.77155839,10.5,9,-36.59999847,228.1,7.54652357,3.40934324,4.40533113,-0.01517603,-,16.86274529,-0.04229933,0.77317333,0.29677361,0.38030469,27.05882454,27.45098114,-,-,41,21.21452141,14.64881134,-,1354,-,-120.0787354,36.77155685,-76.04118347,7.05882359,23.48783112,22.9907341,-
Sun Nov 26 19:30:20 EST 2017,30:20.1,-76.04127853,36.77150213,10.5,9,-35.79999924,232.1,7.66144562,3.48595762,4.86501789,-0.01144379,-,16.86274529,0.01622576,0.79660285,0.42173091,0.36858991,27.05882454,27.45098114,-,-,41,21.21884346,14.64881134,-,1347,-,-117.4540634,36.77150345,-76.04127502,7.05882359,23.48783112,22.9907341,-
Sun Nov 26 19:30:21 EST 2017,30:21.1,-76.04137773,36.77144871,10.5,10,-34.90000153,236.2,7.50821638,2.60489154,4.67348194,-0.04118806,-,16.86274529,-0.04915903,0.78488815,0.23819989,0.38030469,27.05882454,27.45098114,-,-,41,21.22314262,14.64881134,-,1349,-,-114.5013199,36.77145004,-76.04137421,7.05882359,23.48783112,22.9907341,-
Sun Nov 26 19:30:22 EST 2017,30:22.1,-76.04148013,36.77140264,10.5,10,-35.40000153,239.1,8.00621033,2.29843354,4.09887314,-0.02309219,-,16.86274529,-0.02367973,0.82003236,0.24600971,0.36858991,27.05882454,27.45098114,-,-,41,21.22892952,14.64881134,-,1353,-,-116.1417389,36.77140427,-76.04148102,7.05882359,23.48783112,23.61210442,-
Sun Nov 26 19:30:23 EST 2017,30:23.1,-76.04157565,36.77135156,10.5,10,-34.90000153,238.5,7.62313843,2.9113493,4.48194551,-0.013868,-,16.86274529,-0.05792943,0.73802912,0.35534734,0.364685,27.05882454,27.45098114,-,-,41,21.24041367,14.64881134,-,1375,-,-114.5013199,36.77135086,-76.04157257,7.05882359,23.48783112,23.61210442,19.72338295
Sun Nov 26 19:30:24 EST 2017,30:24.1,-76.04168735,36.771324,10.75,10,-33.90000153,246.6,7.69975281,3.02627087,4.25210238,-0.00366872,-,16.86274529,0.01707374,0.83955687,0.28115395,0.39982924,27.05882454,27.45098114,-,-,41,21.24760818,14.64881134,-,1391,-,-111.2204742,36.77132416,-76.04168701,7.05882359,24.04706573,24.23347664,24.24109077
Sun Nov 26 19:30:25 EST 2017,30:25.1,-76.04180584,36.771299,11,9,-33.40000153,250.9,8.54251194,3.44765043,5.13316822,0.09398729,-,16.86274529,0.12801382,0.92156017,0.36315718,0.43887842,27.45098114,27.45098114,-,-,41,21.25476837,14.64881134,-,1416,-,-109.5800552,36.77129745,-76.04180908,7.45098066,24.60629845,24.23347664,24.24109077
Sun Nov 26 19:30:26 EST 2017,30:26.1,-76.04191701,36.77127412,11,9,-33.70000076,253.7,7.50821638,2.37504816,4.21379519,0.02254049,-,16.86274529,-0.04124836,0.73802912,0.28896379,0.43887842,27.05882454,27.45098114,-,-,41,21.27046967,14.64881134,-,1410,-,-110.5643082,36.77127457,-76.04191589,7.05882359,24.60629845,24.85484695,24.24109077
Sun Nov 26 19:30:27 EST 2017,30:27.1,-76.04203898,36.77125794,11,9,-33.79999924,258.1,8.27436066,2.18351197,4.36702394,-0.00021572,-,15.29411793,-0.03626392,0.71459961,0.28896379,0.4779276,25.49019623,25.49019623,-,-,41,21.27752686,14.64881134,-,1396,-,-110.8923874,36.77125931,-76.04203796,5.88235283,24.60629845,24.23347664,-
Sun Nov 26 19:30:28 EST 2017,30:28.1,-76.04216517,36.77124472,11,9,-33.20000076,259.3,7.62313843,3.21780705,4.59686708,-0.01861856,-,15.29411793,-0.04442874,0.78488815,0.27724904,0.36858991,25.49019623,25.88235283,-,-,41,21.28306961,14.64881134,-,1362,-,-108.9238892,36.77124405,-76.04216766,5.88235283,24.60629845,23.61210442,-
Sun Nov 26 19:30:29 EST 2017,30:29.1,-76.04227966,36.77123432,10.75,9,-34.29999924,263.5,8.00621033,1.99197578,4.5202527,-0.022035,-,16.07843208,-0.10471852,0.74974388,0.18353106,0.35297027,26.27450943,26.27450943,-,-,41,21.29261398,14.64881134,-,1359,-,-112.5328064,36.7712326,-76.0422821,6.27450991,24.04706573,22.9907341,-
Sun Nov 26 19:30:30 EST 2017,30:30.1,-76.04239826,36.77123639,10.5,9,-34.79999924,268.4,7.81467438,2.33674097,4.06056595,0.00300983,-,16.47058868,0.01039071,0.85127175,0.13276714,0.42716369,26.66666794,26.66666794,-,-,41,21.29808426,14.64881134,-,1365,-,-114.1732254,36.77123642,-76.04239655,6.66666698,23.48783112,23.61210442,-
Sun Nov 26 19:30:31 EST 2017,30:31.1,-76.04251779,36.77123851,10.5,9,-34.90000153,269.9,9.53849983,0,5.32470465,0.00713332,-,16.07843208,-0.05331645,0.81612742,-0.05076391,0.37639979,25.88235283,24.70588303,-,-,41,21.30352783,14.64881134,-,1365,-,-114.5013199,36.77124023,-76.04251862,6.66666698,23.48783112,23.61210442,-
Sun Nov 26 19:30:32 EST 2017,30:32.1,-76.04263558,36.77123656,10.5,10,-35.90000153,270.3,8.42759037,0.42137951,4.40533113,-0.01201576,-,14.90196133,-0.03086411,0.86689138,0.05076391,0.32954079,24.70588303,25.09803963,-,-,41,21.3143425,14.64881134,-,1367,-,-117.7821579,36.77123642,-76.04263306,6.27450991,23.48783112,23.61210442,-
Sun Nov 26 19:30:33 EST 2017,30:33.1,-76.04275428,36.77124041,10.5,9,-36,270.8,8.65743351,-0.61291564,5.5162406,0.06729358,-,16.07843208,-0.09277397,0.78098321,0.08590815,0.35297027,26.27450943,26.27450943,-,-,41,21.31971169,14.64881134,-,1357,-,-118.1102371,36.77124023,-76.04275513,5.09803915,23.48783112,23.61210442,-
Sun Nov 26 19:30:34 EST 2017,30:34.1,-76.04287194,36.77124209,10.5,9,-35.5,271.1,8.15943909,0.49799395,4.48194551,-0.00125271,-,14.50980377,0.00728239,0.84736669,0.0741934,0.43887842,14.50980377,14.50980377,-,-,41,21.32360458,14.64881134,-,1254,-,-116.4698181,36.77124023,-76.04286957,4.31372547,23.48783112,22.9907341,-
Sun Nov 26 19:30:35 EST 2017,30:35.1,-76.04298574,36.77124192,10.25,9,-35.90000153,270.6,8.58081913,2.94965649,5.36301184,0.00016295,-,14.50980377,-0.03476096,0.74583894,0.32410803,0.41935381,16.86274529,17.25490189,-,-,41,21.32701683,14.64881134,-,1227,-,-117.7821579,36.77124023,-76.04298401,4.70588255,22.9285965,21.74799156,-
Sun Nov 26 19:30:36 EST 2017,30:36.1,-76.04310129,36.77124609,10.25,9,-36.29999924,272.1,6.05254173,4.75009632,3.21780705,-0.02511609,-,15.29411793,0.01211835,0.69507504,0.54278332,0.39592433,24.70588303,25.49019623,-,-,41,21.32655144,14.64881134,-,1252,-,-119.0944824,36.77124786,-76.04309845,6.27450991,22.9285965,21.12662125,-
Sun Nov 26 19:30:37 EST 2017,30:37.1,-76.04320662,36.77125889,9.5,9,-36.5,277.2,5.93762016,5.59285498,3.40934324,-0.07980162,-,15.68627453,-0.08338697,0.58964235,0.56621277,0.31392109,25.88235283,25.88235283,-,-,41,21.32608986,14.64881134,-,1240,-,-119.7506561,36.77125931,-76.04320526,6.27450991,21.25089455,21.12662125,-
Sun Nov 26 19:30:38 EST 2017,30:38.1,-76.04330759,36.77127815,9.75,9,-36.59999847,282.4,6.09084892,5.82269859,4.97993946,-0.04154832,-,15.68627453,-0.00802783,0.61697668,0.62478656,0.36078009,25.88235283,25.88235283,-,-,41,21.3256321,14.64881134,-,1232,-,-120.0787354,36.77127838,-76.04330444,5.88235283,21.81012726,21.12662125,-
Sun Nov 26 19:30:39 EST 2017,30:39.1,-76.0434083,36.77130976,9.5,9,-37.09999847,289.6,6.4739213,6.74207211,4.55855989,-0.01196386,-,15.68627453,-0.0506607,0.69507504,0.46078008,0.35297027,25.49019623,25.88235283,-,-,41,21.32471657,14.64881134,-,1231,-,-121.7191544,36.7713089,-76.04341125,5.88235283,21.25089455,21.12662125,-
Sun Nov 26 19:30:40 EST 2017,30:40.1,-76.04350399,36.77134894,9.75,9,-36.79999924,296,7.01022243,4.48194551,4.44363832,-0.01682343,-,15.68627453,0.00423298,0.6638357,0.49201941,0.47011772,25.49019623,25.88235283,-,-,41,21.32426453,14.64881134,-,1235,-,-120.7349091,36.77134705,-76.04350281,5.88235283,21.81012726,21.12662125,-
Sun Nov 26 19:30:41 EST 2017,30:41.1,-76.04359716,36.77139508,9.75,10,-37,301.9,8.35097599,1.26413846,5.13316822,0.02650613,-,14.50980377,-0.05651324,0.82393724,0.1718163,0.32563588,20.7843132,21.17647171,-,-,41,21.32336426,14.64881134,-,1218,-,-121.3910751,36.77139664,-76.04359436,4.70588255,21.81012726,21.12662125,-
Sun Nov 26 19:30:42 EST 2017,30:42.1,-76.04368315,36.77144836,9.75,10,-36.79999924,305.4,8.19774628,0.68953007,5.32470465,0.01075717,-,14.50980377,-0.01522985,0.83955687,0.05076391,0.411544,21.17647171,21.17647171,-,-,41,21.32291794,14.64881134,-,1201,-,-120.7349091,36.77145004,-76.04368591,4.70588255,21.81012726,21.12662125,-
Sun Nov 26 19:30:43 EST 2017,30:43.1,-76.04376914,36.77150312,9.5,10,-37.09999847,307,8.77235508,0.57460839,4.75009632,-0.00593342,-,14.50980377,-0.07655391,0.80441266,0.05857374,0.34906533,21.17647171,21.17647171,-,-,41,21.32106209,14.64881134,-,1180,-,-121.7191544,36.77150345,-76.04376984,4.31372547,21.25089455,20.50524902,-
Sun Nov 26 19:30:44 EST 2017,30:44.1,-76.04385306,36.77155334,9.5,10,-37.29999924,308,8.50420475,0.22984336,4.75009632,-0.00307729,-,14.11764717,-0.042889,0.85517663,0.0976229,0.317826,21.17647171,21.56862831,-,-,41,21.3145752,14.64881134,-,1140,-,-122.3753281,36.77155304,-76.04385376,4.31372547,21.25089455,19.88387871,-
Sun Nov 26 19:30:45 EST 2017,30:45.1,-76.04392903,36.77160398,9,10,-37.5,309.1,8.1211319,0.65122288,4.32871675,-0.01564592,-,17.25490189,-0.03658068,0.84346181,0.08590815,0.35687518,29.01960754,29.01960754,-,-,41,21.31135368,14.64881134,-,1185,-,-123.0314941,36.77160263,-76.04393005,7.84313726,20.13242531,19.88387871,-
Sun Nov 26 19:30:46 EST 2017,30:46.1,-76.04399659,36.77166754,9,10,-37.59999847,310.9,6.55053568,4.36702394,3.90733719,-0.03001132,-,17.25490189,-0.00704385,0.78879303,0.40611124,0.34516042,29.01960754,29.01960754,-,-,41,21.30814362,14.64881134,-,1167,-,-123.3595734,36.77166748,-76.04399872,8.23529434,20.13242531,19.88387871,-
Sun Nov 26 19:30:47 EST 2017,30:47.1,-76.04407435,36.771719,9,10,-37.40000153,311.1,7.62313843,3.715801,4.67348194,-0.01552981,-,17.25490189,0.00016785,0.80050778,0.36315718,0.37639979,27.45098114,27.45098114,-,-,41,21.30316162,14.64881134,-,1187,-,-122.7034149,36.77172089,-76.04407501,7.84313726,20.13242531,20.50524902,-
Sun Nov 26 19:30:48 EST 2017,30:48.1,-76.04414733,36.77177468,9.25,10,-37.70000076,313.9,8.50420475,2.87304211,4.90332508,-0.01038601,-,16.07843208,0.04299806,0.86689138,0.2928687,0.39982924,25.88235283,26.27450943,-,-,41,21.30138206,14.64881134,-,1194,-,-123.6876679,36.77177429,-76.04414368,6.27450991,20.69165993,20.50524902,20.91667366
Sun Nov 26 19:30:49 EST 2017,30:49.1,-76.04422993,36.77183935,9.25,10,-37.29999924,316.9,5.36301184,6.01423454,4.06056595,-0.06118715,-,16.47058868,0.08259518,0.63650131,0.71850449,0.39982924,25.88235283,26.27450943,-,-,41,21.29960823,14.64881134,-,1192,-,-122.3753281,36.77183914,-76.0442276,6.66666698,20.69165993,20.50524902,20.91667366
Sun Nov 26 19:30:50 EST 2017,30:50.1,-76.04428791,36.77192073,9.25,10,-36.59999847,326.5,6.66545773,5.93762016,4.67348194,0.01986651,-,16.07843208,0.01705128,0.60526198,0.65212095,0.39201942,25.88235283,26.27450943,-,-,41,21.29608536,14.64881134,-,1204,-,-120.0787354,36.77191925,-76.04428864,6.27450991,20.69165993,20.50524902,20.91667366
Sun Nov 26 19:30:51 EST 2017,30:51.1,-76.04433611,36.77200103,9.5,10,-36.90000153,327.9,6.12915611,5.86100578,4.13718033,0.002845,-,16.07843208,-0.0514325,0.61697668,0.57792759,0.32954079,25.88235283,26.27450943,-,-,41,21.29433632,14.64881134,-,1207,-,-121.0629959,36.77199936,-76.04433441,6.66666698,21.25089455,20.50524902,20.91667366
Sun Nov 26 19:30:52 EST 2017,30:52.1,-76.0443722,36.77207932,9.5,10,-37,335.8,6.39730692,5.09486103,4.67348194,-0.01008801,-,16.07843208,-0.03854657,0.62869149,0.56230789,0.36078009,26.27450943,26.66666794,-,-,41,21.29259491,14.64881134,-,1186,-,-121.3910751,36.77207947,-76.04437256,6.66666698,21.25089455,20.50524902,-
Sun Nov 26 19:30:53 EST 2017,30:53.1,-76.04439483,36.7721586,9.25,9,-36.59999847,345.2,7.24006605,4.5202527,4.29040956,-0.00720292,-,16.47058868,0.00515184,0.77707827,0.41392109,0.3842096,27.05882454,27.45098114,-,-,41,21.28913307,14.64881134,-,1200,-,-120.0787354,36.77215958,-76.04439545,6.66666698,20.69165993,20.50524902,-
Sun Nov 26 19:30:54 EST 2017,30:54.1,-76.04440527,36.77223986,9.25,10,-36.70000076,348.5,7.46990919,4.02225876,4.71178913,-0.02158074,-,16.07843208,-0.00992937,0.76536351,0.42173091,0.364685,26.27450943,26.27450943,-,-,41,21.28741455,14.64881134,-,1206,-,-120.4068298,36.77223969,-76.04440308,6.27450991,20.69165993,20.50524902,-
Sun Nov 26 19:30:55 EST 2017,30:55.1,-76.04441921,36.77232916,9.5,10,-36.5,352.9,6.39730692,5.70777702,4.71178913,-0.0020276,-,16.07843208,-0.0414712,0.6638357,0.5349735,0.33735061,26.27450943,26.66666794,-,-,41,21.28570175,14.64881134,-,1211,-,-119.7506561,36.77232742,-76.04441833,6.66666698,21.25089455,20.50524902,-
Sun Nov 26 19:30:56 EST 2017,30:56.1,-76.04442251,36.77241475,9.75,10,-36.40000153,358.2,5.55454779,5.86100578,4.02225876,0.00204719,-,16.07843208,-0.00681337,0.58183247,0.63650131,0.39201942,26.27450943,26.27450943,-,-,41,21.28535461,14.64881134,-,1222,-,-119.4225769,36.77241516,-76.04442596,6.66666698,21.81012726,21.12662125,20.89474678
Sun Nov 26 19:30:57 EST 2017,30:57.1,-76.04440222,36.77249295,9.75,10,-36.20000076,7.1,6.01423454,6.35899973,5.09486103,0.05136114,-,15.29411793,-0.06095505,0.52716368,0.63650131,0.34516042,24.70588303,25.09803963,-,-,41,21.28331375,14.64881134,-,1217,-,-118.7664032,36.77249146,-76.04440308,5.49019623,21.81012726,20.50524902,20.89474678
Sun Nov 26 19:30:58 EST 2017,30:58.1,-76.04436726,36.77258169,9.75,10,-35.59999847,13.7,5.63116217,4.94163227,3.52426481,-0.01468201,-,15.68627453,-0.15804227,0.5349735,0.51935381,0.29049161,25.49019623,25.88235283,-,-,41,21.28162766,14.64881134,-,1216,-,-116.7978973,36.77258301,-76.04436493,5.88235283,21.81012726,20.50524902,20.89474678
Sun Nov 26 19:30:59 EST 2017,30:59.1,-76.04432806,36.77266535,10,10,-34.40000153,19.7,7.62313843,2.98796368,4.71178913,-0.0069574,-,14.90196133,-0.05218885,0.76536351,0.28505886,0.38030469,14.11764717,14.11764717,-,-,41,21.27994537,14.64881134,-,1203,-,-112.8609009,36.77266693,-76.04432678,5.09803915,22.36936378,20.50524902,-
Sun Nov 26 19:31:00 EST 2017,31:00.1,-76.04426725,36.77273431,9.5,9,-34.09999847,28.4,7.46990919,2.68150592,5.20978308,0.00631383,-,14.11764717,-0.01164927,0.74974388,0.41001618,0.39592433,14.11764717,14.11764717,-,-,41,21.27526665,14.64881134,-,1143,-,-111.8766327,36.7727356,-76.04426575,4.31372547,21.25089455,19.88387871,-
Sun Nov 26 19:31:01 EST 2017,31:01.1,-76.04421053,36.7727988,9,9,-34.40000153,31.6,8.46589756,1.07260239,5.70777702,0.06553203,-,14.11764717,0.0920816,0.90984541,0.2186753,0.4623079,14.11764717,14.11764717,-,-,41,21.27093887,14.64881134,-,1082,-,-112.8609009,36.77280045,-76.04421234,4.31372547,20.13242531,19.26250648,-
Sun Nov 26 19:31:02 EST 2017,31:02.1,-76.04415095,36.77285652,8.75,9,-34.70000076,34.2,3.90733719,6.66545773,5.32470465,-0.02178903,-,13.72549057,-0.14867944,0.51544887,0.49982923,0.35687518,14.11764717,14.50980377,-,-,41,21.2639637,14.64881134,-,997,-,-113.8451462,36.77285767,-76.04415131,3.92156863,19.5731926,18.01976395,-
Sun Nov 26 19:31:03 EST 2017,31:03.1,-76.04410026,36.7729122,8,10,-35,35.1,-9.73003578,3.44765043,2.64319873,0.09020366,-,14.11764717,0.07205749,-0.92156017,0.44906533,0.21239327,14.11764717,14.50980377,-,-,41,21.25169373,14.64881134,-,1146,-,-114.8293991,36.77291107,-76.0440979,4.31372547,17.89549065,15.53427982,-
Sun Nov 26 19:31:04 EST 2017,31:04.1,-76.04404002,36.77294777,6.75,9,-36,48.6,-9.11711979,-3.29442143,2.98796368,0.05305833,-,14.11764717,0.07768612,-0.9488945,-0.42563587,0.18115395,18.8235302,19.6078434,-,-,41,21.21936226,14.64881134,-,1083,-,-118.1102371,36.77294922,-76.04403687,3.92156863,15.09931946,13.04879475,-
Sun Nov 26 19:31:05 EST 2017,31:05.1,-76.04397023,36.7729708,6.5,10,-35.40000153,68,-8.73404789,-2.68150592,2.64319873,0.03745083,-,14.11764717,-0.02267212,-0.86298645,-0.28896379,0.25534737,19.2156868,19.6078434,-,-,41,21.20197868,14.64881134,-,1044,-,-116.1417389,36.77297211,-76.0439682,5.49019623,14.54008579,13.04879475,-
Sun Nov 26 19:31:06 EST 2017,31:06.1,-76.04389935,36.77296409,6,10,-34.59999847,88.2,5.47793341,6.89530087,5.28639746,-0.06844814,-,16.47058868,0.0367764,0.33191785,0.83565199,0.4154489,26.27450943,26.66666794,-,-,41,21.18466759,14.64881134,-,1183,-,-113.5170593,36.77296448,-76.04389954,6.66666698,13.42161655,13.04879475,-
Sun Nov 26 19:31:07 EST 2017,31:07.1,-76.04383,36.77293709,6.5,10,-35.20000076,111.5,8.15943909,1.83874691,5.24809027,0.01072469,-,15.29411793,0.00688846,0.83174706,0.18743597,0.43497351,20.7843132,20.3921566,-,-,41,21.15289307,14.64881134,-,1050,-,-115.4855652,36.77293777,-76.04383087,6.27450991,14.54008579,13.67016602,14.46551704
Sun Nov 26 19:31:08 EST 2017,31:08.1,-76.04376268,36.77290789,6.25,10,-35.29999924,113.3,8.04451752,0.99598789,5.28639746,0.00440132,-,13.72549057,0.03115387,0.85517663,0.19134088,0.44278333,14.11764717,14.11764717,-,-,41,21.13579559,14.64881134,-,952,-,-115.8136444,36.77290726,-76.04376221,3.92156863,13.98085213,13.04879475,14.46551704
Sun Nov 26 19:31:09 EST 2017,31:09.1,-76.04371143,36.77288672,5.75,10,-35.20000076,115.8,8.23605347,0.30645782,5.82269859,0.02386992,-,13.72549057,-0.01072339,0.76536351,0.08200324,0.52088165,14.11764717,14.11764717,-,-,41,21.11746407,14.64881134,-,887,-,-115.4855652,36.77288818,-76.0437088,3.52941179,12.86238289,12.42742348,14.46551704
Sun Nov 26 19:31:10 EST 2017,31:10.1,-76.04366827,36.772852,5.5,11,-35.20000076,121.2,7.50821638,-0.42137951,5.93762016,-0.00428694,-,13.33333397,0.04648868,0.82393724,0.01952458,0.54431117,14.11764717,14.11764717,-,-,41,21.09398651,14.64881134,-,799,-,-115.4855652,36.77285385,-76.04367065,3.13725495,12.30314922,9.94193935,-
Sun Nov 26 19:31:11 EST 2017,31:11.1,-76.04363678,36.77282505,4.5,10,-35.09999847,122.6,7.96790314,0.2681506,6.16746378,0.01270577,-,13.72549057,-0.03629559,0.72631437,-0.01952458,0.53259641,14.11764717,14.11764717,-,-,41,21.0278244,14.64881134,-,670,-,-115.1574783,36.77282333,-76.04364014,3.92156863,10.06621265,4.34959841,-
