GPS Time, Device Time, Longitude, Latitude,GPS Speed (Meters/second), Horizontal Dilution of Precision, Altitude, Bearing, G(x), G(y), G(z), G(calibrated), 1/4 mile time(s),Absolute Throttle Position B(%),Acceleration Sensor(Total)(g),Acceleration Sensor(X axis)(g),Acceleration Sensor(Y axis)(g),Acceleration Sensor(Z axis)(g),Accelerator PedalPosition D(%),Accelerator PedalPosition E(%),Accelerator PedalPosition F(%),Actual engine % torque(%),Ambient air temp(°F),Average trip speed(whilst moving only)(mph),Barometric pressure (from vehicle)(psi),Drivers demand engine % torque(%),Engine RPM(rpm),Fuel pressure(psi),GPS Altitude(ft),GPS Latitude(°),GPS Longitude(°),Relative Throttle Position(%),Speed (GPS)(mph),Speed (OBD)(mph),Torque(Nm)
Tue Nov 21 14:53:06 EST 2017,53:06.4,-76.04350977,36.84222927,32,7,-37.20000076,264.7,-0.49799395,4.8267107,7.35498762,-0.08279294,-,-,0.05702865,-0.11714748,0.65602589,0.72003233,-,-,-,-,64.40000153,-,14.64881134,-,2414,-,-122.0472488,36.84222794,-76.04351044,-,71.58196259,70.21494293,-
Tue Nov 21 14:53:07 EST 2017,53:07.4,-76.04383357,36.84216105,30.75,7,-37.09999847,260.4,2.37504816,-1.83874691,3.94564438,-0.07304187,-,-,0.15268798,-0.0234295,0.01561966,1.05195022,-,-,-,-,64.40000153,-,14.64881134,-,2414,-,-121.7191544,36.84215927,-76.04383087,-,68.78578949,70.21494293,-
Tue Nov 21 14:53:08 EST 2017,53:08.4,-76.04417972,36.84212004,31.5,5,-35.5,259.4,5.13316822,6.66545773,6.16746378,0.0823496,-,27.05882454,-0.11838958,0.35925224,0.67555046,0.33735061,26.66666794,14.11764717,-,-,64.40000153,-,14.64881134,-,2414,-,-116.4698181,36.84212112,-76.04418182,18.8235302,70.46348572,70.21494293,-
Tue Nov 21 14:53:09 EST 2017,53:09.4,-76.04452506,36.84206952,31.75,4,-35.5,259.3,-0.72783732,-2.98796368,11.14740276,0.00049691,-,27.05882454,-0.30736998,-0.1718163,-0.31239328,0.49354723,26.66666794,14.11764717,-,-,64.40000153,-,14.64881134,-,2414,-,-116.4698181,36.84206772,-76.04452515,18.8235302,71.02272797,70.21494293,-
Tue Nov 21 14:53:10 EST 2017,53:10.4,-76.044865,36.84201367,31.25,4,-34.90000153,258.5,-0.8810662,-2.79642749,9.6534214,0.06056384,-,27.05882454,0.06929982,-0.06638357,-0.28896379,0.92699289,26.66666794,14.11764717,-,-,64.40000153,-,14.64881134,-,2428,-,-114.5013199,36.84201431,-76.04486847,18.8235302,69.90425873,70.21494293,-
Tue Nov 21 14:53:11 EST 2017,53:11.4,-76.04520824,36.84194828,31.5,4,-34.20000076,257.8,-0.42137951,-2.56658411,10.45787334,0.07735488,-,23.52941132,0.09889276,-0.04295408,-0.26162934,0.9660421,26.66666794,14.11764717,-,-,64.40000153,69.59357452,14.64881134,-,2428,-,-112.2047272,36.84194946,-76.04521179,9.8039217,70.46348572,69.59357452,-
Tue Nov 21 14:53:12 EST 2017,53:12.4,-76.0455526,36.84187832,31.75,4,-33.79999924,256.7,-0.30645782,-3.14119267,9.27034855,0.01725411,-,23.52941132,0.01324848,-0.00780983,-0.29677361,0.86841917,40,39.2156868,-,-,64.40000153,69.59357452,14.64881134,-,2428,-,-110.8923874,36.84187698,-76.04555511,9.8039217,71.02272797,69.59357452,-
Tue Nov 21 14:53:13 EST 2017,53:13.4,-76.04590016,36.8418121,31.75,8,-33.29999924,256.7,-0.11492168,-2.33674097,10.18972206,0.03377082,-,23.52941132,0.0083499,-0.00390492,-0.2928687,0.86451429,40,39.2156868,-,-,64.40000153,69.59357452,14.64881134,-,2428,-,-109.2519684,36.84181213,-76.04589844,9.8039217,71.02272797,69.59357452,-
Tue Nov 21 14:53:14 EST 2017,53:14.4,-76.04622853,36.8417349,32,5,-33.5,255,-0.65122288,-2.37504816,9.84495735,0.00126932,-,23.52941132,-0.02605826,-0.04685899,-0.27334413,0.8332749,40,39.2156868,-,-,64.40000153,69.59357452,14.64881134,-,2399,-,-109.9081345,36.84173584,-76.0462265,9.8039217,71.58196259,69.59357452,-
Tue Nov 21 14:53:15 EST 2017,53:15.4,-76.04656187,36.84165247,32,5,-33.59999847,254,-0.49799395,-2.83473492,9.95987892,0.07375835,-,34.90196228,0.02199027,-0.02733441,-0.31239328,0.87232411,36.47058868,41.17647171,-,-,64.40000153,69.59357452,14.64881134,-,2399,-,-110.2362137,36.84165192,-76.04656219,20.7843132,71.58196259,69.59357452,-
Tue Nov 21 14:53:16 EST 2017,53:16.4,-76.04689877,36.84157115,31.75,6,-33.59999847,253.2,-0.49799395,-2.68150592,10.22802925,0.0980435,-,34.90196228,0.05695647,-0.02733441,-0.30458343,0.91137326,36.47058868,41.17647171,-,-,64.40000153,69.59357452,14.64881134,-,2399,-,-110.2362137,36.84157181,-76.04689789,20.7843132,71.02272797,69.59357452,-
Tue Nov 21 14:53:17 EST 2017,53:17.4,-76.04724067,36.8414806,32,6,-33.5,252.2,-0.61291564,-2.03028297,9.27034855,-0.01011199,-,34.90196228,-0.0228596,-0.06638357,-0.23819989,0.84498966,36.47058868,41.17647171,-,-,64.40000153,69.80069733,14.64881134,-,2427,-,-109.9081345,36.84148026,-76.04724121,20.7843132,71.58196259,70.21494293,-
Tue Nov 21 14:53:18 EST 2017,53:18.4,-76.04757368,36.84138538,32,8,-33.5,251,0.49799395,-4.06056595,9.57680702,0.08056992,-,29.01960754,0.06193258,0.05076391,-0.41392109,0.87622905,14.11764717,41.17647171,-,-,64.40000153,69.80069733,14.64881134,-,2427,-,-109.9081345,36.84138489,-76.0475769,23.13725471,71.58196259,70.21494293,-
Tue Nov 21 14:53:19 EST 2017,53:19.4,-76.04787209,36.84129013,31.5,6,-33.79999924,249.8,-1.22583127,-2.79642749,9.92157173,0.06428745,-,29.01960754,0.0585433,-0.12495731,-0.28505886,0.91137326,14.11764717,24.70588303,-,-,64.40000153,70.05960083,14.64881134,-,2461,-,-110.8923874,36.84128952,-76.04787445,23.13725471,70.46348572,70.83631897,32.36030579
Tue Nov 21 14:53:20 EST 2017,53:20.4,-76.04820767,36.84117854,31.5,5,-33.59999847,248.2,0.8810662,-2.68150592,10.41956615,0.11941749,-,31.37254906,0.10079345,0.08981306,-0.27334413,0.96213716,38.82352829,40.39215851,-,-,64.40000153,70.05960083,14.64881134,-,2475,-,-110.2362137,36.84117889,-76.04821014,22.35294151,70.46348572,70.83631897,32.36030579
Tue Nov 21 14:53:21 EST 2017,53:21.4,-76.04854587,36.8410651,31.75,5,-33.70000076,247.1,-0.5363012,-2.71981311,9.61511421,0.02762341,-,17.64705849,-0.01239061,-0.01171475,-0.34363261,0.82546508,38.82352829,40.39215851,-,-,64.40000153,70.33921814,14.64881134,-,2475,-,-110.5643082,36.84106445,-76.04854584,8.62745094,71.02272797,71.45768738,33.74766159
Tue Nov 21 14:53:22 EST 2017,53:22.4,-76.04888707,36.84094873,32,4,-34.09999847,246.4,0.19153613,-2.14520478,8.35097599,-0.10187334,-,17.64705849,-0.01956243,0.01561966,-0.27334413,0.84108472,38.4313736,38.82352829,-,-,64.40000153,70.52562714,14.64881134,-,2473,-,-111.8766327,36.84095001,-76.04888916,8.62745094,71.58196259,71.45768738,33.74766159
Tue Nov 21 14:53:23 EST 2017,53:23.4,-76.04921634,36.8408291,32.25,4,-34.40000153,246.2,0.5363012,-3.75410819,8.73404789,0.04469483,-,17.64705849,-0.04357481,0.05076391,-0.2186753,0.82936996,25.88235283,38.82352829,-,-,64.40000153,70.52562714,14.64881134,-,2473,-,-112.8609009,36.84082794,-76.04921722,8.62745094,72.1411972,71.45768738,33.74766159
Tue Nov 21 14:53:24 EST 2017,53:24.4,-76.04954324,36.84071406,32.25,4,-34.59999847,246.3,0.91937345,-2.87304211,8.92558384,-0.02059704,-,17.64705849,-0.03259765,0.01561966,-0.31629819,0.81375033,25.88235283,30.58823586,-,-,64.40000153,70.65878296,14.64881134,-,2494,-,-113.5170593,36.8407135,-76.04954529,8.62745094,72.1411972,71.45768738,-
Tue Nov 21 14:53:25 EST 2017,53:25.4,-76.04988423,36.84059597,32,4,-34.70000076,246.5,-0.61291564,-2.45166254,9.84495735,0.03789453,-,25.88235283,0.03645261,-0.06247865,-0.24991462,0.90356338,38.03921509,30.58823586,-,-,64.40000153,70.65878296,14.64881134,-,2494,-,-113.8451462,36.84059525,-76.04988098,8.23529434,71.58196259,71.45768738,-
Tue Nov 21 14:53:26 EST 2017,53:26.4,-76.050205,36.84048503,32.25,4,-35.20000076,247,-0.49799395,-2.64319873,9.50019264,0.03139953,-,25.88235283,0.00682794,-0.05076391,-0.26943922,0.86841917,38.03921509,38.4313736,-,-,64.40000153,70.65878296,14.64881134,-,2480,-,-115.4855652,36.84048462,-76.05020142,8.23529434,72.1411972,71.45768738,-
Tue Nov 21 14:53:27 EST 2017,53:27.4,-76.05055133,36.8403652,32.5,4,-35.20000076,246.9,-0.45968673,-3.63918662,9.34696388,0.08555573,-,25.88235283,0.1158687,-0.02733441,-0.30067852,0.97385192,38.03921509,38.4313736,-,-,64.40000153,70.83631897,14.64881134,-,2480,-,-115.4855652,36.84036636,-76.05055237,8.23529434,72.70043182,72.07905579,-
Tue Nov 21 14:53:28 EST 2017,53:28.4,-76.05087461,36.84024877,32.5,4,-34.90000153,246.5,-0.30645782,-2.87304211,10.15141487,0.048812,-,25.88235283,0.08119892,-0.01952458,-0.25381953,0.95042247,38.03921509,38.4313736,-,-,64.40000153,70.83631897,14.64881134,-,2480,-,-114.5013199,36.84024811,-76.0508728,8.23529434,72.70043182,72.07905579,-
Tue Nov 21 14:53:29 EST 2017,53:29.4,-76.05120178,36.84013145,32.25,4,-35.09999847,246.4,-0.07661445,-3.06457806,10.26633644,0.11117643,-,27.45098114,0.04897911,0,-0.40220633,0.86841917,37.64706039,36.07843018,-,-,64.40000153,70.83631897,14.64881134,-,2494,-,-115.1574783,36.84012985,-76.05120087,20,72.1411972,72.07905579,-
Tue Nov 21 14:53:30 EST 2017,53:30.4,-76.05153141,36.84001471,32.25,4,-35.20000076,246.3,-0.11492168,-2.37504816,10.11310768,0.04849866,-,28.62745094,0.03629065,-0.02733441,-0.22258021,0.91137326,37.64706039,36.07843018,-,-,64.40000153,70.97439575,14.64881134,-,2494,-,-115.4855652,36.84001541,-76.05152893,18.4313736,72.1411972,72.07905579,-
Tue Nov 21 14:53:31 EST 2017,53:31.4,-76.05185923,36.83990173,32.25,4,-35.79999924,246.4,0,-3.44765043,9.34696388,0.03454846,-,28.62745094,0.04897906,0.01171475,-0.38268176,0.87622905,37.64706039,33.33333206,-,-,64.40000153,71.02272797,14.64881134,-,2476,-,-117.4540634,36.83990097,-76.05185699,18.4313736,72.1411972,71.45768738,-
Tue Nov 21 14:53:32 EST 2017,53:32.4,-76.05218794,36.83978574,32.25,4,-35.79999924,246.5,-0.34476504,-2.79642749,9.34696388,0.01414853,-,22.74509811,0.06317476,-0.01171475,-0.27334413,0.85279953,30.58823586,33.33333206,-,-,64.40000153,71.02272797,14.64881134,-,2476,-,-117.4540634,36.83978653,-76.05218506,10.98039246,72.1411972,71.45768738,-
Tue Nov 21 14:53:33 EST 2017,53:33.4,-76.05251904,36.83967233,32.25,4,-35.5,246.7,-0.2681506,-2.29843354,9.46188545,0.01193959,-,22.74509811,-0.00672114,-0.02733441,-0.23429495,0.86451429,30.58823586,37.25490189,-,-,64.40000153,71.00578308,14.64881134,-,2437,-,-116.4698181,36.83967209,-76.05252075,10.98039246,72.1411972,70.83631897,-
Tue Nov 21 14:53:34 EST 2017,53:34.4,-76.0528466,36.8395607,32,4,-35.5,246.8,-0.15322891,-3.02627087,8.77235508,0.07599654,-,22.35294151,-0.05360664,-0.01561966,-0.30848834,0.79422575,35.68627548,32.15686417,-,-,64.40000153,71.00578308,14.64881134,-,2418,-,-116.4698181,36.83956146,-76.05284882,16.07843208,71.58196259,70.83631897,-
Tue Nov 21 14:53:35 EST 2017,53:35.4,-76.05316937,36.83944898,31.75,4,-35.40000153,246.7,0.61291564,-3.02627087,6.81868649,-0.21798104,-,22.35294151,-0.23672035,0.06247865,-0.30848834,0.59507507,35.68627548,32.15686417,-,-,64.40000153,70.93987274,14.64881134,-,2418,-,-116.1417389,36.83945084,-76.05316925,8.23529434,71.02272797,70.21494293,-
Tue Nov 21 14:53:36 EST 2017,53:36.4,-76.0534974,36.83933556,31.5,5,-35.90000153,246.5,-0.03830723,-2.9113493,9.73003578,0.04521004,-,17.64705849,-0.10703947,-0.00780983,-0.417826,0.68879306,27.84313774,31.76470566,-,-,64.40000153,70.74072266,14.64881134,-,2398,-,-117.7821579,36.8393364,-76.05349731,8.23529434,70.46348572,68.35083008,-
Tue Nov 21 14:53:37 EST 2017,53:37.4,-76.05381555,36.83921851,31.25,5,-36,246.3,-0.38307226,-2.41335535,8.92558384,-0.03767383,-,27.84313774,-0.04236313,0.00390492,-0.1952458,0.83717978,40.7843132,31.76470566,-,-,64.40000153,70.74072266,14.64881134,-,2398,-,-118.1102371,36.83921814,-76.05381775,21.17647171,69.90425873,68.35083008,-
Tue Nov 21 14:53:38 EST 2017,53:38.4,-76.05412585,36.83910922,31,6,-35.70000076,246.5,0.80445176,-3.02627087,10.11310768,0.02614801,-,27.84313774,-0.17517979,-0.0741934,-0.26553428,0.67707831,40.7843132,36.07843018,-,-,66.19999695,70.61440277,14.64881134,-,2391,-,-117.1259842,36.83910751,-76.05412292,21.17647171,69.34502411,68.97220612,33.08218002
Tue Nov 21 14:53:39 EST 2017,53:39.4,-76.05445212,36.83899894,31,5,-35.59999847,246.6,-0.07661445,-3.06457806,8.81066227,-0.03005874,-,29.41176605,-0.1219883,-0.23429495,-0.19134088,0.72393727,36.47058868,32.94117737,-,-,66.19999695,70.61440277,14.64881134,-,2370,-,-116.7978973,36.8390007,-76.05445099,13.72549057,69.34502411,68.97220612,33.08218002
Tue Nov 21 14:53:40 EST 2017,53:40.4,-76.054754,36.83888691,30.75,5,-35.40000153,246.5,0.38307226,-1.9153614,11.18570995,0.06077045,-,25.49019623,-0.11145047,-0.19915071,-0.27724904,0.72003233,36.47058868,32.94117737,-,-,66.19999695,70.50492096,14.64881134,-,2370,-,-116.1417389,36.83888626,-76.05475616,15.68627453,68.78578949,68.97220612,33.08218002
Tue Nov 21 14:53:41 EST 2017,53:41.4,-76.0550642,36.83877936,30.75,6,-35.5,246.4,1.53228903,-1.68551803,12.60307789,0.32453316,-,25.49019623,0.15543811,0.05857374,-0.34363261,1.00118625,41.96078491,43.92156982,-,-,66.19999695,70.4479599,14.64881134,-,2398,-,-116.4698181,36.83877945,-76.05506134,15.68627453,68.78578949,69.59357452,33.58947754
Tue Nov 21 14:53:42 EST 2017,53:42.4,-76.05537949,36.8386614,31,6,-35.29999924,246.4,-0.2681506,-3.60087943,9.92157173,0.04139923,-,17.64705849,0.09333837,0.01561966,-0.3397277,0.93870759,19.2156868,27.45098114,-,-,66.19999695,70.4479599,14.64881134,-,2398,-,-115.8136444,36.83866119,-76.05538177,9.8039217,69.34502411,69.59357452,33.58947754
Tue Nov 21 14:53:43 EST 2017,53:43.4,-76.05570558,36.83854837,31.25,6,-35.59999847,246.5,-0.34476504,-3.40934324,11.68370438,0.26016754,-,17.64705849,0.02366857,-0.02733441,-0.2928687,0.88013393,19.2156868,27.45098114,-,-,66.19999695,70.36114502,14.64881134,-,2404,-,-116.7978973,36.83854675,-76.05570221,8.62745094,69.90425873,68.97220612,33.58947754
Tue Nov 21 14:53:44 EST 2017,53:44.4,-76.05602459,36.83843703,31,6,-36,246.6,-0.19153613,-3.33272886,9.30865574,0.02582598,-,17.64705849,0.00841032,-0.01952458,-0.3397277,0.84889454,16.07843208,14.50980377,-,-,66.19999695,70.36114502,14.64881134,-,2345,-,-118.1102371,36.83843613,-76.05602264,8.62745094,69.34502411,68.97220612,33.58947754
Tue Nov 21 14:53:45 EST 2017,53:45.4,-76.05634303,36.8383254,30.75,6,-36.40000153,246.6,-0.68953007,-3.17949986,9.34696388,0.02786738,-,16.86274529,0.00921208,-0.07028849,-0.32410803,0.85279953,16.07843208,14.50980377,-,-,66.19999695,70.24946594,14.64881134,-,2345,-,-119.4225769,36.8383255,-76.05634308,7.45098066,68.78578949,68.35083008,-
Tue Nov 21 14:53:46 EST 2017,53:46.4,-76.0566536,36.8382182,30.5,6,-36.5,246.5,-0.11492168,-3.40934324,9.23204136,0.01246154,-,16.86274529,-0.00619908,-0.0234295,-0.3397277,0.8332749,14.50980377,14.90196133,-,-,66.19999695,70.08412933,14.64881134,-,2316,-,-119.7506561,36.83821869,-76.05665588,7.45098066,68.22655487,67.10808563,-
Tue Nov 21 14:53:47 EST 2017,53:47.4,-76.05696354,36.83810936,30.25,6,-36.40000153,246.3,-0.19153613,-3.40934324,9.30865574,0.05864368,-,17.64705849,0.06443699,-0.02733441,-0.30458343,0.91918308,14.11764717,14.11764717,-,-,66.19999695,70.08412933,14.64881134,-,2316,-,-119.4225769,36.83810806,-76.05696106,8.23529434,67.66732025,67.10808563,-
Tue Nov 21 14:53:48 EST 2017,53:48.4,-76.0572693,36.8380038,30,5,-37,246.2,-0.15322891,-3.33272886,9.76834297,0.07122809,-,17.25490189,-0.01908003,-0.04295408,-0.36315718,0.80984545,14.11764717,14.11764717,-,-,64.40000153,69.90425873,14.64881134,-,2284,-,-121.3910751,36.83800507,-76.05726624,7.84313726,67.10808563,66.48671722,-
Tue Nov 21 14:53:49 EST 2017,53:49.4,-76.05757872,36.83789409,29.75,6,-36.79999924,246,0.07661445,-3.48595762,9.30865574,0.03860449,-,17.25490189,0.02526971,0,-0.32410803,0.87232411,14.11764717,14.11764717,-,-,64.40000153,69.68234253,14.64881134,-,2264,-,-120.7349091,36.83789444,-76.05757904,7.84313726,66.54885101,65.24397278,-
Tue Nov 21 14:53:50 EST 2017,53:50.4,-76.05788149,36.83778843,29.5,6,-37.40000153,246.2,0.11492168,-3.52426481,9.11711979,0.01545769,-,17.25490189,-0.00320184,0.01171475,-0.35925224,0.82936996,14.11764717,14.50980377,-,-,64.40000153,69.68234253,14.64881134,-,2264,-,-122.7034149,36.83778763,-76.05788422,7.84313726,65.98961639,65.24397278,-
Tue Nov 21 14:53:51 EST 2017,53:51.4,-76.0581803,36.83768228,29.25,5,-37.79999924,246.3,0,-3.10288548,9.23204136,0.01274129,-,17.25490189,-0.00684416,0,-0.31629819,0.84108472,14.11764717,14.50980377,-,-,64.40000153,69.45235443,14.64881134,-,2230,-,-124.0157471,36.83768082,-76.05818176,9.4117651,65.43038177,64.62260437,-
Tue Nov 21 14:53:52 EST 2017,53:52.4,-76.05848229,36.83757944,29,5,-37.90000153,246.6,-0.38307226,-2.9113493,9.69172859,0.05129462,-,18.8235302,0.03264731,-0.03904916,-0.29677361,0.88794374,28.23529434,30.19607925,-,-,64.40000153,69.21534729,14.64881134,-,2228,-,-124.3438339,36.83757782,-76.05847931,9.4117651,64.87114716,64.00123596,-
Tue Nov 21 14:53:53 EST 2017,53:53.4,-76.0587779,36.83747602,28.75,4,-38.29999924,246.7,-0.61291564,-2.79642749,9.50019264,0.07458033,-,28.62745094,-0.05903959,-0.06247865,-0.28505886,0.79422575,33.33333206,30.19607925,-,-,64.40000153,69.21534729,14.64881134,-,2228,-,-125.6561661,36.83747482,-76.05877686,23.13725471,64.31192017,64.00123596,-
Tue Nov 21 14:53:54 EST 2017,53:54.4,-76.0590778,36.83737306,29.25,4,-38.90000153,246.6,-0.2681506,-2.56658411,9.88326454,0.06024414,-,28.62745094,0.04705718,-0.03904916,-0.32020313,0.89575356,33.33333206,32.54901886,-,-,64.40000153,69.04987335,14.64881134,-,2258,-,-127.6246796,36.83737183,-76.0590744,23.13725471,65.43038177,65.24397278,66.03366089
Tue Nov 21 14:53:55 EST 2017,53:55.4,-76.05937762,36.83726719,29.25,4,-39.20000076,246.5,-0.07661445,-2.22181916,9.6534214,0.03690236,-,26.27450943,0.02240078,0.10152781,-0.28505886,0.87622905,14.11764717,17.25490189,-,-,64.40000153,69.04987335,14.64881134,-,2261,-,-128.6089325,36.83726883,-76.05937958,21.17647171,65.43038177,65.24397278,66.03366089
Tue Nov 21 14:53:56 EST 2017,53:56.4,-76.05967444,36.83716222,29.25,4,-39.40000153,246.5,-0.57460839,-3.06457806,8.65743351,-0.04299885,-,20.7843132,0.04848436,-0.08200324,-0.35144243,0.88403887,14.11764717,17.25490189,-,-,64.40000153,68.89763641,14.64881134,-,2261,-,-129.2650909,36.83716202,-76.05967712,16.86274529,65.43038177,65.24397278,66.03366089
Tue Nov 21 14:53:57 EST 2017,53:57.4,-76.05997619,36.83705785,29.25,4,-39.79999924,246.6,0.07661445,-3.60087943,9.50019264,0.01789408,-,20.7843132,0.036033,0.00780983,-0.36706212,0.86841917,14.11764717,14.50980377,-,-,64.40000153,68.7571106,14.64881134,-,2255,-,-130.5774231,36.83705902,-76.05997467,16.86274529,65.43038177,65.24397278,-
Tue Nov 21 14:53:58 EST 2017,53:58.4,-76.06027696,36.83695232,29.25,4,-39.59999847,246.8,0.49799395,-3.21780705,9.73003578,0.07396108,-,16.47058868,0.04247852,0.08200324,-0.35534734,0.87622905,14.11764717,14.11764717,-,-,64.40000153,68.7571106,14.64881134,-,2255,-,-129.9212494,36.83695221,-76.06027985,7.05882359,65.43038177,65.24397278,-
Tue Nov 21 14:53:59 EST 2017,53:59.4,-76.06057104,36.83685274,29,4,-39.70000076,247.4,0.8810662,-3.44765043,8.96389103,0.00211638,-,16.47058868,0.07325241,0.04295408,-0.32020313,0.92308795,14.11764717,14.11764717,-,-,64.40000153,68.55795288,14.64881134,-,2174,-,-130.2493439,36.83685303,-76.06056976,7.05882359,64.87114716,63.37985992,-
Tue Nov 21 14:54:00 EST 2017,54:00.4,-76.06087088,36.83676083,28.5,4,-39.70000076,248.8,0.68953007,-3.06457806,9.95987892,0.04333943,-,16.47058868,0.01818343,0.08590815,-0.34753752,0.85279953,14.11764717,14.50980377,-,-,64.40000153,68.55795288,14.64881134,-,2122,-,-130.2493439,36.83676147,-76.06086731,7.05882359,63.75268173,63.37985992,-
Tue Nov 21 14:54:01 EST 2017,54:01.4,-76.0611708,36.83667581,28.25,4,-39.40000153,249.9,0.38307226,-2.37504816,9.50019264,0.01798713,-,23.13725471,0.01259313,0.03904916,-0.24991462,0.88013393,14.11764717,14.50980377,-,-,64.40000153,68.32863617,14.64881134,-,2122,-,-129.2650909,36.83667755,-76.06117249,12.15686321,63.19344711,62.13711929,-
Tue Nov 21 14:54:02 EST 2017,54:02.4,-76.06146812,36.8366031,28,4,-39.29999924,251.4,0.07661445,-2.68150592,9.6534214,0.04050745,-,23.13725471,0.02168421,0.01561966,-0.32410803,0.86841917,36.86274719,36.07843018,-,-,64.40000153,68.13656616,14.64881134,-,2175,-,-128.9370117,36.83660126,-76.06147003,12.15686321,62.63421249,62.75849152,32.9711113
Tue Nov 21 14:54:03 EST 2017,54:03.4,-76.0617762,36.83652993,28.25,4,-38.5,252.6,0.68953007,-3.06457806,9.95987892,0.08357495,-,20.3921566,0.0649386,0.07028849,-0.31239328,0.91527814,31.76470566,36.07843018,-,-,64.40000153,68.13656616,14.64881134,-,2175,-,-126.3123398,36.83652878,-76.06177521,12.54901981,63.19344711,62.75849152,32.9711113
Tue Nov 21 14:54:04 EST 2017,54:04.4,-76.06210044,36.83645221,28.5,4,-35.5,253.5,0.57460839,-3.29442143,9.46188545,0.06151536,-,20.3921566,0.02333318,0.05857374,-0.33582276,0.86451429,31.76470566,25.49019623,-,-,64.40000153,67.97801208,14.64881134,-,2173,-,-116.4698181,36.83645248,-76.06210327,12.54901981,63.75268173,63.37985992,28.02811813
Tue Nov 21 14:54:05 EST 2017,54:05.4,-76.06240736,36.83638926,28.25,4,-35.5,255.1,0.49799395,-3.06457806,10.15141487,0.1011197,-,17.25490189,0.08248947,0.05076391,-0.31239328,0.93480271,26.66666794,27.45098114,-,-,64.40000153,67.97801208,14.64881134,-,2173,-,-116.4698181,36.83638763,-76.06240845,8.23529434,63.19344711,63.37985992,28.02811813
Tue Nov 21 14:54:06 EST 2017,54:06.4,-76.0627088,36.83633308,28,4,-35.20000076,256.6,0.38307226,-2.9113493,9.57680702,0.01521593,-,17.25490189,0.02646707,0.04295408,-0.30067852,0.88013393,26.66666794,27.45098114,-,-,64.40000153,67.78958893,14.64881134,-,2157,-,-115.4855652,36.83633423,-76.06270599,14.11764717,62.63421249,62.13711929,28.02811813
Tue Nov 21 14:54:07 EST 2017,54:07.4,-76.06301407,36.83627484,28,7,-35.20000076,256.6,0.38307226,-3.29442143,10.07480049,0.10021049,-,21.96078491,0.07771448,0.05857374,-0.32020313,0.92699289,30.98039246,33.33333206,-,-,64.40000153,67.61295319,14.64881134,-,2155,-,-115.4855652,36.83627319,-76.06301117,14.11764717,62.63421249,62.13711929,-
Tue Nov 21 14:54:08 EST 2017,54:08.4,-76.06332018,36.83624062,28,6,-34.59999847,258.9,0.42137951,-3.14119267,9.61511421,0.05564263,-,17.25490189,0.06732876,0.05076391,-0.32410803,0.91527814,21.96078491,33.33333206,-,-,66.19999695,67.61295319,14.64881134,-,2155,-,-113.5170593,36.83623886,-76.06332397,7.84313726,62.63421249,62.13711929,-
Tue Nov 21 14:54:09 EST 2017,54:09.4,-76.06363448,36.83620436,27.75,6,-35.09999847,260.3,0.80445176,-3.02627087,9.53849983,0.0423786,-,17.25490189,-0.01543126,0.07028849,-0.31629819,0.82936996,21.96078491,22.35294151,-,-,66.19999695,67.39052582,14.64881134,-,2087,-,-115.1574783,36.83620453,-76.06363678,7.84313726,62.07497787,60.27300644,-
Tue Nov 21 14:54:10 EST 2017,54:10.4,-76.0639383,36.83618174,27,3,-32.29999924,262.8,0.49799395,-3.56257224,8.19774628,0.02873443,-,17.25490189,-0.08712355,0.05076391,-0.36315718,0.73565197,21.17647171,21.56862831,-,-,66.19999695,67.39052582,14.64881134,-,2087,-,-105.9711227,36.83618164,-76.06394196,7.84313726,60.39727783,60.27300644,-
Tue Nov 21 14:54:11 EST 2017,54:11.4,-76.06423785,36.83615139,27,4,-31.60000038,262.8,0.49799395,-2.48996973,8.81066227,0.03617626,-,17.25490189,0.01752377,0.05076391,-0.28115395,0.87622905,21.17647171,21.56862831,-,-,66.19999695,67.10808563,14.64881134,-,2031,-,-103.6745453,36.83615112,-76.0642395,16.47058868,60.39727783,57.78752136,-
Tue Nov 21 14:54:12 EST 2017,54:12.4,-76.06452814,36.83613486,26.25,6,-32,264.3,0.03830723,-2.48996973,8.73404789,-0.00350021,-,25.88235283,-0.07388093,0.00390492,-0.25381953,0.79032087,35.29411697,36.07843018,-,-,66.19999695,66.85954285,14.64881134,-,2089,-,-104.9868774,36.83613586,-76.06452942,16.47058868,58.71957779,58.40889359,31.6804657
Tue Nov 21 14:54:13 EST 2017,54:13.4,-76.06481096,36.83612018,26,6,-31.60000038,265.5,0.42137951,-2.41335535,9.38527107,0.00776148,-,29.80392265,0.00291019,0.05076391,-0.22258021,0.87622905,41.5686264,36.07843018,-,-,66.19999695,66.85954285,14.64881134,-,2089,-,-103.6745453,36.83612061,-76.06481171,14.11764717,58.16034317,58.40889359,31.6804657
Tue Nov 21 14:54:14 EST 2017,54:14.4,-76.06509498,36.83611426,26,5,-30.29999924,266.9,0.22984336,-1.57059634,10.11310768,-0.03423221,-,29.80392265,-0.32597092,0.01171475,-0.2421048,0.52869147,41.5686264,32.94117737,-,-,66.19999695,66.64205933,14.64881134,-,2051,-,-99.40944672,36.83611298,-76.06509399,14.11764717,58.16034317,59.03026199,33.43427658
Tue Nov 21 14:54:15 EST 2017,54:15.4,-76.06539106,36.83611326,26.25,5,-30.10000038,268.3,0.49799395,-2.14520478,9.34696388,-0.00211143,-,25.88235283,-0.07319742,0.04685899,-0.22258021,0.79813069,32.54901886,41.17647171,-,-,66.19999695,66.64205933,14.64881134,-,2051,-,-98.75328064,36.83611298,-76.06539154,20,58.71957779,59.03026199,33.43427658
Tue Nov 21 14:54:16 EST 2017,54:16.4,-76.06568635,36.8361193,26.5,5,-29.10000038,269.7,0.2681506,-3.14119267,9.23204136,0.02162269,-,25.88235283,-0.03545678,0.04295408,-0.2928687,0.81765527,32.54901886,41.17647171,-,-,66.19999695,66.45313263,14.64881134,-,2146,-,-95.47244263,36.83612061,-76.06568909,17.25490189,59.27880859,59.65163422,30.84633446
Tue Nov 21 14:54:17 EST 2017,54:17.4,-76.0659884,36.83612636,26.75,6,-28.60000038,270.8,0.07661445,-2.45166254,9.6534214,0.03430825,-,19.6078434,0.01565505,0.00780983,-0.24991462,0.88403887,14.50980377,30.19607925,-,-,66.19999695,66.27414703,14.64881134,-,2064,-,-93.83202362,36.83612823,-76.06598663,17.25490189,59.83804321,59.65163422,30.84633446
Tue Nov 21 14:54:18 EST 2017,54:18.4,-76.06629324,36.83614665,26.75,4,-29.10000038,273.1,-0.03830723,-2.7581203,9.73003578,0.01975406,-,32.15686417,0.03128699,-0.00390492,-0.28115395,0.89184868,37.25490189,30.19607925,-,-,66.19999695,66.27414703,14.64881134,-,2064,-,-95.47244263,36.83614731,-76.06629181,27.84313774,59.83804321,59.65163422,30.84633446
Tue Nov 21 14:54:19 EST 2017,54:19.4,-76.06659287,36.83616595,27.25,4,-29.20000076,274.3,0.2681506,-3.06457806,9.69172859,0.05551797,-,32.15686417,-0.0195935,0.03904916,-0.32020313,0.82546508,37.25490189,39.2156868,-,-,66.19999695,66.15213776,14.64881134,-,2132,-,-95.80052948,36.83616638,-76.06658936,27.84313774,60.95651245,61.51574707,99.87843323
Tue Nov 21 14:54:20 EST 2017,54:20.4,-76.06689705,36.8361842,27.25,6,-29,274.3,0.34476504,-3.44765043,9.53849983,0.06198238,-,25.09803963,0.05008399,0.05857374,-0.28896379,0.90746832,36.07843018,30.19607925,-,-,66.19999695,66.15213776,14.64881134,-,2137,-,-95.14435577,36.83618546,-76.06689453,8.23529434,60.95651245,61.51574707,99.87843323
Tue Nov 21 14:54:21 EST 2017,54:21.4,-76.06720878,36.83621479,27.5,6,-29.39999962,275.5,0.45968673,-2.68150592,8.73404789,-0.04848516,-,18.8235302,0.01847557,0.00780983,-0.28896379,0.87622905,36.07843018,30.19607925,-,-,66.19999695,66.03622437,14.64881134,-,2137,-,-96.45669556,36.83621597,-76.06720734,7.84313726,61.51574707,61.51574707,99.87843323
Tue Nov 21 14:54:22 EST 2017,54:22.4,-76.06751181,36.83624649,27.5,6,-28.5,276.9,-0.19153613,-3.48595762,9.19373417,0.00956726,-,18.8235302,0.02407846,0.00390492,-0.33191785,0.86841917,27.84313774,32.54901886,-,-,66.19999695,65.92597198,14.64881134,-,2141,-,-93.50393677,36.83624649,-76.06751251,7.84313726,61.51574707,61.51574707,-
Tue Nov 21 14:54:23 EST 2017,54:23.4,-76.06781784,36.8362847,27.5,7,-28.29999924,278,0.22984336,-2.83473492,9.69172859,0.04860276,-,21.96078491,0.00631247,-0.01171475,-0.25772443,0.87232411,34.11764908,32.54901886,-,-,66.19999695,65.92597198,14.64881134,-,2141,-,-92.84776306,36.83628464,-76.06781769,7.84313726,61.51574707,61.51574707,-
Tue Nov 21 14:54:24 EST 2017,54:24.4,-76.06812288,36.83633546,27.5,7,-28.79999924,278.8,-0.34476504,-3.25611424,9.76834297,0.02724089,-,21.96078491,0.05056341,-0.03514424,-0.33191785,0.89575356,34.11764908,31.37254906,-,-,66.19999695,65.820961,14.64881134,-,2130,-,-94.4881897,36.83633423,-76.06812286,7.84313726,61.51574707,61.51574707,-
Tue Nov 21 14:54:25 EST 2017,54:25.4,-76.06843215,36.8363692,27.5,7,-28.29999924,278.8,-0.72783732,-2.10689759,9.69172859,0.03273755,-,17.25490189,0.01408387,-0.0741934,-0.21477039,0.88794374,21.96078491,29.01960754,-,-,66.19999695,65.820961,14.64881134,-,2169,-,-92.84776306,36.83636856,-76.06843567,10.1960783,61.51574707,61.51574707,-
Tue Nov 21 14:54:26 EST 2017,54:26.4,-76.06873728,36.8364108,27.5,8,-29.39999962,278.8,-1.07260239,-2.83473492,9.73003578,0.04394695,-,17.25490189,0.03042847,-0.10152781,-0.27334413,0.88794374,21.96078491,29.01960754,-,-,66.19999695,65.73529053,14.64881134,-,2169,-,-96.45669556,36.83641052,-76.06874084,18.03921509,61.51574707,62.13711929,31.8468914
Tue Nov 21 14:54:27 EST 2017,54:27.4,-76.06904951,36.83644874,27.75,9,-30.10000038,278.9,1.03429508,-2.64319873,10.30464458,0.06340426,-,24.31372643,0.03570151,0.10543273,-0.3397277,0.87232411,21.96078491,29.01960754,-,-,66.19999695,65.73529053,14.64881134,-,2169,-,-98.75328064,36.83644867,-76.06904602,18.03921509,62.07497787,62.13711929,31.8468914
Tue Nov 21 14:54:28 EST 2017,54:28.4,-76.06937746,36.83647549,28.5,6,-30,277.4,1.07260239,-2.64319873,9.38527107,0.04211432,-,24.31372643,0.05965987,0.09371798,-0.2421048,0.92699289,32.94117737,29.01960754,-,-,66.19999695,65.73529053,14.64881134,-,2169,-,-98.42519379,36.83647537,-76.06937408,18.03921509,63.75268173,62.13711929,31.8468914
Tue Nov 21 14:54:29 EST 2017,54:29.4,-76.06969424,36.83650842,28.5,8,-30.5,277.4,-0.03830723,-2.29843354,9.69172859,0.0343532,-,24.31372643,0.05868024,-0.0234295,-0.23819989,0.93089777,32.94117737,37.25490189,-,-,66.19999695,65.72412872,14.64881134,-,2239,-,-100.0656204,36.8365097,-76.06969452,18.03921509,63.75268173,65.24397278,-
Tue Nov 21 14:54:30 EST 2017,54:30.4,-76.07001221,36.83655175,28.5,8,-30.5,278.5,-0.84275901,-2.64319873,9.34696388,0.03468212,-,26.27450943,-0.02243026,-0.07028849,-0.28115395,0.8332749,32.94117737,37.25490189,-,-,64.40000153,65.72412872,14.64881134,-,2239,-,-100.0656204,36.83655167,-76.07001495,19.2156868,63.75268173,65.24397278,-
Tue Nov 21 14:54:31 EST 2017,54:31.4,-76.07033829,36.83661875,29.25,6,-31.60000038,280.9,-0.76614451,-2.03028297,9.69172859,0.03140551,-,26.27450943,0.01266094,-0.06638357,-0.19134088,0.89184868,21.17647171,15.29411793,-,-,64.40000153,65.72412872,14.64881134,-,2307,-,-103.6745453,36.83662033,-76.07033539,19.2156868,65.43038177,65.24397278,-
Tue Nov 21 14:54:32 EST 2017,54:32.4,-76.07067384,36.83666989,29.75,7,-32.09999847,280.5,-0.19153613,-2.26012635,10.07480049,0.07169896,-,32.15686417,0.01799603,-0.0234295,-0.22648512,0.89184868,41.5686264,15.29411793,-,-,64.40000153,65.72412872,14.64881134,-,2307,-,-105.3149567,36.83666992,-76.07067108,27.84313774,66.54885101,65.24397278,-
Tue Nov 21 14:54:33 EST 2017,54:33.4,-76.07100767,36.8367095,30,7,-31.60000038,279.8,-0.34476504,-3.52426481,9.42357826,0.03089955,-,32.15686417,0.01606066,-0.03123933,-0.3397277,0.85670447,41.5686264,41.5686264,-,-,64.40000153,65.78250122,14.64881134,-,2371,-,-103.6745453,36.83670807,-76.07100677,27.84313774,67.10808563,68.35083008,-
Tue Nov 21 14:54:34 EST 2017,54:34.4,-76.07135255,36.83674594,30.5,7,-31.5,279.1,-0.19153613,-3.14119267,9.23204136,0.01325935,-,17.64705849,-0.00540099,-0.01952458,-0.32020313,0.84108472,28.62745094,14.11764717,-,-,64.40000153,65.78250122,14.64881134,-,2324,-,-103.3464584,36.83674622,-76.0713501,8.23529434,68.22655487,68.35083008,-
Tue Nov 21 14:54:35 EST 2017,54:35.4,-76.0716933,36.83678999,30.75,7,-31.39999962,278.9,0,-3.44765043,9.50019264,0.0414735,-,16.86274529,0.0305692,0,-0.35144243,0.86841917,28.62745094,14.11764717,-,-,64.40000153,65.81130981,14.64881134,-,2324,-,-103.0183716,36.83678818,-76.07169342,7.45098066,68.78578949,67.10808563,-
Tue Nov 21 14:54:36 EST 2017,54:36.4,-76.0720256,36.83682787,30.5,7,-31.5,278.9,-0.19153613,-2.98796368,9.53849983,0.03810078,-,16.86274529,0.01944893,-0.01952458,-0.30458343,0.87232411,14.50980377,16.07843208,-,-,64.40000153,65.81246185,14.64881134,-,2259,-,-103.3464584,36.83682632,-76.07202911,7.45098066,68.22655487,65.86534882,-
Tue Nov 21 14:54:37 EST 2017,54:37.4,-76.07235423,36.83687,30,7,-31.79999924,279,-0.03830723,-3.21780705,9.61511421,0.0535735,-,21.17647171,0.05368876,-0.00390492,-0.33191785,0.8996585,20,16.07843208,-,-,64.40000153,65.81246185,14.64881134,-,2259,-,-104.3307037,36.83686829,-76.07235718,12.15686321,67.10808563,65.86534882,-
Tue Nov 21 14:54:38 EST 2017,54:38.4,-76.07267768,36.83691045,29.5,7,-31.60000038,279.2,-0.19153613,-3.21780705,9.27034855,0.01948947,-,21.17647171,0.01449011,-0.01561966,-0.30067852,0.86841917,20,14.11764717,-,-,66.19999695,65.78767395,14.64881134,-,2247,-,-103.6745453,36.83691025,-76.07267761,12.15686321,65.98961639,64.62260437,-
Tue Nov 21 14:54:39 EST 2017,54:39.4,-76.07300117,36.83695221,29.25,7,-31.60000038,279.2,0.03830723,-3.29442143,9.57680702,0.05507471,-,16.86274529,0.05616939,0,-0.3397277,0.8996585,14.11764717,14.11764717,-,-,66.19999695,65.78767395,14.64881134,-,2184,-,-103.6745453,36.83695221,-76.07299805,7.45098066,65.43038177,64.62260437,-
Tue Nov 21 14:54:40 EST 2017,54:40.4,-76.07331795,36.83699674,29,6,-31.60000038,279.3,-0.07661445,-3.21780705,9.27034855,0.01932937,-,16.86274529,0.03392468,-0.00390492,-0.32801294,0.88013393,14.11764717,14.11764717,-,-,66.19999695,65.73854065,14.64881134,-,2184,-,-103.6745453,36.83699799,-76.07331848,7.45098066,64.87114716,63.37985992,-
Tue Nov 21 14:54:41 EST 2017,54:41.4,-76.07363313,36.8370381,28.5,6,-30.89999962,279.3,-0.19153613,-3.37103605,9.04050541,0.03535011,-,16.86274529,-0.01592732,-0.01952458,-0.34363261,0.82156014,14.11764717,14.11764717,-,-,66.19999695,65.65408325,14.64881134,-,2134,-,-101.3779526,36.83703995,-76.07363129,7.45098066,63.75268173,61.51574707,-
Tue Nov 21 14:54:42 EST 2017,54:42.4,-76.07393097,36.83707562,27.75,4,-31.10000038,279.2,-0.11492168,-3.10288548,9.15542698,0.00448656,-,18.03921509,-0.01417678,-0.01171475,-0.31629819,0.8332749,27.84313774,25.88235283,-,-,66.19999695,65.65408325,14.64881134,-,2134,-,-102.0341187,36.83707428,-76.07392883,8.23529434,62.07497787,61.51574707,-
Tue Nov 21 14:54:43 EST 2017,54:43.4,-76.07423757,36.83711548,27.75,6,-31.10000038,279.2,-0.15322891,-2.79642749,9.95987892,0.03486443,-,18.03921509,0.05501297,-0.01561966,-0.28505886,0.91527814,27.84313774,25.88235283,-,-,66.19999695,65.56075287,14.64881134,-,2100,-,-102.0341187,36.83711624,-76.07423401,13.33333397,62.07497787,60.89437866,-
Tue Nov 21 14:54:44 EST 2017,54:44.4,-76.07453804,36.83715449,27.5,6,-31.5,279.2,-0.2681506,-2.56658411,9.50019264,0.02251023,-,21.96078491,0.00446088,-0.01952458,-0.24991462,0.87232411,30.58823586,30.58823586,-,-,66.19999695,65.56075287,14.64881134,-,2127,-,-103.3464584,36.83715439,-76.07453918,13.33333397,61.51574707,60.89437866,-
Tue Nov 21 14:54:45 EST 2017,54:45.4,-76.07483299,36.83719777,27.25,6,-32.40000153,279.3,-0.07661445,-3.14119267,8.92558384,-0.01642251,-,21.17647171,0.03379923,-0.02733441,-0.28896379,0.89184868,30.58823586,30.58823586,-,-,66.19999695,65.47101593,14.64881134,-,2127,-,-106.2992172,36.83719635,-76.07483673,15.68627453,60.95651245,60.89437866,-
Tue Nov 21 14:54:46 EST 2017,54:46.4,-76.07513804,36.83724122,27.25,7,-32.90000153,279.2,0.19153613,-3.29442143,10.11310768,0.07328548,-,21.17647171,0.08244013,-0.00390492,-0.31629819,0.93480271,27.05882454,27.05882454,-,-,66.19999695,65.38466644,14.64881134,-,2116,-,-107.9396362,36.83724213,-76.07513428,15.68627453,60.95651245,60.89437866,-
Tue Nov 21 14:54:47 EST 2017,54:47.4,-76.07544854,36.83728614,27.5,6,-33,279.1,-0.03830723,-2.87304211,9.27034855,0.00833952,-,20.3921566,0.01048132,0.00390492,-0.31239328,0.86060935,28.23529434,28.23529434,-,-,66.19999695,65.38466644,14.64881134,-,2116,-,-108.2677155,36.8372879,-76.07544708,11.76470566,61.51574707,60.89437866,-
Tue Nov 21 14:54:48 EST 2017,54:48.4,-76.0757485,36.83732072,27.5,6,-32.40000153,279.1,0.07661445,-2.68150592,9.53849983,0.04153886,-,20.3921566,0.01039066,0.00780983,-0.27334413,0.87232411,28.23529434,28.23529434,-,-,66.19999695,65.30150604,14.64881134,-,2106,-,-106.2992172,36.83732224,-76.07575226,16.07843208,61.51574707,60.89437866,-
Tue Nov 21 14:54:49 EST 2017,54:49.4,-76.07605148,36.83736079,27.25,6,-32.90000153,279.2,-0.19153613,-2.98796368,9.0788126,0.01102507,-,23.92156982,-0.02517342,-0.01952458,-0.30458343,0.82546508,33.72549057,31.76470566,-,-,66.19999695,65.23268127,14.64881134,-,2124,-,-107.9396362,36.83736038,-76.0760498,16.07843208,60.95651245,61.51574707,33.52085495
Tue Nov 21 14:54:50 EST 2017,54:50.4,-76.07635574,36.83740163,27.25,6,-33.59999847,279.2,0,-2.94965649,9.61511421,0.04421705,-,21.17647171,0.02556732,0,-0.30067852,0.88013393,29.80392265,31.76470566,-,-,66.19999695,65.23268127,14.64881134,-,2124,-,-110.2362137,36.83740234,-76.07635498,12.54901981,60.95651245,61.51574707,33.52085495
Tue Nov 21 14:54:51 EST 2017,54:51.4,-76.07665633,36.83744242,27.5,5,-32.79999924,279.1,-0.2681506,-2.9113493,9.73003578,0.05882025,-,21.17647171,0.03601085,-0.02733441,-0.29677361,0.89184868,29.80392265,28.62745094,-,-,66.19999695,65.16630554,14.64881134,-,2124,-,-107.6115494,36.83744431,-76.07665253,12.54901981,61.51574707,61.51574707,33.52085495
Tue Nov 21 14:54:52 EST 2017,54:52.4,-76.07696098,36.83748184,27.5,7,-32.79999924,279.1,-0.11492168,-3.14119267,9.50019264,0.03905052,-,17.64705849,-0.02015396,0,-0.33191785,0.82156014,20.7843132,21.17647171,-,-,66.19999695,65.16630554,14.64881134,-,2124,-,-107.6115494,36.83748245,-76.0769577,9.4117651,61.51574707,61.51574707,33.52085495
Tue Nov 21 14:54:53 EST 2017,54:53.4,-76.07726382,36.83752232,27.5,6,-33,279,0,-3.14119267,9.15542698,0.01960257,-,17.64705849,-0.00172579,-0.00780983,-0.33191785,0.84108472,20.7843132,21.17647171,-,-,66.19999695,65.08045197,14.64881134,-,2096,-,-108.2677155,36.8375206,-76.07726288,7.84313726,61.51574707,60.27300644,-
Tue Nov 21 14:54:54 EST 2017,54:54.4,-76.07756652,36.83756147,27.5,6,-32.90000153,279,-0.11492168,-2.9113493,10.22802925,0.1030907,-,17.64705849,0.02904297,-0.04295408,-0.26943922,0.89184868,29.41176605,29.41176605,-,-,66.19999695,64.98685455,14.64881134,-,2082,-,-107.9396362,36.83756256,-76.07756805,7.84313726,61.51574707,59.65163422,-
Tue Nov 21 14:54:55 EST 2017,54:55.4,-76.07786303,36.83759695,27,6,-32.90000153,279,-0.68953007,-1.80043972,10.53448772,0.06853286,-,20.7843132,0.09206064,-0.07028849,-0.18353106,0.97385192,33.72549057,29.41176605,-,-,66.19999695,64.98685455,14.64881134,-,2082,-,-107.9396362,36.83759689,-76.0778656,12.15686321,60.39727783,59.65163422,-
Tue Nov 21 14:54:56 EST 2017,54:56.4,-76.07816048,36.83763132,27,4,-32.79999924,279,-0.80445176,-2.33674097,9.53849983,0.0234291,-,20.7843132,0.00477225,-0.08200324,-0.23819989,0.87232411,33.72549057,41.96078491,-,-,66.19999695,64.91749573,14.64881134,-,2132,-,-107.6115494,36.83763123,-76.07816315,12.15686321,60.39727783,60.89437866,65.59182739
Tue Nov 21 14:54:57 EST 2017,54:57.4,-76.07845819,36.83766907,27,6,-32.90000153,279,-0.91937345,-2.60489154,9.30865574,0.00879407,-,30.58823586,-0.00986777,-0.09371798,-0.26553428,0.84889454,40.7843132,40.39215851,-,-,66.19999695,64.91749573,14.64881134,-,2166,-,-107.9396362,36.83766937,-76.07846069,23.52941132,60.39727783,60.89437866,65.59182739
Tue Nov 21 14:54:58 EST 2017,54:58.4,-76.07876282,36.8377067,27.25,7,-32.20000076,278.9,0.22984336,-2.56658411,9.19373417,0.0300065,-,30.58823586,0.00861468,0.0234295,-0.2928687,0.86451429,40.7843132,40.39215851,-,-,66.19999695,64.88150787,14.64881134,-,2166,-,-105.6430435,36.83770752,-76.07876587,21.17647171,60.95651245,62.75849152,100.4196091
Tue Nov 21 14:54:59 EST 2017,54:59.4,-76.07908032,36.8377409,28,6,-32,278.2,0.49799395,-2.60489154,9.84495735,0.02887853,-,28.23529434,0.00220253,0.07028849,-0.28896379,0.85670447,34.50980377,34.50980377,-,-,66.19999695,64.86707306,14.64881134,-,2203,-,-104.9868774,36.83774185,-76.07907867,21.17647171,62.63421249,64.00123596,65.40213776
Tue Nov 21 14:55:00 EST 2017,55:00.4,-76.07939909,36.83776911,28.5,4,-31.39999962,277.3,0.45968673,-3.02627087,9.73003578,0.05877143,-,21.96078491,0.01026989,0.06638357,-0.30458343,0.86060935,30.58823586,34.50980377,-,-,66.19999695,64.86707306,14.64881134,-,2203,-,-103.0183716,36.83776855,-76.07939911,13.33333397,63.75268173,64.00123596,65.40213776
Tue Nov 21 14:55:01 EST 2017,55:01.4,-76.07971579,36.83780193,28.5,6,-31.5,277.3,-0.03830723,-3.17949986,9.46188545,0.05382232,-,21.96078491,0.01786867,-0.00390492,-0.32410803,0.86451429,30.58823586,28.23529434,-,-,66.19999695,64.84308624,14.64881134,-,2191,-,-103.3464584,36.83780289,-76.07971954,13.33333397,63.75268173,63.37985992,65.40213776
Tue Nov 21 14:55:02 EST 2017,55:02.4,-76.08003548,36.83784383,28.5,6,-32.20000076,278.2,-0.07661445,-2.37504816,9.53849983,0.02104288,-,19.2156868,0.00238516,-0.00780983,-0.2421048,0.87232411,31.76470566,32.54901886,-,-,66.19999695,64.84308624,14.64881134,-,2240,-,-105.6430435,36.83784485,-76.08003235,8.23529434,63.75268173,63.37985992,65.40213776
Tue Nov 21 14:55:03 EST 2017,55:03.4,-76.08034573,36.83788436,28.5,6,-31.70000076,279,0.11492168,-2.9113493,9.69172859,0.03576515,-,21.96078491,0.03197477,0.01171475,-0.29677361,0.88794374,31.76470566,32.54901886,-,-,66.19999695,64.81986237,14.64881134,-,2240,-,-104.0026245,36.837883,-76.08034515,14.50980377,63.75268173,63.37985992,-
Tue Nov 21 14:55:04 EST 2017,55:04.4,-76.08065899,36.83792413,28.25,6,-31.60000038,279.1,0.19153613,-3.02627087,9.69172859,0.05417103,-,21.96078491,0.08612015,0.02733441,-0.27334413,0.95042247,14.11764717,17.64705849,-,-,66.19999695,64.78765869,14.64881134,-,2185,-,-103.6745453,36.83792496,-76.08065796,14.50980377,63.19344711,62.75849152,-
Tue Nov 21 14:55:05 EST 2017,55:05.4,-76.08097346,36.8379634,28.25,4,-31.29999924,279,0.11492168,-2.41335535,9.61511421,0.04235568,-,23.13725471,-0.01373575,0.03123933,-0.30458343,0.83717978,32.15686417,17.64705849,-,-,66.19999695,64.78765869,14.64881134,-,2185,-,-102.6902847,36.8379631,-76.08097076,15.29411793,63.19344711,62.75849152,-
Tue Nov 21 14:55:06 EST 2017,55:06.4,-76.08128699,36.83800344,28.25,6,-31.29999924,279,0.30645782,-2.79642749,9.46188545,0.02524167,-,23.13725471,0.03801198,0.0234295,-0.27724904,0.8996585,32.15686417,33.72549057,-,-,66.19999695,64.76599884,14.64881134,-,2214,-,-102.6902847,36.83800507,-76.08128357,15.29411793,63.19344711,63.37985992,30.82399178
Tue Nov 21 14:55:07 EST 2017,55:07.4,-76.0816023,36.83804348,28.25,6,-30.89999962,279,0.22984336,-2.7581203,9.38527107,0.01643664,-,25.09803963,0.02890951,0.03904916,-0.29677361,0.88403887,33.72549057,33.72549057,-,-,66.19999695,64.76599884,14.64881134,-,2219,-,-101.3779526,36.83804321,-76.081604,14.90196133,63.19344711,63.37985992,30.82399178
Tue Nov 21 14:55:08 EST 2017,55:08.4,-76.08192209,36.8380861,28.5,6,-30.70000076,278.9,0.22984336,-2.7581203,9.50019264,0.02767843,-,25.09803963,0.00902307,0.0234295,-0.28115395,0.86841917,33.72549057,33.72549057,-,-,66.19999695,64.75440979,14.64881134,-,2219,-,-100.7217865,36.83808517,-76.08192444,16.47058868,63.75268173,64.00123596,32.56259155
Tue Nov 21 14:55:09 EST 2017,55:09.4,-76.08224674,36.83813181,28.75,6,-30.60000038,279,0.11492168,-2.14520478,9.73003578,0.0506979,-,24.31372643,0.01608313,0.01171475,-0.2186753,0.89184868,32.54901886,32.54901886,-,-,66.19999695,64.75244141,14.64881134,-,2234,-,-100.3936997,36.83813095,-76.08224487,16.47058868,64.31192017,64.62260437,33.07364273
Tue Nov 21 14:55:10 EST 2017,55:10.4,-76.08256593,36.83816819,28.75,6,-30.29999924,279.1,0.03830723,-2.79642749,9.76834297,0.05476004,-,25.88235283,0.03611394,0.00390492,-0.28505886,0.89575356,33.72549057,32.54901886,-,-,66.19999695,64.75244141,14.64881134,-,2234,-,-99.40944672,36.8381691,-76.08256531,19.2156868,64.31192017,64.62260437,33.07364273
Tue Nov 21 14:55:11 EST 2017,55:11.4,-76.08288546,36.83821265,29,6,-30.29999924,279.3,-0.07661445,-3.14119267,8.96389103,0.00919744,-,25.88235283,-0.05405813,0,-0.38658667,0.76298648,33.72549057,34.11764908,-,-,66.19999695,64.75967407,14.64881134,-,2256,-,-99.40944672,36.83821106,-76.08288574,19.2156868,64.87114716,65.24397278,32.39825439
Tue Nov 21 14:55:12 EST 2017,55:12.4,-76.08321475,36.83825965,29.25,6,-30.89999962,279.4,0.11492168,-2.52827692,9.57680702,0.01757507,-,17.64705849,-0.00842779,0,-0.27334413,0.85279953,32.94117737,34.11764908,-,-,66.19999695,64.75967407,14.64881134,-,2261,-,-101.3779526,36.83826065,-76.08321381,9.01960754,65.43038177,65.24397278,32.39825439
Tue Nov 21 14:55:13 EST 2017,55:13.4,-76.08353922,36.83830147,29.25,6,-31,279.4,0.15322891,-3.02627087,9.57680702,0.03546928,-,17.64705849,-0.00665213,0.01952458,-0.31629819,0.84108472,32.94117737,34.11764908,-,-,66.19999695,64.76669312,14.64881134,-,2261,-,-101.7060394,36.83830261,-76.08354187,17.25490189,65.43038177,65.24397278,32.39825439
Tue Nov 21 14:55:14 EST 2017,55:14.4,-76.08386269,36.83834947,29.25,4,-31.10000038,279.2,0,-2.64319873,9.46188545,0.02044159,-,24.31372643,-0.01968695,0,-0.27334413,0.84108472,14.11764717,18.4313736,-,-,66.19999695,64.77350616,14.64881134,-,2264,-,-102.0341187,36.83834839,-76.0838623,17.25490189,65.43038177,65.24397278,-
Tue Nov 21 14:55:15 EST 2017,55:15.4,-76.08418609,36.83839164,29.25,7,-31.10000038,279.2,0.49799395,-2.52827692,10.26633644,0.04057235,-,26.27450943,0.07934855,0.05076391,-0.25772443,0.94651747,30.98039246,18.4313736,-,-,66.19999695,64.77350616,14.64881134,-,2264,-,-102.0341187,36.83839035,-76.08418274,17.64705849,65.43038177,65.24397278,-
Tue Nov 21 14:55:16 EST 2017,55:16.4,-76.08451566,36.83843275,29.25,6,-31.5,278.9,0.2681506,-3.17949986,8.73404789,-0.03312641,-,26.27450943,-0.05180257,0.02733441,-0.32410803,0.79032087,30.98039246,30.19607925,-,-,66.19999695,64.78013611,14.64881134,-,2269,-,-103.3464584,36.83843231,-76.08451843,17.64705849,65.43038177,65.24397278,-
Tue Nov 21 14:55:17 EST 2017,55:17.4,-76.08484172,36.83847363,29.25,6,-31.39999962,278.9,0.11492168,-2.79642749,9.61511421,-0.00083417,-,20.7843132,0.02116129,0.01171475,-0.28505886,0.88013393,29.01960754,29.01960754,-,-,66.19999695,64.78013611,14.64881134,-,2257,-,-103.0183716,36.83847427,-76.08483887,11.76470566,65.43038177,65.24397278,-
Tue Nov 21 14:55:18 EST 2017,55:18.4,-76.08516948,36.83852155,29.5,6,-31.70000076,279,0,-2.60489154,9.6534214,0.01664959,-,20,0.04736317,0.02733441,-0.26943922,0.91137326,29.01960754,29.01960754,-,-,66.19999695,64.78657532,14.64881134,-,2257,-,-104.0026245,36.83852005,-76.08516693,8.23529434,65.98961639,65.24397278,-
Tue Nov 21 14:55:19 EST 2017,55:19.4,-76.08549488,36.83856517,29.5,6,-31.5,279.2,0.30645782,-2.83473492,9.27034855,0.00767654,-,20,0.02654139,0.03514424,-0.28896379,0.88403887,32.54901886,32.15686417,-,-,66.19999695,64.78433228,14.64881134,-,2246,-,-103.3464584,36.83856583,-76.085495,8.23529434,65.98961639,64.62260437,-
Tue Nov 21 14:55:20 EST 2017,55:20.4,-76.08581675,36.83861064,29,6,-30.89999962,279.4,0,-2.52827692,9.80665016,0.0406783,-,21.17647171,0.01430955,0.01952458,-0.27334413,0.87622905,35.29411697,32.15686417,-,-,66.19999695,64.78433228,14.64881134,-,2246,-,-101.3779526,36.8386116,-76.08581543,12.54901981,64.87114716,64.62260437,-
Tue Nov 21 14:55:21 EST 2017,55:21.4,-76.0861334,36.83865167,29,6,-30.60000038,279.3,-0.22984336,-3.06457806,9.34696388,0.02197832,-,21.17647171,-0.03511671,-0.00390492,-0.32020313,0.80984545,35.29411697,33.33333206,-,-,66.19999695,64.78215027,14.64881134,-,2241,-,-100.3936997,36.83865356,-76.08613586,14.90196133,64.87114716,64.62260437,-
Tue Nov 21 14:55:22 EST 2017,55:22.4,-76.0864581,36.83869758,29,4,-30.70000076,279.1,0.11492168,-2.83473492,9.76834297,0.05996231,-,22.35294151,0.03725465,0.01171475,-0.28896379,0.89575356,30.58823586,34.50980377,-,-,66.19999695,64.78830719,14.64881134,-,2259,-,-100.7217865,36.83869934,-76.0864563,14.90196133,64.87114716,65.24397278,33.28474426
Tue Nov 21 14:55:23 EST 2017,55:23.4,-76.08677847,36.83874455,29.25,4,-31.70000076,279,0.11492168,-2.94965649,9.50019264,0.03309101,-,21.17647171,0.01443746,0.01171475,-0.30067852,0.86841917,30.58823586,34.50980377,-,-,66.19999695,64.78830719,14.64881134,-,2259,-,-104.0026245,36.83874512,-76.08677673,11.76470566,65.43038177,65.24397278,33.28474426
Tue Nov 21 14:55:24 EST 2017,55:24.4,-76.08710139,36.83878563,29.25,6,-31.60000038,279,0,-3.10288548,9.57680702,0.0428336,-,21.17647171,0.02654139,0,-0.31629819,0.87622905,30.58823586,30.58823586,-,-,66.19999695,64.78612518,14.64881134,-,2241,-,-103.6745453,36.83878708,-76.0871048,11.76470566,65.43038177,64.62260437,33.28474426
Tue Nov 21 14:55:25 EST 2017,55:25.4,-76.08741975,36.83882114,29.25,6,-31.5,278.7,-0.34476504,-2.94965649,9.76834297,0.05975348,-,21.17647171,-0.01044585,-0.05857374,-0.27334413,0.84889454,30.19607925,30.19607925,-,-,66.19999695,64.78612518,14.64881134,-,2241,-,-103.3464584,36.83882141,-76.0874176,12.54901981,65.43038177,64.62260437,33.28474426
Tue Nov 21 14:55:26 EST 2017,55:26.4,-76.08773772,36.83885807,29,4,-30.89999962,278.4,-0.15322891,-2.7581203,9.34696388,0.02372112,-,21.17647171,-0.02837184,-0.05857374,-0.28896379,0.82546508,30.19607925,30.19607925,-,-,66.19999695,64.77592468,14.64881134,-,2218,-,-101.3779526,36.83885956,-76.08773804,16.47058868,64.87114716,64.00123596,-
Tue Nov 21 14:55:27 EST 2017,55:27.4,-76.08805508,36.83888947,28.75,4,-30.5,278.1,-0.45968673,-2.56658411,9.04050541,0.02284138,-,25.09803963,0.0329945,0.00780983,-0.22648512,0.90746832,31.76470566,32.54901886,-,-,66.19999695,64.75803375,14.64881134,-,2196,-,-100.0656204,36.83889008,-76.08805847,16.47058868,64.31192017,63.37985992,-
Tue Nov 21 14:55:28 EST 2017,55:28.4,-76.08837097,36.83891867,28.5,4,-29.79999924,277.3,0.19153613,-2.52827692,9.57680702,0.0152073,-,25.09803963,-0.02652839,0.01561966,-0.26162934,0.83717978,36.86274719,32.54901886,-,-,66.19999695,64.75803375,14.64881134,-,2196,-,-97.76902771,36.83891678,-76.08837128,18.4313736,63.75268173,63.37985992,-
Tue Nov 21 14:55:29 EST 2017,55:29.4,-76.08868896,36.83894073,28.5,5,-29.79999924,276.4,-0.2681506,-2.52827692,9.53849983,0.02527195,-,25.09803963,-0.06134511,-0.01952458,-0.25772443,0.80203557,36.86274719,35.68627548,-,-,66.19999695,64.74058533,14.64881134,-,2200,-,-97.76902771,36.83893967,-76.08869171,18.4313736,63.75268173,63.37985992,-
Tue Nov 21 14:55:30 EST 2017,55:30.4,-76.08900595,36.8389676,28.5,6,-29.39999962,275.9,0.03830723,-2.29843354,8.58081913,-0.07545513,-,27.45098114,-0.09414577,0.00390492,-0.23429495,0.77470124,41.17647171,41.5686264,-,-,66.19999695,64.74058533,14.64881134,-,2230,-,-96.45669556,36.83896637,-76.08900452,20.7843132,63.75268173,63.37985992,-
Tue Nov 21 14:55:31 EST 2017,55:31.4,-76.0893243,36.83898335,28.75,4,-28.79999924,274.6,-0.34476504,-2.56658411,9.69172859,0.04160351,-,27.45098114,0.02295283,-0.03514424,-0.26162934,0.88794374,41.17647171,41.5686264,-,-,66.19999695,64.73911285,14.64881134,-,2230,-,-94.4881897,36.83898163,-76.08932495,21.17647171,64.31192017,64.62260437,67.49407196
Tue Nov 21 14:55:32 EST 2017,55:32.4,-76.08965304,36.83900335,29,4,-28.89999962,274.1,-0.8810662,-2.33674097,9.73003578,0.18378618,-,27.05882454,0.02434657,-0.08981306,-0.23819989,0.89184868,41.17647171,41.5686264,-,-,66.19999695,64.74534607,14.64881134,-,2264,-,-94.81626892,36.83900452,-76.08965302,21.17647171,64.87114716,65.24397278,32.4186058
Tue Nov 21 14:55:33 EST 2017,55:33.4,-76.08997836,36.83902228,29,6,-28.89999962,274.1,0.8810662,-3.17949986,9.00219822,-0.00365484,-,23.52941132,-0.02624629,-0.08200324,-0.2186753,0.84498966,41.17647171,41.5686264,-,-,66.19999695,64.74534607,14.64881134,-,2264,-,-94.81626892,36.83902359,-76.08998108,15.68627453,64.87114716,65.24397278,32.4186058
Tue Nov 21 14:55:34 EST 2017,55:34.4,-76.09031106,36.83903539,29.25,6,-29,273.5,-0.30645782,-3.21780705,8.81066227,0.03717341,-,23.52941132,-0.02332819,0.03123933,-0.28505886,0.8332749,38.82352829,39.2156868,-,-,66.19999695,64.76657867,14.64881134,-,2289,-,-95.14435577,36.83903503,-76.09030914,15.68627453,65.43038177,66.48671722,60.37882996
Tue Nov 21 14:55:35 EST 2017,55:35.4,-76.09064126,36.83904551,29.5,6,-28.70000076,272.8,-0.03830723,-2.60489154,10.45787334,0.1176216,-,17.64705849,0.0365851,-0.05076391,-0.30848834,0.88794374,35.68627548,38.4313736,-,-,66.19999695,64.76657867,14.64881134,-,2289,-,-94.16011047,36.83904648,-76.09064484,8.23529434,65.98961639,66.48671722,60.37882996
Tue Nov 21 14:55:36 EST 2017,55:36.4,-76.09097612,36.83904677,29.75,6,-28.70000076,271.7,-0.5363012,-2.26012635,9.27034855,0.01942094,-,17.64705849,-0.02977846,-0.03514424,-0.26162934,0.8332749,35.68627548,38.4313736,-,-,66.19999695,64.78730774,14.64881134,-,2313,-,-94.16011047,36.83904648,-76.0909729,17.25490189,66.54885101,66.48671722,60.37882996
Tue Nov 21 14:55:37 EST 2017,55:37.4,-76.09130976,36.83903263,30,4,-28.89999962,270,-0.15322891,-3.56257224,9.0788126,0.01329005,-,25.49019623,-0.00521691,-0.02733441,-0.32020313,0.84108472,14.11764717,14.11764717,-,-,66.19999695,64.80754089,14.64881134,-,2291,-,-94.81626892,36.83903122,-76.09130859,17.25490189,67.10808563,66.48671722,-
Tue Nov 21 14:55:38 EST 2017,55:38.4,-76.0916455,36.8390327,30,6,-28.89999962,270,-0.22984336,-3.10288548,9.15542698,0.00469542,-,16.86274529,-0.01396785,-0.0234295,-0.31629819,0.8332749,29.41176605,14.11764717,-,-,66.19999695,64.80754089,14.64881134,-,2291,-,-94.81626892,36.83903122,-76.09164429,7.45098066,67.10808563,66.48671722,-
Tue Nov 21 14:55:39 EST 2017,55:39.4,-76.09197502,36.83902599,29.75,6,-29.5,269.6,0.03830723,-2.56658411,9.95987892,0.0530105,-,16.86274529,0.04881176,0.00390492,-0.26162934,0.91527814,29.41176605,36.47058868,-,-,66.19999695,64.81998444,14.64881134,-,2389,-,-96.78477478,36.8390274,-76.09197235,7.45098066,66.54885101,65.86534882,-
Tue Nov 21 14:55:40 EST 2017,55:40.4,-76.09230072,36.83901392,29.5,6,-30.10000038,268.9,-0.15322891,-3.33272886,9.80665016,0.07492417,-,20,0.02284101,0.00780983,-0.32801294,0.86841917,14.11764717,21.17647171,-,-,66.19999695,64.81998444,14.64881134,-,2389,-,-98.75328064,36.83901215,-76.09230042,17.25490189,65.98961639,65.86534882,-
Tue Nov 21 14:55:41 EST 2017,55:41.4,-76.09263324,36.83900612,29.75,5,-30.5,268.5,-0.19153613,-2.7581203,9.84495735,0.03104011,-,20,0.00195889,-0.01561966,-0.30848834,0.85279953,14.11764717,21.17647171,-,-,66.19999695,64.8393631,14.64881134,-,2298,-,-100.0656204,36.83900452,-76.09263611,14.11764717,66.54885101,66.48671722,32.96007538
Tue Nov 21 14:55:42 EST 2017,55:42.4,-76.09296592,36.83900284,29.75,3,-30.5,268.1,-0.9576807,-3.90733719,9.04050541,0.02768594,-,23.13725471,0.05911253,-0.01171475,-0.3904916,0.88403887,27.45098114,14.11764717,-,-,66.19999695,64.85829926,14.64881134,-,2285,-,-100.0656204,36.83900452,-76.09296417,14.11764717,66.54885101,66.48671722,32.96007538
Tue Nov 21 14:55:43 EST 2017,55:43.4,-76.09330432,36.83899347,29.75,3,-30.60000038,266.4,-0.61291564,-3.33272886,9.53849983,0.0508588,-,18.8235302,0.02378781,-0.0741934,-0.28505886,0.88013393,29.01960754,14.11764717,-,-,66.19999695,64.85829926,14.64881134,-,2285,-,-100.3936997,36.83899307,-76.0933075,8.23529434,66.54885101,66.48671722,32.96007538
Tue Nov 21 14:55:44 EST 2017,55:44.4,-76.09363245,36.83897369,29.25,3,-29.89999962,265.4,-0.68953007,-3.86903,9.73003578,0.08869749,-,18.8235302,0.07006299,-0.07028849,-0.39439651,0.89184868,29.01960754,31.76470566,-,-,66.19999695,64.86267853,14.64881134,-,2296,-,-98.09711456,36.838974,-76.09363556,8.23529434,65.43038177,65.24397278,-
Tue Nov 21 14:55:45 EST 2017,55:45.4,-76.09396374,36.83894186,29.25,3,-29.79999924,264.1,0.49799395,-3.17949986,10.11310768,0.06957076,-,17.64705849,0.08220751,0.05076391,-0.32410803,0.93089777,16.47058868,18.03921509,-,-,66.19999695,64.86267853,14.64881134,-,2209,-,-97.76902771,36.83894348,-76.09396362,8.23529434,65.43038177,65.24397278,-
Tue Nov 21 14:55:46 EST 2017,55:46.4,-76.09428459,36.83889715,28.75,3,-28.70000076,263.1,0.11492168,-3.14119267,10.26633644,0.11347061,-,17.64705849,0.09484459,0.01171475,-0.32020313,0.94651747,16.47058868,18.03921509,-,-,66.19999695,64.85300446,14.64881134,-,2209,-,-94.16011047,36.83889771,-76.09428406,8.23529434,64.31192017,64.00123596,-
Tue Nov 21 14:55:47 EST 2017,55:47.4,-76.09459349,36.83886307,28.25,3,-29,262.6,-0.11492168,-3.25611424,9.15542698,0.0327227,-,17.64705849,-0.00905133,-0.01171475,-0.33191785,0.8332749,17.64705849,17.64705849,-,-,66.19999695,64.82282257,14.64881134,-,2150,-,-95.14435577,36.83886337,-76.09459686,8.23529434,63.19344711,62.13711929,-
Tue Nov 21 14:55:48 EST 2017,55:48.4,-76.09489917,36.83883676,27.75,3,-29,262,0.15322891,-2.68150592,10.15141487,0.05576596,-,20.7843132,0.05643663,-0.00780983,-0.24600971,0.92699289,34.11764908,34.50980377,-,-,66.19999695,64.82282257,14.64881134,-,2150,-,-95.14435577,36.83883667,-76.09490204,8.23529434,62.07497787,62.13711929,-
Tue Nov 21 14:55:49 EST 2017,55:49.4,-76.09520243,36.83880032,27.5,3,-28.70000076,261.4,-0.42137951,-2.14520478,9.42357826,0.00512081,-,20.7843132,-0.10356025,-0.05076391,-0.24991462,0.75908154,34.11764908,34.50980377,-,-,66.19999695,64.78648376,14.64881134,-,2165,-,-94.16011047,36.83879852,-76.09519958,17.64705849,61.51574707,61.51574707,-
Tue Nov 21 14:55:50 EST 2017,55:50.4,-76.09550752,36.83875788,27.75,3,-29.39999962,260.7,-0.22984336,-2.9113493,9.30865574,0.00877853,-,25.49019623,0.00440005,-0.01171475,-0.32801294,0.84889454,14.11764717,14.50980377,-,-,66.19999695,64.78648376,14.64881134,-,2120,-,-96.45669556,36.83875656,-76.09550476,17.64705849,62.07497787,61.51574707,-
Tue Nov 21 14:55:51 EST 2017,55:51.4,-76.09581457,36.83871646,27.25,3,-29.39999962,259.6,-0.03830723,-3.63918662,9.15542698,0.06497163,-,27.45098114,-0.01412261,0.01561966,-0.31629819,0.8332749,14.11764717,14.50980377,-,-,66.19999695,64.74417877,14.64881134,-,2120,-,-96.45669556,36.8387146,-76.09581757,20.7843132,60.95651245,60.89437866,-
Tue Nov 21 14:55:52 EST 2017,55:52.4,-76.09612479,36.83867946,27.75,3,-29.5,259.1,-0.07661445,-3.40934324,9.73003578,-0.02403934,-,27.45098114,0.05136194,-0.00780983,-0.34753752,0.89184868,14.11764717,21.17647171,-,-,66.19999695,64.70278168,14.64881134,-,2122,-,-96.78477478,36.83868027,-76.09612274,20.7843132,62.07497787,60.89437866,-
Tue Nov 21 14:55:53 EST 2017,55:53.4,-76.09642242,36.8386295,27.5,3,-29.70000076,258.6,-0.19153613,-3.25611424,8.92558384,0.02564904,-,16.86274529,-0.0309744,-0.01952458,-0.33191785,0.80984545,23.92156982,23.13725471,-,-,66.19999695,64.70278168,14.64881134,-,2122,-,-97.44094849,36.83863068,-76.09642029,8.23529434,61.51574707,60.89437866,-
Tue Nov 21 14:55:54 EST 2017,55:54.4,-76.09672818,36.83857624,27.25,3,-29.5,258,0.07661445,-3.48595762,7.77636719,-0.11226368,-,16.86274529,-0.13096692,0.00780983,-0.35534734,0.69269794,23.92156982,23.13725471,-,-,66.19999695,64.65565491,14.64881134,-,2075,-,-96.78477478,36.83857727,-76.09672546,6.66666698,60.95651245,60.27300644,-
Tue Nov 21 14:55:55 EST 2017,55:55.4,-76.09702021,36.83852719,26.75,3,-29.29999924,257.5,-0.22984336,-2.48996973,9.95987892,0.01045004,-,16.07843208,-0.02558836,-0.00390492,-0.26553428,0.83717978,29.41176605,34.50980377,-,-,66.19999695,64.59644318,14.64881134,-,2048,-,-96.1286087,36.83852768,-76.09702301,6.66666698,59.83804321,59.03026199,-
Tue Nov 21 14:55:56 EST 2017,55:56.4,-76.097305,36.83847076,26.5,3,-29.89999962,256.4,0.03830723,-3.21780705,9.19373417,0.01193184,-,25.88235283,0.01926182,0,-0.30458343,0.87232411,14.11764717,34.50980377,-,-,66.19999695,64.59644318,14.64881134,-,2048,-,-98.09711456,36.83847046,-76.0973053,19.6078434,59.27880859,59.03026199,-
Tue Nov 21 14:55:57 EST 2017,55:57.4,-76.09758896,36.838415,27,3,-29.29999924,255.8,-0.38307226,-2.9113493,9.84495735,0.06384762,-,25.88235283,0.08856191,-0.01952458,-0.35925224,0.92699289,14.11764717,14.11764717,-,-,66.19999695,64.5449295,14.64881134,-,2070,-,-96.1286087,36.83841324,-76.09758759,19.6078434,60.39727783,59.65163422,32.78942871
Tue Nov 21 14:55:58 EST 2017,55:58.4,-76.09788118,36.83835548,27,5,-29.29999924,255.8,-0.07661445,-3.60087943,9.50019264,0.0546791,-,16.07843208,0.04633557,-0.01171475,-0.33191785,0.89184868,14.50980377,17.64705849,-,-,66.19999695,64.5449295,14.64881134,-,2070,-,-96.1286087,36.83835602,-76.0978775,6.66666698,60.39727783,59.65163422,32.78942871
Tue Nov 21 14:55:59 EST 2017,55:59.4,-76.09816725,36.83829227,26.5,4,-29.60000038,254.8,-0.19153613,-3.02627087,9.19373417,0.02421577,-,16.07843208,-0.00656764,-0.0234295,-0.31629819,0.84108472,14.50980377,17.64705849,-,-,66.19999695,64.48167419,14.64881134,-,2005,-,-97.11286163,36.83829117,-76.09816742,7.45098066,59.27880859,58.40889359,32.78942871
Tue Nov 21 14:56:00 EST 2017,56:00.4,-76.0984539,36.8382298,26.5,6,-29.70000076,254.8,0.11492168,-3.33272886,9.0788126,0.00491971,-,16.86274529,-0.01374343,0.01171475,-0.3397277,0.82546508,18.03921509,19.6078434,-,-,66.19999695,64.41336823,14.64881134,-,1998,-,-97.44094849,36.83823013,-76.09845734,7.45098066,59.27880859,57.78752136,-
Tue Nov 21 14:56:01 EST 2017,56:01.4,-76.09871912,36.83816199,25.75,3,-30.5,253,0,-3.44765043,9.15542698,0.02311973,-,16.47058868,-0.00240621,0,-0.35144243,0.8332749,14.11764717,19.6078434,-,-,66.19999695,64.41336823,14.64881134,-,1998,-,-100.0656204,36.83816147,-76.09871674,7.45098066,57.60110855,57.78752136,-
Tue Nov 21 14:56:02 EST 2017,56:02.4,-76.09899572,36.8380986,26,3,-30.29999924,252.5,-0.15322891,-3.40934324,9.04050541,0.00403774,-,16.47058868,-0.01462569,-0.01561966,-0.34753752,0.82156014,14.11764717,14.50980377,-,-,66.19999695,64.34016418,14.64881134,-,1958,-,-99.40944672,36.83810043,-76.09899902,7.45098066,58.16034317,57.16614914,-
Tue Nov 21 14:56:03 EST 2017,56:03.4,-76.09927542,36.83802589,25.5,3,-30,252.1,-0.34476504,-2.52827692,9.95987892,0.0532318,-,16.86274529,0.02388468,-0.01561966,-0.28115395,0.88403887,24.31372643,30.58823586,-,-,66.19999695,64.34016418,14.64881134,-,1969,-,-98.42519379,36.83802414,-76.09927368,6.66666698,57.04187393,57.16614914,-
Tue Nov 21 14:56:04 EST 2017,56:04.4,-76.09956118,36.83795131,25.5,3,-30.5,251.4,-0.2681506,-3.40934324,9.53849983,0.05192965,-,17.25490189,0.0054858,-0.03123933,-0.28115395,0.86451429,24.31372643,30.58823586,-,-,66.19999695,64.26842499,14.64881134,-,1969,-,-100.0656204,36.83795166,-76.0995636,7.45098066,57.04187393,57.16614914,-
Tue Nov 21 14:56:05 EST 2017,56:05.4,-76.09984249,36.8378838,25.75,3,-32.70000076,250.5,0.07661445,-2.94965649,9.69172859,0.04971386,-,17.25490189,-0.01915782,0.01171475,-0.37487194,0.80594051,22.74509811,23.13725471,-,-,66.19999695,64.19810486,14.64881134,-,1973,-,-107.2834702,36.837883,-76.09984589,7.45098066,57.60110855,57.16614914,-
Tue Nov 21 14:56:06 EST 2017,56:06.4,-76.10010249,36.83781027,25.75,3,-33.79999924,250.1,-0.34476504,-2.98796368,9.0788126,-0.00606835,-,20,0.05415206,-0.03514424,-0.26553428,0.91918308,28.23529434,29.41176605,-,-,66.19999695,64.19810486,14.64881134,-,1973,-,-110.8923874,36.83781052,-76.10010529,10.1960783,57.60110855,57.16614914,-
Tue Nov 21 14:56:07 EST 2017,56:07.4,-76.10037327,36.83773165,25.75,5,-34.09999847,250.1,-0.57460839,-2.03028297,9.99818611,0.02263758,-,20,0.02449552,-0.05857374,-0.21477039,0.8996585,28.23529434,29.41176605,-,-,66.19999695,64.12915802,14.64881134,-,1984,-,-111.8766327,36.83773041,-76.10037231,32.15686417,57.60110855,57.16614914,-
Tue Nov 21 14:56:08 EST 2017,56:08.4,-76.10064447,36.83764254,26,3,-34.40000153,248.9,-0.76614451,-2.87304211,9.46188545,0.03001887,-,42.74509811,0.01136432,-0.07809832,-0.2928687,0.86451429,36.86274719,32.54901886,-,-,66.19999695,64.08569336,14.64881134,-,2069,-,-112.8609009,36.83764267,-76.10064697,32.15686417,58.16034317,59.65163422,135.3034363
Tue Nov 21 14:56:09 EST 2017,56:09.4,-76.10091694,36.83755799,26,5,-34.5,248.9,-0.45968673,-2.79642749,9.69172859,0.04838632,-,26.66666794,0.02966557,-0.04685899,-0.28505886,0.88794374,35.29411697,32.54901886,-,-,66.19999695,64.08569336,14.64881134,-,2069,-,-113.1889801,36.83755875,-76.100914,20,58.16034317,59.65163422,135.3034363
Tue Nov 21 14:56:10 EST 2017,56:10.4,-76.1011982,36.83745354,26.75,5,-34.5,247,-0.11492168,-3.25611424,9.53849983,0.04648274,-,26.66666794,0.02783377,-0.01171475,-0.33191785,0.87232411,35.29411697,30.98039246,-,-,66.19999695,64.04305267,14.64881134,-,2075,-,-113.1889801,36.83745193,-76.10119629,20,59.83804321,59.65163422,135.3034363
Tue Nov 21 14:56:11 EST 2017,56:11.4,-76.10146054,36.83735076,26.75,4,-33.5,246.1,0.84275901,-3.14119267,9.38527107,0.0279524,-,23.92156982,0.01052662,0.06638357,-0.2928687,0.86451429,38.03921509,35.29411697,-,-,66.19999695,64.04305267,14.64881134,-,2075,-,-109.9081345,36.83734894,-76.10146332,13.72549057,59.83804321,59.65163422,135.3034363
Tue Nov 21 14:56:12 EST 2017,56:12.4,-76.1017343,36.83725252,26.75,4,-33.20000076,246.2,0.68953007,-2.33674097,9.6534214,0.03389508,-,23.92156982,-0.02542395,0.05466883,-0.24600971,0.84108472,38.03921509,35.29411697,-,-,66.19999695,64.00714874,14.64881134,-,2074,-,-108.9238892,36.83725357,-76.10173798,16.86274529,59.83804321,60.27300644,33.82232285
Tue Nov 21 14:56:13 EST 2017,56:13.4,-76.10201309,36.83715801,27,4,-33.29999924,246.8,0.15322891,-2.83473492,9.42357826,0.04780209,-,25.88235283,0.03108723,0.01952458,-0.26553428,0.89575356,31.37254906,31.37254906,-,-,66.19999695,63.97778702,14.64881134,-,2098,-,-109.2519684,36.8371582,-76.10201263,16.86274529,60.39727783,60.89437866,33.53149796
Tue Nov 21 14:56:14 EST 2017,56:14.4,-76.1022908,36.83706675,27,5,-33.20000076,247.5,0.11492168,-3.21780705,9.46188545,0.03783149,-,17.64705849,0.00954466,0.0234295,-0.30848834,0.86060935,24.31372643,31.37254906,-,-,66.19999695,63.97778702,14.64881134,-,2098,-,-108.9238892,36.83706665,-76.10228729,10.58823586,60.39727783,60.89437866,33.53149796
Tue Nov 21 14:56:15 EST 2017,56:15.4,-76.10256987,36.83697311,27.25,5,-33.09999847,247.6,0.34476504,-2.60489154,9.92157173,0.03806699,-,17.64705849,0.04659803,0.03514424,-0.26553428,0.91137326,24.31372643,24.31372643,-,-,66.19999695,63.94316101,14.64881134,-,2087,-,-108.5957947,36.83697128,-76.10256958,10.58823586,60.95651245,60.27300644,33.53149796
Tue Nov 21 14:56:16 EST 2017,56:16.4,-76.10284937,36.83688045,26.75,5,-33.20000076,247.7,0.22984336,-2.56658411,9.80665016,0.05259365,-,24.31372643,0.03394682,0.0234295,-0.26162934,0.8996585,27.84313774,27.84313774,-,-,66.19999695,63.94316101,14.64881134,-,2096,-,-108.9238892,36.83687973,-76.10285187,14.90196133,59.83804321,60.27300644,33.53149796
Tue Nov 21 14:56:17 EST 2017,56:17.4,-76.10313841,36.83678277,26.75,5,-33.5,247.8,0,-3.10288548,8.84896946,-0.01558203,-,24.31372643,-0.04379021,0,-0.31629819,0.80203557,27.84313774,27.84313774,-,-,66.19999695,63.90917969,14.64881134,-,2096,-,-109.9081345,36.83678436,-76.10314178,16.47058868,59.83804321,60.27300644,-
Tue Nov 21 14:56:18 EST 2017,56:18.4,-76.10343205,36.83669201,27.25,4,-34,248.2,0.15322891,-2.79642749,9.57680702,0.05583423,-,23.13725471,0.03718845,0,-0.28896379,0.89575356,29.41176605,30.58823586,-,-,66.19999695,63.88151932,14.64881134,-,2104,-,-111.5485535,36.83669281,-76.1034317,16.47058868,60.95651245,60.89437866,32.85210419
Tue Nov 21 14:56:19 EST 2017,56:19.4,-76.1037134,36.83660262,27.25,4,-34.09999847,248.2,0.15322891,-3.14119267,9.53849983,0.04281062,-,20.7843132,-0.00798943,0,-0.30067852,0.84498966,27.84313774,30.58823586,-,-,66.19999695,63.88151932,14.64881134,-,2104,-,-111.8766327,36.83660126,-76.10371399,14.50980377,60.95651245,60.89437866,32.85210419
Tue Nov 21 14:56:20 EST 2017,56:20.4,-76.10399258,36.83651164,27.25,4,-34.90000153,248,0.42137951,-3.17949986,9.84495735,0.07447642,-,20.7843132,0.02587228,0.03514424,-0.32410803,0.87232411,27.84313774,27.05882454,-,-,66.19999695,63.84871674,14.64881134,-,2098,-,-114.5013199,36.83651352,-76.10399628,14.50980377,60.95651245,60.27300644,32.85210419
Tue Nov 21 14:56:21 EST 2017,56:21.4,-76.10426933,36.83641595,27.25,4,-35.40000153,247.9,-0.15322891,-2.52827692,9.80665016,0.04899744,-,27.84313774,0.01412148,0,-0.27334413,0.87622905,36.86274719,32.94117737,-,-,66.19999695,63.84871674,14.64881134,-,2111,-,-116.1417389,36.83641434,-76.10427094,14.90196133,60.95651245,60.27300644,32.85210419
Tue Nov 21 14:56:22 EST 2017,56:22.4,-76.10455602,36.83632822,27.25,4,-35.20000076,248.1,0.19153613,-2.68150592,9.73003578,0.04801017,-,24.31372643,0.04012663,0.0234295,-0.28505886,0.8996585,36.86274719,32.94117737,-,-,66.19999695,63.82209778,14.64881134,-,2111,-,-115.4855652,36.8363266,-76.10455322,12.94117641,60.95651245,60.89437866,32.8222084
Tue Nov 21 14:56:23 EST 2017,56:23.4,-76.10484331,36.83623711,27.5,4,-35.29999924,248,0.07661445,-2.98796368,9.27034855,0.01043915,-,24.31372643,-0.00676734,0.00780983,-0.30458343,0.84498966,28.23529434,25.09803963,-,-,66.19999695,63.79595566,14.64881134,-,2082,-,-115.8136444,36.83623886,-76.10484314,12.94117641,61.51574707,60.89437866,32.8222084
Tue Nov 21 14:56:24 EST 2017,56:24.4,-76.10512877,36.8361434,27.5,4,-35.09999847,247.9,0.38307226,-3.10288548,9.53849983,0.04222208,-,22.35294151,0.02357168,0.03904916,-0.31629819,0.87232411,27.84313774,25.09803963,-,-,66.19999695,63.79595566,14.64881134,-,2082,-,-115.1574783,36.83614349,-76.10512543,13.33333397,61.51574707,60.89437866,32.8222084
Tue Nov 21 14:56:25 EST 2017,56:25.4,-76.10540438,36.83605135,27.25,4,-35,248.1,0.42137951,-2.71981311,9.88326454,0.03950356,-,22.35294151,0.04616055,0.04295408,-0.27724904,0.90746832,27.84313774,27.45098114,-,-,66.19999695,63.77027893,14.64881134,-,2105,-,-114.8293991,36.83605194,-76.10540771,13.33333397,60.95651245,60.89437866,-
Tue Nov 21 14:56:26 EST 2017,56:26.4,-76.10568722,36.83596289,27.25,4,-34.90000153,248.3,-0.11492168,-3.21780705,8.92558384,-0.01376247,-,22.74509811,0.00064061,0,-0.32801294,0.84498966,26.66666794,14.11764717,-,-,66.19999695,63.77027893,14.64881134,-,2083,-,-114.5013199,36.8359642,-76.10569,14.50980377,60.95651245,60.89437866,-
Tue Nov 21 14:56:27 EST 2017,56:27.4,-76.10597415,36.83587311,27.25,4,-34.79999924,248.5,0.07661445,-2.68150592,9.88326454,0.04398963,-,22.74509811,0.02553012,0.01561966,-0.27334413,0.88794374,26.66666794,14.11764717,-,-,66.19999695,63.73960495,14.64881134,-,2083,-,-114.1732254,36.83587265,-76.10597229,15.68627453,60.95651245,60.27300644,-
Tue Nov 21 14:56:28 EST 2017,56:28.4,-76.10625707,36.83578375,27.25,4,-35.09999847,248.6,-0.45968673,-2.56658411,9.38527107,0.03871979,-,25.09803963,0.00500766,0.00390492,-0.28115395,0.86451429,35.68627548,14.11764717,-,-,66.19999695,63.73960495,14.64881134,-,2083,-,-115.1574783,36.83578491,-76.10625458,15.68627453,60.95651245,60.27300644,-
Tue Nov 21 14:56:29 EST 2017,56:29.4,-76.10654556,36.83569511,27.5,4,-35,248.5,-0.15322891,-2.71981311,9.38527107,0.02099812,-,25.09803963,-0.00573078,-0.00390492,-0.26943922,0.85670447,35.68627548,34.50980377,-,-,66.19999695,63.73960495,14.64881134,-,2121,-,-114.8293991,36.83569336,-76.10654449,15.68627453,61.51574707,60.27300644,-
Tue Nov 21 14:56:30 EST 2017,56:30.4,-76.10683339,36.8356026,27.5,4,-35,248.3,0.2681506,-2.94965649,9.53849983,0.03229199,-,25.09803963,0.02894659,0.00780983,-0.25772443,0.89575356,35.68627548,34.50980377,-,-,66.19999695,63.72026825,14.64881134,-,2121,-,-114.8293991,36.83560181,-76.10683441,15.68627453,61.51574707,61.51574707,-
Tue Nov 21 14:56:31 EST 2017,56:31.4,-76.10712293,36.83550881,27.75,4,-34.79999924,248.2,0.03830723,-2.98796368,9.27034855,0.04039207,-,20.7843132,-0.00679038,0.00390492,-0.30458343,0.84498966,35.68627548,34.50980377,-,-,66.19999695,63.72026825,14.64881134,-,2121,-,-114.1732254,36.83551025,-76.10712433,12.94117641,62.07497787,61.51574707,-
Tue Nov 21 14:56:32 EST 2017,56:32.4,-76.10741236,36.83541394,27.75,4,-34.79999924,248.2,-0.07661445,-2.87304211,9.84495735,0.0644533,-,20.7843132,0.04581044,-0.00780983,-0.2928687,0.90356338,28.62745094,28.23529434,-,-,66.19999695,63.70661926,14.64881134,-,2144,-,-114.1732254,36.83541489,-76.10741425,12.94117641,62.07497787,62.13711929,-
Tue Nov 21 14:56:33 EST 2017,56:33.4,-76.1076992,36.83532372,27.75,4,-34.70000076,248.2,-0.07661445,-2.83473492,9.80665016,0.04963332,-,24.70588303,0.04096982,-0.00780983,-0.28896379,0.8996585,33.72549057,28.23529434,-,-,66.19999695,63.70661926,14.64881134,-,2144,-,-113.8451462,36.83532333,-76.10769653,16.47058868,62.07497787,62.13711929,-
Tue Nov 21 14:56:34 EST 2017,56:34.4,-76.10799368,36.83523171,27.75,4,-34.79999924,248.5,-0.19153613,-2.94965649,9.53849983,0.03694052,-,24.70588303,0.03056914,-0.01561966,-0.30458343,0.88403887,33.72549057,33.72549057,-,-,66.19999695,63.69320297,14.64881134,-,2156,-,-114.1732254,36.83523178,-76.10799408,16.47058868,62.07497787,62.13711929,-
Tue Nov 21 14:56:35 EST 2017,56:35.4,-76.10828992,36.83514034,28,4,-34.59999847,248.8,-1.14921677,-2.64319873,9.76834297,0.05736709,-,17.64705849,0.05307313,-0.11714748,-0.30848834,0.8996585,14.11764717,25.49019623,-,-,66.19999695,63.69320297,14.64881134,-,2158,-,-113.5170593,36.83514023,-76.10829163,12.15686321,62.63421249,62.13711929,-
Tue Nov 21 14:56:36 EST 2017,56:36.4,-76.10857969,36.83505136,28,4,-34.70000076,248.9,-0.2681506,-2.79642749,9.42357826,0.02138513,-,29.01960754,-0.01589636,-0.03123933,-0.25772443,0.84889454,14.11764717,25.49019623,-,-,66.19999695,63.68001175,14.64881134,-,2158,-,-113.8451462,36.83505249,-76.10858154,21.56862831,62.63421249,62.13711929,-
Tue Nov 21 14:56:37 EST 2017,56:37.4,-76.1088754,36.83495794,28,4,-35.09999847,248.2,0.11492168,-3.06457806,9.38527107,0.02128267,-,29.01960754,-0.00138182,0.00390492,-0.28505886,0.85670447,35.29411697,34.11764908,-,-,66.19999695,63.67749023,14.64881134,-,2189,-,-115.1574783,36.83495712,-76.10887909,21.56862831,62.63421249,63.37985992,66.3700943
Tue Nov 21 14:56:38 EST 2017,56:38.4,-76.10917473,36.83485961,28.25,4,-34.70000076,247.9,-0.38307226,-3.06457806,9.69172859,0.06692758,-,20,0.0372473,-0.03904916,-0.31239328,0.88794374,28.62745094,34.11764908,-,-,66.19999695,63.67749023,14.64881134,-,2189,-,-113.8451462,36.83485794,-76.10917664,11.76470566,63.19344711,63.37985992,66.3700943
Tue Nov 21 14:56:39 EST 2017,56:39.4,-76.10946813,36.83476367,28.5,4,-34.70000076,248,-0.30645782,-3.10288548,9.76834297,0.02722175,-,20,0.04560616,-0.03123933,-0.31629819,0.89575356,28.62745094,28.62745094,-,-,66.19999695,63.67501068,14.64881134,-,2185,-,-113.8451462,36.83476257,-76.10946655,11.76470566,63.75268173,63.37985992,66.3700943
Tue Nov 21 14:56:40 EST 2017,56:40.4,-76.10976124,36.8346693,28.25,4,-34.90000153,247.9,-0.45968673,-2.79642749,9.76834297,0.05581218,-,16.86274529,0.04758168,-0.04685899,-0.30848834,0.8996585,25.09803963,25.88235283,-,-,66.19999695,63.67501068,14.64881134,-,2172,-,-114.5013199,36.83467102,-76.1097641,8.23529434,63.19344711,63.37985992,66.3700943
Tue Nov 21 14:56:41 EST 2017,56:41.4,-76.11004811,36.83457122,28,4,-35.40000153,247.7,-0.07661445,-3.67749381,9.92157173,0.03052008,-,21.17647171,0.03110942,-0.08590815,-0.28115395,0.88794374,25.09803963,25.88235283,-,-,66.19999695,63.66230392,14.64881134,-,2172,-,-116.1417389,36.83457184,-76.11004639,12.54901981,62.63421249,62.13711929,-
Tue Nov 21 14:56:42 EST 2017,56:42.4,-76.11033307,36.8344786,28,4,-35.5,247.8,0.2681506,-3.02627087,9.0788126,-0.00509131,-,21.17647171,-0.01431609,0,-0.26553428,0.84889454,30.19607925,32.54901886,-,-,66.19999695,63.64979935,14.64881134,-,2217,-,-116.4698181,36.83448029,-76.1103363,12.54901981,62.63421249,62.13711929,-
Tue Nov 21 14:56:43 EST 2017,56:43.4,-76.11062127,36.83438396,27.75,4,-35.09999847,248.2,0.57460839,-3.02627087,9.23204136,-0.02832135,-,17.25490189,0.00325252,0.01171475,-0.30067852,0.85670447,14.50980377,26.66666794,-,-,66.19999695,63.64979935,14.64881134,-,2217,-,-115.1574783,36.83438492,-76.11061859,9.4117651,62.07497787,62.13711929,-
Tue Nov 21 14:56:44 EST 2017,56:44.4,-76.11091015,36.83429276,27.75,4,-34.79999924,248.5,0.2681506,-1.57059634,10.07480049,0.05875677,-,17.25490189,-0.03942785,-0.03904916,-0.22258021,0.8332749,14.50980377,26.66666794,-,-,66.19999695,63.6324501,14.64881134,-,2108,-,-114.1732254,36.83429337,-76.11090851,26.66666794,62.07497787,61.51574707,-
Tue Nov 21 14:56:45 EST 2017,56:45.4,-76.11120033,36.8342011,27.75,4,-34.79999924,248.4,-0.57460839,-3.21780705,9.42357826,0.01190437,-,32.54901886,0.01710385,-0.05857374,-0.32801294,0.86060935,40.39215851,40.39215851,-,-,66.19999695,63.6324501,14.64881134,-,2188,-,-114.1732254,36.83420181,-76.11119843,26.66666794,62.07497787,61.51574707,-
Tue Nov 21 14:56:46 EST 2017,56:46.4,-76.11149128,36.83410751,28.25,4,-35.29999924,248.4,-0.80445176,-2.45166254,9.23204136,-0.00384992,-,25.09803963,-0.02251612,-0.08200324,-0.24991462,0.84108472,40.39215851,40.39215851,-,-,66.19999695,63.63041687,14.64881134,-,2188,-,-115.8136444,36.83410645,-76.11148834,14.90196133,63.19344711,63.37985992,98.81960297
Tue Nov 21 14:56:47 EST 2017,56:47.4,-76.11179113,36.83401145,28.5,4,-35.40000153,248.2,-0.42137951,-3.02627087,9.15542698,0.00287604,-,25.09803963,0.02407846,-0.00390492,-0.33191785,0.86841917,38.82352829,36.86274719,-,-,66.19999695,63.63338089,14.64881134,-,2221,-,-116.1417389,36.83401108,-76.11179352,14.90196133,63.75268173,64.00123596,33.47538757
Tue Nov 21 14:56:48 EST 2017,56:48.4,-76.11208736,36.83391675,28.75,4,-36.29999924,247.8,0.03830723,-2.60489154,9.84495735,0.04709645,-,27.45098114,0.01269861,-0.05076391,-0.27724904,0.87232411,37.25490189,36.86274719,-,-,66.19999695,63.63338089,14.64881134,-,2221,-,-119.0944824,36.83391571,-76.11209106,18.4313736,64.31192017,64.00123596,33.47538757
Tue Nov 21 14:56:49 EST 2017,56:49.4,-76.11238806,36.83381595,29,4,-36.5,247.8,-0.22984336,-2.83473492,9.80665016,0.05984873,-,27.45098114,0.03925339,-0.01952458,-0.30848834,0.89184868,37.25490189,36.86274719,-,-,66.19999695,63.64616394,14.64881134,-,2252,-,-119.7506561,36.83381653,-76.11238861,8.62745094,64.87114716,65.24397278,66.69465637
Tue Nov 21 14:56:50 EST 2017,56:50.4,-76.11269313,36.83371729,29.25,4,-37,247.7,-0.19153613,-2.7581203,9.38527107,0.02312605,-,17.64705849,-0.00998336,-0.00390492,-0.28115395,0.84889454,30.19607925,35.68627548,-,-,66.19999695,63.65874481,14.64881134,-,2257,-,-121.3910751,36.83371735,-76.11269379,8.62745094,65.43038177,65.24397278,66.69465637
Tue Nov 21 14:56:51 EST 2017,56:51.4,-76.1129906,36.8336197,29.25,5,-37.59999847,247.7,-0.15322891,-3.48595762,8.92558384,0.02428645,-,17.25490189,0.00769888,-0.03123933,-0.34753752,0.84498966,30.98039246,35.68627548,-,-,66.19999695,63.65874481,14.64881134,-,2257,-,-123.3595734,36.83361816,-76.11299133,12.54901981,65.43038177,65.24397278,66.69465637
Tue Nov 21 14:56:52 EST 2017,56:52.4,-76.1132975,36.83351538,29.5,5,-37.5,247.8,-0.34476504,-2.45166254,10.15141487,0.03683373,-,17.25490189,0.06549726,-0.03514424,-0.24991462,0.93480271,30.98039246,36.86274719,-,-,66.19999695,63.67113113,14.64881134,-,2262,-,-123.0314941,36.83351517,-76.11329651,12.54901981,65.98961639,65.24397278,-
Tue Nov 21 14:56:53 EST 2017,56:53.4,-76.11360354,36.83341455,29.5,5,-37.40000153,247.9,-0.2681506,-3.14119267,9.27034855,0.01713955,-,18.03921509,-0.00151946,-0.02733441,-0.32020313,0.84498966,23.92156982,31.37254906,-,-,66.19999695,63.67113113,14.64881134,-,2288,-,-122.7034149,36.83341599,-76.11360168,17.64705849,65.98961639,65.24397278,-
Tue Nov 21 14:56:54 EST 2017,56:54.4,-76.11390845,36.83331186,29.5,5,-36.70000076,247.9,-0.22984336,-2.26012635,10.18972206,0.05256546,-,18.03921509,0.06457318,-0.0234295,-0.23039004,0.93870759,23.92156982,31.37254906,-,-,66.19999695,63.68813705,14.64881134,-,2288,-,-120.4068298,36.83331299,-76.11390686,16.07843208,65.98961639,65.86534882,33.50351334
Tue Nov 21 14:56:55 EST 2017,56:55.4,-76.1142145,36.8332126,29.5,4,-37.29999924,247.9,0,-2.83473492,9.00219822,0.01018235,-,24.70588303,-0.00522446,0,-0.2421048,0.86451429,37.25490189,34.90196228,-,-,66.19999695,63.70966721,14.64881134,-,2298,-,-122.3753281,36.83321381,-76.11421204,16.07843208,65.98961639,66.48671722,32.82125854
Tue Nov 21 14:56:56 EST 2017,56:56.4,-76.11452243,36.83310752,29.75,4,-37.29999924,247.8,0.76614451,-2.98796368,9.27034855,0.01492959,-,24.31372643,-0.00373016,0.07809832,-0.30458343,0.84498966,34.50980377,34.90196228,-,-,66.19999695,63.70966721,14.64881134,-,2298,-,-122.3753281,36.83310699,-76.11452484,16.86274529,66.54885101,66.48671722,32.82125854
Tue Nov 21 14:56:57 EST 2017,56:57.4,-76.11483516,36.83300995,30,4,-37.59999847,248.2,0.49799395,-2.26012635,9.46188545,0.02250757,-,24.31372643,-0.00671346,0.05076391,-0.23039004,0.86451429,34.50980377,36.07843018,-,-,66.19999695,63.73560715,14.64881134,-,2322,-,-123.3595734,36.83301163,-76.11483765,16.86274529,67.10808563,67.10808563,32.86491394
Tue Nov 21 14:56:58 EST 2017,56:58.4,-76.11514655,36.83291367,30,4,-37.79999924,248.7,0.80445176,-2.87304211,9.88326454,0.07137305,-,23.13725471,0.05273256,0.08200324,-0.2928687,0.90746832,35.68627548,34.90196228,-,-,66.19999695,63.73560715,14.64881134,-,2331,-,-124.0157471,36.83291245,-76.11514282,16.86274529,67.10808563,67.10808563,32.86491394
Tue Nov 21 14:56:59 EST 2017,56:59.4,-76.11545924,36.83282891,29.75,4,-37.90000153,249.9,1.03429508,-3.10288548,9.38527107,0.03149791,-,22.74509811,0.00339688,0.08981306,-0.32410803,0.84498966,35.68627548,34.90196228,-,-,66.19999695,63.76586533,14.64881134,-,2331,-,-124.3438339,36.83282852,-76.11545563,16.47058868,66.54885101,67.72946167,33.48524094
Tue Nov 21 14:57:00 EST 2017,57:00.4,-76.11578596,36.83274352,30,4,-37.70000076,251.4,1.03429508,-3.17949986,8.84896946,0.03776474,-,22.74509811,0.00040422,0.0976229,-0.31239328,0.84498966,34.11764908,30.58823586,-,-,66.19999695,63.79566574,14.64881134,-,2345,-,-123.6876679,36.8327446,-76.11578369,16.47058868,67.10808563,67.72946167,33.48524094
Tue Nov 21 14:57:01 EST 2017,57:01.4,-76.1161196,36.83267176,30.25,5,-37.59999847,253.4,0.80445176,-2.33674097,9.69172859,0.03224105,-,23.13725471,0.03317174,0.06247865,-0.2186753,0.90746832,37.25490189,30.58823586,-,-,66.19999695,63.79566574,14.64881134,-,2345,-,-123.3595734,36.83267212,-76.11611938,13.33333397,67.66732025,67.72946167,33.48524094
Tue Nov 21 14:57:02 EST 2017,57:02.4,-76.11646158,36.83260935,30.5,5,-37.59999847,255.7,0.80445176,-3.14119267,9.6534214,-0.00400132,-,23.13725471,-0.01751018,0.10152781,-0.32410803,0.82156014,37.25490189,37.64706039,-,-,66.19999695,63.82965851,14.64881134,-,2359,-,-123.3595734,36.83261108,-76.11646271,13.33333397,68.22655487,68.35083008,33.49393463
Tue Nov 21 14:57:03 EST 2017,57:03.4,-76.11681282,36.83256429,30.5,4,-37.90000153,258.9,0.8810662,-2.79642749,9.61511421,0.04368895,-,20,-0.04923929,0.08981306,-0.28505886,0.88013393,32.15686417,31.37254906,-,-,66.19999695,63.82965851,14.64881134,-,2343,-,-124.3438339,36.83256531,-76.11681366,8.62745094,68.22655487,68.35083008,33.49393463
Tue Nov 21 14:57:04 EST 2017,57:04.4,-76.11714745,36.83252389,30.5,4,-37.90000153,260.8,0.84275901,-3.44765043,9.04050541,0.02023396,-,23.13725471,-0.00962888,0.08590815,-0.35144243,0.82156014,32.15686417,31.37254906,-,-,66.19999695,63.85854721,14.64881134,-,2343,-,-124.3438339,36.83252335,-76.11714935,17.25490189,68.22655487,67.72946167,33.49393463
Tue Nov 21 14:57:05 EST 2017,57:05.4,-76.11748736,36.83249214,30.5,4,-38.70000076,262.8,1.14921677,-2.94965649,9.80665016,0.06945139,-,23.13725471,0.05081029,0.11714748,-0.30067852,0.8996585,14.11764717,14.50980377,-,-,66.19999695,63.88701248,14.64881134,-,2328,-,-126.9685059,36.83249283,-76.11748505,17.25490189,68.22655487,67.72946167,-
Tue Nov 21 14:57:06 EST 2017,57:06.4,-76.11782267,36.83246008,30.25,4,-38,264.7,0.8810662,-2.48996973,9.84495735,0.05714749,-,27.05882454,0.03940754,0.08981306,-0.25381953,0.90356338,37.25490189,37.25490189,-,-,66.19999695,63.88701248,14.64881134,-,2328,-,-124.6719132,36.8324585,-76.11782074,17.25490189,67.66732025,67.72946167,-
Tue Nov 21 14:57:07 EST 2017,57:07.4,-76.11815899,36.83244982,30.25,4,-37.29999924,267.1,0.45968673,-3.29442143,9.0788126,0.0046258,-,27.05882454,-0.01403743,0.04685899,-0.33582276,0.82546508,37.25490189,37.25490189,-,-,66.19999695,63.91505814,14.64881134,-,2353,-,-122.3753281,36.83245087,-76.11815643,8.23529434,67.66732025,67.72946167,-
Tue Nov 21 14:57:08 EST 2017,57:08.4,-76.11849504,36.83244699,30.5,3,-36.20000076,269.3,0.57460839,-2.45166254,9.38527107,0.04440029,-,20.3921566,0.00887934,0.08590815,-0.23819989,0.87622905,35.29411697,37.64706039,-,-,66.19999695,63.91505814,14.64881134,-,2344,-,-118.7664032,36.83244705,-76.11849213,8.23529434,68.22655487,67.72946167,-
Tue Nov 21 14:57:09 EST 2017,57:09.4,-76.11883581,36.83245139,30.25,4,-36.29999924,270.9,0.76614451,-3.17949986,9.69172859,0.06167835,-,17.64705849,0.02066812,0.0741934,-0.33582276,0.86060935,35.29411697,37.64706039,-,-,66.19999695,63.94269943,14.64881134,-,2344,-,-119.0944824,36.83245087,-76.11883545,9.01960754,67.66732025,67.72946167,-
Tue Nov 21 14:57:10 EST 2017,57:10.4,-76.11918341,36.83246538,30.5,4,-36.5,272.7,0.57460839,-2.64319873,9.84495735,0.05975348,-,17.64705849,-0.01604367,0.05857374,-0.2928687,0.83717978,14.11764717,14.50980377,-,-,66.19999695,63.96546936,14.64881134,-,2326,-,-119.7506561,36.83246613,-76.1191864,9.01960754,68.22655487,67.10808563,-
Tue Nov 21 14:57:11 EST 2017,57:11.4,-76.11952123,36.83248639,30.25,4,-36.70000076,274.3,0.07661445,-2.33674097,10.34295177,0.05066518,-,26.66666794,0.0812977,0.00780983,-0.23819989,0.95432734,36.47058868,36.86274719,-,-,66.19999695,63.96546936,14.64881134,-,2340,-,-120.4068298,36.8324852,-76.11952209,17.25490189,67.66732025,67.10808563,-
Tue Nov 21 14:57:12 EST 2017,57:12.4,-76.11985797,36.83251297,30.25,4,-36.20000076,275.3,0.19153613,-3.715801,9.0788126,0.01916927,-,26.66666794,0.00051104,0.01952458,-0.37877685,0.82546508,36.47058868,36.86274719,-,-,66.19999695,63.99235916,14.64881134,-,2340,-,-118.7664032,36.8325119,-76.11985779,8.23529434,67.66732025,67.72946167,34.34308243
Tue Nov 21 14:57:13 EST 2017,57:13.4,-76.12019928,36.83253564,30.25,4,-34.79999924,275.7,0.15322891,-2.68150592,9.19373417,0.03265222,-,17.64705849,-0.02331256,0.01561966,-0.27334413,0.83717978,26.27450943,32.94117737,-,-,66.19999695,64.0144577,14.64881134,-,2362,-,-114.1732254,36.83253479,-76.12020111,8.23529434,67.66732025,67.10808563,34.34308243
Tue Nov 21 14:57:14 EST 2017,57:14.4,-76.12053479,36.832565,30,4,-34.59999847,276,0.11492168,-2.9113493,9.69172859,0.05062228,-,26.66666794,0.03197477,0.01171475,-0.29677361,0.88794374,17.25490189,32.94117737,-,-,66.19999695,64.0144577,14.64881134,-,2362,-,-113.5170593,36.83256531,-76.1205368,18.8235302,67.10808563,67.10808563,34.34308243
Tue Nov 21 14:57:15 EST 2017,57:15.4,-76.12087402,36.83258999,30.25,4,-33.29999924,276,0.03830723,-3.17949986,8.96389103,0.01464301,-,26.66666794,-0.03001433,0.00780983,-0.37487194,0.79422575,17.25490189,14.11764717,-,-,66.19999695,64.03623962,14.64881134,-,2306,-,-109.2519684,36.8325882,-76.1208725,18.8235302,67.66732025,67.10808563,-
Tue Nov 21 14:57:16 EST 2017,57:16.4,-76.12120603,36.83262067,30,4,-33.20000076,276.2,0.2681506,-3.14119267,8.96389103,-0.01238406,-,16.86274529,0.02123606,0.04295408,-0.32020313,0.86841917,14.50980377,14.11764717,-,-,66.19999695,64.03623962,14.64881134,-,2252,-,-108.9238892,36.83262253,-76.12120819,7.45098066,67.10808563,67.10808563,-
Tue Nov 21 14:57:17 EST 2017,57:17.4,-76.12153591,36.83264899,29.5,4,-32.20000076,276.5,-0.03830723,-3.60087943,9.27034855,0.07413507,-,16.86274529,0.07862025,0.01952458,-0.35144243,0.91918308,14.50980377,14.11764717,-,-,66.19999695,64.04468536,14.64881134,-,2252,-,-105.6430435,36.83264923,-76.12153625,7.45098066,65.98961639,65.24397278,-
Tue Nov 21 14:57:18 EST 2017,57:18.4,-76.1218581,36.83267831,29,4,-32.5,276.5,0.15322891,-2.7581203,9.57680702,0.03502887,-,16.86274529,0.02348968,0.01952458,-0.2928687,0.88013393,21.96078491,27.84313774,-,-,66.19999695,64.04438019,14.64881134,-,2215,-,-106.6272965,36.83267975,-76.12185669,7.45098066,64.87114716,64.00123596,-
Tue Nov 21 14:57:19 EST 2017,57:19.4,-76.12217637,36.83271027,28.75,4,-33,276.6,-0.2681506,-2.64319873,9.00219822,0.00904127,-,27.45098114,-0.04288903,-0.02733441,-0.26943922,0.81765527,30.98039246,32.94117737,-,-,66.19999695,64.04438019,14.64881134,-,2215,-,-108.2677155,36.83271027,-76.12217712,20.3921566,64.31192017,64.00123596,-
Tue Nov 21 14:57:20 EST 2017,57:20.4,-76.12249831,36.83273545,29,4,-32.5,276.3,0.03830723,-2.79642749,9.57680702,0.03600389,-,27.45098114,0.0173513,0.00390492,-0.28505886,0.87622905,30.98039246,32.94117737,-,-,66.19999695,64.05265808,14.64881134,-,2256,-,-106.6272965,36.83273697,-76.12249756,13.72549057,64.87114716,65.24397278,65.22257233
Tue Nov 21 14:57:21 EST 2017,57:21.4,-76.12282267,36.83275892,29.25,4,-31.20000076,276.1,0.2681506,-3.06457806,9.61511421,0.03040616,-,21.56862831,0.02942843,0.02733441,-0.31239328,0.88013393,22.35294151,14.50980377,-,-,66.19999695,64.05656433,14.64881134,-,2201,-,-102.3622055,36.83275986,-76.12282562,13.72549057,65.43038177,64.62260437,65.22257233
Tue Nov 21 14:57:22 EST 2017,57:22.4,-76.12314556,36.83278316,29,4,-31.29999924,275.8,0.2681506,-2.52827692,8.96389103,-0.03120595,-,25.49019623,0.03475081,0.03123933,-0.21477039,0.91137326,39.60784531,14.50980377,-,-,66.19999695,64.05656433,14.64881134,-,2201,-,-102.6902847,36.83278275,-76.12314606,14.90196133,64.87114716,64.62260437,65.22257233
Tue Nov 21 14:57:23 EST 2017,57:23.4,-76.12346959,36.83280217,29,3,-31,275.9,-0.15322891,-2.64319873,9.15542698,0.0245961,-,25.49019623,-0.02934606,0.00390492,-0.26553428,0.8332749,39.60784531,39.60784531,-,-,66.19999695,64.06463623,14.64881134,-,2251,-,-101.7060394,36.83280182,-76.12346649,14.90196133,64.87114716,65.24397278,33.77464294
Tue Nov 21 14:57:24 EST 2017,57:24.4,-76.12379628,36.83282789,29.25,4,-31.29999924,275.8,0.49799395,-2.9113493,9.95987892,0.07798117,-,18.4313736,0.03286155,0.05076391,-0.30848834,0.88403887,14.11764717,18.03921509,-,-,66.19999695,64.06463623,14.64881134,-,2259,-,-102.6902847,36.83282852,-76.12379456,16.86274529,65.43038177,65.24397278,33.77464294
Tue Nov 21 14:57:25 EST 2017,57:25.4,-76.12412468,36.83285904,29.25,4,-30.89999962,276.1,0.30645782,-3.63918662,9.46188545,0.02645607,-,18.4313736,-0.01318661,0.03514424,-0.3397277,0.82546508,14.11764717,18.03921509,-,-,66.19999695,64.07260895,14.64881134,-,2259,-,-101.3779526,36.83285904,-76.12412262,14.11764717,65.43038177,65.24397278,33.77464294
Tue Nov 21 14:57:26 EST 2017,57:26.4,-76.1244528,36.83289282,29.25,4,-31.10000038,276.3,0,-3.06457806,9.27034855,0.01428634,-,17.64705849,-0.00437363,0,-0.31239328,0.84498966,14.50980377,20.7843132,-,-,66.19999695,64.0721283,14.64881134,-,2233,-,-102.0341187,36.83289337,-76.12445068,14.11764717,65.43038177,64.00123596,-
Tue Nov 21 14:57:27 EST 2017,57:27.4,-76.12477712,36.83291988,29,4,-31.5,276.3,-0.11492168,-2.71981311,9.30865574,0.02815878,-,24.31372643,-0.01102426,-0.01171475,-0.27724904,0.84889454,36.47058868,20.7843132,-,-,66.19999695,64.0721283,14.64881134,-,2233,-,-103.3464584,36.83292007,-76.12477875,12.94117641,64.87114716,64.00123596,-
Tue Nov 21 14:57:28 EST 2017,57:28.4,-76.1250964,36.83294442,28.75,4,-31.70000076,276.2,0.07661445,-3.17949986,9.69172859,0.0587787,-,24.31372643,0.04013396,0.00780983,-0.32410803,0.88794374,36.47058868,34.90196228,-,-,66.19999695,64.07165527,14.64881134,-,2224,-,-104.0026245,36.83294296,-76.12509918,12.94117641,64.31192017,64.00123596,-
Tue Nov 21 14:57:29 EST 2017,57:29.4,-76.12541789,36.83297497,28.75,4,-31.60000038,276.2,-0.07661445,-2.52827692,9.53849983,0.0257162,-,21.56862831,0.00627457,-0.00780983,-0.25772443,0.87232411,35.29411697,35.68627548,-,-,66.19999695,64.07165527,14.64881134,-,2219,-,-103.6745453,36.83297348,-76.12541962,8.23529434,64.31192017,64.00123596,-
Tue Nov 21 14:57:30 EST 2017,57:30.4,-76.12573503,36.83300391,28.75,4,-31.29999924,276.4,0.57460839,-3.29442143,9.84495735,0.07888085,-,21.56862831,0.05226864,0.01171475,-0.28896379,0.91137326,35.29411697,35.68627548,-,-,66.19999695,64.07118988,14.64881134,-,2219,-,-102.6902847,36.833004,-76.12573242,21.56862831,64.31192017,64.00123596,-
Tue Nov 21 14:57:31 EST 2017,57:31.4,-76.12605798,36.83303411,29,4,-30.89999962,276.2,0.2681506,-2.7581203,9.92157173,0.02558184,-,25.88235283,0.00884159,0.03904916,-0.30458343,0.86060935,14.11764717,17.64705849,-,-,66.19999695,64.07482147,14.64881134,-,2239,-,-101.3779526,36.83303452,-76.12606049,21.56862831,64.87114716,64.62260437,33.38444519
Tue Nov 21 14:57:32 EST 2017,57:32.4,-76.12638063,36.83306529,29,4,-31.20000076,276.2,-0.03830723,-2.56658411,10.11310768,0.08258611,-,25.88235283,0.05951586,0.01952458,-0.27334413,0.92308795,14.11764717,17.64705849,-,-,66.19999695,64.07482147,14.64881134,-,2239,-,-102.3622055,36.83306503,-76.12638092,18.03921509,64.87114716,64.62260437,33.38444519
Tue Nov 21 14:57:33 EST 2017,57:33.4,-76.12670217,36.83309205,29,4,-30.79999924,276,0.11492168,-3.37103605,9.0788126,0.02148546,-,27.05882454,0.01616578,0.0234295,-0.35144243,0.85279953,32.15686417,14.11764717,-,-,66.19999695,64.07482147,14.64881134,-,2239,-,-101.0498657,36.83309174,-76.12670135,18.03921509,64.87114716,64.62260437,33.38444519
Tue Nov 21 14:57:34 EST 2017,57:34.4,-76.12703252,36.83312025,29.25,4,-30.79999924,276.1,0.38307226,-2.87304211,9.30865574,0.01282984,-,22.74509811,-0.00583065,0.03904916,-0.2928687,0.84889454,32.15686417,14.11764717,-,-,66.19999695,64.0824585,14.64881134,-,2239,-,-101.0498657,36.83311844,-76.12702942,13.33333397,65.43038177,65.24397278,23.56939125
Tue Nov 21 14:57:35 EST 2017,57:35.4,-76.12735806,36.83314458,29,4,-30.29999924,276.2,0.49799395,-3.33272886,9.42357826,0.03205143,-,22.74509811,0.02052609,0.05076391,-0.3397277,0.86060935,32.94117737,34.90196228,-,-,66.19999695,64.08596039,14.64881134,-,2238,-,-99.40944672,36.83314514,-76.12735748,13.33333397,64.87114716,64.62260437,23.56939125
Tue Nov 21 14:57:36 EST 2017,57:36.4,-76.12767985,36.83316927,29,4,-30.70000076,276.3,0.19153613,-2.68150592,9.23204136,0.03820962,-,23.52941132,-0.0194924,0.01952458,-0.27334413,0.84108472,34.90196228,34.90196228,-,-,66.19999695,64.08596039,14.64881134,-,2238,-,-100.7217865,36.83316803,-76.12767792,10.58823586,64.87114716,64.62260437,23.56939125
Tue Nov 21 14:57:37 EST 2017,57:37.4,-76.12800347,36.83319552,29,4,-30.29999924,276.2,0.19153613,-3.10288548,9.95987892,0.05494791,-,23.52941132,0.02485291,0.00390492,-0.28505886,0.88403887,34.90196228,34.90196228,-,-,66.19999695,64.08943176,14.64881134,-,2237,-,-99.40944672,36.83319473,-76.12800598,10.58823586,64.87114716,64.62260437,-
Tue Nov 21 14:57:38 EST 2017,57:38.4,-76.12832524,36.8332214,29,4,-30.10000038,276.1,0.22984336,-3.14119267,9.15542698,0.0059554,-,17.64705849,0.02596896,0.00780983,-0.28896379,0.88403887,20.7843132,27.05882454,-,-,66.19999695,64.08943176,14.64881134,-,2236,-,-98.75328064,36.83322144,-76.12832642,11.37254906,64.87114716,64.62260437,-
Tue Nov 21 14:57:39 EST 2017,57:39.4,-76.12865306,36.83325574,29,3,-30.5,276.1,0.45968673,-3.21780705,9.50019264,0.04383211,-,23.13725471,-0.00140485,0.03123933,-0.32020313,0.84498966,20.7843132,27.05882454,-,-,66.19999695,64.08886719,14.64881134,-,2236,-,-100.0656204,36.83325577,-76.12865448,16.47058868,64.87114716,64.00123596,-
Tue Nov 21 14:57:40 EST 2017,57:40.4,-76.12897616,36.83328326,28.75,4,-30.70000076,276.1,0.45968673,-3.40934324,9.30865574,0.03062195,-,23.13725471,-0.00849716,0.03514424,-0.33191785,0.8332749,14.11764717,14.11764717,-,-,66.19999695,64.08830261,14.64881134,-,2205,-,-100.7217865,36.83328247,-76.12897491,16.47058868,64.31192017,64.00123596,-
Tue Nov 21 14:57:41 EST 2017,57:41.4,-76.12929735,36.8333107,28.75,4,-30.60000038,276.3,0.22984336,-3.06457806,9.11711979,0.02720961,-,20,-0.02916523,0.04685899,-0.31239328,0.81765527,29.80392265,32.15686417,-,-,66.19999695,64.08830261,14.64881134,-,2205,-,-100.3936997,36.83330917,-76.12929535,10.1960783,64.31192017,64.00123596,-
Tue Nov 21 14:57:42 EST 2017,57:42.4,-76.12961139,36.83333903,28.5,4,-30.89999962,276.5,0.2681506,-3.02627087,9.6534214,0.05062228,-,20,0.03197477,0.02733441,-0.30848834,0.88403887,29.80392265,32.15686417,-,-,66.19999695,64.08381653,14.64881134,-,2228,-,-101.3779526,36.83333969,-76.12960815,12.94117641,63.75268173,63.37985992,-
Tue Nov 21 14:57:43 EST 2017,57:43.4,-76.12993004,36.83337082,28.5,4,-31,276.8,-0.03830723,-2.79642749,9.69172859,0.04055144,-,21.17647171,0.02860545,-0.00390492,-0.28505886,0.88794374,29.41176605,30.19607925,-,-,66.19999695,64.07939148,14.64881134,-,2195,-,-101.7060394,36.83337021,-76.12992859,12.94117641,63.75268173,63.37985992,-
Tue Nov 21 14:57:44 EST 2017,57:44.4,-76.13024689,36.83340015,28.5,4,-31,276.9,0.07661445,-3.02627087,9.53849983,0.03911775,-,20.7843132,0.02046623,0.00780983,-0.30848834,0.87232411,32.15686417,30.19607925,-,-,66.19999695,64.07939148,14.64881134,-,2195,-,-101.7060394,36.83340073,-76.13024902,9.01960754,63.75268173,63.37985992,-
Tue Nov 21 14:57:45 EST 2017,57:45.4,-76.13056012,36.83342276,28.25,4,-31.20000076,276.2,0.03830723,-3.06457806,9.30865574,0.02288828,-,20.7843132,0.0183632,0.03123933,-0.27334413,0.88013393,32.15686417,32.15686417,-,-,66.19999695,64.07113647,14.64881134,-,2206,-,-102.3622055,36.83342361,-76.13056183,9.01960754,63.19344711,62.75849152,-
Tue Nov 21 14:57:46 EST 2017,57:46.4,-76.13087652,36.83345324,28.25,4,-30.89999962,276.1,0.22984336,-2.68150592,9.88326454,0.0631544,-,20.7843132,0.02378036,0.03123933,-0.2928687,0.88013393,26.66666794,27.05882454,-,-,66.19999695,64.07113647,14.64881134,-,2206,-,-101.3779526,36.83345413,-76.13087463,13.33333397,63.19344711,62.75849152,-
Tue Nov 21 14:57:47 EST 2017,57:47.4,-76.13119176,36.83348186,28.25,4,-30.89999962,276.1,0.22984336,-2.98796368,9.34696388,0.02501601,-,20.7843132,0.00933303,0.01561966,-0.32020313,0.85670447,26.66666794,27.05882454,-,-,66.19999695,64.06298828,14.64881134,-,2180,-,-101.3779526,36.83348083,-76.13119507,12.94117641,63.19344711,62.75849152,-
Tue Nov 21 14:57:48 EST 2017,57:48.4,-76.13150739,36.83350875,28.25,4,-31.29999924,276.1,0.34476504,-2.83473492,9.92157173,0.04679023,-,23.13725471,0.03986987,0.00390492,-0.28505886,0.8996585,31.76470566,30.19607925,-,-,66.19999695,64.05493164,14.64881134,-,2169,-,-102.6902847,36.83350754,-76.13150787,12.94117641,63.19344711,62.75849152,-
Tue Nov 21 14:57:49 EST 2017,57:49.4,-76.13181833,36.83353533,28.25,4,-31.29999924,276.1,-0.15322891,-3.02627087,9.57680702,0.04292971,-,22.35294151,0.02427953,-0.01561966,-0.30848834,0.87622905,14.11764717,30.19607925,-,-,66.19999695,64.05493164,14.64881134,-,2169,-,-102.6902847,36.83353424,-76.13182068,14.11764717,63.19344711,62.75849152,-
Tue Nov 21 14:57:50 EST 2017,57:50.4,-76.13212788,36.83355943,28,4,-31.10000038,276.1,-0.2681506,-3.17949986,9.53849983,0.01747316,-,22.35294151,0.02563427,-0.02733441,-0.32410803,0.87232411,14.11764717,14.50980377,-,-,66.19999695,64.04316711,14.64881134,-,2146,-,-102.0341187,36.83356094,-76.13212585,14.11764717,62.63421249,62.13711929,-
Tue Nov 21 14:57:51 EST 2017,57:51.4,-76.13243776,36.83358707,28,4,-30.70000076,275.6,-0.34476504,-2.71981311,9.88326454,0.0645116,-,21.17647171,0.0458688,-0.03514424,-0.27724904,0.90746832,35.29411697,35.29411697,-,-,66.19999695,64.04316711,14.64881134,-,2164,-,-100.7217865,36.83358765,-76.13243866,9.01960754,62.63421249,62.13711929,-
Tue Nov 21 14:57:52 EST 2017,57:52.4,-76.13274645,36.83360819,27.75,4,-30.70000076,275.2,0.11492168,-2.71981311,9.6534214,0.0296009,-,23.52941132,-0.00556209,-0.00780983,-0.30848834,0.84498966,35.29411697,35.29411697,-,-,66.19999695,64.03154755,14.64881134,-,2164,-,-100.7217865,36.83360672,-76.13274384,15.29411793,62.07497787,62.13711929,-
Tue Nov 21 14:57:53 EST 2017,57:53.4,-76.13306099,36.83362509,28,4,-30.79999924,274.3,0.49799395,-2.83473492,9.76834297,0.05992411,-,23.52941132,0.02843484,0.0234295,-0.29677361,0.88403887,32.15686417,29.01960754,-,-,66.19999695,64.03154755,14.64881134,-,2164,-,-101.0498657,36.83362579,-76.13306427,15.29411793,62.63421249,62.13711929,-
Tue Nov 21 14:57:54 EST 2017,57:54.4,-76.13336843,36.83364269,28,3,-30.60000038,274,0.72783732,-3.02627087,9.6534214,0.0511855,-,23.52941132,0.01941905,0.0741934,-0.30848834,0.86841917,32.15686417,29.01960754,-,-,66.19999695,64.03154755,14.64881134,-,2156,-,-100.3936997,36.83364105,-76.13336945,15.29411793,62.63421249,62.13711929,-
Tue Nov 21 14:57:55 EST 2017,57:55.4,-76.13368015,36.83366468,28,3,-31,274.9,-0.07661445,-2.83473492,9.76834297,0.05586368,-,23.52941132,0.03875406,0.03123933,-0.2928687,0.89575356,32.15686417,29.01960754,-,-,66.19999695,64.02006531,14.64881134,-,2156,-,-101.7060394,36.83366394,-76.13368225,15.29411793,62.63421249,62.13711929,-
Tue Nov 21 14:57:56 EST 2017,57:56.4,-76.13399354,36.83368572,27.75,3,-29.60000038,275.7,0.11492168,-2.22181916,9.6534214,0.02235851,-,23.52941132,-0.02779101,0.01561966,-0.22648512,0.84498966,32.15686417,29.01960754,-,-,66.19999695,64.02006531,14.64881134,-,2156,-,-97.11286163,36.83368683,-76.13399506,22.74509811,62.07497787,62.13711929,-
Tue Nov 21 14:57:57 EST 2017,57:57.4,-76.13430407,36.83371168,27.75,3,-28.60000038,276.1,0.49799395,-2.03028297,10.30464458,0.07473642,-,30.98039246,0.08348982,0.0234295,-0.21086545,0.96213716,42.74509811,45.49019623,-,-,66.19999695,64.01620483,14.64881134,-,2182,-,-93.83202362,36.83371353,-76.13430786,22.74509811,62.07497787,63.37985992,47.70429993
Tue Nov 21 14:57:58 EST 2017,57:58.4,-76.13461308,36.8337363,28.25,4,-28.20000076,276.2,0.42137951,-2.7581203,9.95987892,0.02140039,-,31.76470566,0.00332856,0.03123933,-0.27334413,0.86451429,34.50980377,45.49019623,-,-,66.19999695,64.01620483,14.64881134,-,2182,-,-92.51969147,36.83373642,-76.13461304,40,63.19344711,63.37985992,47.70429993
Tue Nov 21 14:57:59 EST 2017,57:59.4,-76.13493136,36.83376838,28.75,4,-28.10000038,276.3,0.42137951,-2.29843354,9.19373417,0.00800238,-,31.76470566,-0.03269235,0.04295408,-0.23429495,0.83717978,34.50980377,34.11764908,-,-,66.19999695,64.01611328,14.64881134,-,2219,-,-92.19160461,36.83376694,-76.13493347,40,64.31192017,64.00123596,33.25964355
Tue Nov 21 14:58:00 EST 2017,58:00.4,-76.13525274,36.83379417,28.75,4,-26.79999924,276.5,0.30645782,-2.45166254,9.46188545,0.01585555,-,29.80392265,-0.00280386,0.03123933,-0.24991462,0.86451429,38.4313736,38.03921509,-,-,66.19999695,64.01611328,14.64881134,-,2219,-,-87.92650604,36.83379364,-76.13525391,21.96078491,64.31192017,64.00123596,33.25964355
Tue Nov 21 14:58:01 EST 2017,58:01.4,-76.13557453,36.833828,29,4,-26.5,277,0.30645782,-3.02627087,9.50019264,0.0287692,-,29.80392265,0.02996932,0.01171475,-0.26162934,0.89575356,38.4313736,38.03921509,-,-,66.19999695,64.01972961,14.64881134,-,2236,-,-86.94226074,36.83382797,-76.13557434,19.6078434,64.87114716,64.62260437,33.73971939
Tue Nov 21 14:58:02 EST 2017,58:02.4,-76.13589803,36.83385459,29,4,-25.39999962,276.4,-0.07661445,-3.06457806,9.61511421,0.04774338,-,26.27450943,-0.0009771,-0.03123933,-0.34363261,0.83717978,33.33333206,33.33333206,-,-,66.19999695,64.02329254,14.64881134,-,2244,-,-83.33333588,36.83385468,-76.13589478,19.6078434,64.87114716,64.62260437,33.73971939
Tue Nov 21 14:58:03 EST 2017,58:03.4,-76.1362219,36.83388324,29,4,-24.60000038,276.2,-0.15322891,-2.22181916,9.42357826,-0.01075,-,25.88235283,-0.04025416,0.00390492,-0.23819989,0.82936996,40.39215851,33.33333206,-,-,66.19999695,64.02329254,14.64881134,-,2244,-,-80.70866394,36.83388138,-76.13622284,10.98039246,64.87114716,64.62260437,33.73971939
Tue Nov 21 14:58:04 EST 2017,58:04.4,-76.13654329,36.83390688,28.75,5,-23.70000076,276.2,0.49799395,-1.83874691,9.15542698,-0.02773654,-,25.88235283,-0.02299223,-0.01561966,-0.17572121,0.86060935,40.39215851,40.39215851,-,-,66.19999695,64.02681732,14.64881134,-,2228,-,-77.75590515,36.83390808,-76.13654327,10.98039246,64.31192017,64.62260437,-
Tue Nov 21 14:58:05 EST 2017,58:05.4,-76.13686667,36.83393399,29,6,-23.79999924,276.1,0.22984336,-2.03028297,9.99818611,0.04487665,-,32.15686417,-0.00265086,0.02733441,-0.26553428,0.86060935,41.96078491,43.52941132,-,-,66.19999695,64.02681732,14.64881134,-,2296,-,-78.08398438,36.83393478,-76.13686371,30.19607925,64.87114716,64.62260437,-
Tue Nov 21 14:58:06 EST 2017,58:06.4,-76.1371971,36.83395674,29.5,6,-22.79999924,276,0.30645782,-3.02627087,9.34696388,0.02098197,-,17.64705849,0.06435098,0.03123933,-0.30848834,0.85279953,41.96078491,43.52941132,-,-,66.19999695,64.04120636,14.64881134,-,2296,-,-74.80314636,36.83395767,-76.1371994,10.98039246,65.98961639,66.48671722,100.9803238
Tue Nov 21 14:58:07 EST 2017,58:07.4,-76.13753344,36.8339865,29.75,7,-23.29999924,276,0.45968673,-2.22181916,10.07480049,0.01228631,-,17.64705849,0.05307313,0.04685899,-0.22648512,0.92699289,32.15686417,39.60784531,-,-,66.19999695,64.05541992,14.64881134,-,2306,-,-76.44356537,36.83398819,-76.1375351,10.98039246,66.54885101,66.48671722,100.9803238
Tue Nov 21 14:58:08 EST 2017,58:08.4,-76.13786047,36.83401513,29.75,7,-23.39999962,275.9,-0.19153613,-3.02627087,8.92558384,-0.02008122,-,26.27450943,-0.10415632,-0.00390492,-0.33191785,0.73174709,14.11764717,22.74509811,-,-,66.19999695,64.05541992,14.64881134,-,2306,-,-76.77165222,36.83401489,-76.13786316,22.74509811,66.54885101,66.48671722,100.9803238
Tue Nov 21 14:58:09 EST 2017,58:09.4,-76.13819892,36.83404301,30.25,7,-23.10000038,276,0.22984336,-3.44765043,9.57680702,-0.03462308,-,26.27450943,-0.06058139,0.0234295,-0.32020313,0.78251106,14.11764717,22.74509811,-,-,66.19999695,64.07306671,14.64881134,-,2345,-,-75.78739929,36.8340416,-76.13819885,22.74509811,67.66732025,67.10808563,32.19306946
Tue Nov 21 14:58:10 EST 2017,58:10.4,-76.13853289,36.83407209,30,8,-23.10000038,276.1,0.15322891,-2.94965649,8.81066227,-0.03374594,-,17.64705849,-0.0568125,-0.01952458,-0.35144243,0.77470124,14.11764717,14.11764717,-,-,66.19999695,64.07306671,14.64881134,-,2288,-,-75.78739929,36.83407211,-76.13853455,8.23529434,67.10808563,67.10808563,32.19306946
Tue Nov 21 14:58:11 EST 2017,58:11.4,-76.13886561,36.83410329,29.75,8,-24.39999962,276.2,0.07661445,-2.98796368,9.46188545,0.03095101,-,25.88235283,0.04897906,0.01561966,-0.31629819,0.8996585,14.11764717,14.11764717,-,-,66.19999695,64.08336639,14.64881134,-,2288,-,-80.05249023,36.83410263,-76.13886261,18.8235302,66.54885101,65.86534882,32.19306946
Tue Nov 21 14:58:12 EST 2017,58:12.4,-76.13919692,36.83413352,29.75,8,-24.5,276,0.57460839,-3.25611424,9.15542698,0.0112713,-,25.88235283,0.04153401,0.06247865,-0.36706212,0.87232411,20,14.11764717,-,-,66.19999695,64.09710693,14.64881134,-,2270,-,-80.38057709,36.83413315,-76.1391983,18.8235302,66.54885101,66.48671722,34.36327362
Tue Nov 21 14:58:13 EST 2017,58:13.4,-76.13952722,36.83416009,29.75,8,-25.20000076,275.9,-0.03830723,-2.94965649,9.53849983,0.02568859,-,16.86274529,0.00664606,0.04685899,-0.30848834,0.85670447,24.70588303,26.27450943,-,-,66.19999695,64.09710693,14.64881134,-,2270,-,-82.6771698,36.83415985,-76.13952637,7.45098066,66.54885101,66.48671722,34.36327362
Tue Nov 21 14:58:14 EST 2017,58:14.4,-76.13985998,36.83418892,29.5,9,-25.60000038,275.9,-0.19153613,-3.17949986,9.23204136,0.0145238,-,16.86274529,-0.00413611,-0.01952458,-0.32410803,0.84108472,24.70588303,26.27450943,-,-,66.19999695,64.10714722,14.64881134,-,2268,-,-83.98950195,36.83419037,-76.13986206,9.4117651,65.98961639,65.86534882,34.36327362
Tue Nov 21 14:58:15 EST 2017,58:15.4,-76.14018508,36.83421555,29.5,8,-25.29999924,276.2,0.22984336,-2.68150592,9.46188545,0.02177304,-,21.17647171,0.00311563,0.0234295,-0.27334413,0.86451429,33.33333206,33.33333206,-,-,66.19999695,64.10714722,14.64881134,-,2268,-,-83.00524902,36.83421707,-76.1401825,9.4117651,65.98961639,65.86534882,34.36327362
Tue Nov 21 14:58:16 EST 2017,58:16.4,-76.14051437,36.83425011,29.5,8,-26.39999962,276.2,0.19153613,-3.63918662,9.42357826,0.06037418,-,18.8235302,0.03028784,0.01952458,-0.37096703,0.86060935,33.33333206,33.33333206,-,-,66.19999695,64.12059021,14.64881134,-,2268,-,-86.61417389,36.8342514,-76.14051056,16.07843208,65.98961639,66.48671722,33.59906769
Tue Nov 21 14:58:17 EST 2017,58:17.4,-76.14084758,36.83427873,30,8,-26.79999924,276.1,-0.15322891,-3.52426481,9.80665016,0.08136684,-,18.8235302,0.08011874,-0.03123933,-0.33191785,0.92699289,14.11764717,14.11764717,-,-,66.19999695,64.13388824,14.64881134,-,2288,-,-87.92650604,36.83427811,-76.14084625,16.07843208,67.10808563,66.48671722,33.59906769
Tue Nov 21 14:58:18 EST 2017,58:18.4,-76.14117523,36.83429421,29.75,6,-27.10000038,276.1,0.03830723,-3.44765043,9.73003578,0.04064053,-,17.64705849,0.04331981,0.00390492,-0.36706212,0.87622905,14.11764717,14.11764717,-,-,66.19999695,64.13388824,14.64881134,-,2288,-,-88.91075897,36.83429337,-76.14117432,8.23529434,66.54885101,66.48671722,33.59906769
Tue Nov 21 14:58:19 EST 2017,58:19.4,-76.14150467,36.83432128,29.5,6,-27,276,0.72783732,-3.44765043,9.46188545,0.0482251,-,17.64705849,0.02172154,0.06638357,-0.35144243,0.85670447,14.11764717,14.11764717,-,-,66.19999695,64.13661957,14.64881134,-,2223,-,-88.58267975,36.83432007,-76.14150238,7.45098066,65.98961639,64.62260437,-
Tue Nov 21 14:58:20 EST 2017,58:20.4,-76.14182835,36.83435193,29,5,-27.70000076,276.1,0.8810662,-3.48595762,9.30865574,0.04085389,-,16.86274529,0.08091662,0.08981306,-0.35534734,0.84889454,14.11764717,14.11764717,-,-,66.19999695,64.13241577,14.64881134,-,2186,-,-90.87926483,36.83435059,-76.14183044,7.45098066,64.87114716,63.37985992,-
Tue Nov 21 14:58:21 EST 2017,58:21.4,-76.14214121,36.83438405,28.5,5,-27.5,277.1,0.03830723,-3.44765043,9.42357826,0.04188675,-,16.86274529,0.02323626,0.00390492,-0.35144243,0.86060935,14.11764717,14.11764717,-,-,66.19999695,64.13241577,14.64881134,-,2186,-,-90.22309875,36.83438492,-76.14214325,7.45098066,63.75268173,63.37985992,-
Tue Nov 21 14:58:22 EST 2017,58:22.4,-76.14245431,36.83442366,28,4,-27.89999962,278,-0.03830723,-3.48595762,9.30865574,0.02603638,-,16.86274529,0.0136022,-0.00390492,-0.35534734,0.84889454,14.11764717,14.50980377,-,-,66.19999695,64.11795044,14.64881134,-,2126,-,-91.53543091,36.83442307,-76.14245605,7.45098066,62.63421249,61.51574707,-
Tue Nov 21 14:58:23 EST 2017,58:23.4,-76.1427556,36.83445904,27.5,5,-27.70000076,278.2,-0.68953007,-2.26012635,9.76834297,0.04347318,-,17.25490189,0.02482313,-0.07028849,-0.23039004,0.89575356,29.01960754,29.41176605,-,-,66.19999695,64.11795044,14.64881134,-,2126,-,-90.87926483,36.8344574,-76.1427536,8.23529434,61.51574707,61.51574707,-
Tue Nov 21 14:58:24 EST 2017,58:24.4,-76.14306059,36.8344923,27.25,4,-27.70000076,277.8,-0.03830723,-2.52827692,9.11711979,-0.01654905,-,17.25490189,0.01211086,0.00780983,-0.2928687,0.86841917,29.01960754,29.41176605,-,-,66.19999695,64.09683228,14.64881134,-,2098,-,-90.87926483,36.83449173,-76.14305878,14.90196133,60.95651245,60.27300644,-
Tue Nov 21 14:58:25 EST 2017,58:25.4,-76.14336324,36.83452377,27.25,4,-27.60000038,277.3,-0.07661445,-2.45166254,9.42357826,0.02663715,-,24.31372643,-0.00607614,-0.00390492,-0.25381953,0.86060935,32.54901886,32.15686417,-,-,66.19999695,64.07933044,14.64881134,-,2121,-,-90.55118561,36.83452225,-76.14336395,14.90196133,60.95651245,60.89437866,33.04638672
Tue Nov 21 14:58:26 EST 2017,58:26.4,-76.14366541,36.83454859,27.25,4,-27.60000038,276.7,0.38307226,-2.98796368,9.30865574,0.01634485,-,24.31372643,0.00303196,0.01952458,-0.27334413,0.86451429,32.54901886,32.15686417,-,-,66.19999695,64.07933044,14.64881134,-,2121,-,-90.55118561,36.83454895,-76.14366913,14.11764717,60.95651245,60.89437866,33.04638672
Tue Nov 21 14:58:27 EST 2017,58:27.4,-76.14397182,36.83457565,27.5,4,-28.10000038,276.5,0.22984336,-2.9113493,9.42357826,0.01389462,-,24.31372643,-0.01005272,0.0234295,-0.2928687,0.84498966,31.76470566,33.72549057,-,-,66.19999695,64.06539917,14.64881134,-,2131,-,-92.19160461,36.83457565,-76.1439743,14.11764717,61.51574707,61.51574707,28.04023743
Tue Nov 21 14:58:28 EST 2017,58:28.4,-76.14428215,36.83460462,27.5,4,-27.60000038,276.4,-0.11492168,-2.87304211,9.50019264,0.03080291,-,21.96078491,0.00443055,0.01171475,-0.30458343,0.85670447,30.98039246,33.72549057,-,-,66.19999695,64.06539917,14.64881134,-,2131,-,-90.55118561,36.83460617,-76.14427948,16.07843208,61.51574707,61.51574707,28.04023743
Tue Nov 21 14:58:29 EST 2017,58:29.4,-76.14459157,36.83463009,27.5,4,-28.39999962,276.3,-0.03830723,-3.14119267,8.88727665,0.03714098,-,21.96078491,-0.03880053,-0.00390492,-0.32020313,0.80594051,30.98039246,33.33333206,-,-,66.19999695,64.05161285,14.64881134,-,2153,-,-93.17584991,36.83462906,-76.14459229,16.07843208,61.51574707,61.51574707,28.04023743
Tue Nov 21 14:58:30 EST 2017,58:30.4,-76.14490867,36.83466044,27.75,4,-27.89999962,276.1,0.2681506,-3.33272886,9.46188545,0.04196137,-,18.03921509,0.02331082,0.02733441,-0.3397277,0.86451429,24.31372643,21.56862831,-,-,66.19999695,64.05161285,14.64881134,-,2121,-,-91.53543091,36.83465958,-76.14490509,12.15686321,62.07497787,61.51574707,28.04023743
Tue Nov 21 14:58:31 EST 2017,58:31.4,-76.14521744,36.83469666,27.75,4,-28.10000038,276.1,0.03830723,-2.7581203,9.50019264,0.02346585,-,20.7843132,-0.00187101,-0.00390492,-0.30848834,0.84889454,24.31372643,21.56862831,-,-,66.19999695,64.03797913,14.64881134,-,2121,-,-92.19160461,36.83469772,-76.1452179,8.23529434,62.07497787,61.51574707,-
Tue Nov 21 14:58:32 EST 2017,58:32.4,-76.1455189,36.83471938,27.25,4,-28,276.2,0.03830723,-2.9113493,9.57680702,0.03934938,-,20.7843132,0.0179736,0.01171475,-0.31239328,0.86841917,37.64706039,33.33333206,-,-,66.19999695,64.02449036,14.64881134,-,2114,-,-91.86351776,36.83472061,-76.14551544,8.23529434,60.95651245,61.51574707,-
Tue Nov 21 14:58:33 EST 2017,58:33.4,-76.14582463,36.83474466,27.5,4,-27.5,276.3,0.22984336,-3.25611424,9.38527107,0.03325938,-,17.25490189,0.04185627,0.0234295,-0.35144243,0.88013393,14.11764717,14.50980377,-,-,66.19999695,64.02449036,14.64881134,-,2114,-,-90.22309875,36.8347435,-76.14582825,7.84313726,61.51574707,61.51574707,-
Tue Nov 21 14:58:34 EST 2017,58:34.4,-76.14612834,36.83477578,27.25,4,-27.10000038,276.3,0.42137951,-3.25611424,9.04050541,0.02221426,-,17.25490189,-0.00884348,0.0234295,-0.33191785,0.8332749,14.11764717,14.50980377,-,-,66.19999695,64.00453949,14.64881134,-,2075,-,-88.91075897,36.83477402,-76.14612579,7.84313726,60.95651245,60.27300644,-
Tue Nov 21 14:58:35 EST 2017,58:35.4,-76.14642606,36.83480191,27,5,-27.10000038,276.3,-0.19153613,-2.37504816,9.57680702,0.05195394,-,26.66666794,0.04884085,-0.00780983,-0.24600971,0.91918308,38.4313736,37.64706039,-,-,66.19999695,64.00453949,14.64881134,-,2090,-,-88.91075897,36.83480072,-76.14642334,10.98039246,60.39727783,60.27300644,-
Tue Nov 21 14:58:36 EST 2017,58:36.4,-76.14672363,36.8348214,27,5,-27,276.2,0.22984336,-2.7581203,9.69172859,0.04643828,-,27.45098114,0.02778923,0.0234295,-0.28115395,0.88794374,38.4313736,37.64706039,-,-,66.19999695,63.9847908,14.64881134,-,2090,-,-88.58267975,36.83481979,-76.14672089,20.7843132,60.39727783,60.27300644,-
Tue Nov 21 14:58:37 EST 2017,58:37.4,-76.14702651,36.8348508,27.25,7,-26.79999924,276.2,0.30645782,-2.71981311,9.53849983,-0.00241604,-,27.45098114,0.01190726,0.03123933,-0.27724904,0.87232411,30.98039246,29.80392265,-,-,66.19999695,63.97179794,14.64881134,-,2122,-,-87.92650604,36.83485031,-76.14702606,20.7843132,60.95651245,61.51574707,66.41160583
Tue Nov 21 14:58:38 EST 2017,58:38.4,-76.14733474,36.83487655,27.5,6,-26,276.2,0.2681506,-2.52827692,9.57680702,0.04015607,-,22.74509811,0.02150492,0.01952458,-0.2421048,0.89184868,34.11764908,37.25490189,-,-,66.19999695,63.97179794,14.64881134,-,2122,-,-85.30183411,36.83487701,-76.14733124,14.90196133,61.51574707,61.51574707,66.41160583
Tue Nov 21 14:58:39 EST 2017,58:39.4,-76.14764267,36.83490589,27.75,7,-26.70000076,276.4,-0.15322891,-2.79642749,9.50019264,0.02173702,-,22.74509811,-0.00200849,-0.03123933,-0.28115395,0.85670447,34.11764908,37.25490189,-,-,66.19999695,63.96219254,14.64881134,-,2151,-,-87.59842682,36.83490753,-76.14764404,16.86274529,62.07497787,62.13711929,33.4342041
Tue Nov 21 14:58:40 EST 2017,58:40.4,-76.14795368,36.8349367,27.75,8,-27,276.5,-0.11492168,-2.9113493,9.61511421,0.0431456,-,25.88235283,0.02434657,-0.01952458,-0.30848834,0.87622905,30.19607925,28.62745094,-,-,66.19999695,63.95268631,14.64881134,-,2159,-,-88.58267975,36.83493805,-76.14795685,16.86274529,62.07497787,62.13711929,33.4342041
Tue Nov 21 14:58:41 EST 2017,58:41.4,-76.14826784,36.83496591,28,8,-27.10000038,276.6,-0.07661445,-2.79642749,9.57680702,0.02859862,-,25.49019623,0.02048866,0.03123933,-0.28115395,0.88013393,29.41176605,28.62745094,-,-,66.19999695,63.95268631,14.64881134,-,2159,-,-88.91075897,36.83496475,-76.14826965,18.8235302,62.63421249,62.13711929,33.4342041
Tue Nov 21 14:58:42 EST 2017,58:42.4,-76.14857883,36.83499308,28,9,-27.29999924,276.2,-0.07661445,-2.64319873,9.50019264,0.01829616,-,25.49019623,0.055996,-0.03514424,-0.25772443,0.92308795,29.41176605,29.41176605,-,-,66.19999695,63.94650269,14.64881134,-,2172,-,-89.56692505,36.83499146,-76.14858246,18.8235302,62.63421249,62.75849152,34.32733154
Tue Nov 21 14:58:43 EST 2017,58:43.4,-76.14889253,36.83501747,28.25,10,-27.70000076,276,-0.15322891,-2.9113493,9.46188545,0.00738829,-,24.31372643,0.00960511,-0.01561966,-0.29677361,0.86451429,29.41176605,32.15686417,-,-,66.19999695,63.94650269,14.64881134,-,2172,-,-90.87926483,36.83501816,-76.14889526,17.25490189,63.19344711,62.75849152,34.32733154
Tue Nov 21 14:58:44 EST 2017,58:44.4,-76.14920741,36.83505165,28.25,10,-28.70000076,276,0.45968673,-2.83473492,9.80665016,0.06063956,-,24.31372643,0.04199539,0.04685899,-0.28896379,0.8996585,29.41176605,32.15686417,-,-,66.19999695,63.94358063,14.64881134,-,2193,-,-94.16011047,36.83505249,-76.14920807,18.03921509,63.19344711,63.37985992,33.0641098
Tue Nov 21 14:58:45 EST 2017,58:45.4,-76.14952436,36.83508244,28.25,10,-28.29999924,276.2,-0.03830723,-3.06457806,9.61511421,0.04772121,-,24.70588303,0.02907263,-0.00390492,-0.31239328,0.88013393,30.98039246,36.07843018,-,-,66.19999695,63.94068909,14.64881134,-,2205,-,-92.84776306,36.83508301,-76.14952087,18.03921509,63.19344711,63.37985992,33.0641098
Tue Nov 21 14:58:46 EST 2017,58:46.4,-76.14984437,36.83511463,28.5,10,-28.20000076,276.3,0.15322891,-3.14119267,9.6534214,0.05394274,-,21.96078491,-0.00237562,0.00780983,-0.35144243,0.8332749,14.11764717,36.07843018,-,-,66.19999695,63.94068909,14.64881134,-,2205,-,-92.51969147,36.83511353,-76.14984131,16.47058868,63.75268173,63.37985992,33.0641098
Tue Nov 21 14:58:47 EST 2017,58:47.4,-76.15016079,36.83514718,28.75,10,-28.60000038,276.2,0,-2.37504816,9.46188545,0.01343578,-,21.96078491,-0.01481159,0.00780983,-0.27724904,0.84498966,14.11764717,18.4313736,-,-,66.19999695,63.93782425,14.64881134,-,2202,-,-93.83202362,36.83514786,-76.15016174,16.47058868,64.31192017,63.37985992,-
Tue Nov 21 14:58:48 EST 2017,58:48.4,-76.1504758,36.83516692,28.5,9,-27.60000038,276.2,0.45968673,-3.33272886,8.6957407,0.00863352,-,27.05882454,-0.03990446,0.04685899,-0.27724904,0.81765527,33.33333206,29.41176605,-,-,66.19999695,63.93782425,14.64881134,-,2223,-,-90.55118561,36.83516693,-76.15047455,20,63.75268173,63.37985992,-
Tue Nov 21 14:58:49 EST 2017,58:49.4,-76.15079777,36.83519142,28.75,9,-27.39999962,276.3,0.72783732,-2.64319873,9.50019264,0.02693743,-,26.66666794,-0.01443983,0.07809832,-0.23819989,0.85279953,33.33333206,29.41176605,-,-,66.19999695,63.9381485,14.64881134,-,2223,-,-89.8950119,36.83518982,-76.15079498,16.47058868,64.31192017,64.00123596,33.11877823
Tue Nov 21 14:58:50 EST 2017,58:50.4,-76.15111481,36.8352233,28.5,10,-27.29999924,277.1,0.30645782,-2.52827692,9.84495735,0.0205378,-,26.66666794,-0.03401042,0.03123933,-0.24600971,0.90356338,40.7843132,42.35294342,-,-,66.19999695,63.94160461,14.64881134,-,2228,-,-89.56692505,36.83522415,-76.15111542,16.47058868,63.75268173,64.62260437,33.32437515
Tue Nov 21 14:58:51 EST 2017,58:51.4,-76.15143818,36.83527975,29,9,-27.70000076,279.2,0.61291564,-2.87304211,9.80665016,0.08113834,-,17.64705849,0.09056456,0.0234295,-0.30458343,0.94651747,27.05882454,42.35294342,-,-,66.19999695,63.94160461,14.64881134,-,2228,-,-90.87926483,36.83528137,-76.15143585,14.50980377,64.87114716,64.62260437,33.32437515
Tue Nov 21 14:58:52 EST 2017,58:52.4,-76.15176396,36.83533259,29.25,8,-28.10000038,280.6,0.38307226,-2.22181916,9.50019264,0.03190317,-,17.64705849,-0.00630645,0.03904916,-0.24991462,0.86060935,27.05882454,36.07843018,-,-,66.19999695,63.9450264,14.64881134,-,2291,-,-92.19160461,36.83533096,-76.15176392,14.50980377,65.43038177,64.62260437,33.32437515
Tue Nov 21 14:58:53 EST 2017,58:53.4,-76.15208389,36.83538795,29,8,-27.89999962,281.6,0.65122288,-3.06457806,9.53849983,0.0424307,-,31.76470566,0.03264731,0.07809832,-0.28896379,0.88794374,34.90196228,34.90196228,-,-,66.19999695,63.9450264,14.64881134,-,2293,-,-91.53543091,36.83538818,-76.15208435,31.76470566,64.87114716,64.62260437,33.32437515
Tue Nov 21 14:58:54 EST 2017,58:54.4,-76.15241283,36.83544472,29.5,8,-28.20000076,282.1,0.34476504,-2.29843354,9.53849983,0.04147906,-,27.84313774,0.02872412,0.0741934,-0.24600971,0.89575356,34.90196228,34.90196228,-,-,66.19999695,63.95773697,14.64881134,-,2293,-,-92.51969147,36.8354454,-76.15241241,16.47058868,65.98961639,66.48671722,102.4387131
Tue Nov 21 14:58:55 EST 2017,58:55.4,-76.15272918,36.83552177,29.75,8,-27.79999924,284.8,0.49799395,-3.29442143,9.88326454,-0.00142899,-,27.84313774,-0.00112985,0.03904916,-0.32020313,0.84498966,38.03921509,38.03921509,-,-,66.19999695,63.97031784,14.64881134,-,2307,-,-91.20734406,36.8355217,-76.15273285,16.47058868,66.54885101,66.48671722,102.4387131
Tue Nov 21 14:58:56 EST 2017,58:56.4,-76.15305303,36.83559898,30,8,-28.29999924,286.6,0.2681506,-2.64319873,9.46188545,0.0208146,-,20.7843132,0.01335389,0.05076391,-0.2928687,0.86841917,35.29411697,35.29411697,-,-,66.19999695,63.97031784,14.64881134,-,2307,-,-92.84776306,36.83559799,-76.15305328,8.23529434,67.10808563,66.48671722,102.4387131
Tue Nov 21 14:58:57 EST 2017,58:57.4,-76.15336675,36.83568115,29.75,8,-28.29999924,288,0.5363012,-3.17949986,9.38527107,0.03032532,-,20.7843132,0.01193747,0.05466883,-0.32410803,0.85670447,35.29411697,35.29411697,-,-,66.19999695,63.98277664,14.64881134,-,2308,-,-92.84776306,36.83568192,-76.15336609,8.23529434,66.54885101,66.48671722,-
Tue Nov 21 14:58:58 EST 2017,58:58.4,-76.15368155,36.83576649,29.75,9,-28.29999924,288.4,0.30645782,-2.56658411,10.15141487,0.01967512,-,17.25490189,0.06818619,0.03123933,-0.26162934,0.93480271,32.15686417,32.94117737,-,-,66.19999695,63.98277664,14.64881134,-,2296,-,-92.84776306,36.83576584,-76.15367889,8.23529434,66.54885101,66.48671722,-
Tue Nov 21 14:58:59 EST 2017,58:59.4,-76.15399234,36.83586677,29.75,8,-28.39999962,290.8,0.76614451,-3.33272886,9.04050541,0.0042854,-,17.64705849,-0.01437796,0.07809832,-0.3397277,0.82156014,32.15686417,32.94117737,-,-,66.19999695,63.99511337,14.64881134,-,2296,-,-93.17584991,36.83586502,-76.1539917,14.50980377,66.54885101,66.48671722,-
Tue Nov 21 14:59:00 EST 2017,59:00.4,-76.15429976,36.83597057,29.75,9,-27.70000076,291.9,0.15322891,-3.02627087,9.46188545,0.04616849,-,17.64705849,0.03933414,0.0234295,-0.30848834,0.89184868,14.11764717,14.50980377,-,-,66.19999695,64.00428009,14.64881134,-,2275,-,-90.87926483,36.83597183,-76.15429688,14.50980377,66.54885101,65.86534882,-
Tue Nov 21 14:59:01 EST 2017,59:01.4,-76.15460372,36.83608983,29.5,8,-28,293.5,0.8810662,-3.44765043,9.19373417,0.02392989,-,24.31372643,0.04397044,0.0976229,-0.29677361,0.89575356,30.19607925,21.17647171,-,-,66.19999695,64.00428009,14.64881134,-,2275,-,-91.86351776,36.83609009,-76.15460205,14.90196133,65.98961639,65.86534882,-
Tue Nov 21 14:59:02 EST 2017,59:02.4,-76.15490704,36.83620962,29.5,8,-28.29999924,294.4,0.45968673,-2.98796368,9.92157173,0.02522683,-,24.31372643,0.01952377,0.04685899,-0.28896379,0.87622905,30.19607925,21.17647171,-,-,66.19999695,64.01032257,14.64881134,-,2268,-,-92.84776306,36.83620834,-76.15490723,13.33333397,65.98961639,65.24397278,-
Tue Nov 21 14:59:03 EST 2017,59:03.4,-76.1551972,36.83634281,29.5,8,-28.70000076,296.8,0.45968673,-2.64319873,9.73003578,0.04786199,-,23.92156982,0.04825876,0.04295408,-0.28505886,0.90746832,35.68627548,36.86274719,-,-,66.19999695,64.01933289,14.64881134,-,2277,-,-94.16011047,36.83634186,-76.15519714,13.33333397,65.98961639,65.86534882,33.66536713
Tue Nov 21 14:59:04 EST 2017,59:04.4,-76.15548331,36.83647833,29.5,8,-28.70000076,298.3,0.03830723,-3.06457806,9.99818611,0.06829517,-,17.64705849,0.06743597,0.01171475,-0.35144243,0.90746832,16.86274529,36.86274719,-,-,66.19999695,64.01933289,14.64881134,-,2277,-,-94.16011047,36.83647919,-76.15548706,9.01960754,65.98961639,65.86534882,33.66536713
Tue Nov 21 14:59:05 EST 2017,59:05.4,-76.15577292,36.83660938,29.5,8,-29.10000038,299.3,0.8810662,-2.79642749,9.80665016,0.06238014,-,17.64705849,0.06221274,0.07809832,-0.27334413,0.8996585,16.86274529,27.05882454,-,-,66.19999695,64.02524567,14.64881134,-,2254,-,-95.47244263,36.83660889,-76.15576935,9.01960754,65.98961639,65.24397278,33.66536713
Tue Nov 21 14:59:06 EST 2017,59:06.4,-76.15605041,36.83673681,29.25,8,-28.89999962,301,0.22984336,-3.02627087,9.46188545,0.04718171,-,20.3921566,0.01326354,0.0234295,-0.30848834,0.86451429,14.11764717,16.07843208,-,-,66.19999695,64.02524567,14.64881134,-,2258,-,-94.81626892,36.83673859,-76.15605164,14.50980377,65.43038177,65.24397278,33.66536713
Tue Nov 21 14:59:07 EST 2017,59:07.4,-76.15632524,36.83687969,29.25,7,-29.10000038,302.5,0.42137951,-2.52827692,9.27034855,-0.00055504,-,27.84313774,-0.0192201,0.04295408,-0.25772443,0.84498966,14.11764717,16.07843208,-,-,66.19999695,64.03110504,14.64881134,-,2258,-,-95.47244263,36.83687973,-76.15632629,19.2156868,65.43038177,65.24397278,-
Tue Nov 21 14:59:08 EST 2017,59:08.4,-76.15659597,36.83702703,29.25,8,-29.79999924,303.7,0.8810662,-3.37103605,9.42357826,0.06762516,-,27.84313774,0.03295019,0.08981306,-0.33582276,0.87232411,35.29411697,34.50980377,-,-,66.19999695,64.03988647,14.64881134,-,2273,-,-97.76902771,36.8370285,-76.15659332,19.2156868,65.43038177,65.86534882,33.51770782
Tue Nov 21 14:59:09 EST 2017,59:09.4,-76.15686165,36.83718101,29.25,8,-29.5,305.2,-0.15322891,-2.56658411,9.6534214,0.03734487,-,23.52941132,0.01582029,0.00390492,-0.26553428,0.88013393,36.07843018,34.90196228,-,-,66.19999695,64.03988647,14.64881134,-,2273,-,-96.78477478,36.83718109,-76.15686035,10.58823586,65.43038177,65.86534882,33.51770782
Tue Nov 21 14:59:10 EST 2017,59:10.4,-76.15712211,36.83733985,29.25,7,-29.5,306.8,-0.38307226,-3.29442143,9.38527107,0.04190081,-,23.52941132,0.02711351,-0.03514424,-0.32801294,0.87232411,36.07843018,34.90196228,-,-,66.19999695,64.04561615,14.64881134,-,2250,-,-96.78477478,36.83734131,-76.15711975,10.58823586,65.43038177,65.24397278,33.51770782
Tue Nov 21 14:59:11 EST 2017,59:11.4,-76.15738181,36.8374979,29.25,7,-29.20000076,307.4,0,-2.29843354,9.30865574,-0.00360811,-,21.96078491,-0.01747129,0.01171475,-0.23819989,0.85279953,36.86274719,41.17647171,-,-,66.19999695,64.04561615,14.64881134,-,2243,-,-95.80052948,36.83749771,-76.15737915,8.23529434,65.43038177,65.24397278,33.51770782
Tue Nov 21 14:59:12 EST 2017,59:12.4,-76.1576427,36.83765335,29,7,-29.20000076,307.1,-0.03830723,-2.56658411,9.27034855,-0.00045395,-,45.09804153,0.00533398,0.01561966,-0.23819989,0.87622905,36.86274719,41.17647171,-,-,66.19999695,64.04834747,14.64881134,-,2243,-,-95.80052948,36.83765411,-76.15764618,43.52941132,64.87114716,64.62260437,-
Tue Nov 21 14:59:13 EST 2017,59:13.4,-76.15790053,36.83781085,29.25,7,-28.79999924,307.1,-0.30645782,-3.33272886,9.57680702,0.03544287,-,45.09804153,0.03447796,-0.03123933,-0.3397277,0.87622905,38.82352829,38.82352829,-,-,66.19999695,64.0598526,14.64881134,-,2303,-,-94.4881897,36.83781052,-76.15789795,43.52941132,65.43038177,66.48671722,100.2408066
Tue Nov 21 14:59:14 EST 2017,59:14.4,-76.15816442,36.83797601,29.75,6,-28.5,307.1,0.22984336,-3.02627087,9.76834297,0.06170756,-,25.09803963,0.06912857,0.01952458,-0.30848834,0.92308795,37.64706039,34.11764908,-,-,66.19999695,64.0598526,14.64881134,-,2303,-,-93.50393677,36.83797455,-76.15816498,8.23529434,66.54885101,66.48671722,100.2408066
Tue Nov 21 14:59:15 EST 2017,59:15.4,-76.15843309,36.83813082,29.5,6,-26.89999962,306.2,0.03830723,-3.37103605,9.23204136,0.07057282,-,25.09803963,0.04018531,0.01171475,-0.33582276,0.88403887,37.64706039,34.11764908,-,-,66.19999695,64.06832886,14.64881134,-,2290,-,-88.2545929,36.83813095,-76.15843201,7.45098066,65.98961639,65.86534882,100.2408066
Tue Nov 21 14:59:16 EST 2017,59:16.4,-76.15869596,36.83828913,29.5,6,-26.79999924,306.9,0.2681506,-2.22181916,9.15542698,-0.02024788,-,17.64705849,0.02977671,0.03514424,-0.27334413,0.89184868,28.23529434,32.54901886,-,-,66.19999695,64.06832886,14.64881134,-,2262,-,-87.92650604,36.83828735,-76.15869904,7.45098066,65.98961639,65.86534882,100.2408066
Tue Nov 21 14:59:17 EST 2017,59:17.4,-76.15895425,36.83844906,29,5,-26.60000038,307,0.72783732,-3.06457806,9.19373417,0.00495209,-,24.70588303,-0.0013207,-0.01171475,-0.28505886,0.85670447,28.23529434,32.54901886,-,-,66.19999695,64.07092285,14.64881134,-,2262,-,-87.27033997,36.83844757,-76.15895081,14.90196133,64.87114716,64.62260437,-
Tue Nov 21 14:59:18 EST 2017,59:18.4,-76.159209,36.83860055,29,5,-25.70000076,307,-0.9576807,-2.14520478,9.73003578,0.03934938,-,24.70588303,0.00310802,-0.07028849,-0.30458343,0.85279953,38.03921509,36.86274719,-,-,66.19999695,64.07348633,14.64881134,-,2238,-,-84.31758881,36.83860016,-76.15921021,14.90196133,64.87114716,64.62260437,-
Tue Nov 21 14:59:19 EST 2017,59:19.4,-76.15946566,36.83875505,29,5,-25.70000076,307.1,0,-2.7581203,9.92157173,0.09528615,-,25.49019623,0.08172096,0,-0.30067852,0.93870759,31.37254906,30.98039246,-,-,66.19999695,64.07348633,14.64881134,-,2238,-,-84.31758881,36.83875656,-76.15946198,18.8235302,64.87114716,64.62260437,-
Tue Nov 21 14:59:20 EST 2017,59:20.4,-76.15972565,36.83891393,29,4,-25.60000038,307,-0.03830723,-2.22181916,9.61511421,0.0249688,-,25.49019623,0.00631247,-0.00390492,-0.22648512,0.88013393,31.37254906,30.98039246,-,-,66.19999695,64.07602692,14.64881134,-,2241,-,-83.98950195,36.83891296,-76.159729,18.4313736,64.87114716,64.62260437,-
Tue Nov 21 14:59:21 EST 2017,59:21.4,-76.15998209,36.83907325,29,5,-25.29999924,307.1,-0.07661445,-2.71981311,9.27034855,0.00505563,-,26.66666794,-0.01481159,-0.00780983,-0.27724904,0.84498966,35.29411697,32.15686417,-,-,66.19999695,64.07854462,14.64881134,-,2235,-,-83.00524902,36.83907318,-76.15998077,18.4313736,64.87114716,64.62260437,-
Tue Nov 21 14:59:22 EST 2017,59:22.4,-76.16023848,36.83922899,29,4,-24.89999962,307.1,0.15322891,-2.48996973,9.61511421,0.03158623,-,25.49019623,0.01293213,0.01561966,-0.25381953,0.88013393,34.90196228,32.15686417,-,-,66.19999695,64.07854462,14.64881134,-,2235,-,-81.69290924,36.83922958,-76.16024017,17.25490189,64.87114716,64.62260437,-
Tue Nov 21 14:59:23 EST 2017,59:23.4,-76.16049925,36.83938696,29,4,-24.60000038,307.3,0.07661445,-2.64319873,9.92157173,0.02262787,-,25.49019623,0.0181534,0.0234295,-0.27334413,0.88013393,34.90196228,34.90196228,-,-,66.19999695,64.08103943,14.64881134,-,2244,-,-80.70866394,36.83938599,-76.16049957,17.25490189,64.87114716,64.62260437,-
Tue Nov 21 14:59:24 EST 2017,59:24.4,-76.16076176,36.83954148,29,4,-24,307.2,-0.03830723,-2.68150592,9.04050541,-0.01974803,-,27.84313774,-0.04436486,0.00390492,-0.26553428,0.81765527,33.72549057,34.11764908,-,-,66.19999695,64.08103943,14.64881134,-,2275,-,-78.74015808,36.83954239,-76.16075897,18.8235302,64.87114716,64.62260437,-
Tue Nov 21 14:59:25 EST 2017,59:25.4,-76.16102855,36.83969154,29.25,3,-23,306.9,0.34476504,-3.10288548,9.73003578,0.01700523,-,22.35294151,0.01074555,0.0234295,-0.31239328,0.86060935,33.72549057,34.11764908,-,-,66.19999695,64.08634949,14.64881134,-,2275,-,-75.45932007,36.83969116,-76.161026,14.11764717,65.43038177,65.24397278,33.07086945
Tue Nov 21 14:59:26 EST 2017,59:26.4,-76.16129197,36.8398543,29.5,3,-23,306.9,0.19153613,-2.37504816,8.88727665,-0.04306388,-,22.35294151,0.01672117,0.01561966,-0.23819989,0.88794374,35.68627548,35.29411697,-,-,66.19999695,64.09443665,14.64881134,-,2270,-,-75.45932007,36.83985519,-76.16129303,14.11764717,65.98961639,65.86534882,33.5414238
Tue Nov 21 14:59:27 EST 2017,59:27.4,-76.16155745,36.84001379,29.5,3,-23.39999962,307.3,-0.22984336,-3.10288548,9.53849983,0.01363486,-,24.31372643,0.02309453,-0.0234295,-0.31629819,0.87232411,29.80392265,35.29411697,-,-,66.19999695,64.09443665,14.64881134,-,2270,-,-76.77165222,36.84001541,-76.16156006,16.47058868,65.98961639,65.86534882,33.5414238
Tue Nov 21 14:59:28 EST 2017,59:28.4,-76.16182102,36.84017505,29.5,5,-23.39999962,307.3,0.03830723,-2.98796368,9.38527107,0.02302676,-,24.31372643,0.00436978,0.00390492,-0.30458343,0.85670447,29.80392265,28.62745094,-,-,66.19999695,64.10244751,14.64881134,-,2277,-,-76.77165222,36.84017563,-76.16181946,16.47058868,65.98961639,65.86534882,33.5414238
Tue Nov 21 14:59:29 EST 2017,59:29.4,-76.16209285,36.84033389,29.5,4,-24.20000076,307.1,0.34476504,-2.48996973,9.30865574,0.04287845,-,17.64705849,-0.01678056,0.03514424,-0.25381953,0.84889454,32.15686417,35.29411697,-,-,66.19999695,64.10244751,14.64881134,-,2321,-,-79.39633179,36.84033203,-76.16209412,8.23529434,65.98961639,65.86534882,33.5414238
Tue Nov 21 14:59:30 EST 2017,59:30.4,-76.16234243,36.84049784,29.5,3,-25,307,0.30645782,-2.52827692,9.76834297,0.04803985,-,25.09803963,-0.04571504,0.01561966,-0.24600971,0.82156014,32.15686417,35.29411697,-,-,66.19999695,64.10759735,14.64881134,-,2321,-,-82.02099609,36.84049606,-76.16234589,8.23529434,65.98961639,65.24397278,-
Tue Nov 21 14:59:31 EST 2017,59:31.4,-76.16261595,36.84065544,29.5,3,-25.29999924,307.1,0.03830723,-3.40934324,8.88727665,0.06980053,-,25.09803963,0.06230611,0.0234295,-0.25381953,0.93089777,40.39215851,34.90196228,-,-,66.19999695,64.11826324,14.64881134,-,2290,-,-83.00524902,36.84065628,-76.16261292,8.23529434,65.98961639,66.48671722,65.91171265
Tue Nov 21 14:59:32 EST 2017,59:32.4,-76.16287947,36.84082371,30,4,-26.10000038,307,0.49799395,-3.06457806,8.42759037,-0.06547415,-,17.64705849,0.0633685,0.0234295,-0.27334413,0.92699289,14.11764717,14.11764717,-,-,66.19999695,64.11826324,14.64881134,-,2290,-,-85.62992096,36.84082413,-76.16287994,8.62745094,67.10808563,66.48671722,65.91171265
Tue Nov 21 14:59:33 EST 2017,59:33.4,-76.16314614,36.84099277,30.25,4,-27.89999962,307.8,-0.22984336,-3.48595762,9.19373417,0.02364894,-,17.64705849,0.02936179,-0.01561966,-0.34753752,0.86841917,14.11764717,14.11764717,-,-,66.19999695,64.12883759,14.64881134,-,2287,-,-91.53543091,36.84099197,-76.16314697,8.62745094,67.66732025,66.48671722,65.91171265
Tue Nov 21 14:59:34 EST 2017,59:34.4,-76.16340924,36.84116245,30,4,-28.60000038,307.7,0.03830723,-3.29442143,9.30865574,0.02557486,-,17.25490189,0.06303841,0.01171475,-0.30067852,0.84889454,14.11764717,14.50980377,-,-,66.19999695,64.12883759,14.64881134,-,2287,-,-93.83202362,36.84116364,-76.16340637,7.84313726,67.10808563,66.48671722,65.91171265
Tue Nov 21 14:59:35 EST 2017,59:35.4,-76.16366311,36.84132214,29.5,4,-29,306.9,0,-3.44765043,9.61511421,0.06023687,-,17.25490189,0.04159261,0,-0.35144243,0.88013393,14.11764717,14.50980377,-,-,66.19999695,64.13378906,14.64881134,-,2228,-,-95.14435577,36.84132385,-76.16366577,7.45098066,65.98961639,65.24397278,-
Tue Nov 21 14:59:36 EST 2017,59:36.4,-76.16392867,36.84148491,29.25,4,-28.79999924,307.2,0,-3.17949986,9.04050541,0.01889411,-,16.86274529,-0.02277366,0,-0.32410803,0.82156014,14.11764717,14.90196133,-,-,66.19999695,64.13595581,14.64881134,-,2229,-,-94.4881897,36.84148407,-76.16392517,7.45098066,65.43038177,64.62260437,-
Tue Nov 21 14:59:37 EST 2017,59:37.4,-76.1641855,36.84162883,29.25,4,-29.60000038,307,-0.22984336,-2.56658411,9.38527107,0.01111001,-,25.09803963,-0.00755103,-0.0234295,-0.26162934,0.85670447,32.94117737,14.90196133,-,-,66.19999695,64.13595581,14.64881134,-,2229,-,-97.11286163,36.84162903,-76.16418457,16.86274529,65.43038177,64.62260437,-
Tue Nov 21 14:59:38 EST 2017,59:38.4,-76.16444751,36.84178918,29.5,4,-29.79999924,307,0.30645782,-3.14119267,9.42357826,0.03756385,-,25.09803963,0.04884085,0.01171475,-0.3397277,0.89184868,32.94117737,32.15686417,-,-,66.19999695,64.1463089,14.64881134,-,2288,-,-97.76902771,36.84178925,-76.16444397,16.86274529,65.98961639,66.48671722,98.30309296
Tue Nov 21 14:59:39 EST 2017,59:39.4,-76.16470584,36.84195198,29.75,4,-30.29999924,307.3,0.07661445,-3.56257224,9.95987892,0.0973013,-,17.64705849,0.01737385,0.01561966,-0.35534734,0.85279953,14.11764717,14.11764717,-,-,66.19999695,64.1463089,14.64881134,-,2257,-,-99.40944672,36.84195328,-76.16470337,8.23529434,66.54885101,66.48671722,98.30309296
Tue Nov 21 14:59:40 EST 2017,59:40.4,-76.16496611,36.84210275,29.5,4,-30.39999962,306.7,0.19153613,-3.29442143,10.11310768,0.07307638,-,17.64705849,0.02366117,0,-0.36315718,0.85670447,14.11764717,14.11764717,-,-,66.19999695,64.15384674,14.64881134,-,2257,-,-99.73753357,36.84210205,-76.16496277,7.45098066,65.98961639,65.86534882,98.30309296
Tue Nov 21 14:59:41 EST 2017,59:41.4,-76.16522385,36.84225549,29.25,4,-30.5,307.2,-0.03830723,-3.02627087,9.42357826,0.02182098,-,16.86274529,0.00928012,-0.00390492,-0.30848834,0.86060935,21.17647171,28.62745094,-,-,66.19999695,64.15589905,14.64881134,-,2233,-,-100.0656204,36.84225464,-76.16522217,7.45098066,65.43038177,64.62260437,-
Tue Nov 21 14:59:42 EST 2017,59:42.4,-76.1654865,36.84241433,29,4,-31.20000076,307.1,-0.11492168,-2.68150592,9.6534214,0.04036504,-,25.88235283,0.02171402,-0.01171475,-0.27334413,0.88403887,34.50980377,28.62745094,-,-,66.19999695,64.15589905,14.64881134,-,2233,-,-102.3622055,36.84241486,-76.1654892,18.03921509,64.87114716,64.62260437,-
Tue Nov 21 14:59:43 EST 2017,59:43.4,-76.16574819,36.84256669,28.75,4,-31.89999962,306.5,0.22984336,-2.29843354,10.18972206,0.0840618,-,25.88235283,0.06542566,0.0234295,-0.23429495,0.93870759,34.50980377,38.4313736,-,-,66.19999695,64.16333008,14.64881134,-,2272,-,-104.6587906,36.84256744,-76.1657486,18.03921509,64.31192017,65.86534882,64.2278595
Tue Nov 21 14:59:44 EST 2017,59:44.4,-76.16601384,36.84272691,29.75,4,-31.39999962,306.8,0.03830723,-2.37504816,9.80665016,0.00316284,-,33.33333206,0.02891693,0.00390492,-0.2421048,0.8996585,38.82352829,35.68627548,-,-,66.19999695,64.16333008,14.64881134,-,2272,-,-103.0183716,36.84272766,-76.16601562,22.35294151,66.54885101,65.86534882,64.2278595
Tue Nov 21 14:59:45 EST 2017,59:45.4,-76.16628981,36.84288773,30.25,4,-31.20000076,306.4,0.38307226,-3.02627087,10.53448772,0.13696593,-,33.33333206,0.1463962,0.04685899,-0.28505886,1.00899613,38.82352829,35.68627548,-,-,66.19999695,64.17876434,14.64881134,-,2329,-,-102.3622055,36.84288788,-76.16629028,22.74509811,67.66732025,67.72946167,100.4194565
Tue Nov 21 14:59:46 EST 2017,59:46.4,-76.16656396,36.84304722,30.75,4,-32.20000076,306,-0.68953007,-3.06457806,9.23204136,0.0130676,-,29.41176605,-0.02686539,-0.03514424,-0.33191785,0.81375033,31.76470566,14.11764717,-,-,66.19999695,64.19407654,14.64881134,-,2339,-,-105.6430435,36.8430481,-76.16656494,22.74509811,68.78578949,67.72946167,100.4194565
Tue Nov 21 14:59:47 EST 2017,59:47.4,-76.16684593,36.84320161,30.5,5,-32.09999847,305.1,-0.65122288,-2.45166254,9.80665016,0.05156046,-,28.23529434,0.0439339,-0.03904916,-0.23819989,0.91527814,38.82352829,14.11764717,-,-,66.19999695,64.19407654,14.64881134,-,2339,-,-105.3149567,36.84320068,-76.16684723,20,68.22655487,67.72946167,100.4194565
Tue Nov 21 14:59:48 EST 2017,59:48.4,-76.16713969,36.84336988,30.75,5,-32.09999847,304,-0.38307226,-2.56658411,9.88326454,0.02871838,-,28.23529434,0.00591821,-0.04295408,-0.28115395,0.86451429,38.82352829,42.74509811,-,-,66.19999695,64.21457672,14.64881134,-,2383,-,-105.3149567,36.84336853,-76.16713715,20,68.78578949,68.97220612,65.66770172
Tue Nov 21 14:59:49 EST 2017,59:49.4,-76.16743776,36.84352727,31.25,5,-32.20000076,302.9,-0.5363012,-2.79642749,9.42357826,0.0225026,-,26.66666794,0.00384551,-0.05466883,-0.28505886,0.86060935,37.64706039,40,-,-,66.19999695,64.21457672,14.64881134,-,2383,-,-105.6430435,36.84352875,-76.16743469,19.6078434,69.90425873,68.97220612,65.66770172
Tue Nov 21 14:59:50 EST 2017,59:50.4,-76.16773858,36.84367845,31.5,5,-32.90000153,301.8,-0.8810662,-2.9113493,9.15542698,0.04642546,-,26.66666794,-0.01622978,-0.08981306,-0.29677361,0.8332749,37.64706039,40,-,-,66.19999695,64.24021912,14.64881134,-,2418,-,-107.9396362,36.84367752,-76.16773987,11.76470566,70.46348572,70.21494293,65.21640015
Tue Nov 21 14:59:51 EST 2017,59:51.4,-76.16803608,36.84381045,31,5,-32.70000076,300,-0.84275901,-3.40934324,8.96389103,0.00037771,-,24.31372643,-0.01828702,-0.08590815,-0.34753752,0.81375033,34.90196228,34.50980377,-,-,66.19999695,64.26300049,14.64881134,-,2409,-,-107.2834702,36.84381104,-76.16803741,11.76470566,69.34502411,69.59357452,65.21640015
Tue Nov 21 14:59:52 EST 2017,59:52.4,-76.16834579,36.84396345,31.25,4,-32.70000076,299,-0.34476504,-2.79642749,9.95987892,0.04689554,-,22.35294151,-0.00035096,-0.01952458,-0.30067852,0.85279953,34.90196228,34.50980377,-,-,66.19999695,64.26300049,14.64881134,-,2409,-,-107.2834702,36.84396362,-76.16834259,8.23529434,69.90425873,69.59357452,65.21640015
Tue Nov 21 14:59:53 EST 2017,59:53.4,-76.16864954,36.84408819,31,4,-32.29999924,297.8,-0.03830723,-2.64319873,9.50019264,0.02421063,-,22.35294151,0.03945892,0,-0.26943922,0.90356338,34.90196228,35.68627548,-,-,66.19999695,64.28559113,14.64881134,-,2402,-,-105.9711227,36.84408951,-76.16864777,8.23529434,69.34502411,69.59357452,-
Tue Nov 21 14:59:54 EST 2017,59:54.4,-76.16895689,36.84421308,31.25,4,-31.60000038,297,-0.30645782,-2.52827692,10.18972206,0.08965927,-,17.64705849,0.02087734,-0.01952458,-0.29677361,0.87622905,14.11764717,19.2156868,-,-,66.19999695,64.28559113,14.64881134,-,2391,-,-103.6745453,36.84421158,-76.16896057,14.90196133,69.90425873,69.59357452,-
Tue Nov 21 14:59:55 EST 2017,59:55.4,-76.16927004,36.8443472,31,4,-31,296.3,-0.07661445,-2.52827692,8.88727665,-0.03908116,-,17.64705849,-0.0626058,-0.02733441,-0.25772443,0.80594051,14.11764717,19.2156868,-,-,66.19999695,64.30535889,14.64881134,-,2391,-,-101.7060394,36.84434891,-76.16927338,18.03921509,69.34502411,68.97220612,-
Tue Nov 21 14:59:56 EST 2017,59:56.4,-76.16958396,36.84446747,31,3,-30.39999962,295.5,-0.38307226,-3.37103605,10.0364933,0.0355088,-,28.62745094,0.06584807,0.04295408,-0.35534734,0.90356338,38.82352829,33.33333206,-,-,66.19999695,64.32497406,14.64881134,-,2383,-,-99.73753357,36.84446716,-76.16958618,18.03921509,69.34502411,68.97220612,-
Tue Nov 21 14:59:57 EST 2017,59:57.4,-76.16989369,36.84458751,31,3,-31,295.5,0.2681506,-2.29843354,9.80665016,0.02300813,-,28.62745094,0.02746256,0.02733441,-0.23429495,0.8996585,38.82352829,33.33333206,-,-,66.19999695,64.32497406,14.64881134,-,2383,-,-101.7060394,36.84458923,-76.16989136,18.03921509,69.34502411,68.97220612,-
Tue Nov 21 14:59:58 EST 2017,59:58.4,-76.17020966,36.84470646,31,3,-30.79999924,295.3,-0.5363012,-3.17949986,9.42357826,0.01579287,-,28.62745094,0.02930243,-0.0234295,-0.33582276,0.87232411,38.82352829,33.33333206,-,-,66.19999695,64.32497406,14.64881134,-,2383,-,-101.0498657,36.84470749,-76.17021179,18.03921509,69.34502411,68.97220612,-
Tue Nov 21 14:59:59 EST 2017,59:59.4,-76.17052357,36.84481748,31,3,-30.89999962,294.9,-0.68953007,-2.64319873,9.46188545,0.04151719,-,17.64705849,0.02939879,-0.08200324,-0.26162934,0.89184868,38.82352829,33.33333206,-,-,66.19999695,64.32497406,14.64881134,-,2383,-,-101.3779526,36.84481812,-76.1705246,14.11764717,69.34502411,68.97220612,-
Tue Nov 21 15:00:00 EST 2017,00:00.4,-76.17083808,36.84493477,31,5,-30.79999924,294.9,-0.38307226,-3.10288548,9.30865574,0.03638488,-,17.64705849,0.05801702,-0.05466883,-0.30458343,0.91137326,36.47058868,36.07843018,-,-,66.19999695,64.32497406,14.64881134,-,2359,-,-101.0498657,36.84493637,-76.1708374,14.11764717,69.34502411,68.97220612,-
Tue Nov 21 15:00:01 EST 2017,00:01.4,-76.17116463,36.84503189,30.75,4,-30.89999962,291.9,-0.2681506,-2.52827692,9.19373417,0.02951312,-,28.62745094,0.00713852,-0.05857374,-0.22258021,0.88013393,36.47058868,36.07843018,-,-,66.19999695,64.34181976,14.64881134,-,2359,-,-101.3779526,36.84503174,-76.17116547,19.6078434,68.78578949,68.35083008,-
Tue Nov 21 15:00:02 EST 2017,00:02.4,-76.17148967,36.84513515,30.5,4,-30.70000076,291,-0.15322891,-2.56658411,10.38125896,0.09495133,-,28.62745094,0.04110906,-0.05857374,-0.26943922,0.90356338,35.29411697,14.11764717,-,-,66.19999695,64.35852051,14.64881134,-,2346,-,-100.7217865,36.84513474,-76.1714859,19.6078434,68.22655487,68.35083008,-
Tue Nov 21 15:00:03 EST 2017,00:03.4,-76.17181961,36.84522814,30.75,4,-28.70000076,290.1,-0.65122288,-2.94965649,9.11711979,0.04293719,-,25.09803963,-0.02061346,-0.06638357,-0.30067852,0.82936996,37.64706039,38.82352829,-,-,66.19999695,64.35852051,14.64881134,-,2346,-,-94.16011047,36.84522629,-76.17182159,17.25490189,68.78578949,68.35083008,-
Tue Nov 21 15:00:04 EST 2017,00:04.4,-76.17214529,36.84531992,31,3,-28.89999962,289.2,-0.38307226,-2.64319873,10.11310768,0.08524221,-,25.09803963,0.06660655,-0.03904916,-0.26943922,0.93089777,37.64706039,38.82352829,-,-,66.19999695,64.37767029,14.64881134,-,2372,-,-94.81626892,36.84532166,-76.17214203,17.25490189,69.34502411,68.97220612,33.1856842
Tue Nov 21 15:00:05 EST 2017,00:05.4,-76.17247256,36.845401,30.75,4,-28.20000076,287.8,-0.42137951,-3.06457806,9.0788126,-0.00328833,-,23.13725471,0.0039671,-0.04295408,-0.31239328,0.85279953,14.11764717,14.11764717,-,-,66.19999695,64.37767029,14.64881134,-,2352,-,-92.51969147,36.84540176,-76.17247009,12.54901981,68.78578949,67.72946167,33.1856842
Tue Nov 21 15:00:06 EST 2017,00:06.4,-76.17279581,36.84547715,30.5,4,-28.39999962,286.7,-0.61291564,-1.95366859,9.92157173,0.05168599,-,27.45098114,-0.04465237,-0.08590815,-0.18353106,0.8332749,14.11764717,14.11764717,-,-,66.19999695,64.39151764,14.64881134,-,2352,-,-93.17584991,36.84547806,-76.17279816,19.2156868,68.22655487,67.72946167,33.1856842
Tue Nov 21 15:00:07 EST 2017,00:07.4,-76.17312525,36.84554841,30.5,4,-30,285,-0.42137951,-2.37504816,9.61511421,0.00688745,-,27.45098114,-0.11636693,-0.13667206,-0.23819989,0.73955691,42.35294342,38.03921509,-,-,66.19999695,64.4078064,14.64881134,-,2362,-,-98.42519379,36.84554672,-76.17312622,19.2156868,68.22655487,68.35083008,32.47573471
Tue Nov 21 15:00:08 EST 2017,00:08.4,-76.17346106,36.84561931,30.75,5,-29.60000038,284,-0.61291564,-3.02627087,9.42357826,0.02986056,-,18.03921509,-0.0125529,-0.10152781,-0.2928687,0.83717978,27.45098114,36.47058868,-,-,66.19999695,64.4078064,14.64881134,-,2362,-,-97.11286163,36.8456192,-76.17346191,15.68627453,68.78578949,68.35083008,32.47573471
Tue Nov 21 15:00:09 EST 2017,00:09.4,-76.17379492,36.84568297,30.75,5,-29.5,283.1,-0.65122288,-3.33272886,9.19373417,0.03235756,-,18.03921509,-0.03516416,-0.10933765,-0.31239328,0.80594051,27.45098114,36.47058868,-,-,66.19999695,64.42396545,14.64881134,-,2359,-,-96.78477478,36.84568405,-76.17379761,18.8235302,68.78578949,68.35083008,32.47573471
Tue Nov 21 15:00:10 EST 2017,00:10.4,-76.17413112,36.84574571,30.75,7,-29.39999962,283.1,-0.57460839,-3.02627087,8.81066227,-0.02956182,-,18.03921509,-0.04823676,-0.05857374,-0.30848834,0.79813069,23.52941132,34.11764908,-,-,66.19999695,64.43999481,14.64881134,-,2366,-,-96.45669556,36.84574509,-76.1741333,18.8235302,68.78578949,68.35083008,-
Tue Nov 21 15:00:11 EST 2017,00:11.4,-76.17447816,36.845806,30.75,4,-30.39999962,280.6,-0.11492168,-3.17949986,8.81066227,0.02140975,-,28.23529434,-0.04478009,-0.01171475,-0.32410803,0.79813069,14.11764717,34.11764908,-,-,66.19999695,64.43999481,14.64881134,-,2366,-,-99.73753357,36.84580612,-76.17447662,21.56862831,68.78578949,68.35083008,-
Tue Nov 21 15:00:12 EST 2017,00:12.4,-76.17482302,36.84585855,31,4,-30.39999962,279.6,2.7581203,-2.06859016,8.65743351,-0.03108555,-,28.23529434,0.03394682,0.08200324,-0.46078008,0.82156014,14.11764717,14.50980377,-,-,66.19999695,64.4584198,14.64881134,-,2398,-,-99.73753357,36.84585953,-76.17481995,21.56862831,69.34502411,68.97220612,32.82587051
Tue Nov 21 15:00:13 EST 2017,00:13.4,-76.17516636,36.84589808,31,4,-31,278.7,2.87304211,9.61511421,6.20577097,0.22175223,-,27.84313774,0.20316304,0.2928687,0.98013395,0.53259641,14.11764717,14.11764717,-,-,66.19999695,64.4584198,14.64881134,-,2398,-,-101.7060394,36.84589767,-76.17516327,19.6078434,69.34502411,68.97220612,32.82587051
Tue Nov 21 15:00:14 EST 2017,00:14.4,-76.17551239,36.84594416,31,4,-31,277.6,-0.38307226,4.32871675,8.84896946,0.03162856,-,27.84313774,-0.00255912,-0.11714748,0.44906533,0.78251106,14.11764717,14.11764717,-,-,66.19999695,64.4766922,14.64881134,-,2367,-,-101.7060394,36.84594345,-76.17551422,19.6078434,69.34502411,68.97220612,32.82587051
Tue Nov 21 15:00:15 EST 2017,00:15.4,-76.17585669,36.84598086,31,5,-31,277.6,-0.03830723,5.82269859,6.89530087,-0.06102139,-,17.64705849,-0.02894522,0.14838681,0.59354722,0.65364879,26.27450943,14.11764717,-,-,66.19999695,64.4766922,14.64881134,-,2367,-,-101.7060394,36.8459816,-76.17585754,8.23529434,69.34502411,68.97220612,32.82587051
Tue Nov 21 15:00:16 EST 2017,00:16.4,-76.17619387,36.84600852,30.75,4,-32.59999847,276.6,-0.68953007,5.40131903,6.93360806,-0.03386371,-,17.64705849,-0.10100222,-0.07028849,0.55059314,0.60678977,26.27450943,14.50980377,-,-,66.19999695,64.48981476,14.64881134,-,2330,-,-106.9553757,36.8460083,-76.17619324,8.23529434,68.78578949,67.72946167,-
Tue Nov 21 15:00:17 EST 2017,00:17.4,-76.17653093,36.84602684,30.25,4,-32.59999847,275.7,-0.76614451,4.71178913,9.53849983,0.05540156,-,26.66666794,0.08766445,-0.07809832,0.48030469,0.87232411,38.4313736,35.29411697,-,-,66.19999695,64.48981476,14.64881134,-,2335,-,-106.9553757,36.84602737,-76.17652893,16.07843208,67.66732025,67.72946167,-
Tue Nov 21 15:00:18 EST 2017,00:18.4,-76.17687012,36.8460459,30,4,-33.70000076,274.6,-0.65122288,5.47793341,9.42357826,0.13209969,-,26.66666794,0.11348002,-0.06638357,0.55840296,0.86060935,38.4313736,35.29411697,-,-,64.40000153,64.50032806,14.64881134,-,2335,-,-110.5643082,36.84604645,-76.17687225,16.07843208,67.10808563,67.10808563,-
Tue Nov 21 15:00:19 EST 2017,00:19.4,-76.17720124,36.84607892,29.75,5,-33.40000153,276.2,-0.68953007,5.82269859,7.35498762,-0.02217019,-,27.05882454,-0.0408426,-0.07028849,0.59354722,0.64974385,38.4313736,35.29411697,-,-,64.40000153,64.50032806,14.64881134,-,2335,-,-109.5800552,36.84608078,-76.17720032,17.25490189,66.54885101,67.10808563,-
Tue Nov 21 15:00:20 EST 2017,00:20.4,-76.17753434,36.84609648,30,6,-33.90000153,274.9,-2.7581203,3.48595762,7.08683681,-0.12824291,-,27.05882454,-0.29416755,-0.14057697,0.10543273,0.58336031,14.11764717,35.29411697,-,-,64.40000153,64.50032806,14.64881134,-,2335,-,-111.2204742,36.84609604,-76.17753601,17.25490189,67.10808563,67.10808563,-
Tue Nov 21 15:00:21 EST 2017,00:21.4,-76.17784824,36.84611056,28.5,7,-34.29999924,274.5,0.72783732,7.62313843,-2.18351197,0.00205879,-,27.05882454,-0.11645316,0.01561966,0.86298645,-0.28743598,14.11764717,30.98039246,-,-,64.40000153,64.51075745,14.64881134,-,2349,-,-112.5328064,36.8461113,-76.17784882,17.25490189,63.75268173,67.10808563,-
Tue Nov 21 15:00:22 EST 2017,00:22.4,-76.17820567,36.84609019,30,5,-34.09999847,271.3,1.76213241,9.19373417,-0.84275901,0.00082999,-,24.70588303,0.00788063,0.1718163,0.99184865,-0.14295407,35.29411697,30.98039246,-,-,64.40000153,64.51075745,14.64881134,-,2349,-,-111.8766327,36.84608841,-76.1782074,18.03921509,67.10808563,67.10808563,-
Tue Nov 21 15:00:23 EST 2017,00:23.4,-76.17856072,36.84609412,30.5,3,-34.40000153,270.6,2.03028297,8.19774628,4.78840351,-0.23699297,-,24.70588303,-0.56552738,0.19134088,0.38658667,-0.1507639,35.29411697,36.07843018,-,-,64.40000153,64.52605438,14.64881134,-,2355,-,-112.8609009,36.84609222,-76.17855835,18.03921509,68.22655487,68.35083008,66.2484436
Tue Nov 21 15:00:24 EST 2017,00:24.4,-76.17890267,36.8460988,30,3,-34.70000076,269.5,5.55454779,5.17147589,2.29843354,0.06375533,-,30.19607925,0.19800937,0.34753752,1.0816617,0.27877685,30.98039246,19.2156868,-,-,64.40000153,64.52605438,14.64881134,-,2355,-,-113.8451462,36.84609985,-76.17890167,24.31372643,67.10808563,68.35083008,66.2484436
Tue Nov 21 15:00:25 EST 2017,00:25.4,-76.17925057,36.84609204,31.25,3,-35.29999924,268.6,3.14119267,3.75410819,9.00219822,0.06459515,-,30.19607925,0.04489814,0.32020313,0.38268176,0.81765527,30.98039246,19.2156868,-,-,64.40000153,64.54123688,14.64881134,-,2357,-,-115.8136444,36.84609222,-76.17925262,14.11764717,69.90425873,68.35083008,66.2484436
Tue Nov 21 15:00:26 EST 2017,00:26.4,-76.17960001,36.84608538,31.25,5,-35.40000153,268.6,1.72382522,5.05655384,5.66946983,0.04241041,-,25.88235283,-0.20564699,0.17572121,0.51544887,0.4779276,38.03921509,38.03921509,-,-,64.40000153,64.55628967,14.64881134,-,2362,-,-116.1417389,36.84608459,-76.17960358,14.11764717,69.90425873,68.35083008,-
Tue Nov 21 15:00:27 EST 2017,00:27.4,-76.17993444,36.84608366,30.5,4,-35.70000076,269.7,-2.33674097,3.86903,7.92959595,0.01170766,-,17.25490189,0.31775016,-0.30848834,0.46078008,1.0949043,28.62745094,38.03921509,-,-,64.40000153,64.55628967,14.64881134,-,2362,-,-117.1259842,36.84608459,-76.17993164,8.23529434,68.22655487,68.35083008,-
Tue Nov 21 15:00:27 EST 2017,00:28.4,-76.17993444,36.84608366,30.5,4,-35.70000076,269.7,-0.38307226,4.29040956,7.31668043,-0.11550814,-,17.25490189,-0.05790514,-0.0234295,0.54278332,0.66926843,28.62745094,30.19607925,-,-,66.19999695,64.56388855,14.64881134,-,2311,-,-117.1259842,36.84608459,-76.17993164,8.23529434,68.22655487,66.48671722,-
Tue Nov 21 15:00:29 EST 2017,00:29.4,-76.18061571,36.84611349,30.25,4,-35.29999924,272.6,-2.83473492,3.52426481,5.5162406,-0.08025639,-,24.31372643,0.2989265,-0.30067852,0.63259637,0.99337649,39.60784531,37.25490189,-,-,66.19999695,64.56388855,14.64881134,-,2285,-,-115.8136444,36.84611511,-76.18061829,8.23529434,67.66732025,66.48671722,-
Tue Nov 21 15:00:30 EST 2017,00:30.4,-76.18094768,36.84610806,29.75,4,-35.29999924,270.6,-0.61291564,-2.60489154,9.92157173,0.06651503,-,26.66666794,-0.03215611,-0.04295408,-0.26553428,0.82936996,39.60784531,37.25490189,-,-,66.19999695,64.56899261,14.64881134,-,2285,-,-115.8136444,36.84610748,-76.18094635,18.8235302,66.54885101,65.86534882,-
Tue Nov 21 15:00:31 EST 2017,00:31.4,-76.18128161,36.84612042,30.25,5,-35.20000076,271.1,0.11492168,-2.14520478,9.61511421,0.03394779,-,26.66666794,0.0469916,0.04685899,-0.24991462,0.91527814,35.68627548,36.86274719,-,-,66.19999695,64.57648468,14.64881134,-,2298,-,-115.4855652,36.84611893,-76.18128204,18.8235302,67.66732025,66.48671722,34.11440277
Tue Nov 21 15:00:32 EST 2017,00:32.4,-76.18160579,36.84611106,29.75,3,-34.70000076,269.4,-0.72783732,-2.26012635,9.84495735,0.04127475,-,28.23529434,0.0172313,-0.07028849,-0.23039004,0.88794374,38.4313736,38.4313736,-,-,66.19999695,64.57648468,14.64881134,-,2298,-,-113.8451462,36.8461113,-76.18160248,23.13725471,66.54885101,66.48671722,34.11440277
Tue Nov 21 15:00:33 EST 2017,00:33.4,-76.18194077,36.84611108,30,4,-34,270.3,-0.07661445,-2.9113493,9.92157173,0.05130365,-,28.23529434,0.0186104,-0.05076391,-0.28505886,0.87622905,38.4313736,38.4313736,-,-,66.19999695,64.58633423,14.64881134,-,2329,-,-111.5485535,36.8461113,-76.18193817,14.50980377,67.10808563,67.10808563,33.80600739
Tue Nov 21 15:00:34 EST 2017,00:34.4,-76.18228539,36.84610167,30.25,4,-33.09999847,269.8,-0.22984336,-3.10288548,10.07480049,0.09385246,-,17.64705849,-0.02757915,-0.05076391,-0.23819989,0.84108472,32.54901886,39.2156868,-,-,66.19999695,64.59611511,14.64881134,-,2330,-,-108.5957947,36.84609985,-76.18228912,14.50980377,67.66732025,67.10808563,33.80600739
Tue Nov 21 15:00:35 EST 2017,00:35.4,-76.18263673,36.84609581,31.25,4,-33,269.7,0,-2.64319873,10.34295177,0.03243313,-,17.64705849,0.09194186,-0.00780983,-0.29677361,0.95042247,26.66666794,26.66666794,-,-,66.19999695,64.59611511,14.64881134,-,2330,-,-108.2677155,36.84609604,-76.18264008,8.23529434,69.90425873,67.10808563,33.80600739
Tue Nov 21 15:00:36 EST 2017,00:36.4,-76.1829862,36.84610353,31.75,5,-33.09999847,271.8,-0.84275901,-2.83473492,7.92959595,-0.04025792,-,17.64705849,-0.1370016,-0.08590815,-0.28896379,0.70831758,26.66666794,26.66666794,-,-,66.19999695,64.60340881,14.64881134,-,2299,-,-108.5957947,36.84610367,-76.1829834,18.4313736,71.02272797,66.48671722,-
Tue Nov 21 15:00:37 EST 2017,00:37.4,-76.18329427,36.84609082,29.75,3,-32,269.6,-0.61291564,-3.02627087,9.57680702,0.02703148,-,27.84313774,0.06526095,-0.03904916,-0.2928687,0.92308795,39.60784531,33.72549057,-,-,66.19999695,64.61304474,14.64881134,-,2310,-,-104.9868774,36.84609222,-76.1832962,18.4313736,66.54885101,67.10808563,35.22385406
Tue Nov 21 15:00:38 EST 2017,00:38.4,-76.18362828,36.84608853,30,4,-31.70000076,269.5,-0.30645782,-3.02627087,9.19373417,0.00614077,-,21.56862831,-0.01115542,-0.05857374,-0.29677361,0.84108472,27.84313774,33.72549057,-,-,66.19999695,64.61304474,14.64881134,-,2310,-,-104.0026245,36.84608841,-76.1836319,14.50980377,67.10808563,67.10808563,35.22385406
Tue Nov 21 15:00:39 EST 2017,00:39.4,-76.183966,36.84609023,30,4,-31.89999962,269.9,-0.38307226,-2.87304211,9.6534214,0.05496666,-,21.56862831,0.03515625,-0.01561966,-0.28115395,0.89575356,27.84313774,27.84313774,-,-,66.19999695,64.62260437,14.64881134,-,2310,-,-104.6587906,36.84608841,-76.18396759,14.50980377,67.10808563,67.10808563,35.22385406
Tue Nov 21 15:00:40 EST 2017,00:40.4,-76.18429641,36.84608444,30,3,-32.90000153,270.3,-0.22984336,-2.94965649,9.88326454,0.0706411,-,25.49019623,-0.02069915,-0.04295408,-0.31629819,0.82546508,37.64706039,39.2156868,-,-,66.19999695,64.62260437,14.64881134,-,2323,-,-107.9396362,36.84608459,-76.18429565,15.68627453,67.10808563,67.10808563,35.22385406
Tue Nov 21 15:00:41 EST 2017,00:41.4,-76.18462945,36.8460817,30,3,-33.20000076,269.7,-0.22984336,-3.02627087,9.27034855,-0.02175816,-,19.2156868,-0.00531662,-0.0234295,-0.30848834,0.84498966,37.64706039,39.2156868,-,-,66.19999695,64.63208771,14.64881134,-,2323,-,-108.9238892,36.84608078,-76.18463135,9.4117651,67.10808563,67.10808563,-
Tue Nov 21 15:00:42 EST 2017,00:42.4,-76.18496841,36.84607709,30.25,3,-32.70000076,269.7,-0.80445176,-3.37103605,9.04050541,0.0059554,-,19.2156868,-0.01270739,-0.08200324,-0.34363261,0.82156014,27.84313774,27.84313774,-,-,66.19999695,64.64150238,14.64881134,-,2323,-,-107.2834702,36.84607697,-76.18496704,9.4117651,67.66732025,67.10808563,-
Tue Nov 21 15:00:43 EST 2017,00:43.4,-76.18530135,36.84607718,30,3,-33.29999924,269.6,-0.68953007,-2.83473492,9.11711979,0.06055605,-,17.64705849,-0.0238751,-0.07028849,-0.28896379,0.82936996,31.37254906,32.94117737,-,-,66.19999695,64.64150238,14.64881134,-,2323,-,-109.2519684,36.84607697,-76.18530273,8.62745094,67.10808563,67.10808563,-
Tue Nov 21 15:00:44 EST 2017,00:44.4,-76.18563739,36.84607112,30,3,-33,269.3,-0.30645782,-3.14119267,9.53849983,0.04678252,-,17.64705849,0.02451786,-0.03123933,-0.32020313,0.87232411,31.37254906,32.94117737,-,-,66.19999695,64.65084839,14.64881134,-,2349,-,-108.2677155,36.84606934,-76.18563843,7.84313726,67.10808563,67.10808563,-
Tue Nov 21 15:00:45 EST 2017,00:45.4,-76.18597319,36.84606858,30,3,-33.79999924,269.5,-0.03830723,-3.02627087,9.53849983,0.03909534,-,17.25490189,0.0204438,-0.00390492,-0.30848834,0.87232411,30.58823586,30.58823586,-,-,66.19999695,64.65084839,14.64881134,-,2315,-,-110.8923874,36.84606934,-76.18597412,7.84313726,67.10808563,67.10808563,-
Tue Nov 21 15:00:46 EST 2017,00:46.4,-76.18630352,36.84606322,29.75,3,-33.5,269.6,-0.76614451,-2.18351197,9.04050541,0.02642862,-,26.66666794,-0.00270441,-0.08200324,-0.25381953,0.86060935,30.58823586,30.58823586,-,-,66.19999695,64.65777588,14.64881134,-,2315,-,-109.9081345,36.84606171,-76.18630219,16.47058868,66.54885101,66.48671722,-
Tue Nov 21 15:00:47 EST 2017,00:47.4,-76.18664188,36.84606108,30,3,-33.09999847,269.6,-0.07661445,-2.98796368,9.95987892,0.07901031,-,26.66666794,0.0680719,-0.01952458,-0.27724904,0.93089777,32.94117737,32.94117737,-,-,66.19999695,64.66698456,14.64881134,-,2323,-,-108.5957947,36.84606171,-76.18664551,16.47058868,67.10808563,67.10808563,32.55622864
Tue Nov 21 15:00:48 EST 2017,00:48.4,-76.18697756,36.84606072,30,3,-33.20000076,269.6,0.03830723,-2.79642749,9.80665016,0.05851477,-,25.09803963,0.04964797,0.01561966,-0.2928687,0.90746832,32.54901886,34.11764908,-,-,66.19999695,64.66698456,14.64881134,-,2323,-,-108.9238892,36.84606171,-76.1869812,14.50980377,67.10808563,67.10808563,32.55622864
Tue Nov 21 15:00:49 EST 2017,00:49.4,-76.18731219,36.84605633,30.25,3,-32.79999924,269.7,-0.34476504,-2.94965649,9.27034855,0.01129436,-,25.09803963,-0.03101376,-0.05857374,-0.30458343,0.81765527,32.54901886,34.11764908,-,-,66.19999695,64.6761322,14.64881134,-,2326,-,-107.6115494,36.84605789,-76.18730927,14.50980377,67.66732025,67.10808563,32.55622864
Tue Nov 21 15:00:50 EST 2017,00:50.4,-76.18764916,36.84605661,30.25,3,-32.59999847,269.8,-0.57460839,-3.21780705,9.53849983,0.04683143,-,25.09803963,0.02818258,-0.05857374,-0.32801294,0.87232411,32.54901886,34.11764908,-,-,66.19999695,64.6761322,14.64881134,-,2326,-,-106.9553757,36.84605789,-76.18765259,19.2156868,67.66732025,67.10808563,32.55622864
Tue Nov 21 15:00:51 EST 2017,00:51.4,-76.18798265,36.84605501,30.25,3,-32.09999847,269.8,-0.38307226,-2.52827692,9.95987892,0.05220487,-,18.4313736,0.0485644,-0.03904916,-0.25772443,0.91527814,32.54901886,34.11764908,-,-,66.19999695,64.6761322,14.64881134,-,2326,-,-105.3149567,36.84605408,-76.18798065,19.2156868,67.66732025,67.10808563,32.55622864
Tue Nov 21 15:00:52 EST 2017,00:52.4,-76.18831537,36.84605059,30,4,-31.20000076,269.5,-0.9576807,-2.06859016,9.19373417,-0.01544297,-,18.4313736,-0.0341131,-0.0976229,-0.21086545,0.83717978,32.54901886,37.25490189,-,-,66.19999695,64.6761322,14.64881134,-,2326,-,-102.3622055,36.84605026,-76.18831635,19.2156868,67.10808563,67.10808563,32.55622864
Tue Nov 21 15:00:53 EST 2017,00:53.4,-76.18864899,36.84604688,30,4,-30.5,269.6,-0.15322891,-3.25611424,9.34696388,0.05395783,-,18.4313736,0.00942373,-0.01561966,-0.33191785,0.85279953,32.54901886,37.25490189,-,-,66.19999695,64.68288422,14.64881134,-,2306,-,-100.0656204,36.84604645,-76.18865204,8.23529434,67.10808563,66.48671722,-
Tue Nov 21 15:00:54 EST 2017,00:54.4,-76.18898031,36.84604727,29.75,4,-30.20000076,269.9,-0.30645782,-2.48996973,9.42357826,0.01306772,-,17.64705849,-0.00559267,-0.03123933,-0.25381953,0.86060935,31.76470566,36.86274719,-,-,66.19999695,64.68727875,14.64881134,-,2275,-,-99.08136749,36.84604645,-76.1889801,8.23529434,66.54885101,65.86534882,-
Tue Nov 21 15:00:55 EST 2017,00:55.4,-76.18930792,36.84604604,29.5,4,-30,269.8,-0.45968673,-2.9113493,9.73003578,0.01136111,-,27.84313774,-0.00712075,-0.03514424,-0.28896379,0.84889454,35.68627548,36.86274719,-,-,66.19999695,64.68727875,14.64881134,-,2275,-,-98.42519379,36.84604645,-76.18930817,20.7843132,65.98961639,65.86534882,-
Tue Nov 21 15:00:56 EST 2017,00:56.4,-76.18964284,36.84604625,29.75,4,-29.89999962,270.1,-0.19153613,-2.56658411,9.95987892,0.06762809,-,27.84313774,0.02725463,-0.03904916,-0.32801294,0.87232411,35.68627548,32.94117737,-,-,66.19999695,64.69394684,14.64881134,-,2291,-,-98.09711456,36.84604645,-76.18964386,20.7843132,66.54885101,66.48671722,34.32597351
Tue Nov 21 15:00:57 EST 2017,00:57.4,-76.18997817,36.84604528,29.75,3,-29.70000076,270.1,0.2681506,-2.64319873,9.30865574,0.00792554,-,21.56862831,0.01599302,0.02733441,-0.24991462,0.88403887,37.64706039,38.03921509,-,-,66.19999695,64.69394684,14.64881134,-,2288,-,-97.44094849,36.84604645,-76.18997955,8.23529434,66.54885101,66.48671722,34.32597351
Tue Nov 21 15:00:58 EST 2017,00:58.4,-76.19031181,36.8460455,29.5,4,-29.70000076,269.9,0.19153613,-2.60489154,6.7803793,-0.24032068,-,27.45098114,-0.05668309,0.03904916,-0.29677361,0.79422575,37.64706039,38.03921509,-,-,64.40000153,64.70056152,14.64881134,-,2288,-,-97.44094849,36.84604645,-76.19031525,19.6078434,65.98961639,66.48671722,34.32597351
Tue Nov 21 15:00:59 EST 2017,00:59.4,-76.19064918,36.84605021,29.75,3,-29.79999924,270.9,0.5363012,-2.06859016,9.53849983,0.01542717,-,27.45098114,-0.00323246,0.05466883,-0.21086545,0.87232411,14.11764717,14.11764717,-,-,64.40000153,64.70713043,14.64881134,-,2295,-,-97.76902771,36.84605026,-76.19065094,19.6078434,66.54885101,66.48671722,-
Tue Nov 21 15:01:00 EST 2017,01:00.4,-76.19097839,36.84605428,29.75,3,-29.5,271.2,-0.03830723,-3.21780705,9.15542698,0.00538966,-,28.23529434,-0.01041501,-0.00390492,-0.32801294,0.8332749,37.64706039,14.11764717,-,-,64.40000153,64.70713043,14.64881134,-,2295,-,-96.78477478,36.84605408,-76.190979,20.3921566,66.54885101,66.48671722,-
Tue Nov 21 15:01:01 EST 2017,01:01.4,-76.19131548,36.84606397,30,3,-30,272,-0.5363012,-2.45166254,9.80665016,0.05087358,-,28.23529434,0.0322261,-0.05466883,-0.24991462,0.8996585,37.64706039,14.11764717,-,-,64.40000153,64.71364594,14.64881134,-,2290,-,-98.42519379,36.84606552,-76.1913147,16.86274529,67.10808563,66.48671722,-
Tue Nov 21 15:01:02 EST 2017,01:02.4,-76.19165016,36.84607492,30,3,-30.39999962,272.4,-0.30645782,-3.14119267,9.73003578,0.03005983,-,25.09803963,-0.02594854,-0.05076391,-0.36315718,0.80203557,29.80392265,14.50980377,-,-,64.40000153,64.72012329,14.64881134,-,2319,-,-99.73753357,36.84607315,-76.19165039,16.86274529,67.10808563,66.48671722,-
Tue Nov 21 15:01:03 EST 2017,01:03.4,-76.1919839,36.84608893,30,3,-30.60000038,272.1,-0.2681506,-2.9113493,9.30865574,0.01359671,-,25.49019623,0.02183354,-0.0234295,-0.32410803,0.86841917,33.72549057,14.50980377,-,-,64.40000153,64.72012329,14.64881134,-,2319,-,-100.3936997,36.84608841,-76.19198608,17.25490189,67.10808563,66.48671722,-
Tue Nov 21 15:01:04 EST 2017,01:04.4,-76.192321,36.84609869,30,3,-31.10000038,271.9,-0.34476504,-2.7581203,9.19373417,0.00462294,-,25.49019623,-0.02233662,0,-0.27724904,0.83717978,33.72549057,32.94117737,-,-,64.40000153,64.72879791,14.64881134,-,2324,-,-102.0341187,36.84609985,-76.19232178,17.25490189,67.10808563,67.10808563,34.02696228
Tue Nov 21 15:01:05 EST 2017,01:05.4,-76.19265704,36.84610909,30.25,4,-30.89999962,271.8,-0.11492168,-3.14119267,9.30865574,0.02053291,-,27.45098114,0.01379794,0,-0.25772443,0.88013393,36.47058868,38.4313736,-,-,64.40000153,64.72879791,14.64881134,-,2374,-,-101.3779526,36.84610748,-76.19265747,19.6078434,67.66732025,67.10808563,34.02696228
Tue Nov 21 15:01:06 EST 2017,01:06.4,-76.19299938,36.84611938,30.5,3,-31.70000076,271.9,0.15322891,-3.02627087,9.69172859,0.04295284,-,20.3921566,0.0107078,-0.01171475,-0.30067852,0.86451429,36.47058868,38.4313736,-,-,64.40000153,64.74417877,14.64881134,-,2374,-,-104.0026245,36.84611893,-76.19300079,8.23529434,68.22655487,68.97220612,104.6022034
Tue Nov 21 15:01:07 EST 2017,01:07.4,-76.19334311,36.84612406,30.75,3,-32.20000076,271.6,-0.5363012,-2.56658411,9.92157173,0.06509477,-,20.3921566,0.0551359,-0.01561966,-0.34753752,0.89575356,30.98039246,29.41176605,-,-,64.40000153,64.75719452,14.64881134,-,2365,-,-105.6430435,36.84612274,-76.19334412,8.23529434,68.78578949,68.35083008,104.6022034
Tue Nov 21 15:01:08 EST 2017,01:08.4,-76.19368696,36.84613295,30.75,3,-32.59999847,271.4,-0.49799395,-3.40934324,8.92558384,0.01947861,-,25.09803963,-0.02438327,-0.05076391,-0.34753752,0.80984545,33.72549057,25.88235283,-,-,64.40000153,64.75719452,14.64881134,-,2365,-,-106.9553757,36.84613419,-76.19368744,11.76470566,68.78578949,68.35083008,104.6022034
Tue Nov 21 15:01:09 EST 2017,01:09.4,-76.19402861,36.84614126,30.75,3,-32.79999924,271.1,-0.11492168,-2.83473492,9.57680702,0.06462425,-,25.09803963,0.01851302,-0.01171475,-0.28896379,0.87622905,33.72549057,25.88235283,-,-,64.40000153,64.77012634,14.64881134,-,2345,-,-107.6115494,36.84614182,-76.19403076,13.72549057,68.78578949,68.35083008,-
Tue Nov 21 15:01:10 EST 2017,01:10.4,-76.1943711,36.84614618,30.5,4,-33.09999847,271.2,0.19153613,-2.79642749,10.07480049,0.07535175,-,24.31372643,0.06636332,0.01952458,-0.28505886,0.92699289,20,14.11764717,-,-,64.40000153,64.78295898,14.64881134,-,2357,-,-108.5957947,36.84614563,-76.19437408,13.72549057,68.22655487,68.35083008,-
Tue Nov 21 15:01:11 EST 2017,01:11.4,-76.19471285,36.84614159,30.5,4,-33,269.7,-1.14921677,-3.37103605,9.99818611,0.05946924,-,25.49019623,0.08228505,-0.11714748,-0.34363261,0.91918308,33.72549057,14.11764717,-,-,64.40000153,64.78295898,14.64881134,-,2357,-,-108.2677155,36.84614182,-76.19470978,17.25490189,68.22655487,68.35083008,-
Tue Nov 21 15:01:12 EST 2017,01:12.4,-76.19506209,36.84614289,31,4,-32.09999847,270.7,-0.68953007,-3.10288548,9.53849983,0.08819481,-,25.49019623,0.02523994,-0.07028849,-0.31629819,0.87232411,33.72549057,29.41176605,-,-,64.40000153,64.79570007,14.64881134,-,2342,-,-105.3149567,36.84614182,-76.19506073,17.25490189,69.34502411,68.35083008,-
Tue Nov 21 15:01:13 EST 2017,01:13.4,-76.19540548,36.8461411,30.75,3,-32.70000076,269.6,-0.72783732,-3.14119267,9.6534214,0.05648118,-,22.35294151,0.03783556,-0.0741934,-0.32020313,0.88403887,32.15686417,33.72549057,-,-,64.40000153,64.79570007,14.64881134,-,2355,-,-107.2834702,36.84614182,-76.19540405,11.76470566,68.78578949,68.35083008,-
Tue Nov 21 15:01:14 EST 2017,01:14.4,-76.19574467,36.84613883,30.5,4,-32.70000076,269.3,-0.22984336,-2.48996973,9.23204136,0.04062305,-,25.49019623,0.02606563,-0.06247865,-0.25381953,0.89184868,32.15686417,33.72549057,-,-,64.40000153,64.80835724,14.64881134,-,2355,-,-107.2834702,36.846138,-76.19574738,12.54901981,68.22655487,68.35083008,-
Tue Nov 21 15:01:15 EST 2017,01:15.4,-76.19608238,36.84613519,30.25,4,-32.79999924,269.3,-0.72783732,-2.79642749,10.11310768,0.09115368,-,25.49019623,0.02707637,0.00780983,-0.2928687,0.88403887,38.03921509,37.25490189,-,-,64.40000153,64.82091522,14.64881134,-,2347,-,-107.6115494,36.84613419,-76.19608307,12.54901981,67.66732025,68.35083008,-
Tue Nov 21 15:01:16 EST 2017,01:16.4,-76.19642133,36.84610345,30.5,4,-32.29999924,265.4,-1.14921677,-2.48996973,9.11711979,0.04987077,-,18.03921509,-0.01207398,-0.11324256,-0.27724904,0.84108472,27.45098114,35.68627548,-,-,64.40000153,64.82091522,14.64881134,-,2347,-,-105.9711227,36.84610367,-76.19641876,15.29411793,68.22655487,68.35083008,-
Tue Nov 21 15:01:17 EST 2017,01:17.4,-76.19675853,36.8460821,30.25,5,-32.5,265.4,-0.65122288,-2.94965649,9.53849983,0.03891593,-,18.03921509,-0.00652925,0.01171475,-0.2928687,0.84889454,27.45098114,35.68627548,-,-,64.40000153,64.83119202,14.64881134,-,2341,-,-106.6272965,36.84608078,-76.19676208,18.4313736,67.66732025,67.72946167,-
Tue Nov 21 15:01:18 EST 2017,01:18.4,-76.19710399,36.84604424,30.5,5,-32.40000153,264.4,0.2681506,-2.94965649,9.69172859,0.05204767,-,20.7843132,0.03340063,0.02733441,-0.30067852,0.88794374,16.47058868,30.98039246,-,-,64.40000153,64.83921051,14.64881134,-,2342,-,-106.2992172,36.84604263,-76.19710541,18.4313736,68.22655487,67.10808563,-
Tue Nov 21 15:01:19 EST 2017,01:19.4,-76.19744818,36.84602038,30.5,4,-32.29999924,264,-0.11492168,-2.56658411,9.73003578,0.03520485,-,24.70588303,0.02619202,-0.01171475,-0.26162934,0.89184868,37.25490189,30.98039246,-,-,64.40000153,64.83921051,14.64881134,-,2342,-,-105.9711227,36.84601974,-76.19744873,17.25490189,68.22655487,67.10808563,-
Tue Nov 21 15:01:20 EST 2017,01:20.4,-76.19779296,36.84596603,30.25,4,-31.20000076,262.5,-0.22984336,-2.87304211,9.27034855,0.00860924,-,24.70588303,-0.01005272,-0.0234295,-0.2928687,0.84498966,37.25490189,37.64706039,-,-,64.40000153,64.84716797,14.64881134,-,2331,-,-102.3622055,36.84596634,-76.19779205,17.25490189,67.66732025,67.10808563,-
Tue Nov 21 15:01:21 EST 2017,01:21.4,-76.19812638,36.8459268,30.25,4,-30.79999924,261.8,-0.45968673,-2.56658411,8.23605347,0.03326217,-,29.80392265,-0.11907356,-0.04685899,-0.26162934,0.73955691,34.11764908,32.15686417,-,-,64.40000153,64.84716797,14.64881134,-,2341,-,-101.0498657,36.84592819,-76.19812775,20,67.66732025,67.10808563,-
Tue Nov 21 15:01:22 EST 2017,01:22.4,-76.19846688,36.8458776,30.5,4,-31,260.1,-0.49799395,-3.21780705,9.50019264,0.04747891,-,29.80392265,0.02796743,-0.04685899,-0.35144243,0.86451429,34.11764908,32.15686417,-,-,64.40000153,64.8572464,14.64881134,-,2341,-,-101.7060394,36.8458786,-76.19846344,12.15686321,68.22655487,67.72946167,32.93951797
Tue Nov 21 15:01:23 EST 2017,01:23.4,-76.1988001,36.84582662,30.25,5,-31.10000038,259.8,-0.42137951,-2.48996973,10.30464458,0.05878935,-,17.64705849,0.00573617,-0.01952458,-0.26943922,0.86841917,23.13725471,33.72549057,-,-,64.40000153,64.86725616,14.64881134,-,2380,-,-102.0341187,36.8458252,-76.19879913,12.15686321,67.66732025,67.72946167,32.93951797
Tue Nov 21 15:01:24 EST 2017,01:24.4,-76.19913565,36.84578536,30.25,5,-31.20000076,259.9,-0.2681506,-3.21780705,9.50019264,0.04182714,-,26.66666794,0.05858654,-0.03123933,-0.29677361,0.91527814,14.11764717,33.72549057,-,-,64.40000153,64.86725616,14.64881134,-,2380,-,-102.3622055,36.84578705,-76.19913483,19.2156868,67.66732025,67.72946167,32.93951797
Tue Nov 21 15:01:25 EST 2017,01:25.4,-76.19946344,36.84573199,30.25,5,-30.89999962,259.3,-0.30645782,-2.79642749,9.53849983,0.03858464,-,26.66666794,0.01407634,-0.03123933,-0.28505886,0.87232411,14.11764717,14.50980377,-,-,64.40000153,64.87934875,14.64881134,-,2379,-,-101.3779526,36.84573364,-76.19946289,19.2156868,67.66732025,68.35083008,32.49511337
Tue Nov 21 15:01:26 EST 2017,01:26.4,-76.19979508,36.84568395,30.25,5,-30.79999924,259.1,-0.03830723,-3.14119267,9.38527107,0.02787501,-,25.09803963,0.00921964,-0.00390492,-0.32020313,0.85670447,14.11764717,14.50980377,-,-,64.40000153,64.87934875,14.64881134,-,2360,-,-101.0498657,36.84568405,-76.19979858,17.64705849,67.66732025,68.35083008,32.49511337
Tue Nov 21 15:01:27 EST 2017,01:27.4,-76.20012801,36.84563645,30.5,4,-31.10000038,259.1,-0.22984336,-2.83473492,9.38527107,0.03262765,-,25.09803963,0.00000769,-0.0234295,-0.28896379,0.85670447,14.11764717,14.50980377,-,-,64.40000153,64.88921356,14.64881134,-,2360,-,-102.0341187,36.84563828,-76.20012665,17.64705849,68.22655487,67.72946167,32.49511337
Tue Nov 21 15:01:28 EST 2017,01:28.4,-76.20045815,36.84558792,30.5,4,-31.20000076,259.2,-0.42137951,-2.83473492,9.84495735,0.06421989,-,24.31372643,0.04557697,-0.04295408,-0.28896379,0.90356338,36.86274719,37.25490189,-,-,64.40000153,64.90328979,14.64881134,-,2372,-,-102.3622055,36.84558868,-76.20045471,17.64705849,68.22655487,68.97220612,66.17131042
Tue Nov 21 15:01:29 EST 2017,01:29.4,-76.20079571,36.84554013,30.5,5,-31.29999924,259.4,-0.49799395,-2.94965649,9.69172859,0.05293292,-,24.31372643,0.0434953,-0.05076391,-0.30067852,0.88794374,36.86274719,37.25490189,-,-,64.40000153,64.90328979,14.64881134,-,2372,-,-102.6902847,36.84553909,-76.20079803,12.15686321,68.22655487,68.97220612,66.17131042
Tue Nov 21 15:01:30 EST 2017,01:30.4,-76.20113341,36.84547831,30.75,5,-31.20000076,259.1,-0.22984336,-2.7581203,9.76834297,0.05404106,-,17.64705849,0.03530364,-0.0234295,-0.28115395,0.89575356,35.68627548,37.25490189,-,-,64.40000153,64.90328979,14.64881134,-,2372,-,-102.3622055,36.84547806,-76.20113373,12.15686321,68.78578949,68.97220612,66.17131042
Tue Nov 21 15:01:31 EST 2017,01:31.4,-76.20148815,36.84542021,31.25,5,-31.60000038,259.1,-0.2681506,-3.10288548,9.00219822,-0.00997847,-,17.64705849,-0.02864671,-0.02733441,-0.31629819,0.81765527,35.68627548,40,-,-,64.40000153,64.91727448,14.64881134,-,2377,-,-103.6745453,36.84542084,-76.20148468,12.15686321,69.90425873,68.97220612,-
Tue Nov 21 15:01:32 EST 2017,01:32.4,-76.20183654,36.84537327,31,5,-31.89999962,259.3,-0.22984336,-2.94965649,9.0788126,0.02757208,-,17.64705849,0.04157063,-0.01952458,-0.3397277,0.88403887,35.68627548,40,-,-,64.40000153,64.91727448,14.64881134,-,2377,-,-104.6587906,36.84537506,-76.20183563,12.15686321,69.34502411,68.97220612,-
Tue Nov 21 15:01:33 EST 2017,01:33.4,-76.20216622,36.84532357,30.75,5,-31.60000038,259.3,-0.34476504,-2.94965649,9.69172859,0.05228382,-,17.64705849,-0.01446317,-0.02733441,-0.27724904,0.84498966,35.68627548,40,-,-,64.40000153,64.91727448,14.64881134,-,2377,-,-103.6745453,36.84532547,-76.2021637,12.15686321,68.78578949,68.97220612,-
Tue Nov 21 15:01:34 EST 2017,01:34.4,-76.20249874,36.84527779,30.5,5,-31.39999962,259.6,-0.19153613,-2.37504816,9.80665016,0.04874025,-,21.17647171,0.06248564,-0.0234295,-0.23819989,0.93480271,14.50980377,35.29411697,-,-,64.40000153,64.91727448,14.64881134,-,2377,-,-103.0183716,36.84527969,-76.20249939,17.25490189,68.22655487,68.97220612,-
Tue Nov 21 15:01:35 EST 2017,01:35.4,-76.20283428,36.84522912,30.5,6,-31.39999962,259.4,-0.30645782,-2.33674097,10.07480049,0.05266591,-,21.17647171,0.04548211,-0.03123933,-0.24600971,0.91527814,14.50980377,35.29411697,-,-,64.40000153,64.93115997,14.64881134,-,2388,-,-103.0183716,36.8452301,-76.20283508,18.03921509,68.22655487,68.97220612,-
Tue Nov 21 15:01:36 EST 2017,01:36.4,-76.20319137,36.84517096,30.75,6,-31.70000076,259.3,0,-3.33272886,10.11310768,0.06255511,-,25.09803963,0.02687578,-0.02733441,-0.32801294,0.87232411,35.68627548,36.07843018,-,-,64.40000153,64.94495392,14.64881134,-,2393,-,-104.0026245,36.84516907,-76.20319366,18.03921509,68.78578949,68.97220612,-
Tue Nov 21 15:01:37 EST 2017,01:37.4,-76.20353902,36.8451171,31.25,7,-31.79999924,259.1,-0.34476504,-2.22181916,10.87925243,0.0603302,-,20.7843132,0.03028779,0.01171475,-0.27724904,0.89184868,36.86274719,37.25490189,-,-,64.40000153,64.94495392,14.64881134,-,2393,-,-104.3307037,36.84511566,-76.20353699,8.23529434,69.90425873,68.97220612,-
Tue Nov 21 15:01:38 EST 2017,01:38.4,-76.20387059,36.84506366,31.25,7,-31.79999924,259.1,-0.49799395,-3.06457806,9.15542698,0.02842321,-,20.7843132,0.00794113,-0.0234295,-0.35925224,0.84108472,36.86274719,37.25490189,-,-,64.40000153,64.95864868,14.64881134,-,2383,-,-104.3307037,36.84506226,-76.20387268,8.23529434,69.90425873,68.97220612,-
Tue Nov 21 15:01:39 EST 2017,01:39.4,-76.20419956,36.84500268,30.75,7,-31.70000076,259.1,-0.19153613,-2.45166254,10.45787334,0.03784795,-,17.64705849,0.10499245,0,-0.2421048,0.97775686,30.19607925,36.07843018,-,-,64.40000153,64.95864868,14.64881134,-,2376,-,-104.0026245,36.84500122,-76.20420074,9.4117651,68.78578949,68.97220612,-
Tue Nov 21 15:01:40 EST 2017,01:40.4,-76.20454844,36.84494645,31,7,-31.79999924,259.3,-0.03830723,-2.68150592,9.6534214,0.04030544,-,33.72549057,0.02800448,0.00390492,-0.23819989,0.8996585,30.19607925,36.07843018,-,-,64.40000153,64.97014618,14.64881134,-,2376,-,-104.3307037,36.84494781,-76.2045517,23.13725471,69.34502411,68.35083008,-
Tue Nov 21 15:01:41 EST 2017,01:41.4,-76.20488191,36.84489767,31,7,-32.20000076,259.3,-0.76614451,-3.21780705,10.26633644,0.11849564,-,33.72549057,0.09054357,-0.07028849,-0.34753752,0.93089777,39.60784531,14.11764717,-,-,64.40000153,64.98366547,14.64881134,-,2372,-,-105.6430435,36.84489822,-76.20487976,23.13725471,69.34502411,68.97220612,33.16560364
Tue Nov 21 15:01:42 EST 2017,01:42.4,-76.20521518,36.84484446,31,5,-32.40000153,258.7,-0.61291564,-2.56658411,9.11711979,0.07241951,-,27.84313774,-0.03215611,-0.06247865,-0.26162934,0.82936996,33.33333206,29.01960754,-,-,64.40000153,64.98366547,14.64881134,-,2372,-,-106.2992172,36.84484482,-76.20521545,21.56862831,69.34502411,68.97220612,33.16560364
Tue Nov 21 15:01:43 EST 2017,01:43.4,-76.20556686,36.84477992,31,5,-32.09999847,257.8,-0.57460839,-3.25611424,9.6534214,0.05915993,-,27.84313774,0.04051531,-0.05857374,-0.33191785,0.88403887,33.33333206,29.01960754,-,-,64.40000153,64.99710083,14.64881134,-,2361,-,-105.3149567,36.84477997,-76.20556641,21.56862831,69.34502411,68.97220612,33.16560364
Tue Nov 21 15:01:44 EST 2017,01:44.4,-76.20591941,36.84471718,31,4,-31.70000076,257.2,-0.61291564,-3.33272886,8.92558384,0.02466501,-,20,-0.0264578,-0.06247865,-0.3397277,0.80984545,30.58823586,26.27450943,-,-,64.40000153,64.99710083,14.64881134,-,2358,-,-104.0026245,36.84471893,-76.20591736,7.84313726,69.34502411,68.97220612,33.16560364
Tue Nov 21 15:01:45 EST 2017,01:45.4,-76.20625098,36.84464761,30.75,4,-31.29999924,255.4,-0.5363012,-3.17949986,9.15542698,0.00846285,-,16.86274529,-0.00935929,-0.05857374,-0.34753752,0.82546508,30.58823586,26.27450943,-,-,64.40000153,65.00627136,14.64881134,-,2358,-,-102.6902847,36.84464645,-76.20625305,7.45098066,68.78578949,67.72946167,-
Tue Nov 21 15:01:46 EST 2017,01:46.4,-76.20658349,36.84457076,30.25,4,-31,254.5,0.03830723,-3.40934324,9.30865574,0.00708818,-,16.86274529,-0.10041688,-0.08200324,-0.33191785,0.73174709,14.50980377,14.50980377,-,-,64.40000153,65.01122284,14.64881134,-,2297,-,-101.7060394,36.84457016,-76.20658112,7.45098066,67.66732025,66.48671722,-
Tue Nov 21 15:01:47 EST 2017,01:47.4,-76.20690773,36.84450021,30.25,4,-31.10000038,254.2,-0.45968673,-3.40934324,8.88727665,-0.00955456,-,17.64705849,-0.03990446,-0.07809832,-0.3397277,0.79422575,21.96078491,21.96078491,-,-,64.40000153,65.01122284,14.64881134,-,2297,-,-102.0341187,36.8445015,-76.20690918,8.23529434,67.66732025,66.48671722,-
Tue Nov 21 15:01:48 EST 2017,01:48.4,-76.20722894,36.84441832,30,4,-31.10000038,253.4,-0.45968673,-3.29442143,10.11310768,0.06974855,-,17.64705849,0.0065171,-0.04685899,-0.36315718,0.83717978,21.96078491,21.96078491,-,-,64.40000153,65.00992584,14.64881134,-,2247,-,-102.0341187,36.84441757,-76.20722961,7.84313726,67.10808563,64.62260437,-
Tue Nov 21 15:01:49 EST 2017,01:49.4,-76.20754529,36.84433255,29.5,4,-31.5,252.5,-0.22984336,-3.06457806,8.81066227,-0.02980226,-,17.25490189,-0.04847727,-0.0234295,-0.31239328,0.79813069,24.70588303,24.70588303,-,-,64.40000153,65.00992584,14.64881134,-,2221,-,-103.3464584,36.84433365,-76.20754242,7.84313726,65.98961639,64.62260437,-
Tue Nov 21 15:01:50 EST 2017,01:50.4,-76.20785398,36.84424994,29.25,4,-31.70000076,252.1,-0.03830723,-3.56257224,8.81066227,-0.01221877,-,17.25490189,-0.03088779,-0.00390492,-0.36315718,0.79813069,24.70588303,24.70588303,-,-,64.40000153,65.00657654,14.64881134,-,2221,-,-104.0026245,36.84424973,-76.20785522,8.23529434,65.43038177,64.00123596,-
Tue Nov 21 15:01:51 EST 2017,01:51.4,-76.2081675,36.84416208,29,4,-32,251.8,-0.30645782,-3.33272886,9.38527107,0.03471369,-,17.25490189,0.01606066,-0.03123933,-0.3397277,0.85670447,22.74509811,23.13725471,-,-,64.40000153,65.00118256,14.64881134,-,2190,-,-104.9868774,36.84416199,-76.20816803,8.23529434,64.87114716,63.37985992,-
Tue Nov 21 15:01:52 EST 2017,01:52.4,-76.20846804,36.84407622,28.75,4,-32,251.5,-0.2681506,-3.25611424,9.61511421,0.03889499,-,17.25490189,0.0355247,-0.02733441,-0.33191785,0.88013393,25.49019623,27.45098114,-,-,64.40000153,65.00118256,14.64881134,-,2190,-,-104.9868774,36.84407806,-76.20846558,8.23529434,64.31192017,63.37985992,-
Tue Nov 21 15:01:53 EST 2017,01:53.4,-76.20877349,36.84399765,28.5,4,-31.89999962,252,-0.42137951,-2.7581203,9.57680702,0.03581649,-,17.25490189,0.05046899,-0.05466883,-0.27724904,0.91137326,25.49019623,27.45098114,-,-,64.40000153,64.99378204,14.64881134,-,2160,-,-104.6587906,36.84399796,-76.20877075,14.90196133,63.75268173,62.75849152,-
Tue Nov 21 15:01:54 EST 2017,01:54.4,-76.20907545,36.84392775,28.25,4,-32.20000076,252.4,-0.07661445,-2.60489154,9.76834297,0.06379362,-,23.13725471,-0.01217438,0.00390492,-0.27334413,0.84889454,30.58823586,30.58823586,-,-,64.40000153,64.99378204,14.64881134,-,2171,-,-105.6430435,36.84392929,-76.20907593,14.90196133,63.19344711,62.75849152,-
Tue Nov 21 15:01:55 EST 2017,01:55.4,-76.20936752,36.84384722,28,3,-32.59999847,252,-0.65122288,-2.68150592,9.11711979,0.07204811,-,21.96078491,0.09755894,-0.08200324,-0.35534734,0.93480271,30.58823586,30.58823586,-,-,64.40000153,64.98643494,14.64881134,-,2171,-,-106.9553757,36.84384537,-76.20936584,12.15686321,62.63421249,62.75849152,-
Tue Nov 21 15:01:56 EST 2017,01:56.4,-76.20965909,36.84377213,28,3,-32.90000153,251.8,-0.19153613,-2.68150592,9.92157173,0.05116273,-,21.96078491,0.03235174,-0.03904916,-0.30848834,0.88403887,32.15686417,32.54901886,-,-,64.40000153,64.97912598,14.64881134,-,2176,-,-107.9396362,36.84377289,-76.20965576,12.15686321,62.63421249,62.75849152,-
Tue Nov 21 15:01:57 EST 2017,01:57.4,-76.20995517,36.84369164,28.25,3,-33.20000076,251.6,-0.49799395,-2.14520478,9.46188545,0.00929475,-,22.74509811,-0.00936693,-0.05076391,-0.2186753,0.86451429,38.03921509,38.4313736,-,-,64.40000153,64.97912598,14.64881134,-,2176,-,-108.9238892,36.84369278,-76.20995331,13.72549057,63.19344711,62.75849152,-
Tue Nov 21 15:01:58 EST 2017,01:58.4,-76.21025178,36.84360779,28.25,4,-34.40000153,251.2,-0.38307226,-2.87304211,9.69172859,0.0351715,-,22.74509811,0.03153109,-0.03904916,-0.2928687,0.88794374,38.03921509,38.4313736,-,-,64.40000153,64.97389984,14.64881134,-,2196,-,-112.8609009,36.84360886,-76.21025085,21.96078491,63.19344711,63.37985992,32.78025055
Tue Nov 21 15:01:59 EST 2017,01:59.4,-76.21055034,36.84352846,28,4,-34.40000153,251.6,-0.22984336,-2.33674097,9.99818611,0.06591076,-,29.80392265,0.04726847,-0.0234295,-0.23819989,0.91918308,40,40.39215851,-,-,64.40000153,64.97477722,14.64881134,-,2246,-,-112.8609009,36.84352875,-76.2105484,21.96078491,62.63421249,65.24397278,100.3706207
Tue Nov 21 15:02:00 EST 2017,02:00.4,-76.2108604,36.84345001,28.5,5,-34.90000153,251.5,-0.11492168,-3.86903,9.73003578,0.08645004,-,20,0.06781472,-0.01171475,-0.39439651,0.89184868,14.50980377,40.39215851,-,-,64.40000153,64.97477722,14.64881134,-,2246,-,-114.5013199,36.84344864,-76.21086121,16.86274529,63.75268173,65.24397278,100.3706207
Tue Nov 21 15:02:01 EST 2017,02:01.4,-76.21116768,36.84337244,29,4,-34.79999924,251.7,-0.2681506,-2.87304211,9.34696388,0.01616907,-,20,0.04455492,-0.03514424,-0.31239328,0.89575356,14.50980377,22.74509811,-,-,64.40000153,64.97364044,14.64881134,-,2254,-,-114.1732254,36.84337234,-76.21116638,16.86274529,64.87114716,64.62260437,100.3706207
Tue Nov 21 15:02:02 EST 2017,02:02.4,-76.21148612,36.84329526,29.25,3,-35.70000076,251.8,-0.84275901,-2.68150592,9.34696388,0.06886989,-,21.96078491,0.05491173,-0.05857374,-0.2928687,0.91137326,29.41176605,29.80392265,-,-,64.40000153,64.97364044,14.64881134,-,2254,-,-117.1259842,36.84329605,-76.21148682,13.33333397,65.43038177,64.62260437,100.3706207
Tue Nov 21 15:02:03 EST 2017,02:03.4,-76.21179541,36.84321473,29,3,-35.59999847,251.6,-0.34476504,-2.94965649,9.27034855,0.01129436,-,21.96078491,-0.00755103,-0.0234295,-0.26162934,0.85670447,29.41176605,29.80392265,-,-,64.40000153,64.97451782,14.64881134,-,2293,-,-116.7978973,36.84321594,-76.21179199,21.17647171,64.87114716,65.24397278,32.18141174
Tue Nov 21 15:02:04 EST 2017,02:04.4,-76.21210558,36.84313127,29.25,3,-35.5,251.5,-0.2681506,-3.21780705,9.80665016,0.04310871,-,27.84313774,0.05281228,-0.02733441,-0.32801294,0.8996585,29.80392265,14.11764717,-,-,64.40000153,64.97537994,14.64881134,-,2277,-,-116.4698181,36.84313202,-76.2121048,21.17647171,65.43038177,65.24397278,32.18141174
Tue Nov 21 15:02:05 EST 2017,02:05.4,-76.21242292,36.84304449,29.5,3,-35.29999924,251.7,-0.72783732,-2.68150592,9.95987892,0.07304519,-,17.64705849,0.05440534,-0.0741934,-0.27334413,0.91527814,35.68627548,14.11764717,-,-,64.40000153,64.97537994,14.64881134,-,2277,-,-115.8136444,36.84304428,-76.21242523,7.84313726,65.98961639,65.24397278,32.18141174
Tue Nov 21 15:02:06 EST 2017,02:06.4,-76.21272725,36.84296503,29,3,-34.79999924,251.9,-0.30645782,-2.94965649,9.42357826,0.04816293,-,17.64705849,0.00739611,-0.03123933,-0.30067852,0.86060935,35.68627548,35.68627548,-,-,64.40000153,64.97624207,14.64881134,-,2268,-,-114.1732254,36.84296417,-76.21273041,7.84313726,64.87114716,65.24397278,-
Tue Nov 21 15:02:07 EST 2017,02:07.4,-76.21303695,36.84288166,29.25,3,-34.29999924,251.7,0.34476504,-2.64319873,9.99818611,0.07378274,-,26.66666794,0.05514313,0.03514424,-0.26943922,0.91918308,35.29411697,36.86274719,-,-,64.40000153,64.97624207,14.64881134,-,2281,-,-112.5328064,36.84288025,-76.21303558,19.2156868,65.43038177,65.24397278,-
Tue Nov 21 15:02:08 EST 2017,02:08.4,-76.21335066,36.84279934,29.25,4,-34.5,251.8,0.22984336,-2.68150592,9.80665016,0.0296211,-,26.66666794,-0.02113558,0.02733441,-0.2928687,0.8332749,35.29411697,36.86274719,-,-,64.40000153,64.97909546,14.64881134,-,2281,-,-113.1889801,36.84280014,-76.21334839,13.33333397,65.43038177,65.86534882,34.21889114
Tue Nov 21 15:02:09 EST 2017,02:09.4,-76.21366794,36.84272102,29.25,4,-34.20000076,253.1,0.61291564,-3.14119267,9.69172859,0.06338967,-,24.70588303,0.04077191,0.06247865,-0.32020313,0.88794374,33.33333206,33.33333206,-,-,64.40000153,64.98192596,14.64881134,-,2269,-,-112.2047272,36.84272003,-76.21366882,13.33333397,65.43038177,65.86534882,34.21889114
Tue Nov 21 15:02:10 EST 2017,02:10.4,-76.21398918,36.84264922,29.5,4,-34.09999847,254.3,0,-3.29442143,9.15542698,0.01085627,-,17.64705849,-0.00780487,0,-0.33582276,0.8332749,32.94117737,33.33333206,-,-,64.40000153,64.98192596,14.64881134,-,2269,-,-111.8766327,36.84264755,-76.21398926,8.23529434,65.98961639,65.86534882,34.21889114
Tue Nov 21 15:02:11 EST 2017,02:11.4,-76.21430741,36.84258392,29.5,4,-33.79999924,255.6,-0.15322891,-2.18351197,10.07480049,0.09199131,-,17.64705849,0.05131115,-0.01561966,-0.22258021,0.92699289,32.94117737,33.72549057,-,-,64.40000153,64.9827652,14.64881134,-,2261,-,-110.8923874,36.8425827,-76.21430969,8.23529434,65.98961639,65.24397278,-
Tue Nov 21 15:02:12 EST 2017,02:12.4,-76.21462443,36.84251947,29.25,4,-33.5,256.3,-0.07661445,-2.94965649,8.88727665,-0.02643377,-,59.60784531,-0.04635484,0.00390492,-0.29677361,0.80594051,42.35294342,41.96078491,-,-,64.40000153,64.9827652,14.64881134,-,2343,-,-109.9081345,36.84251785,-76.2146225,58.03921509,65.43038177,65.24397278,-
Tue Nov 21 15:02:13 EST 2017,02:13.4,-76.21494587,36.8424672,29.5,5,-33.09999847,257.4,-0.30645782,-3.75410819,9.15542698,0.03135455,-,17.64705849,0.05044721,0.01952458,-0.30848834,0.90356338,42.35294342,41.96078491,-,-,64.40000153,64.99147797,14.64881134,-,2343,-,-108.5957947,36.84246826,-76.21494293,8.23529434,65.98961639,67.72946167,133.3369293
Tue Nov 21 15:02:14 EST 2017,02:14.4,-76.21526674,36.84242409,29.5,5,-32.59999847,258.7,0.11492168,-2.64319873,9.34696388,0.00923312,-,17.64705849,-0.02695169,-0.00390492,-0.24600971,0.84108472,30.19607925,32.54901886,-,-,64.40000153,64.99817657,14.64881134,-,2306,-,-106.9553757,36.84242249,-76.21526337,8.23529434,65.98961639,67.10808563,133.3369293
Tue Nov 21 15:02:15 EST 2017,02:15.4,-76.21559589,36.8423759,29.75,5,-32.40000153,259.4,0.03830723,-3.02627087,9.38527107,0.02837156,-,22.74509811,0.00491645,-0.02733441,-0.3397277,0.84498966,14.11764717,22.35294151,-,-,64.40000153,64.99817657,14.64881134,-,2306,-,-106.2992172,36.84237671,-76.21559906,17.25490189,66.54885101,67.10808563,133.3369293
Tue Nov 21 15:02:16 EST 2017,02:16.4,-76.21592318,36.84233617,30,4,-31.79999924,260.3,0.45968673,-2.98796368,9.6534214,0.05016404,-,22.74509811,-0.01242929,0.05076391,-0.28115395,0.88403887,14.11764717,22.35294151,-,-,64.40000153,65.00287628,14.64881134,-,2319,-,-104.3307037,36.84233475,-76.21591949,17.25490189,67.10808563,66.48671722,-
Tue Nov 21 15:02:17 EST 2017,02:17.4,-76.2162558,36.8422968,30,4,-32,261.2,0.49799395,-2.94965649,9.30865574,0.02025937,-,25.88235283,-0.00297231,0.05076391,-0.30067852,0.84889454,34.90196228,34.11764908,-,-,64.40000153,65.00287628,14.64881134,-,2335,-,-104.9868774,36.8422966,-76.21625519,18.03921509,67.10808563,66.48671722,-
Tue Nov 21 15:02:18 EST 2017,02:18.4,-76.216596,36.84225778,30.25,4,-31.5,262.1,0.07661445,-3.17949986,10.15141487,0.10340017,-,17.64705849,0.08477062,0.00780983,-0.32410803,0.93480271,34.90196228,34.11764908,-,-,64.40000153,65.0094986,14.64881134,-,2335,-,-103.3464584,36.84225845,-76.21659851,8.23529434,67.66732025,67.10808563,33.12142563
Tue Nov 21 15:02:19 EST 2017,02:19.4,-76.21694996,36.84222162,30.25,4,-31.39999962,262.8,-0.57460839,-2.68150592,9.6534214,0.02346699,-,17.64705849,0.0172013,-0.03514424,-0.25381953,0.88403887,29.41176605,31.76470566,-,-,64.40000153,65.01607513,14.64881134,-,2342,-,-103.0183716,36.84222031,-76.21694946,8.23529434,67.66732025,67.10808563,33.12142563
Tue Nov 21 15:02:20 EST 2017,02:20.4,-76.21728149,36.84218721,30,4,-30.79999924,263.2,-0.07661445,-3.52426481,9.6534214,0.06659514,-,23.92156982,0.03261781,-0.0234295,-0.36706212,0.86451429,18.4313736,31.76470566,-,-,64.40000153,65.01607513,14.64881134,-,2342,-,-101.0498657,36.84218597,-76.21728516,8.23529434,67.10808563,67.10808563,33.12142563
Tue Nov 21 15:02:21 EST 2017,02:21.4,-76.21762166,36.84215623,30.25,4,-31.20000076,263.5,-0.11492168,-3.25611424,9.46188545,0.03843136,-,23.92156982,-0.01875342,0.01171475,-0.33582276,0.82156014,18.4313736,14.11764717,-,-,64.40000153,65.02066803,14.64881134,-,2300,-,-102.3622055,36.84215546,-76.21762085,8.23529434,67.66732025,66.48671722,-
Tue Nov 21 15:02:22 EST 2017,02:22.4,-76.21795614,36.84212563,29.75,3,-31.29999924,263.6,-0.03830723,-3.40934324,9.38527107,0.07660111,-,20.3921566,0.06233483,0.00390492,-0.33582276,0.90746832,14.11764717,14.11764717,-,-,64.40000153,65.02066803,14.64881134,-,2300,-,-102.6902847,36.84212494,-76.21795654,9.8039217,66.54885101,66.48671722,-
Tue Nov 21 15:02:23 EST 2017,02:23.4,-76.2182879,36.8420976,29.5,3,-30.70000076,264,0.2681506,-2.18351197,9.15542698,0.04075228,-,20.3921566,0.06400686,0.01171475,-0.26162934,0.93089777,14.11764717,14.11764717,-,-,64.40000153,65.02136993,14.64881134,-,2257,-,-100.7217865,36.84209824,-76.21828461,11.76470566,65.98961639,65.24397278,-
Tue Nov 21 15:02:24 EST 2017,02:24.4,-76.21861551,36.84207511,29.25,4,-30.79999924,265,-0.45968673,-2.71981311,8.54251194,-0.06593227,-,27.84313774,-0.08461967,-0.04685899,-0.27724904,0.7707963,41.5686264,41.96078491,-,-,64.40000153,65.02398682,14.64881134,-,2283,-,-101.0498657,36.84207535,-76.21861267,11.76470566,65.43038177,65.86534882,34.18891144
Tue Nov 21 15:02:25 EST 2017,02:25.4,-76.21894504,36.84205571,29.5,4,-30.39999962,265.8,0.03830723,-2.10689759,9.99818611,0.04039545,-,18.8235302,0.04192949,0.00390492,-0.21477039,0.91918308,34.90196228,38.03921509,-,-,64.40000153,65.02398682,14.64881134,-,2283,-,-99.73753357,36.84205627,-76.21894836,8.23529434,65.98961639,65.86534882,34.18891144
Tue Nov 21 15:02:26 EST 2017,02:26.5,-76.21927674,36.84203552,29.75,4,-30.89999962,265.8,-0.11492168,-2.60489154,9.69172859,0.07415012,-,18.8235302,0.08386296,0.00780983,-0.26553428,0.95042247,34.90196228,38.03921509,-,-,64.40000153,65.02851868,14.64881134,-,2297,-,-101.3779526,36.8420372,-76.21927643,20.7843132,66.54885101,66.48671722,33.54190445
Tue Nov 21 15:02:27 EST 2017,02:27.4,-76.21960584,36.84201913,30,3,-29.89999962,266.3,0.57460839,-3.60087943,9.61511421,0.05180743,-,25.09803963,0.04860806,0.05857374,-0.36706212,0.88013393,14.11764717,14.11764717,-,-,64.40000153,65.02851868,14.64881134,-,2301,-,-98.09711456,36.84201813,-76.21960449,20.7843132,67.10808563,66.48671722,33.54190445
Tue Nov 21 15:02:28 EST 2017,02:28.4,-76.21994227,36.84200597,30,4,-30.10000038,267.2,0.8810662,-3.56257224,9.46188545,0.05352277,-,17.25490189,0.06334697,0.08590815,-0.3397277,0.90356338,14.11764717,14.11764717,-,-,66.19999695,65.03301239,14.64881134,-,2301,-,-98.75328064,36.84200668,-76.21994019,8.23529434,67.10808563,66.48671722,33.54190445
Tue Nov 21 15:02:29 EST 2017,02:29.4,-76.22027331,36.8420006,29.5,3,-29.89999962,268.6,0.19153613,-2.79642749,10.11310768,0.05373232,-,17.25490189,-0.02336725,-0.01171475,-0.27334413,0.83717978,20,29.41176605,-,-,66.19999695,65.03366089,14.64881134,-,2269,-,-98.09711456,36.84199905,-76.22027588,8.23529434,65.98961639,65.24397278,-
Tue Nov 21 15:02:30 EST 2017,02:30.4,-76.22060252,36.84200136,29.25,3,-29.79999924,269.9,-0.15322891,-2.29843354,8.96389103,-0.0375607,-,25.88235283,0.05067959,-0.00390492,-0.25381953,0.91918308,34.90196228,35.68627548,-,-,66.19999695,65.03366089,14.64881134,-,2269,-,-97.76902771,36.84200287,-76.22060394,17.64705849,65.43038177,65.24397278,-
Tue Nov 21 15:02:31 EST 2017,02:31.4,-76.22092809,36.84200319,29.5,3,-29,270.7,-0.15322891,-2.98796368,9.69172859,-0.00992255,-,25.88235283,0.00205026,0.00780983,-0.29677361,0.85670447,34.90196228,35.68627548,-,-,66.19999695,65.03812408,14.64881134,-,2292,-,-95.14435577,36.84200287,-76.22092438,8.23529434,65.98961639,66.48671722,66.69744873
Tue Nov 21 15:02:32 EST 2017,02:32.4,-76.22126248,36.84201031,29.75,3,-29.39999962,270.9,-0.11492168,-2.56658411,9.00219822,-0.02417624,-,21.17647171,-0.04537931,-0.01171475,-0.26162934,0.81765527,36.86274719,35.68627548,-,-,66.19999695,65.03812408,14.64881134,-,2292,-,-96.45669556,36.8420105,-76.22126007,8.23529434,66.54885101,66.48671722,66.69744873
Tue Nov 21 15:02:33 EST 2017,02:33.4,-76.22159436,36.84201316,29.75,3,-29.39999962,270.9,-0.30645782,-2.7581203,9.27034855,0.03862635,-,21.17647171,-0.01324079,-0.03123933,-0.28115395,0.84498966,36.86274719,34.90196228,-,-,66.19999695,65.04445648,14.64881134,-,2309,-,-96.45669556,36.84201431,-76.22159576,12.94117641,66.54885101,67.10808563,24.50662804
Tue Nov 21 15:02:34 EST 2017,02:34.4,-76.22193209,36.84202216,30,3,-29.60000038,271.4,-0.34476504,-2.7581203,9.61511421,0.03926724,-,22.35294151,0.02061574,-0.03514424,-0.28115395,0.88013393,30.58823586,30.98039246,-,-,66.19999695,65.0507431,14.64881134,-,2323,-,-97.11286163,36.84202194,-76.22193146,12.94117641,67.10808563,67.10808563,24.50662804
Tue Nov 21 15:02:35 EST 2017,02:35.4,-76.22227435,36.84202371,30,3,-29.79999924,271.2,-0.11492168,-2.71981311,9.34696388,0.03824688,-,22.35294151,0.05144902,0.00780983,-0.31239328,0.90356338,30.58823586,30.98039246,-,-,66.19999695,65.0507431,14.64881134,-,2323,-,-97.76902771,36.84202194,-76.22227478,14.11764717,67.10808563,67.10808563,24.50662804
Tue Nov 21 15:02:36 EST 2017,02:36.4,-76.22260907,36.84203046,30,3,-29.89999962,271.2,-0.45968673,-2.71981311,9.95987892,0.03705732,-,22.74509811,-0.01883895,-0.05076391,-0.33191785,0.82156014,30.98039246,29.01960754,-,-,66.19999695,65.05699921,14.64881134,-,2323,-,-98.09711456,36.84202957,-76.22261047,14.11764717,67.10808563,67.10808563,-
Tue Nov 21 15:02:37 EST 2017,02:37.4,-76.22293952,36.84204112,30,3,-30.29999924,271.6,-0.07661445,-3.33272886,9.84495735,0.05274686,-,17.64705849,0.02163188,-0.00390492,-0.31239328,0.87232411,24.70588303,29.01960754,-,-,66.19999695,65.05699921,14.64881134,-,2323,-,-99.40944672,36.84204102,-76.22293854,10.1960783,67.10808563,67.10808563,-
Tue Nov 21 15:02:38 EST 2017,02:38.4,-76.22327674,36.84204804,30,3,-30.70000076,271.8,-0.61291564,-3.37103605,8.77235508,-0.00925086,-,17.64705849,-0.00175636,-0.05076391,-0.32801294,0.84108472,24.70588303,19.2156868,-,-,66.19999695,65.0613327,14.64881134,-,2303,-,-100.7217865,36.84204865,-76.22327423,10.1960783,67.10808563,66.48671722,-
Tue Nov 21 15:02:39 EST 2017,02:39.4,-76.22360731,36.8420562,29.75,3,-30.79999924,271.7,-0.49799395,-2.9113493,10.26633644,0.04196634,-,17.64705849,0.06145111,0.11714748,-0.32410803,0.90356338,14.11764717,14.11764717,-,-,66.19999695,65.0613327,14.64881134,-,2230,-,-101.0498657,36.84205627,-76.22360992,8.62745094,66.54885101,66.48671722,-
Tue Nov 21 15:02:40 EST 2017,02:40.4,-76.22393715,36.84206173,29.25,3,-30.10000038,271.3,-0.84275901,-2.94965649,8.73404789,-0.03735864,-,18.4313736,-0.0433435,-0.03123933,-0.2928687,0.80984545,14.11764717,14.11764717,-,-,66.19999695,65.06000519,14.64881134,-,2230,-,-98.75328064,36.84206009,-76.22393799,8.23529434,65.43038177,64.62260437,-
Tue Nov 21 15:02:41 EST 2017,02:41.4,-76.22426262,36.84206712,29,3,-29.89999962,271.4,-0.15322891,-3.17949986,8.73404789,-0.00240783,-,18.4313736,-0.05712802,0.00390492,-0.27334413,0.80203557,28.23529434,30.58823586,-,-,66.19999695,65.0568161,14.64881134,-,2233,-,-98.09711456,36.84206772,-76.22426605,8.23529434,64.87114716,64.00123596,-
Tue Nov 21 15:02:42 EST 2017,02:42.4,-76.22458348,36.842074,28.75,3,-30.20000076,271.5,-0.45968673,-3.10288548,9.80665016,0.07259753,-,21.17647171,0.07677962,-0.04295408,-0.34363261,0.91918308,29.01960754,30.58823586,-,-,66.19999695,65.0568161,14.64881134,-,2233,-,-99.08136749,36.84207535,-76.22458649,10.58823586,64.31192017,64.00123596,-
Tue Nov 21 15:02:43 EST 2017,02:43.4,-76.22490208,36.84207911,28.75,3,-29.5,271.4,-0.11492168,-2.52827692,9.73003578,0.04385263,-,21.17647171,0.02520274,-0.01171475,-0.25772443,0.89184868,29.01960754,29.41176605,-,-,66.19999695,65.0536499,14.64881134,-,2232,-,-96.78477478,36.84207916,-76.22489929,10.58823586,64.31192017,64.00123596,-
Tue Nov 21 15:02:44 EST 2017,02:44.4,-76.22522545,36.84208348,28.75,3,-29.79999924,271.3,-0.11492168,-2.94965649,9.99818611,0.08167535,-,23.13725471,0.06303841,-0.01171475,-0.30067852,0.91918308,31.76470566,32.15686417,-,-,66.19999695,65.0536499,14.64881134,-,2206,-,-97.76902771,36.84208298,-76.22522736,14.50980377,64.31192017,64.00123596,-
Tue Nov 21 15:02:45 EST 2017,02:45.4,-76.22554561,36.84209215,28.75,3,-29.89999962,271.4,-0.34476504,-3.06457806,9.50019264,0.0134336,-,23.52941132,0.01851308,-0.03514424,-0.31239328,0.86841917,31.76470566,32.15686417,-,-,66.19999695,65.04863739,14.64881134,-,2206,-,-98.09711456,36.84209061,-76.22554779,17.25490189,64.31192017,63.37985992,-
Tue Nov 21 15:02:46 EST 2017,02:46.4,-76.22586725,36.8420977,28.75,4,-29.5,271.4,0.11492168,-2.9113493,9.15542698,0.00745089,-,23.52941132,-0.00316363,-0.04685899,-0.30067852,0.84889454,34.50980377,29.41176605,-,-,66.19999695,65.04550934,14.64881134,-,2222,-,-96.78477478,36.84209824,-76.22586823,17.25490189,64.31192017,64.00123596,33.19443512
Tue Nov 21 15:02:47 EST 2017,02:47.4,-76.22618892,36.84210695,28.75,3,-29.29999924,271.4,-0.34476504,-2.94965649,9.53849983,0.03735989,-,22.74509811,-0.01701337,-0.03904916,-0.2928687,0.83717978,34.90196228,31.76470566,-,-,66.19999695,65.04550934,14.64881134,-,2222,-,-96.1286087,36.84210587,-76.22618866,15.29411793,64.31192017,64.00123596,33.19443512
Tue Nov 21 15:02:48 EST 2017,02:48.4,-76.22651594,36.84211227,29,3,-29.5,271.4,-0.61291564,-2.83473492,9.6534214,0.04649013,-,22.74509811,0.08716629,0.01171475,-0.35534734,0.92699289,34.90196228,31.76470566,-,-,64.40000153,65.04425049,14.64881134,-,2237,-,-96.78477478,36.84211349,-76.22651672,13.72549057,64.87114716,64.62260437,32.81041718
Tue Nov 21 15:02:49 EST 2017,02:49.4,-76.22683935,36.84211782,29,4,-29.60000038,271.3,-0.2681506,-2.03028297,9.50019264,0.03191718,-,17.64705849,0.0301693,-0.0234295,-0.26162934,0.89575356,21.96078491,31.76470566,-,-,64.40000153,65.04425049,14.64881134,-,2251,-,-97.11286163,36.84211731,-76.22683716,13.72549057,64.87114716,64.62260437,32.81041718
Tue Nov 21 15:02:50 EST 2017,02:50.4,-76.22716556,36.84211954,29,3,-29.5,271.3,-0.72783732,-3.56257224,10.41956615,0.14395469,-,24.31372643,-0.00719759,-0.06247865,-0.29677361,0.84498966,21.96078491,31.76470566,-,-,64.40000153,65.04299927,14.64881134,-,2251,-,-96.78477478,36.84212112,-76.22716522,22.74509811,64.87114716,64.62260437,32.81041718
Tue Nov 21 15:02:51 EST 2017,02:51.4,-76.22749262,36.84212595,29.25,3,-29.5,271.5,-0.15322891,-1.68551803,9.57680702,0.07621088,-,24.31372643,-0.00830475,-0.01561966,-0.1718163,0.87622905,17.25490189,32.94117737,-,-,64.40000153,65.04359436,14.64881134,-,2284,-,-96.78477478,36.84212494,-76.22749329,22.74509811,65.43038177,65.24397278,32.96071625
Tue Nov 21 15:02:52 EST 2017,02:52.4,-76.22782477,36.84213713,29.5,4,-30,271.7,0.5363012,-3.10288548,9.38527107,0.02811676,-,27.84313774,0.00946152,0.05466883,-0.31629819,0.85670447,36.86274719,36.86274719,-,-,64.40000153,65.04359436,14.64881134,-,2284,-,-98.42519379,36.84213638,-76.22782135,20,65.98961639,65.24397278,32.96071625
Tue Nov 21 15:02:53 EST 2017,02:53.4,-76.22815786,36.8421493,29.75,3,-30.10000038,272.8,-0.61291564,-2.94965649,7.89128876,0.00337901,-,27.84313774,0.02219927,0.00390492,-0.28896379,0.88013393,36.86274719,36.86274719,-,-,64.40000153,65.04785156,14.64881134,-,2307,-,-98.75328064,36.84214783,-76.22815704,8.23529434,66.54885101,66.48671722,65.03448486
Tue Nov 21 15:02:54 EST 2017,02:54.4,-76.22849016,36.84216448,29.75,4,-30.39999962,273.3,-0.57460839,-2.98796368,9.46188545,0.03215832,-,16.86274529,-0.01005272,-0.03123933,-0.31629819,0.83717978,14.11764717,23.52941132,-,-,64.40000153,65.05025482,14.64881134,-,2293,-,-99.73753357,36.84216309,-76.22849274,8.23529434,66.54885101,65.86534882,65.03448486
Tue Nov 21 15:02:55 EST 2017,02:55.4,-76.22882612,36.84217967,29.5,3,-30.29999924,273.3,-0.34476504,-2.52827692,9.76834297,0.06614409,-,25.88235283,0.12430127,-0.03904916,-0.27334413,0.98947155,35.29411697,23.52941132,-,-,64.40000153,65.05025482,14.64881134,-,2293,-,-99.40944672,36.84217834,-76.22882843,17.64705849,65.98961639,65.86534882,65.03448486
Tue Nov 21 15:02:56 EST 2017,02:56.4,-76.22915471,36.84219837,29.5,4,-30.70000076,273.6,-0.22984336,-3.44765043,8.35097599,-0.05973768,-,25.88235283,-0.08579567,-0.05466883,-0.34753752,0.74346179,35.29411697,33.33333206,-,-,64.40000153,65.05446625,14.64881134,-,2296,-,-100.7217865,36.84219742,-76.22915649,17.64705849,65.98961639,66.48671722,33.49475098
Tue Nov 21 15:02:57 EST 2017,02:57.4,-76.22948646,36.84222321,29.75,4,-31.10000038,274.2,0.11492168,-2.83473492,10.57279491,0.13488394,-,17.64705849,0.11626519,0.01171475,-0.28896379,0.97775686,27.45098114,28.62745094,-,-,64.40000153,65.05446625,14.64881134,-,2296,-,-102.0341187,36.84222412,-76.22948456,11.76470566,66.54885101,66.48671722,33.49475098
Tue Nov 21 15:02:58 EST 2017,02:58.4,-76.22982136,36.84224971,29.75,4,-31.29999924,275,-0.03830723,-2.29843354,9.38527107,0.03343,-,17.64705849,-0.01467984,-0.00390492,-0.23429495,0.85670447,27.45098114,28.62745094,-,-,64.40000153,65.05865479,14.64881134,-,2296,-,-102.6902847,36.84225082,-76.22982025,16.47058868,66.54885101,66.48671722,33.49475098
Tue Nov 21 15:02:59 EST 2017,02:59.4,-76.23015319,36.84227986,29.75,4,-31.5,276,0.30645782,-3.14119267,10.6111021,0.14749366,-,27.05882454,0.12887922,0.03123933,-0.32020313,0.98166174,34.50980377,34.11764908,-,-,64.40000153,65.06282043,14.64881134,-,2308,-,-103.3464584,36.84228134,-76.23015594,16.47058868,66.54885101,66.48671722,-
Tue Nov 21 15:03:00 EST 2017,03:00.4,-76.23048282,36.84231265,30,4,-31.70000076,277.2,0.2681506,-2.48996973,10.07480049,0.07984996,-,23.92156982,0.05860816,0.02733441,-0.25381953,0.92699289,32.15686417,34.11764908,-,-,64.40000153,65.06282043,14.64881134,-,2308,-,-104.0026245,36.84231186,-76.23048401,15.68627453,67.10808563,66.48671722,-
Tue Nov 21 15:03:01 EST 2017,03:01.4,-76.23081815,36.84235777,30,4,-32,278.3,0.11492168,-3.06457806,9.61511421,0.04778045,-,23.92156982,0.04714461,0.0234295,-0.29677361,0.90356338,32.15686417,32.15686417,-,-,64.40000153,65.06695557,14.64881134,-,2299,-,-104.9868774,36.84235764,-76.2308197,15.68627453,67.10808563,66.48671722,-
Tue Nov 21 15:03:02 EST 2017,03:02.4,-76.23115179,36.84240508,30.25,5,-32.09999847,279.6,0.57460839,-2.68150592,9.84495735,0.04934615,-,25.88235283,0.01906718,0.03514424,-0.24600971,0.88794374,32.54901886,32.54901886,-,-,64.40000153,65.06695557,14.64881134,-,2289,-,-105.3149567,36.84240341,-76.2311554,18.03921509,67.66732025,66.48671722,-
Tue Nov 21 15:03:03 EST 2017,03:03.4,-76.23147711,36.84246485,29.75,4,-31.29999924,282.1,0.49799395,-2.94965649,9.04050541,0.02443204,-,25.88235283,-0.00872791,0.03904916,-0.26943922,0.85279953,32.54901886,32.54901886,-,-,64.40000153,65.0692749,14.64881134,-,2289,-,-102.6902847,36.84246445,-76.23147583,16.07843208,66.54885101,65.86534882,-
Tue Nov 21 15:03:04 EST 2017,03:04.4,-76.23180245,36.84253766,29.75,4,-31.29999924,283.6,0.15322891,-2.48996973,8.92558384,0.04089473,-,25.49019623,0.02237839,0.01952458,-0.28896379,0.88013393,30.58823586,27.84313774,-,-,64.40000153,65.06977081,14.64881134,-,2257,-,-102.6902847,36.84253693,-76.23180389,16.07843208,66.54885101,65.24397278,-
Tue Nov 21 15:03:05 EST 2017,03:05.4,-76.23211903,36.84261288,29.5,4,-30.79999924,285.8,0,-2.68150592,9.76834297,0.05159003,-,26.66666794,0.0329428,0,-0.27334413,0.89575356,34.90196228,27.84313774,-,-,64.40000153,65.06977081,14.64881134,-,2257,-,-101.0498657,36.84261322,-76.2321167,19.6078434,65.98961639,65.24397278,-
Tue Nov 21 15:03:06 EST 2017,03:06.4,-76.23243367,36.84269682,29.25,4,-31.10000038,287.2,-0.49799395,-2.98796368,9.04050541,-0.02727841,-,26.66666794,-0.02775172,-0.05076391,-0.30458343,0.82156014,34.90196228,29.80392265,-,-,64.40000153,65.06848907,14.64881134,-,2240,-,-102.0341187,36.84269714,-76.23243713,19.6078434,65.43038177,64.62260437,-
Tue Nov 21 15:03:07 EST 2017,03:07.4,-76.23274057,36.84277896,29,3,-30.29999924,287.6,-0.22984336,-2.94965649,9.19373417,0.00351131,-,22.35294151,-0.00859719,-0.07028849,-0.27724904,0.84889454,31.37254906,33.72549057,-,-,64.40000153,65.06848907,14.64881134,-,2240,-,-99.40944672,36.84277725,-76.23274231,13.33333397,64.87114716,64.62260437,-
Tue Nov 21 15:03:08 EST 2017,03:08.4,-76.23304922,36.84285357,28.75,4,-30,287.6,-0.34476504,-2.14520478,9.80665016,0.04289991,-,22.35294151,0.04062529,-0.04685899,-0.20305562,0.91918308,31.37254906,33.72549057,-,-,64.40000153,65.06542206,14.64881134,-,2256,-,-98.42519379,36.84285355,-76.23304749,22.35294151,64.31192017,64.00123596,-
Tue Nov 21 15:03:09 EST 2017,03:09.4,-76.23336019,36.84293239,29,4,-30.29999924,287.4,-0.15322891,-2.48996973,10.57279491,0.05510236,-,31.37254906,0.10773013,-0.01561966,-0.25381953,0.97775686,41.5686264,36.07843018,-,-,64.40000153,65.06593323,14.64881134,-,2259,-,-99.40944672,36.84293365,-76.23336029,22.35294151,64.87114716,65.24397278,66.85532379
Tue Nov 21 15:03:10 EST 2017,03:10.4,-76.23367286,36.8430073,29.25,3,-30.20000076,287.2,-0.61291564,-2.33674097,9.95987892,0.06371647,-,31.37254906,0.04507337,-0.06247865,-0.23819989,0.91527814,34.11764908,36.07843018,-,-,64.40000153,65.06593323,14.64881134,-,2259,-,-99.08136749,36.84300613,-76.2336731,24.70588303,65.43038177,65.24397278,66.85532379
Tue Nov 21 15:03:11 EST 2017,03:11.4,-76.23399209,36.84308646,29.75,3,-30,287.1,-0.30645782,-3.48595762,9.27034855,0.02907568,-,31.37254906,0.01042081,-0.03123933,-0.35534734,0.84498966,34.11764908,33.72549057,-,-,64.40000153,65.06999207,14.64881134,-,2307,-,-98.42519379,36.84308624,-76.23399353,24.70588303,66.54885101,66.48671722,66.02224731
Tue Nov 21 15:03:12 EST 2017,03:12.4,-76.23431657,36.84315777,29.75,3,-29.5,286.9,0.07661445,-2.68150592,9.34696388,-0.05785985,-,20.7843132,-0.04576301,-0.05857374,-0.25381953,0.81765527,33.33333206,35.68627548,-,-,64.40000153,65.06999207,14.64881134,-,2296,-,-96.78477478,36.84315872,-76.23431396,8.23529434,66.54885101,66.48671722,66.02224731
Tue Nov 21 15:03:13 EST 2017,03:13.4,-76.23463724,36.8432332,29.5,3,-29.39999962,287,-0.19153613,-2.7581203,9.27034855,0.00512075,-,18.8235302,-0.02283612,-0.00780983,-0.30067852,0.82936996,33.33333206,35.68627548,-,-,64.40000153,65.072258,14.64881134,-,2296,-,-96.45669556,36.84323502,-76.2346344,8.62745094,65.98961639,65.86534882,66.02224731
Tue Nov 21 15:03:14 EST 2017,03:14.4,-76.23495414,36.84331197,29.5,3,-29.29999924,287.6,-0.5363012,-2.26012635,9.30865574,-0.03761519,-,18.8235302,0.04303458,-0.03514424,-0.15229172,0.93089777,30.58823586,33.72549057,-,-,64.40000153,65.07450867,14.64881134,-,2319,-,-96.1286087,36.84331131,-76.23495483,8.62745094,65.98961639,65.86534882,-
Tue Nov 21 15:03:15 EST 2017,03:15.4,-76.23526741,36.84339389,29.5,4,-29.20000076,287.8,-0.03830723,-2.87304211,9.76834297,0.05693668,-,19.2156868,0.05176824,0.00780983,-0.30067852,0.90746832,15.29411793,33.72549057,-,-,64.40000153,65.07450867,14.64881134,-,2319,-,-95.80052948,36.84339523,-76.23526764,16.47058868,65.98961639,65.86534882,-
Tue Nov 21 15:03:16 EST 2017,03:16.4,-76.23558811,36.84347445,29.75,4,-29.60000038,287.7,-0.49799395,-2.79642749,9.46188545,0.03341139,-,19.2156868,-0.0226332,-0.08200324,-0.27724904,0.8332749,15.29411793,25.88235283,-,-,64.40000153,65.07675171,14.64881134,-,2295,-,-97.11286163,36.84347534,-76.23558807,16.47058868,66.54885101,65.86534882,-
Tue Nov 21 15:03:17 EST 2017,03:17.4,-76.2359042,36.84355706,29.5,3,-30.70000076,287.5,0.19153613,-3.25611424,9.84495735,0.07620865,-,24.70588303,0.05756985,0.01952458,-0.33191785,0.90356338,35.68627548,34.11764908,-,-,64.40000153,65.07675171,14.64881134,-,2292,-,-100.7217865,36.84355545,-76.23590088,17.25490189,65.98961639,65.86534882,-
Tue Nov 21 15:03:18 EST 2017,03:18.4,-76.23622553,36.84363578,29.75,3,-30.79999924,287.3,-0.42137951,-2.94965649,9.11711979,0.01573999,-,20.7843132,-0.02192305,-0.04295408,-0.30067852,0.82936996,35.68627548,34.11764908,-,-,64.40000153,65.08073425,14.64881134,-,2292,-,-101.0498657,36.84363556,-76.23622894,8.23529434,66.54885101,66.48671722,33.32829285
Tue Nov 21 15:03:19 EST 2017,03:19.4,-76.23654184,36.84371561,29.75,3,-32.40000153,287.4,-0.68953007,-3.06457806,9.53849983,0.04269141,-,20.7843132,-0.02314848,-0.06247865,-0.32801294,0.81765527,32.54901886,32.54901886,-,-,64.40000153,65.08469391,14.64881134,-,2321,-,-106.2992172,36.84371567,-76.23654175,8.23529434,66.54885101,66.48671722,33.32829285
Tue Nov 21 15:03:20 EST 2017,03:20.4,-76.23685968,36.84379755,30,3,-32.79999924,287.7,-0.19153613,-2.79642749,9.50019264,0.02598392,-,27.45098114,0.01574519,-0.01561966,-0.24991462,0.88403887,36.86274719,37.25490189,-,-,64.40000153,65.08469391,14.64881134,-,2321,-,-107.6115494,36.84379578,-76.23686218,15.29411793,67.10808563,66.48671722,33.32829285
Tue Nov 21 15:03:21 EST 2017,03:21.4,-76.23718003,36.84387849,30,3,-32.70000076,287.5,-0.03830723,-3.37103605,9.04050541,0.00255054,-,27.45098114,0.06496727,-0.00780983,-0.32020313,0.91527814,36.86274719,37.25490189,-,-,64.40000153,65.09212494,14.64881134,-,2348,-,-107.2834702,36.8438797,-76.23718262,12.15686321,67.10808563,67.72946167,65.28860474
Tue Nov 21 15:03:22 EST 2017,03:22.4,-76.23750534,36.84396093,30.75,3,-33.5,287.3,0,-2.9113493,10.22802925,0.04804814,-,17.64705849,0.05246438,0.00390492,-0.32801294,0.8996585,29.41176605,33.33333206,-,-,64.40000153,65.09212494,14.64881134,-,2381,-,-109.9081345,36.84395981,-76.23750305,12.15686321,68.78578949,67.72946167,65.28860474
Tue Nov 21 15:03:23 EST 2017,03:23.4,-76.23783594,36.84404162,30.75,3,-34.90000153,287.4,-0.15322891,-3.37103605,9.99818611,0.09466785,-,17.64705849,0.0760354,-0.01561966,-0.34363261,0.91918308,29.41176605,33.33333206,-,-,64.40000153,65.1029892,14.64881134,-,2381,-,-114.5013199,36.84403992,-76.23783875,9.8039217,68.78578949,68.97220612,65.80206299
Tue Nov 21 15:03:24 EST 2017,03:24.4,-76.23816817,36.84412778,31,3,-35.40000153,287.2,0.07661445,-3.44765043,10.30464458,0.093181,-,17.64705849,0.10806067,0.00780983,-0.35144243,0.95042247,14.11764717,14.11764717,-,-,64.40000153,65.11206818,14.64881134,-,2365,-,-116.1417389,36.84412766,-76.23816681,9.8039217,69.34502411,68.35083008,65.80206299
Tue Nov 21 15:03:25 EST 2017,03:25.4,-76.23849548,36.84420863,30.75,3,-35.40000153,287.4,0.34476504,-3.40934324,9.84495735,0.08161801,-,17.25490189,0.06298099,0.03514424,-0.34753752,0.90356338,14.11764717,14.11764717,-,-,64.40000153,65.11206818,14.64881134,-,2365,-,-116.1417389,36.84420776,-76.23849487,7.84313726,68.78578949,68.35083008,65.80206299
Tue Nov 21 15:03:26 EST 2017,03:26.4,-76.23882025,36.84429002,30.25,3,-35,287.5,0.57460839,-3.52426481,8.73404789,-0.01914543,-,17.25490189,-0.0378168,0.05857374,-0.35925224,0.79032087,14.11764717,14.11764717,-,-,64.40000153,65.1158905,14.64881134,-,2308,-,-114.8293991,36.84429169,-76.23882294,7.84313726,67.66732025,66.48671722,-
Tue Nov 21 15:03:27 EST 2017,03:27.4,-76.23913691,36.84437515,29.75,4,-35,288.5,1.37906015,-3.33272886,9.6534214,0.0347731,-,17.25490189,0.03963506,0.12886222,-0.34363261,0.87232411,15.29411793,19.2156868,-,-,64.40000153,65.11452484,14.64881134,-,2230,-,-114.8293991,36.84437561,-76.23913574,7.84313726,66.54885101,64.62260437,-
Tue Nov 21 15:03:28 EST 2017,03:28.4,-76.2394393,36.84447011,29,4,-34.70000076,290.6,0.91937345,-2.64319873,9.27034855,0.00610989,-,22.35294151,0.00569824,0.10933765,-0.28896379,0.85670447,36.47058868,19.2156868,-,-,66.19999695,65.11452484,14.64881134,-,2230,-,-113.8451462,36.84447098,-76.23944092,10.58823586,64.87114716,64.62260437,-
Tue Nov 21 15:03:29 EST 2017,03:29.4,-76.23973082,36.8445769,28.75,4,-34.20000076,293.3,0.68953007,-2.7581203,9.80665016,0.02646799,-,22.35294151,-0.00340846,0.05857374,-0.28505886,0.85279953,36.47058868,37.64706039,-,-,66.19999695,65.11144257,14.64881134,-,2231,-,-112.2047272,36.84457779,-76.23973083,10.58823586,64.31192017,64.00123596,-
Tue Nov 21 15:03:30 EST 2017,03:30.4,-76.240019,36.84469124,28.75,4,-33.90000153,295.5,0.65122288,-2.68150592,10.22802925,0.03429908,-,24.31372643,0.08026,0.06638357,-0.27334413,0.94261253,33.72549057,37.64706039,-,-,66.19999695,65.11144257,14.64881134,-,2231,-,-111.2204742,36.84469223,-76.24002075,16.07843208,64.31192017,64.00123596,-
Tue Nov 21 15:03:31 EST 2017,03:31.4,-76.24030214,36.84480533,28.5,4,-33.79999924,296.4,0.8810662,-2.52827692,9.95987892,0.06293096,-,24.31372643,0.01400863,0.07809832,-0.23039004,0.88403887,33.72549057,36.47058868,-,-,66.19999695,65.11144257,14.64881134,-,2231,-,-110.8923874,36.84480667,-76.24030304,16.07843208,63.75268173,64.00123596,-
Tue Nov 21 15:03:32 EST 2017,03:32.4,-76.2405772,36.84494134,28.75,4,-33,299.8,0.19153613,-2.37504816,9.11711979,0.01043085,-,24.31372643,-0.04953625,0.04685899,-0.22648512,0.82156014,33.72549057,36.47058868,-,-,66.19999695,65.11009216,14.64881134,-,2228,-,-108.2677155,36.84494019,-76.2405777,16.07843208,64.31192017,64.62260437,-
Tue Nov 21 15:03:33 EST 2017,03:33.4,-76.24085365,36.84508435,29,4,-32.90000153,302.1,-0.03830723,-2.56658411,9.57680702,0.03258278,-,24.31372643,0.01103228,-0.00390492,-0.26162934,0.87622905,33.72549057,36.47058868,-,-,66.19999695,65.11009216,14.64881134,-,2228,-,-107.9396362,36.84508514,-76.24085236,16.07843208,64.87114716,64.62260437,-
Tue Nov 21 15:03:34 EST 2017,03:34.4,-76.24112354,36.84523118,29,4,-32.59999847,303.5,-0.80445176,-2.64319873,9.11711979,-0.00989211,-,27.05882454,-0.02779095,-0.07809832,-0.27334413,0.82936996,35.29411697,38.03921509,-,-,66.19999695,65.11009216,14.64881134,-,2228,-,-106.9553757,36.8452301,-76.24112701,20,64.87114716,64.62260437,-
Tue Nov 21 15:03:35 EST 2017,03:35.4,-76.24139796,36.84537443,29.25,4,-32.40000153,303.1,-1.03429508,-2.64319873,9.73003578,0.00474411,-,27.05882454,-0.01412261,-0.09371798,-0.27724904,0.84108472,35.29411697,38.03921509,-,-,66.19999695,65.11045837,14.64881134,-,2261,-,-106.2992172,36.84537506,-76.24140167,16.86274529,65.43038177,65.24397278,-
Tue Nov 21 15:03:36 EST 2017,03:36.4,-76.24167217,36.84551544,29.25,4,-31.39999962,302.4,-0.8810662,-2.29843354,9.95987892,0.06482512,-,24.31372643,0.04293949,-0.0976229,-0.24991462,0.90746832,36.47058868,34.90196228,-,-,66.19999695,65.11082458,14.64881134,-,2250,-,-103.0183716,36.8455162,-76.2416687,16.86274529,65.43038177,65.24397278,-
Tue Nov 21 15:03:37 EST 2017,03:37.4,-76.24195401,36.84564682,29.25,4,-31,300.1,-1.37906015,-3.17949986,9.61511421,0.06085914,-,25.88235283,0.03108723,-0.10933765,-0.32410803,0.88013393,36.47058868,34.90196228,-,-,66.19999695,65.11082458,14.64881134,-,2250,-,-101.7060394,36.8456459,-76.24195099,19.2156868,65.43038177,65.24397278,-
Tue Nov 21 15:03:38 EST 2017,03:38.4,-76.24224434,36.84576146,29.25,3,-30.10000038,297.3,-1.64721072,-3.48595762,9.00219822,0.01702446,-,25.88235283,-0.00138188,-0.16791138,-0.35534734,0.81765527,14.11764717,14.50980377,-,-,64.40000153,65.10948944,14.64881134,-,2220,-,-98.75328064,36.84576035,-76.24224091,19.2156868,65.43038177,64.62260437,-
Tue Nov 21 15:03:39 EST 2017,03:39.4,-76.24254256,36.84586669,29,3,-29,294.8,-1.68551803,-3.02627087,11.03248119,0.06550244,-,24.31372643,0.1791506,-0.1718163,-0.30848834,1.02461576,36.86274719,37.25490189,-,-,64.40000153,65.10948944,14.64881134,-,2220,-,-95.14435577,36.84586716,-76.24254608,12.15686321,64.87114716,64.62260437,-
Tue Nov 21 15:03:40 EST 2017,03:40.4,-76.24283996,36.84596128,28.75,4,-28.79999924,291.8,-1.60890353,-2.26012635,9.6534214,0.0428701,-,24.31372643,0.08728559,-0.18743597,-0.28896379,0.93089777,36.86274719,37.25490189,-,-,64.40000153,65.10646057,14.64881134,-,2219,-,-94.4881897,36.84596252,-76.24284363,18.8235302,64.31192017,64.00123596,-
Tue Nov 21 15:03:41 EST 2017,03:41.4,-76.24315037,36.84603,28.75,3,-28.5,287.3,-1.30244577,-2.14520478,8.73404789,-0.05465382,-,26.66666794,0.07393462,-0.18353106,-0.29677361,0.91527814,34.90196228,30.58823586,-,-,64.40000153,65.10514069,14.64881134,-,2205,-,-93.50393677,36.84603119,-76.2431488,18.8235302,64.31192017,64.62260437,33.79554749
Tue Nov 21 15:03:42 EST 2017,03:42.4,-76.24346726,36.84609251,29,4,-27.70000076,284.2,-1.99197578,-2.06859016,9.80665016,0.0263721,-,28.62745094,0.02571609,-0.10152781,-0.22258021,0.89575356,36.07843018,30.58823586,-,-,64.40000153,65.10514069,14.64881134,-,2205,-,-90.87926483,36.84609222,-76.24346924,16.47058868,64.87114716,64.62260437,33.79554749
Tue Nov 21 15:03:43 EST 2017,03:43.4,-76.24378825,36.84613179,29,4,-27.70000076,281.2,-2.14520478,-2.94965649,11.22401714,0.09632504,-,28.62745094,0.20161481,-0.14057697,-0.36315718,1.03633046,36.07843018,33.33333206,-,-,64.40000153,65.10382843,14.64881134,-,2233,-,-90.87926483,36.84613037,-76.24378967,16.47058868,64.87114716,64.62260437,33.79554749
Tue Nov 21 15:03:44 EST 2017,03:44.4,-76.24410938,36.84615028,29,4,-27.79999924,276.4,-1.64721072,-3.25611424,9.19373417,0.06260478,-,23.92156982,-0.01636157,-0.16400647,-0.28896379,0.83717978,30.98039246,19.6078434,-,-,64.40000153,65.10382843,14.64881134,-,2198,-,-91.20734406,36.84614944,-76.24411011,14.50980377,64.87114716,64.62260437,33.79554749
Tue Nov 21 15:03:45 EST 2017,03:45.4,-76.24443382,36.84616591,28.75,4,-27.79999924,273.4,-0.99598789,-2.98796368,9.6534214,0.05409008,-,23.92156982,0.03544365,-0.10152781,-0.30458343,0.88403887,30.98039246,19.6078434,-,-,64.40000153,65.10083771,14.64881134,-,2198,-,-91.20734406,36.8461647,-76.24443054,17.64705849,64.31192017,64.00123596,-
Tue Nov 21 15:03:46 EST 2017,03:46.4,-76.24475328,36.84615552,28.75,4,-27.20000076,268.8,-1.34075296,-2.7581203,9.27034855,0.0143553,-,25.49019623,-0.00430467,-0.13667206,-0.28115395,0.84498966,34.50980377,34.90196228,-,-,64.40000153,65.09954834,14.64881134,-,2240,-,-89.23884583,36.84615707,-76.24475098,17.64705849,64.31192017,64.62260437,32.01433182
Tue Nov 21 15:03:47 EST 2017,03:47.4,-76.24507915,36.84614441,28.75,4,-27.20000076,265.2,-1.64721072,-2.56658411,9.92157173,0.058911,-,27.05882454,0.05843518,-0.16791138,-0.26162934,0.91137326,36.47058868,34.90196228,-,-,64.40000153,65.09954834,14.64881134,-,2240,-,-89.23884583,36.84614563,-76.24507904,18.8235302,64.31192017,64.62260437,32.01433182
Tue Nov 21 15:03:48 EST 2017,03:48.4,-76.24539803,36.84610622,29.25,4,-27.60000038,261.6,-0.42137951,-2.10689759,9.88326454,0.05000132,-,27.05882454,-0.01483482,-0.0976229,-0.27334413,0.84108472,36.47058868,38.4313736,-,-,66.19999695,65.10161591,14.64881134,-,2274,-,-90.55118561,36.84610748,-76.24539948,18.8235302,65.43038177,65.86534882,65.79498291
Tue Nov 21 15:03:49 EST 2017,03:49.4,-76.24572846,36.84605279,29.75,4,-27.29999924,257.8,-0.68953007,-2.48996973,9.84495735,0.04919313,-,18.8235302,0.02532924,-0.04295408,-0.29677361,0.88013393,21.17647171,32.15686417,-,-,66.19999695,65.10161591,14.64881134,-,2274,-,-89.56692505,36.84605408,-76.24572754,16.86274529,66.54885101,65.86534882,65.79498291
Tue Nov 21 15:03:50 EST 2017,03:50.4,-76.24604847,36.84598273,29.5,4,-27.60000038,255.8,-0.9576807,-3.40934324,10.18972206,0.11864811,-,18.8235302,0.00065586,-0.05076391,-0.32410803,0.84498966,21.17647171,32.15686417,-,-,66.19999695,65.10366821,14.64881134,-,2307,-,-90.55118561,36.8459816,-76.24604797,14.90196133,65.98961639,65.86534882,65.79498291
Tue Nov 21 15:03:51 EST 2017,03:51.4,-76.2463683,36.8459093,29.75,4,-27.89999962,254.6,-0.22984336,-3.06457806,9.0788126,0.09005594,-,17.64705849,0.04169515,0.01952458,-0.27724904,0.90356338,14.90196133,29.80392265,-,-,66.19999695,65.10570526,14.64881134,-,2296,-,-91.53543091,36.84590912,-76.24636841,14.90196133,66.54885101,65.86534882,-
Tue Nov 21 15:03:52 EST 2017,03:52.4,-76.24669116,36.8458322,29.75,4,-27.79999924,254.3,0.19153613,-3.48595762,9.0788126,0.01053339,-,16.47058868,-0.00812782,0.01952458,-0.35534734,0.82546508,14.11764717,29.80392265,-,-,66.19999695,65.10570526,14.64881134,-,2296,-,-91.20734406,36.84583282,-76.24668884,7.84313726,66.54885101,65.86534882,-
Tue Nov 21 15:03:53 EST 2017,03:53.4,-76.24700583,36.84576282,29.5,4,-27.79999924,254.4,0.65122288,-4.06056595,7.92959595,-0.0059893,-,16.47058868,-0.08913151,0.06638357,-0.41392109,0.70831758,14.11764717,14.11764717,-,-,66.19999695,65.10441589,14.64881134,-,2230,-,-91.20734406,36.84576416,-76.24700928,7.84313726,65.98961639,64.62260437,-
Tue Nov 21 15:03:54 EST 2017,03:54.4,-76.24731888,36.84569555,29,4,-27.60000038,254.8,1.30244577,-3.52426481,9.46188545,0.0061717,-,16.47058868,-0.01249104,0.13276714,-0.35925224,0.80984545,14.11764717,14.50980377,-,-,66.19999695,65.10441589,14.64881134,-,2191,-,-90.55118561,36.8456955,-76.24732208,7.05882359,64.87114716,64.62260437,-
Tue Nov 21 15:03:55 EST 2017,03:55.4,-76.24763591,36.84563666,28.75,4,-27.89999962,256,0.84275901,-3.02627087,9.00219822,-0.00349262,-,20.7843132,-0.02774387,0.08590815,-0.30848834,0.81765527,14.11764717,14.50980377,-,-,66.19999695,65.09981537,14.64881134,-,2191,-,-91.53543091,36.84563828,-76.24763489,9.8039217,64.31192017,63.37985992,-
Tue Nov 21 15:03:56 EST 2017,03:56.4,-76.24794927,36.84559416,28.5,4,-27.89999962,258.7,0.9576807,-3.56257224,9.95987892,0.10168332,-,20.7843132,0.10833605,0.07809832,-0.34363261,0.95042247,30.98039246,28.23529434,-,-,66.19999695,65.09523773,14.64881134,-,2197,-,-91.53543091,36.8455925,-76.24794769,9.8039217,63.75268173,63.37985992,-
Tue Nov 21 15:03:57 EST 2017,03:57.4,-76.24826589,36.84558808,28.5,4,-30,263.7,0.38307226,-3.37103605,9.69172859,-0.00270559,-,17.64705849,0.01893996,0.05857374,-0.35534734,0.85279953,21.17647171,28.23529434,-,-,66.19999695,65.09523773,14.64881134,-,2197,-,-98.42519379,36.84558868,-76.24826813,8.23529434,63.75268173,63.37985992,-
Tue Nov 21 15:03:58 EST 2017,03:58.4,-76.24857788,36.84556391,28,4,-29.29999924,266.5,0.42137951,-2.9113493,10.0364933,0.08512789,-,17.64705849,0.0702626,0.01952458,-0.31239328,0.92308795,21.17647171,21.96078491,-,-,64.40000153,65.09069824,14.64881134,-,2191,-,-96.1286087,36.8455658,-76.24858093,8.23529434,62.63421249,63.37985992,-
Tue Nov 21 15:03:59 EST 2017,03:59.4,-76.24888932,36.84554785,28,4,-28.60000038,268,0.30645782,-2.9113493,9.61511421,0.04355496,-,23.52941132,-0.00267381,0.01952458,-0.2928687,0.85279953,26.27450943,14.11764717,-,-,64.40000153,65.09069824,14.64881134,-,2187,-,-93.83202362,36.84554672,-76.24888611,13.33333397,62.63421249,63.37985992,-
Tue Nov 21 15:04:00 EST 2017,04:00.4,-76.2492136,36.84555263,28.5,4,-28.79999924,269.8,-0.11492168,-2.37504816,10.57279491,0.12367719,-,26.27450943,0.10505459,-0.01171475,-0.2421048,0.97775686,26.27450943,14.11764717,-,-,64.40000153,65.08616638,14.64881134,-,2187,-,-94.4881897,36.84555435,-76.24921417,16.07843208,63.75268173,63.37985992,-
Tue Nov 21 15:04:01 EST 2017,04:01.4,-76.24953097,36.84556623,28.5,5,-28.89999962,271,-0.68953007,-2.37504816,9.80665016,0.06699232,-,26.27450943,0.03130919,-0.07028849,-0.2421048,0.8996585,38.03921509,36.47058868,-,-,64.40000153,65.08330536,14.64881134,-,2214,-,-94.81626892,36.8455658,-76.24953461,16.07843208,63.75268173,64.00123596,33.76848221
Tue Nov 21 15:04:02 EST 2017,04:02.4,-76.24985382,36.84557662,28.75,5,-29,271.4,-0.72783732,-3.14119267,9.30865574,0.04478887,-,22.35294151,0.00455196,-0.0741934,-0.32020313,0.84889454,29.80392265,14.11764717,-,-,64.40000153,65.08330536,14.64881134,-,2214,-,-95.14435577,36.84557724,-76.24985504,15.29411793,64.31192017,64.00123596,33.76848221
Tue Nov 21 15:04:03 EST 2017,04:03.4,-76.25016428,36.84559162,28.75,4,-29.39999962,271.7,-0.22984336,-2.71981311,9.30865574,0.00784618,-,22.35294151,0.01262327,-0.01561966,-0.28115395,0.87232411,29.80392265,14.11764717,-,-,64.40000153,65.08045197,14.64881134,-,2227,-,-96.45669556,36.8455925,-76.25016785,15.29411793,64.31192017,64.00123596,33.76848221
Tue Nov 21 15:04:04 EST 2017,04:04.4,-76.25049312,36.84560503,28.75,4,-29.10000038,271.8,-0.65122288,-2.94965649,9.19373417,0.00546861,-,26.66666794,-0.00583065,-0.03904916,-0.2928687,0.84889454,31.76470566,31.76470566,-,-,64.40000153,65.07762146,14.64881134,-,2219,-,-95.47244263,36.84560394,-76.25049591,18.4313736,64.31192017,64.00123596,-
Tue Nov 21 15:04:05 EST 2017,04:05.4,-76.25080603,36.84561493,28.75,4,-28.70000076,271.8,-0.2681506,-2.26012635,9.6534214,0.02289315,-,24.70588303,-0.03128938,-0.00390492,-0.28505886,0.82546508,31.76470566,31.76470566,-,-,64.40000153,65.07762146,14.64881134,-,2219,-,-94.16011047,36.84561539,-76.25080872,17.64705849,64.31192017,64.00123596,-
Tue Nov 21 15:04:06 EST 2017,04:06.4,-76.25113438,36.84562305,28.75,4,-28.70000076,271.8,-0.30645782,-2.68150592,9.53849983,0.0294984,-,24.70588303,-0.00589193,-0.01952458,-0.25381953,0.86060935,37.64706039,37.64706039,-,-,64.40000153,65.07643127,14.64881134,-,2232,-,-94.16011047,36.84562302,-76.25113678,17.64705849,64.31192017,64.62260437,34.05321121
Tue Nov 21 15:04:07 EST 2017,04:07.4,-76.25145665,36.8456321,28.75,4,-28.60000038,272,-0.30645782,-2.71981311,10.15141487,0.0907554,-,23.13725471,0.07212153,-0.03123933,-0.27724904,0.93480271,35.68627548,30.58823586,-,-,64.40000153,65.07643127,14.64881134,-,2232,-,-93.83202362,36.84563065,-76.25145721,16.47058868,64.31192017,64.62260437,34.05321121
Tue Nov 21 15:04:08 EST 2017,04:08.4,-76.25177634,36.84563444,28.75,5,-28.39999962,271.9,-0.45968673,-2.64319873,9.04050541,-0.01971632,-,23.13725471,-0.03838788,-0.04685899,-0.26943922,0.82156014,35.68627548,30.58823586,-,-,66.19999695,65.07524872,14.64881134,-,2246,-,-93.17584991,36.84563446,-76.25177765,23.13725471,64.31192017,64.62260437,34.05321121
Tue Nov 21 15:04:09 EST 2017,04:09.4,-76.25209495,36.84564143,28.75,5,-28.10000038,272,-0.45968673,-2.9113493,11.95185471,0.11360091,-,28.62745094,0.25526237,-0.04685899,-0.29677361,1.11833382,36.86274719,38.4313736,-,-,66.19999695,65.07730865,14.64881134,-,2268,-,-92.19160461,36.84564209,-76.25209808,23.13725471,64.31192017,65.86534882,66.32865143
Tue Nov 21 15:04:10 EST 2017,04:10.4,-76.25242515,36.84565718,29,4,-27.89999962,272.1,0.03830723,-2.7581203,9.95987892,0.0724954,-,17.25490189,0.05385529,0.00390492,-0.28115395,0.91527814,21.56862831,38.4313736,-,-,66.19999695,65.07730865,14.64881134,-,2268,-,-91.53543091,36.84565735,-76.25242615,10.1960783,64.87114716,65.86534882,66.32865143
Tue Nov 21 15:04:11 EST 2017,04:11.4,-76.25275296,36.84565978,29.25,4,-28.10000038,271.9,-0.99598789,-2.9113493,10.41956615,0.08974789,-,17.25490189,0.02942102,-0.05857374,-0.32020313,0.87622905,21.56862831,21.96078491,-,-,66.19999695,65.0777359,14.64881134,-,2264,-,-92.19160461,36.84566116,-76.25275421,10.1960783,65.43038177,65.24397278,66.32865143
Tue Nov 21 15:04:12 EST 2017,04:12.4,-76.25309679,36.84568295,29.25,3,-28.29999924,272.5,-0.57460839,-3.40934324,9.69172859,0.06792611,-,21.96078491,0.0096579,-0.04685899,-0.35144243,0.84498966,29.80392265,27.84313774,-,-,66.19999695,65.0777359,14.64881134,-,2251,-,-92.84776306,36.84568405,-76.25309753,13.33333397,65.43038177,65.24397278,66.32865143
Tue Nov 21 15:04:13 EST 2017,04:13.4,-76.25341773,36.84568992,29.25,4,-28.60000038,272.4,0.19153613,-3.25611424,9.61511421,0.05162026,-,16.86274529,0.05508528,0.01171475,-0.34753752,0.89575356,29.80392265,27.84313774,-,-,66.19999695,65.07817078,14.64881134,-,2251,-,-93.83202362,36.84569168,-76.25341797,7.84313726,65.43038177,65.24397278,-
Tue Nov 21 15:04:14 EST 2017,04:14.4,-76.25374342,36.84569932,29.25,4,-29,272.3,-0.2681506,-2.14520478,9.95987892,0.05792052,-,16.86274529,-0.01934446,-0.02733441,-0.2186753,0.91527814,23.92156982,26.66666794,-,-,66.19999695,65.07859802,14.64881134,-,2249,-,-95.14435577,36.84569931,-76.25374603,7.84313726,65.43038177,65.24397278,-
Tue Nov 21 15:04:15 EST 2017,04:15.4,-76.25406971,36.84571022,29.25,4,-29.5,272.8,0,-2.45166254,10.41956615,0.04127419,-,26.27450943,0.09151558,0,-0.24991462,0.96213716,37.25490189,26.66666794,-,-,66.19999695,65.07859802,14.64881134,-,2249,-,-96.78477478,36.84571075,-76.25406647,17.64705849,65.43038177,65.24397278,-
Tue Nov 21 15:04:16 EST 2017,04:16.4,-76.25439921,36.84573179,29.75,4,-30.5,273.3,-0.84275901,-3.06457806,9.30865574,0.02168173,-,26.27450943,0.00302424,-0.08590815,-0.31239328,0.84889454,37.25490189,35.68627548,-,-,66.19999695,65.08383179,14.64881134,-,2314,-,-100.0656204,36.84573364,-76.25440216,17.64705849,66.54885101,67.10808563,99.5357132
Tue Nov 21 15:04:17 EST 2017,04:17.4,-76.25473713,36.84574829,30,4,-31,273.7,-0.72783732,-3.715801,10.0364933,0.05966802,-,25.09803963,0.09384765,-0.0741934,-0.37877685,0.92308795,32.94117737,26.27450943,-,-,66.19999695,65.08383179,14.64881134,-,2341,-,-101.7060394,36.8457489,-76.25473785,17.64705849,67.10808563,67.10808563,99.5357132
Tue Nov 21 15:04:18 EST 2017,04:18.4,-76.25507949,36.84576018,30.5,4,-33.09999847,273.1,-0.30645782,-3.14119267,8.46589756,-0.05999428,-,22.35294151,-0.15263182,-0.07809832,-0.27724904,0.69660288,32.94117737,26.27450943,-,-,66.19999695,65.09062958,14.64881134,-,2341,-,-108.5957947,36.84576035,-76.25508118,13.72549057,68.22655487,67.72946167,33.50604248
Tue Nov 21 15:04:19 EST 2017,04:19.4,-76.25541867,36.84576777,30.5,4,-33.5,272.5,-0.22984336,-3.25611424,10.0364933,0.10190149,-,22.35294151,0.07225673,-0.04685899,-0.31629819,0.92308795,14.11764717,14.90196133,-,-,66.19999695,65.09739685,14.64881134,-,2348,-,-109.9081345,36.84576797,-76.25541687,13.72549057,68.22655487,67.72946167,33.50604248
Tue Nov 21 15:04:20 EST 2017,04:20.4,-76.25575884,36.84577486,30.5,4,-33.79999924,271.8,0.22984336,-2.33674097,9.92157173,0.05830938,-,21.56862831,0.03604767,0.01561966,-0.22258021,0.91137326,32.15686417,37.25490189,-,-,66.19999695,65.09739685,14.64881134,-,2348,-,-110.8923874,36.8457756,-76.25576019,12.54901981,68.22655487,67.72946167,33.50604248
Tue Nov 21 15:04:21 EST 2017,04:21.4,-76.25609595,36.84578257,30.25,4,-33,271.4,-0.07661445,-2.94965649,9.11711979,0.01743048,-,21.56862831,0.01662366,0,-0.32020313,0.86451429,32.15686417,37.25490189,-,-,66.19999695,65.10412598,14.64881134,-,2398,-,-108.2677155,36.84578323,-76.25609589,8.23529434,67.66732025,67.72946167,-
Tue Nov 21 15:04:22 EST 2017,04:22.4,-76.25643776,36.84578976,30.25,4,-33.29999924,271.5,-0.57460839,-3.14119267,9.04050541,-0.00363928,-,17.64705849,-0.02230534,-0.05857374,-0.32020313,0.82156014,29.80392265,14.50980377,-,-,66.19999695,65.10412598,14.64881134,-,2314,-,-109.2519684,36.84579086,-76.25643921,8.23529434,67.66732025,66.48671722,-
Tue Nov 21 15:04:23 EST 2017,04:23.4,-76.2567777,36.8457971,30,3,-33.5,271.3,0.22984336,-2.9113493,9.38527107,0.02499326,-,23.52941132,0.00229387,0.0234295,-0.29677361,0.85670447,29.80392265,14.50980377,-,-,66.19999695,65.10765076,14.64881134,-,2314,-,-109.9081345,36.84579849,-76.2567749,13.72549057,67.10808563,66.48671722,-
Tue Nov 21 15:04:24 EST 2017,04:24.4,-76.25710954,36.84580422,29.75,4,-32.90000153,271.1,-0.38307226,-3.02627087,9.23204136,0.01012576,-,23.52941132,-0.00853563,-0.03904916,-0.30848834,0.84108472,34.11764908,33.33333206,-,-,66.19999695,65.11116791,14.64881134,-,2293,-,-107.9396362,36.84580612,-76.2571106,13.72549057,66.54885101,66.48671722,-
Tue Nov 21 15:04:25 EST 2017,04:25.4,-76.2574441,36.84580569,29.75,4,-32.90000153,270.5,0.07661445,-2.68150592,9.95987892,0.07045978,-,24.31372643,0.04267611,0.01561966,-0.28115395,0.90356338,34.11764908,36.86274719,-,-,66.19999695,65.11116791,14.64881134,-,2293,-,-107.9396362,36.84580612,-76.25744629,12.94117641,66.54885101,66.48671722,-
Tue Nov 21 15:04:26 EST 2017,04:26.4,-76.25777835,36.84580393,29.75,4,-33,270.1,-0.57460839,-3.17949986,9.73003578,0.03575568,-,24.31372643,0.02737351,-0.03904916,-0.3397277,0.86841917,34.11764908,36.86274719,-,-,66.19999695,65.11465454,14.64881134,-,2307,-,-108.2677155,36.84580231,-76.25778198,11.76470566,66.54885101,66.48671722,-
Tue Nov 21 15:04:27 EST 2017,04:27.4,-76.25811462,36.84580117,30,4,-32.79999924,269.6,-0.15322891,-2.94965649,9.6534214,0.04806942,-,17.64705849,-0.03898311,-0.08200324,-0.32020313,0.80203557,29.80392265,32.94117737,-,-,66.19999695,65.11812592,14.64881134,-,2304,-,-107.6115494,36.84580231,-76.25811768,11.76470566,67.10808563,66.48671722,-
Tue Nov 21 15:04:28 EST 2017,04:28.4,-76.25844797,36.8457966,29.75,4,-32.70000076,269.2,-0.19153613,-2.79642749,9.6534214,0.06712377,-,17.64705849,0.01542972,0.00780983,-0.31629819,0.86451429,29.80392265,32.94117737,-,-,64.40000153,65.11812592,14.64881134,-,2304,-,-107.2834702,36.84579849,-76.25844574,11.76470566,66.54885101,66.48671722,-
Tue Nov 21 15:04:29 EST 2017,04:29.4,-76.2587805,36.84578965,29.75,4,-32.70000076,268.6,-0.57460839,-2.45166254,9.19373417,0.01290382,-,17.64705849,-0.00021359,-0.05466883,-0.29677361,0.85279953,29.80392265,32.54901886,-,-,64.40000153,65.12001801,14.64881134,-,2286,-,-107.2834702,36.84579086,-76.25878143,11.76470566,66.54885101,65.86534882,-
Tue Nov 21 15:04:30 EST 2017,04:30.4,-76.25911144,36.84578073,29.5,4,-32.90000153,268.4,0.19153613,-3.06457806,9.53849983,0.0404622,-,24.31372643,0.0030927,0.00780983,-0.32410803,0.87232411,14.11764717,14.90196133,-,-,64.40000153,65.12001801,14.64881134,-,2286,-,-107.9396362,36.84577942,-76.2591095,17.64705849,65.98961639,65.86534882,-
Tue Nov 21 15:04:31 EST 2017,04:31.4,-76.25944812,36.84576649,29.5,4,-32.5,267.4,0,-3.02627087,9.69172859,0.03042075,-,24.31372643,0.03534049,0,-0.30848834,0.88794374,14.11764717,14.90196133,-,-,64.40000153,65.12189484,14.64881134,-,2277,-,-106.6272965,36.84576797,-76.25944519,17.64705849,65.98961639,65.86534882,-
Tue Nov 21 15:04:32 EST 2017,04:32.4,-76.25977581,36.84575359,29.5,4,-32.90000153,267.1,-0.34476504,-2.29843354,9.27034855,0.0504842,-,24.31372643,0.08044361,-0.00780983,-0.23429495,0.95432734,14.11764717,14.90196133,-,-,64.40000153,65.12189484,14.64881134,-,2277,-,-107.9396362,36.84575272,-76.25977325,13.33333397,65.98961639,65.86534882,-
Tue Nov 21 15:04:33 EST 2017,04:33.4,-76.26010225,36.84573437,29.5,3,-33.09999847,266.5,-0.34476504,-2.37504816,9.34696388,0.00985493,-,24.31372643,-0.04058015,-0.03514424,-0.23429495,0.82936996,39.2156868,36.86274719,-,-,64.40000153,65.12189484,14.64881134,-,2277,-,-108.5957947,36.84573364,-76.26010132,13.33333397,65.98961639,65.86534882,-
Tue Nov 21 15:04:34 EST 2017,04:34.4,-76.26043711,36.84571412,30,3,-33,266.1,-0.11492168,-2.9113493,9.61511421,0.04054224,-,24.31372643,0.03191562,0,-0.26943922,0.89575356,39.2156868,36.86274719,-,-,64.40000153,65.12189484,14.64881134,-,2337,-,-108.2677155,36.84571457,-76.26043701,13.33333397,67.10808563,65.86534882,-
Tue Nov 21 15:04:35 EST 2017,04:35.4,-76.26078132,36.84569249,30.5,4,-33.20000076,265.6,-0.19153613,-2.64319873,9.84495735,0.11275164,-,24.31372643,0.0396424,-0.01952458,-0.26943922,0.90356338,39.2156868,36.86274719,-,-,64.40000153,65.13000488,14.64881134,-,2337,-,-108.9238892,36.84569168,-76.26078033,8.62745094,68.22655487,68.35083008,-
Tue Nov 21 15:04:36 EST 2017,04:36.4,-76.2611259,36.8456708,30.75,4,-33.40000153,265.2,-0.34476504,-2.48996973,9.61511421,0.03207546,-,25.88235283,0.01342159,-0.03514424,-0.25381953,0.88013393,40,38.4313736,-,-,64.40000153,65.13807678,14.64881134,-,2365,-,-109.5800552,36.84567261,-76.26112366,8.62745094,68.78578949,68.35083008,-
Tue Nov 21 15:04:37 EST 2017,04:37.4,-76.26146492,36.84564703,30.5,4,-33.20000076,264.8,-0.2681506,-3.52426481,8.35097599,0.01551786,-,21.56862831,0.0153621,-0.04685899,-0.33582276,0.85670447,18.8235302,38.4313736,-,-,64.40000153,65.13807678,14.64881134,-,2365,-,-108.9238892,36.8456459,-76.26146698,20.7843132,68.22655487,68.35083008,-
Tue Nov 21 15:04:38 EST 2017,04:38.4,-76.26181157,36.84561805,31,4,-34,264.1,0.45968673,-2.10689759,10.45787334,0.10747045,-,21.56862831,0.00976374,0.03904916,-0.23819989,0.88013393,18.8235302,33.33333206,-,-,64.40000153,65.14766693,14.64881134,-,2393,-,-111.5485535,36.8456192,-76.2618103,20.7843132,69.34502411,68.97220612,33.6480751
Tue Nov 21 15:04:39 EST 2017,04:39.4,-76.26215871,36.84558284,31,4,-33.59999847,264.3,0.57460839,-3.33272886,11.14740276,0.05581211,-,39.2156868,0.12517631,0.06638357,-0.32801294,0.97385192,33.72549057,14.11764717,-,-,64.40000153,65.14766693,14.64881134,-,2393,-,-110.2362137,36.84558105,-76.26216125,39.60784531,69.34502411,68.97220612,33.6480751
Tue Nov 21 15:04:40 EST 2017,04:40.4,-76.26251183,36.84556107,31.5,3,-33.5,265.4,-1.68551803,-3.17949986,9.27034855,0.03269237,-,39.2156868,-0.08239696,-0.1718163,-0.32410803,0.84498966,33.72549057,14.11764717,-,-,64.40000153,65.16029358,14.64881134,-,2442,-,-109.9081345,36.84556198,-76.26251221,15.68627453,70.46348572,70.21494293,65.95024109
Tue Nov 21 15:04:41 EST 2017,04:41.4,-76.26286498,36.8455431,31.5,3,-33.40000153,266.2,-1.18752408,-3.33272886,8.88727665,0.04764737,-,24.31372643,-0.02457879,-0.1210524,-0.3397277,0.80594051,32.54901886,32.94117737,-,-,64.40000153,65.17287445,14.64881134,-,2418,-,-109.5800552,36.84554291,-76.26286316,15.68627453,70.46348572,70.21494293,65.95024109
Tue Nov 21 15:04:42 EST 2017,04:42.4,-76.26321784,36.84551292,31.25,3,-33.09999847,264.5,-0.22984336,-3.63918662,9.95987892,0.10018224,-,17.25490189,0.08155168,-0.0234295,-0.37096703,0.91527814,14.11764717,32.94117737,-,-,64.40000153,65.17287445,14.64881134,-,2418,-,-108.5957947,36.84551239,-76.26321411,8.23529434,69.90425873,70.21494293,65.95024109
Tue Nov 21 15:04:43 EST 2017,04:43.4,-76.26356673,36.84547536,31,4,-32.40000153,263.3,0.03830723,-3.06457806,9.6534214,0.05144233,-,17.25490189,0.02308713,0.0234295,-0.37096703,0.85279953,14.11764717,14.11764717,-,-,64.40000153,65.18075562,14.64881134,-,2363,-,-106.2992172,36.84547424,-76.26356506,8.23529434,69.34502411,68.35083008,-
Tue Nov 21 15:04:44 EST 2017,04:44.4,-76.26390544,36.84544068,30.5,4,-31.5,263.4,-0.15322891,-3.98395157,10.95586681,0.20745522,-,17.25490189,0.10171486,-0.02733441,-0.38658667,0.93089777,14.11764717,14.11764717,-,-,64.40000153,65.18075562,14.64881134,-,2299,-,-103.3464584,36.84543991,-76.26390839,7.84313726,68.22655487,68.35083008,-
Tue Nov 21 15:04:45 EST 2017,04:45.4,-76.26424268,36.84540928,30,4,-31.29999924,263.7,0.11492168,-3.67749381,10.22802925,0.08480734,-,17.25490189,0.07390621,-0.0234295,-0.35925224,0.91137326,14.11764717,14.11764717,-,-,64.40000153,65.18399048,14.64881134,-,2299,-,-102.6902847,36.84540939,-76.26424408,7.84313726,67.10808563,66.48671722,-
Tue Nov 21 15:04:46 EST 2017,04:46.4,-76.26457018,36.845386,29.5,3,-31.10000038,264.7,0.38307226,-3.63918662,9.04050541,0.01319033,-,17.25490189,0.04039066,0.03904916,-0.36706212,0.87232411,14.11764717,14.11764717,-,-,64.40000153,65.18106842,14.64881134,-,2230,-,-102.0341187,36.84538651,-76.26457214,7.84313726,65.98961639,64.00123596,-
Tue Nov 21 15:04:47 EST 2017,04:47.4,-76.26489534,36.8453635,29,4,-30.20000076,265.3,0.99598789,-3.33272886,9.50019264,0.05028969,-,16.86274529,0.03164209,0.10152781,-0.3397277,0.86841917,15.68627453,20.3921566,-,-,64.40000153,65.18106842,14.64881134,-,2230,-,-99.08136749,36.84536362,-76.26489258,7.45098066,64.87114716,64.00123596,-
Tue Nov 21 15:04:48 EST 2017,04:48.4,-76.26521283,36.84534979,28.25,3,-30,266.6,1.07260239,-2.83473492,9.11711979,0.00276776,-,16.86274529,-0.02028633,0.10933765,-0.28896379,0.82936996,15.68627453,20.3921566,-,-,64.40000153,65.17356873,14.64881134,-,2165,-,-98.42519379,36.84534836,-76.26521301,13.72549057,63.19344711,62.13711929,-
Tue Nov 21 15:04:49 EST 2017,04:49.4,-76.26552387,36.84534685,27.75,4,-29.79999924,268.4,0.19153613,-3.48595762,9.53849983,0.0544067,-,23.92156982,0.03576044,0.01952458,-0.35534734,0.87232411,29.80392265,23.52941132,-,-,64.40000153,65.17356873,14.64881134,-,2095,-,-97.76902771,36.84534836,-76.26552582,13.72549057,62.07497787,62.13711929,-
Tue Nov 21 15:04:50 EST 2017,04:50.4,-76.26582919,36.84534627,27.5,3,-28.89999962,271.4,-0.49799395,-3.52426481,8.6957407,-0.02320445,-,16.47058868,-0.04187722,-0.05076391,-0.35925224,0.78641593,29.80392265,23.52941132,-,-,64.40000153,65.16306305,14.64881134,-,2095,-,-94.81626892,36.84534454,-76.26583099,7.05882359,61.51574707,60.89437866,-
Tue Nov 21 15:04:51 EST 2017,04:51.4,-76.26613865,36.84535222,26.75,3,-29.29999924,271.3,-0.99598789,-4.71178913,9.46188545,0.10126072,-,16.47058868,0.00403545,-0.0741934,-0.42563587,0.80594051,14.11764717,14.11764717,-,-,64.40000153,65.14650726,14.64881134,-,2038,-,-96.1286087,36.84535217,-76.26613617,7.05882359,59.83804321,58.40889359,-
Tue Nov 21 15:04:52 EST 2017,04:52.4,-76.26643765,36.84536118,26,3,-30.20000076,270.5,-0.84275901,-4.90332508,11.87524033,0.33147007,-,16.47058868,0.2443537,-0.07809832,-0.47249481,1.04804528,14.11764717,14.11764717,-,-,64.40000153,65.14650726,14.64881134,-,2038,-,-99.08136749,36.8453598,-76.26644135,7.05882359,58.16034317,58.40889359,-
Tue Nov 21 15:04:53 EST 2017,04:53.4,-76.26672061,36.84535562,25,3,-30.89999962,270.3,-0.72783732,-3.715801,8.6957407,0.02432919,-,16.47058868,-0.03007726,-0.06638357,-0.35925224,0.79813069,14.11764717,14.11764717,-,-,64.40000153,65.12243652,14.64881134,-,1913,-,-101.3779526,36.84535599,-76.26672363,6.66666698,55.92340851,55.30203629,-
Tue Nov 21 15:04:54 EST 2017,04:54.4,-76.26700046,36.84535126,24.25,3,-32.09999847,269,-1.11090958,-4.09887314,9.11711979,0.04424673,-,16.07843208,-0.00752034,-0.08981306,-0.39439651,0.80594051,14.11764717,14.11764717,-,-,64.40000153,65.09242249,14.64881134,-,1839,-,-105.3149567,36.84535217,-76.26699829,6.66666698,54.24570084,52.81655121,-
Tue Nov 21 15:04:55 EST 2017,04:55.4,-76.26727258,36.84534743,24.25,5,-32.59999847,269,0.03830723,-4.71178913,8.73404789,0.04654001,-,16.07843208,0.01196759,0.00390492,-0.48030469,0.79032087,14.11764717,14.11764717,-,-,64.40000153,65.09242249,14.64881134,-,1839,-,-106.9553757,36.84534836,-76.26727295,6.27450991,54.24570084,52.81655121,-
Tue Nov 21 15:04:56 EST 2017,04:56.4,-76.26752342,36.84533997,22.75,3,-33.59999847,267.8,1.45567465,-4.48194551,9.30865574,0.08255738,-,16.07843208,0.06392076,0.14838681,-0.45687518,0.84889454,14.11764717,14.11764717,-,-,64.40000153,65.05499268,14.64881134,-,1737,-,-110.2362137,36.84534073,-76.26752472,6.27450991,50.89030075,49.70969391,-
Tue Nov 21 15:04:57 EST 2017,04:57.4,-76.2677698,36.84533758,22,3,-34.29999924,268.8,3.14119267,-3.25611424,9.38527107,0.1952038,-,15.68627453,0.06242824,0.32020313,-0.33191785,0.85670447,14.11764717,14.11764717,-,-,64.40000153,65.05499268,14.64881134,-,1737,-,-112.5328064,36.84533691,-76.26776886,5.88235283,49.21259689,49.70969391,-
Tue Nov 21 15:04:58 EST 2017,04:58.4,-76.26800471,36.84535079,21,3,-35.5,274.4,2.48996973,-5.97592735,10.0364933,0.23646361,-,15.68627453,0.15715368,0.26553428,-0.59354722,0.85670447,14.11764717,14.11764717,-,-,64.40000153,65.00869751,14.64881134,-,1609,-,-116.4698181,36.84535217,-76.26800537,5.49019623,46.97566223,45.9814682,-
Tue Nov 21 15:04:59 EST 2017,04:59.4,-76.26823955,36.8453654,21,5,-35.79999924,274.4,1.68551803,-5.24809027,10.30464458,0.07515657,-,15.29411793,0.01482841,0.14838681,-0.60526198,0.70050776,14.11764717,14.11764717,-,-,64.40000153,64.94608307,14.64881134,-,1408,-,-117.4540634,36.84536362,-76.26824188,5.49019623,46.97566223,39.14638519,-
Tue Nov 21 15:05:00 EST 2017,05:00.4,-76.26840408,36.84544043,17,3,-35.5,290.1,-0.76614451,-4.86501789,8.31266785,0.00392163,-,14.11764717,-0.08039541,-0.00390492,-0.54278332,0.64193404,14.11764717,14.11764717,-,-,64.40000153,64.94608307,14.64881134,-,1408,-,-116.4698181,36.84543991,-76.2684021,4.31372547,38.02791595,39.14638519,-
Tue Nov 21 15:05:01 EST 2017,05:01.4,-76.26856115,36.84550575,15.25,3,-35.09999847,298.1,-0.80445176,-4.55855989,9.04050541,0.05334045,-,14.11764717,0.04502951,-0.06638357,-0.46468499,0.8332749,14.11764717,14.11764717,-,-,64.40000153,64.86424255,14.64881134,-,1391,-,-115.1574783,36.84550476,-76.26856232,4.31372547,34.11327744,31.06855965,-
Tue Nov 21 15:05:02 EST 2017,05:02.4,-76.26870223,36.84557143,13.5,3,-35,301,-0.57460839,-4.59686708,9.92157173,0.13519138,-,14.11764717,0.08699784,-0.1210524,-0.417826,0.89575356,14.11764717,14.11764717,-,-,64.40000153,64.86424255,14.64881134,-,881,-,-114.8293991,36.84556961,-76.26869965,4.70588255,30.19863892,31.06855965,-
Tue Nov 21 15:05:03 EST 2017,05:03.4,-76.2688323,36.84563423,13.5,5,-35,301,-0.9576807,-5.36301184,8.6957407,0.03074228,-,13.72549057,0.10941628,-0.08200324,-0.42954078,0.91918308,14.11764717,14.11764717,-,-,64.40000153,64.76634216,14.64881134,-,881,-,-114.8293991,36.84563446,-76.26882935,3.52941179,30.19863892,24.23347664,-
Tue Nov 21 15:05:04 EST 2017,05:04.4,-76.26891585,36.84567939,10.75,4,-34.90000153,303.7,0,-4.94163227,9.30865574,0.09331328,-,13.72549057,0.07468025,0,-0.50373417,0.84889454,14.11764717,14.11764717,-,-,64.40000153,64.64949036,14.64881134,-,1027,-,-114.5013199,36.84568024,-76.26891327,3.52941179,24.04706573,16.15565109,-
Tue Nov 21 15:05:05 EST 2017,05:05.4,-76.26899616,36.8457379,10,5,-34.90000153,309.6,-0.2681506,-4.63517427,8.96389103,0.06776047,-,13.33333397,0.02939877,-0.02733441,-0.47249481,0.81375033,14.11764717,14.11764717,-,-,64.40000153,64.64949036,14.64881134,-,1027,-,-114.5013199,36.84573746,-76.26899719,3.52941179,22.36936378,16.15565109,-
Tue Nov 21 15:05:06 EST 2017,05:06.4,-76.26902295,36.84574029,5.5,4,-34.29999924,309.7,-0.38307226,-4.90332508,8.96389103,0.0612542,-,13.33333397,0.05037457,-0.0234295,-0.48811451,0.82936996,14.11764717,14.11764717,-,-,64.40000153,64.510849,14.64881134,-,717,-,-112.5328064,36.84574127,-76.26902008,3.52941179,12.30314922,6.83508301,-
Tue Nov 21 15:05:07 EST 2017,05:07.4,-76.2690442,36.84575425,3.75,5,-34,314.4,-0.15322891,-2.7581203,10.11310768,0.0476321,-,13.72549057,-0.01607463,-0.04295408,-0.35144243,0.81765527,14.11764717,14.11764717,-,-,64.40000153,64.510849,14.64881134,-,628,-,-111.5485535,36.84575272,-76.26904297,3.52941179,8.3885107,6.83508301,-
Tue Nov 21 15:05:08 EST 2017,05:08.4,-76.26905168,36.84575334,1.25,4,-34.29999924,319.1,-0.22984336,-1.76213241,9.92157173,0.04646784,-,15.29411793,-0.00302576,-0.0234295,-0.23429495,0.86841917,14.11764717,14.11764717,-,-,64.40000153,64.36097717,14.64881134,-,628,-,-112.5328064,36.84575272,-76.2690506,4.31372547,2.79617047,1.86411357,-
Tue Nov 21 15:05:09 EST 2017,05:09.4,-76.26904945,36.84574917,0.5,4,-34.40000153,319.1,-0.15322891,-0.03830723,10.34295177,0.05624034,-,15.29411793,0.02394429,-0.03123933,-0.00780983,0.92308795,30.19607925,31.37254906,-,-,64.40000153,64.21329498,14.64881134,-,1158,-,-112.8609009,36.8457489,-76.2690506,4.31372547,1.11846817,2.48548484,2.48418808
Tue Nov 21 15:05:10 EST 2017,05:10.4,-76.26905936,36.84574921,2,3,-34.70000076,301.6,-0.07661445,-0.49799395,10.18972206,0.05897671,-,25.88235283,0.04964797,-0.01561966,-0.11714748,0.94261253,45.09804153,46.66666794,-,-,64.40000153,64.21329498,14.64881134,-,1158,-,-113.8451462,36.8457489,-76.26905823,16.07843208,4.47387266,2.48548484,2.48418808
Tue Nov 21 15:05:11 EST 2017,05:11.4,-76.26909284,36.84577038,3.5,3,-34.29999924,295,-0.76614451,0,9.84495735,0.0654701,-,25.88235283,0.03427144,-0.07809832,-0.01171475,0.93089777,45.09804153,46.66666794,-,-,64.40000153,64.08703613,14.64881134,-,2432,-,-112.5328064,36.84577179,-76.26909637,16.07843208,7.82927656,11.18468189,71.4492569
Tue Nov 21 15:05:12 EST 2017,05:12.4,-76.26912958,36.84578416,3.5,6,-34.09999847,295,0.38307226,-1.57059634,9.76834297,0.02829808,-,38.4313736,0.00964284,0.03904916,-0.16010156,0.89575356,48.62745285,47.84313965,-,-,64.40000153,64.08703613,14.64881134,-,2702,-,-111.8766327,36.84578323,-76.26912689,30.58823586,7.82927656,11.18468189,71.4492569
Tue Nov 21 15:05:13 EST 2017,05:13.4,-76.26918905,36.84580161,4.75,6,-34.5,289.4,0.99598789,-1.26413846,9.88326454,0.04022614,-,30.19607925,0.02108658,0.10152781,-0.12886222,0.90746832,48.62745285,47.84313965,-,-,64.40000153,63.9849968,14.64881134,-,2702,-,-113.1889801,36.84580231,-76.26918793,25.09803963,10.62544727,21.12662125,140.8162994
Tue Nov 21 15:05:14 EST 2017,05:14.4,-76.26929389,36.84587929,8.5,4,-34.40000153,304.6,-0.11492168,-2.48996973,9.57680702,0.04386497,-,30.19607925,0.00238516,-0.00780983,-0.2421048,0.87232411,43.52941132,42.74509811,-,-,64.40000153,63.8952179,14.64881134,-,2030,-,-112.8609009,36.8458786,-76.26929474,25.09803963,19.01395798,26.09758949,117.5917053
Tue Nov 21 15:05:15 EST 2017,05:15.4,-76.26939597,36.84593267,10,5,-34.40000153,303.3,-0.07661445,-1.72382522,9.61511421,0.01479185,-,18.4313736,0.01530193,-0.03123933,-0.14838681,0.90356338,40.7843132,45.09804153,-,-,64.40000153,63.8952179,14.64881134,-,2030,-,-112.8609009,36.84593201,-76.26939392,13.72549057,22.36936378,26.09758949,117.5917053
Tue Nov 21 15:05:16 EST 2017,05:16.4,-76.2695261,36.84597802,10.75,5,-34.70000076,300.7,-1.18752408,-1.57059634,8.77235508,-0.06452531,-,18.4313736,0.1037835,-0.00390492,-0.14838681,0.99337649,40.7843132,45.09804153,-,-,64.40000153,63.81320953,14.64881134,-,1773,-,-113.8451462,36.84597778,-76.26952362,13.72549057,24.04706573,29.20444679,93.42915344
Tue Nov 21 15:05:17 EST 2017,05:17.4,-76.26965313,36.84605381,11.75,6,-34.40000153,301.1,0.03830723,-3.33272886,9.57680702,0.05266017,-,38.4313736,0.02040647,0.00780983,-0.33191785,0.86451429,38.03921509,14.11764717,-,-,64.40000153,63.81320953,14.64881134,-,1856,-,-112.8609009,36.84605408,-76.26965332,37.25490189,26.2840004,29.20444679,93.42915344
Tue Nov 21 15:05:18 EST 2017,05:18.4,-76.26980063,36.84616892,14.5,4,-34.29999924,307,-0.42137951,-4.06056595,9.38527107,0.04986671,-,16.07843208,0.04364888,-0.04295408,-0.41392109,0.85670447,38.03921509,14.11764717,-,-,66.19999695,63.73890686,14.64881134,-,1856,-,-112.5328064,36.84616852,-76.26979828,6.66666698,32.43557358,32.31130219,96.99491882
Tue Nov 21 15:05:19 EST 2017,05:19.4,-76.26992309,36.84625128,14.25,5,-34.40000153,307.6,-0.38307226,-4.63517427,8.92558384,0.04496044,-,16.07843208,0.02631096,-0.03904916,-0.47249481,0.80984545,14.11764717,14.11764717,-,-,66.19999695,63.65618515,14.64881134,-,1674,-,-112.8609009,36.84625244,-76.26992035,6.66666698,31.87634087,28.58307457,96.99491882
Tue Nov 21 15:05:20 EST 2017,05:20.4,-76.27004813,36.84633559,14,5,-35,309.3,-0.45968673,-3.29442143,9.53849983,0.03534637,-,14.90196133,0.03010264,-0.04685899,-0.33582276,0.87232411,14.11764717,14.11764717,-,-,66.19999695,63.65618515,14.64881134,-,1674,-,-114.8293991,36.84633636,-76.27005005,5.49019623,31.31710625,28.58307457,96.99491882
Tue Nov 21 15:05:21 EST 2017,05:21.4,-76.27015347,36.84640624,13.25,6,-34.40000153,311.3,-0.45968673,-2.14520478,9.88326454,0.05099183,-,14.90196133,0.03234435,-0.04685899,-0.2186753,0.90746832,14.11764717,14.11764717,-,-,66.19999695,63.56510544,14.64881134,-,1432,-,-112.8609009,36.84640503,-76.27015686,5.49019623,29.6394043,24.85484695,-
Tue Nov 21 15:05:22 EST 2017,05:22.4,-76.27024916,36.84643723,11,4,-33.59999847,305.8,-0.11492168,-2.41335535,9.38527107,0.00689745,-,22.35294151,0.02281858,0,-0.21477039,0.8996585,28.62745094,29.80392265,-,-,66.19999695,63.56510544,14.64881134,-,1511,-,-110.2362137,36.84643555,-76.27024841,14.50980377,24.60629845,24.85484695,-
Tue Nov 21 15:05:23 EST 2017,05:23.4,-76.27035315,36.84649251,11.25,5,-32.70000076,305.8,0.91937345,-3.44765043,9.34696388,0.08611393,-,15.68627453,0.07231365,-0.04685899,-0.36315718,0.90746832,28.62745094,29.80392265,-,-,66.19999695,63.47590256,14.64881134,-,1511,-,-107.2834702,36.84649277,-76.27035522,7.05882359,25.16553307,25.47621918,19.17294121
Tue Nov 21 15:05:24 EST 2017,05:24.4,-76.27046319,36.84655018,11.5,5,-32.70000076,306.5,-0.19153613,-3.21780705,9.23204136,0.01580197,-,15.68627453,0.07716216,0,-0.33582276,0.92308795,14.11764717,14.50980377,-,-,66.19999695,63.38711929,14.64881134,-,1464,-,-107.2834702,36.84654999,-76.27046204,7.05882359,25.72476578,25.47621918,19.17294121
Tue Nov 21 15:05:25 EST 2017,05:25.4,-76.27056868,36.84661644,11.5,5,-32.40000153,306.9,-0.19153613,-1.76213241,9.92157173,0.05037095,-,16.47058868,-0.01239827,-0.01561966,-0.19134088,0.91137326,37.64706039,42.74509811,-,-,66.19999695,63.38711929,14.64881134,-,1464,-,-106.2992172,36.84661484,-76.27056885,5.49019623,25.72476578,25.47621918,19.17294121
Tue Nov 21 15:05:26 EST 2017,05:26.4,-76.27067244,36.84667982,11.25,5,-32.59999847,306.6,-0.42137951,-2.41335535,9.92157173,0.06074935,-,16.47058868,0.04210521,-0.04295408,-0.24600971,0.91137326,37.64706039,42.74509811,-,-,66.19999695,63.29874802,14.64881134,-,1679,-,-106.9553757,36.84667969,-76.27067566,16.47058868,25.16553307,25.47621918,-
Tue Nov 21 15:05:27 EST 2017,05:27.4,-76.27078074,36.8467509,11.5,5,-32.40000153,307.2,-0.34476504,-3.40934324,9.38527107,0.0374797,-,21.17647171,0.01882764,-0.03514424,-0.34753752,0.85670447,14.11764717,14.11764717,-,-,66.19999695,63.21368027,14.64881134,-,1564,-,-106.2992172,36.84675217,-76.27078247,16.47058868,25.72476578,26.71896172,38.90051651
Tue Nov 21 15:05:28 EST 2017,05:28.4,-76.2708928,36.8468127,12.25,4,-32.59999847,306,-0.38307226,-3.37103605,9.27034855,0.04181674,-,14.90196133,0.00663079,-0.03904916,-0.34363261,0.84498966,14.11764717,14.11764717,-,-,66.19999695,63.21368027,14.64881134,-,1564,-,-106.9553757,36.8468132,-76.27088928,5.09803915,27.40246773,26.71896172,38.90051651
Tue Nov 21 15:05:29 EST 2017,05:29.4,-76.27099831,36.84687992,11.75,4,-33.59999847,306.4,-0.5363012,-3.52426481,9.38527107,0.04239351,-,14.90196133,0.02374315,-0.05466883,-0.35925224,0.85670447,14.11764717,14.11764717,-,-,66.19999695,63.12467957,14.64881134,-,1435,-,-110.2362137,36.84687805,-76.27099609,5.09803915,26.2840004,24.85484695,38.90051651
Tue Nov 21 15:05:30 EST 2017,05:30.4,-76.27110167,36.8469356,11.25,4,-33,305.5,-0.34476504,-1.45567465,10.18972206,0.0435815,-,18.03921509,-0.00297225,-0.04295408,-0.17572121,0.88013393,43.52941132,45.88235474,-,-,66.19999695,63.12467957,14.64881134,-,1435,-,-108.2677155,36.84693527,-76.27110291,5.49019623,25.16553307,24.85484695,38.90051651
Tue Nov 21 15:05:31 EST 2017,05:31.4,-76.2711989,36.84698589,11,4,-32.20000076,305.4,-0.49799395,-1.8770541,9.30865574,0.01497219,-,18.03921509,-0.01431598,-0.04685899,-0.17572121,0.84889454,43.52941132,45.88235474,-,-,66.19999695,63.03896713,14.64881134,-,1769,-,-105.6430435,36.84698486,-76.27120209,24.31372643,24.60629845,26.09758949,33.94114304
Tue Nov 21 15:05:32 EST 2017,05:32.4,-76.27131296,36.84704869,11.75,4,-31.79999924,303,-0.07661445,-1.72382522,9.92157173,0.04305631,-,27.84313774,0.01467052,-0.00390492,-0.1718163,0.8996585,34.11764908,31.76470566,-,-,66.19999695,62.96083069,14.64881134,-,1727,-,-104.3307037,36.84704971,-76.27131653,24.31372643,26.2840004,29.20444679,94.9465332
Tue Nov 21 15:05:33 EST 2017,05:33.4,-76.27143783,36.84711215,13,4,-31.10000038,303.2,-0.57460839,-1.53228903,9.88326454,0.04018587,-,40.7843132,-0.00758953,-0.03904916,-0.14838681,0.88013393,34.11764908,31.76470566,-,-,66.19999695,62.96083069,14.64881134,-,1727,-,-102.0341187,36.84711075,-76.2714386,33.33333206,29.08017159,29.20444679,94.9465332
Tue Nov 21 15:05:34 EST 2017,05:34.4,-76.27156549,36.84718082,14,4,-30.79999924,304.1,0,-1.22583127,10.30464458,0.05600249,-,40.7843132,0.05819007,0,-0.12495731,0.95042247,46.27450943,46.66666794,-,-,66.19999695,62.89450455,14.64881134,-,1986,-,-101.0498657,36.84717941,-76.2715683,33.33333206,31.31710625,34.17541504,157.5919342
Tue Nov 21 15:05:35 EST 2017,05:35.4,-76.27170873,36.84725962,15.25,4,-30.70000076,304.1,0.03830723,-2.29843354,9.88326454,0.05336052,-,29.41176605,0.03471394,0.00390492,-0.23429495,0.90746832,33.33333206,46.66666794,-,-,66.19999695,62.89450455,14.64881134,-,1986,-,-100.7217865,36.84725952,-76.27170563,27.45098114,34.11327744,34.17541504,157.5919342
Tue Nov 21 15:05:36 EST 2017,05:36.4,-76.27185747,36.84733961,16.5,4,-30.60000038,304.9,0.72783732,-2.06859016,9.57680702,0.0355455,-,29.41176605,0.03978182,0.0741934,-0.16791138,0.92308795,33.33333206,36.47058868,-,-,66.19999695,62.83705139,14.64881134,-,2062,-,-100.3936997,36.84733963,-76.27185822,40,36.90944672,37.90364456,118.1499863
Tue Nov 21 15:05:37 EST 2017,05:37.4,-76.27201106,36.84743462,17.25,4,-30,306.3,-0.42137951,-2.18351197,9.53849983,0.01739931,-,39.2156868,0.04234678,-0.06247865,-0.18743597,0.92308795,41.96078491,41.96078491,-,-,66.19999695,62.83705139,14.64881134,-,1829,-,-98.42519379,36.847435,-76.2720108,40,38.58715057,37.90364456,118.1499863
Tue Nov 21 15:05:38 EST 2017,05:38.4,-76.27217466,36.84753793,18,4,-30.5,308.5,-1.34075296,-2.94965649,8.50420475,0.00863318,-,17.64705849,-0.08135835,-0.10543273,-0.34753752,0.74346179,41.96078491,41.96078491,-,-,64.40000153,62.78984451,14.64881134,-,1829,-,-100.0656204,36.84753799,-76.27217102,16.47058868,40.26485062,42.25324249,183.6705017
Tue Nov 21 15:05:39 EST 2017,05:39.4,-76.27234304,36.84764844,19,4,-30.20000076,308.3,-0.57460839,-2.45166254,9.76834297,0.04730612,-,17.64705849,-0.0066981,-0.05857374,-0.27334413,0.85279953,14.11764717,14.11764717,-,-,64.40000153,62.74285126,14.64881134,-,1850,-,-99.08136749,36.84764862,-76.2723465,16.47058868,42.50178909,42.25324249,183.6705017
Tue Nov 21 15:05:40 EST 2017,05:40.4,-76.27251999,36.84775257,19,4,-30.5,306.6,-0.45968673,-3.25611424,8.46589756,0.00376459,-,20.7843132,-0.07388087,-0.04685899,-0.33191785,0.76298648,34.90196228,14.50980377,-,-,64.40000153,62.74285126,14.64881134,-,1850,-,-100.0656204,36.84775162,-76.27252197,9.01960754,42.50178909,42.25324249,183.6705017
Tue Nov 21 15:05:41 EST 2017,05:41.4,-76.27269041,36.84785165,19,3,-30.89999962,306.3,0.19153613,-2.48996973,10.41956615,0.11121839,-,20.7843132,0.09259146,0.01952458,-0.25381953,0.96213716,34.90196228,14.50980377,-,-,64.40000153,62.69607162,14.64881134,-,1816,-,-101.3779526,36.8478508,-76.27268982,16.07843208,42.50178909,42.25324249,-
Tue Nov 21 15:05:42 EST 2017,05:42.4,-76.27286237,36.84795237,19.25,3,-31.39999962,306.4,0,-3.86903,10.45787334,0.0810348,-,27.84313774,0.13704757,0,-0.39439651,0.9660421,40.7843132,40.7843132,-,-,64.40000153,62.65657806,14.64881134,-,1979,-,-103.0183716,36.8479538,-76.2728653,16.07843208,43.0610199,45.36009598,130.5579529
Tue Nov 21 15:05:43 EST 2017,05:43.4,-76.27304299,36.8480586,20,3,-32.20000076,306.5,0.11492168,-2.45166254,9.34696388,0.03910042,-,16.86274529,-0.0145637,0.01171475,-0.24991462,0.85279953,28.62745094,40.7843132,-,-,64.40000153,62.65657806,14.64881134,-,1979,-,-105.6430435,36.84805679,-76.27304077,6.66666698,44.73872757,45.36009598,130.5579529
Tue Nov 21 15:05:44 EST 2017,05:44.4,-76.27322896,36.84817416,20.5,3,-33.5,306.7,-0.38307226,-3.37103605,9.00219822,-0.0003373,-,16.86274529,0.0482806,0.02733441,-0.35925224,0.88403887,28.62745094,30.58823586,-,-,64.40000153,62.61868286,14.64881134,-,1995,-,-109.9081345,36.84817505,-76.27323151,6.66666698,45.85719299,45.9814682,27.67863464
Tue Nov 21 15:05:45 EST 2017,05:45.4,-76.27341699,36.84828978,20.75,4,-35.09999847,306.4,0.99598789,-3.17949986,10.38125896,0.13039976,-,16.07843208,0.02535162,0.08981306,-0.36706212,0.85279953,14.11764717,14.11764717,-,-,64.40000153,62.61868286,14.64881134,-,1579,-,-115.1574783,36.84828949,-76.27341461,6.66666698,46.41642761,45.9814682,27.67863464
Tue Nov 21 15:05:46 EST 2017,05:46.4,-76.27360785,36.84840932,20.75,4,-36.79999924,306.5,0.49799395,-3.33272886,9.04050541,0.00680841,-,15.29411793,-0.0354726,0.03123933,-0.35925224,0.79422575,14.11764717,14.11764717,-,-,64.40000153,62.58236313,14.64881134,-,1579,-,-120.7349091,36.84840775,-76.27360535,5.49019623,46.41642761,46.60284042,34.75683975
Tue Nov 21 15:05:47 EST 2017,05:47.4,-76.27379504,36.84852226,21,4,-37.20000076,307.4,0.45968673,-4.21379519,10.07480049,0.13318819,-,15.29411793,0.1145689,0.04685899,-0.42954078,0.92699289,14.11764717,14.50980377,-,-,64.40000153,62.54761887,14.64881134,-,1628,-,-122.0472488,36.84852219,-76.27379608,5.49019623,46.97566223,47.22420883,33.04582977
Tue Nov 21 15:05:48 EST 2017,05:48.4,-76.27397791,36.84864793,21.25,4,-38.40000153,309.8,-0.30645782,-3.52426481,9.04050541,0.00860155,-,15.29411793,-0.01006037,-0.03123933,-0.35925224,0.82156014,14.11764717,14.50980377,-,-,64.40000153,62.54761887,14.64881134,-,1628,-,-125.9842606,36.84864807,-76.27397919,5.49019623,47.53489685,47.22420883,33.04582977
Tue Nov 21 15:05:49 EST 2017,05:49.4,-76.2741607,36.84877576,21.25,5,-38.59999847,309.9,-0.30645782,-3.63918662,9.88326454,0.09305066,-,15.29411793,0.0744176,-0.03123933,-0.37096703,0.90746832,14.11764717,14.11764717,-,-,64.40000153,62.51162338,14.64881134,-,1622,-,-126.6404114,36.84877396,-76.27416229,5.49019623,47.53489685,46.60284042,33.04582977
Tue Nov 21 15:05:50 EST 2017,05:50.4,-76.27433215,36.84890152,20.75,4,-38.29999924,311.6,-0.03830723,-2.98796368,9.76834297,0.07618646,-,15.29411793,0.04165853,-0.00390492,-0.30458343,0.89575356,14.11764717,14.50980377,-,-,64.40000153,62.51162338,14.64881134,-,1548,-,-125.6561661,36.84889984,-76.27433014,5.49019623,46.41642761,46.60284042,33.04582977
Tue Nov 21 15:05:51 EST 2017,05:51.4,-76.27449815,36.84902216,20.25,4,-37.40000153,311.5,-0.5363012,-3.06457806,9.15542698,0.00468767,-,14.90196133,-0.02651265,-0.01171475,-0.30067852,0.82546508,14.11764717,14.50980377,-,-,64.40000153,62.47019577,14.64881134,-,1548,-,-122.7034149,36.84902191,-76.27449799,5.49019623,45.29796219,44.11735535,-
Tue Nov 21 15:05:52 EST 2017,05:52.4,-76.27466046,36.84914375,20,4,-37.40000153,312.4,-0.2681506,-2.94965649,9.53849983,0.02050698,-,14.90196133,0.01425695,-0.01171475,-0.31239328,0.86451429,14.11764717,14.50980377,-,-,64.40000153,62.42197418,14.64881134,-,1438,-,-122.7034149,36.84914398,-76.2746582,5.49019623,44.73872757,41.01049805,-
Tue Nov 21 15:05:53 EST 2017,05:53.4,-76.27481879,36.8492603,19.25,4,-37.20000076,312.9,0.03830723,-3.17949986,9.27034855,0.01803285,-,14.90196133,0.03427144,0.00780983,-0.35144243,0.87232411,14.11764717,14.11764717,-,-,64.40000153,62.42197418,14.64881134,-,1438,-,-122.0472488,36.84925842,-76.27481842,5.09803915,43.0610199,41.01049805,-
Tue Nov 21 15:05:54 EST 2017,05:54.4,-76.2749678,36.84937588,18.75,4,-37.20000076,313.7,-0.19153613,-3.52426481,9.88326454,0.04246855,-,14.90196133,-0.02558048,-0.01952458,-0.35925224,0.90746832,14.11764717,14.11764717,-,-,64.40000153,62.36839294,14.64881134,-,1307,-,-122.0472488,36.84937668,-76.27497101,5.09803915,41.94255447,38.52501297,-
Tue Nov 21 15:05:55 EST 2017,05:55.4,-76.27511068,36.84948432,18,4,-37.20000076,313.9,-0.68953007,-1.41736746,11.56878281,-0.05295505,-,15.29411793,0.1905863,-0.07028849,-0.1444819,1.07928467,14.11764717,18.4313736,-,-,64.40000153,62.3094902,14.64881134,-,1547,-,-122.0472488,36.84948349,-76.27510834,5.09803915,40.26485062,36.03952789,-
Tue Nov 21 15:05:56 EST 2017,05:56.4,-76.27524481,36.84959015,17,4,-37.29999924,314.3,0.8810662,-2.71981311,9.30865574,0.01164001,-,20.3921566,-0.00702086,0.08981306,-0.27724904,0.84889454,14.11764717,18.4313736,-,-,64.40000153,62.3094902,14.64881134,-,1547,-,-122.3753281,36.8495903,-76.27524567,12.15686321,38.02791595,36.03952789,-
Tue Nov 21 15:05:57 EST 2017,05:57.4,-76.27537135,36.84968022,16,4,-36.70000076,313.4,1.83874691,-2.98796368,9.11711979,-0.11335262,-,20.3921566,-0.00385264,0.18743597,-0.30458343,0.82936996,34.50980377,34.90196228,-,-,64.40000153,62.24808121,14.64881134,-,1575,-,-120.4068298,36.84968185,-76.27536774,12.15686321,35.79098129,34.79678726,-
Tue Nov 21 15:05:58 EST 2017,05:58.4,-76.27549051,36.84977879,15.75,4,-36.20000076,316.6,-0.07661445,-3.56257224,10.30464458,0.1304546,-,15.68627453,0.16289529,-0.01561966,-0.42563587,0.98166174,14.11764717,14.11764717,-,-,64.40000153,62.24808121,14.64881134,-,1575,-,-118.7664032,36.84977722,-76.27548981,8.62745094,35.23174286,34.79678726,-
Tue Nov 21 15:05:59 EST 2017,05:59.4,-76.27560685,36.84988295,15.75,3,-35.79999924,319.5,0.34476504,-4.44363832,9.42357826,0.15044083,-,15.68627453,0.07014853,-0.03904916,-0.417826,0.88403887,14.11764717,14.11764717,-,-,64.40000153,62.1855545,14.64881134,-,1508,-,-117.4540634,36.84988403,-76.27560425,5.09803915,35.23174286,34.17541504,-
Tue Nov 21 15:06:00 EST 2017,06:00.4,-76.2757146,36.84998032,14.75,3,-35.59999847,318.4,-1.22583127,-4.97993946,9.6534214,0.13329083,-,14.50980377,0.03907719,-0.13276714,-0.51154399,0.79422575,14.11764717,14.11764717,-,-,64.40000153,62.10536194,14.64881134,-,1167,-,-116.7978973,36.8499794,-76.27571106,5.09803915,32.9948082,26.09758949,-
Tue Nov 21 15:06:01 EST 2017,06:01.4,-76.27581083,36.85006957,12.5,3,-35.59999847,317.9,-0.34476504,-5.05655384,8.77235508,0.05708048,-,14.11764717,0.04856442,-0.0234295,-0.4842096,0.82936996,14.11764717,14.11764717,-,-,64.40000153,62.10536194,14.64881134,-,1167,-,-116.7978973,36.85007095,-76.27581024,4.31372547,27.96170425,26.09758949,-
Tue Nov 21 15:06:02 EST 2017,06:02.4,-76.27588446,36.85013323,10.25,4,-35.70000076,317.7,-0.5363012,-5.05655384,9.0788126,0.04642702,-,14.11764717,0.02460727,-0.05466883,-0.54278332,0.76689136,14.11764717,14.11764717,-,-,64.40000153,62.00623322,14.64881134,-,1092,-,-117.1259842,36.85013199,-76.27588654,4.31372547,22.9285965,17.39839363,-
Tue Nov 21 15:06:03 EST 2017,06:03.4,-76.27594326,36.85018587,8,3,-35.20000076,317.4,-0.42137951,-3.715801,9.34696388,0.04522794,-,13.72549057,0.040046,-0.06247865,-0.40220633,0.85670447,14.11764717,14.11764717,-,-,64.40000153,62.00623322,14.64881134,-,1092,-,-115.4855652,36.85018539,-76.27593994,3.92156863,17.89549065,17.39839363,-
Tue Nov 21 15:06:04 EST 2017,06:04.4,-76.27598361,36.85021854,5.75,3,-35.09999847,317.5,-0.30645782,-4.55855989,9.19373417,0.06135798,-,13.72549057,0.06287336,-0.03904916,-0.4685899,0.85279953,14.11764717,14.11764717,-,-,64.40000153,61.89241791,14.64881134,-,870,-,-115.1574783,36.85021973,-76.27598572,3.13725495,12.86238289,10.56331062,-
Tue Nov 21 15:06:05 EST 2017,06:05.4,-76.27601695,36.85025088,4.25,3,-35.20000076,317.7,-0.30645782,-4.40533113,9.23204136,0.04903966,-,13.33333397,0.0187527,-0.0234295,-0.44906533,0.81375033,14.11764717,14.11764717,-,-,64.40000153,61.76676559,14.64881134,-,770,-,-115.4855652,36.85025024,-76.27601624,3.13725495,9.50697899,4.97096968,-
Tue Nov 21 15:06:06 EST 2017,06:06.4,-76.27603823,36.8502728,2.5,3,-34.90000153,317.3,-0.30645782,-2.41335535,9.11711979,0.04212797,-,13.72549057,0.08560725,-0.00780983,-0.20305562,0.9660421,14.11764717,14.11764717,-,-,64.40000153,61.76676559,14.64881134,-,770,-,-114.5013199,36.85027313,-76.27603912,3.92156863,5.59234095,4.97096968,-
Tue Nov 21 15:06:07 EST 2017,06:07.4,-76.27604267,36.85027618,0.75,3,-34.90000153,317.3,-0.38307226,-2.7581203,9.50019264,0.02816206,-,13.72549057,0.01743379,-0.03123933,-0.29677361,0.87232411,14.11764717,14.11764717,-,-,64.40000153,61.76676559,14.64881134,-,634,-,-114.5013199,36.85027695,-76.27603912,3.92156863,1.67770207,0,-
Tue Nov 21 15:06:08 EST 2017,06:08.4,-76.27604159,36.85027266,0,3,-34.90000153,0,-0.30645782,-2.87304211,9.53849983,0.03792012,-,14.11764717,0.01630086,-0.03123933,-0.2928687,0.87232411,14.11764717,14.11764717,-,-,64.40000153,61.76676559,14.64881134,-,691,-,-114.5013199,36.85027313,-76.27603912,4.31372547,0,0,-
Tue Nov 21 15:06:09 EST 2017,06:09.4,-76.27604139,36.85027192,0,3,-35,0,-0.19153613,-2.79642749,9.57680702,0.03571455,-,14.11764717,0.01753126,-0.01952458,-0.28505886,0.87622905,14.11764717,14.11764717,-,-,64.40000153,61.76676559,14.64881134,-,691,-,-114.8293991,36.85027313,-76.27603912,3.92156863,0,0,-
Tue Nov 21 15:06:10 EST 2017,06:10.4,-76.27603976,36.85027079,0,3,-34.90000153,0,-0.34476504,-2.7581203,9.61511421,0.03710088,-,14.11764717,0.01396348,-0.02733441,-0.28505886,0.87232411,14.11764717,14.11764717,-,-,64.40000153,61.76676559,14.64881134,-,676,-,-114.5013199,36.85026932,-76.27603912,3.92156863,0,0,-
Tue Nov 21 15:06:11 EST 2017,06:11.4,-76.27603979,36.85027129,0,3,-35,0,-0.34476504,-2.9113493,9.6534214,0.03672646,-,13.72549057,0.02544829,-0.03514424,-0.28505886,0.88403887,14.11764717,14.11764717,-,-,64.40000153,61.76676559,14.64881134,-,676,-,-114.8293991,36.85027313,-76.27603912,3.92156863,0,0,-
Tue Nov 21 15:06:12 EST 2017,06:12.4,-76.27603957,36.85027114,0,3,-35,0,-0.19153613,-2.7581203,9.6534214,0.042602,-,13.72549057,0.02395174,-0.01952458,-0.28115395,0.88403887,14.11764717,14.11764717,-,-,64.40000153,61.76676559,14.64881134,-,680,-,-114.8293991,36.85026932,-76.27603912,4.31372547,0,0,-
Tue Nov 21 15:06:13 EST 2017,06:13.4,-76.27603843,36.85027275,0,3,-35,0,-0.34476504,-2.71981311,9.6534214,0.03743454,-,14.11764717,0.01761374,-0.0234295,-0.28505886,0.87622905,14.11764717,14.11764717,-,-,64.40000153,61.76676559,14.64881134,-,660,-,-114.8293991,36.85027313,-76.27603912,4.31372547,0,0,-
Tue Nov 21 15:06:14 EST 2017,06:14.4,-76.27603771,36.85027378,0,3,-35.20000076,0,-0.22984336,-2.79642749,9.53849983,0.0325194,-,13.72549057,0.00740368,-0.01952458,-0.28896379,0.86451429,14.11764717,14.11764717,-,-,64.40000153,61.76676559,14.64881134,-,660,-,-115.4855652,36.85027313,-76.27603912,3.92156863,0,0,-
Tue Nov 21 15:06:15 EST 2017,06:15.4,-76.27603813,36.85027435,0,3,-35.09999847,0,-0.30645782,-2.87304211,9.57680702,0.0386917,-,13.72549057,0.02558964,-0.03904916,-0.28505886,0.88403887,14.11764717,14.11764717,-,-,64.40000153,61.76676559,14.64881134,-,661,-,-115.1574783,36.85027313,-76.27603912,3.92156863,0,0,-
Tue Nov 21 15:06:16 EST 2017,06:16.4,-76.27603826,36.85027565,0,3,-35.20000076,0,-0.19153613,-2.83473492,9.61511421,0.04105995,-,13.72549057,0.02503156,-0.01952458,-0.28505886,0.88403887,14.11764717,14.11764717,-,-,64.40000153,61.76676559,14.64881134,-,661,-,-115.4855652,36.85027695,-76.27603912,3.92156863,0,0,-
Tue Nov 21 15:06:17 EST 2017,06:17.4,-76.2760376,36.85027527,0,3,-35.09999847,0,-0.22984336,-2.83473492,9.46188545,0.0261429,-,13.72549057,0.021363,-0.0234295,-0.28896379,0.86451429,14.11764717,14.11764717,-,-,64.40000153,61.76676559,14.64881134,-,658,-,-115.1574783,36.85027695,-76.27603912,3.92156863,0,0,-
Tue Nov 21 15:06:18 EST 2017,06:18.4,-76.27603809,36.85027592,0,3,-35.09999847,0,-0.2681506,-2.68150592,9.84495735,0.03565227,-,13.72549057,0.04083789,-0.02733441,-0.27334413,0.90356338,14.11764717,14.11764717,-,-,64.40000153,61.76676559,14.64881134,-,651,-,-115.1574783,36.85027695,-76.27603912,3.92156863,0,0,-
Tue Nov 21 15:06:19 EST 2017,06:19.4,-76.27603829,36.850276,0,3,-35.09999847,0,-0.2681506,-2.79642749,9.53849983,0.03261727,-,13.72549057,0.01396348,-0.02733441,-0.28505886,0.87232411,14.11764717,14.11764717,-,-,66.19999695,61.76676559,14.64881134,-,651,-,-115.1574783,36.85027695,-76.27603912,3.92156863,0,0,-
Tue Nov 21 15:06:20 EST 2017,06:20.4,-76.27603838,36.85027603,0,3,-35.09999847,0,-0.19153613,-2.83473492,9.53849983,0.03354198,-,13.72549057,0.01488855,-0.01952458,-0.28896379,0.87232411,14.11764717,14.11764717,-,-,66.19999695,61.76676559,14.64881134,-,664,-,-115.1574783,36.85027695,-76.27603912,3.92156863,0,0,-
Tue Nov 21 15:06:21 EST 2017,06:21.4,-76.27603843,36.85027605,0,3,-35.09999847,0,-0.30645782,-2.79642749,9.53849983,0.03273004,-,13.72549057,0.007699,-0.03123933,-0.28896379,0.86451429,14.11764717,14.11764717,-,-,66.19999695,61.76676559,14.64881134,-,664,-,-115.1574783,36.85027695,-76.27603912,3.92156863,0,0,-
Tue Nov 21 15:06:22 EST 2017,06:22.4,-76.27603844,36.8502761,0,3,-35.09999847,0,-0.2681506,-2.79642749,9.61511421,0.04011124,-,13.72549057,0.01488855,-0.01952458,-0.28896379,0.87232411,14.11764717,14.11764717,-,-,66.19999695,61.76676559,14.64881134,-,662,-,-115.1574783,36.85027695,-76.27603912,3.92156863,0,0,-
Tue Nov 21 15:06:23 EST 2017,06:23.4,-76.27603844,36.85027609,0,3,-35.09999847,0,-0.30645782,-2.79642749,9.61511421,0.03797643,-,13.72549057,0.02544829,-0.03514424,-0.28505886,0.88403887,14.11764717,14.11764717,-,-,66.19999695,61.76676559,14.64881134,-,660,-,-115.1574783,36.85027695,-76.27603912,3.92156863,0,0,-
Tue Nov 21 15:06:24 EST 2017,06:24.4,-76.27603845,36.85027609,0,3,-35.09999847,0,-0.2681506,-2.79642749,9.61511421,0.03336343,-,13.72549057,0.0214601,-0.02733441,-0.28505886,0.88013393,14.11764717,14.11764717,-,-,66.19999695,61.76676559,14.64881134,-,660,-,-115.1574783,36.85027695,-76.27603912,3.92156863,0,0,-
Tue Nov 21 15:06:25 EST 2017,06:25.4,-76.27603846,36.85027609,0,3,-35.09999847,0,-0.2681506,-2.87304211,9.34696388,0.01616907,-,13.72549057,-0.00249023,-0.02733441,-0.2928687,0.85279953,14.11764717,14.11764717,-,-,66.19999695,61.76676559,14.64881134,-,656,-,-115.1574783,36.85027695,-76.27603912,3.92156863,0,0,-
Tue Nov 21 15:06:26 EST 2017,06:26.4,-76.27603847,36.85027608,0,3,-35.09999847,0,-0.38307226,-2.7581203,9.69172859,0.04691309,-,14.11764717,0.0282642,-0.03904916,-0.28115395,0.88794374,14.11764717,14.11764717,-,-,66.19999695,61.76676559,14.64881134,-,658,-,-115.1574783,36.85027695,-76.27603912,3.92156863,0,0,-
Tue Nov 21 15:06:27 EST 2017,06:27.4,-76.27603847,36.85027607,0,3,-35.09999847,0,-0.22984336,-2.83473492,9.46188545,0.02816,-,14.11764717,0.0037467,-0.0234295,-0.28896379,0.86060935,14.11764717,14.11764717,-,-,66.19999695,61.76676559,14.64881134,-,658,-,-115.1574783,36.85027695,-76.27603912,3.92156863,0,0,-
Tue Nov 21 15:06:28 EST 2017,06:28.4,-76.27603848,36.85027607,0,3,-35.09999847,0,-0.22984336,-2.83473492,9.46188545,0.03065211,-,13.72549057,0.00748698,-0.0234295,-0.28896379,0.86451429,14.11764717,14.11764717,-,-,66.19999695,61.76676559,14.64881134,-,656,-,-115.1574783,36.85027695,-76.27603912,3.92156863,0,0,-
Tue Nov 21 15:06:29 EST 2017,06:29.4,-76.27603848,36.85027607,0,3,-35.09999847,0,-0.22984336,-2.71981311,9.61511421,0.03339283,-,13.72549057,0.01920942,-0.0234295,-0.27724904,0.88013393,14.11764717,14.11764717,-,-,66.19999695,61.76676559,14.64881134,-,656,-,-115.1574783,36.85027695,-76.27603912,3.92156863,0,0,-
Tue Nov 21 15:06:30 EST 2017,06:30.4,-76.27603848,36.85027607,0,3,-35.09999847,0,-0.34476504,-2.79642749,9.57680702,0.03660339,-,13.72549057,0.02169908,-0.03514424,-0.28505886,0.88013393,14.11764717,14.11764717,-,-,66.19999695,61.76676559,14.64881134,-,656,-,-115.1574783,36.85027695,-76.27603912,3.92156863,0,0,-
Tue Nov 21 15:06:31 EST 2017,06:31.4,-76.27603847,36.85027605,0,3,-35.09999847,0,-0.15322891,-2.83473492,9.46188545,0.03251027,-,13.72549057,0.01122852,-0.0234295,-0.28896379,0.86841917,14.11764717,14.11764717,-,-,66.19999695,61.76676559,14.64881134,-,666,-,-115.1574783,36.85027695,-76.27603912,3.92156863,0,0,-
Tue Nov 21 15:06:32 EST 2017,06:32.4,-76.27603846,36.85027604,0,3,-35,0,-0.2681506,-2.87304211,9.42357826,0.02363402,-,13.72549057,0.01506896,-0.02733441,-0.28896379,0.87232411,14.11764717,14.11764717,-,-,66.19999695,61.76676559,14.64881134,-,666,-,-114.8293991,36.85027695,-76.27603912,3.92156863,0,0,-
Tue Nov 21 15:06:33 EST 2017,06:33.4,-76.27603846,36.85027603,0,3,-35,0,-0.2681506,-2.79642749,9.61511421,0.0347413,-,13.72549057,0.00479508,-0.01952458,-0.2928687,0.86060935,14.11764717,14.11764717,-,-,66.19999695,61.76676559,14.64881134,-,666,-,-114.8293991,36.85027695,-76.27603912,4.31372547,0,0,-
Tue Nov 21 15:06:34 EST 2017,06:34.4,-76.27603846,36.85027602,0,3,-35,0,-0.34476504,-2.79642749,9.61511421,0.03129269,-,13.72549057,0.01992778,-0.02733441,-0.2928687,0.87622905,14.11764717,14.11764717,-,-,66.19999695,61.76676559,14.64881134,-,666,-,-114.8293991,36.85027695,-76.27603912,4.31372547,0,0,-
Tue Nov 21 15:06:35 EST 2017,06:35.4,-76.27603849,36.85027601,0,3,-35,0,-0.19153613,-2.79642749,9.53849983,0.03029142,-,13.72549057,0.00996777,-0.01561966,-0.28505886,0.86841917,14.11764717,14.11764717,-,-,66.19999695,61.76676559,14.64881134,-,671,-,-114.8293991,36.85027695,-76.27603912,4.31372547,0,0,-
Tue Nov 21 15:06:36 EST 2017,06:36.4,-76.27603849,36.85027602,0,3,-35,0,-0.2681506,-2.79642749,9.61511421,0.03543542,-,14.11764717,0.0214601,-0.02733441,-0.28505886,0.88013393,14.11764717,14.11764717,-,-,66.19999695,61.76676559,14.64881134,-,671,-,-114.8293991,36.85027695,-76.27603912,4.31372547,0,0,-
Tue Nov 21 15:06:37 EST 2017,06:37.4,-76.27603849,36.85027599,0,3,-35,0,-0.19153613,-2.79642749,9.50019264,0.02869076,-,14.11764717,0.01003576,-0.01952458,-0.28505886,0.86841917,14.11764717,14.11764717,-,-,68,61.76676559,14.64881134,-,655,-,-114.8293991,36.85027695,-76.27603912,4.31372547,0,0,-
Tue Nov 21 15:06:38 EST 2017,06:38.4,-76.27603852,36.85027597,0,3,-35,0,-0.19153613,-2.79642749,9.50019264,0.02869076,-,14.11764717,0.00733552,-0.01561966,-0.28896379,0.86451429,14.11764717,14.11764717,-,-,68,61.76676559,14.64881134,-,655,-,-114.8293991,36.85027695,-76.27603912,3.92156863,0,0,-
Tue Nov 21 15:06:39 EST 2017,06:39.4,-76.27603853,36.85027596,0,3,-35,0,-0.19153613,-2.79642749,9.53849983,0.03243667,-,14.11764717,0.01518169,-0.01952458,-0.28505886,0.87232411,14.11764717,14.11764717,-,-,68,61.76676559,14.64881134,-,660,-,-114.8293991,36.85027695,-76.27603912,3.92156863,0,0,-
Tue Nov 21 15:06:40 EST 2017,06:40.4,-76.27603855,36.85027596,0,3,-35,0,-0.22984336,-2.87304211,9.42357826,0.02801153,-,14.11764717,0.0048786,-0.0234295,-0.2928687,0.86060935,14.11764717,14.11764717,-,-,68,61.76676559,14.64881134,-,671,-,-114.8293991,36.85027695,-76.27603912,3.92156863,0,0,-
Tue Nov 21 15:06:41 EST 2017,06:41.4,-76.27603856,36.85027598,0,3,-35,0,-0.19153613,-2.83473492,9.46188545,0.03262968,-,14.11764717,0.00853147,-0.01952458,-0.2928687,0.86451429,14.11764717,14.11764717,-,-,68,61.76676559,14.64881134,-,671,-,-114.8293991,36.85027695,-76.27603912,4.31372547,0,0,-
Tue Nov 21 15:06:42 EST 2017,06:42.4,-76.27603855,36.85027598,0,3,-35,0,-0.22984336,-2.87304211,9.42357826,0.03077437,-,14.11764717,0.02169908,-0.03514424,-0.28505886,0.88013393,14.11764717,14.11764717,-,-,68,61.76676559,14.64881134,-,659,-,-114.8293991,36.85027695,-76.27603912,4.31372547,0,0,-
Tue Nov 21 15:06:43 EST 2017,06:43.4,-76.27603858,36.85027596,0,3,-35,0,-0.30645782,-2.83473492,9.46188545,0.03371264,-,14.11764717,0.00647173,-0.02733441,-0.28505886,0.86451429,14.11764717,14.11764717,-,-,68,61.76676559,14.64881134,-,659,-,-114.8293991,36.85027695,-76.27603912,4.31372547,0,0,-
Tue Nov 21 15:06:44 EST 2017,06:44.4,-76.27603859,36.85027594,0,3,-35,0,-0.30645782,-2.7581203,9.61511421,0.0373469,-,14.11764717,0.02169908,-0.03514424,-0.28505886,0.88013393,14.11764717,14.11764717,-,-,68,61.76676559,14.64881134,-,658,-,-114.8293991,36.85027695,-76.27603912,4.31372547,0,0,-
Tue Nov 21 15:06:45 EST 2017,06:45.4,-76.27603857,36.85027592,0,3,-35,0,-0.30645782,-2.87304211,9.46188545,0.02748185,-,14.11764717,0.01114553,-0.01952458,-0.28896379,0.86841917,14.11764717,14.11764717,-,-,68,61.76676559,14.64881134,-,661,-,-114.8293991,36.85027695,-76.27603912,4.31372547,0,0,-
Tue Nov 21 15:06:46 EST 2017,06:46.4,-76.27603857,36.85027591,0,3,-35,0,-0.19153613,-2.83473492,9.50019264,0.02980012,-,14.11764717,0.01114553,-0.01952458,-0.28896379,0.86841917,14.11764717,14.11764717,-,-,68,61.76676559,14.64881134,-,661,-,-114.8293991,36.85027695,-76.27603912,4.31372547,0,0,-
Tue Nov 21 15:06:47 EST 2017,06:47.4,-76.27603857,36.8502759,0,3,-35,0,-0.15322891,-2.7581203,9.61511421,0.03878134,-,14.11764717,0.0177112,-0.02733441,-0.28505886,0.87622905,14.11764717,14.11764717,-,-,68,61.76676559,14.64881134,-,660,-,-114.8293991,36.85027695,-76.27603912,4.31372547,0,0,-
Tue Nov 21 15:06:48 EST 2017,06:48.4,-76.27603859,36.8502759,0,3,-35,0,-0.22984336,-2.87304211,9.46188545,0.03343651,-,14.11764717,0.02296775,-0.0234295,-0.27724904,0.88403887,14.11764717,14.11764717,-,-,68,61.76676559,14.64881134,-,660,-,-114.8293991,36.85027695,-76.27603912,4.31372547,0,0,-
Tue Nov 21 15:06:49 EST 2017,06:49.4,-76.27603858,36.85027593,0,3,-35,0,-0.30645782,-2.83473492,9.57680702,0.03431156,-,14.11764717,0.01892493,-0.03123933,-0.28896379,0.87622905,14.11764717,14.11764717,-,-,68,61.76676559,14.64881134,-,660,-,-114.8293991,36.85027695,-76.27603912,4.31372547,0,0,-
Tue Nov 21 15:06:50 EST 2017,06:50.4,-76.27603859,36.85027594,0,3,-35,0,-0.22984336,-2.79642749,9.6534214,0.03471231,-,14.11764717,0.02503156,-0.01952458,-0.28505886,0.88403887,14.11764717,14.11764717,-,-,68,61.76676559,14.64881134,-,659,-,-114.8293991,36.85027695,-76.27603912,4.31372547,0,0,-
Tue Nov 21 15:06:51 EST 2017,06:51.4,-76.27603859,36.85027595,0,3,-35,0,-0.2681506,-2.71981311,9.69172859,0.03686363,-,14.11764717,0.02682378,-0.02733441,-0.27724904,0.88794374,14.11764717,14.11764717,-,-,68,61.76676559,14.64881134,-,659,-,-114.8293991,36.85027695,-76.27603912,4.31372547,0,0,-
Tue Nov 21 15:06:52 EST 2017,06:52.4,-76.27603863,36.85027597,0,3,-35,0,-0.19153613,-2.83473492,9.53849983,0.03354198,-,14.11764717,0.02169908,-0.03514424,-0.28505886,0.88013393,14.11764717,14.11764717,-,-,68,61.76676559,14.64881134,-,653,-,-114.8293991,36.85027695,-76.27603912,4.31372547,0,0,-
Tue Nov 21 15:06:53 EST 2017,06:53.4,-76.27603863,36.85027597,0,3,-35,0,-0.30645782,-2.79642749,9.61511421,0.03500608,-,14.11764717,0.02157213,-0.03123933,-0.28505886,0.88013393,14.11764717,14.11764717,-,-,68,61.76676559,14.64881134,-,653,-,-114.8293991,36.85027695,-76.27603912,4.31372547,0,0,-
Tue Nov 21 15:06:54 EST 2017,06:54.4,-76.27603862,36.85027598,0,3,-35,0,-0.22984336,-2.83473492,9.46188545,0.0261429,-,14.11764717,0.00748698,-0.0234295,-0.28896379,0.86451429,14.11764717,14.11764717,-,-,68,61.76676559,14.64881134,-,662,-,-114.8293991,36.85027695,-76.27603912,4.31372547,0,0,-
Tue Nov 21 15:06:55 EST 2017,06:55.4,-76.27603862,36.85027599,0,3,-35,0,-0.22984336,-2.79642749,9.6534214,0.04376334,-,14.11764717,0.02511343,-0.0234295,-0.28505886,0.88403887,14.11764717,14.11764717,-,-,68,61.76676559,14.64881134,-,654,-,-114.8293991,36.85027695,-76.27603912,4.31372547,0,0,-
Tue Nov 21 15:06:56 EST 2017,06:56.4,-76.27603863,36.85027599,0,3,-35,0,-0.22984336,-2.79642749,9.61511421,0.04001421,-,14.11764717,0.0214601,-0.02733441,-0.28505886,0.88013393,14.11764717,14.11764717,-,-,68,61.76676559,14.64881134,-,654,-,-114.8293991,36.85027695,-76.27603912,4.31372547,0,0,-
Tue Nov 21 15:06:57 EST 2017,06:57.4,-76.27603863,36.85027599,0,3,-35,0,-0.15322891,-2.79642749,9.50019264,0.02862281,-,14.11764717,0.01892493,-0.03123933,-0.28896379,0.87622905,14.11764717,14.11764717,-,-,68,61.76676559,14.64881134,-,668,-,-114.8293991,36.85027695,-76.27603912,4.31372547,0,0,-
Tue Nov 21 15:06:58 EST 2017,06:58.4,-76.27603864,36.850276,0,3,-35,0,-0.30645782,-2.79642749,9.57680702,0.03354537,-,14.11764717,0.00853147,-0.01952458,-0.2928687,0.86451429,14.11764717,14.11764717,-,-,68,61.76676559,14.64881134,-,668,-,-114.8293991,36.85027695,-76.27603912,4.31372547,0,0,-
Tue Nov 21 15:06:59 EST 2017,06:59.4,-76.27603866,36.85027603,0,3,-35,0,-0.22984336,-2.83473492,9.50019264,0.03372234,-,14.11764717,0.021363,-0.0234295,-0.28505886,0.88013393,14.11764717,14.11764717,-,-,68,61.76676559,14.64881134,-,659,-,-114.8293991,36.85027695,-76.27603912,4.31372547,0,0,-
Tue Nov 21 15:07:00 EST 2017,07:00.4,-76.27603867,36.85027604,0,3,-35,0,-0.2681506,-2.79642749,9.6534214,0.03462758,-,14.11764717,0.02521018,-0.02733441,-0.28505886,0.88403887,14.11764717,14.11764717,-,-,68,61.76676559,14.64881134,-,666,-,-114.8293991,36.85027695,-76.27603912,4.31372547,0,0,-
Tue Nov 21 15:07:01 EST 2017,07:01.4,-76.27603866,36.85027606,0,3,-35,0,-0.19153613,-2.79642749,9.53849983,0.03243667,-,14.11764717,0.01378288,-0.01952458,-0.28505886,0.87232411,14.11764717,14.11764717,-,-,68,61.76676559,14.64881134,-,666,-,-114.8293991,36.85027695,-76.27603912,3.92156863,0,0,-
Tue Nov 21 15:07:02 EST 2017,07:02.4,-76.27603866,36.85027607,0,3,-35,0,-0.19153613,-2.83473492,9.50019264,0.03417861,-,14.11764717,0.01114553,-0.01952458,-0.28896379,0.86841917,14.11764717,14.11764717,-,-,68,61.76676559,14.64881134,-,665,-,-114.8293991,36.85027695,-76.27603912,3.92156863,0,0,-
Tue Nov 21 15:07:03 EST 2017,07:03.4,-76.27603863,36.85027607,0,3,-35,0,-0.30645782,-2.79642749,9.53849983,0.03273004,-,14.11764717,0.01122852,-0.0234295,-0.28896379,0.86841917,14.11764717,14.11764717,-,-,68,61.76676559,14.64881134,-,665,-,-114.8293991,36.85027695,-76.27603912,4.31372547,0,0,-
Tue Nov 21 15:07:04 EST 2017,07:04.4,-76.27603866,36.85027612,0,3,-35,0,-0.22984336,-2.79642749,9.53849983,0.03153108,-,14.11764717,0.01021703,-0.02733441,-0.28505886,0.86841917,14.11764717,14.11764717,-,-,68,61.76676559,14.64881134,-,665,-,-114.8293991,36.85027695,-76.27603912,3.92156863,0,0,-
Tue Nov 21 15:07:05 EST 2017,07:05.4,-76.27603867,36.85027612,0,3,-35,0,-0.22984336,-2.79642749,9.6534214,0.04376334,-,14.11764717,0.0214601,-0.02733441,-0.28505886,0.88013393,14.11764717,14.11764717,-,-,68,61.76676559,14.64881134,-,658,-,-114.8293991,36.85027695,-76.27603912,3.92156863,0,0,-
Tue Nov 21 15:07:06 EST 2017,07:06.4,-76.27603866,36.85027612,0,3,-35,0,-0.2681506,-2.79642749,9.53849983,0.03261727,-,13.72549057,0.01782364,-0.03123933,-0.28505886,0.87622905,14.11764717,14.11764717,-,-,68,61.76676559,14.64881134,-,658,-,-114.8293991,36.85027695,-76.27603912,3.92156863,0,0,-
Tue Nov 21 15:07:07 EST 2017,07:07.4,-76.27603867,36.85027613,0,3,-35,0,-0.30645782,-2.79642749,9.53849983,0.03273004,-,13.72549057,0.01407634,-0.03123933,-0.28505886,0.87232411,14.11764717,14.11764717,-,-,68,61.76676559,14.64881134,-,666,-,-114.8293991,36.85027695,-76.27603912,3.92156863,0,0,-
Tue Nov 21 15:07:08 EST 2017,07:08.4,-76.27603866,36.85027615,0,3,-35,0,-0.22984336,-2.79642749,9.57680702,0.03263203,-,13.72549057,0.01761374,-0.0234295,-0.28505886,0.87622905,14.11764717,14.11764717,-,-,68,61.76676559,14.64881134,-,662,-,-114.8293991,36.85027695,-76.27603912,3.92156863,0,0,-
Tue Nov 21 15:07:09 EST 2017,07:09.4,-76.2760387,36.85027615,0,3,-35,0,-0.2681506,-2.87304211,9.46188545,0.02736849,-,13.72549057,0.00871301,-0.02733441,-0.2928687,0.86451429,14.11764717,14.11764717,-,-,68,61.76676559,14.64881134,-,662,-,-114.8293991,36.85027695,-76.27603912,3.92156863,0,0,-
Tue Nov 21 15:07:10 EST 2017,07:10.4,-76.27603871,36.85027619,0,3,-35,0,-0.19153613,-2.79642749,9.46188545,0.03693566,-,13.72549057,0.01753126,-0.01952458,-0.28505886,0.87622905,14.11764717,14.11764717,-,-,68,61.76676559,14.64881134,-,660,-,-114.8293991,36.85027695,-76.27603912,3.92156863,0,0,-
Tue Nov 21 15:07:11 EST 2017,07:11.4,-76.27603871,36.85027617,0,3,-35,0,-0.19153613,-2.83473492,9.46188545,0.02605957,-,13.72549057,0.02521018,-0.02733441,-0.28505886,0.88403887,14.11764717,14.11764717,-,-,68,61.76676559,14.64881134,-,660,-,-114.8293991,36.85027695,-76.27603912,3.92156863,0,0,-
Tue Nov 21 15:07:12 EST 2017,07:12.4,-76.2760387,36.85027618,0,3,-35,0,-0.30645782,-2.79642749,9.61511421,0.03372997,-,13.72549057,0.02157213,-0.03123933,-0.28505886,0.88013393,14.11764717,14.11764717,-,-,68,61.76676559,14.64881134,-,664,-,-114.8293991,36.85027695,-76.27603912,3.92156863,0,0,-
Tue Nov 21 15:07:13 EST 2017,07:13.4,-76.2760387,36.8502762,0,3,-35,0,-0.15322891,-2.79642749,9.50019264,0.02862281,-,13.72549057,0.00853147,-0.01952458,-0.2928687,0.86451429,14.11764717,14.11764717,-,-,68,61.76676559,14.64881134,-,659,-,-114.8293991,36.85027695,-76.27603912,3.92156863,0,0,-
Tue Nov 21 15:07:14 EST 2017,07:14.4,-76.27603872,36.8502762,0,3,-35,0,-0.30645782,-2.79642749,9.61511421,0.03190258,-,13.72549057,0.00758542,-0.02733441,-0.28896379,0.86451429,14.11764717,14.11764717,-,-,68,61.76676559,14.64881134,-,659,-,-114.8293991,36.85027695,-76.27603912,3.92156863,0,0,-
Tue Nov 21 15:07:15 EST 2017,07:15.4,-76.27603872,36.85027618,0,3,-35,0,-0.2681506,-2.7581203,9.6534214,0.04278082,-,13.72549057,0.02413055,-0.02733441,-0.28115395,0.88403887,14.11764717,14.11764717,-,-,68,61.76676559,14.64881134,-,662,-,-114.8293991,36.85027695,-76.27603912,3.92156863,0,0,-
Tue Nov 21 15:07:16 EST 2017,07:16.4,-76.27603875,36.85027618,0,3,-35,0,-0.30645782,-2.83473492,9.50019264,0.03317031,-,13.72549057,0.01143975,-0.03123933,-0.28896379,0.86841917,14.11764717,14.11764717,-,-,68,61.76676559,14.64881134,-,662,-,-114.8293991,36.85027695,-76.27603912,3.92156863,0,0,-
Tue Nov 21 15:07:17 EST 2017,07:17.4,-76.27603878,36.85027615,0,3,-35,0,-0.2681506,-2.7581203,9.6534214,0.0363544,-,13.72549057,0.02413055,-0.02733441,-0.28115395,0.88403887,14.11764717,14.11764717,-,-,68,61.76676559,14.64881134,-,664,-,-114.8293991,36.85027695,-76.27603912,3.92156863,0,0,-
Tue Nov 21 15:07:18 EST 2017,07:18.4,-76.27603879,36.85027615,0,3,-35,0,-0.30645782,-2.79642749,9.53849983,0.03273004,-,13.72549057,0.01407634,-0.03123933,-0.28505886,0.87232411,14.11764717,14.11764717,-,-,68,61.76676559,14.64881134,-,658,-,-114.8293991,36.85027695,-76.27603912,3.92156863,0,0,-
Tue Nov 21 15:07:19 EST 2017,07:19.4,-76.27603879,36.85027613,0,3,-35,0,-0.15322891,-3.02627087,9.23204136,0.03234798,-,14.11764717,0.01256305,-0.03123933,-0.2928687,0.86841917,14.11764717,14.11764717,-,-,69.80000305,61.76676559,14.64881134,-,658,-,-114.8293991,36.85027695,-76.27603912,3.92156863,0,0,-
Tue Nov 21 15:07:20 EST 2017,07:20.4,-76.27603878,36.85027613,0,3,-35,0,-0.2681506,-2.83473492,9.53849983,0.02794862,-,14.11764717,0.01618825,-0.02733441,-0.2928687,0.87232411,14.11764717,14.11764717,-,-,69.80000305,61.76676559,14.64881134,-,659,-,-114.8293991,36.85027695,-76.27603912,3.92156863,0,0,-
Tue Nov 21 15:07:21 EST 2017,07:21.4,-76.27603878,36.85027614,0,3,-35,0,-0.38307226,-2.7581203,9.57680702,0.03565902,-,14.11764717,0.00229387,-0.0234295,-0.29677361,0.85670447,14.11764717,14.11764717,-,-,69.80000305,61.76676559,14.64881134,-,668,-,-114.8293991,36.85027695,-76.27603912,3.92156863,0,0,-
Tue Nov 21 15:07:22 EST 2017,07:22.4,-76.27603877,36.85027616,0,3,-35,0,-0.11492168,-2.18351197,9.88326454,0.03351901,-,14.11764717,0.01919445,-0.03904916,-0.28896379,0.87622905,14.11764717,14.11764717,-,-,69.80000305,61.76676559,14.64881134,-,668,-,-114.8293991,36.85027695,-76.27603912,3.92156863,0,0,-
Tue Nov 21 15:07:23 EST 2017,07:23.4,-76.27603878,36.85027616,0,3,-35,0,0,0.9576807,10.22802925,0.0661729,-,14.11764717,0.0475307,0,0.0976229,0.94261253,17.25490189,14.11764717,-,-,69.80000305,61.76676559,14.64881134,-,1783,-,-114.8293991,36.85027695,-76.27603912,3.92156863,0,0,-
Tue Nov 21 15:07:24 EST 2017,07:24.4,-76.27603944,36.85027661,0.5,3,-35,317.3,-0.2681506,-0.49799395,10.64940929,0.07804832,-,54.11764908,0.08746801,-0.02733441,-0.05076391,0.98556668,17.25490189,14.11764717,-,-,69.80000305,61.64029694,14.64881134,-,1783,-,-114.8293991,36.85027695,-76.27603912,45.49019623,1.11846817,4.34959841,16.6644783
Tue Nov 21 15:07:25 EST 2017,07:25.4,-76.27606677,36.85029309,2.5,3,-35.29999924,307,1.34075296,0.99598789,9.50019264,0.09796249,-,54.11764908,-0.01639254,0.13667206,0.10152781,0.86841917,62.74509811,67.05882263,-,-,69.80000305,61.54442596,14.64881134,-,2705,-,-115.8136444,36.85029221,-76.27606964,45.49019623,5.59234095,18.01976395,164.5723724
Tue Nov 21 15:07:26 EST 2017,07:26.4,-76.27611868,36.85032112,4.25,3,-35.5,305.6,-0.5363012,0.34476504,10.11310768,0.0801172,-,89.01960754,0.04740687,-0.01171475,0.03123933,0.94651747,66.27451324,67.05882263,-,-,69.80000305,61.54442596,14.64881134,-,2705,-,-116.4698181,36.85032272,-76.27611542,90.58823395,9.50697899,18.01976395,164.5723724
Tue Nov 21 15:07:27 EST 2017,07:27.4,-76.27617191,36.85035682,5.25,4,-35.29999924,306.2,-0.68953007,-1.53228903,10.07480049,0.06017822,-,89.01960754,0.09370117,-0.03123933,-0.15619664,0.98166174,66.27451324,65.49019623,-,-,69.80000305,61.47486877,14.64881134,-,3474,-,-115.8136444,36.85035706,-76.27616882,90.58823395,11.74391556,29.82581711,185.1610107
Tue Nov 21 15:07:28 EST 2017,07:28.4,-76.27624218,36.85040951,7,5,-35.59999847,311.3,-1.22583127,-0.9576807,10.80263805,-0.00616805,-,73.72549438,0.02808611,-0.05857374,-0.14838681,0.91527814,52.15686417,51.76470566,-,-,69.80000305,61.47486877,14.64881134,-,2879,-,-116.7978973,36.85041046,-76.27624512,79.21569061,15.65855312,29.82581711,185.1610107
Tue Nov 21 15:07:29 EST 2017,07:29.4,-76.27636827,36.85051584,12.5,5,-35.5,312.8,-0.49799395,-2.71981311,8.73404789,-0.04712892,-,24.70588303,-0.1222317,-0.10543273,-0.24600971,0.73565197,52.15686417,51.76470566,-,-,69.80000305,61.42329025,14.64881134,-,2879,-,-116.4698181,36.85051727,-76.27636719,20.7843132,27.96170425,37.90364456,190.6025238
Tue Nov 21 15:07:30 EST 2017,07:30.4,-76.27650885,36.85065243,16.25,6,-34.90000153,316.3,-0.99598789,-1.80043972,9.69172859,0.08656508,-,24.70588303,0.01030759,-0.10152781,-0.18353106,0.88794374,14.11764717,16.07843208,-,-,69.80000305,61.37465286,14.64881134,-,2162,-,-114.5013199,36.85065079,-76.27651215,20.7843132,36.35021591,39.14638519,44.39279556
Tue Nov 21 15:07:31 EST 2017,07:31.4,-76.27666211,36.85077147,17.5,7,-35.90000153,315.9,-1.22583127,-3.29442143,9.04050541,0.04650516,-,30.58823586,-0.01089307,-0.12495731,-0.33582276,0.82156014,14.11764717,16.47058868,-,-,69.80000305,61.37465286,14.64881134,-,2162,-,-117.7821579,36.85077286,-76.27666473,29.41176605,39.14638519,39.14638519,44.39279556
Tue Nov 21 15:07:32 EST 2017,07:32.4,-76.27681893,36.85089089,18.5,7,-36.09999847,313.9,-0.91937345,-3.06457806,8.61912632,-0.06061536,-,30.58823586,-0.07930093,-0.10933765,-0.27724904,0.7707963,14.11764717,16.47058868,-,-,69.80000305,61.33163834,14.64881134,-,1817,-,-118.4383164,36.85089111,-76.27681732,29.41176605,41.38331985,41.63187027,104.8521576
Tue Nov 21 15:07:33 EST 2017,07:33.4,-76.27696767,36.85100608,18.5,9,-36.09999847,313.9,-0.15322891,-2.14520478,9.6534214,-0.00329039,-,20.7843132,-0.03233749,-0.0234295,-0.22258021,0.84108472,39.60784531,16.47058868,-,-,69.80000305,61.33163834,14.64881134,-,1817,-,-118.4383164,36.85100555,-76.27696991,7.05882359,41.38331985,41.63187027,104.8521576
Tue Nov 21 15:07:34 EST 2017,07:34.4,-76.27714168,36.85112623,18.5,6,-35,310.3,-0.11492168,-3.10288548,10.22802925,0.10859746,-,20.7843132,0.05385529,-0.01561966,-0.34363261,0.89575356,39.60784531,38.82352829,-,-,69.80000305,61.29016113,14.64881134,-,1920,-,-114.8293991,36.85112762,-76.27714539,7.05882359,41.38331985,42.25324249,19.90004921
Tue Nov 21 15:07:35 EST 2017,07:35.4,-76.27730433,36.85123838,19,5,-34,311.3,0.03830723,-4.75009632,7.96790314,0.09885094,-,16.07843208,0.00884147,-0.0234295,-0.35144243,0.84498966,14.11764717,14.11764717,-,-,69.80000305,61.29016113,14.64881134,-,1920,-,-111.5485535,36.85123825,-76.2773056,7.05882359,42.50178909,42.25324249,19.90004921
Tue Nov 21 15:07:36 EST 2017,07:36.4,-76.27746147,36.85133885,18.75,6,-32.79999924,311.8,-0.8810662,-3.06457806,9.61511421,0.05162698,-,16.07843208,0.01066995,-0.07028849,-0.3397277,0.84889454,14.11764717,14.11764717,-,-,69.80000305,61.24347687,14.64881134,-,1759,-,-107.6115494,36.85133743,-76.27745819,8.23529434,41.94255447,39.76775742,19.90004921
Tue Nov 21 15:07:37 EST 2017,07:37.4,-76.27761697,36.851451,18.25,6,-31.70000076,313.5,0.15322891,-3.17949986,9.0788126,0.04461824,-,18.4313736,0.04616055,-0.04295408,-0.27724904,0.90746832,32.94117737,34.90196228,-,-,69.80000305,61.19564819,14.64881134,-,1801,-,-104.0026245,36.85145187,-76.27761841,8.23529434,40.82408524,39.14638519,-
Tue Nov 21 15:07:38 EST 2017,07:38.4,-76.27776497,36.85156386,18.25,8,-31.89999962,313.5,-0.15322891,-2.87304211,9.50019264,0.0308556,-,16.07843208,0.01220132,-0.01561966,-0.2928687,0.86841917,26.27450943,34.90196228,-,-,66.19999695,61.19564819,14.64881134,-,1801,-,-104.6587906,36.8515625,-76.27776337,6.66666698,40.82408524,39.14638519,-
Tue Nov 21 15:07:39 EST 2017,07:39.4,-76.27791484,36.85166135,17.75,7,-31.5,311.1,-0.49799395,-3.715801,9.50019264,0.05511874,-,16.07843208,0.06795046,-0.06247865,-0.32410803,0.91527814,26.27450943,34.50980377,-,-,66.19999695,61.14802551,14.64881134,-,1712,-,-103.3464584,36.85166168,-76.27791595,6.66666698,39.705616,39.14638519,-
Tue Nov 21 15:07:40 EST 2017,07:40.4,-76.27807466,36.85177249,18,7,-30.70000076,312.3,-0.45968673,-2.22181916,10.38125896,0.1022113,-,25.49019623,0.06987046,-0.00780983,-0.23819989,0.94261253,37.64706039,34.90196228,-,-,66.19999695,61.14802551,14.64881134,-,1712,-,-100.7217865,36.85177231,-76.27807617,14.50980377,40.26485062,39.14638519,-
Tue Nov 21 15:07:41 EST 2017,07:41.4,-76.27822547,36.8518731,18.5,6,-29.5,312.1,-0.61291564,-3.56257224,9.46188545,0.0573945,-,25.49019623,0.05747606,-0.04295408,-0.30458343,0.91137326,37.64706039,34.90196228,-,-,66.19999695,61.10328293,14.64881134,-,1776,-,-96.78477478,36.85187149,-76.27822876,14.50980377,41.38331985,40.38912582,51.65921021
Tue Nov 21 15:07:42 EST 2017,07:42.4,-76.27838542,36.85198657,18.5,7,-30.20000076,311.5,-0.22984336,-2.94965649,9.6534214,0.04821759,-,16.47058868,0.02129577,-0.03514424,-0.29677361,0.87622905,14.11764717,14.11764717,-,-,66.19999695,61.10328293,14.64881134,-,1776,-,-99.08136749,36.85198593,-76.27838898,7.05882359,41.38331985,40.38912582,51.65921021
Tue Nov 21 15:07:43 EST 2017,07:43.4,-76.27853989,36.85209628,18.5,9,-30.10000038,311.5,-0.38307226,-3.06457806,9.88326454,0.05514253,-,16.47058868,0.00936327,-0.03514424,-0.28115395,0.86841917,14.11764717,14.11764717,-,-,66.19999695,61.05874252,14.64881134,-,1745,-,-98.75328064,36.85209656,-76.27854156,13.72549057,41.38331985,40.38912582,51.65921021
Tue Nov 21 15:07:44 EST 2017,07:44.4,-76.27868626,36.85220779,18.25,8,-31.29999924,311.5,0.2681506,-3.83072281,9.76834297,0.08893269,-,20.7843132,0.07029825,0.02733441,-0.3904916,0.89575356,14.11764717,14.50980377,-,-,66.19999695,61.01305008,14.64881134,-,1742,-,-102.6902847,36.85220718,-76.27868652,13.72549057,40.82408524,39.76775742,-
Tue Nov 21 15:07:45 EST 2017,07:45.4,-76.27882889,36.85230331,17.75,8,-31.70000076,310.9,0.91937345,-3.33272886,9.15542698,0.1057477,-,15.29411793,-0.00206212,0.09371798,-0.3397277,0.8332749,14.11764717,14.50980377,-,-,66.19999695,61.01305008,14.64881134,-,1742,-,-104.0026245,36.85230255,-76.27883148,6.27450991,39.705616,39.76775742,-
Tue Nov 21 15:07:46 EST 2017,07:46.4,-76.27897363,36.85240848,16.75,7,-31.89999962,313.3,0.76614451,-3.17949986,9.15542698,0.02330941,-,15.29411793,-0.00862797,0.07809832,-0.32410803,0.8332749,14.11764717,14.11764717,-,-,66.19999695,60.95957565,14.64881134,-,1577,-,-104.6587906,36.85240936,-76.27897644,6.27450991,37.46868134,36.03952789,-
Tue Nov 21 15:07:47 EST 2017,07:47.4,-76.27910622,36.8525432,16.25,6,-33,318.4,-1.45567465,-2.98796368,9.95987892,0.08931738,-,15.68627453,0.00144086,-0.11714748,-0.29677361,0.84889454,14.11764717,14.11764717,-,-,66.19999695,60.95957565,14.64881134,-,1572,-,-108.2677155,36.85254288,-76.27910614,9.4117651,36.35021591,36.03952789,-
Tue Nov 21 15:07:48 EST 2017,07:48.4,-76.27922219,36.85265516,16.25,5,-32.70000076,319.2,-1.03429508,-2.60489154,10.15141487,0.09251815,-,24.70588303,0.04910997,-0.06638357,-0.23819989,0.91918308,14.11764717,14.11764717,-,-,64.40000153,60.90632629,14.64881134,-,1572,-,-107.2834702,36.8526535,-76.27922058,18.03921509,36.35021591,36.03952789,-
Tue Nov 21 15:07:49 EST 2017,07:49.4,-76.27935134,36.85277156,16.25,6,-31.89999962,316.4,-0.57460839,-2.52827692,8.61912632,-0.01732197,-,24.70588303,-0.00014491,-0.05076391,-0.2421048,0.86841917,23.92156982,14.11764717,-,-,64.40000153,60.853302,14.64881134,-,1578,-,-104.6587906,36.85277176,-76.27935028,18.03921509,36.35021591,36.03952789,-
Tue Nov 21 15:07:50 EST 2017,07:50.4,-76.27948673,36.85287554,16.5,5,-31,313.5,-0.84275901,-4.90332508,10.11310768,0.16789502,-,14.90196133,0.15393163,-0.08200324,-0.46078008,0.95432734,23.92156982,14.11764717,-,-,64.40000153,60.853302,14.64881134,-,1578,-,-101.7060394,36.85287476,-76.27948761,5.49019623,36.90944672,36.03952789,-
Tue Nov 21 15:07:51 EST 2017,07:51.4,-76.27962108,36.85297793,16.5,6,-30.89999962,313.5,-1.30244577,-4.21379519,9.23204136,0.03630344,-,14.90196133,0.02431677,-0.10933765,-0.45687518,0.80984545,14.11764717,14.11764717,-,-,64.40000153,60.853302,14.64881134,-,1578,-,-101.3779526,36.85297775,-76.27961731,5.49019623,36.90944672,36.03952789,-
Tue Nov 21 15:07:52 EST 2017,07:52.4,-76.27973792,36.85304323,13.5,4,-28.79999924,308.1,-0.22984336,-4.71178913,9.23204136,0.07291123,-,14.90196133,-0.0242973,-0.0234295,-0.49592432,0.73955691,14.11764717,14.11764717,-,-,64.40000153,60.853302,14.64881134,-,1307,-,-94.4881897,36.8530426,-76.27973938,5.49019623,30.19863892,36.03952789,-
Tue Nov 21 15:07:53 EST 2017,07:53.4,-76.27985622,36.85312402,13.25,5,-28.29999924,309.3,0.38307226,-5.01824665,8.84896946,0.05879582,-,14.90196133,0.05567084,0.07028849,-0.52325869,0.81375033,14.11764717,14.11764717,-,-,64.40000153,60.853302,14.64881134,-,1307,-,-92.84776306,36.85312271,-76.27985382,5.49019623,29.6394043,36.03952789,-
Tue Nov 21 15:07:54 EST 2017,07:54.4,-76.27997027,36.85319909,13.25,7,-28.10000038,309.3,4.06056595,-3.06457806,8.88727665,0.06286222,-,14.90196133,0.04556967,0.32410803,-0.3904916,0.81375033,14.11764717,14.11764717,-,-,64.40000153,60.77803421,14.64881134,-,1307,-,-92.19160461,36.85319901,-76.27996826,3.92156863,29.6394043,25.47621918,-
Tue Nov 21 15:07:55 EST 2017,07:55.4,-76.28002521,36.85326804,10.25,5,-29,321.5,4.29040956,-2.26012635,9.11711979,0.08847791,-,13.72549057,0.02355677,0.41392109,-0.23429495,0.80594051,27.05882454,32.15686417,-,-,64.40000153,60.68593216,14.64881134,-,1514,-,-95.14435577,36.85326767,-76.28002167,3.92156863,22.9285965,17.39839363,-
Tue Nov 21 15:07:56 EST 2017,07:56.4,-76.28006755,36.85333646,9,6,-29.10000038,337,3.67749381,-0.8810662,9.80665016,0.12169929,-,42.74509811,0.15005732,0.44516042,-0.10933765,0.95432734,48.62745285,32.15686417,-,-,64.40000153,60.68593216,14.64881134,-,1514,-,-95.47244263,36.85333633,-76.28006744,24.70588303,20.13242531,17.39839363,-
Tue Nov 21 15:07:57 EST 2017,07:57.4,-76.28003772,36.85342042,10,5,-29.20000076,13,-0.30645782,-0.61291564,10.38125896,0.02223149,-,42.74509811,0.0004119,-0.03514424,-0.08590815,0.89575356,48.62745285,49.41176605,-,-,64.40000153,60.60870361,14.64881134,-,2450,-,-95.80052948,36.85342026,-76.28003693,24.70588303,22.36936378,24.23347664,125.8513107
Tue Nov 21 15:07:58 EST 2017,07:58.4,-76.27998805,36.85351029,12.25,4,-29.5,24.2,-0.80445176,-2.06859016,9.61511421,0.04441363,-,48.23529434,0.00625182,-0.08200324,-0.21086545,0.88013393,40,37.64706039,-,-,64.40000153,60.60870361,14.64881134,-,2442,-,-96.78477478,36.85351181,-76.27999115,45.49019623,27.40246773,24.23347664,125.8513107
Tue Nov 21 15:07:59 EST 2017,07:59.4,-76.27993631,36.85363895,13.5,4,-28.89999962,23.1,-1.8770541,-1.83874691,9.6534214,0.05923846,-,33.72549057,0.02158707,-0.17962612,-0.16400647,0.89184868,40,37.64706039,-,-,64.40000153,60.54624939,14.64881134,-,2442,-,-94.81626892,36.8536377,-76.27993774,26.66666794,30.19863892,31.06855965,159.5275269
Tue Nov 21 15:08:00 EST 2017,08:00.4,-76.27988673,36.8537655,13.75,5,-28.70000076,22,-0.68953007,-1.9153614,9.76834297,0.03614622,-,33.72549057,0.01749377,-0.07028849,-0.1952458,0.89575356,41.96078491,37.64706039,-,-,64.40000153,60.49192429,14.64881134,-,1999,-,-94.16011047,36.8537674,-76.27988434,26.66666794,30.75787354,34.79678726,118.6240158
Tue Nov 21 15:08:01 EST 2017,08:01.4,-76.27982879,36.85388051,13.75,8,-28.5,22,-1.07260239,-2.87304211,9.69172859,0.04395381,-,21.96078491,0.03657774,-0.10933765,-0.2928687,0.88794374,14.11764717,37.64706039,-,-,64.40000153,60.49192429,14.64881134,-,1999,-,-93.50393677,36.85388184,-76.27983093,18.4313736,30.75787354,34.79678726,118.6240158
Tue Nov 21 15:08:02 EST 2017,08:02.4,-76.27976148,36.85402043,15.75,6,-29.39999962,17,-1.11090958,-2.26012635,9.69172859,0.03975278,-,21.96078491,-0.00837393,-0.0976229,-0.20696054,0.86451429,14.11764717,14.11764717,-,-,64.40000153,60.43914413,14.64881134,-,1603,-,-96.45669556,36.85401917,-76.27976227,18.4313736,35.23174286,35.41815948,26.16689682
Tue Nov 21 15:08:03 EST 2017,08:03.4,-76.27971612,36.85415011,16,5,-29.70000076,15,-1.37906015,-2.41335535,9.99818611,0.08742813,-,26.27450943,0.1386233,-0.18353106,-0.25772443,0.99337649,38.82352829,38.4313736,-,-,64.40000153,60.43914413,14.64881134,-,1671,-,-97.44094849,36.85414886,-76.27971649,17.64705849,35.79098129,35.41815948,26.16689682
Tue Nov 21 15:08:04 EST 2017,08:04.4,-76.27966867,36.85429898,17,5,-30.79999924,12,-1.34075296,-3.25611424,9.19373417,0.0203136,-,16.07843208,0.00391379,-0.13667206,-0.33191785,0.83717978,38.82352829,38.4313736,-,-,64.40000153,60.39179611,14.64881134,-,1671,-,-101.0498657,36.85429764,-76.27967072,6.66666698,38.02791595,37.90364456,102.3130722
Tue Nov 21 15:08:05 EST 2017,08:05.4,-76.27962494,36.85444454,16.75,5,-30.79999924,10.8,-1.22583127,-2.87304211,9.53849983,0.0849606,-,16.07843208,0.06448717,-0.13276714,-0.3397277,0.8996585,14.11764717,14.11764717,-,-,64.40000153,60.34334946,14.64881134,-,1630,-,-101.0498657,36.85444641,-76.27962494,6.66666698,37.46868134,37.28227234,102.3130722
Tue Nov 21 15:08:06 EST 2017,08:06.4,-76.27960165,36.85459817,16.5,4,-31.70000076,8.1,-0.91937345,-3.14119267,9.04050541,-0.00090504,-,16.47058868,-0.02769679,-0.10933765,-0.28896379,0.82156014,18.8235302,14.11764717,-,-,64.40000153,60.34334946,14.64881134,-,1630,-,-104.0026245,36.854599,-76.27960205,6.66666698,36.90944672,37.28227234,102.3130722
Tue Nov 21 15:08:07 EST 2017,08:07.4,-76.27957543,36.8547462,16.5,6,-31.79999924,8.1,-0.45968673,-2.79642749,9.34696388,0.03992631,-,16.47058868,-0.00402875,-0.04685899,-0.28505886,0.85279953,18.8235302,14.11764717,-,-,64.40000153,60.29380417,14.64881134,-,1602,-,-104.3307037,36.85474777,-76.27957916,6.66666698,36.90944672,36.66090012,-
Tue Nov 21 15:08:08 EST 2017,08:08.4,-76.27956344,36.85489239,16,5,-31.70000076,6.1,0,-2.41335535,10.34295177,0.03262006,-,24.70588303,0.01250271,0,-0.28115395,0.87232411,35.68627548,38.82352829,-,-,64.40000153,60.29380417,14.64881134,-,1720,-,-104.0026245,36.85489273,-76.2795639,12.15686321,35.79098129,37.90364456,51.35785294
Tue Nov 21 15:08:09 EST 2017,08:09.4,-76.27954381,36.85504364,16.25,4,-31.89999962,4.9,0.22984336,-2.29843354,9.6534214,0.04561516,-,25.49019623,0.05087564,0.01171475,-0.23819989,0.92308795,35.68627548,38.82352829,-,-,64.40000153,60.24705887,14.64881134,-,1720,-,-104.6587906,36.85504532,-76.27954102,17.64705849,36.35021591,37.90364456,51.35785294
Tue Nov 21 15:08:10 EST 2017,08:10.4,-76.27952077,36.85520263,17,4,-32.09999847,5.5,0.5363012,-3.10288548,8.88727665,-0.01987493,-,25.49019623,0.06035082,-0.02733441,-0.35144243,0.8996585,37.64706039,37.64706039,-,-,64.40000153,60.20439529,14.64881134,-,1770,-,-105.3149567,36.85520172,-76.27951813,17.64705849,38.02791595,39.76775742,77.30019379
Tue Nov 21 15:08:11 EST 2017,08:11.4,-76.27949648,36.85536384,17.75,5,-32.09999847,6.5,0.45968673,-2.33674097,10.15141487,0.09668237,-,19.2156868,0.09237497,-0.00390492,-0.26943922,0.95823228,38.03921509,40.39215851,-,-,64.40000153,60.20439529,14.64881134,-,1770,-,-105.3149567,36.85536194,-76.27949524,6.66666698,39.705616,39.76775742,77.30019379
Tue Nov 21 15:08:12 EST 2017,08:12.4,-76.27946482,36.85551091,18,4,-32.59999847,8.5,1.07260239,-3.37103605,8.46589756,-0.04570127,-,19.2156868,0.00123514,0.08981306,-0.3397277,0.83717978,38.03921509,40.39215851,-,-,64.40000153,60.16448975,14.64881134,-,1827,-,-106.9553757,36.85551071,-76.27946472,9.01960754,40.26485062,41.01049805,50.98956299
Tue Nov 21 15:08:13 EST 2017,08:13.4,-76.27942101,36.85567371,18.5,3,-32.5,11.1,0.91937345,-2.83473492,9.53849983,0.05114537,-,16.07843208,0.01902226,0.09371798,-0.28896379,0.87232411,14.11764717,14.11764717,-,-,64.40000153,60.12217712,14.64881134,-,1750,-,-106.6272965,36.85567474,-76.27941895,9.01960754,41.38331985,39.76775742,50.98956299
Tue Nov 21 15:08:14 EST 2017,08:14.4,-76.2793669,36.85583127,18.25,4,-32.90000153,13.9,0.03830723,-3.29442143,9.04050541,-0.00015074,-,16.47058868,-0.01881563,0.00390492,-0.33582276,0.82156014,14.11764717,14.11764717,-,-,64.40000153,60.12217712,14.64881134,-,1750,-,-107.9396362,36.85583115,-76.27936554,12.54901981,40.82408524,39.76775742,50.98956299
Tue Nov 21 15:08:15 EST 2017,08:15.4,-76.27930359,36.85598316,18,4,-32.90000153,17.4,-0.61291564,-3.17949986,9.50019264,0.01057945,-,16.47058868,0.02347483,-0.06247865,-0.32410803,0.86841917,30.19607925,17.64705849,-,-,64.40000153,60.08003235,14.64881134,-,1725,-,-107.9396362,36.85598373,-76.2793045,12.54901981,40.26485062,39.76775742,-
Tue Nov 21 15:08:16 EST 2017,08:16.4,-76.27923895,36.85613802,18,4,-32.29999924,18.1,0.30645782,-2.9113493,9.15542698,-0.00117731,-,15.29411793,0.39188081,-0.07809832,-0.44516042,1.21595669,14.50980377,14.50980377,-,-,64.40000153,60.08003235,14.64881134,-,1725,-,-105.9711227,36.85613632,-76.27923584,5.88235283,40.26485062,39.76775742,-
Tue Nov 21 15:08:17 EST 2017,08:17.4,-76.27916759,36.8562849,17.5,4,-32.59999847,20.6,0.34476504,-3.29442143,6.7803793,-0.13743608,-,15.29411793,-0.16344211,0.08590815,-0.34363261,0.65755367,14.50980377,14.50980377,-,-,64.40000153,60.03549576,14.64881134,-,1676,-,-106.9553757,36.8562851,-76.27916718,5.49019623,39.14638519,38.52501297,-
Tue Nov 21 15:08:18 EST 2017,08:18.4,-76.27910043,36.85642771,17.25,4,-33,20.1,0.22984336,-1.68551803,9.0788126,-0.03861499,-,15.29411793,0.14413123,0.07028849,-0.10933765,1.03633046,29.41176605,36.47058868,-,-,64.40000153,59.98986435,14.64881134,-,1696,-,-108.2677155,36.85642624,-76.27909851,5.49019623,38.58715057,37.90364456,-
Tue Nov 21 15:08:19 EST 2017,08:19.4,-76.27903207,36.85657012,17,4,-33.29999924,20.3,-0.34476504,-2.64319873,8.77235508,-0.01343593,-,25.88235283,-0.04277744,-0.03514424,-0.26943922,0.79422575,38.82352829,36.47058868,-,-,64.40000153,59.98986435,14.64881134,-,1696,-,-109.2519684,36.8565712,-76.27902985,18.8235302,38.02791595,37.90364456,-
Tue Nov 21 15:08:20 EST 2017,08:20.4,-76.27896361,36.85671181,17,4,-33.29999924,21,0.07661445,-3.17949986,9.61511421,0.01764399,-,25.88235283,0.0327138,0.00780983,-0.32410803,0.88013393,38.82352829,36.86274719,-,-,64.40000153,59.94825363,14.64881134,-,1764,-,-109.2519684,36.85671234,-76.27896118,18.8235302,38.02791595,39.76775742,77.14082336
Tue Nov 21 15:08:21 EST 2017,08:21.4,-76.27889349,36.85686541,17.5,4,-33.59999847,20.7,-0.9576807,-2.79642749,9.04050541,-0.01143211,-,20.3921566,-0.03010086,-0.0976229,-0.28505886,0.82156014,27.84313774,14.11764717,-,-,64.40000153,59.94825363,14.64881134,-,1713,-,-110.2362137,36.85686493,-76.27889252,9.8039217,39.14638519,39.76775742,77.14082336
Tue Nov 21 15:08:22 EST 2017,08:22.4,-76.27881449,36.85701369,17.5,5,-33.59999847,21.6,-0.65122288,-2.9113493,8.73404789,-0.04017454,-,20.3921566,-0.07628956,-0.03514424,-0.26943922,0.78251106,27.84313774,14.11764717,-,-,64.40000153,59.90554047,14.64881134,-,1713,-,-110.2362137,36.8570137,-76.27881622,6.66666698,39.14638519,39.14638519,77.14082336
Tue Nov 21 15:08:23 EST 2017,08:23.4,-76.27874487,36.85715326,17.25,5,-33.59999847,21.3,0.19153613,-3.02627087,8.96389103,-0.00890173,-,18.03921509,-0.12642246,-0.04295408,-0.24991462,0.73565197,35.29411697,36.07843018,-,-,64.40000153,59.86300278,14.64881134,-,1761,-,-110.2362137,36.85715485,-76.27874756,6.66666698,38.58715057,39.14638519,-
Tue Nov 21 15:08:24 EST 2017,08:24.4,-76.27867904,36.85730479,17.5,5,-33.20000076,20.5,0.34476504,-2.83473492,10.6111021,0.13914615,-,20,0.14386445,0.03123933,-0.32020313,0.99728137,32.94117737,36.07843018,-,-,64.40000153,59.86300278,14.64881134,-,1761,-,-108.9238892,36.85730362,-76.27867889,7.84313726,39.14638519,39.14638519,-
Tue Nov 21 15:08:25 EST 2017,08:25.4,-76.27861193,36.85744683,17.25,6,-33.29999924,20.6,0.07661445,-2.71981311,9.0788126,0.00735896,-,20,-0.04631484,0.00780983,-0.30848834,0.80203557,32.94117737,14.11764717,-,-,64.40000153,59.82063675,14.64881134,-,1692,-,-109.2519684,36.85744858,-76.27861023,7.84313726,38.58715057,39.14638519,-
Tue Nov 21 15:08:26 EST 2017,08:26.4,-76.27854201,36.85760135,16.75,4,-33.29999924,21,-0.38307226,-3.33272886,8.50420475,-0.04909849,-,16.07843208,-0.06778011,-0.03904916,-0.3397277,0.76689136,23.13725471,23.13725471,-,-,64.40000153,59.82063675,14.64881134,-,1686,-,-109.2519684,36.85760117,-76.27854156,7.45098066,37.46868134,39.14638519,-
Tue Nov 21 15:08:27 EST 2017,08:27.4,-76.27847396,36.85774594,16.75,5,-33.5,20.9,-0.72783732,-1.95366859,9.6534214,0.06912342,-,27.45098114,0.01033025,-0.09371798,-0.14057697,0.89575356,23.13725471,23.13725471,-,-,64.40000153,59.7771759,14.64881134,-,1686,-,-109.9081345,36.85774612,-76.2784729,13.72549057,37.46868134,38.52501297,-
Tue Nov 21 15:08:28 EST 2017,08:28.4,-76.27840544,36.85789948,17.5,4,-34,20.6,-0.15322891,-3.94564438,9.69172859,0.08579272,-,27.45098114,-0.05123146,-0.01171475,-0.30458343,0.79813069,36.86274719,14.11764717,-,-,64.40000153,59.73516083,14.64881134,-,1690,-,-111.5485535,36.85789871,-76.27840424,13.72549057,39.14638519,39.14638519,26.56467628
Tue Nov 21 15:08:29 EST 2017,08:29.4,-76.27833415,36.85805081,17.25,4,-34.59999847,20.7,-0.5363012,-3.02627087,9.30865574,-0.00039194,-,27.84313774,-0.01560169,-0.00390492,-0.23039004,0.85670447,40.7843132,14.11764717,-,-,64.40000153,59.73516083,14.64881134,-,1690,-,-113.5170593,36.8580513,-76.27833557,14.50980377,38.58715057,39.14638519,26.56467628
Tue Nov 21 15:08:30 EST 2017,08:30.4,-76.27826291,36.85820696,17.25,4,-34.40000153,20.4,-0.65122288,-2.45166254,10.15141487,0.08562118,-,27.84313774,0.1440312,0.01171475,-0.41392109,0.9660421,40.7843132,18.03921509,-,-,64.40000153,59.69457626,14.64881134,-,1705,-,-112.8609009,36.8582077,-76.27825928,14.50980377,38.58715057,39.76775742,26.36422348
Tue Nov 21 15:08:31 EST 2017,08:31.4,-76.27819007,36.85836121,17.5,4,-34.90000153,20.6,1.07260239,-2.79642749,8.35097599,0.01335305,-,16.07843208,-0.0953256,0.10933765,-0.28505886,0.75127172,14.11764717,14.11764717,-,-,64.40000153,59.69457626,14.64881134,-,1699,-,-114.5013199,36.85836029,-76.27819061,6.66666698,39.14638519,39.76775742,26.36422348
Tue Nov 21 15:08:32 EST 2017,08:32.4,-76.27811977,36.85850487,17.75,4,-34.59999847,20.7,-1.26413846,-4.09887314,9.0788126,0.0425573,-,15.29411793,0.02390702,-0.12886222,-0.417826,0.82546508,14.11764717,14.11764717,-,-,64.40000153,59.65289688,14.64881134,-,1699,-,-113.5170593,36.85850525,-76.27812195,5.88235283,39.705616,39.14638519,26.36422348
Tue Nov 21 15:08:33 EST 2017,08:33.4,-76.27804949,36.85864919,17.25,4,-34.79999924,20.7,-0.42137951,-4.44363832,8.84896946,0.01672544,-,15.29411793,0.03623905,-0.04685899,-0.42173091,0.84498966,14.11764717,14.11764717,-,-,64.40000153,59.60257721,14.64881134,-,1558,-,-114.1732254,36.85865021,-76.27805328,5.88235283,38.58715057,34.79678726,-
Tue Nov 21 15:08:34 EST 2017,08:34.4,-76.27798141,36.8587964,17.25,5,-34.20000076,20.5,-1.34075296,-2.98796368,9.15542698,0.05974585,-,14.90196133,0.06647064,-0.15619664,-0.32410803,0.90356338,14.11764717,14.50980377,-,-,64.40000153,59.60257721,14.64881134,-,1558,-,-112.2047272,36.85879517,-76.27798462,5.09803915,38.58715057,34.79678726,-
Tue Nov 21 15:08:35 EST 2017,08:35.4,-76.27791985,36.85894265,17.25,5,-34.5,19.7,-1.9153614,-3.37103605,9.30865574,0.04691297,-,14.90196133,0.03636433,-0.18743597,-0.3397277,0.86060935,14.11764717,14.50980377,-,-,64.40000153,59.54744339,14.64881134,-,1409,-,-113.1889801,36.85894394,-76.27792358,5.09803915,38.58715057,32.31130219,-
Tue Nov 21 15:08:36 EST 2017,08:36.4,-76.27789414,36.8590264,14,4,-34.5,15.9,-2.14520478,-2.71981311,9.42357826,0.04245311,-,14.90196133,0.02657117,-0.23429495,-0.30067852,0.85279953,22.35294151,21.96078491,-,-,64.40000153,59.4912796,14.64881134,-,1372,-,-113.1889801,36.85902786,-76.27789307,5.09803915,31.31710625,31.68992996,-
Tue Nov 21 15:08:37 EST 2017,08:37.4,-76.27786632,36.85915463,13.75,4,-34.20000076,10,-2.10689759,-2.87304211,10.0364933,0.10264467,-,22.35294151,0.06723583,-0.30848834,-0.27334413,0.88403887,35.29411697,21.96078491,-,-,64.40000153,59.4912796,14.64881134,-,1372,-,-112.2047272,36.85915375,-76.27786255,12.94117641,30.75787354,31.68992996,-
Tue Nov 21 15:08:38 EST 2017,08:38.4,-76.27786109,36.85928176,14,4,-34.20000076,3,-1.11090958,-1.80043972,10.07480049,0.06839114,-,22.35294151,0.12524411,-0.11324256,-0.18353106,0.92699289,35.29411697,35.68627548,-,-,64.40000153,59.43784332,14.64881134,-,1494,-,-112.2047272,36.85928345,-76.27786255,12.94117641,31.31710625,32.93267441,50.56012726
Tue Nov 21 15:08:39 EST 2017,08:39.4,-76.27787808,36.8594081,14.25,4,-34.09999847,354.9,-2.71981311,-2.14520478,10.26633644,0.02595379,-,25.88235283,0.10486125,-0.27724904,-0.2186753,0.94651747,40,40.7843132,-,-,64.40000153,59.43784332,14.64881134,-,1494,-,-111.8766327,36.85940933,-76.27787781,17.64705849,31.87634087,32.93267441,50.56012726
Tue Nov 21 15:08:40 EST 2017,08:40.4,-76.27790799,36.85954647,15.25,3,-33.90000153,350.6,-0.65122288,-2.7581203,9.57680702,0.03707534,-,25.88235283,0.01842313,-0.06638357,-0.28115395,0.87622905,40,40.7843132,-,-,64.40000153,59.38835907,14.64881134,-,1620,-,-111.2204742,36.85954666,-76.27790833,16.47058868,34.11327744,34.79678726,72.44612885
Tue Nov 21 15:08:41 EST 2017,08:41.4,-76.27794403,36.8596811,15.5,4,-34.20000076,348.8,0.2681506,-2.79642749,9.46188545,0.05840341,-,24.31372643,0.0575482,0,-0.23429495,0.93089777,35.68627548,36.47058868,-,-,64.40000153,59.34406281,14.64881134,-,1697,-,-112.2047272,36.85968018,-76.27794647,16.47058868,34.67251205,37.28227234,101.8348007
Tue Nov 21 15:08:42 EST 2017,08:42.4,-76.27797943,36.85982605,16,4,-34.20000076,348.6,-0.30645782,-3.14119267,9.42357826,0.03205293,-,24.31372643,-0.05345348,0.01171475,-0.32020313,0.79032087,14.11764717,36.47058868,-,-,64.40000153,59.34406281,14.64881134,-,1697,-,-112.2047272,36.85982513,-76.27797699,16.47058868,35.79098129,37.28227234,101.8348007
Tue Nov 21 15:08:43 EST 2017,08:43.4,-76.27802082,36.85997679,16.75,4,-34.70000076,349,-0.30645782,-3.17949986,9.42357826,0.05968219,-,24.31372643,0.0812977,-0.08981306,-0.31239328,0.93089777,14.11764717,14.11764717,-,-,64.40000153,59.2999382,14.64881134,-,1647,-,-113.8451462,36.85997772,-76.27802277,16.47058868,37.46868134,37.28227234,101.8348007
Tue Nov 21 15:08:44 EST 2017,08:44.4,-76.27805852,36.86013247,16.75,3,-34.09999847,349.7,0.2681506,-2.60489154,9.46188545,0.02166167,-,16.07843208,0.02121359,0.00390492,-0.20696054,0.8996585,30.98039246,36.07843018,-,-,64.40000153,59.2999382,14.64881134,-,1647,-,-111.8766327,36.86013412,-76.27806091,6.27450991,37.46868134,37.28227234,101.8348007
Tue Nov 21 15:08:45 EST 2017,08:45.4,-76.27809134,36.8602751,16.25,4,-33.79999924,349.8,-0.38307226,-2.45166254,10.0364933,0.05738336,-,16.07843208,0.05425338,-0.03904916,-0.24991462,0.92308795,30.98039246,36.07843018,-,-,64.40000153,59.25599289,14.64881134,-,1720,-,-110.8923874,36.86027527,-76.27809143,15.29411793,36.35021591,37.28227234,-
Tue Nov 21 15:08:46 EST 2017,08:46.4,-76.27812152,36.8604283,16.75,4,-34.29999924,351.1,-0.30645782,-2.33674097,9.80665016,0.04712075,-,24.70588303,0.02847194,-0.03123933,-0.23819989,0.8996585,34.50980377,14.11764717,-,-,64.40000153,59.21345901,14.64881134,-,1639,-,-112.5328064,36.86042786,-76.27812195,15.29411793,37.46868134,37.90364456,26.98124504
Tue Nov 21 15:08:47 EST 2017,08:47.4,-76.27815541,36.86058809,17,3,-33.40000153,351.6,-0.61291564,-2.94965649,10.22802925,0.05517066,-,29.80392265,0.08727155,-0.06247865,-0.30067852,0.94261253,14.11764717,14.11764717,-,-,64.40000153,59.21345901,14.64881134,-,1639,-,-109.5800552,36.86058807,-76.27815247,19.2156868,38.02791595,37.90364456,26.98124504
Tue Nov 21 15:08:48 EST 2017,08:48.4,-76.27818508,36.86074421,17.25,4,-32.90000153,351.8,-0.2681506,-2.22181916,9.23204136,0.0102657,-,29.80392265,-0.01039177,-0.0234295,-0.2186753,0.86451429,14.11764717,14.11764717,-,-,64.40000153,59.17232895,14.64881134,-,1706,-,-107.9396362,36.86074448,-76.27818298,19.2156868,38.58715057,38.52501297,26.0565033
Tue Nov 21 15:08:49 EST 2017,08:49.4,-76.2782013,36.86089815,17,4,-32.09999847,353.3,-0.38307226,-3.17949986,9.50019264,0.04096216,-,25.09803963,0.00676732,-0.00390492,-0.31239328,0.85670447,14.11764717,14.50980377,-,-,64.40000153,59.17232895,14.64881134,-,1716,-,-105.3149567,36.86089706,-76.27819824,17.64705849,38.02791595,38.52501297,26.0565033
Tue Nov 21 15:08:50 EST 2017,08:50.4,-76.27823395,36.86105941,17.75,4,-32.09999847,350.9,-0.38307226,-3.02627087,9.76834297,0.06217545,-,25.09803963,0.04099181,-0.04295408,-0.32410803,0.88794374,14.11764717,14.50980377,-,-,64.40000153,59.13259125,14.64881134,-,1716,-,-105.3149567,36.8610611,-76.27823639,5.88235283,39.705616,39.14638519,25.2261734
Tue Nov 21 15:08:51 EST 2017,08:51.4,-76.27826169,36.86121393,17.5,4,-31.20000076,351.4,-0.5363012,-2.03028297,9.6534214,0.01924653,-,16.07843208,0.00122758,-0.05466883,-0.1952458,0.88013393,34.90196228,34.90196228,-,-,64.40000153,59.09301758,14.64881134,-,1853,-,-102.3622055,36.86121368,-76.27825928,5.88235283,39.14638519,39.14638519,25.2261734
Tue Nov 21 15:08:52 EST 2017,08:52.4,-76.27829363,36.86137338,17.75,4,-31.29999924,351,-0.2681506,-3.37103605,9.04050541,0.00292259,-,16.47058868,0.02410081,-0.00780983,-0.33191785,0.86841917,14.11764717,34.90196228,-,-,64.40000153,59.09301758,14.64881134,-,1853,-,-102.6902847,36.8613739,-76.27829742,10.98039246,39.705616,39.14638519,25.2261734
Tue Nov 21 15:08:53 EST 2017,08:53.4,-76.27832843,36.86153574,18,4,-31.60000038,351,0.07661445,-3.25611424,9.76834297,0.06864542,-,16.47058868,0.05000407,0.00780983,-0.33191785,0.89575356,14.11764717,14.11764717,-,-,64.40000153,59.05482483,14.64881134,-,1726,-,-103.6745453,36.86153412,-76.27832794,10.98039246,40.26485062,39.76775742,25.82668114
Tue Nov 21 15:08:54 EST 2017,08:54.4,-76.27836207,36.86170571,18.5,4,-30.5,350.9,-0.22984336,-3.715801,9.27034855,0.03734487,-,15.68627453,0.01869273,-0.0234295,-0.37877685,0.84498966,19.2156868,14.50980377,-,-,64.40000153,59.05482483,14.64881134,-,1691,-,-100.0656204,36.86170578,-76.27835846,6.66666698,41.38331985,39.76775742,25.82668114
Tue Nov 21 15:08:55 EST 2017,08:55.4,-76.27839691,36.86185949,17.75,4,-31,350.4,-0.45968673,-3.25611424,9.88326454,0.06229321,-,15.29411793,0.0506215,-0.02733441,-0.35534734,0.88794374,19.2156868,14.50980377,-,-,64.40000153,59.014328,14.64881134,-,1691,-,-101.7060394,36.86185837,-76.27839661,5.88235283,39.705616,38.52501297,25.82668114
Tue Nov 21 15:08:56 EST 2017,08:56.4,-76.27841812,36.86201093,17.25,4,-30.39999962,351.9,-0.49799395,-4.25210238,9.11711979,0.04573303,-,15.29411793,0.02567889,-0.06247865,-0.4685899,0.80984545,14.11764717,14.11764717,-,-,64.40000153,58.97032547,14.64881134,-,1621,-,-99.73753357,36.86201096,-76.27841949,5.88235283,38.58715057,36.66090012,-
Tue Nov 21 15:08:57 EST 2017,08:57.4,-76.27843636,36.86216611,17,4,-30.29999924,352.2,0.03830723,-3.29442143,9.53849983,0.02296536,-,14.90196133,-0.01109364,0,-0.34753752,0.82546508,14.11764717,14.11764717,-,-,64.40000153,58.97032547,14.64881134,-,1621,-,-99.40944672,36.86216736,-76.27843475,5.49019623,38.02791595,36.66090012,-
Tue Nov 21 15:08:58 EST 2017,08:58.4,-76.27845492,36.86229378,15.5,4,-30.60000038,352.3,-0.49799395,-3.17949986,9.53849983,0.03368967,-,14.90196133,-0.00284988,-0.04295408,-0.34753752,0.8332749,14.11764717,14.11764717,-,-,64.40000153,58.9216156,14.64881134,-,1482,-,-100.3936997,36.86229324,-76.27845764,5.49019623,34.67251205,34.17541504,-
Tue Nov 21 15:08:59 EST 2017,08:59.4,-76.27848039,36.86243195,15.5,5,-29.89999962,352.1,-0.30645782,-3.21780705,9.38527107,0.03324744,-,14.90196133,0.01220132,-0.03123933,-0.32801294,0.85670447,14.11764717,14.50980377,-,-,64.40000153,58.9216156,14.64881134,-,1419,-,-98.09711456,36.86243057,-76.27848053,5.09803915,34.67251205,34.17541504,-
Tue Nov 21 15:09:00 EST 2017,09:00.4,-76.27850209,36.86255664,14.75,3,-30.39999962,350.9,-0.15322891,-3.10288548,9.34696388,0.02304953,-,15.29411793,0.00439257,-0.01561966,-0.31629819,0.85279953,14.11764717,14.50980377,-,-,64.40000153,58.86943436,14.64881134,-,1419,-,-99.73753357,36.86255646,-76.27850342,5.49019623,32.9948082,32.31130219,-
Tue Nov 21 15:09:01 EST 2017,09:01.4,-76.27853036,36.86268325,14.5,4,-30.5,351.3,-0.15322891,-2.79642749,9.15542698,0.04039175,-,15.29411793,-0.02370322,-0.01561966,-0.28505886,0.8332749,22.74509811,23.52941132,-,-,64.40000153,58.81624985,14.64881134,-,1397,-,-100.0656204,36.86268234,-76.27853394,5.49019623,32.43557358,31.68992996,-
Tue Nov 21 15:09:02 EST 2017,09:02.4,-76.27855379,36.86281354,14.25,4,-30.79999924,351.3,0,-3.29442143,9.99818611,0.03048252,-,21.56862831,0.02561201,-0.0234295,-0.33582276,0.86841917,20.3921566,14.11764717,-,-,64.40000153,58.81624985,14.64881134,-,1397,-,-101.0498657,36.86281204,-76.27855682,10.98039246,31.87634087,31.68992996,-
Tue Nov 21 15:09:03 EST 2017,09:03.4,-76.27858013,36.86294344,14.5,3,-31.29999924,351.5,-0.38307226,-4.25210238,9.11711979,0.04522055,-,21.56862831,0.02841995,-0.03123933,-0.39439651,0.84889454,20.3921566,14.11764717,-,-,64.40000153,58.76326752,14.64881134,-,1393,-,-102.6902847,36.86294174,-76.27857971,10.98039246,32.43557358,31.68992996,-
Tue Nov 21 15:09:04 EST 2017,09:04.4,-76.2786043,36.86307013,14.25,3,-31.5,351.6,-0.15322891,-3.14119267,9.57680702,0.02645664,-,14.50980377,0.0122993,-0.03514424,-0.31629819,0.86060935,14.11764717,14.11764717,-,-,64.40000153,58.76326752,14.64881134,-,1393,-,-103.3464584,36.86307144,-76.2786026,4.70588255,31.87634087,31.68992996,-
Tue Nov 21 15:09:05 EST 2017,09:05.4,-76.27862761,36.86318261,13.25,4,-31.10000038,351.4,-0.2681506,-3.17949986,9.46188545,0.02806529,-,14.50980377,0.02164687,-0.04685899,-0.34363261,0.86060935,14.11764717,14.11764717,-,-,64.40000153,58.70443726,14.64881134,-,1239,-,-102.0341187,36.86318207,-76.27862549,4.70588255,29.6394043,28.58307457,-
Tue Nov 21 15:09:06 EST 2017,09:06.4,-76.27863529,36.86328927,12.25,3,-30.20000076,354,-0.19153613,-3.37103605,9.61511421,0.05781037,-,14.11764717,0.00035089,-0.06638357,-0.36315718,0.82936996,14.11764717,14.11764717,-,-,64.40000153,58.70443726,14.64881134,-,1332,-,-99.08136749,36.86328888,-76.27863312,4.31372547,27.40246773,28.58307457,-
Tue Nov 21 15:09:07 EST 2017,09:07.4,-76.27865904,36.86340367,12.25,4,-30.79999924,352.6,-0.30645782,-3.79241538,9.6534214,0.07671338,-,14.11764717,0.02063064,-0.03904916,-0.38268176,0.84498966,14.11764717,14.11764717,-,-,64.40000153,58.6422081,14.64881134,-,1332,-,-101.0498657,36.86340332,-76.27865601,4.31372547,27.40246773,26.71896172,-
Tue Nov 21 15:09:08 EST 2017,09:08.4,-76.2786856,36.86351302,11.75,3,-31.10000038,351.6,-0.5363012,-3.29442143,9.42357826,0.03727233,-,14.90196133,0.01680376,-0.04295408,-0.35144243,0.85279953,14.11764717,14.11764717,-,-,64.40000153,58.6422081,14.64881134,-,1374,-,-102.0341187,36.86351395,-76.27868652,5.49019623,26.2840004,26.71896172,-
Tue Nov 21 15:09:09 EST 2017,09:09.4,-76.27870894,36.86361342,11.25,4,-31.10000038,351.4,-0.30645782,-3.29442143,9.84495735,0.07772201,-,14.90196133,0.01446003,-0.0234295,-0.31239328,0.86451429,14.11764717,14.11764717,-,-,64.40000153,58.57419205,14.64881134,-,1374,-,-102.0341187,36.86361313,-76.27870941,5.09803915,25.16553307,23.61210442,-
Tue Nov 21 15:09:10 EST 2017,09:10.4,-76.27872295,36.86370466,10.5,3,-31.70000076,352.1,-0.22984336,-2.33674097,9.95987892,0.0453974,-,14.90196133,0.04346606,-0.0234295,-0.23819989,0.91527814,14.11764717,21.17647171,-,-,64.40000153,58.50402451,14.64881134,-,1260,-,-104.0026245,36.86370468,-76.27872467,5.09803915,23.48783112,22.36936378,-
Tue Nov 21 15:09:11 EST 2017,09:11.4,-76.2787334,36.86379422,10.25,4,-32,354,-0.22984336,-1.34075296,10.18972206,0.06692261,-,41.5686264,0.0482806,-0.0234295,-0.13667206,0.93870759,49.41176605,21.17647171,-,-,64.40000153,58.50402451,14.64881134,-,1260,-,-104.9868774,36.86379242,-76.2787323,23.13725471,22.9285965,22.36936378,-
Tue Nov 21 15:09:12 EST 2017,09:12.4,-76.27875148,36.86388902,10.5,4,-32.40000153,351.9,-0.07661445,-1.37906015,9.92157173,0.04012614,-,41.5686264,0.02147504,-0.00780983,-0.14057697,0.91137326,49.41176605,50.19607925,-,-,64.40000153,58.44254684,14.64881134,-,1680,-,-106.2992172,36.86388779,-76.27875519,23.13725471,23.48783112,26.71896172,117.1314163
Tue Nov 21 15:09:13 EST 2017,09:13.4,-76.27877197,36.86400469,12,3,-32.20000076,351.7,-0.03830723,-2.7581203,9.92157173,0.06873256,-,42.74509811,0.01872274,-0.01561966,-0.23039004,0.89184868,49.41176605,50.19607925,-,-,64.40000153,58.44254684,14.64881134,-,1680,-,-105.6430435,36.86400604,-76.27877045,41.17647171,26.84323311,26.71896172,117.1314163
Tue Nov 21 15:09:14 EST 2017,09:14.4,-76.27879402,36.8641254,13.25,4,-31.79999924,351.7,-0.15322891,-3.90733719,9.50019264,0.06624573,-,42.74509811,0.0523557,-0.02733441,-0.41001618,0.86841917,18.03921509,14.11764717,-,-,64.40000153,58.3884964,14.64881134,-,1761,-,-104.3307037,36.8641243,-76.27879333,41.17647171,29.6394043,30.44718933,91.99812317
Tue Nov 21 15:09:15 EST 2017,09:15.4,-76.27881712,36.86424739,13.75,4,-32,352,-0.2681506,-3.67749381,9.0788126,0.0306891,-,15.68627453,0.04534345,-0.0234295,-0.3397277,0.88794374,14.11764717,14.11764717,-,-,64.40000153,58.3884964,14.64881134,-,1761,-,-104.9868774,36.86424637,-76.27881622,6.27450991,30.75787354,30.44718933,91.99812317
Tue Nov 21 15:09:16 EST 2017,09:16.4,-76.27884214,36.86436763,13.5,4,-31.60000038,351.4,-0.38307226,-3.06457806,9.50019264,0.03730744,-,15.68627453,0.04124829,-0.03904916,-0.30067852,0.89575356,14.11764717,14.11764717,-,-,64.40000153,58.32987595,14.64881134,-,1645,-,-103.6745453,36.86436844,-76.27883911,6.27450991,30.19863892,27.96170425,91.99812317
Tue Nov 21 15:09:17 EST 2017,09:17.4,-76.27886276,36.86447613,12.5,4,-31.70000076,351,-0.03830723,-2.33674097,9.38527107,0.00615172,-,26.27450943,-0.01374337,-0.00390492,-0.23819989,0.85670447,36.47058868,14.11764717,-,-,64.40000153,58.32987595,14.64881134,-,1645,-,-104.0026245,36.86447525,-76.278862,11.37254906,27.96170425,27.96170425,91.99812317
Tue Nov 21 15:09:18 EST 2017,09:18.4,-76.27888783,36.86459505,13,4,-31.5,351.4,-0.15322891,-2.03028297,10.11310768,0.07058305,-,26.27450943,0.05194232,-0.01561966,-0.20696054,0.93089777,36.47058868,32.54901886,-,-,64.40000153,58.27625275,14.64881134,-,1755,-,-103.3464584,36.86459351,-76.27888489,11.37254906,29.08017159,30.44718933,62.33335495
Tue Nov 21 15:09:19 EST 2017,09:19.4,-76.2789098,36.86471814,13.75,4,-31.5,351.5,0.42137951,-1.57059634,9.76834297,0.01488055,-,23.92156982,0.00980151,0.04295408,-0.16010156,0.89575356,41.5686264,40.7843132,-,-,64.40000153,58.27625275,14.64881134,-,1755,-,-103.3464584,36.86471939,-76.27890778,17.25490189,30.75787354,30.44718933,62.33335495
Tue Nov 21 15:09:20 EST 2017,09:20.4,-76.27893616,36.86484907,14.5,3,-31.29999924,351.6,0.84275901,-2.29843354,8.92558384,0.17418867,-,23.92156982,0.15558337,-0.01952458,-0.24600971,1.0285207,41.5686264,40.7843132,-,-,64.40000153,58.22880173,14.64881134,-,1940,-,-102.6902847,36.86484909,-76.27893829,16.07843208,32.43557358,33.55404282,99.60190582
Tue Nov 21 15:09:21 EST 2017,09:21.4,-76.27895768,36.86498993,15.5,4,-31.20000076,352.1,0.5363012,-2.56658411,9.80665016,0.02114575,-,22.74509811,-0.03261342,0.04295408,-0.27724904,0.82546508,24.31372643,30.58823586,-,-,64.40000153,58.18510437,14.64881134,-,1638,-,-102.3622055,36.86499023,-76.27896118,16.07843208,34.67251205,35.41815948,72.97299957
Tue Nov 21 15:09:22 EST 2017,09:22.4,-76.27897294,36.86513718,16,3,-32.20000076,356.3,0.03830723,-2.29843354,9.84495735,0.04955751,-,25.88235283,0.05196408,0.0234295,-0.2421048,0.92308795,39.2156868,30.58823586,-,-,64.40000153,58.18510437,14.64881134,-,1638,-,-105.6430435,36.86513901,-76.27897644,17.64705849,35.79098129,35.41815948,72.97299957
Tue Nov 21 15:09:23 EST 2017,09:23.4,-76.27898551,36.86528049,15.75,4,-32.29999924,357.3,0.8810662,-2.33674097,9.99818611,0.08231458,-,25.88235283,0.08981575,0.11324256,-0.24991462,0.95432734,39.2156868,39.60784531,-,-,64.40000153,58.14632416,14.64881134,-,1681,-,-105.9711227,36.86528015,-76.27898407,17.64705849,35.23174286,37.90364456,103.8789139
Tue Nov 21 15:09:24 EST 2017,09:24.4,-76.27898517,36.86543505,16.75,4,-32.29999924,359.7,1.72382522,-2.7581203,9.27034855,0.02046436,-,25.09803963,0.00180648,0.17572121,-0.28115395,0.84498966,35.29411697,34.90196228,-,-,64.40000153,58.14632416,14.64881134,-,1735,-,-105.9711227,36.86543655,-76.27898407,16.86274529,37.46868134,37.90364456,103.8789139
Tue Nov 21 15:09:25 EST 2017,09:25.4,-76.27896274,36.86558824,17,4,-32.5,4.1,-0.61291564,-2.56658411,10.18972206,0.03861263,-,25.09803963,0.0733377,-0.06247865,-0.26162934,0.93870759,35.29411697,34.90196228,-,-,64.40000153,58.11006165,14.64881134,-,1735,-,-106.6272965,36.86558914,-76.27896118,13.33333397,38.02791595,39.14638519,52.19602203
Tue Nov 21 15:09:26 EST 2017,09:26.4,-76.27892425,36.86574296,17.5,3,-33.29999924,8.6,-1.76213241,-2.68150592,9.19373417,0.0324093,-,24.70588303,-0.00704391,-0.17962612,-0.27334413,0.83717978,41.17647171,42.35294342,-,-,64.40000153,58.07749557,14.64881134,-,1765,-,-109.2519684,36.86574173,-76.27892303,13.33333397,39.14638519,41.01049805,78.69705963
Tue Nov 21 15:09:27 EST 2017,09:27.4,-76.27888641,36.86590355,18,4,-32.79999924,7,-1.53228903,-2.26012635,10.11310768,0.04844403,-,22.74509811,0.06817904,-0.15619664,-0.23039004,0.93089777,42.35294342,42.35294342,-,-,64.40000153,58.07749557,14.64881134,-,1765,-,-107.6115494,36.86590195,-76.27888489,7.05882359,40.26485062,41.01049805,78.69705963
Tue Nov 21 15:09:28 EST 2017,09:28.4,-76.27887408,36.86606706,18,4,-33.20000076,4.2,-1.26413846,-2.45166254,9.11711979,-0.01002556,-,22.74509811,-0.07655385,-0.21477039,-0.27334413,0.75517666,42.35294342,38.4313736,-,-,64.40000153,58.04623032,14.64881134,-,1811,-,-108.9238892,36.86606598,-76.27887726,7.05882359,40.26485062,41.63187027,26.78756714
Tue Nov 21 15:09:29 EST 2017,09:29.4,-76.27889784,36.86623844,19,3,-32.79999924,357.9,-0.72783732,-2.03028297,9.53849983,0.01761952,-,16.47058868,-0.0013284,-0.05857374,-0.2186753,0.87232411,30.19607925,37.64706039,-,-,64.40000153,58.04623032,14.64881134,-,1954,-,-107.6115494,36.86623764,-76.27890015,11.76470566,42.50178909,41.63187027,26.78756714
Tue Nov 21 15:09:30 EST 2017,09:30.4,-76.27891798,36.86640584,18.75,4,-33.29999924,354,-0.91937345,-3.52426481,9.53849983,0.04916929,-,16.47058868,0.04296143,-0.07028849,-0.35925224,0.87622905,30.19607925,37.64706039,-,-,64.40000153,58.0174408,14.64881134,-,1954,-,-109.2519684,36.86640549,-76.27891541,7.05882359,41.94255447,42.8746109,50.0839386
Tue Nov 21 15:09:31 EST 2017,09:31.4,-76.27894395,36.86657875,19.25,4,-33.09999847,351.5,-0.19153613,-2.52827692,10.11310768,0.08180445,-,16.47058868,0.10156943,-0.05857374,-0.31239328,0.95432734,14.11764717,14.11764717,-,-,64.40000153,57.98758316,14.64881134,-,1850,-,-108.5957947,36.86657715,-76.27894592,7.05882359,43.0610199,42.25324249,50.0839386
Tue Nov 21 15:09:32 EST 2017,09:32.4,-76.27898234,36.86674859,19,4,-33,350.5,-0.38307226,-3.02627087,9.69172859,0.05472332,-,16.47058868,0.03607713,-0.03904916,-0.30848834,0.88794374,14.11764717,14.11764717,-,-,64.40000153,57.98758316,14.64881134,-,1850,-,-108.2677155,36.86674881,-76.27898407,6.66666698,42.50178909,42.25324249,50.0839386
Tue Nov 21 15:09:33 EST 2017,09:33.4,-76.2790124,36.86691835,19,4,-32.70000076,350.3,-0.11492168,-3.52426481,9.42357826,0.04465574,-,16.47058868,0.0260062,-0.01171475,-0.35925224,0.86060935,14.11764717,14.11764717,-,-,64.40000153,57.95549393,14.64881134,-,1800,-,-107.2834702,36.86691666,-76.27901459,6.66666698,42.50178909,41.01049805,-
Tue Nov 21 15:09:34 EST 2017,09:34.4,-76.27904738,36.86707897,18.5,4,-32.40000153,350.2,0.99598789,-2.7581203,7.58483076,-0.15205342,-,15.68627453,-0.1707702,0.10152781,-0.28115395,0.67317337,23.13725471,25.88235283,-,-,64.40000153,57.95549393,14.64881134,-,1723,-,-106.2992172,36.86708069,-76.2790451,5.88235283,41.38331985,41.01049805,-
Tue Nov 21 15:09:35 EST 2017,09:35.4,-76.27907946,36.86723802,18,4,-32.59999847,350.9,0.19153613,-3.21780705,10.68771648,0.09213589,-,16.07843208,0.14480454,0.01952458,-0.42563587,0.96213716,23.13725471,25.88235283,-,-,64.40000153,57.9200058,14.64881134,-,1723,-,-106.9553757,36.86723709,-76.27908325,6.66666698,40.26485062,39.14638519,-
Tue Nov 21 15:09:36 EST 2017,09:36.4,-76.27911554,36.86739319,17.75,4,-32.5,350,-0.72783732,-3.10288548,9.34696388,0.08217785,-,16.07843208,0.07541837,-0.05076391,-0.30067852,0.93089777,18.03921509,19.2156868,-,-,64.40000153,57.88347626,14.64881134,-,1691,-,-106.6272965,36.86739349,-76.27911377,6.66666698,39.705616,38.52501297,-
Tue Nov 21 15:09:37 EST 2017,09:37.4,-76.27914967,36.8675506,17.5,4,-32.5,350.1,-1.03429508,-2.94965649,10.22802925,0.05666822,-,16.07843208,0.04390466,-0.05076391,-0.34363261,0.88403887,21.17647171,19.2156868,-,-,64.40000153,57.88347626,14.64881134,-,1691,-,-106.6272965,36.8675499,-76.27915192,8.23529434,39.14638519,38.52501297,-
Tue Nov 21 15:09:38 EST 2017,09:38.4,-76.27918465,36.8677007,17.5,3,-32.90000153,349.5,-0.5363012,-3.25611424,8.50420475,-0.0511297,-,16.07843208,-0.04131998,-0.07028849,-0.30458343,0.80594051,21.17647171,32.15686417,-,-,64.40000153,57.84708786,14.64881134,-,1700,-,-107.9396362,36.86770248,-76.27918243,8.23529434,39.14638519,38.52501297,-
Tue Nov 21 15:09:39 EST 2017,09:39.4,-76.27923547,36.86785869,17.5,4,-33,347.9,-0.15322891,-2.64319873,9.69172859,0.04700951,-,16.07843208,0.05057793,-0.04685899,-0.2928687,0.90746832,34.90196228,34.90196228,-,-,64.40000153,57.84708786,14.64881134,-,1768,-,-108.2677155,36.86785889,-76.27923584,6.66666698,39.14638519,38.52501297,-
Tue Nov 21 15:09:40 EST 2017,09:40.4,-76.27928871,36.86801306,17.5,4,-33.20000076,346.9,-0.34476504,-3.10288548,9.84495735,0.07181484,-,16.07843208,0.05317455,-0.03514424,-0.31629819,0.90356338,34.90196228,34.90196228,-,-,64.40000153,57.81200027,14.64881134,-,1768,-,-108.9238892,36.86801147,-76.27928925,6.27450991,39.14638519,39.14638519,25.16311073
Tue Nov 21 15:09:41 EST 2017,09:41.4,-76.27933084,36.86816808,17.5,4,-33.09999847,347.3,-0.49799395,-3.44765043,9.6534214,0.0335346,-,15.68627453,0.04650326,-0.05076391,-0.35144243,0.88403887,14.11764717,14.50980377,-,-,64.40000153,57.77588272,14.64881134,-,1681,-,-108.5957947,36.86816788,-76.27932739,6.27450991,39.14638519,38.52501297,25.16311073
Tue Nov 21 15:09:42 EST 2017,09:42.4,-76.27937627,36.86831774,17.5,4,-32.90000153,347.4,-0.49799395,-3.06457806,10.26633644,0.10201412,-,15.29411793,0.08338419,-0.05076391,-0.32801294,0.93089777,14.11764717,14.50980377,-,-,64.40000153,57.77588272,14.64881134,-,1681,-,-107.9396362,36.86831665,-76.27937317,5.88235283,39.14638519,38.52501297,25.16311073
Tue Nov 21 15:09:43 EST 2017,09:43.4,-76.27941752,36.86846497,17,3,-33.5,347.2,-0.19153613,-3.02627087,9.57680702,0.05835794,-,15.29411793,0.06738594,-0.01561966,-0.3397277,0.91137326,14.11764717,14.50980377,-,-,64.40000153,57.73757935,14.64881134,-,1623,-,-109.9081345,36.86846542,-76.27941895,5.88235283,38.02791595,37.28227234,-
Tue Nov 21 15:09:44 EST 2017,09:44.4,-76.27946081,36.8686106,16.5,4,-33.70000076,347.3,0.03830723,-3.21780705,9.0788126,0.00088251,-,16.07843208,-0.03124212,-0.01952458,-0.32020313,0.81375033,14.90196133,14.90196133,-,-,64.40000153,57.73757935,14.64881134,-,1583,-,-110.5643082,36.86861038,-76.27945709,6.66666698,36.90944672,37.28227234,-
Tue Nov 21 15:09:45 EST 2017,09:45.4,-76.27950542,36.86875467,16.5,4,-34.20000076,347.2,0.07661445,-3.21780705,9.61511421,0.04131441,-,16.07843208,0.03403536,0.01561966,-0.32801294,0.88013393,14.90196133,14.90196133,-,-,64.40000153,57.69709778,14.64881134,-,1583,-,-112.2047272,36.86875534,-76.27950287,6.27450991,36.90944672,36.03952789,-
Tue Nov 21 15:09:46 EST 2017,09:46.4,-76.27954525,36.86889645,16.25,4,-34.09999847,347.9,-0.19153613,-2.87304211,9.19373417,0.00106883,-,16.07843208,0.03202652,-0.01561966,-0.29677361,0.88794374,24.70588303,26.66666794,-,-,64.40000153,57.65561295,14.64881134,-,1552,-,-111.8766327,36.86889648,-76.27954865,6.27450991,36.35021591,35.41815948,-
Tue Nov 21 15:09:47 EST 2017,09:47.4,-76.27958315,36.86904096,16,4,-34,348.3,-0.65122288,-3.21780705,9.15542698,0.0454549,-,15.68627453,-0.0081971,-0.06638357,-0.32801294,0.8332749,14.11764717,26.66666794,-,-,64.40000153,57.65561295,14.64881134,-,1552,-,-111.5485535,36.86904144,-76.27958679,6.27450991,35.79098129,35.41815948,-
Tue Nov 21 15:09:48 EST 2017,09:48.4,-76.27962537,36.86918318,16,4,-34.20000076,348.5,-0.42137951,-2.83473492,9.95987892,0.07547277,-,15.68627453,0.05683376,-0.04295408,-0.28896379,0.91527814,14.11764717,14.11764717,-,-,64.40000153,57.61312103,14.64881134,-,1507,-,-112.2047272,36.86918259,-76.27962494,6.27450991,35.79098129,34.79678726,-
Tue Nov 21 15:09:49 EST 2017,09:49.4,-76.27965894,36.86931271,15.5,4,-34.5,348.5,-0.5363012,-3.14119267,9.80665016,0.05401352,-,18.4313736,0.05147079,-0.05466883,-0.32020313,0.8996585,14.11764717,14.11764717,-,-,64.40000153,57.61312103,14.64881134,-,1485,-,-113.1889801,36.86931229,-76.27965546,8.23529434,34.67251205,34.79678726,-
Tue Nov 21 15:09:50 EST 2017,09:50.4,-76.27969422,36.86944154,15.25,4,-34.20000076,348.4,-0.57460839,-3.56257224,9.23204136,0.02942294,-,14.90196133,0.00813034,-0.04295408,-0.34753752,0.84498966,14.11764717,14.11764717,-,-,64.40000153,57.5696373,14.64881134,-,1485,-,-112.2047272,36.86944199,-76.2796936,5.09803915,34.11327744,34.17541504,-
Tue Nov 21 15:09:51 EST 2017,09:51.4,-76.2797251,36.86957584,15.25,4,-33.79999924,349.6,-0.38307226,-3.48595762,8.92558384,0.01422079,-,14.90196133,0.01339906,-0.03123933,-0.32020313,0.86060935,14.11764717,14.11764717,-,-,64.40000153,57.52286148,14.64881134,-,1401,-,-110.8923874,36.8695755,-76.27972412,5.09803915,34.11327744,32.31130219,-
Tue Nov 21 15:09:52 EST 2017,09:52.4,-76.2797722,36.86969622,14.5,4,-34.09999847,344.6,-0.38307226,-2.26012635,9.73003578,0.03245245,-,16.07843208,0.0132936,-0.03123933,-0.25381953,0.88013393,34.50980377,36.86274719,-,-,64.40000153,57.52286148,14.64881134,-,1401,-,-111.8766327,36.86969757,-76.2797699,5.09803915,32.43557358,32.31130219,-
Tue Nov 21 15:09:53 EST 2017,09:53.4,-76.27982594,36.86982212,14.25,3,-34.09999847,341.4,-1.53228903,-1.53228903,9.11711979,-0.01813206,-,16.07843208,-0.02477441,-0.20305562,-0.17572121,0.83717978,34.50980377,36.86274719,-,-,64.40000153,57.47626114,14.64881134,-,1602,-,-111.8766327,36.86982346,-76.2798233,14.90196133,31.87634087,32.31130219,-
Tue Nov 21 15:09:54 EST 2017,09:54.4,-76.2798903,36.86994697,14.5,4,-34.59999847,338,-0.9576807,-3.67749381,9.88326454,0.11740196,-,24.70588303,0.078033,-0.04295408,-0.34753752,0.91918308,38.4313736,38.4313736,-,-,64.40000153,57.47626114,14.64881134,-,1551,-,-113.5170593,36.86994553,-76.27989197,14.90196133,32.43557358,32.31130219,-
Tue Nov 21 15:09:55 EST 2017,09:55.4,-76.27997302,36.87007202,15.25,4,-35.09999847,333.1,0.22984336,-3.94564438,9.15542698,0.04977227,-,14.90196133,0.04872446,0.05076391,-0.37877685,0.87622905,38.4313736,38.4313736,-,-,64.40000153,57.43556213,14.64881134,-,1551,-,-115.1574783,36.87007141,-76.27997589,5.88235283,34.11327744,35.41815948,129.4479218
Tue Nov 21 15:09:56 EST 2017,09:56.4,-76.28006101,36.87019788,15.25,3,-35.09999847,329.5,1.37906015,-4.78840351,9.76834297,0.13682956,-,14.90196133,-0.01078505,0.12886222,-0.47249481,0.75908154,14.11764717,14.11764717,-,-,64.40000153,57.38700485,14.64881134,-,1384,-,-115.1574783,36.8701973,-76.28005981,5.88235283,34.11327744,31.06855965,129.4479218
Tue Nov 21 15:09:57 EST 2017,09:57.4,-76.28013459,36.87031366,14,3,-35.5,331.4,0.30645782,-5.93762016,9.04050541,0.13116282,-,14.11764717,0.10706874,0.06638357,-0.60916686,0.82156014,14.11764717,14.11764717,-,-,64.40000153,57.38700485,14.64881134,-,1384,-,-116.4698181,36.87031555,-76.28013611,4.70588255,31.31710625,31.06855965,129.4479218
Tue Nov 21 15:09:58 EST 2017,09:58.4,-76.2801947,36.8704149,12.25,4,-35.70000076,335.9,0,-5.17147589,8.88727665,0.06715542,-,14.11764717,0.08025294,0,-0.52716368,0.80594051,14.11764717,14.11764717,-,-,64.40000153,57.32377625,14.64881134,-,1076,-,-117.1259842,36.87041473,-76.28019714,4.31372547,27.40246773,22.9907341,-
Tue Nov 21 15:09:59 EST 2017,09:59.4,-76.28023152,36.87049616,10,4,-35.5,340.3,-0.30645782,-5.13316822,8.65743351,0.07532415,-,14.11764717,0.02680149,-0.03123933,-0.52325869,0.78251106,14.11764717,14.11764717,-,-,64.40000153,57.24481583,14.64881134,-,777,-,-116.4698181,36.87049484,-76.28023529,4.31372547,22.36936378,14.29153728,-
Tue Nov 21 15:10:00 EST 2017,10:00.4,-76.28025615,36.87055913,7.5,4,-36.20000076,341.9,-0.07661445,-5.05655384,9.04050541,0.07494587,-,13.33333397,0.05630663,-0.00780983,-0.51544887,0.82156014,14.11764717,14.11764717,-,-,64.40000153,57.24481583,14.64881134,-,777,-,-118.7664032,36.87055969,-76.28025818,3.52941179,16.77702141,14.29153728,-
Tue Nov 21 15:10:01 EST 2017,10:01.4,-76.28027524,36.87060648,5.75,4,-36.29999924,342.7,-0.22984336,-4.02225876,9.23204136,0.05193123,-,13.33333397,0.03467702,-0.01561966,-0.4373506,0.83717978,14.11764717,14.11764717,-,-,64.40000153,57.15135574,14.64881134,-,791,-,-119.0944824,36.87060547,-76.28027344,3.52941179,12.86238289,6.21371174,-
Tue Nov 21 15:10:02 EST 2017,10:02.4,-76.28028372,36.87063228,3.75,4,-36.20000076,344.8,-0.19153613,-3.98395157,9.88326454,0.10541612,-,13.33333397,0.04837517,-0.01952458,-0.47639978,0.8332749,14.11764717,14.11764717,-,-,64.40000153,57.15135574,14.64881134,-,791,-,-118.7664032,36.87063217,-76.28028107,3.92156863,8.3885107,6.21371174,-
Tue Nov 21 15:10:03 EST 2017,10:03.4,-76.28028835,36.87064222,2,4,-36.29999924,345.9,-0.11492168,-2.71981311,9.92157173,0.02148811,-,14.11764717,0.03173077,-0.01561966,-0.30848834,0.88403887,14.11764717,14.11764717,-,-,64.40000153,57.15135574,14.64881134,-,791,-,-119.0944824,36.87064362,-76.2802887,3.92156863,4.47387266,6.21371174,-
Tue Nov 21 15:10:04 EST 2017,10:04.4,-76.28029361,36.8706488,0.75,4,-36.70000076,315.6,-0.34476504,-2.87304211,9.6534214,0.04629725,-,14.11764717,0.02503156,-0.03514424,-0.29677361,0.88013393,14.11764717,14.11764717,-,-,64.40000153,57.15135574,14.64881134,-,791,-,-120.4068298,36.87064743,-76.28029633,3.92156863,1.67770207,6.21371174,-
Tue Nov 21 15:10:05 EST 2017,10:05.4,-76.28029409,36.87063223,0,3,-36.59999847,0,-0.30645782,-2.83473492,9.57680702,0.04464942,-,14.11764717,0.01892493,-0.03123933,-0.28896379,0.87622905,14.11764717,14.11764717,-,-,64.40000153,57.15135574,14.64881134,-,715,-,-120.0787354,36.87063217,-76.28029633,3.92156863,0,0,-
Tue Nov 21 15:10:06 EST 2017,10:06.4,-76.2802927,36.87063425,0,3,-36.90000153,0,-0.30645782,-2.83473492,9.6534214,0.04506451,-,14.11764717,0.02641504,-0.03123933,-0.28896379,0.88403887,14.11764717,14.11764717,-,-,64.40000153,57.15135574,14.64881134,-,687,-,-121.0629959,36.87063599,-76.28029633,4.31372547,0,0,-
Tue Nov 21 15:10:07 EST 2017,10:07.4,-76.2802928,36.87063663,0,3,-36.40000153,0,-0.38307226,-2.87304211,9.57680702,0.03582945,-,14.11764717,0.02030921,-0.03904916,-0.2928687,0.87622905,14.11764717,14.11764717,-,-,64.40000153,57.15135574,14.64881134,-,687,-,-119.4225769,36.87063599,-76.28029633,4.31372547,0,0,-
Tue Nov 21 15:10:08 EST 2017,10:08.4,-76.28029149,36.87063916,0,3,-36.59999847,0,-0.38307226,-2.83473492,9.57680702,0.0352239,-,14.11764717,0.01657107,-0.03904916,-0.2928687,0.87232411,14.11764717,14.11764717,-,-,64.40000153,57.15135574,14.64881134,-,674,-,-120.0787354,36.8706398,-76.2802887,4.31372547,0,0,-
Tue Nov 21 15:10:09 EST 2017,10:09.4,-76.28029096,36.87064063,0,3,-36.79999924,0,-0.22984336,-2.87304211,9.61511421,0.03832451,-,13.72549057,0.02357168,-0.0234295,-0.2928687,0.88013393,14.11764717,14.11764717,-,-,66.19999695,57.15135574,14.64881134,-,674,-,-120.7349091,36.8706398,-76.2802887,3.92156863,0,0,-
Tue Nov 21 15:10:10 EST 2017,10:10.4,-76.28029023,36.87064308,0,3,-36.70000076,0,-0.34476504,-2.7581203,9.69172859,0.03003747,-,13.72549057,0.02812322,-0.03514424,-0.28115395,0.88794374,14.11764717,14.11764717,-,-,66.19999695,57.15135574,14.64881134,-,669,-,-120.4068298,36.87064362,-76.2802887,3.92156863,0,0,-
Tue Nov 21 15:10:11 EST 2017,10:11.4,-76.28029002,36.87064655,0,4,-36.59999847,0,-0.34476504,-2.9113493,9.53849983,0.03621382,-,14.11764717,0.01756126,-0.03514424,-0.29677361,0.87232411,14.11764717,14.11764717,-,-,66.19999695,57.15135574,14.64881134,-,689,-,-120.0787354,36.87064743,-76.2802887,3.92156863,0,0,-
Tue Nov 21 15:10:12 EST 2017,10:12.4,-76.28028936,36.87064906,0,4,-36.70000076,0,-0.2681506,-2.87304211,9.61511421,0.03435735,-,13.72549057,0.01743379,-0.03123933,-0.29677361,0.87232411,14.11764717,14.11764717,-,-,66.19999695,57.15135574,14.64881134,-,689,-,-120.4068298,36.87064743,-76.2802887,3.92156863,0,0,-
Tue Nov 21 15:10:13 EST 2017,10:13.4,-76.28029001,36.87064943,0,4,-36.90000153,0,-0.30645782,-2.87304211,9.61511421,0.0424307,-,13.72549057,0.02378036,-0.03123933,-0.2928687,0.88013393,14.11764717,14.11764717,-,-,66.19999695,57.15135574,14.64881134,-,686,-,-121.0629959,36.87065125,-76.2802887,3.92156863,0,0,-
Tue Nov 21 15:10:14 EST 2017,10:14.4,-76.28028999,36.87064941,0,3,-36.79999924,0,-0.34476504,-2.9113493,9.46188545,0.03242034,-,13.72549057,0.01009619,-0.03514424,-0.29677361,0.86451429,14.11764717,14.11764717,-,-,66.19999695,57.15135574,14.64881134,-,686,-,-120.7349091,36.87065125,-76.2802887,3.92156863,0,0,-
Tue Nov 21 15:10:15 EST 2017,10:15.4,-76.28029014,36.87064964,0,4,-36.79999924,0,-0.30645782,-2.9113493,9.50019264,0.03235394,-,13.72549057,0.01642847,-0.03514424,-0.2928687,0.87232411,14.11764717,14.11764717,-,-,66.19999695,57.15135574,14.64881134,-,673,-,-120.7349091,36.87065125,-76.2802887,3.92156863,0,0,-
Tue Nov 21 15:10:16 EST 2017,10:16.4,-76.28029008,36.87065019,0,4,-36.79999924,0,-0.38307226,-2.87304211,9.46188545,0.03622177,-,13.72549057,0.00909868,-0.03904916,-0.2928687,0.86451429,14.11764717,14.11764717,-,-,66.19999695,57.15135574,14.64881134,-,658,-,-120.7349091,36.87065125,-76.2802887,3.92156863,0,0,-
Tue Nov 21 15:10:17 EST 2017,10:17.4,-76.28029008,36.87065019,0,5,-36.79999924,0,-0.19153613,-2.83473492,9.57680702,0.03728503,-,13.72549057,0.01863287,-0.01952458,-0.28896379,0.87622905,14.11764717,14.11764717,-,-,66.19999695,57.15135574,14.64881134,-,658,-,-120.7349091,36.87065125,-76.2802887,3.92156863,0,0,-
Tue Nov 21 15:10:18 EST 2017,10:18.4,-76.28029004,36.87065034,0,5,-36.79999924,0,-0.2681506,-2.83473492,9.61511421,0.03387543,-,13.72549057,0.02255747,-0.02733441,-0.28896379,0.88013393,14.11764717,14.11764717,-,-,66.19999695,57.15135574,14.64881134,-,663,-,-120.7349091,36.87065125,-76.2802887,3.92156863,0,0,-
Tue Nov 21 15:10:19 EST 2017,10:19.4,-76.28029004,36.87065036,0,5,-36.79999924,0,-0.34476504,-2.87304211,9.50019264,0.03134531,-,13.72549057,0.01657107,-0.03904916,-0.2928687,0.87232411,14.11764717,14.11764717,-,-,66.19999695,57.15135574,14.64881134,-,663,-,-120.7349091,36.87065125,-76.2802887,3.92156863,0,0,-
Tue Nov 21 15:10:20 EST 2017,10:20.4,-76.28029004,36.87065039,0,5,-36.79999924,0,-0.22984336,-2.9113493,9.46188545,0.03449799,-,13.72549057,0.00996777,-0.03123933,-0.29677361,0.86451429,14.11764717,14.11764717,-,-,66.19999695,57.15135574,14.64881134,-,655,-,-120.7349091,36.87065125,-76.2802887,3.92156863,0,0,-
Tue Nov 21 15:10:21 EST 2017,10:21.4,-76.28029003,36.87065044,0,5,-36.79999924,0,-0.2681506,-2.87304211,9.53849983,0.03484124,-,13.72549057,0.01863287,-0.01952458,-0.28896379,0.87622905,14.11764717,14.11764717,-,-,66.19999695,57.15135574,14.64881134,-,664,-,-120.7349091,36.87065125,-76.2802887,3.92156863,0,0,-
Tue Nov 21 15:10:22 EST 2017,10:22.4,-76.28029003,36.87065044,0,5,-36.79999924,0,-0.34476504,-2.83473492,9.57680702,0.03445803,-,13.72549057,0.01235205,-0.0234295,-0.2928687,0.86841917,14.11764717,14.11764717,-,-,66.19999695,57.15135574,14.64881134,-,664,-,-120.7349091,36.87065125,-76.2802887,3.92156863,0,0,-
Tue Nov 21 15:10:23 EST 2017,10:23.4,-76.28029002,36.87065043,0,5,-36.79999924,0,-0.30645782,-2.87304211,9.57680702,0.03563759,-,13.72549057,0.01245002,-0.02733441,-0.2928687,0.86841917,14.11764717,14.50980377,-,-,66.19999695,57.15135574,14.64881134,-,654,-,-120.7349091,36.87065125,-76.2802887,3.92156863,0,0,-
Tue Nov 21 15:10:24 EST 2017,10:24.4,-76.28029001,36.87065043,0,6,-36.79999924,0,-0.22984336,-2.87304211,9.50019264,0.03100628,-,13.72549057,0.01235205,-0.0234295,-0.2928687,0.86841917,14.11764717,14.11764717,-,-,66.19999695,57.15135574,14.64881134,-,666,-,-120.7349091,36.87065125,-76.2802887,3.92156863,0,0,-
Tue Nov 21 15:10:25 EST 2017,10:25.4,-76.28029001,36.87065042,0,6,-36.79999924,0,-0.34476504,-2.87304211,9.46188545,0.02761036,-,13.72549057,0.02030921,-0.03904916,-0.2928687,0.87622905,14.11764717,14.11764717,-,-,66.19999695,57.15135574,14.64881134,-,666,-,-120.7349091,36.87065125,-76.2802887,3.92156863,0,0,-
Tue Nov 21 15:10:26 EST 2017,10:26.4,-76.28028998,36.87065042,0,6,-36.79999924,0,-0.22984336,-2.9113493,9.42357826,0.03265556,-,13.72549057,0.00250699,-0.03123933,-0.29677361,0.85670447,14.11764717,14.11764717,-,-,66.19999695,57.15135574,14.64881134,-,659,-,-120.7349091,36.87065125,-76.2802887,3.92156863,0,0,-
Tue Nov 21 15:10:27 EST 2017,10:27.4,-76.28028993,36.87065041,0,5,-36.79999924,0,-0.30645782,-2.9113493,9.42357826,0.02489299,-,13.72549057,0.00623671,-0.03123933,-0.29677361,0.86060935,14.11764717,14.11764717,-,-,66.19999695,57.15135574,14.64881134,-,659,-,-120.7349091,36.87065125,-76.2802887,3.92156863,0,0,-
Tue Nov 21 15:10:28 EST 2017,10:28.4,-76.28028994,36.87065039,0,6,-36.79999924,0,-0.22984336,-2.87304211,9.46188545,0.03468519,-,13.72549057,0.00861468,-0.0234295,-0.2928687,0.86451429,14.11764717,14.11764717,-,-,68,57.15135574,14.64881134,-,661,-,-120.7349091,36.87065125,-76.2802887,3.92156863,0,0,-
Tue Nov 21 15:10:29 EST 2017,10:29.4,-76.28028995,36.87065035,0,6,-36.79999924,0,-0.30645782,-2.87304211,9.61511421,0.0424307,-,13.72549057,0.02378036,-0.03123933,-0.2928687,0.88013393,14.11764717,14.11764717,-,-,68,57.15135574,14.64881134,-,664,-,-120.7349091,36.87065125,-76.2802887,3.92156863,0,0,-
Tue Nov 21 15:10:30 EST 2017,10:30.4,-76.28028993,36.87065042,0,7,-36.79999924,0,-0.30645782,-2.87304211,9.50019264,0.03121716,-,13.72549057,0.0173213,-0.02733441,-0.29677361,0.87232411,14.11764717,14.11764717,-,-,68,57.15135574,14.64881134,-,664,-,-120.7349091,36.87065125,-76.2802887,3.92156863,0,0,-
Tue Nov 21 15:10:31 EST 2017,10:31.4,-76.28028993,36.87065041,0,7,-36.79999924,0,-0.19153613,-0.45968673,10.11310768,0.05114692,-,13.72549057,0.04526316,-0.01952458,-0.06638357,0.94261253,14.11764717,14.11764717,-,-,68,57.15135574,14.64881134,-,666,-,-120.7349091,36.87065125,-76.2802887,3.92156863,0,0,-
Tue Nov 21 15:10:32 EST 2017,10:32.4,-76.28028993,36.87065041,0,8,-36.79999924,0,-0.15322891,0.57460839,10.22802925,0.08319286,-,23.13725471,0.06952098,-0.0234295,0.07809832,0.9660421,47.05882263,48.23529434,-,-,68,57.15135574,14.64881134,-,666,-,-120.7349091,36.87065125,-76.2802887,13.33333397,0,0,-
Tue Nov 21 15:10:33 EST 2017,10:33.4,-76.28029143,36.87065497,1.5,6,-36.79999924,345.2,0.34476504,0.03830723,10.30464458,0.0700174,-,23.13725471,0.05895405,-0.00390492,0.02733441,0.95823228,47.05882263,48.23529434,-,-,68,57.06391144,14.64881134,-,2241,-,-120.7349091,36.87065506,-76.2802887,44.31372452,3.35540414,9.32056808,72.60722351
Tue Nov 21 15:10:34 EST 2017,10:34.4,-76.28032993,36.87074043,6.5,4,-37,345.6,-1.30244577,-2.83473492,9.00219822,0.05844019,-,38.03921509,-0.02847392,-0.13276714,-0.28896379,0.81765527,36.07843018,25.88235283,-,-,68,56.99039841,14.64881134,-,1990,-,-121.3910751,36.87073898,-76.28032684,44.31372452,14.54008579,16.77702141,117.669281
Tue Nov 21 15:10:35 EST 2017,10:35.4,-76.28034599,36.87079217,6.75,4,-35.90000153,342.4,-3.25611424,-3.06457806,9.38527107,0.07873696,-,14.50980377,0.06009902,-0.33191785,-0.31239328,0.85670447,35.68627548,25.88235283,-,-,68,56.99039841,14.64881134,-,1990,-,-117.7821579,36.87079239,-76.28034973,5.09803915,15.09931946,16.77702141,117.669281
Tue Nov 21 15:10:36 EST 2017,10:36.4,-76.28036283,36.87083234,7.25,3,-33.79999924,327.2,-2.87304211,-0.91937345,10.11310768,0.08739227,-,14.50980377,0.07614884,-0.2928687,-0.09371798,0.93089777,35.68627548,42.74509811,-,-,68,56.91827774,14.64881134,-,1698,-,-110.8923874,36.87083054,-76.28036499,5.09803915,16.21778679,17.39839363,11.60970211
Tue Nov 21 15:10:37 EST 2017,10:37.4,-76.2804068,36.87088726,7.25,4,-33.59999847,327.2,-2.03028297,-0.80445176,10.64940929,0.12715703,-,57.25490189,0.06652787,-0.32410803,-0.09371798,0.91137326,57.64706039,58.4313736,-,-,68,56.91827774,14.64881134,-,1698,-,-110.2362137,36.87088776,-76.28040314,52.94117737,16.21778679,17.39839363,11.60970211
Tue Nov 21 15:10:38 EST 2017,10:38.4,-76.2805382,36.87093654,10.5,4,-34.20000076,300.9,-0.19153613,-0.61291564,9.73003578,0.02503586,-,57.25490189,-0.08882166,0.00390492,-0.04295408,0.80984545,57.64706039,58.4313736,-,-,68,56.85885239,14.64881134,-,1896,-,-112.2047272,36.87093735,-76.28054047,57.25490189,23.48783112,24.23347664,160.2646027
Tue Nov 21 15:10:39 EST 2017,10:39.4,-76.28064016,36.8709856,10.5,7,-34.09999847,300.9,-0.5363012,-1.83874691,9.99818611,0.05671626,-,55.29411697,0.0572163,0,-0.21477039,0.93480271,40.7843132,40,-,-,68,56.81204987,14.64881134,-,2363,-,-111.8766327,36.87098694,-76.28063965,57.25490189,23.48783112,31.06855965,167.9063263
Tue Nov 21 15:10:40 EST 2017,10:40.4,-76.28081103,36.87102651,13.75,5,-33.90000153,289.2,-0.19153613,-3.37103605,9.38527107,0.04549357,-,26.66666794,0.03530364,0.00390492,-0.34363261,0.87622905,14.11764717,40,-,-,68,56.81204987,14.64881134,-,2363,-,-111.2204742,36.87102509,-76.2808075,20.7843132,30.75787354,31.06855965,167.9063263
Tue Nov 21 15:10:41 EST 2017,10:41.4,-76.28097297,36.87107795,14.75,3,-31.39999962,288.6,0.22984336,-3.56257224,9.38527107,-0.00923983,-,26.66666794,0.02015217,-0.07028849,-0.41392109,0.82936996,14.11764717,14.11764717,-,-,68,56.76766205,14.64881134,-,1786,-,-103.0183716,36.87107849,-76.28097534,20.7843132,32.9948082,32.31130219,41.54634094
Tue Nov 21 15:10:42 EST 2017,10:42.4,-76.28112077,36.87113053,14.5,3,-32.40000153,289.6,-0.03830723,-3.17949986,9.46188545,0.01350528,-,14.90196133,0.01786867,-0.00390492,-0.32410803,0.86451429,14.11764717,14.11764717,-,-,68,56.76766205,14.64881134,-,1389,-,-106.2992172,36.8711319,-76.2811203,5.09803915,32.43557358,32.31130219,41.54634094
Tue Nov 21 15:10:43 EST 2017,10:43.4,-76.28126801,36.8711694,14.25,3,-33.20000076,289.9,-0.38307226,-3.67749381,9.88326454,0.09466082,-,14.50980377,0.0760283,-0.03904916,-0.37487194,0.90746832,14.11764717,14.11764717,-,-,68,56.72231293,14.64881134,-,1389,-,-108.9238892,36.87117004,-76.28126526,4.70588255,31.87634087,31.68992996,41.54634094
Tue Nov 21 15:10:44 EST 2017,10:44.4,-76.28141036,36.87122456,14,3,-36.09999847,290.4,-0.72783732,-4.13718033,9.11711979,0.06379163,-,14.50980377,0.02362384,-0.0741934,-0.42173091,0.82936996,14.11764717,14.11764717,-,-,68,56.6748848,14.64881134,-,1324,-,-118.4383164,36.87122345,-76.28141022,4.70588255,31.31710625,30.44718933,-
Tue Nov 21 15:10:45 EST 2017,10:45.4,-76.28155714,36.87126833,14,5,-36,290.4,-0.19153613,-5.01824665,8.54251194,0.0291211,-,14.11764717,0.08169986,-0.01561966,-0.50373417,0.85670447,14.11764717,14.11764717,-,-,68,56.6748848,14.64881134,-,1324,-,-118.1102371,36.87126923,-76.28155518,4.70588255,31.31710625,30.44718933,-
Tue Nov 21 15:10:46 EST 2017,10:46.4,-76.28168913,36.87130863,12.25,3,-36.70000076,290,-0.30645782,-4.29040956,9.19373417,0.05367738,-,14.11764717,0.02634814,-0.04295408,-0.45687518,0.81765527,14.11764717,14.11764717,-,-,68,56.61755371,14.64881134,-,1129,-,-120.4068298,36.87130737,-76.2816925,4.70588255,27.40246773,24.85484695,-
Tue Nov 21 15:10:47 EST 2017,10:47.4,-76.28180289,36.87134605,9.75,3,-36.5,289.9,-0.34476504,-5.05655384,9.04050541,0.07550162,-,14.11764717,0.04750156,-0.07028849,-0.52716368,0.80203557,14.11764717,14.11764717,-,-,68,56.61755371,14.64881134,-,1076,-,-119.7506561,36.87134552,-76.28179932,4.31372547,21.81012726,24.85484695,-
Tue Nov 21 15:10:48 EST 2017,10:48.4,-76.281898,36.871372,8.25,3,-36.90000153,289.5,-0.38307226,-5.66946983,8.46589756,0.06863345,-,13.33333397,0.08078957,-0.04295408,-0.56230789,0.82156014,14.11764717,14.11764717,-,-,66.19999695,56.54813004,14.64881134,-,1076,-,-121.0629959,36.87137222,-76.2818985,3.52941179,18.45472336,18.01976395,-
Tue Nov 21 15:10:49 EST 2017,10:49.4,-76.28197551,36.8713895,5.75,3,-34.70000076,290.9,-0.22984336,-5.59285498,8.77235508,0.07976526,-,13.33333397,0.08172801,-0.05466883,-0.58183247,0.80984545,14.11764717,14.11764717,-,-,66.19999695,56.46334457,14.64881134,-,849,-,-113.8451462,36.8713913,-76.28197479,3.52941179,12.86238289,9.32056808,-
Tue Nov 21 15:10:50 EST 2017,10:50.4,-76.28201792,36.87140436,3.25,3,-34.29999924,291,-0.42137951,-4.8267107,8.92558384,0.05425209,-,13.72549057,0.03560574,-0.04295408,-0.49201941,0.80984545,14.11764717,14.11764717,-,-,66.19999695,56.46334457,14.64881134,-,849,-,-112.5328064,36.87140274,-76.28202057,3.92156863,7.2700429,9.32056808,-
Tue Nov 21 15:10:51 EST 2017,10:51.4,-76.28203693,36.87140598,1,3,-34.59999847,296.8,-0.34476504,-3.14119267,9.34696388,0.03004403,-,13.72549057,0.00612297,-0.03514424,-0.32020313,0.85279953,14.11764717,14.11764717,-,-,66.19999695,56.36437988,14.64881134,-,643,-,-113.5170593,36.87140656,-76.28203583,3.92156863,2.23693633,1.24274242,-
Tue Nov 21 15:10:52 EST 2017,10:52.4,-76.28204284,36.87140608,0,3,-34.90000153,0,-0.38307226,-3.06457806,9.46188545,0.03547314,-,14.11764717,0.01494123,-0.03904916,-0.31239328,0.86451429,14.11764717,14.11764717,-,-,66.19999695,56.36437988,14.64881134,-,677,-,-114.5013199,36.87140656,-76.28204346,3.92156863,0,0,-
Tue Nov 21 15:10:53 EST 2017,10:53.4,-76.28204551,36.8714028,0,3,-34.79999924,0,-0.30645782,-2.94965649,9.53849983,0.03723258,-,13.72549057,0.01858043,-0.03123933,-0.30067852,0.87232411,14.11764717,14.11764717,-,-,66.19999695,56.36437988,14.64881134,-,677,-,-114.1732254,36.87140274,-76.28204346,3.92156863,0,0,-
Tue Nov 21 15:10:54 EST 2017,10:54.4,-76.28204494,36.87140431,0,3,-34.70000076,0,-0.34476504,-2.94965649,9.53849983,0.03719139,-,13.72549057,0.01870776,-0.03514424,-0.30067852,0.87232411,14.11764717,14.11764717,-,-,66.19999695,56.36437988,14.64881134,-,676,-,-113.8451462,36.87140274,-76.28204346,3.92156863,0,0,-
Tue Nov 21 15:10:55 EST 2017,10:55.4,-76.28204828,36.87140537,0,3,-35,0,-0.30645782,-2.94965649,9.46188545,0.02977759,-,13.72549057,0.01112289,-0.03123933,-0.30067852,0.86451429,14.11764717,14.11764717,-,-,66.19999695,56.36437988,14.64881134,-,676,-,-114.8293991,36.87140656,-76.28205109,3.92156863,0,0,-
Tue Nov 21 15:10:56 EST 2017,10:56.4,-76.28204973,36.87140639,0,3,-35,0,-0.42137951,-2.94965649,9.57680702,0.03815996,-,13.72549057,0.0177037,-0.03904916,-0.29677361,0.87232411,14.11764717,14.11764717,-,-,66.19999695,56.36437988,14.64881134,-,674,-,-114.8293991,36.87140656,-76.28205109,3.92156863,0,0,-
Tue Nov 21 15:10:57 EST 2017,10:57.4,-76.28204869,36.87140608,0,3,-34.90000153,0,-0.42137951,-3.02627087,9.38527107,0.02512795,-,13.72549057,0.01870776,-0.03514424,-0.30067852,0.87232411,14.11764717,14.11764717,-,-,66.19999695,56.36437988,14.64881134,-,672,-,-114.5013199,36.87140656,-76.28205109,3.92156863,0,0,-
Tue Nov 21 15:10:58 EST 2017,10:58.4,-76.28204556,36.87140211,0,3,-35,0,-0.2681506,-2.94965649,9.57680702,0.03585295,-,13.72549057,0.01870776,-0.03514424,-0.30067852,0.87232411,14.11764717,14.11764717,-,-,66.19999695,56.36437988,14.64881134,-,672,-,-114.8293991,36.87140274,-76.28204346,3.92156863,0,0,-
Tue Nov 21 15:10:59 EST 2017,10:59.4,-76.28204526,36.87140324,0,3,-35.09999847,0,-0.22984336,-2.87304211,9.73003578,0.05344898,-,13.72549057,0.03480241,-0.0234295,-0.2928687,0.89184868,14.11764717,14.11764717,-,-,66.19999695,56.36437988,14.64881134,-,670,-,-115.1574783,36.87140274,-76.28204346,3.92156863,0,0,-
Tue Nov 21 15:11:00 EST 2017,11:00.4,-76.28204358,36.87140337,0,3,-35.09999847,0,-0.30645782,-2.94965649,9.53849983,0.03707829,-,13.72549057,0.01858043,-0.03123933,-0.30067852,0.87232411,14.11764717,14.11764717,-,-,66.19999695,56.36437988,14.64881134,-,659,-,-115.1574783,36.87140274,-76.28204346,3.92156863,0,0,-
Tue Nov 21 15:11:01 EST 2017,11:01.4,-76.28204264,36.87140191,0,3,-35.09999847,0,-0.2681506,-2.94965649,9.42357826,0.02593845,-,13.72549057,0.0072825,-0.02733441,-0.30067852,0.86060935,14.11764717,14.11764717,-,-,66.19999695,56.36437988,14.64881134,-,659,-,-115.1574783,36.87140274,-76.28204346,3.92156863,0,0,-
Tue Nov 21 15:11:02 EST 2017,11:02.4,-76.28204305,36.8714012,0,3,-35.09999847,0,-0.30645782,-2.94965649,9.46188545,0.02977759,-,13.72549057,0.01112289,-0.03123933,-0.30067852,0.86451429,14.11764717,14.11764717,-,-,66.19999695,56.36437988,14.64881134,-,675,-,-115.1574783,36.87140274,-76.28204346,3.92156863,0,0,-
Tue Nov 21 15:11:03 EST 2017,11:03.4,-76.28204249,36.87140075,0,3,-35.09999847,0,-0.38307226,-2.9113493,9.53849983,0.03635615,-,13.72549057,0.01397107,-0.03904916,-0.29677361,0.86841917,14.11764717,14.11764717,-,-,66.19999695,56.36437988,14.64881134,-,675,-,-115.1574783,36.87139893,-76.28204346,3.92156863,0,0,-
Tue Nov 21 15:11:04 EST 2017,11:04.4,-76.28204218,36.87140076,0,3,-35.09999847,0,-0.2681506,-2.98796368,9.57680702,0.0367288,-,13.72549057,0.01497882,-0.03514424,-0.30067852,0.86841917,14.11764717,14.11764717,-,-,66.19999695,56.36437988,14.64881134,-,662,-,-115.1574783,36.87139893,-76.28204346,3.92156863,0,0,-
Tue Nov 21 15:11:05 EST 2017,11:05.4,-76.28204228,36.8714008,0,3,-35.09999847,0,-0.34476504,-2.9113493,9.61511421,0.04368156,-,13.72549057,0.01756126,-0.03514424,-0.29677361,0.87232411,14.11764717,14.11764717,-,-,66.19999695,56.36437988,14.64881134,-,661,-,-115.1574783,36.87139893,-76.28204346,3.92156863,0,0,-
Tue Nov 21 15:11:06 EST 2017,11:06.4,-76.2820422,36.87140079,0,3,-35.09999847,0,-0.34476504,-2.94965649,9.50019264,0.0336321,-,13.72549057,0.01756126,-0.03514424,-0.29677361,0.87232411,14.11764717,14.11764717,-,-,66.19999695,56.36437988,14.64881134,-,661,-,-115.1574783,36.87139893,-76.28204346,3.92156863,0,0,-
Tue Nov 21 15:11:07 EST 2017,11:07.4,-76.28204217,36.87140076,0,3,-35.09999847,0,-0.34476504,-2.9113493,9.53849983,0.03621382,-,13.72549057,0.0173213,-0.02733441,-0.29677361,0.87232411,14.11764717,14.11764717,-,-,66.19999695,56.36437988,14.64881134,-,662,-,-115.1574783,36.87139893,-76.28204346,3.92156863,0,0,-
Tue Nov 21 15:11:08 EST 2017,11:08.4,-76.28204213,36.87140076,0,3,-35.09999847,0,-0.22984336,-2.98796368,9.46188545,0.03073508,-,13.72549057,0.01208071,-0.0234295,-0.30458343,0.86451429,14.11764717,14.11764717,-,-,66.19999695,56.36437988,14.64881134,-,662,-,-115.1574783,36.87139893,-76.28204346,3.92156863,0,0,-
Tue Nov 21 15:11:09 EST 2017,11:09.4,-76.28204211,36.87140074,0,3,-35.09999847,0,-0.2681506,-2.94965649,9.46188545,0.03435276,-,13.72549057,0.0110097,-0.02733441,-0.30067852,0.86451429,14.11764717,14.11764717,-,-,66.19999695,56.36437988,14.64881134,-,658,-,-115.1574783,36.87139893,-76.28204346,3.92156863,0,0,-
Tue Nov 21 15:11:10 EST 2017,11:10.4,-76.28204208,36.87140072,0,3,-35.09999847,0,-0.2681506,-2.9113493,9.53849983,0.03566758,-,13.72549057,0.01870776,-0.03514424,-0.30067852,0.87232411,14.11764717,14.11764717,-,-,66.19999695,56.36437988,14.64881134,-,658,-,-115.1574783,36.87139893,-76.28204346,3.92156863,0,0,-
Tue Nov 21 15:11:11 EST 2017,11:11.4,-76.28204206,36.87140072,0,3,-35.09999847,0,-0.30645782,-2.87304211,9.69172859,0.03017995,-,13.72549057,-0.0060302,-0.03904916,-0.2928687,0.88794374,14.11764717,14.11764717,-,-,66.19999695,56.36437988,14.64881134,-,658,-,-115.1574783,36.87139893,-76.28204346,3.92156863,0,0,-
Tue Nov 21 15:11:12 EST 2017,11:12.4,-76.28204204,36.87140068,0,3,-35.09999847,0,-0.2681506,-2.9113493,9.57680702,0.03970796,-,13.72549057,0.0173213,-0.02733441,-0.29677361,0.87232411,14.11764717,14.11764717,-,-,66.19999695,56.36437988,14.64881134,-,655,-,-115.1574783,36.87139893,-76.28204346,3.92156863,0,0,-
Tue Nov 21 15:11:13 EST 2017,11:13.4,-76.28204204,36.87140066,0,3,-35.09999847,0,-0.22984336,-2.98796368,9.38527107,0.03486275,-,13.72549057,0.00463561,-0.0234295,-0.30458343,0.85670447,14.11764717,14.11764717,-,-,66.19999695,56.36437988,14.64881134,-,655,-,-115.1574783,36.87139893,-76.28204346,3.92156863,0,0,-
Tue Nov 21 15:11:14 EST 2017,11:14.4,-76.28204204,36.87140063,0,3,-35.09999847,0,-0.38307226,-2.9113493,9.53849983,0.03534947,-,13.72549057,0.01743379,-0.03123933,-0.29677361,0.87232411,14.11764717,14.11764717,-,-,66.19999695,56.36437988,14.64881134,-,664,-,-115.1574783,36.87139893,-76.28204346,3.92156863,0,0,-
Tue Nov 21 15:11:15 EST 2017,11:15.4,-76.282042,36.87140061,0,3,-35,0,-0.2681506,-2.9113493,9.57680702,0.02721268,-,13.72549057,0.0173213,-0.02733441,-0.29677361,0.87232411,14.11764717,14.11764717,-,-,66.19999695,56.36437988,14.64881134,-,664,-,-114.8293991,36.87139893,-76.28204346,3.92156863,0,0,-
Tue Nov 21 15:11:16 EST 2017,11:16.4,-76.28204199,36.87140059,0,3,-35,0,-0.38307226,-2.94965649,9.42357826,0.03456724,-,13.72549057,0.01892493,-0.03123933,-0.28896379,0.87622905,14.11764717,14.11764717,-,-,66.19999695,56.36437988,14.64881134,-,661,-,-114.8293991,36.87139893,-76.28204346,3.92156863,0,0,-
Tue Nov 21 15:11:17 EST 2017,11:17.4,-76.28204195,36.87140057,0,3,-35,0,-0.2681506,-2.9113493,9.53849983,0.03536548,-,13.72549057,0.0173213,-0.02733441,-0.29677361,0.87232411,14.11764717,14.11764717,-,-,66.19999695,56.36437988,14.64881134,-,661,-,-114.8293991,36.87139893,-76.28204346,3.92156863,0,0,-
Tue Nov 21 15:11:18 EST 2017,11:18.4,-76.28204195,36.87140053,0,3,-35,0,-0.30645782,-2.94965649,9.50019264,0.03350443,-,13.72549057,0.02046623,-0.04295408,-0.2928687,0.87622905,14.11764717,14.11764717,-,-,68,56.36437988,14.64881134,-,669,-,-114.8293991,36.87139893,-76.28204346,3.92156863,0,0,-
Tue Nov 21 15:11:19 EST 2017,11:19.4,-76.28204192,36.87140054,0,3,-35,0,-0.19153613,0.42137951,10.15141487,0.05487782,-,13.72549057,0.03623175,-0.01952458,0.04295408,0.93480271,14.11764717,25.88235283,-,-,68,56.36437988,14.64881134,-,826,-,-114.8293991,36.87139893,-76.28204346,3.92156863,0,0,-
Tue Nov 21 15:11:20 EST 2017,11:20.4,-76.28204192,36.87140054,0,4,-35,0,-0.07661445,0.07661445,10.80263805,0.1202417,-,39.2156868,0.10161791,-0.00780983,0.00780983,1.00118625,60,25.88235283,-,-,68,56.36437988,14.64881134,-,826,-,-114.8293991,36.87139893,-76.28204346,25.09803963,0,0,-
Tue Nov 21 15:11:21 EST 2017,11:21.4,-76.2820684,36.87140553,2.5,3,-35.59999847,286.7,0.07661445,0.72783732,10.57279491,0.13096955,-,39.2156868,0.08070485,0.00780983,0.0741934,0.97775686,60,61.56863022,-,-,68,56.29022598,14.64881134,-,3070,-,-116.7978973,36.87140656,-76.28206635,25.09803963,5.59234095,14.91290855,135.015564
Tue Nov 21 15:11:22 EST 2017,11:22.4,-76.2821125,36.8714102,4.25,3,-35.29999924,280.9,-0.03830723,-2.45166254,13.94383049,0.46219796,-,67.84313965,0.44369102,-0.00390492,-0.24991462,1.32138944,48.62745285,46.66666794,-,-,68,56.29022598,14.64881134,-,3185,-,-115.8136444,36.87141037,-76.28211212,70.19608307,9.50697899,14.91290855,135.015564
Tue Nov 21 15:11:23 EST 2017,11:23.4,-76.28215821,36.87141727,4.25,5,-35.20000076,280.9,-0.30645782,-1.45567465,9.69172859,0.01851356,-,37.25490189,0.0262515,-0.00390492,-0.11714748,0.91918308,48.62745285,46.66666794,-,-,68,56.23520279,14.64881134,-,3185,-,-115.4855652,36.871418,-76.2821579,32.94117737,9.50697899,25.47621918,156.0414276
Tue Nov 21 15:11:24 EST 2017,11:24.4,-76.28236744,36.87148453,13,3,-35.29999924,290.2,-0.76614451,-3.29442143,9.46188545,0.01748639,-,37.25490189,0.00546293,-0.04295408,-0.3397277,0.84498966,41.96078491,14.11764717,-,-,68,56.18812561,14.64881134,-,2257,-,-115.8136444,36.87148285,-76.28236389,32.94117737,29.08017159,29.82581711,107.5253983
Tue Nov 21 15:11:25 EST 2017,11:25.4,-76.2825131,36.87153419,13.25,3,-35.70000076,290.1,-0.30645782,-3.29442143,9.00219822,0.02447337,-,16.47058868,0.04007528,-0.07028849,-0.3397277,0.88013393,14.11764717,14.11764717,-,-,68,56.18812561,14.64881134,-,2257,-,-117.1259842,36.87153244,-76.28251648,7.05882359,29.6394043,29.82581711,107.5253983
Tue Nov 21 15:11:26 EST 2017,11:26.4,-76.28265351,36.87157542,13.25,4,-35.70000076,290.1,1.07260239,-3.60087943,11.18570995,0.2218408,-,16.47058868,0.20325182,0.10933765,-0.36706212,1.0402354,14.11764717,14.11764717,-,-,68,56.13790131,14.64881134,-,1615,-,-117.1259842,36.8715744,-76.28265381,7.05882359,29.6394043,27.96170425,107.5253983
Tue Nov 21 15:11:27 EST 2017,11:27.4,-76.28278468,36.87161125,12.75,4,-36.09999847,289.7,-0.03830723,-3.29442143,9.23204136,0.01821601,-,14.90196133,-0.00044266,-0.00390492,-0.33582276,0.84108472,14.11764717,14.11764717,-,-,68,56.13790131,14.64881134,-,1393,-,-118.4383164,36.87161255,-76.28278351,5.49019623,28.52093697,27.96170425,107.5253983
Tue Nov 21 15:11:28 EST 2017,11:28.4,-76.2829039,36.87164474,11.5,3,-36,290.2,-0.2681506,-3.02627087,9.6534214,0.05062228,-,14.90196133,0.00497718,-0.01171475,-0.35144243,0.84108472,14.11764717,14.11764717,-,-,66.19999695,56.08123398,14.64881134,-,1393,-,-118.1102371,36.87164307,-76.28290558,4.70588255,25.72476578,24.23347664,-
Tue Nov 21 15:11:29 EST 2017,11:29.4,-76.28301034,36.87168074,10.5,3,-36.90000153,291.9,-0.30645782,-1.9153614,9.84495735,0.02117195,-,14.90196133,0.00763837,0,-0.17572121,0.89184868,23.13725471,29.41176605,-,-,66.19999695,56.02256393,14.64881134,-,1318,-,-121.0629959,36.87168121,-76.28301239,4.70588255,23.48783112,22.9907341,-
Tue Nov 21 15:11:30 EST 2017,11:30.4,-76.28312088,36.87171647,10.5,6,-36.90000153,291.9,-0.80445176,-1.03429508,10.07480049,0.05464226,-,57.25490189,0.08273612,-0.05076391,-0.08590815,0.97775686,52.15686417,57.25490189,-,-,66.19999695,56.02256393,14.64881134,-,1318,-,-121.0629959,36.87171555,-76.2831192,49.80392075,23.48783112,22.9907341,-
Tue Nov 21 15:11:31 EST 2017,11:31.4,-76.28325498,36.87175,12,4,-36.40000153,288.5,-0.5363012,-1.83874691,9.69172859,0.02605206,-,57.25490189,0.07782774,-0.08590815,-0.18353106,0.95823228,52.15686417,57.25490189,-,-,66.19999695,55.97399521,14.64881134,-,2302,-,-119.4225769,36.87174988,-76.28325653,38.03921509,26.84323311,28.58307457,125.7115479
Tue Nov 21 15:11:32 EST 2017,11:32.4,-76.28340195,36.87181373,13.5,4,-38.20000076,290.1,-0.49799395,-1.49398184,8.84896946,0.02201816,-,31.37254906,-0.07069828,-0.00390492,-0.11714748,0.80203557,48.23529434,46.27450943,-,-,66.19999695,55.97399521,14.64881134,-,2380,-,-125.3280869,36.87181473,-76.28340149,38.03921509,30.19863892,28.58307457,125.7115479
Tue Nov 21 15:11:33 EST 2017,11:33.4,-76.28356929,36.87186788,15.25,3,-37.90000153,289.2,-1.03429508,-3.17949986,9.23204136,0.0229051,-,16.86274529,-0.0050712,-0.05857374,-0.30458343,0.84498966,48.23529434,46.27450943,-,-,66.19999695,55.93548203,14.64881134,-,2380,-,-124.3438339,36.87186813,-76.28356934,7.84313726,34.11327744,34.17541504,146.5177155
Tue Nov 21 15:11:34 EST 2017,11:34.4,-76.28373196,36.87191347,15.25,5,-37.70000076,289.2,-0.34476504,-2.45166254,9.53849983,0.03795555,-,16.86274529,0.03164203,-0.03514424,-0.24991462,0.87232411,38.82352829,40.7843132,-,-,66.19999695,55.90039062,14.64881134,-,1954,-,-123.6876679,36.87191391,-76.28372955,7.84313726,34.11327744,36.03952789,63.96247101
Tue Nov 21 15:11:35 EST 2017,11:35.4,-76.28390866,36.87194349,16.25,4,-37.5,290.4,-0.19153613,-2.87304211,9.30865574,0.01936105,-,16.07843208,-0.00640638,-0.01952458,-0.2928687,0.84889454,17.25490189,26.27450943,-,-,66.19999695,55.90039062,14.64881134,-,1954,-,-123.0314941,36.87194443,-76.28390503,11.76470566,36.35021591,36.03952789,63.96247101
Tue Nov 21 15:11:36 EST 2017,11:36.4,-76.2840807,36.87198347,16.5,4,-37.29999924,289.7,-0.5363012,-2.41335535,9.38527107,0.00833958,-,16.07843208,-0.01032238,-0.05466883,-0.24600971,0.85670447,17.25490189,26.27450943,-,-,66.19999695,55.86651993,14.64881134,-,1600,-,-122.3753281,36.87198257,-76.28408051,14.11764717,36.90944672,36.66090012,26.47063828
Tue Nov 21 15:11:37 EST 2017,11:37.4,-76.28425477,36.87203259,16.5,4,-37.20000076,289.6,-0.49799395,-2.71981311,9.46188545,0.03032193,-,17.64705849,0.00519743,-0.05076391,-0.27724904,0.86451429,27.45098114,39.2156868,-,-,66.19999695,55.86651993,14.64881134,-,1664,-,-122.0472488,36.87203217,-76.28425598,14.11764717,36.90944672,36.66090012,26.47063828
Tue Nov 21 15:11:38 EST 2017,11:38.4,-76.28443243,36.87208168,16.75,4,-37.40000153,289.8,0.5363012,-3.25611424,9.69172859,0.06264311,-,17.64705849,0.04399966,0.05466883,-0.33191785,0.88794374,27.45098114,39.2156868,-,-,66.19999695,55.8338623,14.64881134,-,1664,-,-122.7034149,36.87208176,-76.28443146,6.66666698,37.46868134,37.28227234,23.19761848
Tue Nov 21 15:11:39 EST 2017,11:39.4,-76.28461603,36.87213634,16.75,4,-37.59999847,289.9,-0.45968673,-2.64319873,9.15542698,-0.00847995,-,16.07843208,-0.02714773,-0.04685899,-0.26943922,0.8332749,26.27450943,32.15686417,-,-,66.19999695,55.80131531,14.64881134,-,1628,-,-123.3595734,36.87213516,-76.28461456,6.66666698,37.46868134,37.28227234,23.19761848
Tue Nov 21 15:11:40 EST 2017,11:40.4,-76.28480199,36.87219718,17,3,-37.59999847,290.2,-0.45968673,-2.98796368,9.27034855,0.05233577,-,16.07843208,0.00758542,-0.02733441,-0.28896379,0.86451429,35.68627548,32.15686417,-,-,66.19999695,55.80131531,14.64881134,-,1628,-,-123.3595734,36.8721962,-76.2848053,6.66666698,38.02791595,37.28227234,23.19761848
Tue Nov 21 15:11:41 EST 2017,11:41.4,-76.28497916,36.87225202,16.75,3,-37.40000153,290.5,-0.72783732,-2.68150592,9.61511421,0.06594952,-,16.07843208,0.06832188,-0.08200324,-0.23429495,0.93870759,35.68627548,29.80392265,-,-,66.19999695,55.76779556,14.64881134,-,1595,-,-122.7034149,36.87225342,-76.28498077,6.66666698,37.46868134,36.66090012,-
Tue Nov 21 15:11:42 EST 2017,11:42.4,-76.28515557,36.87230502,16.75,6,-37.40000153,290.5,-0.2681506,-3.17949986,9.84495735,0.03627232,-,19.6078434,-0.01496643,-0.07028849,-0.3397277,0.82156014,14.11764717,14.11764717,-,-,66.19999695,55.76779556,14.64881134,-,1615,-,-122.7034149,36.87230682,-76.28515625,16.86274529,37.46868134,36.66090012,-
Tue Nov 21 15:11:43 EST 2017,11:43.4,-76.28534223,36.87236163,16.75,4,-37.59999847,289.7,-0.45968673,-3.40934324,9.23204136,0.0319358,-,15.29411793,0.00961256,-0.01171475,-0.34363261,0.84889454,14.11764717,14.11764717,-,-,66.19999695,55.73438644,14.64881134,-,1615,-,-123.3595734,36.87236023,-76.28533936,5.49019623,37.46868134,36.66090012,-
Tue Nov 21 15:11:44 EST 2017,11:44.4,-76.28551346,36.87241228,16.5,4,-37.59999847,289.9,-0.72783732,-3.25611424,9.04050541,0.00131726,-,15.29411793,0.01326342,-0.08200324,-0.35534734,0.84498966,14.11764717,14.11764717,-,-,66.19999695,55.69784927,14.64881134,-,1533,-,-123.3595734,36.87241364,-76.28551483,5.49019623,36.90944672,34.79678726,-
Tue Nov 21 15:11:45 EST 2017,11:45.4,-76.28567861,36.87244738,16,4,-37.5,289.5,-1.03429508,-3.10288548,10.26633644,0.11734396,-,14.90196133,0.05759149,-0.08981306,-0.32020313,0.90356338,14.11764717,14.11764717,-,-,66.19999695,55.69784927,14.64881134,-,1533,-,-123.0314941,36.87244797,-76.28567505,5.49019623,35.79098129,34.79678726,-
Tue Nov 21 15:11:46 EST 2017,11:46.4,-76.2858449,36.8724858,15.5,5,-37.20000076,288.4,0.15322891,-3.29442143,9.69172859,0.01318596,-,14.90196133,0.04393389,0.01561966,-0.33582276,0.88794374,14.11764717,14.11764717,-,-,66.19999695,55.65927124,14.64881134,-,1467,-,-122.0472488,36.87248611,-76.2858429,5.49019623,34.67251205,33.55404282,-
Tue Nov 21 15:11:47 EST 2017,11:47.4,-76.28603965,36.87254573,16,5,-37.09999847,288.6,0.11492168,-4.48194551,8.6957407,0.01629901,-,14.90196133,-0.00236027,0.01171475,-0.45687518,0.78641593,14.11764717,14.11764717,-,-,66.19999695,55.61758423,14.64881134,-,1397,-,-121.7191544,36.87254715,-76.28604126,5.49019623,35.79098129,31.68992996,-
Tue Nov 21 15:11:48 EST 2017,11:48.4,-76.28617527,36.87257575,14.25,3,-37.09999847,287,0.22984336,-4.97993946,8.54251194,0.05838588,-,14.50980377,0.00857681,0.0234295,-0.50763905,0.7707963,14.11764717,14.11764717,-,-,64.40000153,55.61758423,14.64881134,-,1397,-,-121.7191544,36.87257385,-76.28617859,4.70588255,31.87634087,31.68992996,-
Tue Nov 21 15:11:49 EST 2017,11:49.4,-76.28632078,36.87259785,13.25,3,-37.5,286.7,0.5363012,-5.47793341,9.15542698,0.10794657,-,14.50980377,0.03324563,0.03904916,-0.56621277,0.76298648,14.11764717,14.11764717,-,-,64.40000153,55.56309509,14.64881134,-,1105,-,-123.0314941,36.87259674,-76.28632355,4.70588255,29.6394043,24.23347664,-
Tue Nov 21 15:11:50 EST 2017,11:50.4,-76.28642352,36.87263014,9.75,3,-37.29999924,289,0.5363012,-5.5162406,8.73404789,0.073443,-,14.11764717,0.0334154,0.02733441,-0.52325869,0.79032087,14.11764717,14.11764717,-,-,64.40000153,55.56309509,14.64881134,-,1105,-,-122.3753281,36.87263107,-76.28642273,4.31372547,21.81012726,24.23347664,-
Tue Nov 21 15:11:51 EST 2017,11:51.4,-76.28650576,36.87265753,7.5,3,-36.29999924,293,0.5363012,-4.63517427,9.0788126,0.10615057,-,14.11764717,0.06158763,0.07809832,-0.4842096,0.84108472,14.11764717,14.11764717,-,-,64.40000153,55.49264908,14.64881134,-,871,-,-119.0944824,36.87265778,-76.28650665,3.52941179,16.77702141,14.91290855,-
Tue Nov 21 15:11:52 EST 2017,11:52.4,-76.28656461,36.87268093,5.25,3,-37,290.3,0.38307226,-4.48194551,9.30865574,0.07287878,-,13.72549057,0.05423886,0.03904916,-0.45687518,0.84889454,14.11764717,14.11764717,-,-,64.40000153,55.41061783,14.64881134,-,780,-,-121.3910751,36.87268066,-76.28656769,3.52941179,11.74391556,8.07782555,-
Tue Nov 21 15:11:53 EST 2017,11:53.4,-76.28659881,36.87269029,3.75,3,-36.29999924,292.5,0.34476504,-5.13316822,8.77235508,0.06423888,-,13.72549057,0.03701926,0.03514424,-0.52325869,0.79422575,14.11764717,14.11764717,-,-,64.40000153,55.41061783,14.64881134,-,780,-,-119.0944824,36.87269211,-76.28659821,3.52941179,8.3885107,8.07782555,-
Tue Nov 21 15:11:54 EST 2017,11:54.4,-76.28661332,36.87268769,1.75,3,-36.29999924,288.9,0.34476504,-2.45166254,9.38527107,0.00843209,-,13.72549057,-0.01022988,0.03514424,-0.24991462,0.85670447,14.11764717,14.11764717,-,-,64.40000153,55.31705856,14.64881134,-,627,-,-119.0944824,36.87268829,-76.28661346,3.52941179,3.91463828,1.24274242,-
Tue Nov 21 15:11:55 EST 2017,11:55.4,-76.28661453,36.87269082,0,3,-36.29999924,0,0.30645782,-2.94965649,9.38527107,0.03122368,-,14.11764717,0.01661616,0.04685899,-0.30458343,0.86841917,14.11764717,14.11764717,-,-,64.40000153,55.31705856,14.64881134,-,627,-,-119.0944824,36.87269211,-76.28661346,3.92156863,0,1.24274242,-
Tue Nov 21 15:11:56 EST 2017,11:56.4,-76.28661533,36.87269203,0,3,-37,0,0.34476504,-2.94965649,9.50019264,0.0336321,-,14.11764717,0.02646707,0.04295408,-0.30067852,0.88013393,14.11764717,14.11764717,-,-,64.40000153,55.31705856,14.64881134,-,633,-,-121.3910751,36.87269211,-76.28661346,4.31372547,0,0,-
Tue Nov 21 15:11:57 EST 2017,11:57.4,-76.2866138,36.87269399,0,3,-37,0,0.45968673,-2.94965649,9.53849983,0.0329034,-,14.11764717,0.01917948,0.04685899,-0.30067852,0.87232411,14.11764717,14.11764717,-,-,64.40000153,55.31705856,14.64881134,-,682,-,-121.3910751,36.87269211,-76.28661346,4.31372547,0,0,-
Tue Nov 21 15:11:58 EST 2017,11:58.4,-76.2866098,36.87269452,0,3,-36.59999847,0,0.45968673,-2.98796368,9.50019264,0.03526896,-,14.11764717,0.01661616,0.04685899,-0.30458343,0.86841917,14.11764717,14.11764717,-,-,64.40000153,55.31705856,14.64881134,-,682,-,-120.0787354,36.87269592,-76.28661346,4.31372547,0,0,-
Tue Nov 21 15:11:59 EST 2017,11:59.4,-76.28660771,36.87269649,0,3,-36.59999847,0,0.42137951,-2.9113493,9.38527107,0.02971549,-,14.11764717,0.00427862,0.04685899,-0.30067852,0.85670447,14.11764717,14.11764717,-,-,64.40000153,55.31705856,14.64881134,-,656,-,-120.0787354,36.87269592,-76.28660583,4.31372547,0,0,-
Tue Nov 21 15:12:00 EST 2017,12:00.4,-76.28660603,36.87270004,0,3,-37.20000076,0,0.42137951,-2.94965649,9.46188545,0.03020746,-,14.11764717,0.01412906,0.04295408,-0.29677361,0.86841917,14.11764717,14.11764717,-,-,64.40000153,55.31705856,14.64881134,-,666,-,-122.0472488,36.87269974,-76.28660583,4.31372547,0,0,-
Tue Nov 21 15:12:01 EST 2017,12:01.4,-76.28660516,36.87270145,0,3,-37.40000153,0,0.38307226,-2.94965649,9.46188545,0.03119992,-,13.72549057,0.00250699,0.03123933,-0.29677361,0.85670447,14.11764717,14.11764717,-,-,64.40000153,55.31705856,14.64881134,-,666,-,-122.7034149,36.87269974,-76.28660583,3.92156863,0,0,-
Tue Nov 21 15:12:02 EST 2017,12:02.4,-76.28660516,36.87270145,0,4,-37.40000153,0,0.45968673,-2.9113493,9.50019264,0.03295571,-,13.72549057,0.0180335,0.04685899,-0.29677361,0.87232411,14.11764717,14.11764717,-,-,64.40000153,55.31705856,14.64881134,-,660,-,-122.7034149,36.87269974,-76.28660583,3.92156863,0,0,-
Tue Nov 21 15:12:03 EST 2017,12:03.4,-76.28660734,36.87270297,0,3,-37.59999847,0,0.34476504,-2.98796368,9.38527107,0.03373889,-,14.11764717,0.00497729,0.03514424,-0.30458343,0.85670447,14.11764717,14.11764717,-,-,64.40000153,55.31705856,14.64881134,-,660,-,-123.3595734,36.87270355,-76.28660583,3.92156863,0,0,-
Tue Nov 21 15:12:04 EST 2017,12:04.4,-76.28660805,36.87270374,0,3,-37.70000076,0,0.38307226,-2.94965649,9.46188545,0.03004903,-,14.11764717,0.01139449,0.03904916,-0.30067852,0.86451429,14.11764717,14.11764717,-,-,64.40000153,55.31705856,14.64881134,-,666,-,-123.6876679,36.87270355,-76.28660583,3.92156863,0,0,-
Tue Nov 21 15:12:05 EST 2017,12:05.4,-76.28660829,36.87270396,0,3,-37.70000076,0,0.42137951,-2.98796368,9.46188545,0.03236052,-,14.11764717,0.01527944,0.04295408,-0.30067852,0.86841917,14.11764717,14.11764717,-,-,64.40000153,55.31705856,14.64881134,-,666,-,-123.6876679,36.87270355,-76.28660583,3.92156863,0,0,-
Tue Nov 21 15:12:06 EST 2017,12:06.4,-76.28660838,36.87270365,0,3,-37.79999924,0,0.34476504,-2.83473492,9.61511421,0.04144686,-,14.11764717,0.01241988,0.03514424,-0.28896379,0.88013393,14.11764717,14.11764717,-,-,64.40000153,55.31705856,14.64881134,-,679,-,-124.0157471,36.87270355,-76.28660583,3.92156863,0,0,-
Tue Nov 21 15:12:07 EST 2017,12:07.4,-76.28660858,36.87270387,0,3,-37.70000076,0,0.45968673,-2.94965649,9.50019264,0.03482878,-,14.11764717,0.01545227,0.04685899,-0.30067852,0.86841917,14.11764717,14.11764717,-,-,64.40000153,55.31705856,14.64881134,-,679,-,-123.6876679,36.87270355,-76.28660583,3.92156863,0,0,-
Tue Nov 21 15:12:08 EST 2017,12:08.4,-76.28660863,36.87270385,0,3,-37.70000076,0,0.38307226,-2.9113493,9.57680702,0.03435126,-,14.11764717,0.00917428,0.04685899,-0.30458343,0.86060935,14.11764717,14.11764717,-,-,64.40000153,55.31705856,14.64881134,-,668,-,-123.6876679,36.87270355,-76.28660583,3.92156863,0,0,-
Tue Nov 21 15:12:09 EST 2017,12:09.4,-76.28660853,36.87270365,0,3,-37.70000076,0,0.45968673,-2.98796368,9.38527107,0.02411205,-,14.11764717,0.022356,0.05076391,-0.28505886,0.88013393,14.11764717,14.11764717,-,-,64.40000153,55.31705856,14.64881134,-,668,-,-123.6876679,36.87270355,-76.28660583,3.92156863,0,0,-
Tue Nov 21 15:12:10 EST 2017,12:10.4,-76.2866085,36.87270363,0,3,-37.79999924,0,0.30645782,-2.94965649,9.53849983,0.03540671,-,14.11764717,0.0177037,0.03904916,-0.29677361,0.87232411,14.11764717,14.11764717,-,-,64.40000153,55.31705856,14.64881134,-,664,-,-124.0157471,36.87270355,-76.28660583,3.92156863,0,0,-
Tue Nov 21 15:12:11 EST 2017,12:11.4,-76.28660848,36.87270369,0,3,-37.79999924,0,0.30645782,-2.94965649,9.50019264,0.03350443,-,14.11764717,0.01485102,0.03123933,-0.30067852,0.86841917,14.11764717,14.11764717,-,-,64.40000153,55.31705856,14.64881134,-,665,-,-124.0157471,36.87270355,-76.28660583,3.92156863,0,0,-
Tue Nov 21 15:12:12 EST 2017,12:12.4,-76.28660855,36.8727038,0,3,-37.79999924,0,0.38307226,-2.94965649,9.46188545,0.03004903,-,13.72549057,0.01139449,0.03904916,-0.30067852,0.86451429,14.11764717,14.11764717,-,-,64.40000153,55.31705856,14.64881134,-,665,-,-124.0157471,36.87270355,-76.28660583,3.92156863,0,0,-
Tue Nov 21 15:12:13 EST 2017,12:13.4,-76.28660858,36.87270394,0,3,-37.70000076,0,0.42137951,-2.94965649,9.50019264,0.03451279,-,13.72549057,0.01527944,0.04295408,-0.30067852,0.86841917,14.11764717,14.11764717,-,-,64.40000153,55.31705856,14.64881134,-,676,-,-123.6876679,36.87270355,-76.28660583,3.92156863,0,0,-
Tue Nov 21 15:12:14 EST 2017,12:14.4,-76.2866086,36.87270407,0,3,-37.70000076,0,0.45968673,-3.02627087,9.46188545,0.03273004,-,14.11764717,0.00683552,0.05076391,-0.30848834,0.85670447,14.11764717,14.11764717,-,-,64.40000153,55.31705856,14.64881134,-,661,-,-123.6876679,36.87270355,-76.28660583,4.31372547,0,0,-
Tue Nov 21 15:12:15 EST 2017,12:15.4,-76.2866086,36.87270419,0,3,-37.70000076,0,0.34476504,-2.94965649,9.46188545,0.03226489,-,14.11764717,0.01125116,0.03514424,-0.30067852,0.86451429,14.11764717,14.11764717,-,-,64.40000153,55.31705856,14.64881134,-,661,-,-123.6876679,36.87270355,-76.28660583,3.92156863,0,0,-
Tue Nov 21 15:12:16 EST 2017,12:16.4,-76.28660859,36.87270429,0,3,-37.70000076,0,0.45968673,-2.98796368,9.42357826,0.02782959,-,14.11764717,0.0177037,0.03904916,-0.29677361,0.87232411,14.11764717,14.11764717,-,-,64.40000153,55.31705856,14.64881134,-,661,-,-123.6876679,36.87270355,-76.28660583,3.92156863,0,0,-
Tue Nov 21 15:12:17 EST 2017,12:17.4,-76.28660857,36.87270435,0,3,-37.70000076,0,0.34476504,-2.94965649,9.57680702,0.03850707,-,13.72549057,0.02778923,0.03904916,-0.2928687,0.88403887,14.11764717,14.11764717,-,-,64.40000153,55.31705856,14.64881134,-,661,-,-123.6876679,36.87270355,-76.28660583,3.92156863,0,0,-
Tue Nov 21 15:12:18 EST 2017,12:18.4,-76.28660855,36.87270438,0,3,-37.70000076,0,0.38307226,-2.94965649,9.50019264,0.03377491,-,13.72549057,0.01545227,0.04685899,-0.30067852,0.86841917,14.11764717,14.11764717,-,-,66.19999695,55.31705856,14.64881134,-,663,-,-123.6876679,36.87270355,-76.28660583,3.92156863,0,0,-
Tue Nov 21 15:12:19 EST 2017,12:19.4,-76.28660854,36.8727044,0,3,-37.70000076,0,0.45968673,-2.98796368,9.50019264,0.03526896,-,14.11764717,0.01661616,0.04685899,-0.30458343,0.86841917,14.11764717,14.11764717,-,-,66.19999695,55.31705856,14.64881134,-,664,-,-123.6876679,36.87270355,-76.28660583,3.92156863,0,0,-
Tue Nov 21 15:12:20 EST 2017,12:20.4,-76.28660852,36.87270441,0,3,-37.70000076,0,0.38307226,-2.94965649,9.46188545,0.03556548,-,14.11764717,0.01139449,0.03904916,-0.30067852,0.86451429,14.11764717,14.11764717,-,-,66.19999695,55.31705856,14.64881134,-,664,-,-123.6876679,36.87270355,-76.28660583,3.92156863,0,0,-
Tue Nov 21 15:12:21 EST 2017,12:21.4,-76.2866085,36.87270442,0,3,-37.70000076,0,0.42137951,-2.94965649,9.50019264,0.03393263,-,14.11764717,0.01527944,0.04295408,-0.30067852,0.86841917,14.11764717,14.11764717,-,-,66.19999695,55.31705856,14.64881134,-,664,-,-123.6876679,36.87270355,-76.28660583,3.92156863,0,0,-
Tue Nov 21 15:12:22 EST 2017,12:22.4,-76.28660849,36.87270443,0,3,-37.70000076,0,0.38307226,1.26413846,10.41956615,0.08058578,-,15.68627453,0.07799762,0.04295408,0.1210524,0.96994704,47.05882263,14.11764717,-,-,66.19999695,55.31705856,14.64881134,-,664,-,-123.6876679,36.87270355,-76.28660583,3.92156863,0,0,-
Tue Nov 21 15:12:23 EST 2017,12:23.4,-76.28661026,36.8727047,0.25,4,-37.79999924,288.9,0.45968673,0.22984336,10.57279491,0.09802943,-,15.68627453,0.04138749,0.05466883,0.04295408,0.93870759,47.05882263,43.13725662,-,-,66.19999695,55.23025894,14.64881134,-,1846,-,-124.0157471,36.87270355,-76.28661346,3.92156863,0.55923408,4.97096968,24.69087791
Tue Nov 21 15:12:24 EST 2017,12:24.4,-76.2866554,36.87272164,3.25,4,-36.29999924,283.9,1.11090958,1.99197578,11.45386124,0.08408958,-,75.6862793,-0.07728951,-0.00390492,0.03904916,0.82156014,64.70588684,63.92156982,-,-,66.19999695,55.23025894,14.64881134,-,2751,-,-119.0944824,36.87272263,-76.28665161,67.84313965,7.2700429,4.97096968,24.69087791
Tue Nov 21 15:12:25 EST 2017,12:25.4,-76.28670257,36.87272562,4,4,-36.40000153,278.4,-0.15322891,-1.37906015,11.49216843,0.19898266,-,62.74509811,0.16494042,0.0741934,-0.1210524,1.05585515,64.70588684,63.92156982,-,-,66.19999695,55.16835022,14.64881134,-,2751,-,-119.4225769,36.87272644,-76.28670502,59.60784531,8.94774532,19.26250648,184.5811005
Tue Nov 21 15:12:26 EST 2017,12:26.4,-76.2867908,36.8727515,6.5,4,-35.90000153,286.1,0.61291564,-0.5363012,10.07480049,0.08479109,-,62.74509811,0.03069499,0.06247865,-0.05466883,0.92699289,60,58.4313736,-,-,66.19999695,55.12373734,14.64881134,-,2617,-,-117.7821579,36.87275314,-76.28678894,59.60784531,14.54008579,29.20444679,203.7784424
Tue Nov 21 15:12:27 EST 2017,12:27.4,-76.28696834,36.87281658,13,3,-35,290.2,0.11492168,-1.60890353,9.73003578,0.02438504,-,55.68627548,0.00572853,0.01171475,-0.16400647,0.89184868,44.70588303,43.92156982,-,-,66.19999695,55.12373734,14.64881134,-,2617,-,-114.8293991,36.87281799,-76.28697205,54.90196228,29.08017159,29.20444679,203.7784424
Tue Nov 21 15:12:28 EST 2017,12:28.4,-76.28713966,36.87286773,15,3,-33.40000153,290.3,-0.19153613,-2.52827692,10.18972206,0.09777308,-,55.68627548,0.07074723,-0.01952458,-0.25772443,0.93870759,44.70588303,43.92156982,-,-,66.19999695,55.09100342,14.64881134,-,2717,-,-109.5800552,36.87286758,-76.28713989,54.90196228,33.55404282,36.03952789,166.0209045
Tue Nov 21 15:12:29 EST 2017,12:29.4,-76.28731192,36.87291426,16.25,3,-35.29999924,290,-0.15322891,-2.98796368,9.04050541,-0.01028472,-,27.05882454,-0.02895308,-0.01561966,-0.30458343,0.82156014,14.11764717,14.11764717,-,-,66.19999695,55.09100342,14.64881134,-,1858,-,-115.8136444,36.87291336,-76.28731537,22.74509811,36.35021591,36.03952789,166.0209045
Tue Nov 21 15:12:30 EST 2017,12:30.4,-76.2874928,36.87296921,17,4,-35.20000076,289.9,0.19153613,-3.17949986,9.57680702,0.01184585,-,16.07843208,0.04382426,0.00390492,-0.32410803,0.89184868,14.11764717,14.11764717,-,-,66.19999695,55.06050873,14.64881134,-,1858,-,-115.4855652,36.87297058,-76.28749084,6.27450991,38.02791595,37.28227234,45.52589035
Tue Nov 21 15:12:31 EST 2017,12:31.4,-76.28767099,36.87301816,16.75,4,-34.59999847,289.8,0.42137951,-2.48996973,9.00219822,-0.02792048,-,16.07843208,0.08306725,0.0234295,-0.30458343,0.93870759,21.17647171,29.41176605,-,-,66.19999695,55.02905655,14.64881134,-,1605,-,-113.5170593,36.87301636,-76.28767395,6.27450991,37.46868134,36.66090012,45.52589035
Tue Nov 21 15:12:32 EST 2017,12:32.4,-76.28785021,36.87307334,16.5,4,-34.09999847,289.7,0.61291564,-2.87304211,10.41956615,0.03375484,-,21.17647171,-0.00288814,-0.01952458,-0.30458343,0.84889454,30.19607925,30.58823586,-,-,66.19999695,55.02905655,14.64881134,-,1605,-,-111.8766327,36.87307358,-76.28784943,13.72549057,36.90944672,36.66090012,45.52589035
Tue Nov 21 15:12:33 EST 2017,12:33.4,-76.2880288,36.8731265,16.75,4,-34.59999847,290.2,0.03830723,-3.10288548,10.38125896,0.12349778,-,21.17647171,0.10487506,0.00390492,-0.31629819,0.95823228,30.19607925,30.58823586,-,-,66.19999695,54.99877548,14.64881134,-,1632,-,-113.5170593,36.87312698,-76.28803253,13.72549057,37.46868134,37.28227234,19.43644333
Tue Nov 21 15:12:34 EST 2017,12:34.4,-76.28820456,36.87316927,16.75,3,-34.70000076,290.1,0.34476504,-2.79642749,9.73003578,0.02224717,-,21.96078491,0.03295019,0.03514424,-0.28505886,0.89184868,34.90196228,34.90196228,-,-,66.19999695,54.99877548,14.64881134,-,1632,-,-113.8451462,36.87316895,-76.28820801,12.54901981,37.46868134,37.28227234,19.43644333
Tue Nov 21 15:12:35 EST 2017,12:35.4,-76.28838302,36.87322145,16.75,4,-34.79999924,290.1,0.2681506,-2.98796368,9.0788126,0.01779374,-,21.96078491,-0.03990446,0.01952458,-0.31629819,0.80594051,34.90196228,34.90196228,-,-,66.19999695,54.96965408,14.64881134,-,1658,-,-114.1732254,36.87322235,-76.28838348,11.76470566,37.46868134,37.90364456,29.38107681
Tue Nov 21 15:12:36 EST 2017,12:36.4,-76.28856518,36.87327394,17.25,4,-34.70000076,289.9,0.45968673,-3.06457806,9.80665016,0.04723755,-,16.07843208,0.02522512,0.07028849,-0.32801294,0.86841917,26.27450943,29.01960754,-,-,66.19999695,54.96965408,14.64881134,-,1661,-,-113.8451462,36.87327576,-76.28856659,11.76470566,38.58715057,37.90364456,29.38107681
Tue Nov 21 15:12:37 EST 2017,12:37.4,-76.28874706,36.87332373,17,3,-34.29999924,289.6,0.2681506,-3.21780705,9.19373417,0.01230037,-,21.56862831,-0.07103495,0.00780983,-0.28896379,0.78251106,26.27450943,29.01960754,-,-,66.19999695,54.94062424,14.64881134,-,1661,-,-112.5328064,36.87332535,-76.28874969,12.94117641,38.02791595,37.90364456,29.38107681
Tue Nov 21 15:12:38 EST 2017,12:38.4,-76.28893067,36.87337773,17.25,3,-33.70000076,289.7,-0.22984336,-2.68150592,8.88727665,0.03484012,-,21.56862831,0.00062536,0.05076391,-0.31239328,0.84889454,30.98039246,21.56862831,-,-,64.40000153,54.9117012,14.64881134,-,1665,-,-110.5643082,36.87337875,-76.2889328,12.94117641,38.58715057,37.90364456,-
Tue Nov 21 15:12:39 EST 2017,12:39.4,-76.28911147,36.87342837,17,4,-34.90000153,289.4,0.2681506,-3.21780705,10.18972206,0.05714126,-,16.47058868,-0.03502974,0,-0.28505886,0.82156014,23.92156982,28.62745094,-,-,64.40000153,54.9117012,14.64881134,-,1665,-,-114.5013199,36.87342834,-76.28910828,7.05882359,38.02791595,37.90364456,-
Tue Nov 21 15:12:40 EST 2017,12:40.4,-76.28929514,36.87348456,17,3,-34.29999924,290.7,0.19153613,-3.17949986,10.30464458,0.0514038,-,16.47058868,-0.00659068,-0.00390492,-0.2928687,0.84889454,23.92156982,28.62745094,-,-,64.40000153,54.88182068,14.64881134,-,1651,-,-112.5328064,36.87348557,-76.28929138,6.66666698,38.02791595,37.28227234,-
Tue Nov 21 15:12:41 EST 2017,12:41.4,-76.28947009,36.87353397,16.75,3,-34.59999847,289.9,-0.15322891,-3.79241538,8.42759037,-0.03881407,-,16.86274529,0.04909542,0.01952458,-0.38268176,0.87622905,14.11764717,14.11764717,-,-,64.40000153,54.85098648,14.64881134,-,1604,-,-113.5170593,36.87353516,-76.28946686,6.66666698,37.46868134,36.66090012,-
Tue Nov 21 15:12:42 EST 2017,12:42.4,-76.2896469,36.87358597,16.75,3,-34.90000153,289.7,0.76614451,-2.41335535,8.35097599,0.03568766,-,18.03921509,-0.083362,0.0976229,-0.22648512,0.78251106,34.50980377,14.11764717,-,-,64.40000153,54.85098648,14.64881134,-,1604,-,-114.5013199,36.87358475,-76.28964996,6.66666698,37.46868134,36.66090012,-
Tue Nov 21 15:12:43 EST 2017,12:43.4,-76.28981515,36.87363501,16.25,3,-35,290,-0.30645782,-2.14520478,8.46589756,-0.01211649,-,18.03921509,0.01689379,-0.0234295,-0.32020313,0.86451429,34.50980377,33.33333206,-,-,64.40000153,54.82026291,14.64881134,-,1682,-,-114.8293991,36.87363434,-76.28981781,6.66666698,36.35021591,36.66090012,-
Tue Nov 21 15:12:44 EST 2017,12:44.4,-76.28999212,36.87368233,16.25,3,-34.5,290.1,0.9576807,-2.26012635,9.57680702,0.02678615,-,24.70588303,0.0081304,0.0976229,-0.23039004,0.87622905,41.96078491,42.35294342,-,-,64.40000153,54.82026291,14.64881134,-,1682,-,-113.1889801,36.87368393,-76.28999329,14.50980377,36.35021591,36.66090012,-
Tue Nov 21 15:12:45 EST 2017,12:45.4,-76.2901682,36.87373162,16.75,3,-35.29999924,290.2,0.5363012,-1.9153614,9.11711979,0.06576353,-,24.70588303,-0.0484452,0.05466883,-0.1952458,0.82936996,41.96078491,42.35294342,-,-,64.40000153,54.79278183,14.64881134,-,1732,-,-115.8136444,36.87373352,-76.29016876,19.2156868,37.46868134,38.52501297,76.90176392
Tue Nov 21 15:12:46 EST 2017,12:46.4,-76.29035322,36.87379131,17.5,3,-34.90000153,291.8,-0.65122288,-2.94965649,9.69172859,0.05381745,-,27.45098114,0.07155209,-0.03514424,-0.3397277,0.91527814,37.64706039,32.15686417,-,-,64.40000153,54.7685318,14.64881134,-,1758,-,-114.5013199,36.87379074,-76.29035187,19.2156868,39.14638519,40.38912582,78.70877838
Tue Nov 21 15:12:47 EST 2017,12:47.4,-76.29053766,36.87385138,18,4,-34.70000076,292.2,-0.45968673,-2.68150592,9.53849983,0.00591874,-,18.4313736,-0.03348139,-0.06247865,-0.2421048,0.8332749,31.76470566,32.15686417,-,-,64.40000153,54.7685318,14.64881134,-,1758,-,-113.8451462,36.87385178,-76.29053497,8.23529434,40.26485062,40.38912582,78.70877838
Tue Nov 21 15:12:48 EST 2017,12:48.4,-76.29072265,36.87390787,17.75,4,-34.79999924,291.7,-0.30645782,-3.10288548,9.92157173,0.06869906,-,18.4313736,0.03517099,-0.06638357,-0.30067852,0.88794374,31.76470566,34.50980377,-,-,64.40000153,54.74436951,14.64881134,-,1773,-,-114.1732254,36.873909,-76.29072571,8.23529434,39.705616,40.38912582,78.70877838
Tue Nov 21 15:12:49 EST 2017,12:49.4,-76.29091095,36.87396251,18,4,-34.90000153,291.2,-0.07661445,-3.25611424,9.19373417,0.01325166,-,19.6078434,-0.00521691,-0.02733441,-0.32020313,0.84108472,30.19607925,31.37254906,-,-,64.40000153,54.74436951,14.64881134,-,1740,-,-114.5013199,36.8739624,-76.29090881,7.84313726,40.26485062,40.38912582,78.70877838
Tue Nov 21 15:12:50 EST 2017,12:50.4,-76.29110006,36.87402055,18,4,-35.20000076,290.4,-0.11492168,-3.33272886,8.92558384,0.07990497,-,15.68627453,0.06707139,-0.02733441,-0.30067852,0.92308795,30.19607925,31.37254906,-,-,64.40000153,54.72028351,14.64881134,-,1740,-,-115.4855652,36.87401962,-76.29109955,6.27450991,40.26485062,40.38912582,-
Tue Nov 21 15:12:51 EST 2017,12:51.4,-76.29128847,36.87407626,17.75,4,-34.90000153,290.1,-0.03830723,-3.21780705,8.88727665,-0.01749808,-,15.68627453,-0.03616893,-0.00390492,-0.32801294,0.80594051,14.11764717,14.11764717,-,-,64.40000153,54.6931572,14.64881134,-,1686,-,-114.5013199,36.87407684,-76.29129028,6.27450991,39.705616,38.52501297,-
Tue Nov 21 15:12:52 EST 2017,12:52.4,-76.29146997,36.87412916,17.5,4,-35.40000153,289.7,0.07661445,-3.25611424,8.61912632,0.0290581,-,15.68627453,-0.06043522,0.00780983,-0.33191785,0.77860612,14.11764717,14.11764717,-,-,64.40000153,54.6931572,14.64881134,-,1686,-,-116.1417389,36.87413025,-76.29147339,5.88235283,39.14638519,38.52501297,-
Tue Nov 21 15:12:53 EST 2017,12:53.4,-76.29165097,36.87418097,17.25,4,-35.5,289.8,0.19153613,-3.17949986,9.69172859,0.05893272,-,15.68627453,-0.04448462,-0.05076391,-0.33191785,0.79422575,14.11764717,14.11764717,-,-,64.40000153,54.66403961,14.64881134,-,1616,-,-116.4698181,36.87417984,-76.29164886,5.88235283,38.58715057,37.28227234,-
Tue Nov 21 15:12:54 EST 2017,12:54.4,-76.29182417,36.8742382,16.75,4,-35.40000153,290.4,-0.15322891,-2.60489154,9.88326454,0.06099075,-,20,-0.00003815,-0.02733441,-0.23039004,0.87232411,35.29411697,35.68627548,-,-,64.40000153,54.66403961,14.64881134,-,1708,-,-116.1417389,36.87423706,-76.29182434,6.66666698,37.46868134,37.28227234,-
Tue Nov 21 15:12:55 EST 2017,12:55.4,-76.29199316,36.87428204,16.5,4,-35.59999847,289.9,-0.11492168,-2.48996973,9.84495735,0.04171348,-,25.09803963,0.06405705,-0.03514424,-0.28896379,0.92308795,35.29411697,35.68627548,-,-,64.40000153,54.63502121,14.64881134,-,1708,-,-116.7978973,36.87428284,-76.29199219,18.03921509,36.90944672,37.28227234,-
Tue Nov 21 15:12:56 EST 2017,12:56.4,-76.29217239,36.87433382,16.75,5,-35.40000153,289.9,0.03830723,-1.99197578,9.46188545,0.04033524,-,25.09803963,0.01445245,-0.04685899,-0.16400647,0.8996585,33.33333206,38.03921509,-,-,64.40000153,54.60920715,14.64881134,-,1776,-,-116.1417389,36.87433243,-76.29217529,18.03921509,37.46868134,39.14638519,76.34597015
Tue Nov 21 15:12:57 EST 2017,12:57.4,-76.29236284,36.87439055,17.5,4,-35.5,289.6,0.11492168,-3.67749381,9.61511421,0.06844205,-,22.74509811,0.06859323,-0.01171475,-0.38658667,0.89575356,14.11764717,14.11764717,-,-,64.40000153,54.60920715,14.64881134,-,1776,-,-116.4698181,36.87438965,-76.29236603,20.7843132,39.14638519,39.14638519,76.34597015
Tue Nov 21 15:12:58 EST 2017,12:58.4,-76.29256044,36.87445676,18,4,-35.29999924,289.9,0.15322891,-3.10288548,10.38125896,0.06440344,-,22.74509811,0.10497864,0.01561966,-0.31629819,0.95823228,14.11764717,14.11764717,-,-,64.40000153,54.5855484,14.64881134,-,1752,-,-115.8136444,36.87445831,-76.29255676,12.15686321,40.26485062,40.38912582,52.39843369
Tue Nov 21 15:12:59 EST 2017,12:59.4,-76.29274629,36.87451757,18,4,-35.40000153,290.1,-0.11492168,-3.14119267,8.92558384,-0.01638299,-,21.56862831,-0.03505346,-0.01171475,-0.32020313,0.80984545,14.11764717,14.11764717,-,-,64.40000153,54.5855484,14.64881134,-,1741,-,-116.1417389,36.87451935,-76.2927475,12.15686321,40.26485062,40.38912582,52.39843369
Tue Nov 21 15:13:00 EST 2017,13:00.4,-76.29293886,36.87457019,18,4,-35.29999924,289.7,-0.11492168,-3.60087943,9.53849983,-0.00099931,-,15.29411793,0.03972312,-0.01171475,-0.36706212,0.87232411,14.11764717,14.11764717,-,-,64.40000153,54.56093597,14.64881134,-,1741,-,-115.8136444,36.87456894,-76.29293823,5.88235283,40.26485062,39.76775742,52.39843369
Tue Nov 21 15:13:01 EST 2017,13:01.4,-76.29312502,36.87462665,17.75,4,-35.40000153,290,-0.5363012,-2.98796368,8.92558384,-0.01997012,-,15.29411793,-0.0386418,-0.05466883,-0.30458343,0.80984545,14.11764717,14.50980377,-,-,64.40000153,54.5343399,14.64881134,-,1674,-,-116.1417389,36.87462616,-76.29312134,5.88235283,39.705616,38.52501297,-
Tue Nov 21 15:13:02 EST 2017,13:02.4,-76.29330586,36.87468378,17.5,4,-35.5,290.1,-0.2681506,-3.21780705,9.73003578,0.0640375,-,15.29411793,0.03953966,-0.03123933,-0.30848834,0.89184868,14.11764717,14.11764717,-,-,64.40000153,54.5343399,14.64881134,-,1674,-,-116.4698181,36.87468338,-76.29330444,5.88235283,39.14638519,38.52501297,-
Tue Nov 21 15:13:03 EST 2017,13:03.4,-76.29348875,36.87473286,17.25,4,-35.29999924,289.9,-0.42137951,-3.40934324,9.6534214,0.02830854,-,15.29411793,0.01554993,-0.05076391,-0.33582276,0.85670447,14.11764717,14.11764717,-,-,64.40000153,54.5047493,14.64881134,-,1615,-,-115.8136444,36.87473297,-76.29348755,5.49019623,38.58715057,36.66090012,-
Tue Nov 21 15:13:04 EST 2017,13:04.4,-76.29365918,36.87477931,16.75,4,-35.09999847,289.9,-0.2681506,-3.37103605,8.96389103,-0.00438839,-,15.29411793,0.03770323,-0.00390492,-0.3397277,0.88013393,14.11764717,14.11764717,-,-,64.40000153,54.47319794,14.64881134,-,1540,-,-115.1574783,36.87477875,-76.2936554,5.49019623,37.46868134,35.41815948,-
Tue Nov 21 15:13:05 EST 2017,13:05.4,-76.29382344,36.87482056,16.25,4,-35.09999847,289.6,-0.11492168,-4.55855989,8.81066227,0.03923319,-,15.29411793,0.05200754,-0.01952458,-0.46468499,0.79813069,14.11764717,14.11764717,-,-,64.40000153,54.47319794,14.64881134,-,1540,-,-115.1574783,36.87482071,-76.29382324,5.49019623,36.35021591,35.41815948,-
Tue Nov 21 15:13:06 EST 2017,13:06.4,-76.29399131,36.87487134,15.75,5,-35.70000076,290.1,-0.2681506,-3.29442143,9.42357826,0.03698546,-,15.29411793,0.01833328,-0.02733441,-0.33582276,0.86060935,14.11764717,14.11764717,-,-,64.40000153,54.43457413,14.64881134,-,1387,-,-117.1259842,36.8748703,-76.29399109,5.49019623,35.23174286,31.06855965,-
Tue Nov 21 15:13:07 EST 2017,13:07.4,-76.2941429,36.87490555,14.75,4,-35.20000076,289.8,0.11492168,-3.37103605,9.69172859,0.06440784,-,14.50980377,0.04642306,0.01171475,-0.34363261,0.88794374,14.11764717,14.11764717,-,-,64.40000153,54.43457413,14.64881134,-,1387,-,-115.4855652,36.87490463,-76.29414368,4.70588255,32.9948082,31.06855965,-
Tue Nov 21 15:13:08 EST 2017,13:08.4,-76.29427379,36.87493668,13.25,4,-35.70000076,290.3,-0.15322891,-3.83072281,8.81066227,-0.00152749,-,14.50980377,-0.02019289,-0.01561966,-0.3904916,0.79813069,14.11764717,14.11764717,-,-,64.40000153,54.393013,14.64881134,-,1251,-,-117.1259842,36.87493515,-76.29427338,4.70588255,29.6394043,29.20444679,-
Tue Nov 21 15:13:09 EST 2017,13:09.4,-76.29441214,36.87497884,13,4,-35.59999847,290.3,-0.49799395,-4.75009632,8.46589756,0.0747546,-,14.11764717,0.08330674,-0.01952458,-0.47639978,0.87232411,14.11764717,14.11764717,-,-,64.40000153,54.34443283,14.64881134,-,1195,-,-116.7978973,36.87497711,-76.29441071,4.70588255,29.08017159,24.85484695,-
Tue Nov 21 15:13:10 EST 2017,13:10.4,-76.29452477,36.87501855,11.5,4,-36.40000153,290,-0.22984336,-4.36702394,9.30865574,0.04708203,-,14.50980377,0.0261325,-0.00780983,-0.42563587,0.8332749,14.11764717,14.11764717,-,-,64.40000153,54.34443283,14.64881134,-,1195,-,-119.4225769,36.87501907,-76.29452515,4.70588255,25.72476578,24.85484695,-
Tue Nov 21 15:13:11 EST 2017,13:11.4,-76.29463105,36.87504797,10.5,4,-36.20000076,290.5,-0.42137951,-4.75009632,8.73404789,0.03338414,-,14.50980377,0.01686371,-0.00780983,-0.4685899,0.80203557,14.11764717,14.11764717,-,-,64.40000153,54.34443283,14.64881134,-,847,-,-118.7664032,36.87504959,-76.29463196,4.70588255,23.48783112,24.85484695,-
Tue Nov 21 15:13:12 EST 2017,13:12.4,-76.29470534,36.87507379,8.75,4,-37.20000076,291.7,-0.19153613,-6.12915611,8.73404789,0.08957041,-,14.50980377,0.09272413,-0.01952458,-0.63259637,0.79032087,14.11764717,14.11764717,-,-,64.40000153,54.28172302,14.64881134,-,847,-,-122.0472488,36.87507248,-76.29470825,4.70588255,19.5731926,16.15565109,-
Tue Nov 21 15:13:13 EST 2017,13:13.4,-76.29477503,36.8750944,7.25,4,-36.90000153,291.2,-0.34476504,-4.67348194,8.88727665,0.08278946,-,14.50980377,0.05150707,-0.01561966,-0.51935381,0.81375033,14.11764717,14.11764717,-,-,64.40000153,54.28172302,14.64881134,-,847,-,-121.0629959,36.87509537,-76.29477692,4.70588255,16.21778679,16.15565109,-
Tue Nov 21 15:13:14 EST 2017,13:14.4,-76.29480836,36.87510306,4.5,4,-36.59999847,292.4,-0.07661445,-3.86903,9.69172859,0.08278686,-,14.50980377,-0.00706691,-0.02733441,-0.42173091,0.79813069,14.11764717,14.11764717,-,-,64.40000153,54.28172302,14.64881134,-,847,-,-120.0787354,36.875103,-76.29480743,4.70588255,10.06621265,16.15565109,-
Tue Nov 21 15:13:15 EST 2017,13:15.4,-76.29481437,36.87511531,2.5,5,-36.79999924,312.4,-0.11492168,-2.83473492,9.23204136,0.03729559,-,14.11764717,0.03221132,-0.03514424,-0.30848834,0.84108472,14.11764717,14.11764717,-,-,64.40000153,54.28172302,14.64881134,-,649,-,-120.7349091,36.87511444,-76.29481506,3.13725495,5.59234095,16.15565109,-
Tue Nov 21 15:13:16 EST 2017,13:16.4,-76.29480533,36.87510953,0,4,-37.29999924,0,-0.11492168,-2.9113493,9.53849983,0.03567392,-,14.11764717,0.01702128,-0.01171475,-0.29677361,0.87232411,14.11764717,14.11764717,-,-,64.40000153,54.28172302,14.64881134,-,649,-,-122.3753281,36.87511063,-76.29480743,4.31372547,0,0,-
Tue Nov 21 15:13:17 EST 2017,13:17.4,-76.29480309,36.87510677,0,3,-37.40000153,0,-0.15322891,-2.87304211,9.57680702,0.03636754,-,14.11764717,0.0196809,-0.01561966,-0.2928687,0.87622905,14.11764717,14.11764717,-,-,64.40000153,54.28172302,14.64881134,-,664,-,-122.7034149,36.87510681,-76.2947998,4.31372547,0,0,-
Tue Nov 21 15:13:18 EST 2017,13:18.4,-76.29479959,36.87510483,0,3,-37.29999924,0,-0.07661445,-2.87304211,9.46188545,0.03327388,-,14.11764717,0.01956118,0,-0.2928687,0.87622905,14.11764717,14.11764717,-,-,64.40000153,54.28172302,14.64881134,-,664,-,-122.3753281,36.875103,-76.2947998,4.31372547,0,0,-
Tue Nov 21 15:13:19 EST 2017,13:19.4,-76.29479903,36.87510467,0,3,-37.20000076,0,-0.19153613,-2.9113493,9.53849983,0.03579396,-,14.11764717,0.01443746,-0.01171475,-0.30067852,0.86841917,14.11764717,14.11764717,-,-,64.40000153,54.28172302,14.64881134,-,669,-,-122.0472488,36.875103,-76.2947998,3.92156863,0,0,-
Tue Nov 21 15:13:20 EST 2017,13:20.4,-76.29479848,36.87510405,0,3,-37.20000076,0,-0.11492168,-2.87304211,9.61511421,0.03800794,-,14.11764717,0.02711351,-0.01171475,-0.2928687,0.88403887,14.11764717,14.11764717,-,-,64.40000153,54.28172302,14.64881134,-,666,-,-122.0472488,36.875103,-76.2947998,3.92156863,0,0,-
Tue Nov 21 15:13:21 EST 2017,13:21.4,-76.29479556,36.87510226,0,3,-37.09999847,0,-0.19153613,-2.48996973,9.53849983,0.02409691,-,14.11764717,0.00631247,-0.01171475,-0.25772443,0.87232411,14.11764717,14.11764717,-,-,64.40000153,54.28172302,14.64881134,-,666,-,-121.7191544,36.875103,-76.29479218,3.92156863,0,0,-
Tue Nov 21 15:13:22 EST 2017,13:22.4,-76.29479579,36.87510199,0,4,-37,0,-0.03830723,-2.71981311,9.69172859,0.03614012,-,14.11764717,0.03671021,0,-0.27334413,0.8996585,14.11764717,14.11764717,-,-,64.40000153,54.19375229,14.64881134,-,648,-,-121.3910751,36.875103,-76.29479218,3.92156863,0,0.62137121,1.10508549
Tue Nov 21 15:13:23 EST 2017,13:23.4,-76.29480113,36.87510461,0.25,4,-37.09999847,312.4,-0.15322891,-2.87304211,9.50019264,0.03501371,-,13.72549057,0.01418925,-0.00780983,-0.32410803,0.86060935,14.11764717,14.11764717,-,-,64.40000153,54.19375229,14.64881134,-,648,-,-121.7191544,36.875103,-76.2947998,3.92156863,0.55923408,0.62137121,1.10508549
Tue Nov 21 15:13:24 EST 2017,13:24.4,-76.29480373,36.87510675,0.5,4,-36.20000076,312.4,-0.03830723,-3.06457806,9.57680702,0.0440014,-,13.72549057,0.02535156,-0.00390492,-0.31239328,0.87622905,14.11764717,14.11764717,-,-,64.40000153,54.10607529,14.64881134,-,680,-,-118.7664032,36.87510681,-76.29480743,3.92156863,1.11846817,0.62137121,1.10508549
Tue Nov 21 15:13:25 EST 2017,13:25.4,-76.29480646,36.87510713,0.5,4,-36.29999924,312.4,-0.15322891,-3.21780705,9.42357826,0.0365923,-,14.11764717,0.01553491,-0.01561966,-0.32801294,0.86060935,14.11764717,14.11764717,-,-,64.40000153,54.10607529,14.64881134,-,667,-,-119.0944824,36.87510681,-76.29480743,3.92156863,1.11846817,0,-
Tue Nov 21 15:13:26 EST 2017,13:26.4,-76.29480763,36.87511026,0.25,4,-36.20000076,312.4,-0.15322891,-2.94965649,9.53849983,0.03687316,-,13.72549057,0.01822084,-0.01561966,-0.30067852,0.87232411,14.11764717,14.11764717,-,-,64.40000153,54.10607529,14.64881134,-,667,-,-118.7664032,36.87511063,-76.29480743,3.92156863,0.55923408,0,-
Tue Nov 21 15:13:27 EST 2017,13:27.4,-76.2948099,36.87511462,0,3,-36.40000153,0,-0.11492168,-3.02627087,9.46188545,0.0383091,-,13.72549057,0.01560252,-0.01171475,-0.30458343,0.86841917,14.11764717,14.11764717,-,-,64.40000153,54.10607529,14.64881134,-,670,-,-119.4225769,36.87511444,-76.29480743,3.92156863,0,0,-
Tue Nov 21 15:13:28 EST 2017,13:28.4,-76.29481464,36.87511662,0,3,-36.40000153,0,-0.19153613,-2.9113493,9.57680702,0.03601404,-,13.72549057,0.0196809,-0.01561966,-0.2928687,0.87622905,14.11764717,14.11764717,-,-,64.40000153,54.10607529,14.64881134,-,657,-,-119.4225769,36.87511826,-76.29481506,3.92156863,0,0,-
Tue Nov 21 15:13:29 EST 2017,13:29.4,-76.29481752,36.87512152,0,3,-36.40000153,0,-0.11492168,-2.87304211,9.50019264,0.03080291,-,13.72549057,0.01214855,-0.01171475,-0.2928687,0.86841917,14.11764717,14.11764717,-,-,66.19999695,54.10607529,14.64881134,-,657,-,-119.4225769,36.87512207,-76.29481506,3.92156863,0,0,-
Tue Nov 21 15:13:30 EST 2017,13:30.4,-76.29482132,36.87512418,0,3,-36.40000153,0,-0.07661445,-2.9113493,9.53849983,0.03776797,-,13.72549057,0.02072039,-0.00780983,-0.29677361,0.87622905,14.11764717,14.11764717,-,-,66.19999695,54.10607529,14.64881134,-,665,-,-119.4225769,36.87512589,-76.29482269,3.92156863,0,0,-
Tue Nov 21 15:13:31 EST 2017,13:31.4,-76.29482112,36.87512287,0,3,-36.40000153,0,-0.03830723,-2.9113493,9.57680702,0.03934938,-,13.72549057,0.01707379,-0.01561966,-0.29677361,0.87232411,14.11764717,14.11764717,-,-,66.19999695,54.10607529,14.64881134,-,665,-,-119.4225769,36.87512207,-76.29482269,3.92156863,0,0,-
Tue Nov 21 15:13:32 EST 2017,13:32.4,-76.2948217,36.87512413,0,3,-36.40000153,0,-0.15322891,-2.87304211,9.53849983,0.03416765,-,13.72549057,0.01594046,-0.01561966,-0.2928687,0.87232411,14.11764717,14.11764717,-,-,66.19999695,54.10607529,14.64881134,-,667,-,-119.4225769,36.87512589,-76.29482269,3.92156863,0,0,-
Tue Nov 21 15:13:33 EST 2017,13:33.4,-76.29482139,36.87512534,0,3,-36.29999924,0,0,-2.29843354,9.73003578,0.0381456,-,13.72549057,0.01949383,0,-0.23429495,0.89184868,14.11764717,14.11764717,-,-,66.19999695,54.10607529,14.64881134,-,666,-,-119.0944824,36.87512589,-76.29482269,3.92156863,0,0,-
Tue Nov 21 15:13:34 EST 2017,13:34.4,-76.29482053,36.87512882,0,4,-36.20000076,0,-0.07661445,0.72783732,10.53448772,0.0849213,-,24.70588303,0.08555102,-0.01561966,0.08590815,0.98166174,14.11764717,14.11764717,-,-,66.19999695,54.10607529,14.64881134,-,666,-,-118.7664032,36.8751297,-76.29482269,13.72549057,0,0,-
Tue Nov 21 15:13:35 EST 2017,13:35.4,-76.29482548,36.87513017,0.75,4,-36.20000076,288.7,-0.19153613,-0.07661445,10.72602367,0.11257869,-,24.70588303,0.04731946,-0.0234295,-0.01952458,0.94651747,45.88235474,46.66666794,-,-,66.19999695,54.03391266,14.64881134,-,2263,-,-118.7664032,36.8751297,-76.29482269,13.72549057,1.67770207,9.94193935,81.40577698
Tue Nov 21 15:13:36 EST 2017,13:36.4,-76.29486833,36.87514229,3,4,-36.09999847,287.2,-0.34476504,0,11.33893967,0.15304416,-,68.23529816,0.11428135,-0.04295408,0.01952458,1.01290107,61.56863022,61.96078491,-,-,66.19999695,54.03391266,14.64881134,-,2263,-,-118.4383164,36.87514114,-76.29486847,70.58823395,6.71080828,9.94193935,81.40577698
Tue Nov 21 15:13:37 EST 2017,13:37.4,-76.2949008,36.87514081,3,5,-36,279.7,-1.14921677,-1.57059634,9.53849983,0.01135588,-,68.23529816,0.13317613,0.04295408,-0.12886222,1.02461576,61.56863022,61.96078491,-,-,66.19999695,53.98225784,14.64881134,-,2982,-,-118.1102371,36.87514114,-76.29489899,63.92156982,6.71080828,22.36936378,175.3656921
Tue Nov 21 15:13:38 EST 2017,13:38.4,-76.2949906,36.87516098,5.25,5,-35.20000076,282.7,0.65122288,-2.37504816,10.84094524,0.07126831,-,70.58823395,0.13363387,0.06638357,-0.2421048,1.00509119,52.15686417,43.13725662,-,-,66.19999695,53.98225784,14.64881134,-,2442,-,-115.4855652,36.87516022,-76.29499054,63.92156982,11.74391556,22.36936378,175.3656921
Tue Nov 21 15:13:39 EST 2017,13:39.4,-76.29519307,36.8751723,10.5,5,-35.79999924,270.1,-0.45968673,-1.9153614,10.26633644,0.08460563,-,33.72549057,0.06596975,-0.04685899,-0.1952458,0.94651747,52.15686417,43.13725662,-,-,66.19999695,53.94696426,14.64881134,-,2442,-,-117.4540634,36.87517166,-76.29519653,26.66666794,23.48783112,32.31130219,215.4053345
Tue Nov 21 15:13:40 EST 2017,13:40.4,-76.2953417,36.87519641,11.75,5,-35.79999924,270.5,0.57460839,-2.22181916,9.46188545,-0.00579801,-,33.72549057,-0.00718211,0.05857374,-0.22648512,0.86451429,41.96078491,36.86274719,-,-,66.19999695,53.91784286,14.64881134,-,2072,-,-117.4540634,36.87519455,-76.29534149,26.66666794,26.2840004,36.03952789,117.8928986
Tue Nov 21 15:13:41 EST 2017,13:41.4,-76.2955548,36.87530531,16,4,-35.90000153,289.3,-0.15322891,-2.22181916,9.42357826,0.00607133,-,23.52941132,-0.01259142,-0.01561966,-0.22648512,0.86060935,33.33333206,36.86274719,-,-,66.19999695,53.91784286,14.64881134,-,2072,-,-117.7821579,36.87530518,-76.29555511,15.68627453,35.79098129,36.03952789,117.8928986
Tue Nov 21 15:13:42 EST 2017,13:42.4,-76.29573754,36.87536793,16.5,4,-35.90000153,289.9,-0.42137951,-3.17949986,9.84495735,0.04209292,-,23.52941132,0.00849354,-0.0234295,-0.3397277,0.84889454,33.33333206,31.76470566,-,-,66.19999695,53.89083862,14.64881134,-,1659,-,-117.7821579,36.87536621,-76.29573822,15.68627453,36.90944672,37.28227234,51.48242569
Tue Nov 21 15:13:43 EST 2017,13:43.4,-76.29591186,36.87542132,16.75,4,-35.70000076,290,-0.57460839,-3.37103605,9.69172859,0.06663877,-,16.07843208,0.04799672,-0.05857374,-0.34363261,0.88794374,33.33333206,22.74509811,-,-,66.19999695,53.89083862,14.64881134,-,1589,-,-117.1259842,36.87541962,-76.2959137,5.88235283,37.46868134,37.28227234,51.48242569
Tue Nov 21 15:13:44 EST 2017,13:44.4,-76.29608697,36.87547077,16.75,4,-34.59999847,289.8,-0.2681506,-2.94965649,9.19373417,0.00361198,-,18.4313736,-0.00762034,-0.01561966,-0.28896379,0.84889454,33.33333206,22.74509811,-,-,66.19999695,53.86291122,14.64881134,-,1589,-,-113.5170593,36.87546921,-76.29608917,7.84313726,37.46868134,36.66090012,51.48242569
Tue Nov 21 15:13:45 EST 2017,13:45.4,-76.29626804,36.87552476,16.5,4,-34.79999924,289.6,0.42137951,-2.41335535,9.53849983,0.0228824,-,18.4313736,-0.04041317,0.03514424,-0.24991462,0.82546508,28.23529434,30.58823586,-,-,66.19999695,53.83507919,14.64881134,-,1645,-,-114.1732254,36.87552643,-76.29626465,7.84313726,36.90944672,36.66090012,-
Tue Nov 21 15:13:46 EST 2017,13:46.4,-76.29645225,36.87558379,16.75,4,-34.59999847,289.6,-0.30645782,-2.60489154,8.92558384,0.02595061,-,20.3921566,0.00337413,-0.01171475,-0.24600971,0.87232411,30.58823586,30.98039246,-,-,66.19999695,53.83507919,14.64881134,-,1645,-,-113.5170593,36.87558365,-76.29645538,11.76470566,37.46868134,36.66090012,-
Tue Nov 21 15:13:47 EST 2017,13:47.4,-76.29663228,36.87563364,16.75,5,-34.59999847,289.5,0.38307226,-2.71981311,9.00219822,-0.00391534,-,20.3921566,-0.00420495,-0.04295408,-0.28505886,0.81765527,30.58823586,30.98039246,-,-,66.19999695,53.80833435,14.64881134,-,1619,-,-113.5170593,36.87563324,-76.29663086,11.76470566,37.46868134,37.28227234,26.20217514
Tue Nov 21 15:13:48 EST 2017,13:48.4,-76.29681422,36.87568306,16.75,5,-34.59999847,289.2,0.11492168,-3.40934324,9.50019264,0.03210508,-,18.4313736,0.0293099,0.01171475,-0.34753752,0.86841917,30.19607925,30.19607925,-,-,66.19999695,53.80833435,14.64881134,-,1621,-,-113.5170593,36.87568283,-76.29681396,8.62745094,37.46868134,37.28227234,26.20217514
Tue Nov 21 15:13:49 EST 2017,13:49.4,-76.29698767,36.8757223,16.5,5,-34.40000153,288.4,0.5363012,-2.71981311,9.69172859,0.0465644,-,18.8235302,0.02791542,0.05466883,-0.27724904,0.88794374,30.19607925,30.19607925,-,-,64.40000153,53.78167725,14.64881134,-,1621,-,-112.8609009,36.87572098,-76.29698944,8.23529434,36.90944672,37.28227234,26.20217514
Tue Nov 21 15:13:50 EST 2017,13:50.4,-76.29716404,36.87577722,16.75,4,-34.59999847,289.4,-0.07661445,-3.14119267,9.88326454,0.04895868,-,18.8235302,0.05751935,-0.00780983,-0.32020313,0.90746832,29.80392265,34.50980377,-,-,64.40000153,53.75511169,14.64881134,-,1652,-,-113.5170593,36.8757782,-76.29716492,8.23529434,37.46868134,37.28227234,-
Tue Nov 21 15:13:51 EST 2017,13:51.4,-76.29734307,36.8758301,16.75,4,-34.40000153,289.7,-0.38307226,-2.48996973,9.53849983,0.02466565,-,16.86274529,0.0318269,0.00780983,-0.23819989,0.90356338,33.33333206,33.72549057,-,-,64.40000153,53.75511169,14.64881134,-,1652,-,-112.8609009,36.8758316,-76.29734039,6.66666698,37.46868134,37.28227234,-
Tue Nov 21 15:13:52 EST 2017,13:52.4,-76.29751889,36.87587487,16.75,4,-34.5,289.5,-0.11492168,-2.71981311,9.00219822,0.04103861,-,16.86274529,-0.02928318,-0.04685899,-0.26162934,0.8332749,33.33333206,33.72549057,-,-,64.40000153,53.7296257,14.64881134,-,1629,-,-113.1889801,36.87587357,-76.29751587,6.66666698,37.46868134,37.90364456,26.70075989
Tue Nov 21 15:13:53 EST 2017,13:53.4,-76.29769741,36.8759339,17,4,-34.90000153,290.1,-0.03830723,-2.06859016,8.88727665,-0.0508346,-,16.07843208,0.02772985,-0.03904916,-0.24991462,0.89575356,29.01960754,31.37254906,-,-,64.40000153,53.7296257,14.64881134,-,1642,-,-114.5013199,36.8759346,-76.29769897,6.66666698,38.02791595,37.90364456,26.70075989
Tue Nov 21 15:13:54 EST 2017,13:54.4,-76.29787477,36.87598936,17,4,-35.09999847,290.3,-0.30645782,-2.22181916,9.76834297,0.04066366,-,25.49019623,0.01574519,0.01561966,-0.24991462,0.88403887,29.01960754,31.37254906,-,-,64.40000153,53.70422745,14.64881134,-,1642,-,-115.1574783,36.87598801,-76.29787445,16.86274529,38.02791595,37.90364456,26.70075989
Tue Nov 21 15:13:55 EST 2017,13:55.4,-76.29805683,36.87604298,17.25,5,-35,290.1,-0.19153613,-3.25611424,9.84495735,0.07620865,-,25.49019623,0.05756985,-0.01952458,-0.33191785,0.90356338,37.64706039,38.82352829,-,-,64.40000153,53.6818924,14.64881134,-,1761,-,-114.8293991,36.87604141,-76.29805756,16.86274529,38.58715057,39.76775742,78.12294769
Tue Nov 21 15:13:56 EST 2017,13:56.4,-76.29824061,36.87609787,17.5,5,-35,289.8,-0.57460839,-3.33272886,9.76834297,0.03572287,-,15.68627453,0.0541014,-0.05857374,-0.3397277,0.89575356,14.11764717,14.11764717,-,-,64.40000153,53.6818924,14.64881134,-,1761,-,-114.8293991,36.87609863,-76.29824066,7.05882359,39.14638519,39.76775742,78.12294769
Tue Nov 21 15:13:57 EST 2017,13:57.4,-76.29843036,36.87615261,17.75,5,-34.70000076,289.9,-0.19153613,-2.48996973,10.18972206,0.08844799,-,15.68627453,0.06981341,-0.01952458,-0.25381953,0.93870759,14.11764717,14.11764717,-,-,64.40000153,53.65763855,14.64881134,-,1692,-,-113.8451462,36.87615204,-76.2984314,7.45098066,39.705616,38.52501297,78.12294769
Tue Nov 21 15:13:58 EST 2017,13:58.4,-76.29861471,36.87618598,17.25,5,-35,288.3,0.2681506,-2.98796368,8.54251194,-0.00323883,-,22.35294151,-0.06768197,-0.00780983,-0.23429495,0.80203557,36.86274719,29.80392265,-,-,64.40000153,53.63445663,14.64881134,-,1718,-,-114.8293991,36.87618637,-76.2986145,7.45098066,38.58715057,39.14638519,26.17949486
Tue Nov 21 15:13:59 EST 2017,13:59.4,-76.29879714,36.87624329,17.25,4,-35.40000153,289.3,-0.03830723,-2.68150592,8.81066227,-0.04218644,-,22.35294151,0.03571624,-0.00780983,-0.26943922,0.8996585,32.94117737,29.80392265,-,-,64.40000153,53.63445663,14.64881134,-,1718,-,-116.1417389,36.87624359,-76.29879761,13.33333397,38.58715057,39.14638519,26.17949486
Tue Nov 21 15:14:00 EST 2017,14:00.4,-76.29898414,36.87629224,17.25,4,-35.59999847,289.7,-0.07661445,-2.56658411,9.6534214,0.0333405,-,22.35294151,-0.03423158,0.0234295,-0.24600971,0.8332749,32.94117737,32.94117737,-,-,64.40000153,53.61234283,14.64881134,-,1748,-,-116.7978973,36.87629318,-76.29898071,13.33333397,38.58715057,39.76775742,25.6695137
Tue Nov 21 15:14:01 EST 2017,14:01.4,-76.29917018,36.87635981,17.75,4,-37.40000153,290,-0.15322891,-3.10288548,10.57279491,0.05462221,-,21.56862831,0.12370395,-0.01561966,-0.31629819,0.97775686,31.37254906,29.01960754,-,-,64.40000153,53.61234283,14.64881134,-,1762,-,-122.7034149,36.87635803,-76.29917145,14.50980377,39.705616,39.76775742,25.6695137
Tue Nov 21 15:14:02 EST 2017,14:02.4,-76.29936059,36.87641431,18,4,-36.20000076,290.2,0.15322891,-2.71981311,9.42357826,0.01894069,-,21.56862831,0.00028231,0.01561966,-0.27724904,0.86060935,31.37254906,29.01960754,-,-,64.40000153,53.59128952,14.64881134,-,1762,-,-118.7664032,36.87641525,-76.29936218,12.54901981,40.26485062,40.38912582,26.43291855
Tue Nov 21 15:14:03 EST 2017,14:03.4,-76.29955262,36.87647413,18.25,4,-36.59999847,290,-0.2681506,-3.17949986,9.6534214,0.04010405,-,21.17647171,0.03675437,-0.02733441,-0.32410803,0.88403887,24.70588303,14.50980377,-,-,64.40000153,53.57029724,14.64881134,-,1752,-,-120.0787354,36.87647247,-76.29955292,12.54901981,40.82408524,40.38912582,26.43291855
Tue Nov 21 15:14:04 EST 2017,14:04.4,-76.29974708,36.87653217,18.25,4,-37.09999847,289.6,0.11492168,-3.10288548,9.92157173,0.07625106,-,17.64705849,0.05745441,0.01171475,-0.33191785,0.90356338,14.50980377,14.50980377,-,-,64.40000153,53.57029724,14.64881134,-,1752,-,-121.7191544,36.87653351,-76.29974365,13.72549057,40.82408524,40.38912582,26.43291855
Tue Nov 21 15:14:05 EST 2017,14:05.4,-76.29994043,36.8765873,18.25,4,-38.20000076,289.7,0.11492168,-2.22181916,10.30464458,0.05193952,-,17.64705849,0.0437,0.03123933,-0.26943922,0.90746832,14.50980377,21.17647171,-,-,64.40000153,53.54838943,14.64881134,-,1755,-,-125.3280869,36.87658691,-76.29994202,13.72549057,40.82408524,39.76775742,-
Tue Nov 21 15:14:06 EST 2017,14:06.4,-76.30012856,36.87663357,18,3,-38.70000076,289.7,0.57460839,-2.68150592,9.6534214,0.04197615,-,25.88235283,-0.0149355,0.03123933,-0.30067852,0.83717978,36.47058868,34.50980377,-,-,64.40000153,53.54838943,14.64881134,-,1798,-,-126.9685059,36.87663269,-76.30012512,17.64705849,40.26485062,39.76775742,-
Tue Nov 21 15:14:07 EST 2017,14:07.4,-76.30032203,36.8766933,18.5,3,-38.5,290.4,-0.15322891,-2.60489154,9.0788126,-0.01806802,-,25.88235283,0.01790615,0,-0.31239328,0.86841917,36.47058868,34.50980377,-,-,64.40000153,53.52950287,14.64881134,-,1798,-,-126.3123398,36.87669373,-76.30032349,7.05882359,41.38331985,41.63187027,78.80065918
Tue Nov 21 15:14:08 EST 2017,14:08.4,-76.3005132,36.87675436,18.5,4,-37.70000076,291.3,0.22984336,-4.09887314,8.42759037,-0.0254119,-,16.07843208,-0.04408543,0.0234295,-0.417826,0.75908154,14.11764717,14.11764717,-,-,64.40000153,53.50772858,14.64881134,-,1751,-,-123.6876679,36.87675476,-76.30051422,7.05882359,41.38331985,39.76775742,78.80065918
Tue Nov 21 15:14:09 EST 2017,14:09.4,-76.30069865,36.87681935,18,3,-38.40000153,292.8,-1.18752408,-4.29040956,9.42357826,0.05957822,-,15.29411793,0.0627657,-0.1210524,-0.4373506,0.86060935,14.11764717,14.11764717,-,-,64.40000153,53.50772858,14.64881134,-,1751,-,-125.9842606,36.87681961,-76.30069733,5.88235283,40.26485062,39.76775742,78.80065918
Tue Nov 21 15:14:10 EST 2017,14:10.4,-76.30087214,36.87688071,17,4,-38,293.5,-1.11090958,-4.36702394,9.0788126,0.04938293,-,15.29411793,0.04688225,-0.10152781,-0.42954078,0.84889454,14.11764717,14.11764717,-,-,64.40000153,53.47915268,14.64881134,-,1567,-,-124.6719132,36.87688065,-76.3008728,5.88235283,38.02791595,35.41815948,-
Tue Nov 21 15:14:11 EST 2017,14:11.4,-76.30103853,36.87693699,16.25,4,-37.79999924,293.1,-0.34476504,-3.33272886,9.69172859,0.07538112,-,14.90196133,0.04567182,-0.03514424,-0.3397277,0.88794374,14.11764717,14.11764717,-,-,64.40000153,53.47915268,14.64881134,-,1390,-,-124.0157471,36.87693787,-76.30104065,5.09803915,36.35021591,35.41815948,-
Tue Nov 21 15:14:12 EST 2017,14:12.4,-76.30119816,36.87698894,15.5,4,-37.40000153,291.1,-0.61291564,-3.25611424,9.15542698,0.01731909,-,14.90196133,0.00235465,-0.05857374,-0.32801294,0.84498966,14.11764717,14.11764717,-,-,64.40000153,53.44478226,14.64881134,-,1390,-,-122.7034149,36.87698746,-76.30120087,4.70588255,34.67251205,31.68992996,-
Tue Nov 21 15:14:13 EST 2017,14:13.4,-76.3013458,36.87703585,14.5,4,-37,290.8,-0.76614451,-3.83072281,9.38527107,0.05527526,-,14.50980377,-0.00150412,-0.08200324,-0.40220633,0.80984545,14.11764717,14.11764717,-,-,64.40000153,53.40758514,14.64881134,-,1302,-,-121.3910751,36.87703705,-76.30134583,4.70588255,32.43557358,29.82581711,-
Tue Nov 21 15:14:14 EST 2017,14:14.4,-76.30149479,36.87707399,14,4,-37.09999847,289.9,-0.34476504,-6.16746378,8.31266785,0.04902005,-,14.11764717,0.0560682,-0.03514424,-0.62869149,0.74736673,14.11764717,14.11764717,-,-,64.40000153,53.40758514,14.64881134,-,1302,-,-121.7191544,36.8770752,-76.30149841,4.31372547,31.31710625,29.82581711,-
Tue Nov 21 15:14:15 EST 2017,14:15.4,-76.30161413,36.87710493,12.75,4,-37.09999847,289.8,-0.38307226,-6.12915611,8.42759037,0.08196944,-,14.11764717,0.06333267,-0.03904916,-0.62478656,0.75908154,14.11764717,14.11764717,-,-,64.40000153,53.35683441,14.64881134,-,1131,-,-121.7191544,36.87710571,-76.30161285,4.31372547,28.52093697,21.12662125,-
Tue Nov 21 15:14:16 EST 2017,14:16.4,-76.30171235,36.87713857,10.5,4,-37.09999847,290.8,-0.49799395,-4.59686708,8.6957407,0.07328986,-,13.33333397,0.05514308,-0.05857374,-0.45687518,0.84889454,14.11764717,14.11764717,-,-,64.40000153,53.35683441,14.64881134,-,865,-,-121.7191544,36.87714005,-76.30171204,3.92156863,23.48783112,21.12662125,-
Tue Nov 21 15:14:17 EST 2017,14:17.4,-76.30176736,36.87715003,7.5,4,-37.20000076,291,-0.34476504,-3.02627087,9.30865574,0.01739919,-,13.33333397,0.01095688,-0.03123933,-0.31239328,0.86060935,14.11764717,14.11764717,-,-,64.40000153,53.28867722,14.64881134,-,865,-,-122.0472488,36.87715149,-76.30176544,3.52941179,16.77702141,9.94193935,-
Tue Nov 21 15:14:18 EST 2017,14:18.4,-76.30179208,36.87715927,4.75,4,-37.59999847,294.4,-0.38307226,-2.9113493,9.42357826,0.02516586,-,13.33333397,0.01606066,-0.05857374,-0.30067852,0.86841917,14.11764717,16.86274529,-,-,64.40000153,53.21489334,14.64881134,-,801,-,-123.3595734,36.87715912,-76.30178833,3.52941179,10.62544727,6.21371174,-
Tue Nov 21 15:14:19 EST 2017,14:19.4,-76.30182149,36.87717145,3.5,4,-38,294.2,-0.5363012,-4.09887314,9.0788126,0.03588384,-,13.33333397,0.04554785,-0.05857374,-0.42563587,0.85279953,14.11764717,16.86274529,-,-,64.40000153,53.21489334,14.64881134,-,801,-,-124.6719132,36.87717056,-76.30181885,3.52941179,7.82927656,6.21371174,-
Tue Nov 21 15:14:20 EST 2017,14:20.4,-76.30184831,36.87717962,3,4,-37.59999847,293.2,-0.11492168,-1.37906015,10.0364933,0.03006795,-,13.33333397,0.03312005,-0.01171475,-0.14057697,0.92308795,14.11764717,14.11764717,-,-,64.40000153,53.1384201,14.64881134,-,694,-,-123.3595734,36.87717819,-76.30184937,3.52941179,6.71080828,4.34959841,-
Tue Nov 21 15:14:21 EST 2017,14:21.4,-76.30187283,36.87718299,2.25,4,-38.29999924,292.8,2.71981311,0.03830723,10.72602367,0.09780814,-,28.23529434,0.12837222,0.27724904,0.00390492,0.99337649,44.31372452,43.92156982,-,-,64.40000153,53.1384201,14.64881134,-,2227,-,-125.6561661,36.87718201,-76.30187225,12.15686321,5.03310633,4.34959841,-
Tue Nov 21 15:14:22 EST 2017,14:22.4,-76.30190734,36.87719991,3.25,4,-38.40000153,298.2,3.33272886,-0.34476504,10.91755962,0.13125667,-,51.37255096,0.16452774,0.3397277,-0.03514424,1.01290107,44.31372452,43.92156982,-,-,64.40000153,53.0718956,14.64881134,-,2227,-,-125.9842606,36.87720108,-76.3019104,45.49019623,7.2700429,10.56331062,54.93238068
Tue Nov 21 15:14:23 EST 2017,14:23.4,-76.3019526,36.87727241,6.75,4,-37.70000076,324,1.9153614,-0.34476504,9.46188545,0.08336098,-,51.37255096,-0.01495862,0.1952458,-0.03514424,0.86451429,51.76470566,52.54901886,-,-,64.40000153,53.02399826,14.64881134,-,2838,-,-123.6876679,36.87727356,-76.30195618,45.49019623,15.09931946,22.36936378,173.7578735
Tue Nov 21 15:14:24 EST 2017,14:24.4,-76.30198419,36.87733556,6.75,4,-38.59999847,335.9,-0.42137951,-1.03429508,10.18972206,0.06392807,-,62.74509811,0.01344417,0.00780983,-0.05857374,0.91137326,55.29411697,57.25490189,-,-,64.40000153,53.02399826,14.64881134,-,2838,-,-126.6404114,36.87733459,-76.30198669,59.60784531,15.09931946,22.36936378,173.7578735
Tue Nov 21 15:14:25 EST 2017,14:25.4,-76.30198189,36.87748213,12.5,3,-38.40000153,356.4,-0.2681506,-3.14119267,9.73003578,0.03863064,-,62.74509811,0.01446003,-0.0234295,-0.31239328,0.86451429,55.29411697,57.25490189,-,-,64.40000153,52.9897995,14.64881134,-,2395,-,-125.9842606,36.87748337,-76.30197906,19.6078434,27.96170425,31.06855965,210.5843658
Tue Nov 21 15:14:26 EST 2017,14:26.4,-76.30198426,36.87761065,14.5,3,-38.09999847,356.7,-0.34476504,-2.26012635,9.69172859,0.0340603,-,18.8235302,0.01920942,-0.03904916,-0.24600971,0.88794374,30.98039246,36.86274719,-,-,64.40000153,52.95957184,14.64881134,-,2050,-,-124.9999924,36.87760925,-76.30198669,19.6078434,32.43557358,33.55404282,74.58581543
Tue Nov 21 15:14:27 EST 2017,14:27.4,-76.30198913,36.87774388,15,4,-38,357.4,-0.11492168,-2.03028297,9.69172859,0.06034639,-,47.05882263,0.00980151,-0.01171475,-0.20696054,0.88794374,30.98039246,36.86274719,-,-,64.40000153,52.95957184,14.64881134,-,2050,-,-124.6719132,36.87774277,-76.30198669,41.17647171,33.55404282,33.55404282,74.58581543
Tue Nov 21 15:14:28 EST 2017,14:28.4,-76.30198861,36.87788148,15.75,3,-38.09999847,357.8,-0.57460839,-2.79642749,9.95987892,0.07516247,-,47.05882263,0.03836472,-0.0234295,-0.21477039,0.91527814,39.2156868,40.39215851,-,-,64.40000153,52.93523026,14.64881134,-,1685,-,-124.9999924,36.8778801,-76.30198669,41.17647171,35.23174286,37.28227234,148.0175629
Tue Nov 21 15:14:29 EST 2017,14:29.4,-76.30199565,36.87802878,16.5,4,-38.29999924,357.5,-0.22984336,-2.18351197,10.11310768,0.04075527,-,16.47058868,0.05527328,-0.0234295,-0.22258021,0.93089777,34.11764908,40,-,-,64.40000153,52.93523026,14.64881134,-,1685,-,-125.6561661,36.87802887,-76.30199432,10.98039246,36.90944672,37.28227234,148.0175629
Tue Nov 21 15:14:30 EST 2017,14:30.4,-76.30200367,36.8781804,16.75,4,-38.09999847,357.2,-0.45968673,-2.22181916,9.34696388,-0.00053161,-,16.47058868,0.01786112,-0.03123933,-0.20696054,0.89575356,34.11764908,40,-,-,64.40000153,52.91192627,14.64881134,-,1707,-,-124.9999924,36.87818146,-76.30200195,18.03921509,37.46868134,37.90364456,25.14401436
Tue Nov 21 15:14:31 EST 2017,14:31.4,-76.30201116,36.8783338,17.25,4,-37.79999924,357.7,-0.42137951,-2.60489154,10.07480049,0.03286719,-,25.88235283,0.01045867,-0.03514424,-0.28505886,0.86841917,14.11764717,17.25490189,-,-,64.40000153,52.89061356,14.64881134,-,1735,-,-124.0157471,36.87833405,-76.30200958,18.03921509,38.58715057,39.14638519,51.37651825
Tue Nov 21 15:14:32 EST 2017,14:32.4,-76.30201686,36.87849382,17.5,4,-37.70000076,358,-0.22984336,-2.83473492,9.27034855,0.00746059,-,16.07843208,-0.00237551,-0.03123933,-0.2928687,0.85279953,31.76470566,17.25490189,-,-,64.40000153,52.89061356,14.64881134,-,1735,-,-123.6876679,36.87849426,-76.30201721,6.66666698,39.14638519,39.14638519,51.37651825
Tue Nov 21 15:14:33 EST 2017,14:33.4,-76.3020216,36.87865037,17.5,4,-37.79999924,357.8,-0.2681506,-2.45166254,9.34696388,0.00440925,-,16.07843208,-0.02155656,-0.03514424,-0.24991462,0.84498966,31.76470566,32.15686417,-,-,64.40000153,52.87033463,14.64881134,-,1724,-,-124.0157471,36.87865067,-76.30202484,6.66666698,39.14638519,39.76775742,26.136343
Tue Nov 21 15:14:34 EST 2017,14:34.4,-76.30202861,36.8788039,17.5,5,-38.20000076,357.4,-0.34476504,-2.45166254,9.42357826,0.01026119,-,16.47058868,-0.03262131,-0.07809832,-0.26943922,0.82546508,31.76470566,33.72549057,-,-,64.40000153,52.87033463,14.64881134,-,1724,-,-125.3280869,36.87880325,-76.30202484,9.8039217,39.14638519,39.76775742,26.136343
Tue Nov 21 15:14:35 EST 2017,14:35.4,-76.3020352,36.87896211,18,4,-38.59999847,357.4,-0.34476504,-2.64319873,9.0788126,-0.01646996,-,16.47058868,-0.03514044,-0.03514424,-0.26943922,0.82546508,31.76470566,33.72549057,-,-,64.40000153,52.85107422,14.64881134,-,1758,-,-126.6404114,36.87896347,-76.30203247,6.66666698,40.26485062,40.38912582,26.5580349
Tue Nov 21 15:14:36 EST 2017,14:36.4,-76.30204037,36.87912081,18,4,-39,357.6,0.03830723,-3.40934324,9.30865574,0.03420016,-,16.86274529,0.01088884,0.00390492,-0.34753752,0.84889454,30.58823586,14.11764717,-,-,64.40000153,52.83090973,14.64881134,-,1718,-,-127.9527588,36.87911987,-76.3020401,6.66666698,40.26485062,39.76775742,26.5580349
Tue Nov 21 15:14:37 EST 2017,14:37.4,-76.30205086,36.87928608,18,4,-38.20000076,357.5,-0.68953007,-2.64319873,9.76834297,0.05295509,-,25.88235283,0.03430832,-0.07028849,-0.26943922,0.89575356,40,14.11764717,-,-,64.40000153,52.83090973,14.64881134,-,1718,-,-125.3280869,36.87928772,-76.30204773,16.47058868,40.26485062,39.76775742,26.5580349
Tue Nov 21 15:14:38 EST 2017,14:38.4,-76.30205862,36.87944898,18.25,4,-38.29999924,357.4,-0.45968673,-2.29843354,9.80665016,-0.02403045,-,25.88235283,-0.18967199,-0.10543273,-0.18743597,0.68098325,40,14.11764717,-,-,64.40000153,52.81177139,14.64881134,-,1743,-,-125.6561661,36.87944794,-76.30205536,16.47058868,40.82408524,40.38912582,27.33975792
Tue Nov 21 15:14:39 EST 2017,14:39.4,-76.30207168,36.87961134,18.25,4,-38.29999924,356.6,0,-3.25611424,8.73404789,-0.03082073,-,25.88235283,0.00850878,-0.03123933,-0.32801294,0.85279953,14.11764717,14.11764717,-,-,64.40000153,52.81177139,14.64881134,-,1780,-,-125.6561661,36.87961197,-76.30207062,17.64705849,40.82408524,40.38912582,27.33975792
Tue Nov 21 15:14:40 EST 2017,14:40.4,-76.30208669,36.87977504,18.5,3,-38.5,356.4,-0.49799395,-2.64319873,8.96389103,-0.02700102,-,18.8235302,0.00581961,-0.0234295,-0.26943922,0.86841917,14.11764717,14.11764717,-,-,64.40000153,52.79364395,14.64881134,-,1780,-,-126.3123398,36.879776,-76.30208588,8.23529434,41.38331985,41.01049805,26.16786957
Tue Nov 21 15:14:41 EST 2017,14:41.4,-76.30209937,36.8799433,18.5,3,-37.90000153,356.3,-0.5363012,-2.60489154,9.95987892,0.04753874,-,18.8235302,0.04350993,-0.03514424,-0.35534734,0.88013393,28.62745094,28.62745094,-,-,64.40000153,52.77557373,14.64881134,-,1772,-,-124.3438339,36.87994385,-76.30210114,8.23529434,41.38331985,41.01049805,26.16786957
Tue Nov 21 15:14:42 EST 2017,14:42.4,-76.30210946,36.88010522,18.25,3,-38.70000076,356.7,-0.38307226,-3.14119267,8.77235508,-0.0002627,-,15.68627453,-0.02367972,-0.04685899,-0.3397277,0.81375033,20.7843132,28.62745094,-,-,64.40000153,52.77557373,14.64881134,-,1772,-,-126.9685059,36.88010406,-76.30210876,7.05882359,40.82408524,41.01049805,26.16786957
Tue Nov 21 15:14:43 EST 2017,14:43.4,-76.30212032,36.88026483,18,3,-38.79999924,357,-0.22984336,-3.14119267,9.53849983,0.05100692,-,15.68627453,0.02430933,-0.0234295,-0.32020313,0.87232411,20.7843132,22.74509811,-,-,64.40000153,52.75565338,14.64881134,-,1739,-,-127.2965851,36.88026428,-76.30212402,7.05882359,40.26485062,39.76775742,-
Tue Nov 21 15:14:44 EST 2017,14:44.4,-76.30213065,36.880427,18,4,-39.29999924,356.8,0.03830723,-2.29843354,9.42357826,0.00777686,-,18.8235302,-0.0108853,0.00390492,-0.23429495,0.86060935,38.82352829,38.82352829,-,-,64.40000153,52.75565338,14.64881134,-,1855,-,-128.9370117,36.88042831,-76.30213165,7.05882359,40.26485062,39.76775742,-
Tue Nov 21 15:14:45 EST 2017,14:45.4,-76.30215364,36.88059382,18.25,3,-39.09999847,357,-0.38307226,-3.37103605,9.80665016,0.01915,-,15.68627453,0.05815402,-0.03904916,-0.34363261,0.8996585,38.82352829,38.82352829,-,-,64.40000153,52.73674011,14.64881134,-,1855,-,-128.280838,36.88059235,-76.30215454,7.05882359,40.82408524,40.38912582,24.84934425
Tue Nov 21 15:14:46 EST 2017,14:46.4,-76.30216044,36.88075555,18.25,3,-38.40000153,357,-0.30645782,-3.37103605,9.76834297,0.07284266,-,15.68627453,0.02593183,-0.02733441,-0.34753752,0.86451429,14.11764717,14.11764717,-,-,64.40000153,52.71504211,14.64881134,-,1689,-,-125.9842606,36.88075638,-76.30216217,7.05882359,40.82408524,38.52501297,24.84934425
Tue Nov 21 15:14:47 EST 2017,14:47.4,-76.30216678,36.88091251,17.25,3,-38.59999847,356.8,-0.22984336,-3.52426481,9.23204136,0.02844286,-,15.29411793,0.01235194,-0.01561966,-0.35144243,0.84889454,14.11764717,14.11764717,-,-,64.40000153,52.71504211,14.64881134,-,1689,-,-126.6404114,36.88091278,-76.3021698,5.88235283,38.58715057,38.52501297,24.84934425
Tue Nov 21 15:14:48 EST 2017,14:48.4,-76.3021756,36.88106065,16.75,3,-37.90000153,356.6,-0.49799395,-3.94564438,9.11711979,0.03294057,-,15.29411793,0.01312788,-0.03123933,-0.38268176,0.83717978,14.11764717,14.11764717,-,-,64.40000153,52.69057083,14.64881134,-,1612,-,-124.3438339,36.88106155,-76.30217743,5.88235283,37.46868134,36.66090012,-
Tue Nov 21 15:14:49 EST 2017,14:49.4,-76.30218867,36.88121364,16,3,-38.20000076,357.1,-0.38307226,-4.36702394,8.54251194,-0.00223607,-,15.29411793,-0.09219389,-0.06247865,-0.4373506,0.69269794,14.11764717,14.11764717,-,-,64.40000153,52.69057083,14.64881134,-,1612,-,-125.3280869,36.88121414,-76.30218506,5.49019623,35.79098129,36.66090012,-
Tue Nov 21 15:14:50 EST 2017,14:50.4,-76.30219897,36.88135652,15,3,-38.40000153,356.8,-0.22984336,-4.8267107,9.00219822,0.0534727,-,15.29411793,0.04185627,-0.0234295,-0.49201941,0.81765527,14.11764717,14.11764717,-,-,64.40000153,52.65955353,14.64881134,-,1430,-,-125.9842606,36.88135529,-76.30220032,4.70588255,33.55404282,32.31130219,-
Tue Nov 21 15:14:51 EST 2017,14:51.4,-76.30220507,36.8814773,13.25,3,-39.09999847,356.9,-0.22984336,-5.93762016,9.00219822,0.11853725,-,14.50980377,0.09991288,-0.0234295,-0.60526198,0.81765527,14.11764717,14.11764717,-,-,64.40000153,52.61729431,14.64881134,-,1118,-,-128.280838,36.88147736,-76.30220795,4.70588255,29.6394043,24.85484695,-
Tue Nov 21 15:14:52 EST 2017,14:52.4,-76.30220662,36.88157515,10.5,3,-38.59999847,357.1,-0.22984336,-5.36301184,9.23204136,0.08573964,-,14.11764717,0.0889753,-0.0234295,-0.54668826,0.84108472,14.11764717,14.11764717,-,-,64.40000153,52.61729431,14.64881134,-,1118,-,-126.6404114,36.88157654,-76.30220795,3.92156863,23.48783112,24.85484695,-
Tue Nov 21 15:14:53 EST 2017,14:53.4,-76.30221228,36.88164811,8,3,-37.90000153,356.6,-0.2681506,-4.25210238,9.04050541,0.03424054,-,14.11764717,0.01558745,-0.02733441,-0.43344569,0.81765527,14.11764717,14.50980377,-,-,64.40000153,52.56196594,14.64881134,-,846,-,-124.3438339,36.88164902,-76.30221558,3.92156863,17.89549065,16.15565109,-
Tue Nov 21 15:14:54 EST 2017,14:54.4,-76.30221973,36.88170857,6.25,3,-37.79999924,356.5,-0.22984336,-5.32470465,8.88727665,0.05287036,-,13.33333397,0.04766907,-0.01561966,-0.51154399,0.81375033,14.11764717,14.50980377,-,-,64.40000153,52.56196594,14.64881134,-,840,-,-124.0157471,36.88171005,-76.30222321,3.52941179,13.98085213,16.15565109,-
Tue Nov 21 15:14:55 EST 2017,14:55.4,-76.30223112,36.88174563,4.5,3,-39.09999847,357.9,-0.15322891,-4.5202527,9.19373417,0.06344634,-,13.72549057,0.02222165,-0.01561966,-0.47249481,0.80594051,14.11764717,14.50980377,-,-,64.40000153,52.49739456,14.64881134,-,840,-,-128.280838,36.88174438,-76.30223083,3.52941179,10.06621265,9.94193935,-
Tue Nov 21 15:14:56 EST 2017,14:56.4,-76.30223708,36.88176516,1.75,3,-39.20000076,342.7,-0.22984336,-4.48194551,9.11711979,0.05051883,-,13.72549057,0.04177566,-0.03514424,-0.46078008,0.8332749,14.11764717,14.11764717,-,-,64.40000153,52.42078781,14.64881134,-,637,-,-128.6089325,36.88176346,-76.30223846,3.52941179,3.91463828,1.86411357,-
Tue Nov 21 15:14:57 EST 2017,14:57.4,-76.30224069,36.88176677,0,3,-39.40000153,0,-0.11492168,-2.7581203,9.69172859,0.04623789,-,14.11764717,0.02758879,-0.01171475,-0.28115395,0.88794374,14.11764717,14.11764717,-,-,64.40000153,52.42078781,14.64881134,-,637,-,-129.2650909,36.88176727,-76.30223846,4.31372547,0,1.86411357,-
Tue Nov 21 15:14:58 EST 2017,14:58.4,-76.30224136,36.88176793,0,4,-39.5,0,-0.34476504,-2.98796368,9.38527107,0.03379725,-,14.11764717,0.00497729,-0.03514424,-0.30458343,0.85670447,14.11764717,14.11764717,-,-,64.40000153,52.42078781,14.64881134,-,701,-,-129.5931702,36.88176727,-76.30223846,4.31372547,0,0,-
Tue Nov 21 15:14:59 EST 2017,14:59.4,-76.30224587,36.88176816,0,3,-39.40000153,0,-0.34476504,-2.94965649,9.50019264,0.0336321,-,14.11764717,0.01497882,-0.03514424,-0.30067852,0.86841917,14.11764717,14.11764717,-,-,64.40000153,52.42078781,14.64881134,-,677,-,-129.2650909,36.88176727,-76.30224609,4.31372547,0,0,-
Tue Nov 21 15:15:00 EST 2017,15:00.4,-76.30224587,36.88176816,0,4,-39.40000153,0,-0.19153613,-2.87304211,9.6534214,0.04588157,-,14.11764717,0.0171413,-0.01952458,-0.29677361,0.87232411,14.11764717,14.11764717,-,-,64.40000153,52.42078781,14.64881134,-,677,-,-129.2650909,36.88176727,-76.30224609,3.92156863,0,0,-
Tue Nov 21 15:15:01 EST 2017,15:01.4,-76.30224622,36.88177003,0,3,-39.29999924,0,-0.30645782,-3.02627087,9.38527107,0.02469593,-,14.11764717,0.00603956,-0.03123933,-0.30848834,0.85670447,14.11764717,14.11764717,-,-,64.40000153,52.42078781,14.64881134,-,662,-,-128.9370117,36.88177109,-76.30224609,3.92156863,0,0,-
Tue Nov 21 15:15:02 EST 2017,15:02.4,-76.30224615,36.88177104,0,3,-39.20000076,0,-0.19153613,-2.9113493,9.50019264,0.03533852,-,14.11764717,0.01340659,-0.01952458,-0.29677361,0.86841917,14.11764717,14.11764717,-,-,64.40000153,52.42078781,14.64881134,-,662,-,-128.6089325,36.88177109,-76.30224609,4.31372547,0,0,-
Tue Nov 21 15:15:03 EST 2017,15:03.4,-76.30224536,36.88177148,0,3,-39.09999847,0,-0.2681506,-3.02627087,9.30865574,0.03380991,-,14.11764717,-0.00150418,-0.02733441,-0.30848834,0.84889454,14.11764717,14.11764717,-,-,64.40000153,52.42078781,14.64881134,-,671,-,-128.280838,36.88177109,-76.30224609,3.92156863,0,0,-
Tue Nov 21 15:15:04 EST 2017,15:04.4,-76.30224559,36.88177261,0,3,-39.29999924,0,-0.2681506,-2.9113493,9.61511421,0.04344338,-,14.11764717,0.02479335,-0.02733441,-0.29677361,0.88013393,14.11764717,14.11764717,-,-,64.40000153,52.42078781,14.64881134,-,674,-,-128.9370117,36.88177109,-76.30224609,3.92156863,0,0,-
Tue Nov 21 15:15:05 EST 2017,15:05.4,-76.30224562,36.88177375,0,3,-39.29999924,0,-0.2681506,-2.9113493,9.61511421,0.03605648,-,14.11764717,0.01497882,-0.03514424,-0.30067852,0.86841917,14.11764717,14.11764717,-,-,64.40000153,52.42078781,14.64881134,-,674,-,-128.9370117,36.8817749,-76.30224609,3.92156863,0,0,-
Tue Nov 21 15:15:06 EST 2017,15:06.4,-76.30224447,36.88177427,0,3,-39,0,-0.19153613,-2.9113493,9.50019264,0.03206044,-,14.11764717,0.01340659,-0.01952458,-0.29677361,0.86841917,14.11764717,14.50980377,-,-,64.40000153,52.42078781,14.64881134,-,670,-,-127.9527588,36.8817749,-76.30224609,3.92156863,0,0,-
Tue Nov 21 15:15:07 EST 2017,15:07.4,-76.30224341,36.88177199,0,3,-38.70000076,0,-0.30645782,-2.94965649,9.50019264,0.03518671,-,13.72549057,0.01485102,-0.03123933,-0.30067852,0.86841917,14.11764717,14.11764717,-,-,64.40000153,52.42078781,14.64881134,-,671,-,-126.9685059,36.88177109,-76.30224609,3.92156863,0,0,-
Tue Nov 21 15:15:08 EST 2017,15:08.4,-76.30224388,36.88177326,0,3,-38.70000076,0,-0.34476504,-2.94965649,9.50019264,0.0336321,-,13.72549057,0.01497882,-0.03514424,-0.30067852,0.86841917,14.11764717,14.11764717,-,-,66.19999695,52.42078781,14.64881134,-,671,-,-126.9685059,36.8817749,-76.30224609,3.92156863,0,0,-
Tue Nov 21 15:15:09 EST 2017,15:09.4,-76.30224347,36.88177253,0,3,-38.59999847,0,-0.22984336,-2.87304211,9.53849983,0.0362666,-,13.72549057,0.02016713,-0.03514424,-0.2928687,0.87622905,14.11764717,14.11764717,-,-,66.19999695,52.42078781,14.64881134,-,647,-,-126.6404114,36.88177109,-76.30224609,3.92156863,0,0,-
Tue Nov 21 15:15:10 EST 2017,15:10.4,-76.30224302,36.88177176,0,3,-38.40000153,0,-0.22984336,-2.87304211,9.61511421,0.04222208,-,13.72549057,0.02604332,-0.03123933,-0.30067852,0.88013393,14.11764717,14.11764717,-,-,66.19999695,52.42078781,14.64881134,-,647,-,-125.9842606,36.88177109,-76.30224609,3.92156863,0,0,-
Tue Nov 21 15:15:11 EST 2017,15:11.4,-76.30224308,36.88177179,0,3,-38.40000153,0,-0.22984336,-2.94965649,9.53849983,0.03566731,-,13.72549057,0.01340659,-0.01952458,-0.29677361,0.86841917,14.11764717,14.11764717,-,-,66.19999695,52.42078781,14.64881134,-,664,-,-125.9842606,36.88177109,-76.30224609,3.92156863,0,0,-
Tue Nov 21 15:15:12 EST 2017,15:12.4,-76.30224299,36.88177177,0,3,-38.40000153,0,-0.2681506,-2.87304211,9.80665016,0.03366265,-,13.72549057,-0.00399822,-0.02733441,-0.31239328,0.84498966,14.11764717,14.11764717,-,-,66.19999695,52.42078781,14.64881134,-,664,-,-125.9842606,36.88177109,-76.30224609,3.92156863,0,0,-
Tue Nov 21 15:15:13 EST 2017,15:13.4,-76.30224297,36.88177177,0,3,-38.40000153,0,-0.19153613,-2.87304211,9.6534214,0.03582354,-,13.72549057,0.00996777,-0.03123933,-0.29677361,0.86451429,14.11764717,14.11764717,-,-,66.19999695,52.42078781,14.64881134,-,664,-,-125.9842606,36.88177109,-76.30224609,3.92156863,0,0,-
Tue Nov 21 15:15:14 EST 2017,15:14.4,-76.30224297,36.88177177,0,3,-38.40000153,0,-0.34476504,-2.94965649,9.6534214,0.0485509,-,13.72549057,0.02990265,-0.03514424,-0.30067852,0.88403887,14.11764717,14.11764717,-,-,66.19999695,52.42078781,14.64881134,-,664,-,-125.9842606,36.88177109,-76.30224609,3.92156863,0,0,-
Tue Nov 21 15:15:15 EST 2017,15:15.4,-76.30224297,36.88177178,0,3,-38.40000153,0,-0.30645782,-2.94965649,9.53849983,0.04201718,-,13.72549057,0.01858043,-0.03123933,-0.30067852,0.87232411,14.11764717,14.11764717,-,-,66.19999695,52.42078781,14.64881134,-,657,-,-125.9842606,36.88177109,-76.30224609,4.31372547,0,0,-
Tue Nov 21 15:15:16 EST 2017,15:16.4,-76.302243,36.88177179,0,3,-38.40000153,0,-0.2681506,-2.94965649,9.57680702,0.03654577,-,13.72549057,0.00101425,-0.02733441,-0.30458343,0.85279953,14.11764717,14.11764717,-,-,66.19999695,52.42078781,14.64881134,-,656,-,-125.9842606,36.88177109,-76.30224609,4.31372547,0,0,-
Tue Nov 21 15:15:17 EST 2017,15:17.4,-76.30224301,36.88177179,0,3,-38.40000153,0,-0.22984336,-2.98796368,9.50019264,0.04058156,-,14.11764717,0.0299545,-0.0234295,-0.28896379,0.88794374,14.11764717,14.11764717,-,-,66.19999695,52.42078781,14.64881134,-,656,-,-125.9842606,36.88177109,-76.30224609,3.92156863,0,0,-
Tue Nov 21 15:15:18 EST 2017,15:18.4,-76.30224302,36.88177179,0,3,-38.40000153,0,-0.22984336,-2.9113493,9.50019264,0.03214329,-,14.11764717,0.02461466,-0.01952458,-0.29677361,0.88013393,14.11764717,14.11764717,-,-,66.19999695,52.42078781,14.64881134,-,685,-,-125.9842606,36.88177109,-76.30224609,3.92156863,0,0,-
Tue Nov 21 15:15:19 EST 2017,15:19.4,-76.30224302,36.88177179,0,3,-38.40000153,0,-0.30645782,-2.9113493,9.46188545,0.0378834,-,13.72549057,0.01601561,-0.03123933,-0.30458343,0.86841917,14.11764717,14.11764717,-,-,66.19999695,52.42078781,14.64881134,-,685,-,-125.9842606,36.88177109,-76.30224609,3.92156863,0,0,-
Tue Nov 21 15:15:20 EST 2017,15:20.4,-76.30224301,36.88177179,0,3,-38.40000153,0,-0.2681506,-2.94965649,9.57680702,0.04085022,-,13.72549057,0.01370016,-0.03123933,-0.29677361,0.86841917,14.11764717,14.11764717,-,-,66.19999695,52.42078781,14.64881134,-,664,-,-125.9842606,36.88177109,-76.30224609,3.92156863,0,0,-
Tue Nov 21 15:15:21 EST 2017,15:21.4,-76.30224301,36.88177179,0,3,-38.40000153,0,-0.30645782,-2.9113493,9.50019264,0.03497847,-,13.72549057,0.01370016,-0.03123933,-0.29677361,0.86841917,14.11764717,14.11764717,-,-,66.19999695,52.42078781,14.64881134,-,660,-,-125.9842606,36.88177109,-76.30224609,3.92156863,0,0,-
Tue Nov 21 15:15:22 EST 2017,15:22.4,-76.302243,36.88177178,0,3,-38.40000153,0,-0.19153613,-2.94965649,9.61511421,0.04440302,-,13.72549057,0.02575328,-0.01952458,-0.30067852,0.88013393,14.11764717,14.11764717,-,-,66.19999695,52.42078781,14.64881134,-,660,-,-125.9842606,36.88177109,-76.30224609,3.92156863,0,0,-
Tue Nov 21 15:15:23 EST 2017,15:23.4,-76.302243,36.88177178,0,3,-38.40000153,0,-0.2681506,-2.94965649,9.57680702,0.04085022,-,13.72549057,0.02219927,-0.02733441,-0.30067852,0.87622905,14.11764717,14.11764717,-,-,66.19999695,52.42078781,14.64881134,-,654,-,-125.9842606,36.88177109,-76.30224609,3.92156863,0,0,-
Tue Nov 21 15:15:24 EST 2017,15:24.4,-76.302243,36.88177178,0,3,-38.40000153,0,-0.19153613,-2.83473492,9.76834297,0.03221766,-,14.11764717,0.01112289,-0.03123933,-0.30067852,0.86451429,14.11764717,14.50980377,-,-,66.19999695,52.42078781,14.64881134,-,664,-,-125.9842606,36.88177109,-76.30224609,3.92156863,0,0,-
Tue Nov 21 15:15:25 EST 2017,15:25.4,-76.302243,36.88177178,0,3,-38.40000153,0,-0.22984336,-2.9113493,9.57680702,0.03961092,-,14.11764717,0.01208071,-0.0234295,-0.30458343,0.86451429,14.11764717,14.50980377,-,-,66.19999695,52.42078781,14.64881134,-,664,-,-125.9842606,36.88177109,-76.30224609,3.92156863,0,0,-
Tue Nov 21 15:15:26 EST 2017,15:26.4,-76.30224298,36.88177176,0,3,-38.40000153,0,-0.30645782,-2.9113493,9.53849983,0.03578485,-,14.11764717,0.0109116,-0.0234295,-0.30067852,0.86451429,14.11764717,14.11764717,-,-,66.19999695,52.42078781,14.64881134,-,665,-,-125.9842606,36.88177109,-76.30224609,3.92156863,0,0,-
Tue Nov 21 15:15:27 EST 2017,15:27.4,-76.30224298,36.88177176,0,3,-38.40000153,0,-0.2681506,-2.9113493,9.57680702,0.03532496,-,13.72549057,0.01485102,-0.03123933,-0.30067852,0.86841917,14.11764717,14.11764717,-,-,66.19999695,52.42078781,14.64881134,-,665,-,-125.9842606,36.88177109,-76.30224609,3.92156863,0,0,-
Tue Nov 21 15:15:28 EST 2017,15:28.4,-76.30224298,36.88177175,0,3,-38.40000153,0,-0.15322891,-2.9113493,9.46188545,0.02826029,-,13.72549057,0.00960511,-0.01561966,-0.29677361,0.86451429,14.11764717,14.11764717,-,-,68,52.42078781,14.64881134,-,658,-,-125.9842606,36.88177109,-76.30224609,3.92156863,0,0,-
Tue Nov 21 15:15:29 EST 2017,15:29.4,-76.30224297,36.88177176,0,3,-38.40000153,0,-0.34476504,-2.9113493,9.46188545,0.03417921,-,13.72549057,0.02378036,-0.03123933,-0.2928687,0.88013393,14.11764717,14.11764717,-,-,68,52.42078781,14.64881134,-,659,-,-125.9842606,36.88177109,-76.30224609,3.92156863,0,0,-
Tue Nov 21 15:15:30 EST 2017,15:30.4,-76.30224298,36.88177174,0,3,-38.40000153,0,-0.2681506,-2.33674097,9.69172859,0.03562146,-,13.72549057,0.01997266,-0.03123933,-0.23429495,0.89184868,14.11764717,14.11764717,-,-,68,52.42078781,14.64881134,-,659,-,-125.9842606,36.88177109,-76.30224609,3.92156863,0,0,-
Tue Nov 21 15:15:31 EST 2017,15:31.4,-76.30224298,36.88177172,0,3,-38.40000153,0,-0.15322891,0.03830723,10.41956615,0.06848925,-,13.72549057,0.06262206,-0.01561966,0.00390492,0.96213716,28.23529434,32.94117737,-,-,68,52.34348297,14.64881134,-,1066,-,-125.9842606,36.88177109,-76.30224609,3.92156863,0,1.24274242,2.61199808
Tue Nov 21 15:15:32 EST 2017,15:32.4,-76.30224338,36.88177623,0.75,3,-38.40000153,355.9,-0.45968673,-0.68953007,10.26633644,0.06892139,-,27.84313774,0.05028014,-0.04685899,-0.07028849,0.94651747,48.23529434,48.62745285,-,-,68,52.34348297,14.64881134,-,1066,-,-125.9842606,36.8817749,-76.30224609,19.2156868,1.67770207,1.24274242,2.61199808
Tue Nov 21 15:15:33 EST 2017,15:33.4,-76.30223559,36.88181351,3.5,3,-38.79999924,358.2,-0.2681506,0.45968673,10.07480049,0.08511459,-,27.84313774,0.05964547,-0.01952458,0.04295408,0.95823228,48.23529434,48.62745285,-,-,68,52.282341,14.64881134,-,2620,-,-127.2965851,36.88181305,-76.30223846,51.37255096,7.82927656,11.80605221,88.01299286
Tue Nov 21 15:15:34 EST 2017,15:34.4,-76.30223129,36.88186695,5,4,-40.29999924,356.3,-0.30645782,-0.99598789,10.07480049,0.07866333,-,56.86274719,0.10046072,-0.00780983,-0.07809832,0.99728137,54.90196228,54.90196228,-,-,68,52.282341,14.64881134,-,3044,-,-132.2178497,36.88186646,-76.30223083,51.37255096,11.18468189,11.80605221,88.01299286
Tue Nov 21 15:15:35 EST 2017,15:35.4,-76.30222846,36.88192107,5.75,4,-41.20000076,358.7,-0.38307226,-2.18351197,9.99818611,-0.02254753,-,23.52941132,-0.04397374,-0.01171475,-0.23819989,0.82546508,54.90196228,54.90196228,-,-,68,52.24009705,14.64881134,-,3044,-,-135.1706085,36.88191986,-76.30223083,22.74509811,12.86238289,24.23347664,181.7163849
Tue Nov 21 15:15:36 EST 2017,15:36.4,-76.30223836,36.88206119,11.75,3,-41.40000153,357.4,-1.41736746,-2.9113493,9.27034855,0.01997703,-,23.52941132,0.02547805,-0.12886222,-0.28505886,0.87622905,37.25490189,36.47058868,-,-,68,52.20359039,14.64881134,-,2183,-,-135.8267822,36.882061,-76.30223846,22.74509811,26.2840004,27.96170425,86.71372223
Tue Nov 21 15:15:37 EST 2017,15:37.4,-76.302251,36.88218173,12.5,3,-41.79999924,355.6,-0.91937345,-3.25611424,9.42357826,0.03983479,-,16.07843208,0.05168119,-0.07809832,-0.3397277,0.89184868,14.11764717,14.11764717,-,-,68,52.20359039,14.64881134,-,2183,-,-137.1390991,36.88218307,-76.30225372,6.66666698,27.96170425,27.96170425,86.71372223
Tue Nov 21 15:15:38 EST 2017,15:38.4,-76.30226797,36.88230009,12.75,3,-42.40000153,352.4,-1.11090958,-2.37504816,9.61511421,0.03492373,-,16.07843208,0.11160784,-0.1718163,-0.24600971,0.96994704,14.11764717,14.11764717,-,-,66.19999695,52.16625595,14.64881134,-,1601,-,-139.1076202,36.88230133,-76.30226898,6.66666698,28.52093697,27.34033203,86.71372223
Tue Nov 21 15:15:39 EST 2017,15:39.4,-76.30229817,36.88240975,12,4,-41.59999847,349.3,0.42137951,-3.02627087,10.11310768,0.03564042,-,25.09803963,-0.05949376,0.03514424,-0.23429495,0.80984545,38.03921509,38.03921509,-,-,66.19999695,52.16625595,14.64881134,-,1601,-,-136.4829407,36.88240814,-76.3022995,14.50980377,26.84323311,27.34033203,86.71372223
Tue Nov 21 15:15:40 EST 2017,15:40.4,-76.3023333,36.88251968,12.5,4,-42,347,0.68953007,-3.86903,8.81066227,0.04125513,-,25.09803963,0.03454439,0.08590815,-0.36315718,0.86451429,38.03921509,38.03921509,-,-,66.19999695,52.13183212,14.64881134,-,1679,-,-137.7952728,36.88251877,-76.30233002,5.88235283,27.96170425,29.20444679,51.97227478
Tue Nov 21 15:15:41 EST 2017,15:41.4,-76.3023551,36.88264097,13,4,-41.40000153,351.4,-0.72783732,-4.5202527,8.73404789,0.05444217,-,15.29411793,0.0055768,-0.0741934,-0.46078008,0.79032087,14.11764717,14.11764717,-,-,66.19999695,52.09285736,14.64881134,-,1555,-,-135.8267822,36.88264084,-76.30235291,5.88235283,29.08017159,26.09758949,51.97227478
Tue Nov 21 15:15:42 EST 2017,15:42.4,-76.30236059,36.88275039,12.25,4,-41.59999847,356.2,-0.38307226,-5.40131903,9.57680702,0.07310672,-,14.50980377,0.02310949,-0.0234295,-0.55449808,0.75908154,14.11764717,14.11764717,-,-,66.19999695,52.09285736,14.64881134,-,1555,-,-136.4829407,36.88275146,-76.30236053,5.09803915,27.40246773,26.09758949,51.97227478
Tue Nov 21 15:15:43 EST 2017,15:43.4,-76.30236529,36.882836,10,4,-41.59999847,356.7,-0.38307226,-5.59285498,8.6957407,0.07365268,-,14.50980377,0.05574305,-0.02733441,-0.49201941,0.8332749,14.11764717,14.11764717,-,-,66.19999695,52.04100037,14.64881134,-,1063,-,-136.4829407,36.88283539,-76.30236816,5.09803915,22.36936378,17.39839363,-
Tue Nov 21 15:15:44 EST 2017,15:44.4,-76.30236832,36.88290804,7.75,4,-41.40000153,356.8,-0.22984336,-5.89931297,8.77235508,0.07957342,-,13.72549057,0.07279736,-0.01952458,-0.58573741,0.79813069,14.11764717,14.50980377,-,-,66.19999695,52.04100037,14.64881134,-,839,-,-135.8267822,36.88290787,-76.30236816,3.52941179,17.33625603,17.39839363,-
Tue Nov 21 15:15:45 EST 2017,15:45.4,-76.30237078,36.88295589,5.5,4,-41.70000076,356.6,-0.38307226,-4.59686708,8.81066227,0.0327751,-,13.33333397,0.04305651,-0.01561966,-0.47249481,0.82936996,14.11764717,14.50980377,-,-,66.19999695,51.9772377,14.64881134,-,839,-,-136.8110199,36.88295746,-76.30236816,3.13725495,12.30314922,9.32056808,-
Tue Nov 21 15:15:46 EST 2017,15:46.4,-76.30237425,36.88297662,2.75,3,-41.59999847,357.2,-0.11492168,-2.79642749,10.0364933,0.06023155,-,13.33333397,0.06437249,-0.00780983,-0.37487194,0.89575356,14.11764717,14.11764717,-,-,66.19999695,51.90347672,14.64881134,-,620,-,-136.4829407,36.88297653,-76.30237579,3.13725495,6.15157461,2.48548484,-
Tue Nov 21 15:15:47 EST 2017,15:47.4,-76.30237522,36.88298832,1.25,3,-41.5,357.2,-0.15322891,-0.80445176,10.18972206,0.04520988,-,15.29411793,0.04241266,-0.01561966,-0.08200324,0.93870759,39.60784531,14.11764717,-,-,66.19999695,51.90347672,14.64881134,-,620,-,-136.1548615,36.88298798,-76.30237579,4.70588255,2.79617047,2.48548484,-
Tue Nov 21 15:15:48 EST 2017,15:48.4,-76.30237498,36.88299098,0.75,4,-41.40000153,357.9,0,-0.38307226,10.30464458,0.07014805,-,15.29411793,0.05150707,0,-0.03904916,0.95042247,39.60784531,39.60784531,-,-,66.19999695,51.83178711,14.64881134,-,1442,-,-135.8267822,36.88299179,-76.30237579,4.70588255,1.67770207,3.72822714,5.90862226
Tue Nov 21 15:15:49 EST 2017,15:49.4,-76.302372,36.88301242,2.25,4,-41.20000076,357.4,-0.34476504,-1.30244577,9.88326454,0.03578645,-,29.80392265,0.01713379,-0.03514424,-0.13276714,0.90746832,40.7843132,38.4313736,-,-,66.19999695,51.83178711,14.64881134,-,2092,-,-135.1706085,36.88301086,-76.30237579,19.2156868,5.03310633,3.72822714,5.90862226
Tue Nov 21 15:15:50 EST 2017,15:50.4,-76.30236981,36.88305363,4,4,-41.59999847,0.8,-0.34476504,-3.40934324,9.30865574,0.03014702,-,14.90196133,0.02213216,-0.03123933,-0.33582276,0.86451429,40.7843132,38.4313736,-,-,66.19999695,51.77415848,14.64881134,-,2092,-,-136.4829407,36.88305283,-76.30236816,5.88235283,8.94774532,13.04879475,106.8454285
Tue Nov 21 15:15:51 EST 2017,15:51.4,-76.30237091,36.88310997,5.5,4,-41.90000153,359.6,-0.30645782,-1.60890353,9.42357826,-0.00599009,-,14.90196133,0.05255862,-0.05076391,-0.16010156,0.93870759,14.11764717,17.64705849,-,-,66.19999695,51.71486282,14.64881134,-,1049,-,-137.4671936,36.88311005,-76.30236816,5.88235283,12.30314922,11.80605221,106.8454285
Tue Nov 21 15:15:52 EST 2017,15:52.4,-76.30237112,36.88316137,5.5,4,-41.79999924,358.8,-2.37504816,-2.22181916,9.92157173,0.08332425,-,23.52941132,0.04893541,-0.22258021,-0.20696054,0.90356338,31.76470566,17.64705849,-,-,66.19999695,51.71486282,14.64881134,-,1049,-,-137.1390991,36.88315964,-76.30236816,15.29411793,12.30314922,11.80605221,106.8454285
Tue Nov 21 15:15:53 EST 2017,15:53.4,-76.30237553,36.88321947,6.25,3,-42.29999924,356,-3.02627087,-2.71981311,9.38527107,0.10087804,-,23.52941132,0.10657244,-0.25772443,-0.27724904,0.85670447,31.76470566,30.19607925,-,-,66.19999695,51.6612587,14.64881134,-,1803,-,-138.7795258,36.88322067,-76.30237579,15.29411793,13.98085213,15.53427982,59.1415062
Tue Nov 21 15:15:54 EST 2017,15:54.4,-76.30240526,36.88327553,6.5,4,-42.09999847,343.6,-1.68551803,-2.94965649,9.69172859,0.06588167,-,17.64705849,0.04723933,-0.1718163,-0.30067852,0.88794374,28.23529434,28.23529434,-,-,66.19999695,51.6612587,14.64881134,-,1255,-,-138.1233521,36.88327408,-76.30240631,9.01960754,14.54008579,15.53427982,59.1415062
Tue Nov 21 15:15:55 EST 2017,15:55.4,-76.30245935,36.88332737,7.25,4,-41.70000076,324.9,-1.80043972,-2.71981311,9.27034855,0.04241918,-,17.64705849,0.00211867,-0.18353106,-0.27724904,0.84498966,28.23529434,28.23529434,-,-,66.19999695,51.60965729,14.64881134,-,1255,-,-136.8110199,36.88332748,-76.30245972,8.23529434,16.21778679,16.77702141,30.71820259
Tue Nov 21 15:15:56 EST 2017,15:56.4,-76.3025203,36.8833658,7.5,4,-41.29999924,308.6,-2.22181916,-2.26012635,9.92157173,0.08072072,-,17.64705849,-0.01747135,-0.20696054,-0.26943922,0.82156014,28.23529434,29.80392265,-,-,66.19999695,51.56004333,14.64881134,-,1329,-,-135.4986877,36.88336563,-76.30252075,8.23529434,16.77702141,18.01976395,31.57988548
Tue Nov 21 15:15:57 EST 2017,15:57.4,-76.30260664,36.88339015,8,3,-40.79999924,292.6,-1.83874691,-1.03429508,9.99818611,0.07525071,-,25.09803963,0.0644585,-0.19915071,-0.11714748,0.93870759,41.17647171,47.45098114,-,-,66.19999695,51.56004333,14.64881134,-,1329,-,-133.8582611,36.88338852,-76.30260468,12.94117641,17.89549065,18.01976395,31.57988548
Tue Nov 21 15:15:58 EST 2017,15:58.4,-76.3026982,36.88340004,8.5,3,-40.20000076,276.1,-0.2681506,-1.26413846,10.15141487,0.06215352,-,25.09803963,0.03695304,-0.04685899,-0.13276714,0.92699289,41.17647171,47.45098114,-,-,66.19999695,51.51607132,14.64881134,-,1713,-,-131.8897705,36.88339996,-76.30269623,33.72549057,19.01395798,21.74799156,85.74347687
Tue Nov 21 15:15:59 EST 2017,15:59.4,-76.30280956,36.88339757,10.25,4,-40,268.1,-0.19153613,-1.53228903,9.23204136,0.03026021,-,33.72549057,0.10537212,-0.01952458,-0.18353106,0.98947155,40.7843132,41.17647171,-,-,66.19999695,51.48046494,14.64881134,-,2085,-,-131.2335968,36.88339615,-76.30281067,33.72549057,22.9285965,27.34033203,140.0294952
Tue Nov 21 15:16:00 EST 2017,16:00.4,-76.30294827,36.88339659,12,3,-39.90000153,267.6,-0.19153613,-2.79642749,10.41956615,0.11889774,-,23.13725471,0.06440116,-0.03123933,-0.36315718,0.8996585,14.11764717,41.17647171,-,-,66.19999695,51.48046494,14.64881134,-,2085,-,-130.9055176,36.88339615,-76.302948,20,26.84323311,27.34033203,140.0294952
Tue Nov 21 15:16:01 EST 2017,16:01.4,-76.30309527,36.88339137,13,4,-39.5,268.2,-0.49799395,-2.26012635,9.84495735,0.02224378,-,23.13725471,0.0312722,-0.05076391,-0.23039004,0.90356338,14.11764717,20.7843132,-,-,66.19999695,51.4467926,14.64881134,-,1648,-,-129.5931702,36.88339233,-76.30309296,20,29.08017159,28.58307457,39.73331451
Tue Nov 21 15:16:02 EST 2017,16:02.4,-76.30324594,36.88340029,13,4,-39.20000076,273.1,-0.76614451,-2.71981311,10.18972206,0.03580238,-,23.52941132,0.07827359,-0.07809832,-0.27724904,0.93870759,38.4313736,38.82352829,-,-,66.19999695,51.4467926,14.64881134,-,1648,-,-128.6089325,36.88339996,-76.30324554,14.90196133,29.08017159,28.58307457,39.73331451
Tue Nov 21 15:16:03 EST 2017,16:03.4,-76.30339807,36.88339259,13.25,3,-39.20000076,267.3,-0.61291564,-2.7581203,9.73003578,0.05181891,-,23.52941132,0.03317174,-0.06247865,-0.28115395,0.89184868,38.4313736,38.82352829,-,-,66.19999695,51.41504288,14.64881134,-,1702,-,-128.6089325,36.88339233,-76.30339813,6.66666698,29.6394043,29.82581711,41.53320312
Tue Nov 21 15:16:04 EST 2017,16:04.4,-76.30354523,36.88338701,13.5,4,-38.90000153,266.1,0.03830723,-3.83072281,9.76834297,0.08859068,-,17.64705849,0.06995603,0.00390492,-0.3904916,0.89575356,30.98039246,33.33333206,-,-,66.19999695,51.38338852,14.64881134,-,1731,-,-127.6246796,36.88338852,-76.30354309,6.66666698,30.19863892,29.82581711,41.53320312
Tue Nov 21 15:16:05 EST 2017,16:05.4,-76.30369852,36.88337375,13.5,4,-38.59999847,265.1,1.41736746,-3.21780705,10.07480049,0.0479175,-,17.25490189,0.08181265,0.15619664,-0.30067852,0.92699289,29.80392265,33.33333206,-,-,66.19999695,51.38338852,14.64881134,-,1731,-,-126.6404114,36.88337326,-76.30369568,7.05882359,30.19863892,29.82581711,41.53320312
Tue Nov 21 15:16:06 EST 2017,16:06.4,-76.30384487,36.88336671,13.25,4,-38.40000153,265.9,-0.68953007,-3.21780705,8.96389103,0.04559314,-,17.25490189,-0.0262854,-0.07028849,-0.32801294,0.81375033,29.80392265,32.94117737,-,-,66.19999695,51.35182571,14.64881134,-,1736,-,-125.9842606,36.88336563,-76.30384827,9.8039217,29.6394043,29.82581711,-
Tue Nov 21 15:16:07 EST 2017,16:07.4,-76.30399559,36.88336741,13.75,4,-38.29999924,269.3,-0.84275901,-3.83072281,9.27034855,0.04509419,-,16.47058868,-0.00521686,-0.12886222,-0.39830142,0.80203557,20.3921566,25.49019623,-,-,66.19999695,51.35182571,14.64881134,-,1743,-,-125.6561661,36.88336563,-76.30399323,9.8039217,30.75787354,29.82581711,-
Tue Nov 21 15:16:08 EST 2017,16:08.4,-76.30415034,36.88336928,13.75,3,-38.29999924,270.5,-0.45968673,-2.98796368,9.76834297,0.00647256,-,15.68627453,0.04270538,-0.04685899,-0.30458343,0.89575356,20.3921566,25.49019623,-,-,66.19999695,51.32126236,14.64881134,-,1743,-,-125.6561661,36.88336945,-76.30415344,6.27450991,30.75787354,30.44718933,20.14350128
Tue Nov 21 15:16:09 EST 2017,16:09.4,-76.30430196,36.88336881,13,3,-37.79999924,268.6,-1.18752408,-1.45567465,9.84495735,0.04067105,-,15.68627453,0.03109463,-0.1444819,-0.13667206,0.91137326,14.11764717,28.23529434,-,-,66.19999695,51.28716278,14.64881134,-,1645,-,-124.0157471,36.88336945,-76.3042984,6.27450991,29.08017159,27.96170425,20.14350128
Tue Nov 21 15:16:10 EST 2017,16:10.4,-76.3044478,36.88336768,12.75,4,-37.79999924,270,-0.68953007,-2.45166254,8.88727665,-0.03543172,-,31.37254906,-0.01629183,-0.04685899,-0.25381953,0.84889454,38.03921509,34.11764908,-,-,66.19999695,51.28716278,14.64881134,-,1645,-,-124.0157471,36.88336945,-76.30445099,28.62745094,28.52093697,27.96170425,20.14350128
Tue Nov 21 15:16:11 EST 2017,16:11.4,-76.30460354,36.883361,13.75,4,-37.5,268.1,-0.22984336,-4.21379519,9.0788126,0.03955859,-,31.37254906,0.01147741,-0.03123933,-0.40611124,0.82546508,38.03921509,34.11764908,-,-,66.19999695,51.25859451,14.64881134,-,1838,-,-123.0314941,36.88336182,-76.30460358,6.66666698,30.75787354,31.68992996,117.2836914
Tue Nov 21 15:16:12 EST 2017,16:12.4,-76.30476286,36.88335485,14.25,4,-37.59999847,266.9,-0.22984336,-4.09887314,9.23204136,0.03775787,-,16.07843208,0.03028772,-0.0234295,-0.417826,0.84108472,14.11764717,14.11764717,-,-,66.19999695,51.22378159,14.64881134,-,1626,-,-123.3595734,36.88335419,-76.30476379,6.66666698,31.87634087,27.34033203,117.2836914
Tue Nov 21 15:16:13 EST 2017,16:13.4,-76.30490722,36.88334996,13,4,-37.70000076,267.1,0.07661445,-4.21379519,9.73003578,0.09989315,-,14.90196133,0.08126243,0.00780983,-0.42954078,0.89184868,14.11764717,14.11764717,-,-,66.19999695,51.22378159,14.64881134,-,1626,-,-123.6876679,36.88335037,-76.30490875,5.49019623,29.08017159,27.34033203,117.2836914
Tue Nov 21 15:16:14 EST 2017,16:14.4,-76.30504314,36.88334266,12,4,-37.79999924,267.5,-0.03830723,-4.94163227,8.50420475,0.05427266,-,14.90196133,0.0029711,-0.00390492,-0.50373417,0.76689136,14.11764717,14.11764717,-,-,66.19999695,51.18454742,14.64881134,-,1432,-,-124.0157471,36.88334274,-76.30504608,5.49019623,26.84323311,24.23347664,-
Tue Nov 21 15:16:15 EST 2017,16:15.4,-76.30516353,36.88333694,11,4,-37.40000153,267.6,-0.15322891,-5.5162406,9.04050541,0.08866933,-,14.11764717,0.08004811,-0.01561966,-0.56230789,0.82156014,14.11764717,14.11764717,-,-,66.19999695,51.18454742,14.64881134,-,1432,-,-122.7034149,36.88333511,-76.30516052,4.70588255,24.60629845,24.23347664,-
Tue Nov 21 15:16:16 EST 2017,16:16.4,-76.30527044,36.88334197,9.5,4,-37,268.5,-0.22984336,-4.63517427,8.92558384,0.04448467,-,14.11764717,0.03660718,-0.01952458,-0.52325869,0.79422575,14.11764717,14.11764717,-,-,66.19999695,51.13280487,14.64881134,-,887,-,-121.3910751,36.88334274,-76.30526733,3.92156863,21.25089455,15.53427982,-
Tue Nov 21 15:16:17 EST 2017,16:17.4,-76.30532601,36.88334234,6,4,-37,268.1,-0.2681506,-4.13718033,9.11711979,0.05018123,-,13.72549057,0.04176101,-0.01561966,-0.4373506,0.84498966,14.11764717,14.11764717,-,-,66.19999695,51.0695076,14.64881134,-,756,-,-121.3910751,36.88334274,-76.30532837,3.92156863,13.42161655,7.45645428,-
Tue Nov 21 15:16:18 EST 2017,16:18.4,-76.30536846,36.88335051,3.75,4,-36.5,267.8,-0.22984336,-4.21379519,9.27034855,0.05729645,-,13.33333397,0.02075778,-0.01561966,-0.42954078,0.82546508,14.11764717,14.11764717,-,-,64.40000153,51.0695076,14.64881134,-,756,-,-119.7506561,36.88335037,-76.30536652,3.13725495,8.3885107,7.45645428,-
Tue Nov 21 15:16:19 EST 2017,16:19.4,-76.30539858,36.88334995,2.5,4,-36.09999847,267,-0.22984336,-3.83072281,9.27034855,0.04629809,-,13.33333397,0.01209574,-0.01952458,-0.42563587,0.81765527,14.11764717,14.11764717,-,-,64.40000153,50.99919891,14.64881134,-,611,-,-118.4383164,36.88335037,-76.30539703,3.13725495,5.59234095,2.48548484,-
Tue Nov 21 15:16:20 EST 2017,16:20.4,-76.30540633,36.88334915,1,4,-35.59999847,266.8,-0.11492168,-2.7581203,9.53849983,0.03122479,-,14.11764717,0.00718403,-0.0234295,-0.30067852,0.86060935,14.11764717,14.11764717,-,-,64.40000153,50.99919891,14.64881134,-,655,-,-116.7978973,36.88335037,-76.30540466,4.31372547,2.23693633,2.48548484,-
Tue Nov 21 15:16:21 EST 2017,16:21.4,-76.30540636,36.88335572,0,3,-34.5,0,-0.11492168,-2.29843354,9.84495735,0.04407501,-,14.11764717,0.03096883,-0.01171475,-0.23429495,0.90356338,14.11764717,14.11764717,-,-,64.40000153,50.99919891,14.64881134,-,655,-,-113.1889801,36.88335419,-76.30540466,4.31372547,0,0,-
Tue Nov 21 15:16:22 EST 2017,16:22.4,-76.30540765,36.88335868,0,3,-34.40000153,0,-0.11492168,-1.60890353,9.95987892,0.04750627,-,14.11764717,0.02885761,-0.01171475,-0.16400647,0.91527814,26.27450943,30.19607925,-,-,64.40000153,50.92639542,14.64881134,-,901,-,-112.8609009,36.883358,-76.30540466,4.31372547,0,0.62137121,0.81266087
Tue Nov 21 15:16:23 EST 2017,16:23.4,-76.30541241,36.88335856,0.75,4,-34.40000153,266.8,-0.07661445,-0.38307226,10.18972206,0.05179755,-,21.56862831,0.03982585,-0.00780983,-0.03904916,0.93870759,26.27450943,30.19607925,-,-,64.40000153,50.92639542,14.64881134,-,901,-,-112.8609009,36.883358,-76.30541229,10.58823586,1.67770207,0.62137121,0.81266087
Tue Nov 21 15:16:24 EST 2017,16:24.4,-76.30543731,36.88336608,2,4,-33.40000153,267.8,-0.22984336,-0.38307226,9.99818611,0.03919989,-,21.56862831,0.0171638,-0.01171475,-0.05466883,0.91527814,42.35294342,44.31372452,-,-,64.40000153,50.86546326,14.64881134,-,2066,-,-109.5800552,36.88336563,-76.30543518,10.58823586,4.47387266,8.69919682,53.03375244
Tue Nov 21 15:16:25 EST 2017,16:25.4,-76.3054817,36.88336203,4,4,-33.09999847,267.7,-0.22984336,-1.53228903,9.95987892,0.04107586,-,25.09803963,0.02248286,-0.01561966,-0.1718163,0.90746832,35.68627548,40.7843132,-,-,64.40000153,50.86546326,14.64881134,-,2066,-,-108.5957947,36.88336182,-76.30548096,18.8235302,8.94774532,8.69919682,53.03375244
Tue Nov 21 15:16:26 EST 2017,16:26.4,-76.30554857,36.8833628,6,4,-33.09999847,268,-0.5363012,-1.57059634,9.99818611,0.05212885,-,25.09803963,0.04897906,-0.01561966,-0.19134088,0.93089777,35.68627548,40.7843132,-,-,64.40000153,50.81365967,14.64881134,-,1935,-,-108.5957947,36.88336182,-76.30554962,20.7843132,13.42161655,14.91290855,88.60139465
Tue Nov 21 15:16:27 EST 2017,16:27.4,-76.30563773,36.88336239,7.5,4,-33.29999924,267.9,-0.5363012,-1.57059634,10.15141487,0.04285568,-,28.23529434,0.03607713,-0.01952458,-0.16010156,0.92308795,44.31372452,45.49019623,-,-,64.40000153,50.7709465,14.64881134,-,1833,-,-109.2519684,36.88336182,-76.30564117,20.7843132,16.77702141,21.12662125,131.9401398
Tue Nov 21 15:16:28 EST 2017,16:28.4,-76.30574421,36.88335575,9,4,-33,266.6,-0.30645782,-1.57059634,10.0364933,0.05501026,-,30.98039246,0.08368697,-0.00780983,-0.10933765,0.97775686,44.70588303,45.49019623,-,-,66.19999695,50.7709465,14.64881134,-,1833,-,-108.2677155,36.88335419,-76.30574799,23.52941132,20.13242531,21.12662125,131.9401398
Tue Nov 21 15:16:29 EST 2017,16:29.4,-76.30586578,36.88335133,10.5,4,-33.20000076,266.6,-0.42137951,-2.79642749,10.22802925,0.10073215,-,30.98039246,0.12872377,-0.00390492,-0.24600971,1.00118625,44.70588303,42.74509811,-,-,66.19999695,50.73638535,14.64881134,-,2029,-,-108.9238892,36.88335037,-76.30586243,23.52941132,23.48783112,26.71896172,132.7696838
Tue Nov 21 15:16:30 EST 2017,16:30.4,-76.30600506,36.88334356,12,4,-33,267.2,0.19153613,-2.03028297,9.76834297,0.05673051,-,23.52941132,0.0366587,-0.04685899,-0.23819989,0.90746832,36.86274719,42.74509811,-,-,66.19999695,50.73638535,14.64881134,-,2029,-,-108.2677155,36.88334274,-76.30600739,16.07843208,26.84323311,26.71896172,132.7696838
Tue Nov 21 15:16:31 EST 2017,16:31.4,-76.30615038,36.88333657,13,4,-33,267.4,-0.38307226,-2.06859016,9.11711979,-0.02720881,-,23.52941132,-0.04588295,-0.03904916,-0.21086545,0.82936996,36.86274719,38.4313736,-,-,66.19999695,50.70727921,14.64881134,-,1741,-,-108.2677155,36.88333511,-76.30615234,16.07843208,29.08017159,30.44718933,101.9241867
Tue Nov 21 15:16:32 EST 2017,16:32.4,-76.30630527,36.88332892,13.75,4,-32.29999924,267.6,-0.42137951,-3.40934324,9.50019264,0.02893341,-,24.70588303,0.03013973,-0.04295408,-0.34753752,0.86841917,30.98039246,14.11764717,-,-,66.19999695,50.70727921,14.64881134,-,1741,-,-105.9711227,36.88332748,-76.30630493,16.47058868,30.75787354,30.44718933,101.9241867
Tue Nov 21 15:16:33 EST 2017,16:33.4,-76.30646719,36.88332156,14.25,3,-32.90000153,267.7,-0.30645782,-3.52426481,9.46188545,0.05829922,-,24.70588303,0.04039071,-0.07028849,-0.38268176,0.86451429,30.98039246,14.11764717,-,-,66.19999695,50.68003464,14.64881134,-,1841,-,-107.9396362,36.88331985,-76.30646515,6.27450991,31.87634087,31.68992996,38.79755783
Tue Nov 21 15:16:34 EST 2017,16:34.4,-76.30662708,36.8833175,14.25,4,-32.70000076,267.6,-0.57460839,-2.9113493,9.50019264,0.04667562,-,15.68627453,0.03113902,-0.05466883,-0.28896379,0.88794374,14.11764717,18.4313736,-,-,66.19999695,50.6510849,14.64881134,-,1746,-,-107.2834702,36.88331604,-76.30662537,6.27450991,31.87634087,30.44718933,38.79755783
Tue Nov 21 15:16:35 EST 2017,16:35.4,-76.3067827,36.88330675,13.75,4,-32.20000076,267.7,-0.07661445,-2.68150592,9.80665016,0.0428088,-,17.64705849,0.02450296,-0.05857374,-0.31629819,0.87232411,27.45098114,18.4313736,-,-,66.19999695,50.6510849,14.64881134,-,1746,-,-105.6430435,36.88330841,-76.30678558,9.4117651,30.75787354,30.44718933,38.79755783
Tue Nov 21 15:16:36 EST 2017,16:36.4,-76.30693894,36.88330306,13.75,4,-32.20000076,267.7,-0.38307226,-2.83473492,9.88326454,0.02110785,-,17.64705849,-0.07345259,0.01952458,-0.33582276,0.76298648,27.45098114,30.58823586,-,-,66.19999695,50.62222672,14.64881134,-,1772,-,-105.6430435,36.8833046,-76.30693817,9.4117651,30.75787354,30.44718933,-
Tue Nov 21 15:16:37 EST 2017,16:37.4,-76.30709511,36.88329702,13.75,4,-32.5,267.7,-0.2681506,-2.94965649,9.50019264,0.03412517,-,20.7843132,0.0122993,-0.03514424,-0.31629819,0.86060935,14.11764717,14.11764717,-,-,66.19999695,50.62222672,14.64881134,-,1773,-,-106.6272965,36.88329697,-76.30709839,10.1960783,30.75787354,30.44718933,-
Tue Nov 21 15:16:38 EST 2017,16:38.4,-76.30725183,36.88328681,14,4,-33,267.5,-0.34476504,-3.25611424,9.42357826,0.05070734,-,15.68627453,0.06516068,-0.01952458,-0.35534734,0.90356338,14.11764717,14.11764717,-,-,66.19999695,50.59344482,14.64881134,-,1773,-,-108.2677155,36.88328552,-76.30725098,6.27450991,31.31710625,30.44718933,-
Tue Nov 21 15:16:39 EST 2017,16:39.4,-76.30740238,36.88328039,13.5,4,-32.90000153,267.4,-0.38307226,-3.75410819,9.57680702,0.06828231,-,15.68627453,0.0496407,-0.03904916,-0.38268176,0.87622905,14.11764717,14.11764717,-,-,66.19999695,50.56297684,14.64881134,-,1673,-,-107.9396362,36.88328171,-76.30740356,6.27450991,30.19863892,29.20444679,-
Tue Nov 21 15:16:40 EST 2017,16:40.4,-76.30754972,36.88327481,13,4,-32.79999924,267.4,-0.34476504,-4.90332508,9.15542698,0.06053299,-,15.29411793,0.05963821,-0.03514424,-0.49982923,0.8332749,14.11764717,14.11764717,-,-,66.19999695,50.56297684,14.64881134,-,1673,-,-107.6115494,36.88327408,-76.30754852,5.88235283,29.08017159,29.20444679,-
Tue Nov 21 15:16:41 EST 2017,16:41.4,-76.30768783,36.88326015,12,4,-32.5,267.1,-0.38307226,-5.17147589,8.61912632,0.06915814,-,15.29411793,0.02571609,-0.03904916,-0.52716368,0.77860612,14.11764717,14.11764717,-,-,66.19999695,50.52463913,14.64881134,-,1391,-,-106.6272965,36.88325882,-76.30768585,5.88235283,26.84323311,23.61210442,-
Tue Nov 21 15:16:42 EST 2017,16:42.4,-76.30779904,36.88325234,10.25,4,-31.70000076,267.7,2.22181916,-4.94163227,8.08282471,0.05136273,-,14.11764717,-0.02225852,0.24600971,-0.46468499,0.72393727,14.11764717,14.11764717,-,-,66.19999695,50.52463913,14.64881134,-,835,-,-104.0026245,36.88325119,-76.30780029,4.70588255,22.9285965,23.61210442,-
Tue Nov 21 15:16:43 EST 2017,16:43.4,-76.30788893,36.88325303,8,4,-31.89999962,270.4,2.7581203,-2.68150592,9.27034855,0.17226118,-,15.68627453,0.18329076,0.37487194,-0.43344569,0.93480271,14.11764717,14.11764717,-,-,66.19999695,50.47404861,14.64881134,-,835,-,-104.6587906,36.88325119,-76.30789185,4.70588255,17.89549065,14.91290855,-
Tue Nov 21 15:16:44 EST 2017,16:44.4,-76.30794725,36.88328053,6.25,3,-32.90000153,292.4,4.13718033,-2.10689759,9.84495735,0.17250116,-,15.68627453,0.13990238,0.4373506,-0.21086545,0.93089777,36.07843018,37.25490189,-,-,66.19999695,50.4209671,14.64881134,-,1583,-,-107.9396362,36.88328171,-76.30794525,4.70588255,13.98085213,13.04879475,-
Tue Nov 21 15:16:45 EST 2017,16:45.4,-76.30798342,36.88332817,6.5,3,-34.09999847,323.4,0.07661445,-0.9576807,9.95987892,0.0341836,-,41.17647171,0.02033912,0.00780983,-0.0976229,0.91527814,48.23529434,45.88235474,-,-,66.19999695,50.4209671,14.64881134,-,1583,-,-111.8766327,36.88332748,-76.3079834,28.62745094,14.54008579,13.04879475,-
Tue Nov 21 15:16:46 EST 2017,16:46.4,-76.30799419,36.88337348,6.25,4,-36.09999847,339.3,-0.5363012,-4.09887314,8.6957407,0.00047868,-,41.17647171,-0.03318143,-0.01952458,-0.40220633,0.77860612,48.23529434,45.88235474,-,-,66.19999695,50.37859344,14.64881134,-,1699,-,-118.4383164,36.88337326,-76.30799103,6.66666698,13.98085213,20.50524902,166.6007538
Tue Nov 21 15:16:47 EST 2017,16:47.4,-76.30800769,36.88345075,7.5,5,-36.79999924,346.7,2.10689759,-6.4739213,8.61912632,0.1148559,-,15.29411793,0.12680253,0.23039004,-0.69117016,0.75908154,14.11764717,14.11764717,-,-,66.19999695,50.32930756,14.64881134,-,1337,-,-120.7349091,36.88344955,-76.30800629,6.66666698,16.77702141,15.53427982,166.6007538
Tue Nov 21 15:16:48 EST 2017,16:48.4,-76.30798631,36.88352653,7.75,4,-36.70000076,1.4,2.52827692,-3.25611424,8.31266785,-0.03515559,-,14.50980377,-0.02853675,0.20696054,-0.32801294,0.79032087,14.11764717,14.11764717,-,-,64.40000153,50.32930756,14.64881134,-,1337,-,-120.4068298,36.88352585,-76.3079834,4.70588255,17.33625603,15.53427982,166.6007538
Tue Nov 21 15:16:49 EST 2017,16:49.4,-76.30795816,36.88356944,5,4,-36.5,21.7,2.33674097,-1.80043972,9.69172859,0.11846493,-,14.50980377,0.16278374,0.35925224,-0.24600971,0.97775686,14.11764717,14.11764717,-,-,64.40000153,50.26875687,14.64881134,-,834,-,-119.7506561,36.88356781,-76.30796051,4.70588255,11.18468189,7.45645428,-
Tue Nov 21 15:16:50 EST 2017,16:50.4,-76.3079236,36.88358068,3.25,4,-36.40000153,51.3,0.80445176,-3.14119267,9.53849983,-0.03907525,-,23.13725471,0.0111078,0.07809832,-0.30458343,0.86060935,35.68627548,14.11764717,-,-,64.40000153,50.26875687,14.64881134,-,1314,-,-119.4225769,36.88357925,-76.30792236,14.90196133,7.2700429,7.45645428,-
Tue Nov 21 15:16:51 EST 2017,16:51.4,-76.30789018,36.8835946,3.25,4,-36.29999924,67.4,1.72382522,-3.56257224,8.92558384,0.02420901,-,23.13725471,0.05020756,0.1444819,-0.37877685,0.86841917,35.68627548,14.11764717,-,-,64.40000153,50.21099854,14.64881134,-,1314,-,-119.0944824,36.88359451,-76.30789185,4.31372547,7.2700429,9.32056808,25.2174511
Tue Nov 21 15:16:52 EST 2017,16:52.4,-76.30786495,36.88360244,2.75,5,-36.40000153,68.2,2.45166254,-3.40934324,9.34696388,0.0515487,-,14.11764717,0.03654099,0.23039004,-0.33582276,0.85279953,14.11764717,14.11764717,-,-,64.40000153,50.14902878,14.64881134,-,886,-,-119.4225769,36.88360214,-76.30786133,4.31372547,6.15157461,6.21371174,25.2174511
Tue Nov 21 15:16:53 EST 2017,16:53.4,-76.30783885,36.88361472,2.75,5,-36.40000153,63.1,1.18752408,-3.17949986,9.38527107,0.07457195,-,14.90196133,0.06775041,0.1952458,-0.37487194,0.88013393,14.50980377,14.11764717,-,-,64.40000153,50.14902878,14.64881134,-,886,-,-119.4225769,36.88361359,-76.30783844,5.88235283,6.15157461,6.21371174,25.2174511
Tue Nov 21 15:16:53 EST 2017,16:54.4,-76.30783885,36.88361472,2.75,5,-36.40000153,63.1,-0.19153613,-3.02627087,9.57680702,0.0429967,-,14.90196133,0.02434657,-0.01952458,-0.30848834,0.87622905,14.50980377,14.50980377,-,-,64.40000153,50.08723831,14.64881134,-,921,-,-119.4225769,36.88361359,-76.30783844,5.88235283,6.15157461,6.21371174,-
Tue Nov 21 15:16:53 EST 2017,16:55.4,-76.30783885,36.88361472,2.75,5,-36.40000153,63.1,-1.60890353,-2.83473492,9.73003578,0.06502193,-,14.11764717,0.04637931,-0.16400647,-0.28896379,0.89184868,14.11764717,14.11764717,-,-,64.40000153,50.08723831,14.64881134,-,870,-,-119.4225769,36.88361359,-76.30783844,4.31372547,6.15157461,6.21371174,-
Tue Nov 21 15:16:53 EST 2017,16:56.4,-76.30783885,36.88361472,2.75,5,-36.40000153,63.1,-2.29843354,-2.94965649,9.30865574,0.06128384,-,17.25490189,0.02294531,-0.23429495,-0.30067852,0.84889454,14.11764717,14.11764717,-,-,64.40000153,50.02649307,14.64881134,-,870,-,-119.4225769,36.88361359,-76.30783844,7.45098066,6.15157461,6.83508301,8.94473553
Tue Nov 21 15:16:53 EST 2017,16:57.4,-76.30783885,36.88361472,2.75,5,-36.40000153,63.1,-2.37504816,-1.68551803,9.80665016,0.06180996,-,17.25490189,0.05318904,-0.27724904,-0.2186753,0.89184868,26.66666794,28.62745094,-,-,64.40000153,49.96852875,14.64881134,-,1243,-,-119.4225769,36.88361359,-76.30783844,7.45098066,6.15157461,8.69919682,24.04929733
Tue Nov 21 15:16:53 EST 2017,16:58.4,-76.30783885,36.88361472,2.75,5,-36.40000153,63.1,0.07661445,-0.61291564,10.0364933,0.07875,-,27.05882454,0.03191562,0.01171475,-0.03514424,0.93089777,42.74509811,42.74509811,-,-,64.40000153,49.96852875,14.64881134,-,1243,-,-119.4225769,36.88361359,-76.30783844,18.4313736,6.15157461,8.69919682,24.04929733
Tue Nov 21 15:16:53 EST 2017,16:59.4,-76.30783885,36.88361472,2.75,5,-36.40000153,63.1,0.49799395,-2.41335535,9.61511421,0.03081042,-,27.05882454,-0.00414372,0.06638357,-0.20305562,0.87232411,42.74509811,42.74509811,-,-,64.40000153,49.92029953,14.64881134,-,2154,-,-119.4225769,36.88361359,-76.30783844,18.8235302,6.15157461,15.53427982,91.64758301
Tue Nov 21 15:16:53 EST 2017,17:00.4,-76.30783885,36.88361472,2.75,5,-36.40000153,63.1,0.38307226,-2.83473492,9.88326454,0.02826936,-,25.49019623,0.01440732,0.03514424,-0.25772443,0.88013393,34.11764908,29.41176605,-,-,64.40000153,49.92029953,14.64881134,-,1539,-,-119.4225769,36.88361359,-76.30783844,18.8235302,6.15157461,15.53427982,91.64758301
Tue Nov 21 15:16:53 EST 2017,17:01.4,-76.30783885,36.88361472,2.75,5,-36.40000153,63.1,0.22984336,-3.14119267,9.0788126,0.02194686,-,14.50980377,-0.00725138,0.03904916,-0.32410803,0.83717978,34.11764908,29.41176605,-,-,64.40000153,49.87742233,14.64881134,-,1539,-,-119.4225769,36.88361359,-76.30783844,5.49019623,6.15157461,19.26250648,85.70744324
Tue Nov 21 15:16:53 EST 2017,17:02.4,-76.30783885,36.88361472,2.75,5,-36.40000153,63.1,-0.11492168,-2.7581203,9.88326454,0.0650292,-,14.50980377,0.04556967,0.01952458,-0.30458343,0.8996585,14.90196133,24.31372643,-,-,64.40000153,49.8329277,14.64881134,-,1402,-,-119.4225769,36.88361359,-76.30783844,5.49019623,6.15157461,18.01976395,85.70744324
Tue Nov 21 15:16:53 EST 2017,17:03.4,-76.30783885,36.88361472,2.75,5,-36.40000153,63.1,-0.15322891,-3.715801,9.50019264,0.06923246,-,15.29411793,0.04033205,-0.01561966,-0.37877685,0.86841917,14.11764717,14.11764717,-,-,64.40000153,49.8329277,14.64881134,-,1402,-,-119.4225769,36.88361359,-76.30783844,6.66666698,6.15157461,18.01976395,85.70744324
Tue Nov 21 15:16:53 EST 2017,17:04.4,-76.30783885,36.88361472,2.75,5,-36.40000153,63.1,-0.9576807,-4.75009632,9.27034855,0.05111736,-,15.29411793,0.03247,-0.05466883,-0.4842096,0.80984545,14.11764717,14.11764717,-,-,64.40000153,49.78769302,14.64881134,-,1188,-,-119.4225769,36.88361359,-76.30783844,4.31372547,6.15157461,17.39839363,-
Tue Nov 21 15:16:53 EST 2017,17:05.4,-76.30783885,36.88361472,2.75,5,-36.40000153,63.1,-3.33272886,-3.52426481,9.46188545,0.10286576,-,14.11764717,0.08423602,-0.3397277,-0.35925224,0.86451429,14.11764717,14.11764717,-,-,64.40000153,49.73652267,14.64881134,-,953,-,-119.4225769,36.88361359,-76.30783844,4.31372547,6.15157461,13.04879475,-
Tue Nov 21 15:16:53 EST 2017,17:06.4,-76.30783885,36.88361472,2.75,5,-36.40000153,63.1,-3.56257224,-2.64319873,9.30865574,0.07586682,-,17.64705849,0.05109347,-0.32801294,-0.2421048,0.86841917,36.07843018,14.11764717,-,-,64.40000153,49.73652267,14.64881134,-,953,-,-119.4225769,36.88361359,-76.30783844,6.66666698,6.15157461,13.04879475,-
Tue Nov 21 15:16:53 EST 2017,17:07.4,-76.30783885,36.88361472,2.75,5,-36.40000153,63.1,-1.60890353,-1.76213241,10.57279491,0.12386352,-,17.64705849,0.06859323,-0.17572121,-0.15229172,0.94261253,36.07843018,37.64706039,-,-,64.40000153,49.68722534,14.64881134,-,1347,-,-119.4225769,36.88361359,-76.30783844,6.66666698,6.15157461,14.29153728,24.48457146
Tue Nov 21 15:16:53 EST 2017,17:08.4,-76.30783885,36.88361472,2.75,5,-36.40000153,63.1,-0.61291564,-3.25611424,9.46188545,0.05990891,-,21.96078491,0.0073657,-0.07028849,-0.35144243,0.84108472,14.11764717,14.11764717,-,-,64.40000153,49.68722534,14.64881134,-,1185,-,-119.4225769,36.88361359,-76.30783844,14.50980377,6.15157461,14.29153728,24.48457146
Tue Nov 21 15:16:53 EST 2017,17:09.4,-76.30783885,36.88361472,2.75,5,-36.40000153,63.1,-1.45567465,-4.48194551,9.95987892,0.14218444,-,14.50980377,0.12356815,-0.14838681,-0.45687518,0.91527814,14.11764717,14.11764717,-,-,64.40000153,49.6406517,14.64881134,-,1185,-,-119.4225769,36.88361359,-76.30783844,4.70588255,6.15157461,16.15565109,47.65974045
Tue Nov 21 15:16:53 EST 2017,17:10.4,-76.30783885,36.88361472,2.75,5,-36.40000153,63.1,-2.71981311,-3.06457806,9.50019264,0.07365268,-,14.50980377,0.05501303,-0.27724904,-0.31239328,0.86841917,14.11764717,14.11764717,-,-,64.40000153,49.58903885,14.64881134,-,963,-,-119.4225769,36.88361359,-76.30783844,4.70588255,6.15157461,12.42742348,47.65974045
Tue Nov 21 15:16:53 EST 2017,17:11.4,-76.30783885,36.88361472,2.75,5,-36.40000153,63.1,-2.41335535,-3.715801,9.46188545,0.08837825,-,14.50980377,0.06023564,-0.28115395,-0.39830142,0.84108472,14.11764717,14.11764717,-,-,64.40000153,49.58903885,14.64881134,-,963,-,-119.4225769,36.88361359,-76.30783844,4.31372547,6.15157461,12.42742348,47.65974045
Tue Nov 21 15:16:53 EST 2017,17:12.4,-76.30783885,36.88361472,2.75,5,-36.40000153,63.1,-1.45567465,-2.14520478,10.38125896,0.10973054,-,16.86274529,0.03980384,-0.14838681,-0.22648512,0.90356338,14.11764717,14.11764717,-,-,64.40000153,49.58903885,14.64881134,-,963,-,-119.4225769,36.88361359,-76.30783844,4.31372547,6.15157461,12.42742348,47.65974045
Tue Nov 21 15:16:53 EST 2017,17:13.4,-76.30783885,36.88361472,2.75,5,-36.40000153,63.1,0.61291564,-3.56257224,9.30865574,0.036933,-,16.86274529,0.00467347,-0.00780983,-0.37096703,0.8332749,33.72549057,22.74509811,-,-,64.40000153,49.58903885,14.64881134,-,963,-,-119.4225769,36.88361359,-76.30783844,4.31372547,6.15157461,12.42742348,47.65974045
Tue Nov 21 15:16:53 EST 2017,17:14.4,-76.30783885,36.88361472,2.75,5,-36.40000153,63.1,-0.42137951,-3.48595762,9.19373417,0.03523749,-,16.86274529,0.00354894,-0.04295408,-0.35534734,0.83717978,33.72549057,22.74509811,-,-,64.40000153,49.53670883,14.64881134,-,1425,-,-119.4225769,36.88361359,-76.30783844,4.31372547,6.15157461,11.80605221,-
Tue Nov 21 15:16:53 EST 2017,17:15.4,-76.30783885,36.88361472,2.75,5,-36.40000153,63.1,-0.45968673,-3.29442143,9.27034855,0.0393452,-,14.11764717,0.00432409,-0.04685899,-0.33582276,0.84498966,14.11764717,22.74509811,-,-,64.40000153,49.53670883,14.64881134,-,1425,-,-119.4225769,36.88361359,-76.30783844,4.31372547,6.15157461,11.80605221,-
Tue Nov 21 15:16:53 EST 2017,17:16.4,-76.30783885,36.88361472,2.75,5,-36.40000153,63.1,-0.61291564,-4.63517427,8.81066227,0.03575641,-,14.11764717,0.01710378,-0.06247865,-0.47249481,0.79813069,14.11764717,14.11764717,-,-,64.40000153,49.47937012,14.64881134,-,973,-,-119.4225769,36.88361359,-76.30783844,4.31372547,6.15157461,8.07782555,-
Tue Nov 21 15:16:53 EST 2017,17:17.4,-76.30783885,36.88361472,2.75,5,-36.40000153,63.1,0.22984336,-4.44363832,9.15542698,0.05665749,-,14.50980377,0.05793765,0.03904916,-0.49592432,0.8332749,14.11764717,14.11764717,-,-,64.40000153,49.47937012,14.64881134,-,693,-,-119.4225769,36.88361359,-76.30783844,4.70588255,6.15157461,8.07782555,-
Tue Nov 21 15:16:53 EST 2017,17:18.4,-76.30783885,36.88361472,2.75,5,-36.40000153,63.1,0.15322891,-2.87304211,9.50019264,0.03351164,-,14.50980377,0.01953125,0.0234295,-0.30458343,0.87232411,14.11764717,14.11764717,-,-,62.59999847,49.41188431,14.64881134,-,693,-,-119.4225769,36.88361359,-76.30783844,5.49019623,6.15157461,0.62137121,-
Tue Nov 21 15:16:53 EST 2017,17:19.4,-76.30783885,36.88361472,2.75,5,-36.40000153,63.1,0.19153613,-2.71981311,9.6534214,0.03590471,-,18.8235302,0.01938157,0.01561966,-0.30458343,0.87232411,26.27450943,24.31372643,-,-,62.59999847,49.41188431,14.64881134,-,1677,-,-119.4225769,36.88361359,-76.30783844,5.49019623,6.15157461,0,-
Tue Nov 21 15:16:53 EST 2017,17:20.4,-76.30783885,36.88361472,2.75,5,-36.40000153,63.1,0.2681506,-2.87304211,9.57680702,0.03857952,-,16.07843208,0.02987302,0.01952458,-0.28896379,0.88794374,16.47058868,24.31372643,-,-,62.59999847,49.41188431,14.64881134,-,1677,-,-119.4225769,36.88361359,-76.30783844,6.27450991,6.15157461,0,-
Tue Nov 21 15:16:53 EST 2017,17:21.4,-76.30783885,36.88361472,2.75,5,-36.40000153,63.1,-0.11492168,-3.86903,9.38527107,0.05387646,-,16.07843208,0.03523001,-0.01171475,-0.39439651,0.85670447,16.47058868,27.45098114,-,-,62.59999847,49.41188431,14.64881134,-,948,-,-119.4225769,36.88361359,-76.30783844,6.27450991,6.15157461,0,-
Tue Nov 21 15:16:53 EST 2017,17:22.4,-76.30783885,36.88361472,2.75,5,-36.40000153,63.1,0.49799395,-3.14119267,9.27034855,0.03875159,-,17.64705849,-0.00060296,0.05076391,-0.32020313,0.84498966,14.11764717,14.11764717,-,-,62.59999847,49.41188431,14.64881134,-,885,-,-119.4225769,36.88361359,-76.30783844,10.1960783,6.15157461,0,-
Tue Nov 21 15:16:53 EST 2017,17:23.4,-76.30783885,36.88361472,2.75,5,-36.40000153,63.1,0.99598789,-2.06859016,9.69172859,0.03576851,-,16.07843208,0.02451786,0.07809832,-0.22648512,0.89575356,14.11764717,14.11764717,-,-,62.59999847,49.34629822,14.64881134,-,885,-,-119.4225769,36.88361359,-76.30783844,6.66666698,6.15157461,1.86411357,7.28232622
Tue Nov 21 15:16:53 EST 2017,17:24.4,-76.30783885,36.88361472,2.75,5,-36.40000153,63.1,0.07661445,-3.14119267,9.46188545,0.03530639,-,16.07843208,0.02663057,0.01561966,-0.32801294,0.87232411,14.11764717,14.11764717,-,-,62.59999847,49.28004074,14.64881134,-,809,-,-119.4225769,36.88361359,-76.30783844,6.66666698,6.15157461,1.24274242,7.28232622
Tue Nov 21 15:16:53 EST 2017,17:25.4,-76.30783885,36.88361472,2.75,5,-36.40000153,63.1,0.38307226,-3.06457806,9.34696388,0.03527671,-,15.68627453,0.00949175,0.00390492,-0.29677361,0.86451429,14.11764717,14.11764717,-,-,62.59999847,49.28004074,14.64881134,-,809,-,-119.4225769,36.88361359,-76.30783844,6.27450991,6.15157461,1.24274242,7.28232622
Tue Nov 21 15:16:53 EST 2017,17:26.4,-76.30783885,36.88361472,2.75,5,-36.40000153,63.1,-0.38307226,-2.64319873,9.76834297,0.05130202,-,15.68627453,-0.01027613,-0.0234295,-0.26553428,0.85279953,14.11764717,14.11764717,-,-,62.59999847,49.28004074,14.64881134,-,728,-,-119.4225769,36.88361359,-76.30783844,7.05882359,6.15157461,0,-
Tue Nov 21 15:16:53 EST 2017,17:27.4,-76.30783885,36.88361472,2.75,5,-36.40000153,63.1,-0.19153613,-2.64319873,9.46188545,0.02063185,-,16.47058868,0.00785798,-0.01952458,-0.27724904,0.86841917,14.11764717,14.11764717,-,-,62.59999847,49.28004074,14.64881134,-,782,-,-119.4225769,36.88361359,-76.30783844,7.05882359,6.15157461,0,-
Tue Nov 21 15:16:53 EST 2017,17:28.4,-76.30783885,36.88361472,2.75,5,-36.40000153,63.1,0.03830723,-3.52426481,9.27034855,0.02998108,-,16.07843208,0.01132649,0.00390492,-0.35925224,0.84498966,14.11764717,14.11764717,-,-,64.40000153,49.21396637,14.64881134,-,782,-,-119.4225769,36.88361359,-76.30783844,6.66666698,6.15157461,1.24274242,3.68541884
Tue Nov 21 15:16:53 EST 2017,17:29.4,-76.30783885,36.88361472,2.75,5,-36.40000153,63.1,0,-3.33272886,9.53849983,0.04896551,-,16.07843208,0.03031741,0,-0.3397277,0.87232411,14.11764717,14.11764717,-,-,64.40000153,49.14807129,14.64881134,-,831,-,-119.4225769,36.88361359,-76.30783844,6.66666698,6.15157461,1.24274242,3.68541884
Tue Nov 21 15:16:53 EST 2017,17:30.4,-76.30783885,36.88361472,2.75,5,-36.40000153,63.1,0.19153613,-3.44765043,9.30865574,0.03849574,-,16.07843208,0.01241977,0.01952458,-0.35144243,0.84889454,14.11764717,14.11764717,-,-,64.40000153,49.14807129,14.64881134,-,831,-,-119.4225769,36.88361359,-76.30783844,6.27450991,6.15157461,1.24274242,3.68541884
Tue Nov 21 15:16:53 EST 2017,17:31.4,-76.30783885,36.88361472,2.75,5,-36.40000153,63.1,-0.15322891,-2.98796368,9.34696388,0.01942092,-,16.07843208,-0.01523761,-0.04685899,-0.28505886,0.84108472,14.11764717,14.11764717,-,-,64.40000153,49.14807129,14.64881134,-,828,-,-119.4225769,36.88361359,-76.30783844,5.49019623,6.15157461,0,-
Tue Nov 21 15:16:53 EST 2017,17:32.4,-76.30783885,36.88361472,2.75,5,-36.40000153,63.1,0.03830723,-3.37103605,9.99818611,0.03868412,-,14.90196133,-0.01106278,-0.00780983,-0.34753752,0.82546508,14.11764717,14.11764717,-,-,64.40000153,49.14807129,14.64881134,-,673,-,-119.4225769,36.88361359,-76.30783844,5.49019623,6.15157461,0,-
Tue Nov 21 15:16:53 EST 2017,17:33.4,-76.30783885,36.88361472,2.75,5,-36.40000153,63.1,0.03830723,-2.7581203,9.53849983,0.03116447,-,15.68627453,0.01588789,0.01171475,-0.2928687,0.87232411,14.11764717,14.11764717,-,-,64.40000153,49.14807129,14.64881134,-,673,-,-119.4225769,36.88361359,-76.30783844,5.88235283,6.15157461,0,-
Tue Nov 21 15:16:53 EST 2017,17:34.4,-76.30783885,36.88361472,2.75,5,-36.40000153,63.1,0.03830723,-2.37504816,9.69172859,0.02898252,-,15.68627453,0.01324848,0.00780983,-0.29677361,0.86841917,14.11764717,14.11764717,-,-,64.40000153,49.14807129,14.64881134,-,703,-,-119.4225769,36.88361359,-76.30783844,5.88235283,6.15157461,0,-
Tue Nov 21 15:16:53 EST 2017,17:35.4,-76.30783885,36.88361472,2.75,5,-36.40000153,63.1,0.07661445,-1.83874691,9.80665016,0.03610879,-,17.64705849,0.01745628,0.00780983,-0.18743597,0.8996585,14.11764717,14.11764717,-,-,64.40000153,49.14807129,14.64881134,-,703,-,-119.4225769,36.88361359,-76.30783844,8.62745094,6.15157461,0,-
Tue Nov 21 15:16:53 EST 2017,17:36.4,-76.30783885,36.88361472,2.75,5,-36.40000153,63.1,-0.19153613,-3.37103605,9.46188545,0.04636738,-,17.64705849,0.024436,-0.01952458,-0.34363261,0.86451429,22.74509811,14.11764717,-,-,64.40000153,49.08576965,14.64881134,-,936,-,-119.4225769,36.88361359,-76.30783844,8.62745094,6.15157461,3.72822714,30.82005501
Tue Nov 21 15:16:53 EST 2017,17:37.4,-76.30783885,36.88361472,2.75,5,-36.40000153,63.1,0.03830723,-4.06056595,9.30865574,0.04631901,-,14.50980377,0.03560568,0.00390492,-0.41392109,0.84889454,14.11764717,14.11764717,-,-,64.40000153,49.08576965,14.64881134,-,936,-,-119.4225769,36.88361359,-76.30783844,4.70588255,6.15157461,3.72822714,30.82005501
Tue Nov 21 15:16:53 EST 2017,17:38.4,-76.30783885,36.88361472,2.75,5,-36.40000153,63.1,-0.11492168,-3.75410819,9.38527107,0.04946882,-,14.50980377,0.01716374,-0.00780983,-0.39439651,0.83717978,14.11764717,14.11764717,-,-,64.40000153,49.0210762,14.64881134,-,688,-,-119.4225769,36.88361359,-76.30783844,4.70588255,6.15157461,1.86411357,30.82005501
Tue Nov 21 15:16:53 EST 2017,17:39.4,-76.30783885,36.88361472,2.75,5,-36.40000153,63.1,0.11492168,-2.71981311,9.84495735,0.04500141,-,14.50980377,0.0353626,-0.01171475,-0.34363261,0.87622905,14.11764717,14.11764717,-,-,64.40000153,49.0210762,14.64881134,-,706,-,-119.4225769,36.88361359,-76.30783844,4.70588255,6.15157461,1.86411357,30.82005501
Tue Nov 21 15:16:53 EST 2017,17:40.4,-76.30783885,36.88361472,2.75,5,-36.40000153,63.1,0,-3.40934324,9.50019264,0.04157075,-,14.50980377,0.0203317,0,-0.32020313,0.86841917,14.11764717,14.11764717,-,-,64.40000153,49.0210762,14.64881134,-,706,-,-119.4225769,36.88361359,-76.30783844,4.70588255,6.15157461,0,-
Tue Nov 21 15:16:53 EST 2017,17:41.4,-76.30783885,36.88361472,2.75,5,-36.40000153,63.1,0.03830723,-2.94965649,9.50019264,0.0335728,-,14.50980377,0.01443746,-0.01171475,-0.30067852,0.86841917,14.11764717,14.11764717,-,-,64.40000153,49.0210762,14.64881134,-,523,-,-119.4225769,36.88361359,-76.30783844,4.70588255,6.15157461,0,-
Tue Nov 21 15:16:53 EST 2017,17:42.4,-76.30783885,36.88361472,2.75,5,-36.40000153,63.1,-0.03830723,-2.79642749,9.50019264,0.02850956,-,14.50980377,0.00985446,-0.00390492,-0.28505886,0.86841917,14.11764717,14.11764717,-,-,64.40000153,49.0210762,14.64881134,-,523,-,-119.4225769,36.88361359,-76.30783844,4.31372547,6.15157461,0,-
Tue Nov 21 15:16:53 EST 2017,17:43.4,-76.30783885,36.88361472,2.75,5,-36.40000153,63.1,3.14119267,-0.84275901,10.38125896,0.18123378,-,14.50980377,0.10932686,0.32020313,-0.08590815,0.95823228,14.11764717,14.11764717,-,-,64.40000153,49.0210762,14.64881134,-,523,-,-119.4225769,36.88361359,-76.30783844,4.31372547,6.15157461,0,-
Tue Nov 21 15:16:53 EST 2017,17:44.4,-76.30783885,36.88361472,2.75,5,-36.40000153,63.1,-0.99598789,7.69975281,5.74608421,0.00360429,-,14.50980377,-0.01505938,-0.10152781,0.78488815,0.48573741,14.11764717,14.11764717,-,-,64.40000153,49.0210762,14.64881134,-,523,-,-119.4225769,36.88361359,-76.30783844,4.31372547,6.15157461,0,-
