GPS Time, Device Time, Longitude, Latitude,GPS Speed (Meters/second), Horizontal Dilution of Precision, Altitude, Bearing, G(x), G(y), G(z), G(calibrated), 1/4 mile time(s),Absolute Throttle Position B(%),Acceleration Sensor(Total)(g),Accelerator PedalPosition F(%),Actual engine % torque(%),Ambient air temp(°F),Average trip speed(whilst moving only)(mph),Engine RPM(rpm),Fuel pressure(psi),GPS Altitude(ft),GPS Latitude(°),GPS Longitude(°),Relative Throttle Position(%),Speed (GPS)(mph),Speed (OBD)(mph),Torque(Nm)
Sun Oct 29 17:32:07 EDT 2017,29-Oct-2017 17:32:07.579,-76.04954053,36.83836889,5.75,4.0,-33.20000076293945,17.9,-2.68150592,8.88727665,3.48595762,0.02382637,-,-,0.01114547,-,-,60.79999924,-,1725,-,-108.92388916,36.83836746,-76.04953766,-,12.86238289,14.91290855,-
Sun Oct 29 17:32:09 EDT 2017,29-Oct-2017 17:32:09.700,-76.04954363,36.83847897,6.75,4.0,-33.20000076293945,350.9,-2.37504816,9.42357826,2.60489154,0.04461867,-,-,0.02596902,-,-,60.79999924,17.39839363,1429,-,-108.92388916,36.83847809,-76.04954529,17.25490189,15.09931946,17.39839363,-
Sun Oct 29 17:32:12 EDT 2017,29-Oct-2017 17:32:11.867,-76.04977791,36.83863175,9.5,4.0,-34.400001525878906,287.5,-1.37906015,9.92157173,2.29843354,0.0666315,-,-,0.0172838,-,-,60.79999924,19.5731926,1670,-,-112.86090088,36.83863068,-76.04977417,18.03921509,21.25089455,21.74799156,78.94874573
Sun Oct 29 17:32:14 EDT 2017,29-Oct-2017 17:32:13.965,-76.05004553,36.83865275,12.0,3.0,-36.0,274.7,-0.76614451,9.57680702,2.22181916,0.02419549,-,-,-0.0156792,-,-,60.79999924,22.36936378,2144,-,-118.11023712,36.83865356,-76.05004883,19.2156868,26.84323311,27.96170425,117.09078979
Sun Oct 29 17:32:16 EDT 2017,29-Oct-2017 17:32:16.289,-76.05035698,36.83865004,14.0,3.0,-36.5,271.7,-0.72783732,9.19373417,2.94965649,0.0060249,-,23.92156982,-0.0126379,-,-,60.79999924,24.54416275,1807,-,-119.75065613,36.83864975,-76.050354,18.8235302,31.31710625,31.06855965,99.98913574
Sun Oct 29 17:32:18 EDT 2017,29-Oct-2017 17:32:18.617,-76.05069367,36.8386486,15.0,4.0,-35.70000076293945,271.0,0,8.92558384,3.48595762,-0.00594113,-,15.29411793,-0.01027619,-,-,60.79999924,26.34613991,1490,-,-117.12598419,36.83864975,-76.05069733,5.88235283,33.55404282,33.55404282,73.42538452
Sun Oct 29 17:32:21 EDT 2017,29-Oct-2017 17:32:20.937,-76.05119378,36.83866364,15.0,4.0,-35.599998474121094,271.7,-0.5363012,9.34696388,2.60489154,0.00961804,-,22.35294151,-0.00904352,-,-,60.79999924,27.34033203,1428,-,-116.79789734,36.83866501,-76.05119324,12.15686321,33.55404282,32.31130219,73.42538452
Sun Oct 29 17:32:23 EDT 2017,29-Oct-2017 17:32:23.239,-76.05154668,36.83866892,15.75,4.0,-35.599998474121094,271.1,-0.5363012,8.84896946,3.02627087,-0.0261063,-,22.35294151,-0.04478009,-,-,60.79999924,28.40554047,1565,-,-116.79789734,36.83866882,-76.05154419,15.68627453,35.23174286,34.79678726,72.77891541
Sun Oct 29 17:32:25 EDT 2017,29-Oct-2017 17:32:25.538,-76.05191133,36.83867382,16.25,4.0,-34.5,271.2,-0.07661445,9.04050541,2.94965649,-0.02845197,-,18.4313736,-0.03730946,-,-,60.79999924,29.35978889,1584,-,-113.1889801,36.83867264,-76.0519104,9.01960754,36.35021591,36.03952789,37.26938629
Sun Oct 29 17:32:28 EDT 2017,29-Oct-2017 17:32:27.856,-76.05246687,36.83868323,16.75,4.0,-34.79999923706055,271.5,-0.19153613,8.6957407,2.87304211,-0.0472514,-,24.31372643,-0.06593239,-,-,60.79999924,30.17102432,1607,-,-114.1732254,36.83868408,-76.05246735,14.50980377,37.46868134,36.66090012,18.58768272
Sun Oct 29 17:32:29 EDT 2017,29-Oct-2017 17:32:29.638,-76.05265665,36.83868918,17.25,4.0,-33.70000076293945,271.3,-0.11492168,8.88727665,2.68150592,0.00035311,-,24.31372643,-0.05332452,-,-,60.79999924,31.00642395,1698,-,-110.56430817,36.8386879,-76.05265808,16.07843208,38.58715057,38.52501297,56.039505
Sun Oct 29 17:32:31 EDT 2017,29-Oct-2017 17:32:31.469,-76.0530483,36.83869314,17.5,4.0,-34.599998474121094,271.9,-0.34476504,9.00219822,2.48996973,-0.02824056,-,25.09803963,-0.04691502,-,-,60.79999924,31.68992996,1695,-,-113.51705933,36.83869171,-76.05304718,17.25490189,39.14638519,38.52501297,56.039505
Sun Oct 29 17:32:33 EDT 2017,29-Oct-2017 17:32:33.279,-76.05344248,36.83870642,17.75,3.0,-34.20000076293945,272.7,-0.07661445,9.15542698,2.33674097,-0.00752055,-,24.70588303,-0.0357574,-,-,60.79999924,32.31130219,1726,-,-112.20472717,36.83870697,-76.05344391,14.50980377,39.705616,39.14638519,23.63816261
Sun Oct 29 17:32:35 EDT 2017,29-Oct-2017 17:32:35.100,-76.0538517,36.83871874,18.25,3.0,-33.79999923706055,272.8,-0.45968673,8.6957407,3.25611424,-0.03331947,-,16.86274529,-0.04331958,-,-,60.79999924,32.98047256,1813,-,-110.89238739,36.83871841,-76.05384827,10.1960783,40.82408524,41.01049805,70.84416199
Sun Oct 29 17:32:37 EDT 2017,29-Oct-2017 17:32:36.938,-76.05426851,36.83873045,18.25,4.0,-33.29999923706055,271.5,0,7.89128876,2.79642749,-0.1275726,-,21.56862831,-0.14628105,-,-,60.79999924,33.59843063,1806,-,-109.25196838,36.83872986,-76.05426788,14.50980377,40.82408524,41.63187027,23.6079731
Sun Oct 29 17:32:39 EDT 2017,29-Oct-2017 17:32:38.759,-76.05468067,36.83873135,18.25,5.0,-33.0,270.0,-0.49799395,9.46188545,3.98395157,0.06675524,-,16.47058868,0.04811325,-,-,60.79999924,34.17541504,1841,-,-108.26771545,36.83872986,-76.05467987,7.05882359,40.82408524,42.25324249,23.71072388
Sun Oct 29 17:32:41 EDT 2017,29-Oct-2017 17:32:40.598,-76.05510687,36.83873086,18.75,6.0,-33.0,269.9,-0.80445176,8.96389103,2.94965649,-0.0155614,-,19.6078434,-0.03423153,-,-,60.79999924,34.60260773,1802,-,-108.26771545,36.83872986,-76.05510712,10.58823586,41.94255447,41.01049805,23.71072388
Sun Oct 29 17:32:42 EDT 2017,29-Oct-2017 17:32:42.403,-76.05532518,36.83873177,19.0,6.0,-33.0,270.0,-1.11090958,8.58081913,3.21780705,-0.03998005,-,19.6078434,-0.05865858,-,-,60.79999924,34.97954178,1790,-,-108.26771545,36.83873367,-76.05532837,10.1960783,42.50178909,41.01049805,-
Sun Oct 29 17:32:44 EDT 2017,29-Oct-2017 17:32:44.240,-76.05570795,36.83872067,18.5,4.0,-32.20000076293945,267.1,-1.60890353,9.00219822,3.02627087,0.00121589,-,23.13725471,-0.01775093,-,-,60.79999924,35.31459427,1828,-,-105.64304352,36.83872223,-76.05570984,14.50980377,41.38331985,41.01049805,-
Sun Oct 29 17:32:46 EDT 2017,29-Oct-2017 17:32:46.049,-76.05609551,36.83866697,18.5,4.0,-32.0,257.6,-1.14921677,9.27034855,3.21780705,0.02613527,-,21.17647171,0.0074793,-,-,60.79999924,35.64708328,1828,-,-104.98687744,36.83866882,-76.05609894,12.54901981,41.38331985,41.63187027,23.48971939
Sun Oct 29 17:32:48 EDT 2017,29-Oct-2017 17:32:48.060,-76.05649542,36.8385506,18.75,4.0,-31.100000381469727,248.3,-1.49398184,9.61511421,3.06457806,0.03715031,-,21.56862831,0.03353357,-,-,60.79999924,35.94632339,1821,-,-102.03411865,36.83855057,-76.05649567,10.58823586,41.94255447,41.63187027,23.48971939
Sun Oct 29 17:32:51 EDT 2017,29-Oct-2017 17:32:51.247,-76.0570382,36.83830098,19.0,3.0,-29.100000381469727,235.3,-0.11492168,9.15542698,2.79642749,-0.00509131,-,21.56862831,-0.01846584,-,-,60.79999924,35.94632339,1878,-,-95.47244263,36.83830261,-76.05703735,10.58823586,42.50178909,42.25324249,23.48971939
Sun Oct 29 17:32:53 EDT 2017,29-Oct-2017 17:32:53.040,-76.05739882,36.83811948,19.5,3.0,-29.100000381469727,236.5,-0.11492168,9.19373417,2.48996973,-0.00808202,-,27.84313774,0.0066688,-,-,60.79999924,36.2762413,1886,-,-95.47244263,36.83811951,-76.05739594,18.4313736,43.62025452,42.8746109,21.61424828
Sun Oct 29 17:32:55 EDT 2017,29-Oct-2017 17:32:54.840,-76.05778293,36.83792556,20.0,3.0,-28.600000381469727,238.1,0,9.88326454,3.44765043,-0.0428433,-,16.86274529,0.06737164,-,-,60.79999924,36.66090012,1928,-,-93.83202362,36.83792496,-76.05778503,6.66666698,44.73872757,44.73872757,73.5295639
Sun Oct 29 17:32:56 EDT 2017,29-Oct-2017 17:32:56.630,-76.05797217,36.83783845,19.75,3.0,-28.299999237060547,240.0,0.19153613,9.11711979,2.29843354,-0.02235311,-,27.45098114,-0.04102557,-,-,60.79999924,36.98509598,1919,-,-92.84776306,36.83783722,-76.05797577,17.64705849,44.17948914,44.11735535,73.5295639
Sun Oct 29 17:32:58 EDT 2017,29-Oct-2017 17:32:58.438,-76.05838467,36.83768455,20.5,3.0,-29.200000762939453,244.8,-0.99598789,8.96389103,2.41335535,-0.02120724,-,40.39215851,-0.04795624,-,-,60.79999924,37.35994339,2005,-,-95.80052948,36.83768463,-76.05838776,20.3921566,45.85719299,45.9814682,71.62664795
Sun Oct 29 17:33:00 EDT 2017,29-Oct-2017 17:33:00.256,-76.05881959,36.83753892,21.75,4.0,-29.600000381469727,246.3,-0.22984336,8.38928318,3.21780705,0.00349969,-,16.07843208,0.04435043,-,-,60.79999924,37.82907867,2152,-,-97.11286163,36.83753967,-76.05882263,6.66666698,48.65336227,49.0883255,119.79649353
Sun Oct 29 17:33:02 EDT 2017,29-Oct-2017 17:33:02.100,-76.05927378,36.83737885,21.75,3.0,-30.600000381469727,246.0,-1.72382522,7.92959595,2.41335535,-0.11799592,-,25.09803963,-0.13670108,-,-,60.79999924,38.26212692,1700,-,-100.39369965,36.83737946,-76.05927277,19.2156868,48.65336227,49.0883255,119.79649353
Sun Oct 29 17:33:04 EDT 2017,29-Oct-2017 17:33:03.936,-76.05972854,36.83720841,22.5,4.0,-30.600000381469727,245.0,-0.19153613,9.80665016,2.79642749,0.00902121,-,34.11764908,0.04004594,-,-,60.79999924,38.68610764,1729,-,-100.39369965,36.83720779,-76.05973053,35.68627548,50.33106613,49.70969391,29.06509209
Sun Oct 29 17:33:06 EDT 2017,29-Oct-2017 17:33:05.750,-76.06020118,36.83702756,23.5,4.0,-31.700000762939453,244.8,0,9.57680702,3.29442143,0.02165373,-,19.6078434,0.03272858,-,-,60.79999924,39.16857529,1857,-,-104.00262451,36.8370285,-76.06020355,12.94117641,52.56800079,52.19517899,117.24191284
Sun Oct 29 17:33:08 EDT 2017,29-Oct-2017 17:33:07.588,-76.06069255,36.83685754,24.0,3.0,-31.5,247.2,0.2681506,8.61912632,2.83473492,-0.05569142,-,26.27450943,-0.07437535,-,-,60.79999924,39.63919449,1861,-,-103.34645844,36.83685684,-76.06069183,18.03921509,53.68646622,52.81655121,29.54673767
Sun Oct 29 17:33:09 EDT 2017,29-Oct-2017 17:33:09.405,-76.06094623,36.83677693,24.25,3.0,-31.5,248.7,0.38307226,8.77235508,3.29442143,-0.01340168,-,18.03921509,-0.04367054,-,-,60.79999924,40.11986542,1907,-,-103.34645844,36.83677673,-76.0609436,7.45098066,54.24570084,54.05929184,57.84296799
Sun Oct 29 17:33:11 EDT 2017,29-Oct-2017 17:33:11.237,-76.06145424,36.836632,24.0,4.0,-32.099998474121094,251.2,0.07661445,9.19373417,3.29442143,0.01456207,-,17.25490189,-0.00409781,-,-,60.79999924,40.54948044,1868,-,-105.31495667,36.83663177,-76.06145477,8.23529434,53.68646622,53.43792343,57.84296799
Sun Oct 29 17:33:13 EDT 2017,29-Oct-2017 17:33:12.998,-76.06196274,36.83651079,23.75,3.0,-33.099998474121094,254.2,0.2681506,9.0788126,3.25611424,0.02185797,-,17.64705849,-0.0032019,-,-,60.79999924,40.932827,1839,-,-108.59579468,36.8365097,-76.06196594,7.45098066,53.12723541,52.81655121,-
Sun Oct 29 17:33:15 EDT 2017,29-Oct-2017 17:33:14.879,-76.06247916,36.83641268,23.75,4.0,-33.400001525878906,256.8,0.11492168,9.19373417,3.02627087,-0.00233916,-,25.09803963,-0.01294703,-,-,60.79999924,41.29293823,1839,-,-109.58005524,36.83641434,-76.06247711,16.47058868,53.12723541,52.81655121,-
Sun Oct 29 17:33:17 EDT 2017,29-Oct-2017 17:33:16.714,-76.06299979,36.8363256,24.0,3.0,-33.099998474121094,259.5,-0.22984336,9.27034855,3.02627087,0.01334369,-,24.31372643,-0.00531662,-,-,60.79999924,41.65014648,1870,-,-108.59579468,36.8363266,-76.06300354,16.86274529,53.68646622,53.43792343,28.40154457
Sun Oct 29 17:33:19 EDT 2017,29-Oct-2017 17:33:18.592,-76.06353038,36.83625232,24.0,3.0,-32.70000076293945,260.9,-0.22984336,8.96389103,3.02627087,-0.01629609,-,23.13725471,-0.06330601,-,-,60.79999924,41.98693848,1909,-,-107.28347015,36.83625412,-76.06352997,14.90196133,53.68646622,53.43792343,28.40154457
Sun Oct 29 17:33:20 EDT 2017,29-Oct-2017 17:33:20.414,-76.06379362,36.83622211,23.75,3.0,-31.5,261.2,0.57460839,9.11711979,2.79642749,-0.01187613,-,23.13725471,-0.0081971,-,-,60.79999924,42.28776169,1864,-,-103.34645844,36.8362236,-76.063797,14.50980377,53.12723541,52.81655121,-
Sun Oct 29 17:33:22 EDT 2017,29-Oct-2017 17:33:22.254,-76.06432623,36.83616814,23.5,3.0,-29.0,264.2,0.49799395,9.04050541,3.10288548,-0.00534916,-,22.35294151,-0.0240158,-,-,60.79999924,42.55553055,1848,-,-95.14435577,36.83616638,-76.06432343,13.33333397,52.56800079,52.19517899,-
Sun Oct 29 17:33:24 EDT 2017,29-Oct-2017 17:33:24.025,-76.06484739,36.83613972,23.5,3.0,-28.5,267.2,0.57460839,9.15542698,2.9113493,-0.01547594,-,22.74509811,-0.04952822,-,-,60.79999924,42.8092041,1855,-,-93.50393677,36.83613968,-76.06484985,14.11764717,52.56800079,52.19517899,-
Sun Oct 29 17:33:26 EDT 2017,29-Oct-2017 17:33:25.847,-76.06537507,36.83615325,23.5,3.0,-29.600000381469727,270.1,0.19153613,9.76834297,2.87304211,0.05711287,-,23.92156982,0.01020942,-,-,60.79999924,43.04986954,1841,-,-97.11286163,36.83615494,-76.06537628,15.29411793,52.56800079,52.19517899,-
Sun Oct 29 17:33:28 EDT 2017,29-Oct-2017 17:33:27.652,-76.06590688,36.83615545,23.5,3.0,-27.899999618530273,272.5,0.30645782,9.38527107,3.17949986,0.00080657,-,23.13725471,0.00245371,-,-,60.79999924,43.27850342,1829,-,-91.53543091,36.83615494,-76.06591034,15.29411793,52.56800079,52.19517899,-
Sun Oct 29 17:33:29 EDT 2017,29-Oct-2017 17:33:29.424,-76.06617157,36.83616749,23.5,3.0,-27.899999618530273,273.3,0.11492168,8.58081913,3.10288548,-0.05079359,-,23.13725471,-0.06947582,-,-,60.79999924,43.49598312,1835,-,-91.53543091,36.83616638,-76.06616974,14.50980377,52.56800079,52.19517899,-
Sun Oct 29 17:33:31 EDT 2017,29-Oct-2017 17:33:31.223,-76.06671113,36.83620532,23.75,3.0,-28.600000381469727,275.5,0.03830723,8.77235508,2.94965649,-0.03756875,-,19.2156868,-0.05624644,-,-,60.79999924,43.71789932,1844,-,-93.83202362,36.83620453,-76.06671143,7.45098066,53.12723541,52.81655121,29.47731972
Sun Oct 29 17:33:33 EDT 2017,29-Oct-2017 17:33:33.012,-76.06723569,36.83626346,23.75,3.0,-28.700000762939453,278.6,-0.2681506,8.65743351,2.9113493,-0.06258088,-,22.74509811,-0.11479686,-,-,60.79999924,43.92950058,1823,-,-94.16011047,36.83626175,-76.06723785,14.11764717,53.12723541,52.81655121,29.47731972
Sun Oct 29 17:33:35 EDT 2017,29-Oct-2017 17:33:34.853,-76.06776299,36.83632718,23.75,4.0,-28.899999618530273,278.8,-0.45968673,8.88727665,3.37103605,-0.01094466,-,19.2156868,-0.0186679,-,-,60.79999924,44.14559937,1842,-,-94.81626892,36.8363266,-76.06776428,11.76470566,53.12723541,53.43792343,30.38707161
Sun Oct 29 17:33:36 EDT 2017,29-Oct-2017 17:33:36.644,-76.06802083,36.83635667,24.0,4.0,-29.600000381469727,278.8,-0.5363012,9.11711979,3.40934324,0.01273012,-,16.47058868,-0.05394528,-,-,60.79999924,44.35209274,1853,-,-97.11286163,36.83635712,-76.06802368,7.05882359,53.68646622,53.43792343,30.38707161
Sun Oct 29 17:33:38 EDT 2017,29-Oct-2017 17:33:38.415,-76.06855353,36.83641795,24.0,3.0,-31.100000381469727,278.6,-0.15322891,9.00219822,3.40934324,-0.01794566,-,16.47058868,-0.01827925,-,-,60.79999924,44.54961395,1851,-,-102.03411865,36.83641815,-76.06855011,7.05882359,53.68646622,53.43792343,-
Sun Oct 29 17:33:40 EDT 2017,29-Oct-2017 17:33:40.233,-76.06908356,36.8364815,24.0,3.0,-32.400001525878906,278.9,0.22984336,9.19373417,3.29442143,0.01480711,-,17.64705849,-0.00385269,-,-,60.79999924,44.73872757,1847,-,-106.29921722,36.836483,-76.06908417,7.45098066,53.68646622,53.43792343,-
Sun Oct 29 17:33:42 EDT 2017,29-Oct-2017 17:33:42.033,-76.06961416,36.8365526,23.75,4.0,-33.400001525878906,279.3,-0.38307226,9.6534214,3.40934324,0.02363515,-,21.17647171,0.04469368,-,-,60.79999924,44.91995621,1861,-,-109.58005524,36.83655167,-76.0696106,12.54901981,53.12723541,53.43792343,-
Sun Oct 29 17:33:44 EDT 2017,29-Oct-2017 17:33:43.881,-76.07014262,36.83662177,24.0,4.0,-33.5,279.3,-0.22984336,9.00219822,2.94965649,-0.01505607,-,22.74509811,-0.03372607,-,-,60.79999924,45.09379196,1861,-,-109.90813446,36.83662033,-76.07014465,14.11764717,53.68646622,53.43792343,-
Sun Oct 29 17:33:45 EDT 2017,29-Oct-2017 17:33:45.717,-76.07040793,36.8366576,24.0,4.0,-33.70000076293945,279.4,-0.34476504,8.84896946,3.25611424,-0.01919299,-,20.3921566,-0.02236777,-,-,60.79999924,45.27310562,1866,-,-110.56430817,36.83665848,-76.07041168,11.76470566,53.68646622,54.05929184,29.6694355
Sun Oct 29 17:33:47 EDT 2017,29-Oct-2017 17:33:47.538,-76.07094028,36.83672762,24.0,3.0,-33.900001525878906,279.1,-0.2681506,8.92558384,3.17949986,-0.00803103,-,20.3921566,-0.03343398,-,-,60.79999924,45.43319702,1861,-,-111.22047424,36.83672714,-76.07093811,11.76470566,53.68646622,53.43792343,29.6694355
Sun Oct 29 17:33:49 EDT 2017,29-Oct-2017 17:33:49.564,-76.07147749,36.83679337,24.0,3.0,-34.099998474121094,279.2,-0.65122288,9.30865574,3.10288548,0.02142316,-,20.3921566,-0.03476886,-,-,60.79999924,45.58713913,1856,-,-111.87663269,36.83679199,-76.0714798,11.76470566,53.68646622,53.43792343,-
Sun Oct 29 17:33:51 EDT 2017,29-Oct-2017 17:33:51.403,-76.07200733,36.83686202,24.0,3.0,-34.20000076293945,279.1,-0.30645782,9.0788126,3.21780705,0.00137156,-,21.17647171,-0.01729277,-,-,60.79999924,45.73526382,1851,-,-112.20472717,36.83686066,-76.07200623,12.15686321,53.68646622,53.43792343,-
Sun Oct 29 17:33:53 EDT 2017,29-Oct-2017 17:33:53.224,-76.07253603,36.83692852,23.75,3.0,-34.099998474121094,279.2,-0.2681506,9.11711979,3.06457806,-0.02319308,-,23.13725471,-0.01881563,-,-,60.79999924,45.8779068,1856,-,-111.87663269,36.83692932,-76.07253265,14.11764717,53.12723541,53.43792343,-
Sun Oct 29 17:33:55 EDT 2017,29-Oct-2017 17:33:55.044,-76.07306927,36.83699632,24.0,3.0,-33.400001525878906,278.7,-0.22984336,9.27034855,3.02627087,-0.00806557,-,23.13725471,-0.00531662,-,-,60.79999924,46.01535797,1862,-,-109.58005524,36.83699799,-76.07306671,14.50980377,53.68646622,53.43792343,-
Sun Oct 29 17:33:57 EDT 2017,29-Oct-2017 17:33:56.868,-76.07359883,36.83707025,24.25,3.0,-33.900001525878906,279.2,0,8.96389103,3.06457806,-0.01532447,-,22.74509811,-0.03399456,-,-,60.79999924,46.1590004,1872,-,-111.22047424,36.83707047,-76.07360077,14.11764717,54.24570084,54.05929184,30.03108978
Sun Oct 29 17:33:59 EDT 2017,29-Oct-2017 17:33:58.729,-76.07414118,36.83714102,24.25,3.0,-33.400001525878906,279.3,-0.2681506,8.77235508,3.06457806,-0.03338385,-,22.74509811,-0.03461079,-,-,60.79999924,46.29760742,1883,-,-109.58005524,36.83713913,-76.07414246,14.11764717,54.24570084,54.05929184,30.03108978
Sun Oct 29 17:34:00 EDT 2017,29-Oct-2017 17:34:00.544,-76.07441473,36.83717741,24.5,3.0,-33.70000076293945,279.1,-0.30645782,9.11711979,2.94965649,-0.0063909,-,23.13725471,-0.02236777,-,-,60.79999924,46.44213867,1899,-,-110.56430817,36.83717728,-76.07441711,14.50980377,54.80493546,54.68066406,29.14072418
Sun Oct 29 17:34:02 EDT 2017,29-Oct-2017 17:34:02.429,-76.07496775,36.83725072,24.75,3.0,-33.5,279.2,-0.2681506,9.53849983,2.68150592,0.02938527,-,23.13725471,-0.02134599,-,-,60.79999924,46.59230423,1912,-,-109.90813446,36.83724976,-76.07496643,14.50980377,55.36417389,55.30203629,29.20856857
Sun Oct 29 17:34:04 EDT 2017,29-Oct-2017 17:34:04.241,-76.07551831,36.83732265,24.75,3.0,-34.599998474121094,278.7,-0.11492168,8.88727665,3.02627087,-0.02240888,-,23.13725471,-0.0548005,-,-,60.79999924,46.73746872,1927,-,-113.51705933,36.83732224,-76.07551575,14.50980377,55.36417389,55.30203629,29.20856857
Sun Oct 29 17:34:06 EDT 2017,29-Oct-2017 17:34:06.077,-76.07607048,36.83739353,25.0,3.0,-34.70000076293945,279.1,-0.34476504,9.11711979,3.10288548,0.00134832,-,23.13725471,-0.00283447,-,-,60.79999924,46.88805771,1938,-,-113.84514618,36.83739471,-76.07607269,14.50980377,55.92340851,55.92340851,29.99210167
Sun Oct 29 17:34:08 EDT 2017,29-Oct-2017 17:34:07.897,-76.07662859,36.83746776,25.25,3.0,-34.70000076293945,279.2,-0.30645782,9.00219822,3.25611424,-0.02484275,-,22.74509811,-0.05033929,-,-,60.79999924,47.03379059,1943,-,-113.84514618,36.83746719,-76.07662964,11.76470566,56.48263931,55.92340851,29.99210167
Sun Oct 29 17:34:10 EDT 2017,29-Oct-2017 17:34:09.736,-76.07717977,36.83753686,25.0,3.0,-34.29999923706055,279.6,-0.61291564,8.77235508,3.37103605,-0.02098614,-,21.96078491,-0.0171608,-,-,60.79999924,47.16503143,1946,-,-112.5328064,36.83753586,-76.07717896,13.33333397,55.92340851,55.30203629,-
Sun Oct 29 17:34:12 EDT 2017,29-Oct-2017 17:34:11.558,-76.07772747,36.83760982,25.0,3.0,-34.79999923706055,279.1,-0.61291564,8.84896946,3.37103605,-0.01370734,-,21.56862831,-0.07486172,-,-,60.79999924,47.29217148,1931,-,-114.1732254,36.83760834,-76.07772827,13.33333397,55.92340851,55.30203629,-
Sun Oct 29 17:34:13 EDT 2017,29-Oct-2017 17:34:13.393,-76.07800494,36.83764778,25.0,3.0,-35.29999923706055,279.2,-0.65122288,9.11711979,2.98796368,-0.00203428,-,21.56862831,-0.0192201,-,-,60.79999924,47.42496109,1931,-,-115.81364441,36.83764648,-76.07800293,12.94117641,55.92340851,55.92340851,30.01808548
Sun Oct 29 17:34:15 EDT 2017,29-Oct-2017 17:34:15.217,-76.07855454,36.83772045,25.0,3.0,-35.29999923706055,279.2,0.2681506,9.53849983,2.98796368,0.03828031,-,21.17647171,0.0318269,-,-,60.79999924,47.54431152,1928,-,-115.81364441,36.83771896,-76.07855225,12.54901981,55.92340851,55.30203629,30.01808548
Sun Oct 29 17:34:17 EDT 2017,29-Oct-2017 17:34:17.048,-76.07910822,36.83779434,25.0,4.0,-34.900001525878906,279.1,-0.19153613,8.77235508,3.29442143,0.00775857,-,20,-0.01465666,-,-,60.79999924,47.66009903,1935,-,-114.50131989,36.83779526,-76.07910919,11.76470566,55.92340851,55.30203629,-
Sun Oct 29 17:34:19 EDT 2017,29-Oct-2017 17:34:18.870,-76.0796616,36.83786873,24.75,3.0,-34.599998474121094,279.2,0.15322891,9.30865574,3.10288548,0.01934463,-,22.35294151,-0.04320794,-,-,60.79999924,47.77248001,1921,-,-113.51705933,36.83786774,-76.07965851,13.72549057,55.36417389,55.30203629,-
Sun Oct 29 17:34:21 EDT 2017,29-Oct-2017 17:34:20.707,-76.08021087,36.8379395,25.0,3.0,-34.400001525878906,279.2,-0.30645782,8.81066227,3.17949986,-0.00482618,-,21.17647171,-0.04434091,-,-,60.79999924,47.89060974,1935,-,-112.86090088,36.83794022,-76.08020782,12.54901981,55.92340851,55.92340851,29.6625061
Sun Oct 29 17:34:22 EDT 2017,29-Oct-2017 17:34:22.513,-76.08048555,36.83797877,25.0,3.0,-34.5,279.6,-0.15322891,8.96389103,2.9113493,-0.02013677,-,21.56862831,-0.03880847,-,-,60.79999924,48.00536346,1932,-,-113.1889801,36.83797836,-76.08048248,12.54901981,55.92340851,55.92340851,29.6625061
Sun Oct 29 17:34:24 EDT 2017,29-Oct-2017 17:34:24.329,-76.08104126,36.83804872,25.0,3.0,-34.20000076293945,278.7,-0.42137951,9.19373417,3.29442143,0.01691914,-,21.56862831,-0.0032019,-,-,60.79999924,48.11688614,1938,-,-112.20472717,36.83804703,-76.08103943,12.94117641,55.92340851,55.92340851,-
Sun Oct 29 17:34:26 EDT 2017,29-Oct-2017 17:34:26.137,-76.08159959,36.83812653,25.0,3.0,-33.70000076293945,279.1,-0.22984336,8.81066227,3.17949986,-0.02589077,-,21.17647171,-0.04456447,-,-,60.79999924,48.22531128,1936,-,-110.56430817,36.83812714,-76.08159637,12.54901981,55.92340851,55.92340851,-
Sun Oct 29 17:34:28 EDT 2017,29-Oct-2017 17:34:27.958,-76.08215167,36.83819691,25.0,3.0,-33.70000076293945,279.0,-0.30645782,9.00219822,3.21780705,-0.01364493,-,21.56862831,-0.02464919,-,-,60.79999924,48.33076096,1932,-,-110.56430817,36.8381958,-76.08215332,12.54901981,55.92340851,55.92340851,-
Sun Oct 29 17:34:30 EDT 2017,29-Oct-2017 17:34:29.777,-76.08270275,36.83826511,25.0,3.0,-33.29999923706055,279.0,-0.34476504,8.88727665,3.10288548,-0.0207876,-,22.74509811,-0.03945956,-,-,60.79999924,48.43336487,1936,-,-109.25196838,36.83826447,-76.08270264,13.72549057,55.92340851,55.92340851,-
Sun Oct 29 17:34:31 EDT 2017,29-Oct-2017 17:34:31.612,-76.08298075,36.83829985,25.0,3.0,-32.900001525878906,279.1,-0.15322891,9.11711979,3.29442143,0.00730634,-,21.56862831,-0.01135598,-,-,60.79999924,48.53323364,1945,-,-107.93963623,36.8382988,-76.08297729,14.11764717,55.92340851,55.92340851,-
Sun Oct 29 17:34:33 EDT 2017,29-Oct-2017 17:34:33.425,-76.08353726,36.83837377,25.0,3.0,-32.70000076293945,278.9,-0.38307226,8.77235508,3.29442143,-0.00824177,-,18.8235302,-0.04367054,-,-,60.79999924,48.63047409,1921,-,-107.28347015,36.83837509,-76.08353424,9.01960754,55.92340851,55.92340851,-
Sun Oct 29 17:34:35 EDT 2017,29-Oct-2017 17:34:35.269,-76.08408564,36.83844985,24.75,3.0,-32.900001525878906,279.6,-0.34476504,8.92558384,3.33272886,-0.00916219,-,20.3921566,-0.02783019,-,-,60.79999924,48.71711349,1911,-,-107.93963623,36.83845139,-76.08408356,10.98039246,55.36417389,55.30203629,-
Sun Oct 29 17:34:37 EDT 2017,29-Oct-2017 17:34:37.089,-76.08462911,36.83851718,24.5,3.0,-32.5,278.9,-0.07661445,9.27034855,3.10288548,0.01554948,-,20.3921566,-0.00311006,-,-,60.79999924,48.79357147,1899,-,-106.62729645,36.83851624,-76.08463287,11.76470566,54.80493546,54.68066406,-
Sun Oct 29 17:34:39 EDT 2017,29-Oct-2017 17:34:38.894,-76.08517407,36.83858921,24.5,3.0,-32.599998474121094,279.5,-0.5363012,9.15542698,3.21780705,0.00531646,-,20.7843132,-0.00891276,-,-,60.79999924,48.86809158,1889,-,-106.95537567,36.83858871,-76.08517456,11.76470566,54.80493546,54.68066406,-
Sun Oct 29 17:34:40 EDT 2017,29-Oct-2017 17:34:40.699,-76.08544528,36.83862529,24.5,3.0,-32.099998474121094,279.3,-0.42137951,8.84896946,3.06457806,-0.02543586,-,21.96078491,-0.04410942,-,-,60.79999924,48.93297958,1892,-,-105.31495667,36.83862686,-76.08544159,12.94117641,54.80493546,54.05929184,-
Sun Oct 29 17:34:42 EDT 2017,29-Oct-2017 17:34:42.516,-76.08598958,36.83869694,24.5,3.0,-31.700000762939453,279.2,-0.38307226,9.27034855,3.25611424,0.00615458,-,21.96078491,0.0026895,-,-,60.79999924,49.00394058,1896,-,-104.00262451,36.83869553,-76.08599091,13.33333397,54.80493546,54.68066406,30.0414753
Sun Oct 29 17:34:44 EDT 2017,29-Oct-2017 17:34:44.347,-76.08653436,36.83876464,24.5,3.0,-31.700000762939453,278.7,-0.61291564,9.04050541,3.14119267,-0.00339746,-,21.96078491,-0.02206347,-,-,60.79999924,49.07316971,1905,-,-104.00262451,36.83876419,-76.08653259,13.33333397,54.80493546,54.68066406,30.0414753
Sun Oct 29 17:34:46 EDT 2017,29-Oct-2017 17:34:46.179,-76.08707581,36.8388297,24.5,3.0,-32.0,278.7,-0.19153613,9.34696388,2.94965649,0.00092698,-,21.96078491,-0.00035096,-,-,60.79999924,49.140728,1907,-,-104.98687744,36.83882904,-76.08707428,13.33333397,54.80493546,54.68066406,-
Sun Oct 29 17:34:48 EDT 2017,29-Oct-2017 17:34:48.502,-76.08762573,36.83889691,24.5,4.0,-31.200000762939453,278.2,-0.61291564,8.84896946,3.17949986,-0.00864518,-,21.96078491,-0.05056426,-,-,60.79999924,49.2066803,1892,-,-102.36220551,36.83889771,-76.0876236,13.33333397,54.80493546,54.68066406,-
Sun Oct 29 17:34:51 EDT 2017,29-Oct-2017 17:34:51.310,-76.08842965,36.83898212,24.0,3.0,-31.200000762939453,276.4,-0.2681506,9.15542698,2.7581203,-0.03480389,-,21.96078491,-0.02457885,-,-,60.79999924,49.2564621,1868,-,-102.36220551,36.83898163,-76.08843231,13.33333397,53.68646622,53.43792343,-
Sun Oct 29 17:34:53 EDT 2017,29-Oct-2017 17:34:53.175,-76.08896082,36.83902192,24.0,3.0,-30.899999618530273,275.0,-0.61291564,9.42357826,2.87304211,0.02520376,-,24.31372643,0.00654753,-,-,60.79999924,49.30508423,1886,-,-101.37795258,36.83902359,-76.08895874,16.07843208,53.68646622,53.43792343,-
Sun Oct 29 17:34:55 EDT 2017,29-Oct-2017 17:34:55.009,-76.08950085,36.83904912,24.25,3.0,-30.100000381469727,273.9,-0.07661445,9.15542698,2.87304211,-0.02039352,-,23.52941132,-0.02148638,-,-,60.79999924,49.35972977,1899,-,-98.75328064,36.83905029,-76.08950043,15.29411793,54.24570084,54.05929184,29.58778763
Sun Oct 29 17:34:57 EDT 2017,29-Oct-2017 17:34:56.747,-76.09004048,36.83906371,24.25,3.0,-29.700000762939453,273.0,0.11492168,8.58081913,3.37103605,-0.04114747,-,21.96078491,0.02678662,-,-,60.79999924,49.41313171,1907,-,-97.44094849,36.83906555,-76.09004211,14.50980377,54.24570084,54.05929184,29.58778763
Sun Oct 29 17:34:58 EDT 2017,29-Oct-2017 17:34:58.562,-76.09031259,36.8390697,24.25,3.0,-29.899999618530273,272.3,-0.2681506,9.27034855,3.21780705,-0.06178343,-,20.7843132,-0.03830854,-,-,60.79999924,49.46533585,1892,-,-98.09711456,36.83906937,-76.09030914,12.54901981,54.24570084,54.05929184,-
Sun Oct 29 17:35:00 EDT 2017,29-Oct-2017 17:35:00.356,-76.09086055,36.83907946,24.25,4.0,-29.399999618530273,270.9,-0.38307226,8.73404789,3.37103605,0.03930523,-,17.64705849,0.04764722,-,-,60.79999924,49.51638031,1879,-,-96.45669556,36.83908081,-76.09085846,7.05882359,54.24570084,54.05929184,-
Sun Oct 29 17:35:02 EDT 2017,29-Oct-2017 17:35:02.192,-76.09140138,36.83907657,24.0,4.0,-29.700000762939453,269.5,-0.03830723,9.34696388,3.29442143,0.01227035,-,19.2156868,-0.01398326,-,-,60.79999924,49.55947113,1860,-,-97.44094849,36.839077,-76.09140015,10.58823586,53.68646622,53.43792343,-
Sun Oct 29 17:35:04 EDT 2017,29-Oct-2017 17:35:03.956,-76.09193377,36.83907145,24.0,3.0,-29.299999237060547,268.3,-0.15322891,8.92558384,3.17949986,-0.01502454,-,18.8235302,-0.07442474,-,-,60.79999924,49.60163116,1854,-,-96.1286087,36.83907318,-76.0919342,9.4117651,53.68646622,53.43792343,-
Sun Oct 29 17:35:05 EDT 2017,29-Oct-2017 17:35:05.739,-76.09220066,36.83906224,24.0,3.0,-29.700000762939453,268.0,-0.30645782,8.42759037,3.40934324,-0.05375713,-,21.17647171,-0.07244034,-,-,60.79999924,49.64287949,1857,-,-97.44094849,36.83906174,-76.09220123,12.15686321,53.68646622,53.43792343,-
Sun Oct 29 17:35:07 EDT 2017,29-Oct-2017 17:35:07.542,-76.09273523,36.83903703,24.25,3.0,-30.799999237060547,266.9,-0.19153613,9.0788126,3.21780705,0.00408431,-,21.17647171,-0.0175956,-,-,60.79999924,49.68986511,1869,-,-101.04986572,36.83903885,-76.09273529,12.15686321,54.24570084,54.05929184,30.33023262
Sun Oct 29 17:35:09 EDT 2017,29-Oct-2017 17:35:09.357,-76.09327163,36.83900764,24.25,3.0,-31.600000381469727,265.9,-0.30645782,9.04050541,3.25611424,-0.00099057,-,20.3921566,-0.01965576,-,-,60.79999924,49.73585892,1866,-,-103.67454529,36.83900833,-76.09326935,11.37254906,54.24570084,54.05929184,30.33023262
Sun Oct 29 17:35:11 EDT 2017,29-Oct-2017 17:35:11.176,-76.09380897,36.83896579,24.0,3.0,-31.399999618530273,264.5,-0.22984336,8.84896946,2.94965649,-0.01919257,-,20.7843132,-0.04855745,-,-,60.79999924,49.77442169,1852,-,-103.01837158,36.83896637,-76.09381104,11.76470566,53.68646622,53.43792343,-
Sun Oct 29 17:35:13 EDT 2017,29-Oct-2017 17:35:13.006,-76.09433773,36.83891689,23.75,3.0,-30.600000381469727,263.4,-0.11492168,9.15542698,3.17949986,0.00702089,-,21.56862831,-0.01164161,-,-,60.79999924,49.80578613,1837,-,-100.39369965,36.83891678,-76.09433746,12.54901981,53.12723541,52.81655121,-
Sun Oct 29 17:35:15 EDT 2017,29-Oct-2017 17:35:14.788,-76.09485844,36.83885835,23.25,3.0,-30.600000381469727,262.3,-0.42137951,9.34696388,2.68150592,0.01116383,-,27.84313774,-0.01006031,-,-,60.79999924,49.83016586,1898,-,-100.39369965,36.83885956,-76.09485626,20.3921566,52.00876617,52.19517899,-
Sun Oct 29 17:35:16 EDT 2017,29-Oct-2017 17:35:16.587,-76.09512389,36.83882678,23.75,3.0,-30.200000762939453,261.8,-0.61291564,8.96389103,2.68150592,-0.00213894,-,29.80392265,-0.0387926,-,-,60.79999924,49.86660767,1889,-,-99.08136749,36.83882523,-76.09512329,23.92156982,53.12723541,53.43792343,58.93480682
Sun Oct 29 17:35:18 EDT 2017,29-Oct-2017 17:35:18.411,-76.09566034,36.83875238,24.5,4.0,-29.200000762939453,260.7,-0.22984336,8.81066227,2.9113493,-0.03045651,-,20.3921566,-0.10178337,-,-,60.79999924,49.91474915,1933,-,-95.80052948,36.83875275,-76.09565735,11.76470566,54.80493546,54.68066406,58.57689667
Sun Oct 29 17:35:20 EDT 2017,29-Oct-2017 17:35:20.218,-76.09618719,36.83866378,24.5,3.0,-29.600000381469727,259.2,0,10.07480049,3.52426481,0.10701495,-,19.2156868,0.08838668,-,-,60.79999924,49.95578384,1885,-,-97.11286163,36.83866501,-76.09618378,9.4117651,54.80493546,54.05929184,58.57689667
Sun Oct 29 17:35:21 EDT 2017,29-Oct-2017 17:35:22.028,-76.09645055,36.83861694,24.25,3.0,-29.700000762939453,258.4,-0.03830723,9.38527107,2.9113493,0.02068514,-,21.96078491,0.00202742,-,-,60.79999924,49.99601364,1869,-,-97.44094849,36.83861542,-76.09645081,12.94117641,54.24570084,54.05929184,-
Sun Oct 29 17:35:24 EDT 2017,29-Oct-2017 17:35:23.853,-76.09724293,36.83846876,24.25,3.0,-30.399999618530273,257.0,-0.84275901,10.18972206,3.29442143,0.07179932,-,20.7843132,0.09539497,-,-,60.79999924,50.03546143,1874,-,-99.73753357,36.83847046,-76.09724426,11.76470566,54.24570084,54.05929184,-
Sun Oct 29 17:35:25 EDT 2017,29-Oct-2017 17:35:25.669,-76.09750782,36.83841338,24.25,3.0,-30.299999237060547,256.2,-0.68953007,8.42759037,2.94965649,-0.06810945,-,20,0.04515367,-,-,60.79999924,50.0741539,1872,-,-99.40944672,36.83841324,-76.09751129,10.98039246,54.24570084,54.05929184,-
Sun Oct 29 17:35:27 EDT 2017,29-Oct-2017 17:35:27.507,-76.09803754,36.83830639,24.25,3.0,-31.299999237060547,254.9,-0.19153613,8.81066227,3.37103605,-0.00252168,-,18.03921509,-0.00619908,-,-,60.79999924,50.11211014,1875,-,-102.69028473,36.83830643,-76.09803772,9.4117651,54.24570084,54.05929184,-
Sun Oct 29 17:35:29 EDT 2017,29-Oct-2017 17:35:29.343,-76.09856332,36.83817563,24.25,4.0,-31.5,253.8,-0.11492168,9.00219822,3.21780705,-0.00641251,-,18.8235302,-0.02507951,-,-,60.79999924,50.14348221,1860,-,-103.34645844,36.83817673,-76.09856415,9.8039217,54.24570084,53.43792343,-
Sun Oct 29 17:35:30 EDT 2017,29-Oct-2017 17:35:31.151,-76.09882343,36.83811051,24.0,3.0,-31.899999618530273,253.3,-0.07661445,9.11711979,3.33272886,0.0085476,-,18.8235302,-0.04580298,-,-,60.79999924,50.17427444,1859,-,-104.65879059,36.83811188,-76.09882355,9.8039217,53.68646622,53.43792343,-
Sun Oct 29 17:35:33 EDT 2017,29-Oct-2017 17:35:32.963,-76.09959298,36.83790558,24.25,3.0,-33.29999923706055,251.5,-0.19153613,9.11711979,3.33272886,0.00028718,-,18.4313736,-0.01462569,-,-,60.79999924,50.21024704,1862,-,-109.25196838,36.83790588,-76.09959412,9.01960754,54.24570084,54.05929184,30.410429
Sun Oct 29 17:35:35 EDT 2017,29-Oct-2017 17:35:34.775,-76.10010791,36.83776739,24.25,4.0,-33.70000076293945,250.6,0.2681506,8.61912632,3.56257224,-0.01371859,-,18.4313736,-0.01170337,-,-,60.79999924,50.24555969,1874,-,-110.56430817,36.83776855,-76.10010529,9.01960754,54.24570084,54.05929184,30.410429
Sun Oct 29 17:35:36 EDT 2017,29-Oct-2017 17:35:36.582,-76.10036087,36.83769343,24.0,4.0,-34.099998474121094,250.3,-0.2681506,9.04050541,3.48595762,0.00707489,-,18.03921509,0.05600323,-,-,60.79999924,50.27457809,1866,-,-111.87663269,36.83769226,-76.10035706,9.4117651,53.68646622,53.43792343,-
Sun Oct 29 17:35:38 EDT 2017,29-Oct-2017 17:35:38.384,-76.1008626,36.83755315,23.75,4.0,-34.400001525878906,249.8,-0.11492168,8.96389103,3.29442143,-0.00742215,-,19.2156868,-0.02608954,-,-,60.79999924,50.29747772,1827,-,-112.86090088,36.83755493,-76.1008606,10.1960783,53.12723541,52.81655121,-
Sun Oct 29 17:35:40 EDT 2017,29-Oct-2017 17:35:40.199,-76.1013445,36.83741703,23.25,3.0,-34.29999923706055,250.1,-0.5363012,8.84896946,3.33272886,-0.00437545,-,19.2156868,-0.03423153,-,-,60.79999924,50.30887604,1805,-,-112.5328064,36.8374176,-76.10134125,10.1960783,52.00876617,51.57381058,-
Sun Oct 29 17:35:42 EDT 2017,29-Oct-2017 17:35:42.007,-76.10181586,36.83728658,23.0,4.0,-34.79999923706055,249.5,-0.84275901,9.00219822,2.87304211,-0.01493993,-,24.31372643,-0.03258976,-,-,60.79999924,50.31456757,1776,-,-114.1732254,36.8372879,-76.10181427,13.72549057,51.44953156,50.95243835,-
Sun Oct 29 17:35:44 EDT 2017,29-Oct-2017 17:35:43.808,-76.10229434,36.83714138,23.0,3.0,-34.20000076293945,248.3,-0.11492168,9.30865574,2.7581203,0.00874019,-,28.23529434,-0.00992171,-,-,60.79999924,50.32561493,1838,-,-112.20472717,36.83714294,-76.10229492,20.7843132,51.44953156,51.57381058,29.29343605
Sun Oct 29 17:35:45 EDT 2017,29-Oct-2017 17:35:45.636,-76.10254019,36.83706701,23.5,3.0,-33.900001525878906,248.2,-0.38307226,9.04050541,3.21780705,-0.00809149,-,20.3921566,-0.02069136,-,-,60.79999924,50.34727478,1842,-,-111.22047424,36.83706665,-76.10253906,12.54901981,52.56800079,52.81655121,59.73579788
Sun Oct 29 17:35:47 EDT 2017,29-Oct-2017 17:35:47.473,-76.10303646,36.83690944,23.75,4.0,-34.0,248.3,-0.42137951,8.73404789,3.21780705,-0.03120595,-,20,-0.04988147,-,-,60.79999924,50.37391663,1843,-,-111.54855347,36.83691025,-76.10303497,10.98039246,53.12723541,53.43792343,29.72650909
Sun Oct 29 17:35:49 EDT 2017,29-Oct-2017 17:35:49.276,-76.10352999,36.83675092,23.75,3.0,-33.900001525878906,247.9,-0.07661445,8.6957407,3.17949986,-0.03057629,-,19.6078434,-0.05583424,-,-,60.79999924,50.39479446,1837,-,-111.22047424,36.83675003,-76.10353088,10.58823586,53.12723541,52.81655121,29.72650909
Sun Oct 29 17:35:51 EDT 2017,29-Oct-2017 17:35:51.263,-76.10402537,36.83659494,23.75,3.0,-34.29999923706055,247.8,-0.30645782,8.96389103,3.21780705,0.00084764,-,19.6078434,-0.01042272,-,-,60.79999924,50.41531754,1824,-,-112.5328064,36.83659363,-76.10402679,10.58823586,53.12723541,52.81655121,-
Sun Oct 29 17:35:53 EDT 2017,29-Oct-2017 17:35:53.085,-76.10451563,36.83644146,23.5,4.0,-34.0,248.5,-0.38307226,8.84896946,3.33272886,-0.01631975,-,19.6078434,-0.03499021,-,-,60.79999924,50.43027496,1819,-,-111.54855347,36.83644104,-76.10451508,10.58823586,52.56800079,52.19517899,-
Sun Oct 29 17:35:55 EDT 2017,29-Oct-2017 17:35:54.898,-76.1050008,36.83628636,23.5,3.0,-33.599998474121094,247.7,-0.68953007,8.77235508,3.25611424,-0.02375381,-,20,-0.04324781,-,-,60.79999924,50.44498444,1810,-,-110.23621368,36.83628464,-76.10500336,10.98039246,52.56800079,52.19517899,-
Sun Oct 29 17:35:57 EDT 2017,29-Oct-2017 17:35:56.729,-76.10548765,36.83612275,23.5,3.0,-32.0,248.0,-0.5363012,9.04050541,2.87304211,-0.01247853,-,26.27450943,-0.03114762,-,-,60.79999924,50.45431519,1811,-,-104.98687744,36.83612442,-76.10548401,18.4313736,52.56800079,51.57381058,-
Sun Oct 29 17:35:59 EDT 2017,29-Oct-2017 17:35:58.614,-76.10598026,36.83596963,23.75,3.0,-32.5,248.3,-0.15322891,8.84896946,2.9113493,-0.04029156,-,25.09803963,-0.0376503,-,-,60.79999924,50.47367477,1851,-,-106.62729645,36.83596802,-76.10597992,17.25490189,53.12723541,52.81655121,58.19150162
Sun Oct 29 17:36:00 EDT 2017,29-Oct-2017 17:36:00.416,-76.10623519,36.83589093,24.0,3.0,-32.29999923706055,248.6,-0.22984336,9.04050541,3.10288548,-0.00638902,-,21.56862831,-0.01756454,-,-,60.79999924,50.49777603,1890,-,-105.97112274,36.83589172,-76.10623169,13.33333397,53.68646622,53.43792343,28.72176552
Sun Oct 29 17:36:02 EDT 2017,29-Oct-2017 17:36:02.214,-76.10673414,36.8357268,24.0,3.0,-32.20000076293945,247.9,-0.30645782,8.84896946,3.14119267,-0.00645428,-,18.8235302,-0.00973679,-,-,60.79999924,50.52148438,1861,-,-105.64304352,36.83572769,-76.10673523,10.58823586,53.68646622,53.43792343,28.72176552
Sun Oct 29 17:36:04 EDT 2017,29-Oct-2017 17:36:04.036,-76.10724375,36.83556025,24.0,3.0,-31.799999237060547,247.8,-0.19153613,8.84896946,3.40934324,-0.01413304,-,18.8235302,-0.05148882,-,-,60.79999924,50.54481888,1845,-,-104.33070374,36.83555984,-76.1072464,10.1960783,53.68646622,53.43792343,-
Sun Oct 29 17:36:06 EDT 2017,29-Oct-2017 17:36:05.864,-76.10774129,36.83540211,23.5,3.0,-31.5,247.9,-0.30645782,8.92558384,3.14119267,-0.01594841,-,20.3921566,-0.02413306,-,-,60.79999924,50.56284714,1825,-,-103.34645844,36.83540344,-76.10774231,10.98039246,52.56800079,52.81655121,-
Sun Oct 29 17:36:08 EDT 2017,29-Oct-2017 17:36:07.665,-76.10823079,36.83524266,23.75,3.0,-29.399999618530273,248.1,-0.11492168,8.88727665,3.25611424,-0.01137275,-,20.7843132,-0.03476886,-,-,60.79999924,50.57569885,1821,-,-96.45669556,36.83524323,-76.10823059,11.76470566,53.12723541,52.19517899,-
Sun Oct 29 17:36:09 EDT 2017,29-Oct-2017 17:36:09.509,-76.10847756,36.83516098,23.5,3.0,-29.399999618530273,248.1,0.07661445,9.15542698,3.37103605,0.01355839,-,20.3921566,0.01165848,-,-,60.79999924,50.5883522,1818,-,-96.45669556,36.8351593,-76.10847473,11.76470566,52.56800079,52.19517899,-
Sun Oct 29 17:36:11 EDT 2017,29-Oct-2017 17:36:11.360,-76.10895043,36.83500958,23.25,3.0,-29.899999618530273,247.9,-0.30645782,9.04050541,3.06457806,-0.00743002,-,20.3921566,-0.00725138,-,-,60.79999924,50.60080719,1809,-,-98.09711456,36.83501053,-76.10894775,11.76470566,52.00876617,52.19517899,-
Sun Oct 29 17:36:13 EDT 2017,29-Oct-2017 17:36:13.174,-76.1094349,36.83485301,23.5,3.0,-29.700000762939453,248.1,-0.34476504,8.81066227,3.06457806,-0.01671204,-,22.74509811,-0.03905456,-,-,60.79999924,50.61307526,1805,-,-97.44094849,36.83485413,-76.10943604,14.11764717,52.56800079,52.19517899,-
Sun Oct 29 17:36:15 EDT 2017,29-Oct-2017 17:36:14.983,-76.10992148,36.83469379,23.5,3.0,-29.600000381469727,248.2,-0.07661445,9.23204136,3.14119267,0.0130983,-,21.96078491,-0.02260973,-,-,60.79999924,50.62514877,1865,-,-97.11286163,36.83469391,-76.10992432,13.33333397,52.56800079,52.19517899,-
Sun Oct 29 17:36:17 EDT 2017,29-Oct-2017 17:36:16.791,-76.11041027,36.83452498,23.75,3.0,-28.299999237060547,248.0,-0.30645782,8.81066227,3.06457806,-0.02957785,-,21.96078491,-0.04825279,-,-,60.79999924,50.64175034,1862,-,-92.84776306,36.83452606,-76.1104126,10.98039246,53.12723541,52.81655121,29.59623909
Sun Oct 29 17:36:19 EDT 2017,29-Oct-2017 17:36:18.637,-76.11089004,36.83437695,23.25,3.0,-28.299999237060547,248.2,-0.72783732,5.7843914,2.22181916,-0.13158952,-,22.74509811,-0.04245071,-,-,60.79999924,50.65343475,1823,-,-92.84776306,36.83437729,-76.11089325,14.50980377,52.00876617,52.19517899,29.59623909
Sun Oct 29 17:36:20 EDT 2017,29-Oct-2017 17:36:20.445,-76.11113368,36.83429912,23.25,3.0,-28.799999237060547,247.8,-0.07661445,8.42759037,2.83473492,-0.0745883,-,21.56862831,-0.09327862,-,-,60.79999924,50.66493988,1830,-,-94.4881897,36.83430099,-76.11113739,12.94117641,52.00876617,52.19517899,-
Sun Oct 29 17:36:22 EDT 2017,29-Oct-2017 17:36:22.258,-76.11163398,36.83413883,24.0,3.0,-29.600000381469727,248.0,-0.49799395,9.73003578,3.14119267,0.0082876,-,22.74509811,0.04384619,-,-,60.79999924,50.68548203,1880,-,-97.11286163,36.83413696,-76.1116333,14.50980377,53.68646622,53.43792343,59.51286316
Sun Oct 29 17:36:24 EDT 2017,29-Oct-2017 17:36:24.096,-76.11213759,36.83398207,24.25,3.0,-29.5,247.7,-0.22984336,9.30865574,3.21780705,0.02326208,-,21.96078491,0.00460512,-,-,60.79999924,50.71028519,1890,-,-96.78477478,36.83398056,-76.11213684,13.33333397,54.24570084,54.05929184,29.08728409
Sun Oct 29 17:36:26 EDT 2017,29-Oct-2017 17:36:25.932,-76.11264292,36.83381258,24.25,3.0,-29.600000381469727,247.6,-0.11492168,8.92558384,3.48595762,-0.01132962,-,19.2156868,-0.0215565,-,-,60.79999924,50.73472977,1891,-,-97.11286163,36.83381271,-76.11264038,10.1960783,54.24570084,54.05929184,29.08728409
Sun Oct 29 17:36:28 EDT 2017,29-Oct-2017 17:36:27.785,-76.11314897,36.83364592,24.5,3.0,-29.100000381469727,247.8,-0.38307226,9.0788126,3.60087943,0.0153659,-,17.64705849,-0.04312023,-,-,60.79999924,50.75431824,1859,-,-95.47244263,36.83364487,-76.11315155,9.4117651,54.80493546,53.43792343,-
Sun Oct 29 17:36:30 EDT 2017,29-Oct-2017 17:36:29.618,-76.11364195,36.83348786,23.25,3.0,-27.799999237060547,248.0,-0.03830723,9.27034855,3.40934324,0.02587777,-,16.86274529,-0.02410961,-,-,60.79999924,50.76468658,1821,-,-91.20734406,36.83348846,-76.11363983,7.45098066,52.00876617,52.19517899,-
Sun Oct 29 17:36:31 EDT 2017,29-Oct-2017 17:36:31.464,-76.11388762,36.83341075,23.0,3.0,-28.5,247.9,-0.19153613,9.11711979,3.25611424,0.00605583,-,20,-0.01495868,-,-,60.79999924,50.76602554,1770,-,-93.50393677,36.83341217,-76.11388397,10.98039246,51.44953156,50.95243835,-
Sun Oct 29 17:36:33 EDT 2017,29-Oct-2017 17:36:33.304,-76.11435077,36.83325353,22.75,3.0,-28.399999618530273,247.9,-0.45968673,9.34696388,3.14119267,0.00029668,-,20.7843132,-0.00928233,-,-,60.79999924,50.76734543,1778,-,-93.17584991,36.83325195,-76.11434937,11.76470566,50.89030075,50.95243835,-
Sun Oct 29 17:36:35 EDT 2017,29-Oct-2017 17:36:35.130,-76.1148294,36.83310545,23.0,3.0,-26.799999237060547,248.2,-0.07661445,9.11711979,3.02627087,-0.00173771,-,21.96078491,-0.03026606,-,-,60.79999924,50.76865005,1769,-,-87.92650604,36.83310699,-76.11483002,12.54901981,51.44953156,50.95243835,-
Sun Oct 29 17:36:37 EDT 2017,29-Oct-2017 17:36:36.988,-76.11530366,36.83295467,23.5,3.0,-26.600000381469727,250.5,-0.07661445,9.0788126,2.79642749,-0.0054644,-,26.66666794,-0.03126575,-,-,60.79999924,50.77428436,1847,-,-87.27033997,36.83295441,-76.11530304,18.4313736,52.56800079,51.57381058,28.87885857
Sun Oct 29 17:36:39 EDT 2017,29-Oct-2017 17:36:38.818,-76.11582058,36.83281507,24.5,3.0,-26.5,253.1,0.30645782,9.34696388,2.94965649,0.01860511,-,25.88235283,-0.00005335,-,-,60.79999924,50.78846741,1855,-,-86.94226074,36.83281326,-76.11582184,17.64705849,54.80493546,52.81655121,57.50619125
Sun Oct 29 17:36:41 EDT 2017,29-Oct-2017 17:36:40.654,-76.11633616,36.83269726,24.25,4.0,-25.200000762939453,256.3,0.57460839,9.04050541,3.02627087,0.0047634,-,23.13725471,-0.02608171,-,-,60.79999924,50.80673599,1864,-,-82.6771698,36.83269882,-76.11633301,16.07843208,54.24570084,53.43792343,29.47173691
Sun Oct 29 17:36:42 EDT 2017,29-Oct-2017 17:36:42.507,-76.11660148,36.83264512,24.25,6.0,-25.100000381469727,256.3,0.03830723,9.0788126,3.02627087,-0.00501603,-,19.6078434,-0.05367919,-,-,60.79999924,50.82901382,1909,-,-82.34908295,36.83264542,-76.11660004,10.98039246,54.24570084,54.05929184,28.90691948
Sun Oct 29 17:36:44 EDT 2017,29-Oct-2017 17:36:44.348,-76.11713867,36.83256695,24.25,4.0,-26.200000762939453,261.3,0.5363012,9.00219822,3.10288548,-0.00230821,-,21.17647171,-0.04855745,-,-,60.79999924,50.84676361,1860,-,-85.95800781,36.83256531,-76.11714172,12.15686321,54.24570084,53.43792343,28.90691948
Sun Oct 29 17:36:46 EDT 2017,29-Oct-2017 17:36:46.154,-76.11766193,36.83252232,23.75,3.0,-28.299999237060547,263.6,0.45968673,9.30865574,3.17949986,0.02281398,-,19.2156868,0.01837074,-,-,60.79999924,50.86426926,1849,-,-92.84776306,36.83252335,-76.11766052,10.58823586,53.12723541,53.43792343,-
Sun Oct 29 17:36:48 EDT 2017,29-Oct-2017 17:36:47.978,-76.11818838,36.83249607,23.75,3.0,-29.200000762939453,269.2,0.30645782,8.84896946,3.14119267,-0.01616766,-,19.6078434,-0.04198074,-,-,60.79999924,50.87737274,1840,-,-95.80052948,36.83249664,-76.11818695,11.37254906,53.12723541,52.81655121,-
Sun Oct 29 17:36:51 EDT 2017,29-Oct-2017 17:36:50.829,-76.11897962,36.83250226,23.5,5.0,-28.399999618530273,271.4,-0.07661445,8.96389103,3.14119267,-0.00487579,-,19.6078434,0.03279507,-,-,60.79999924,50.89030075,1827,-,-93.17584991,36.83250046,-76.11898041,14.90196133,52.56800079,52.81655121,-
Sun Oct 29 17:36:53 EDT 2017,29-Oct-2017 17:36:53.018,-76.11951084,36.83254402,23.75,4.0,-29.0,275.1,0.19153613,9.04050541,2.98796368,-0.01021403,-,19.6078434,-0.02888237,-,-,60.79999924,50.9030571,1864,-,-95.14435577,36.83254242,-76.11951447,14.90196133,53.12723541,52.81655121,-
Sun Oct 29 17:36:54 EDT 2017,29-Oct-2017 17:36:54.625,-76.11978196,36.8325652,23.75,3.0,-29.200000762939453,276.0,-0.22984336,9.0788126,2.94965649,-0.00763363,-,20.3921566,-0.04487594,-,-,60.79999924,50.91973114,1883,-,-95.80052948,36.83256531,-76.11978149,12.54901981,53.12723541,53.43792343,43.43000793
Sun Oct 29 17:36:56 EDT 2017,29-Oct-2017 17:36:56.392,-76.1203254,36.8326147,24.0,3.0,-30.700000762939453,276.3,-0.5363012,9.04050541,3.21780705,-0.00127846,-,20,-0.01994375,-,-,60.79999924,50.93619156,1855,-,-100.7217865,36.8326149,-76.12032318,11.76470566,53.68646622,53.43792343,43.43000793
Sun Oct 29 17:36:57 EDT 2017,29-Oct-2017 17:36:58.191,-76.12059032,36.83264131,24.0,3.0,-31.100000381469727,276.5,-0.38307226,8.54251194,2.94965649,-0.01966815,-,22.74509811,-0.07761203,-,-,60.79999924,50.95243835,1865,-,-102.03411865,36.8326416,-76.12059021,14.50980377,53.68646622,53.43792343,-
Sun Oct 29 17:37:00 EDT 2017,29-Oct-2017 17:37:00.028,-76.12140145,36.83270966,24.25,3.0,-32.5,276.0,-0.30645782,9.00219822,3.17949986,-0.00728905,-,20.7843132,-0.02595637,-,-,60.79999924,50.97248077,1878,-,-106.62729645,36.83271027,-76.12139893,11.76470566,54.24570084,54.05929184,30.81908798
Sun Oct 29 17:37:02 EDT 2017,29-Oct-2017 17:37:01.796,-76.12194326,36.83275514,24.25,3.0,-32.599998474121094,276.1,-0.42137951,9.04050541,3.02627087,0.00412035,-,23.13725471,-0.0035617,-,-,60.79999924,50.99226761,1873,-,-106.95537567,36.83275604,-76.12194061,14.90196133,54.24570084,54.05929184,30.81908798
Sun Oct 29 17:37:04 EDT 2017,29-Oct-2017 17:37:03.614,-76.12248387,36.83280447,24.25,5.0,-32.29999923706055,276.1,-0.34476504,9.27034855,3.10288548,0.01613843,-,22.35294151,-0.01361193,-,-,60.79999924,51.01180649,1886,-,-105.97112274,36.83280563,-76.1224823,13.72549057,54.24570084,54.05929184,-
Sun Oct 29 17:37:05 EDT 2017,29-Oct-2017 17:37:05.438,-76.12275565,36.83282508,24.5,3.0,-33.0,276.4,-0.61291564,9.11711979,3.29442143,0.00915605,-,22.35294151,-0.03507718,-,-,60.79999924,51.03502655,1895,-,-108.26771545,36.83282471,-76.12275696,13.72549057,54.80493546,54.68066406,29.76135826
Sun Oct 29 17:37:07 EDT 2017,29-Oct-2017 17:37:07.242,-76.12330104,36.83287339,24.5,3.0,-33.70000076293945,276.3,-0.57460839,8.88727665,2.98796368,-0.02343529,-,21.17647171,-0.04210817,-,-,60.79999924,51.0579567,1910,-,-110.56430817,36.8328743,-76.12329865,13.72549057,54.80493546,54.68066406,29.76135826
Sun Oct 29 17:37:09 EDT 2017,29-Oct-2017 17:37:09.072,-76.12385147,36.83292236,24.5,4.0,-33.900001525878906,275.9,-0.22984336,9.00219822,3.37103605,-0.02023517,-,19.2156868,-0.01950013,-,-,60.79999924,51.08059692,1901,-,-111.22047424,36.83292389,-76.12384796,8.62745094,54.80493546,54.68066406,-
Sun Oct 29 17:37:11 EDT 2017,29-Oct-2017 17:37:10.869,-76.12439341,36.83296749,24.25,3.0,-34.79999923706055,276.0,-0.34476504,8.88727665,3.37103605,-0.01143998,-,21.17647171,-0.03010872,-,-,60.79999924,51.09909439,1888,-,-114.1732254,36.83296585,-76.12438965,12.15686321,54.24570084,54.05929184,-
Sun Oct 29 17:37:12 EDT 2017,29-Oct-2017 17:37:12.703,-76.12466093,36.83299122,24.25,3.0,-34.79999923706055,276.0,-0.42137951,8.81066227,3.10288548,-0.01572005,-,21.17647171,-0.04650686,-,-,60.79999924,51.11737061,1868,-,-114.1732254,36.83299255,-76.12466431,12.15686321,54.24570084,54.05929184,-
Sun Oct 29 17:37:14 EDT 2017,29-Oct-2017 17:37:14.516,-76.12520203,36.83303965,24.25,3.0,-36.0,276.2,-0.84275901,8.81066227,3.29442143,-0.01829761,-,21.17647171,-0.03696875,-,-,60.79999924,51.13541794,1865,-,-118.11023712,36.83303833,-76.12519836,12.54901981,54.24570084,54.05929184,-
Sun Oct 29 17:37:16 EDT 2017,29-Oct-2017 17:37:16.362,-76.12574114,36.83308752,24.0,3.0,-36.20000076293945,276.3,-0.2681506,8.73404789,3.10288548,-0.03576833,-,21.17647171,-0.05444541,-,-,60.79999924,51.15324783,1866,-,-118.7664032,36.83308792,-76.12574005,12.15686321,53.68646622,54.05929184,-
Sun Oct 29 17:37:18 EDT 2017,29-Oct-2017 17:37:18.159,-76.12628133,36.83313962,24.25,3.0,-36.29999923706055,276.3,0.15322891,8.77235508,3.29442143,-0.02319992,-,21.17647171,-0.04434091,-,-,60.79999924,51.16709137,1867,-,-119.09448242,36.83314133,-76.12628174,12.15686321,54.24570084,53.43792343,-
Sun Oct 29 17:37:20 EDT 2017,29-Oct-2017 17:37:19.981,-76.12681917,36.83318799,24.25,3.0,-36.599998474121094,276.3,-0.2681506,9.42357826,3.10288548,0.03071243,-,21.17647171,0.0120581,-,-,60.79999924,51.18451691,1868,-,-120.07873535,36.8331871,-76.1268158,12.15686321,54.24570084,54.05929184,29.81582069
Sun Oct 29 17:37:22 EDT 2017,29-Oct-2017 17:37:21.796,-76.12735737,36.83323137,24.25,3.0,-36.599998474121094,276.3,-0.5363012,9.57680702,3.21780705,-0.00036873,-,21.17647171,0.03166422,-,-,60.79999924,51.20173264,1871,-,-120.07873535,36.83323288,-76.12735748,12.54901981,54.24570084,54.05929184,29.81582069
Sun Oct 29 17:37:24 EDT 2017,29-Oct-2017 17:37:23.640,-76.12789761,36.8332817,24.25,3.0,-36.900001525878906,276.4,-0.34476504,9.27034855,3.14119267,0.01738393,-,21.17647171,-0.00127498,-,-,60.79999924,51.21874237,1874,-,-121.06299591,36.83328247,-76.12789917,12.54901981,54.24570084,54.05929184,-
Sun Oct 29 17:37:25 EDT 2017,29-Oct-2017 17:37:25.501,-76.12816713,36.83330508,24.25,3.0,-36.79999923706055,276.2,-0.22984336,8.96389103,3.14119267,-0.0124864,-,21.17647171,0.00488619,-,-,60.79999924,51.23554611,1877,-,-120.73490906,36.83330536,-76.1281662,12.54901981,54.24570084,54.05929184,-
Sun Oct 29 17:37:27 EDT 2017,29-Oct-2017 17:37:27.291,-76.12870522,36.83335341,24.25,3.0,-36.599998474121094,276.1,-0.22984336,9.23204136,3.29442143,0.01848298,-,21.17647171,-0.00017555,-,-,60.79999924,51.25215912,1880,-,-120.07873535,36.83335495,-76.12870789,12.54901981,54.24570084,54.05929184,-
Sun Oct 29 17:37:29 EDT 2017,29-Oct-2017 17:37:29.089,-76.12924646,36.83340314,24.25,3.0,-36.5,276.2,-0.2681506,9.27034855,3.21780705,-0.00559093,-,21.17647171,0.00101414,-,-,60.79999924,51.26857376,1881,-,-119.75065613,36.83340454,-76.12924957,12.54901981,54.24570084,54.05929184,-
Sun Oct 29 17:37:31 EDT 2017,29-Oct-2017 17:37:30.891,-76.12978973,36.8334475,24.5,3.0,-36.20000076293945,276.3,-0.2681506,8.88727665,3.40934324,-0.0103004,-,19.2156868,-0.02896879,-,-,60.79999924,51.28479767,1885,-,-118.7664032,36.8334465,-76.12979126,10.1960783,54.80493546,54.05929184,-
Sun Oct 29 17:37:33 EDT 2017,29-Oct-2017 17:37:32.700,-76.13032896,36.83349639,24.25,3.0,-36.70000076293945,276.3,-0.49799395,8.61912632,3.17949986,-0.0246599,-,21.56862831,-0.06199558,-,-,60.79999924,51.30083466,1875,-,-120.40682983,36.83349609,-76.13032532,12.94117641,54.24570084,54.05929184,-
Sun Oct 29 17:37:34 EDT 2017,29-Oct-2017 17:37:34.503,-76.13060016,36.83352308,24.25,3.0,-36.79999923706055,276.3,-0.19153613,8.61912632,3.37103605,-0.0373829,-,19.6078434,-0.02728884,-,-,60.79999924,51.31668854,1871,-,-120.73490906,36.8335228,-76.13059998,10.98039246,54.24570084,54.05929184,-
Sun Oct 29 17:37:36 EDT 2017,29-Oct-2017 17:37:36.330,-76.13113625,36.8335695,24.25,3.0,-36.70000076293945,276.3,-0.76614451,8.96389103,3.21780705,-0.00702286,-,23.13725471,-0.00242915,-,-,60.79999924,51.33235931,1872,-,-120.40682983,36.83356857,-76.13113403,14.50980377,54.24570084,54.05929184,-
Sun Oct 29 17:37:38 EDT 2017,29-Oct-2017 17:37:38.170,-76.13167474,36.83361841,24.25,3.0,-37.400001525878906,275.9,-0.45968673,9.38527107,2.87304211,0.00781845,-,21.96078491,0.00758542,-,-,60.79999924,51.34785461,1882,-,-122.70341492,36.83361816,-76.13167572,13.72549057,54.24570084,54.05929184,-
Sun Oct 29 17:37:40 EDT 2017,29-Oct-2017 17:37:40.022,-76.13221886,36.83366489,24.5,3.0,-38.20000076293945,276.0,-0.38307226,8.84896946,3.02627087,-0.01419321,-,22.74509811,-0.04554716,-,-,60.79999924,51.36668396,1909,-,-125.32808685,36.83366394,-76.13221741,14.50980377,54.80493546,54.68066406,29.28676033
Sun Oct 29 17:37:42 EDT 2017,29-Oct-2017 17:37:41.854,-76.13276704,36.83371557,24.5,3.0,-38.29999923706055,276.1,-0.45968673,8.88727665,3.14119267,-0.01899481,-,21.96078491,-0.03766616,-,-,60.79999924,51.3853035,1927,-,-125.65616608,36.83371735,-76.13276672,13.33333397,54.80493546,54.68066406,29.28676033
Sun Oct 29 17:37:43 EDT 2017,29-Oct-2017 17:37:43.700,-76.13304427,36.83373953,24.75,3.0,-38.400001525878906,276.3,-0.49799395,9.23204136,3.14119267,0.01436293,-,22.35294151,-0.00429701,-,-,60.79999924,51.4071846,1934,-,-125.98426056,36.83374023,-76.13304138,13.72549057,55.36417389,55.30203629,29.25234413
Sun Oct 29 17:37:45 EDT 2017,29-Oct-2017 17:37:45.480,-76.13359749,36.83378708,24.75,3.0,-37.79999923706055,276.5,-0.68953007,9.30865574,3.44765043,0.00074542,-,18.8235302,0.0253293,-,-,60.79999924,51.42536926,1932,-,-124.01574707,36.83378601,-76.13359833,12.54901981,55.36417389,54.68066406,29.25234413
Sun Oct 29 17:37:47 EDT 2017,29-Oct-2017 17:37:47.293,-76.1341445,36.83383461,24.5,3.0,-36.900001525878906,276.4,-0.65122288,9.30865574,3.17949986,0.02391475,-,23.52941132,-0.01463349,-,-,60.79999924,51.43992233,1880,-,-121.06299591,36.8338356,-76.13414764,15.68627453,54.80493546,54.05929184,-
Sun Oct 29 17:37:49 EDT 2017,29-Oct-2017 17:37:49.417,-76.13468327,36.83387844,24.0,3.0,-35.400001525878906,275.8,-0.61291564,9.30865574,2.7581203,-0.00786396,-,25.49019623,-0.00802019,-,-,60.79999924,51.45090103,1857,-,-116.14173889,36.83387756,-76.1346817,17.64705849,53.68646622,53.43792343,-
Sun Oct 29 17:37:51 EDT 2017,29-Oct-2017 17:37:51.518,-76.13521371,36.83392337,24.0,3.0,-34.0,276.0,-0.61291564,9.30865574,3.02627087,-0.00735546,-,23.92156982,0.00007623,-,-,60.79999924,51.46175766,1865,-,-111.54855347,36.83392334,-76.13521576,15.68627453,53.68646622,53.43792343,-
Sun Oct 29 17:37:53 EDT 2017,29-Oct-2017 17:37:53.323,-76.13574292,36.83396653,23.75,3.0,-32.900001525878906,276.3,-0.84275901,9.0788126,3.25611424,0.00593221,-,22.35294151,-0.01273057,-,-,60.79999924,51.46912003,1854,-,-107.93963623,36.8339653,-76.13574219,14.90196133,53.12723541,52.81655121,-
Sun Oct 29 17:37:55 EDT 2017,29-Oct-2017 17:37:55.154,-76.13627059,36.83401576,23.75,3.0,-32.099998474121094,276.5,-0.22984336,8.61912632,3.29442143,-0.02807195,-,21.56862831,-0.05878827,-,-,60.79999924,51.4764061,1869,-,-105.31495667,36.83401489,-76.13626862,12.94117641,53.12723541,52.81655121,-
Sun Oct 29 17:37:57 EDT 2017,29-Oct-2017 17:37:56.975,-76.13679584,36.8340628,23.75,3.0,-31.5,275.9,-0.91937345,8.15943909,2.87304211,-0.09423155,-,21.96078491,-0.11292861,-,-,60.79999924,51.48360825,1867,-,-103.34645844,36.83406448,-76.13679504,11.76470566,53.12723541,52.81655121,-
Sun Oct 29 17:37:59 EDT 2017,29-Oct-2017 17:37:58.783,-76.13731871,36.8341041,23.5,3.0,-30.700000762939453,275.7,-0.11492168,8.73404789,3.02627087,-0.03867656,-,22.74509811,-0.05735461,-,-,60.79999924,51.49073792,1864,-,-100.7217865,36.83410263,-76.13732147,14.11764717,52.56800079,52.81655121,-
Sun Oct 29 17:38:01 EDT 2017,29-Oct-2017 17:38:00.595,-76.13784643,36.83414981,23.75,3.0,-30.899999618530273,276.0,0.22984336,7.85298157,2.33674097,-0.14547575,-,25.09803963,-0.16419028,-,-,60.79999924,51.49779129,1858,-,-101.37795258,36.83414841,-76.1378479,16.86274529,53.12723541,52.81655121,-
Sun Oct 29 17:38:02 EDT 2017,29-Oct-2017 17:38:02.403,-76.13811529,36.83417409,24.0,3.0,-31.0,276.2,-0.76614451,8.96389103,3.21780705,-0.04195967,-,19.2156868,-0.0256901,-,-,60.79999924,51.51134109,1887,-,-101.70603943,36.83417511,-76.13811493,10.1960783,53.68646622,54.05929184,59.35535431
Sun Oct 29 17:38:04 EDT 2017,29-Oct-2017 17:38:04.215,-76.13865855,36.83422564,24.25,3.0,-31.399999618530273,276.2,-1.22583127,9.19373417,3.63918662,0.00372544,-,20.3921566,0.01599297,-,-,60.79999924,51.52475357,1863,-,-103.01837158,36.8342247,-76.13865662,11.37254906,54.24570084,54.05929184,59.35535431
Sun Oct 29 17:38:06 EDT 2017,29-Oct-2017 17:38:06.044,-76.13920227,36.83426461,24.25,4.0,-31.700000762939453,274.6,-0.03830723,9.57680702,3.10288548,-0.03805415,-,22.74509811,0.02654883,-,-,60.79999924,51.53802109,1881,-,-104.00262451,36.83426285,-76.13920593,14.50980377,54.24570084,54.05929184,-
Sun Oct 29 17:38:08 EDT 2017,29-Oct-2017 17:38:07.864,-76.13975706,36.8343009,24.75,4.0,-31.600000381469727,274.8,-0.22984336,8.38928318,3.63918662,-0.04853415,-,16.47058868,-0.06721558,-,-,60.79999924,51.55762863,1931,-,-103.67454529,36.83430099,-76.13975525,7.84313726,55.36417389,55.30203629,59.3689003
Sun Oct 29 17:38:10 EDT 2017,29-Oct-2017 17:38:09.697,-76.14031496,36.83434305,24.75,3.0,-32.70000076293945,275.4,0,9.00219822,3.10288548,-0.01036328,-,20.7843132,-0.02903165,-,-,60.79999924,51.57702637,1917,-,-107.28347015,36.83434296,-76.14031219,12.54901981,55.36417389,55.30203629,59.3689003
Sun Oct 29 17:38:11 EDT 2017,29-Oct-2017 17:38:11.525,-76.14059316,36.83436832,25.0,3.0,-33.0,276.1,-0.49799395,8.84896946,3.56257224,0.00586907,-,16.47058868,-0.02594854,-,-,60.79999924,51.5994339,1924,-,-108.26771545,36.83436966,-76.14059448,7.05882359,55.92340851,55.92340851,30.16046143
Sun Oct 29 17:38:13 EDT 2017,29-Oct-2017 17:38:13.351,-76.1411521,36.83441872,25.0,4.0,-33.599998474121094,276.0,-0.34476504,9.0788126,3.21780705,0.00150353,-,16.86274529,-0.0171608,-,-,60.79999924,51.61841965,1896,-,-110.23621368,36.83441925,-76.14115143,7.84313726,55.92340851,55.30203629,30.16046143
Sun Oct 29 17:38:15 EDT 2017,29-Oct-2017 17:38:15.188,-76.14169934,36.83446781,24.5,4.0,-34.0,275.7,-0.34476504,9.30865574,3.25611424,0.01249793,-,21.96078491,0.00622902,-,-,60.79999924,51.63087082,1882,-,-111.54855347,36.83446884,-76.14170074,12.94117641,54.80493546,54.05929184,-
Sun Oct 29 17:38:17 EDT 2017,29-Oct-2017 17:38:17.030,-76.14224557,36.83450995,24.5,3.0,-34.29999923706055,276.3,-0.19153613,8.81066227,2.9113493,-0.02025557,-,22.35294151,-0.05358245,-,-,60.79999924,51.64635468,1896,-,-112.5328064,36.8345108,-76.14224243,13.72549057,54.80493546,54.68066406,29.34434509
Sun Oct 29 17:38:19 EDT 2017,29-Oct-2017 17:38:18.865,-76.14278746,36.83455513,24.5,3.0,-34.599998474121094,276.4,-0.34476504,8.54251194,3.17949986,-0.01428224,-,21.96078491,-0.03556752,-,-,60.79999924,51.66167831,1904,-,-113.51705933,36.83455658,-76.14278412,12.94117641,54.80493546,54.68066406,29.34434509
Sun Oct 29 17:38:21 EDT 2017,29-Oct-2017 17:38:20.974,-76.14333193,36.83460213,24.5,3.0,-34.29999923706055,276.5,-0.49799395,9.42357826,3.14119267,-0.00938549,-,19.2156868,0.01418925,-,-,60.79999924,51.67685318,1905,-,-112.5328064,36.83460236,-76.14333344,8.62745094,54.80493546,54.68066406,-
Sun Oct 29 17:38:23 EDT 2017,29-Oct-2017 17:38:22.803,-76.14386926,36.83465549,24.25,3.0,-34.599998474121094,276.3,-0.45968673,9.11711979,3.14119267,0.00310075,-,19.6078434,-0.015563,-,-,60.79999924,51.68876266,1882,-,-113.51705933,36.83465576,-76.14386749,8.62745094,54.24570084,54.05929184,-
Sun Oct 29 17:38:24 EDT 2017,29-Oct-2017 17:38:24.628,-76.14413859,36.83468033,24.0,4.0,-34.400001525878906,275.9,-0.49799395,8.92558384,3.02627087,-0.00319478,-,22.35294151,-0.03486372,-,-,60.79999924,51.70055771,1917,-,-112.86090088,36.83467865,-76.14414215,14.11764717,53.68646622,54.05929184,-
Sun Oct 29 17:38:26 EDT 2017,29-Oct-2017 17:38:26.457,-76.14467844,36.83472564,24.25,4.0,-34.70000076293945,275.9,-0.8810662,8.96389103,3.40934324,0.00072724,-,22.35294151,0.00501514,-,-,60.79999924,51.71223068,1880,-,-113.84514618,36.83472443,-76.14467621,11.76470566,54.24570084,54.05929184,-
Sun Oct 29 17:38:28 EDT 2017,29-Oct-2017 17:38:28.298,-76.14522093,36.83476828,24.5,3.0,-34.70000076293945,275.5,-0.42137951,8.84896946,3.17949986,0.00314604,-,20.3921566,-0.04427704,-,-,60.79999924,51.72685623,1929,-,-113.84514618,36.83476639,-76.1452179,12.94117641,54.80493546,54.68066406,29.17295647
Sun Oct 29 17:38:30 EDT 2017,29-Oct-2017 17:38:30.130,-76.14576291,36.83481546,24.5,3.0,-34.5,276.1,-0.61291564,9.42357826,2.94965649,0.02750462,-,26.66666794,-0.02139282,-,-,60.79999924,51.73829269,1885,-,-113.1889801,36.83481598,-76.14575958,18.03921509,54.80493546,54.05929184,29.17295647
Sun Oct 29 17:38:32 EDT 2017,29-Oct-2017 17:38:31.907,-76.14631482,36.83486567,24.75,3.0,-33.79999923706055,276.2,0.15322891,8.73404789,3.75410819,-0.00847957,-,16.86274529,-0.03046277,-,-,60.79999924,51.75567627,1915,-,-110.89238739,36.83486557,-76.14631653,9.4117651,55.36417389,55.30203629,60.49683762
Sun Oct 29 17:38:33 EDT 2017,29-Oct-2017 17:38:33.750,-76.14658872,36.83488985,24.75,3.0,-33.400001525878906,276.3,-0.30645782,8.84896946,2.9113493,-0.03088492,-,23.52941132,-0.01775876,-,-,60.79999924,51.76987457,1929,-,-109.58005524,36.83488846,-76.14659119,15.29411793,55.36417389,54.68066406,60.49683762
Sun Oct 29 17:38:35 EDT 2017,29-Oct-2017 17:38:35.531,-76.14713815,36.83493883,24.75,3.0,-33.099998474121094,276.4,-0.45968673,9.15542698,3.48595762,-0.00266588,-,18.8235302,0.00007624,-,-,60.79999924,51.78693771,1945,-,-108.59579468,36.83493805,-76.1471405,14.11764717,55.36417389,55.30203629,30.23528671
Sun Oct 29 17:38:37 EDT 2017,29-Oct-2017 17:38:37.330,-76.14769309,36.83499013,25.0,3.0,-34.0,276.1,-0.57460839,9.15542698,3.29442143,0.01258433,-,18.4313736,-0.00607626,-,-,60.79999924,51.80383682,1915,-,-111.54855347,36.83499146,-76.14768982,10.1960783,55.92340851,55.30203629,30.23528671
Sun Oct 29 17:38:39 EDT 2017,29-Oct-2017 17:38:39.114,-76.14824142,36.83503037,24.5,3.0,-33.5,275.5,-0.30645782,8.92558384,3.10288548,-0.00077897,-,21.56862831,-0.01291611,-,-,60.79999924,51.81760025,1893,-,-109.90813446,36.8350296,-76.14823914,10.1960783,54.80493546,54.68066406,-
Sun Oct 29 17:38:41 EDT 2017,29-Oct-2017 17:38:40.887,-76.14878039,36.83507818,24.25,3.0,-33.400001525878906,276.1,-0.07661445,8.96389103,3.02627087,-0.01426768,-,21.56862831,-0.03521951,-,-,60.79999924,51.82827377,1934,-,-109.58005524,36.83507919,-76.14878082,14.11764717,54.24570084,54.05929184,-
Sun Oct 29 17:38:42 EDT 2017,29-Oct-2017 17:38:42.667,-76.14905842,36.83510438,24.5,3.0,-33.400001525878906,276.4,-0.11492168,9.04050541,2.98796368,-0.01033974,-,22.35294151,-0.02900808,-,-,60.79999924,51.84179688,1888,-,-109.58005524,36.8351059,-76.14905548,14.11764717,54.80493546,54.68066406,30.66000938
Sun Oct 29 17:38:44 EDT 2017,29-Oct-2017 17:38:44.496,-76.14959822,36.83515569,24.5,3.0,-33.599998474121094,276.5,-0.38307226,8.84896946,3.48595762,-0.00748742,-,19.6078434,-0.02937744,-,-,60.79999924,51.85518265,1893,-,-110.23621368,36.83515549,-76.14959717,12.15686321,54.80493546,54.68066406,30.66000938
Sun Oct 29 17:38:46 EDT 2017,29-Oct-2017 17:38:46.329,-76.15014345,36.83520303,24.5,3.0,-34.29999923706055,276.4,-0.2681506,9.19373417,2.98796368,-0.0057393,-,23.52941132,-0.01385179,-,-,60.79999924,51.86845016,1878,-,-112.5328064,36.83520126,-76.15014648,14.50980377,54.80493546,54.68066406,-
Sun Oct 29 17:38:48 EDT 2017,29-Oct-2017 17:38:48.138,-76.15068537,36.8352488,24.5,3.0,-34.400001525878906,276.4,-0.07661445,9.46188545,2.87304211,0.02702814,-,22.74509811,0.02674947,-,-,60.79999924,51.8815918,1929,-,-112.86090088,36.83524704,-76.15068817,14.90196133,54.80493546,54.68066406,-
Sun Oct 29 17:38:50 EDT 2017,29-Oct-2017 17:38:49.929,-76.15123812,36.83531261,24.75,3.0,-34.20000076293945,278.3,0.03830723,9.15542698,3.17949986,0.00695914,-,20.7843132,-0.04727532,-,-,60.79999924,51.89749908,1944,-,-112.20472717,36.83531189,-76.15123749,11.76470566,55.36417389,55.30203629,29.79708099
Sun Oct 29 17:38:52 EDT 2017,29-Oct-2017 17:38:52.484,-76.15178323,36.83539089,24.75,3.0,-33.900001525878906,280.9,0.42137951,9.50019264,3.21780705,0.01162574,-,20.7843132,0.00455207,-,-,60.79999924,51.91326141,1924,-,-111.22047424,36.835392,-76.1517868,14.50980377,55.36417389,55.30203629,29.79708099
Sun Oct 29 17:38:55 EDT 2017,29-Oct-2017 17:38:54.979,-76.15259487,36.83556814,25.0,3.0,-33.70000076293945,286.7,0.22984336,9.04050541,3.44765043,0.00557679,-,20.7843132,-0.01308611,-,-,60.79999924,51.91326141,1921,-,-110.56430817,36.83556747,-76.15259552,14.50980377,55.92340851,55.30203629,29.79708099
Sun Oct 29 17:38:56 EDT 2017,29-Oct-2017 17:38:56.615,-76.15285841,36.8356323,24.75,3.0,-33.79999923706055,287.2,-0.07661445,9.11711979,3.21780705,0.00458711,-,21.17647171,-0.02403143,-,-,60.79999924,51.92601395,1892,-,-110.89238739,36.83563232,-76.15285492,14.11764717,55.36417389,54.68066406,-
Sun Oct 29 17:38:58 EDT 2017,29-Oct-2017 17:38:58.405,-76.15337977,36.835769,24.5,4.0,-34.400001525878906,288.3,0.30645782,8.92558384,2.87304211,-0.0224773,-,23.92156982,-0.04891837,-,-,60.79999924,51.93865204,1890,-,-112.86090088,36.83576965,-76.15338135,15.29411793,54.80493546,54.68066406,-
Sun Oct 29 17:39:00 EDT 2017,29-Oct-2017 17:39:00.213,-76.15389482,36.8359176,24.25,4.0,-34.400001525878906,290.4,-0.49799395,9.38527107,3.06457806,0.02669531,-,23.13725471,0.00427862,-,-,60.79999924,51.95117188,1896,-,-112.86090088,36.83591843,-76.15389252,14.50980377,54.24570084,54.68066406,-
Sun Oct 29 17:39:02 EDT 2017,29-Oct-2017 17:39:02.047,-76.15440196,36.83608231,24.25,4.0,-34.5,292.0,0.34476504,9.04050541,2.9113493,-0.01219517,-,21.96078491,-0.02036421,-,-,60.79999924,51.96357727,1898,-,-113.1889801,36.83608246,-76.15440369,13.33333397,54.24570084,54.68066406,-
Sun Oct 29 17:39:03 EDT 2017,29-Oct-2017 17:39:03.875,-76.1546554,36.83616856,24.25,5.0,-34.099998474121094,292.8,0.42137951,9.23204136,3.17949986,-0.03311117,-,20.7843132,-0.0389196,-,-,60.79999924,51.97587204,1921,-,-111.87663269,36.8361702,-76.15465546,11.76470566,54.24570084,54.68066406,-
Sun Oct 29 17:39:05 EDT 2017,29-Oct-2017 17:39:05.696,-76.15514276,36.83637778,24.5,4.0,-33.70000076293945,297.4,0,8.92558384,3.17949986,-0.01515079,-,20.7843132,0.02299764,-,-,60.79999924,51.98805618,1890,-,-110.56430817,36.83637619,-76.15514374,12.15686321,54.80493546,54.68066406,-
Sun Oct 29 17:39:07 EDT 2017,29-Oct-2017 17:39:07.539,-76.1556144,36.83658808,24.25,4.0,-33.79999923706055,299.3,0.2681506,8.54251194,3.02627087,-0.03759594,-,20,-0.06321642,-,-,60.79999924,51.99734497,1885,-,-110.89238739,36.83658981,-76.15561676,10.98039246,54.24570084,54.05929184,-
Sun Oct 29 17:39:09 EDT 2017,29-Oct-2017 17:39:09.360,-76.15607742,36.83681396,24.0,3.0,-34.0,301.1,0.45968673,9.00219822,3.17949986,-0.00666285,-,20.7843132,-0.01744805,-,-,60.79999924,52.00377655,1862,-,-111.54855347,36.83681488,-76.15607452,12.15686321,53.68646622,53.43792343,-
Sun Oct 29 17:39:11 EDT 2017,29-Oct-2017 17:39:11.163,-76.15652554,36.83703982,23.75,5.0,-33.400001525878906,302.1,0.07661445,9.15542698,3.33272886,0.01221591,-,21.56862831,0.01802607,-,-,60.79999924,52.01015091,1861,-,-109.58005524,36.83703995,-76.15652466,13.33333397,53.12723541,53.43792343,-
Sun Oct 29 17:39:13 EDT 2017,29-Oct-2017 17:39:13.060,-76.15695951,36.83730463,24.0,3.0,-33.0,306.2,-0.11492168,9.11711979,3.10288548,0.00078934,-,21.96078491,-0.01787522,-,-,60.79999924,52.01646423,1853,-,-108.26771545,36.83730316,-76.15695953,13.33333397,53.68646622,53.43792343,-
Sun Oct 29 17:39:15 EDT 2017,29-Oct-2017 17:39:14.885,-76.1573769,36.83757447,23.75,4.0,-33.599998474121094,307.4,-0.76614451,8.88727665,2.79642749,-0.02806449,-,23.13725471,-0.04673893,-,-,60.79999924,52.01999283,1842,-,-110.23621368,36.83757401,-76.15737915,14.50980377,53.12723541,52.81655121,-
Sun Oct 29 17:39:16 EDT 2017,29-Oct-2017 17:39:16.715,-76.15759308,36.83770028,23.5,3.0,-32.900001525878906,307.3,-0.15322891,9.53849983,2.83473492,0.03347439,-,23.13725471,0.0148209,-,-,60.79999924,52.02348709,1854,-,-107.93963623,36.83769989,-76.15759277,14.50980377,52.56800079,52.81655121,-
Sun Oct 29 17:39:18 EDT 2017,29-Oct-2017 17:39:18.580,-76.15801442,36.83795609,23.5,4.0,-31.600000381469727,307.1,-0.2681506,8.77235508,2.7581203,-0.01897267,-,27.84313774,-0.06189798,-,-,60.79999924,52.02694702,1839,-,-103.67454529,36.83795547,-76.15801239,20.7843132,52.56800079,52.81655121,-
Sun Oct 29 17:39:20 EDT 2017,29-Oct-2017 17:39:20.380,-76.15844024,36.8382155,23.75,4.0,-31.100000381469727,306.6,-0.22984336,8.77235508,2.68150592,-0.04563612,-,30.98039246,-0.06431654,-,-,60.79999924,52.03308105,1878,-,-102.03411865,36.83821487,-76.15843964,23.13725471,53.12723541,53.43792343,29.04613876
Sun Oct 29 17:39:22 EDT 2017,29-Oct-2017 17:39:22.190,-76.15887623,36.83847813,24.5,4.0,-31.0,306.7,0.15322891,8.38928318,3.06457806,0.00882357,-,25.88235283,-0.08910633,-,-,60.79999924,52.04454422,1905,-,-101.70603943,36.83847809,-76.15887451,19.2156868,54.80493546,54.68066406,59.93153381
Sun Oct 29 17:39:24 EDT 2017,29-Oct-2017 17:39:23.965,-76.15930949,36.83873898,24.5,3.0,-30.200000762939453,306.8,-0.22984336,9.46188545,3.21780705,0.02013277,-,20.3921566,-0.02523603,-,-,60.79999924,52.0559082,1934,-,-99.08136749,36.83873749,-76.15930939,9.8039217,54.80493546,54.68066406,59.93153381
Sun Oct 29 17:39:25 EDT 2017,29-Oct-2017 17:39:25.766,-76.15952856,36.83886931,24.25,4.0,-29.700000762939453,307.1,-0.15322891,9.04050541,3.02627087,-0.01649529,-,25.09803963,-0.05063659,-,-,60.79999924,52.06450653,1874,-,-97.44094849,36.838871,-76.15953064,15.68627453,54.24570084,54.05929184,-
Sun Oct 29 17:39:27 EDT 2017,29-Oct-2017 17:39:27.567,-76.15996476,36.83912363,24.0,4.0,-28.700000762939453,307.0,-0.34476504,8.61912632,2.94965649,-0.05170381,-,23.13725471,-0.07038636,-,-,60.79999924,52.07303238,1878,-,-94.16011047,36.83912277,-76.15996552,15.29411793,53.68646622,54.05929184,-
Sun Oct 29 17:39:29 EDT 2017,29-Oct-2017 17:39:29.381,-76.16039485,36.83939309,24.0,4.0,-28.100000381469727,307.1,-0.84275901,8.77235508,2.9113493,-0.01861756,-,22.35294151,-0.05358245,-,-,60.79999924,52.07883835,1897,-,-92.19160461,36.83939362,-76.16039276,13.72549057,53.68646622,53.43792343,-
Sun Oct 29 17:39:31 EDT 2017,29-Oct-2017 17:39:31.186,-76.16082596,36.83965268,24.0,4.0,-27.700000762939453,307.1,-0.19153613,8.54251194,3.06457806,-0.05565846,-,21.56862831,-0.07434238,-,-,60.79999924,52.08459854,1889,-,-90.87926483,36.83965302,-76.16082764,13.33333397,53.68646622,53.43792343,-
Sun Oct 29 17:39:33 EDT 2017,29-Oct-2017 17:39:33.004,-76.16125443,36.8399137,24.0,3.0,-27.700000762939453,307.0,-0.34476504,8.88727665,3.37103605,-0.01310214,-,20.7843132,-0.03010872,-,-,60.79999924,52.09030533,1878,-,-90.87926483,36.83991241,-76.16125488,11.76470566,53.68646622,53.43792343,-
Sun Oct 29 17:39:35 EDT 2017,29-Oct-2017 17:39:34.823,-76.16167965,36.8401754,23.75,4.0,-27.600000381469727,307.1,-0.49799395,8.84896946,3.17949986,-0.02570415,-,21.17647171,-0.03983294,-,-,60.79999924,52.09597015,1847,-,-90.55118561,36.84017563,-76.16168213,12.15686321,53.12723541,53.43792343,-
Sun Oct 29 17:39:37 EDT 2017,29-Oct-2017 17:39:36.649,-76.16211238,36.84043663,24.25,4.0,-27.0,307.1,-0.11492168,9.34696388,3.10288548,0.02299637,-,23.52941132,0.0043394,-,-,60.79999924,52.10158539,1856,-,-88.58267975,36.84043503,-76.16210938,16.47058868,54.24570084,53.43792343,-
Sun Oct 29 17:39:38 EDT 2017,29-Oct-2017 17:39:38.568,-76.16232863,36.84057235,24.25,4.0,-27.299999237060547,307.2,-0.99598789,9.27034855,3.90733719,-0.00755101,-,22.35294151,-0.15233475,-,-,60.79999924,52.10974503,1913,-,-89.56692505,36.84057236,-76.16233063,12.94117641,54.24570084,54.05929184,27.89500046
Sun Oct 29 17:39:40 EDT 2017,29-Oct-2017 17:39:40.394,-76.16276445,36.84084311,24.5,5.0,-27.600000381469727,307.8,-0.07661445,9.15542698,3.63918662,-0.00560656,-,16.47058868,0.00467347,-,-,60.79999924,52.12041092,1881,-,-90.55118561,36.8408432,-76.1627655,7.05882359,54.80493546,54.68066406,29.53054047
Sun Oct 29 17:39:42 EDT 2017,29-Oct-2017 17:39:42.219,-76.16319579,36.84111034,24.25,4.0,-28.0,307.6,-0.19153613,8.92558384,3.44765043,-0.00544292,-,16.47058868,-0.02410961,-,-,60.79999924,52.12842178,1871,-,-91.86351776,36.84111023,-76.16319275,7.05882359,54.24570084,54.05929184,29.53054047
Sun Oct 29 17:39:44 EDT 2017,29-Oct-2017 17:39:44.119,-76.16362734,36.84137314,24.25,5.0,-27.899999618530273,307.6,-0.34476504,8.88727665,3.52426481,-0.00178759,-,16.86274529,-0.0121975,-,-,60.79999924,52.1363678,1857,-,-91.53543091,36.84137344,-76.16362762,7.05882359,54.24570084,54.05929184,-
Sun Oct 29 17:39:46 EDT 2017,29-Oct-2017 17:39:45.940,-76.16406015,36.84163487,24.0,4.0,-29.399999618530273,307.0,-0.22984336,8.65743351,3.60087943,-0.02490938,-,17.64705849,-0.02602687,-,-,60.79999924,52.14170074,1862,-,-96.45669556,36.84163666,-76.1640625,8.62745094,53.68646622,53.43792343,-
Sun Oct 29 17:39:47 EDT 2017,29-Oct-2017 17:39:47.753,-76.16427546,36.8417718,24.0,4.0,-30.299999237060547,306.9,0.11492168,9.34696388,3.44765043,0.00812432,-,18.4313736,-0.0161134,-,-,60.79999924,52.1495285,1872,-,-99.40944672,36.84177017,-76.16427612,9.4117651,53.68646622,54.05929184,29.91558266
Sun Oct 29 17:39:50 EDT 2017,29-Oct-2017 17:39:49.735,-76.16492901,36.84216728,24.0,5.0,-31.299999237060547,307.4,-1.26413846,8.96389103,3.37103605,0.0054371,-,19.2156868,-0.01496643,-,-,60.79999924,52.15729141,1887,-,-102.69028473,36.8421669,-76.16493225,10.58823586,53.68646622,54.05929184,29.91558266
Sun Oct 29 17:39:51 EDT 2017,29-Oct-2017 17:39:51.734,-76.16515013,36.84230032,24.5,4.0,-31.799999237060547,307.8,-0.68953007,9.19373417,3.29442143,0.01301354,-,19.2156868,-0.00164937,-,-,60.79999924,52.16750717,1885,-,-104.33070374,36.84230042,-76.1651535,10.1960783,54.80493546,54.68066406,38.48865891
Sun Oct 29 17:39:53 EDT 2017,29-Oct-2017 17:39:53.562,-76.1656012,36.84255684,24.25,3.0,-31.899999618530273,305.6,-0.72783732,8.77235508,2.94965649,-0.03466392,-,17.64705849,-0.05334064,-,-,60.79999924,52.17513657,1873,-,-104.65879059,36.842556,-76.16560364,8.23529434,54.24570084,54.05929184,38.48865891
Sun Oct 29 17:39:55 EDT 2017,29-Oct-2017 17:39:55.374,-76.16603386,36.84280708,23.75,4.0,-31.899999618530273,305.8,-0.15322891,8.65743351,3.40934324,-0.03239471,-,18.03921509,-0.05107065,-,-,60.79999924,52.17771149,1840,-,-104.65879059,36.84280777,-76.16603088,8.23529434,53.12723541,52.81655121,-
Sun Oct 29 17:39:57 EDT 2017,29-Oct-2017 17:39:57.177,-76.16646123,36.84305589,23.5,4.0,-32.0,305.9,-0.07661445,8.73404789,2.9113493,-0.04248691,-,24.70588303,-0.02148638,-,-,60.79999924,52.17778015,1811,-,-104.98687744,36.84305573,-76.16645813,16.47058868,52.56800079,52.19517899,-
Sun Oct 29 17:39:59 EDT 2017,29-Oct-2017 17:39:59.010,-76.16689394,36.84330296,23.5,10.0,-32.099998474121094,305.0,-0.45968673,9.15542698,2.79642749,-0.00969738,-,25.49019623,-0.02270346,-,-,60.79999924,52.18032837,1827,-,-105.31495667,36.84330368,-76.16689301,14.11764717,52.56800079,52.81655121,30.03026581
Sun Oct 29 17:40:01 EDT 2017,29-Oct-2017 17:40:00.824,-76.16733532,36.84355398,24.0,10.0,-32.0,303.5,-0.68953007,8.84896946,3.06457806,-0.01061689,-,22.74509811,-0.00151935,-,-,60.79999924,52.18531418,1851,-,-104.98687744,36.84355545,-76.16733551,13.72549057,53.68646622,53.43792343,29.9234581
Sun Oct 29 17:40:02 EDT 2017,29-Oct-2017 17:40:02.647,-76.1675643,36.84367025,24.0,10.0,-32.70000076293945,303.1,-0.49799395,9.19373417,3.17949986,-0.00548506,-,21.96078491,-0.02108876,-,-,60.79999924,52.19026947,1880,-,-107.28347015,36.84366989,-76.16756439,12.94117641,53.68646622,53.43792343,29.9234581
Sun Oct 29 17:40:04 EDT 2017,29-Oct-2017 17:40:04.400,-76.16802595,36.84391058,24.25,11.0,-32.70000076293945,302.4,-0.68953007,9.04050541,3.25611424,0.01373034,-,20.3921566,-0.00340092,-,-,60.79999924,52.19517899,1887,-,-107.28347015,36.84391022,-76.16802216,12.15686321,54.24570084,53.43792343,-
Sun Oct 29 17:40:06 EDT 2017,29-Oct-2017 17:40:06.253,-76.16848947,36.84414197,24.5,11.0,-32.5,301.6,-0.49799395,8.77235508,3.25611424,-0.02581096,-,20,-0.02379694,-,-,60.79999924,52.20249176,1862,-,-106.62729645,36.84414291,-76.16848755,10.98039246,54.80493546,54.05929184,30.09277916
Sun Oct 29 17:40:08 EDT 2017,29-Oct-2017 17:40:08.084,-76.1689585,36.8443201,24.0,11.0,-32.0,298.8,-0.03830723,8.84896946,3.21780705,-0.02532527,-,20,-0.04972089,-,-,60.79999924,52.20731735,1849,-,-104.98687744,36.84431839,-76.16896057,10.98039246,53.68646622,53.43792343,30.09277916
Sun Oct 29 17:40:09 EDT 2017,29-Oct-2017 17:40:09.887,-76.16920868,36.84440123,24.0,11.0,-31.600000381469727,297.4,-0.03830723,8.73404789,3.29442143,-0.0294416,-,19.6078434,-0.01814714,-,-,60.79999924,52.20968628,1832,-,-103.67454529,36.84440231,-76.16921234,10.98039246,53.68646622,52.81655121,-
Sun Oct 29 17:40:11 EDT 2017,29-Oct-2017 17:40:11.658,-76.16970264,36.8445472,23.75,11.0,-31.200000762939453,295.4,-0.19153613,8.81066227,3.06457806,-0.01522699,-,19.6078434,-0.04856547,-,-,60.79999924,52.20962906,1816,-,-102.36220551,36.84454727,-76.16970062,10.98039246,53.12723541,52.19517899,-
Sun Oct 29 17:40:13 EDT 2017,29-Oct-2017 17:40:13.444,-76.17018188,36.844727,23.5,10.0,-32.099998474121094,294.1,-0.42137951,9.23204136,2.87304211,-0.01245413,-,25.09803963,-0.02777526,-,-,60.79999924,52.20957184,1803,-,-105.31495667,36.84472656,-76.17018127,16.47058868,52.56800079,52.19517899,-
Sun Oct 29 17:40:15 EDT 2017,29-Oct-2017 17:40:15.271,-76.17066761,36.84488263,23.5,10.0,-33.79999923706055,292.8,-0.38307226,8.77235508,3.10288548,-0.03167969,-,22.74509811,0.00972601,-,-,60.79999924,52.20952225,1826,-,-110.89238739,36.84488297,-76.17066956,14.11764717,52.56800079,52.19517899,-
Sun Oct 29 17:40:17 EDT 2017,29-Oct-2017 17:40:17.041,-76.17116893,36.84502282,23.5,10.0,-34.20000076293945,291.7,0.22984336,8.81066227,3.02627087,-0.02649915,-,23.92156982,-0.049753,-,-,60.79999924,52.2118454,1838,-,-112.20472717,36.84502411,-76.17116547,14.50980377,52.56800079,52.81655121,29.58969879
Sun Oct 29 17:40:19 EDT 2017,29-Oct-2017 17:40:18.811,-76.17167881,36.84520173,23.75,10.0,-33.20000076293945,292.2,0.15322891,9.23204136,3.29442143,-0.00531127,-,18.8235302,-0.00252858,-,-,60.79999924,52.21415329,1841,-,-108.92388916,36.8452034,-76.17167664,9.8039217,53.12723541,52.81655121,29.58969879
Sun Oct 29 17:40:20 EDT 2017,29-Oct-2017 17:40:20.647,-76.17189814,36.84528282,23.5,10.0,-34.5,291.7,0.38307226,8.84896946,2.83473492,-0.03300577,-,17.25490189,-0.05168188,-,-,60.79999924,52.21408081,1815,-,-113.1889801,36.84528351,-76.17189789,7.84313726,52.56800079,52.19517899,-
Sun Oct 29 17:40:22 EDT 2017,29-Oct-2017 17:40:22.476,-76.17237766,36.84544607,23.25,4.0,-34.099998474121094,291.1,-0.76614451,8.58081913,2.94965649,0.00172265,-,22.35294151,-0.07145389,-,-,60.79999924,52.21165466,1782,-,-111.87663269,36.84544754,-76.17237854,13.72549057,52.00876617,51.57381058,-
Sun Oct 29 17:40:24 EDT 2017,29-Oct-2017 17:40:24.266,-76.17286037,36.84559182,23.25,4.0,-34.0,290.2,-1.34075296,7.96790314,4.29040956,-0.04844427,-,19.2156868,-0.20537812,-,-,60.79999924,52.2092514,1832,-,-111.54855347,36.8455925,-76.17285919,11.37254906,52.00876617,51.57381058,-
Sun Oct 29 17:40:26 EDT 2017,29-Oct-2017 17:40:26.051,-76.17335252,36.84571488,23.25,3.0,-34.099998474121094,287.2,-0.07661445,9.0788126,2.79642749,-0.02193092,-,25.09803963,-0.06594872,-,-,60.79999924,52.20685959,1794,-,-111.87663269,36.84571457,-76.1733551,14.90196133,52.00876617,51.57381058,-
Sun Oct 29 17:40:28 EDT 2017,29-Oct-2017 17:40:27.884,-76.17385102,36.84582818,23.5,4.0,-33.099998474121094,284.8,-0.07661445,9.0788126,2.94965649,-0.00788432,-,21.56862831,-0.01170337,-,-,60.79999924,52.20681763,1802,-,-108.59579468,36.84582901,-76.17385101,12.94117641,52.56800079,52.19517899,30.73191071
Sun Oct 29 17:40:30 EDT 2017,29-Oct-2017 17:40:29.722,-76.17436197,36.84592,23.25,3.0,-32.099998474121094,282.3,-0.30645782,9.23204136,3.14119267,0.01622447,-,19.2156868,-0.01042272,-,-,60.79999924,52.20677185,1813,-,-105.31495667,36.84592056,-76.17436218,9.4117651,52.00876617,52.19517899,30.73191071
Sun Oct 29 17:40:31 EDT 2017,29-Oct-2017 17:40:31.572,-76.17461769,36.84595664,23.25,3.0,-32.20000076293945,281.0,-0.30645782,8.96389103,3.25611424,-0.008331,-,21.17647171,-0.02699868,-,-,60.79999924,52.20441818,1790,-,-105.64304352,36.8459549,-76.17461395,12.54901981,52.00876617,51.57381058,-
Sun Oct 29 17:40:33 EDT 2017,29-Oct-2017 17:40:33.386,-76.17512603,36.8460283,23.25,4.0,-32.099998474121094,279.8,0.03830723,9.11711979,3.37103605,-0.00412066,-,20.7843132,-0.00665213,-,-,60.79999924,52.20208359,1864,-,-105.31495667,36.84602737,-76.17512512,12.94117641,52.00876617,51.57381058,-
Sun Oct 29 17:40:35 EDT 2017,29-Oct-2017 17:40:35.241,-76.17564591,36.84608415,23.5,4.0,-32.400001525878906,277.5,-0.34476504,8.6957407,3.33272886,-0.03106147,-,19.6078434,-0.04973694,-,-,60.79999924,52.2020607,1829,-,-106.29921722,36.84608459,-76.17564392,10.58823586,52.56800079,52.19517899,29.32121277
Sun Oct 29 17:40:36 EDT 2017,29-Oct-2017 17:40:37.051,-76.17590758,36.84611223,23.25,4.0,-32.29999923706055,276.4,-0.2681506,8.65743351,3.33272886,-0.01154332,-,16.07843208,-0.05363888,-,-,60.79999924,52.202034,1809,-,-105.97112274,36.8461113,-76.17591095,6.66666698,52.00876617,52.19517899,29.32121277
Sun Oct 29 17:40:39 EDT 2017,29-Oct-2017 17:40:38.846,-76.17668493,36.84614808,23.0,3.0,-31.899999618530273,272.0,0.22984336,8.61912632,3.21780705,-0.04286879,-,18.8235302,-0.00307179,-,-,60.79999924,52.19972992,1780,-,-104.65879059,36.84614944,-76.17668152,9.4117651,51.44953156,51.57381058,-
Sun Oct 29 17:40:41 EDT 2017,29-Oct-2017 17:40:40.686,-76.17719597,36.84616327,23.0,3.0,-31.5,271.1,-0.38307226,8.81066227,3.14119267,-0.01032416,-,19.6078434,-0.03704797,-,-,60.79999924,52.19517899,1809,-,-103.34645844,36.8461647,-76.17719269,10.98039246,51.44953156,50.95243835,-
Sun Oct 29 17:40:42 EDT 2017,29-Oct-2017 17:40:42.537,-76.17745164,36.84616453,22.75,3.0,-31.0,270.5,-0.22984336,8.81066227,3.33272886,-0.00881365,-,18.8235302,-0.03914984,-,-,60.79999924,52.19066238,1768,-,-101.70603943,36.8461647,-76.17745209,10.58823586,50.89030075,50.95243835,-
Sun Oct 29 17:40:44 EDT 2017,29-Oct-2017 17:40:44.397,-76.17796033,36.84616913,22.75,3.0,-30.899999618530273,269.8,-0.30645782,9.34696388,3.06457806,0.02219111,-,19.6078434,0.00353385,-,-,60.79999924,52.18617249,1762,-,-101.37795258,36.84616852,-76.17796326,10.58823586,50.89030075,50.95243835,-
Sun Oct 29 17:40:46 EDT 2017,29-Oct-2017 17:40:46.190,-76.17846839,36.84616957,22.75,3.0,-30.799999237060547,269.9,-0.45968673,8.81066227,3.29442143,-0.02099407,-,20.7843132,-0.03966609,-,-,60.79999924,52.17947769,1755,-,-101.04986572,36.84616852,-76.1784668,12.15686321,50.89030075,50.33106613,-
Sun Oct 29 17:40:48 EDT 2017,29-Oct-2017 17:40:48.024,-76.17897894,36.84616125,22.75,3.0,-30.100000381469727,269.5,-0.07661445,8.88727665,3.29442143,-0.01111283,-,20,-0.03345766,-,-,60.79999924,52.17282867,1757,-,-98.75328064,36.84616089,-76.17897797,10.98039246,50.89030075,50.33106613,-
Sun Oct 29 17:40:50 EDT 2017,29-Oct-2017 17:40:49.857,-76.17949013,36.84615913,22.5,3.0,-29.5,269.7,-0.2681506,9.19373417,3.06457806,0.00725234,-,23.92156982,-0.01141006,-,-,60.79999924,52.16622925,1763,-,-96.78477478,36.84616089,-76.17948914,16.86274529,50.33106613,50.33106613,-
Sun Oct 29 17:40:51 EDT 2017,29-Oct-2017 17:40:51.700,-76.17974499,36.84615688,22.75,3.0,-29.0,269.7,0,9.04050541,3.33272886,0.0011853,-,16.07843208,-0.02324221,-,-,60.79999924,52.15967178,1759,-,-95.14435577,36.84615707,-76.17974854,6.66666698,50.89030075,50.33106613,-
Sun Oct 29 17:40:53 EDT 2017,29-Oct-2017 17:40:53.505,-76.18024235,36.84615564,22.25,4.0,-28.600000381469727,269.7,0.38307226,9.23204136,2.60489154,-0.00239193,-,25.09803963,-0.02105764,-,-,60.79999924,52.14874649,1713,-,-93.83202362,36.84615707,-76.18024445,16.47058868,49.77183151,49.0883255,-
Sun Oct 29 17:40:56 EDT 2017,29-Oct-2017 17:40:56.519,-76.18098502,36.84617053,22.25,4.0,-26.399999618530273,272.2,-0.72783732,9.53849983,2.41335535,0.00386138,-,25.09803963,-0.04097784,-,-,60.79999924,52.14009476,1716,-,-86.61417389,36.84617233,-76.1809845,16.47058868,49.77183151,49.70969391,21.88182449
Sun Oct 29 17:40:59 EDT 2017,29-Oct-2017 17:40:58.585,-76.18174789,36.84617836,23.0,4.0,-25.0,270.5,-0.42137951,9.95987892,2.83473492,0.07547277,-,25.09803963,0.00186751,-,-,60.79999924,52.13809204,1834,-,-82.02099609,36.84617996,-76.18174744,16.47058868,51.44953156,51.57381058,-
Sun Oct 29 17:41:00 EDT 2017,29-Oct-2017 17:41:00.220,-76.18200946,36.84618089,23.5,3.0,-24.5,270.5,0.07661445,8.96389103,3.02627087,-0.01654899,-,25.09803963,-0.03521951,-,-,60.79999924,52.14048386,1842,-,-80.38057709,36.84617996,-76.18200684,17.64705849,52.56800079,52.81655121,88.62442017
Sun Oct 29 17:41:02 EDT 2017,29-Oct-2017 17:41:02.033,-76.18253852,36.84618925,23.5,4.0,-24.299999237060547,271.6,-0.84275901,8.84896946,2.98796368,-0.04613087,-,20.7843132,-0.04373436,-,-,60.79999924,52.14067078,1792,-,-79.72440338,36.84618759,-76.18254089,11.76470566,52.56800079,52.19517899,88.62442017
Sun Oct 29 17:41:04 EDT 2017,29-Oct-2017 17:41:03.851,-76.18305905,36.84619806,23.25,3.0,-23.600000381469727,270.8,-0.42137951,8.50420475,3.10288548,-0.05720878,-,18.8235302,-0.07589314,-,-,60.79999924,52.14086533,1828,-,-77.42782593,36.84619904,-76.18305969,10.58823586,52.00876617,52.19517899,-
Sun Oct 29 17:41:05 EDT 2017,29-Oct-2017 17:41:05.677,-76.1833183,36.84619934,23.25,3.0,-24.100000381469727,270.3,-0.34476504,8.58081913,3.25611424,-0.03393548,-,19.6078434,-0.06346078,-,-,60.79999924,52.13888931,1794,-,-79.06824493,36.84619904,-76.18331909,11.76470566,52.00876617,51.57381058,-
Sun Oct 29 17:41:07 EDT 2017,29-Oct-2017 17:41:07.531,-76.18383718,36.84620141,23.25,4.0,-25.0,270.1,-0.5363012,8.58081913,3.33272886,-0.04105014,-,16.07843208,-0.05972903,-,-,60.79999924,52.13476944,1776,-,-82.02099609,36.84620285,-76.18383789,6.66666698,52.00876617,50.95243835,-
Sun Oct 29 17:41:09 EDT 2017,29-Oct-2017 17:41:09.349,-76.18434344,36.84620152,22.75,3.0,-25.799999237060547,269.7,-0.30645782,8.77235508,3.17949986,-0.02933747,-,18.8235302,-0.04801233,-,-,60.79999924,52.12852478,1722,-,-84.64566803,36.84620285,-76.18434143,11.37254906,50.89030075,50.33106613,-
Sun Oct 29 17:41:11 EDT 2017,29-Oct-2017 17:41:11.157,-76.1848459,36.84619248,22.5,3.0,-25.899999618530273,269.6,-0.30645782,8.77235508,3.14119267,-0.03066027,-,21.56862831,-0.04933559,-,-,60.79999924,52.12018585,1722,-,-84.97375488,36.84619141,-76.18484497,12.54901981,50.33106613,49.70969391,-
Sun Oct 29 17:41:13 EDT 2017,29-Oct-2017 17:41:12.973,-76.18535393,36.84619743,22.75,3.0,-27.5,270.5,0.22984336,9.6534214,3.25611424,0.05777377,-,21.56862831,0.03912858,-,-,60.79999924,52.11617279,1829,-,-90.22309875,36.84619904,-76.18535614,15.29411793,50.89030075,50.95243835,58.06915665
Sun Oct 29 17:41:15 EDT 2017,29-Oct-2017 17:41:14.795,-76.18587127,36.84620718,23.0,3.0,-28.299999237060547,272.1,-0.65122288,9.23204136,3.63918662,-0.02049679,-,15.68627453,0.01408381,-,-,60.79999924,52.11431885,1776,-,-92.84776306,36.84620667,-76.18587494,6.27450991,51.44953156,51.57381058,30.23236847
Sun Oct 29 17:41:17 EDT 2017,29-Oct-2017 17:41:16.616,-76.18637861,36.84621732,22.5,3.0,-29.399999618530273,270.9,-0.19153613,9.23204136,3.56257224,-0.0049627,-,16.47058868,-0.01589631,-,-,60.79999924,52.10823059,1708,-,-96.45669556,36.84621811,-76.18637848,6.66666698,50.33106613,50.33106613,30.23236847
Sun Oct 29 17:41:18 EDT 2017,29-Oct-2017 17:41:18.448,-76.18662768,36.84621555,22.25,3.0,-29.600000381469727,270.6,-0.57460839,8.77235508,3.48595762,-0.00812761,-,15.68627453,-0.03880847,-,-,60.79999924,52.09795761,1715,-,-97.11286163,36.84621429,-76.18663025,5.88235283,49.77183151,49.0883255,-
Sun Oct 29 17:41:20 EDT 2017,29-Oct-2017 17:41:20.269,-76.18711509,36.84621509,21.75,3.0,-29.299999237060547,269.8,-0.42137951,9.00219822,2.9113493,-0.01559299,-,25.09803963,-0.01261472,-,-,60.79999924,52.08354187,1653,-,-96.1286087,36.84621429,-76.18711853,14.90196133,48.65336227,47.84558105,-
Sun Oct 29 17:41:22 EDT 2017,29-Oct-2017 17:41:22.072,-76.18759569,36.84621555,21.5,4.0,-28.899999618530273,269.9,-0.42137951,9.27034855,2.68150592,0.01889035,-,26.66666794,-0.01499747,-,-,60.79999924,52.06922531,1699,-,-94.81626892,36.84621429,-76.18759918,18.8235302,48.09413147,47.84558105,-
Sun Oct 29 17:41:24 EDT 2017,29-Oct-2017 17:41:23.882,-76.18808618,36.84621705,22.0,4.0,-28.0,270.0,-0.30645782,9.30865574,2.7581203,0.00916374,-,27.45098114,-0.00949798,-,-,60.79999924,52.05918884,1767,-,-91.86351776,36.84621811,-76.18808746,19.2156868,49.21259689,49.0883255,57.6844368
Sun Oct 29 17:41:26 EDT 2017,29-Oct-2017 17:41:25.697,-76.18858161,36.84621959,22.25,4.0,-27.600000381469727,270.1,-0.07661445,9.34696388,2.9113493,-0.01047792,-,24.70588303,-0.00630656,-,-,60.79999924,52.05130386,1770,-,-90.55118561,36.84621811,-76.18858337,16.47058868,49.77183151,49.70969391,29.28692436
Sun Oct 29 17:41:27 EDT 2017,29-Oct-2017 17:41:27.486,-76.18883319,36.84621676,22.25,3.0,-27.100000381469727,269.6,-0.11492168,9.27034855,2.7581203,0.00499701,-,25.09803963,-0.00915913,-,-,60.79999924,52.04555511,1780,-,-88.91075897,36.84621811,-76.18883514,16.86274529,49.77183151,50.33106613,29.50273514
Sun Oct 29 17:41:29 EDT 2017,29-Oct-2017 17:41:29.320,-76.18933747,36.84621707,22.75,3.0,-26.299999237060547,270.1,-0.2681506,8.77235508,3.17949986,-0.02945763,-,21.17647171,-0.02157989,-,-,60.79999924,52.04190826,1790,-,-86.28608704,36.84621811,-76.18933868,12.94117641,50.89030075,50.95243835,29.79885292
Sun Oct 29 17:41:31 EDT 2017,29-Oct-2017 17:41:31.127,-76.18985101,36.84621575,22.75,4.0,-25.799999237060547,270.0,0.15322891,9.6534214,3.33272886,-0.02956672,-,18.03921509,0.05253687,-,-,60.79999924,52.03622437,1755,-,-84.64566803,36.84621429,-76.18984985,6.66666698,50.89030075,50.33106613,29.79885292
Sun Oct 29 17:41:33 EDT 2017,29-Oct-2017 17:41:32.935,-76.19035222,36.84621303,22.25,4.0,-26.200000762939453,270.7,0.07661445,10.72602367,3.40934324,0.16630787,-,17.64705849,-0.09326185,-,-,60.79999924,52.02852249,1730,-,-85.95800781,36.84621429,-76.19035339,6.66666698,49.77183151,49.70969391,-
Sun Oct 29 17:41:34 EDT 2017,29-Oct-2017 17:41:34.751,-76.19060313,36.84621626,22.25,4.0,-26.0,270.6,-0.07661445,9.15542698,3.44765043,-0.05098614,-,16.86274529,-0.10604896,-,-,60.79999924,52.0188179,1713,-,-85.30183411,36.84621811,-76.19060516,6.66666698,49.77183151,49.0883255,-
Sun Oct 29 17:41:36 EDT 2017,29-Oct-2017 17:41:36.580,-76.19109944,36.84623009,22.0,3.0,-26.5,271.3,-0.19153613,9.92157173,2.79642749,0.06995934,-,21.96078491,0.04562805,-,-,60.79999924,52.00917816,1695,-,-86.94226074,36.84622955,-76.19110107,13.72549057,49.21259689,49.0883255,-
Sun Oct 29 17:41:38 EDT 2017,29-Oct-2017 17:41:38.399,-76.19159558,36.84625169,22.0,3.0,-26.899999618530273,272.6,-0.42137951,9.27034855,2.60489154,-0.00994499,-,25.09803963,-0.00193969,-,-,60.79999924,52.00163651,1741,-,-88.2545929,36.84625244,-76.19159698,16.86274529,49.21259689,49.70969391,29.25693703
Sun Oct 29 17:41:40 EDT 2017,29-Oct-2017 17:41:40.220,-76.19209649,36.84626897,22.5,4.0,-28.799999237060547,272.1,0.19153613,9.42357826,2.26012635,0.00704408,-,26.27450943,-0.01161834,-,-,60.79999924,51.99821091,1760,-,-94.4881897,36.8462677,-76.1920929,14.90196133,50.33106613,50.95243835,60.68117905
Sun Oct 29 17:41:42 EDT 2017,29-Oct-2017 17:41:42.043,-76.19261805,36.84630621,23.25,3.0,-30.399999618530273,275.3,0.61291564,8.65743351,3.17949986,0.01095064,-,16.86274529,-0.05745984,-,-,60.79999924,51.99884796,1816,-,-99.73753357,36.84630585,-76.19261932,9.4117651,52.00876617,52.19517899,59.19146729
Sun Oct 29 17:41:44 EDT 2017,29-Oct-2017 17:41:43.882,-76.19314213,36.84634615,23.25,5.0,-30.700000762939453,275.4,1.60890353,9.04050541,3.44765043,0.07917474,-,16.47058868,0.07741711,-,-,60.79999924,51.99747086,1797,-,-100.7217865,36.84634781,-76.19314575,7.05882359,52.00876617,51.57381058,59.19146729
Sun Oct 29 17:41:45 EDT 2017,29-Oct-2017 17:41:45.713,-76.19338228,36.84641137,22.75,4.0,-31.100000381469727,283.9,1.9153614,10.68771648,2.94965649,0.16594237,-,20.7843132,0.12569152,-,-,60.79999924,51.99208069,1761,-,-102.03411865,36.84641266,-76.19338226,9.4117651,50.89030075,50.33106613,-
Sun Oct 29 17:41:47 EDT 2017,29-Oct-2017 17:41:47.528,-76.19384396,36.8465619,22.0,3.0,-29.399999618530273,294.5,1.22583127,9.04050541,2.98796368,-0.00239974,-,15.68627453,0.02628129,-,-,60.79999924,51.98070526,1729,-,-96.45669556,36.84656143,-76.19384766,6.27450991,49.21259689,48.46695328,-
Sun Oct 29 17:41:49 EDT 2017,29-Oct-2017 17:41:49.369,-76.19422899,36.84677783,21.0,4.0,-28.5,308.4,2.26012635,7.50821638,2.9113493,-0.1283949,-,15.68627453,-0.16219361,-,-,60.79999924,51.96141815,1618,-,-93.50393677,36.84677887,-76.19422913,5.49019623,46.97566223,45.9814682,-
Sun Oct 29 17:41:51 EDT 2017,29-Oct-2017 17:41:51.347,-76.19455912,36.84703732,20.5,6.0,-28.0,314.4,-0.19153613,10.80263805,3.715801,0.08775391,-,18.8235302,0.09880251,-,-,60.79999924,51.93826675,1583,-,-91.86351776,36.84703827,-76.19455719,10.98039246,45.85719299,44.73872757,-
Sun Oct 29 17:41:53 EDT 2017,29-Oct-2017 17:41:53.168,-76.19481179,36.84734863,20.5,3.0,-28.200000762939453,326.1,0.34476504,9.27034855,3.14119267,0.01738393,-,17.64705849,0.07697799,-,-,60.79999924,51.92121887,1661,-,-92.51969147,36.84734726,-76.19480896,9.01960754,45.85719299,46.60284042,79.82720947
Sun Oct 29 17:41:55 EDT 2017,29-Oct-2017 17:41:55.025,-76.19505366,36.84768161,21.5,3.0,-28.899999618530273,327.9,0.03830723,9.34696388,3.40934324,0.0134745,-,17.25490189,-0.02249265,-,-,60.79999924,51.90626526,1653,-,-94.81626892,36.84768295,-76.1950531,7.05882359,48.09413147,47.22420883,29.24196625
Sun Oct 29 17:41:57 EDT 2017,29-Oct-2017 17:41:56.770,-76.19530906,36.84801293,21.5,3.0,-29.5,329.0,0.19153613,9.50019264,3.44765043,0.04940218,-,17.64705849,0.03075426,-,-,60.79999924,51.89336777,1675,-,-96.78477478,36.84801483,-76.1953125,8.62745094,48.09413147,47.84558105,30.00294876
Sun Oct 29 17:41:59 EDT 2017,29-Oct-2017 17:41:58.556,-76.19554079,36.84835538,21.25,3.0,-29.600000381469727,333.7,1.11090958,8.58081913,2.94965649,-0.01204914,-,16.47058868,-0.03130513,-,-,60.79999924,51.88055801,1710,-,-97.11286163,36.84835434,-76.19554138,8.23529434,47.53489685,47.84558105,30.00294876
Sun Oct 29 17:42:00 EDT 2017,29-Oct-2017 17:42:00.303,-76.19564611,36.84852645,21.25,6.0,-29.5,333.7,1.68551803,10.34295177,2.52827692,0.11788529,-,21.17647171,0.09926067,-,-,60.79999924,51.86587143,1660,-,-96.78477478,36.848526,-76.19564819,12.54901981,47.53489685,47.22420883,-
Sun Oct 29 17:42:02 EDT 2017,29-Oct-2017 17:42:02.114,-76.19577239,36.84890876,21.5,4.0,-30.200000762939453,344.9,0.99598789,9.50019264,2.7581203,-0.0005213,-,25.49019623,0.01385067,-,-,60.79999924,51.85322952,1670,-,-99.08136749,36.84890747,-76.19577026,16.86274529,48.09413147,47.84558105,30.14315605
Sun Oct 29 17:42:04 EDT 2017,29-Oct-2017 17:42:03.927,-76.19583385,36.84929021,21.75,4.0,-30.299999237060547,352.0,0.11492168,8.73404789,2.94965649,-0.04120427,-,23.52941132,-0.03337083,-,-,60.79999924,51.84456253,1716,-,-99.40944672,36.84928894,-76.1958313,15.68627453,48.65336227,49.0883255,59.56283188
Sun Oct 29 17:42:05 EDT 2017,29-Oct-2017 17:42:05.683,-76.19583777,36.84949144,22.25,4.0,-30.200000762939453,356.9,-0.22984336,8.6957407,2.9113493,-0.04592955,-,22.35294151,-0.06461012,-,-,60.79999924,51.83789444,1754,-,-99.08136749,36.84949112,-76.19583893,13.72549057,49.77183151,49.70969391,30.23982811
Sun Oct 29 17:42:07 EDT 2017,29-Oct-2017 17:42:07.424,-76.19584932,36.84989215,22.5,3.0,-28.600000381469727,0.6,-0.30645782,9.00219822,2.98796368,0.00339404,-,24.31372643,-0.01762672,-,-,60.79999924,51.83319473,1780,-,-93.83202362,36.84989166,-76.19584656,16.07843208,50.33106613,50.33106613,30.51599884
Sun Oct 29 17:42:09 EDT 2017,29-Oct-2017 17:42:09.220,-76.19583622,36.85029048,23.0,3.0,-27.399999618530273,1.7,-0.42137951,9.19373417,2.94965649,-0.00935906,-,25.49019623,-0.01449413,-,-,60.79999924,51.83238983,1796,-,-89.8950119,36.85029221,-76.19583893,17.25490189,51.44953156,51.57381058,60.32416534
Sun Oct 29 17:42:11 EDT 2017,29-Oct-2017 17:42:11.043,-76.19581702,36.85070568,23.5,3.0,-28.200000762939453,1.3,-0.2681506,8.77235508,2.83473492,-0.06841016,-,23.92156982,-0.08709837,-,-,60.79999924,51.83351135,1846,-,-92.51969147,36.85070419,-76.19581604,15.68627453,52.56800079,52.19517899,29.41995049
Sun Oct 29 17:42:13 EDT 2017,29-Oct-2017 17:42:12.873,-76.19579897,36.85113731,24.0,3.0,-29.100000381469727,1.9,-0.2681506,8.6957407,3.10288548,-0.00907804,-,21.96078491,-0.04863764,-,-,60.79999924,51.83846664,1874,-,-95.47244263,36.85113907,-76.19580078,13.72549057,53.68646622,53.43792343,59.43938065
Sun Oct 29 17:42:14 EDT 2017,29-Oct-2017 17:42:14.703,-76.1957888,36.8513524,24.0,4.0,-28.399999618530273,2.3,-0.38307226,8.73404789,3.29442143,-0.02864873,-,16.86274529,-0.04221172,-,-,60.79999924,51.8433876,1882,-,-93.17584991,36.85135269,-76.19578552,7.45098066,53.68646622,53.43792343,59.43938065
Sun Oct 29 17:42:16 EDT 2017,29-Oct-2017 17:42:16.544,-76.1957723,36.85178545,24.0,3.0,-28.0,2.0,-0.42137951,8.77235508,3.14119267,-0.00991019,-,20.7843132,0.01191485,-,-,60.79999924,51.84637451,1835,-,-91.86351776,36.85178375,-76.19577026,12.15686321,53.68646622,52.81655121,-
Sun Oct 29 17:42:18 EDT 2017,29-Oct-2017 17:42:18.325,-76.19575685,36.85221366,23.75,3.0,-28.100000381469727,1.5,-0.34476504,9.34696388,3.29442143,-0.0038649,-,21.56862831,-0.01353459,-,-,60.79999924,51.85123825,1844,-,-92.19160461,36.85221481,-76.195755,12.94117641,53.12723541,53.43792343,30.37098122
Sun Oct 29 17:42:20 EDT 2017,29-Oct-2017 17:42:20.175,-76.19574331,36.85263992,24.0,3.0,-28.200000762939453,1.1,-0.38307226,9.53849983,3.25611424,0.04715782,-,21.56862831,-0.04505169,-,-,60.79999924,51.8560791,1849,-,-92.51969147,36.85263824,-76.19573975,12.94117641,53.68646622,53.43792343,30.37098122
Sun Oct 29 17:42:22 EDT 2017,29-Oct-2017 17:42:21.990,-76.1957187,36.85306851,24.0,3.0,-28.100000381469727,1.9,-0.34476504,9.27034855,3.02627087,0.01368868,-,25.49019623,0.02293791,-,-,60.79999924,51.86088562,1870,-,-92.19160461,36.85306931,-76.19571686,17.64705849,53.68646622,53.43792343,-
Sun Oct 29 17:42:24 EDT 2017,29-Oct-2017 17:42:23.805,-76.19568952,36.85350427,24.25,3.0,-27.5,2.8,-0.42137951,9.84495735,3.06457806,-0.0100107,-,25.88235283,-0.04379021,-,-,60.79999924,51.86754608,1918,-,-90.22309875,36.85350418,-76.19568634,18.03921509,54.24570084,54.05929184,29.58828163
Sun Oct 29 17:42:26 EDT 2017,29-Oct-2017 17:42:25.626,-76.19566682,36.85394282,24.5,3.0,-26.600000381469727,2.3,-0.57460839,9.95987892,3.02627087,0.08172554,-,25.88235283,0.07370727,-,-,60.79999924,51.87604523,1897,-,-87.27033997,36.85394287,-76.19566345,18.03921509,54.80493546,54.68066406,29.69748878
Sun Oct 29 17:42:27 EDT 2017,29-Oct-2017 17:42:27.444,-76.19565406,36.85416499,24.5,3.0,-26.100000381469727,2.4,-0.49799395,8.96389103,2.79642749,-0.02247238,-,21.17647171,-0.04114491,-,-,60.79999924,51.88449478,1924,-,-85.62992096,36.85416412,-76.19565582,13.72549057,54.80493546,54.68066406,29.69748878
Sun Oct 29 17:42:29 EDT 2017,29-Oct-2017 17:42:29.267,-76.19563015,36.85460447,24.5,3.0,-25.0,2.7,-0.15322891,9.57680702,3.06457806,0.04411298,-,24.31372643,0.02546317,-,-,60.79999924,51.89289093,1891,-,-82.02099609,36.85460281,-76.19563293,16.86274529,54.80493546,54.68066406,-
Sun Oct 29 17:42:31 EDT 2017,29-Oct-2017 17:42:31.086,-76.19559317,36.85504466,24.5,3.0,-23.600000381469727,3.2,-0.42137951,9.69172859,2.71981311,-0.06282093,-,22.35294151,0.0273586,-,-,60.79999924,51.90123749,1955,-,-77.42782593,36.85504532,-76.19559479,15.29411793,54.80493546,54.68066406,-
Sun Oct 29 17:42:33 EDT 2017,29-Oct-2017 17:42:32.919,-76.19555863,36.85548686,24.25,3.0,-22.799999237060547,3.1,0.30645782,9.19373417,3.67749381,0.02885681,-,23.13725471,0.01020181,-,-,60.79999924,51.90768051,1952,-,-74.80314636,36.85548782,-76.19555664,16.07843208,54.24570084,54.05929184,-
Sun Oct 29 17:42:35 EDT 2017,29-Oct-2017 17:42:34.766,-76.19552694,36.85592853,24.5,3.0,-23.0,2.7,-0.11492168,9.11711979,3.14119267,0.00205433,-,22.35294151,-0.03344976,-,-,60.79999924,51.91593552,1935,-,-75.45932007,36.85593033,-76.19552612,13.33333397,54.80493546,54.68066406,28.94032288
Sun Oct 29 17:42:36 EDT 2017,29-Oct-2017 17:42:36.604,-76.19551962,36.85615136,24.5,3.0,-22.799999237060547,2.3,-0.11492168,9.15542698,2.79642749,-0.02625473,-,24.70588303,-0.03001433,-,-,60.79999924,51.92597961,1944,-,-74.80314636,36.85615158,-76.19551849,16.47058868,54.80493546,55.30203629,29.14931488
Sun Oct 29 17:42:38 EDT 2017,29-Oct-2017 17:42:38.423,-76.19549114,36.85659975,25.0,3.0,-22.5,2.5,-0.22984336,9.76834297,2.98796368,0.06055897,-,22.74509811,-0.00930532,-,-,60.79999924,51.93780899,1936,-,-73.81890106,36.8565979,-76.19548798,14.50980377,55.92340851,55.92340851,29.77686119
Sun Oct 29 17:42:40 EDT 2017,29-Oct-2017 17:42:40.216,-76.19546601,36.85705325,25.25,3.0,-22.799999237060547,3.1,0.19153613,8.27436066,3.06457806,-0.08133417,-,16.86274529,-0.10002685,-,-,60.79999924,51.95139694,1965,-,-74.80314636,36.85705185,-76.19546509,8.23529434,56.48263931,56.54477692,30.04094315
Sun Oct 29 17:42:42 EDT 2017,29-Oct-2017 17:42:42.028,-76.19543498,36.85750908,25.25,3.0,-24.299999237060547,2.9,-0.11492168,9.19373417,3.06457806,0.03468994,-,22.74509811,-0.01171881,-,-,60.79999924,51.96490479,1929,-,-79.72440338,36.85750961,-76.19543457,14.50980377,56.48263931,56.54477692,30.04094315
Sun Oct 29 17:42:44 EDT 2017,29-Oct-2017 17:42:43.854,-76.19540028,36.85796611,25.25,4.0,-25.5,3.6,-0.07661445,8.96389103,3.44765043,-0.00196356,-,16.07843208,-0.02062904,-,-,60.79999924,51.97833633,1963,-,-83.6614151,36.85796738,-76.19540405,6.66666698,56.48263931,56.54477692,-
Sun Oct 29 17:42:45 EDT 2017,29-Oct-2017 17:42:45.697,-76.19538136,36.85819255,25.0,4.0,-25.700000762939453,3.7,-0.38307226,8.54251194,3.06457806,-0.02127911,-,18.8235302,-0.07372442,-,-,60.79999924,51.98987579,1893,-,-84.31758881,36.85819244,-76.19538116,9.01960754,55.92340851,55.92340851,-
Sun Oct 29 17:42:47 EDT 2017,29-Oct-2017 17:42:47.525,-76.19534505,36.85864594,24.75,4.0,-26.600000381469727,3.9,-0.61291564,8.58081913,3.56257224,0.01195406,-,19.6078434,-0.03863386,-,-,60.79999924,52.00134277,1943,-,-87.27033997,36.85864639,-76.19534302,13.72549057,55.36417389,55.92340851,-
Sun Oct 29 17:42:49 EDT 2017,29-Oct-2017 17:42:49.349,-76.19530713,36.85909616,25.25,4.0,-26.200000762939453,4.2,-0.22984336,9.00219822,3.25611424,-0.00488037,-,21.17647171,-0.00585368,-,-,60.79999924,52.0127449,1946,-,-85.95800781,36.85909653,-76.19530487,12.15686321,56.48263931,55.92340851,-
Sun Oct 29 17:42:51 EDT 2017,29-Oct-2017 17:42:51.178,-76.19527888,36.85954711,25.25,3.0,-26.299999237060547,3.3,-0.22984336,8.38928318,3.715801,-0.00884494,-,18.8235302,-0.04814057,-,-,60.79999924,52.02407837,1950,-,-86.28608704,36.85954666,-76.19528198,12.54901981,56.48263931,55.92340851,-
Sun Oct 29 17:42:53 EDT 2017,29-Oct-2017 17:42:53.017,-76.19526025,36.85998951,25.0,4.0,-27.0,2.2,0.11492168,9.46188545,2.83473492,0.02593845,-,25.09803963,-0.01915009,-,-,60.79999924,52.03534698,1944,-,-88.58267975,36.85998917,-76.19525909,16.47058868,55.92340851,55.92340851,-
Sun Oct 29 17:42:55 EDT 2017,29-Oct-2017 17:42:54.835,-76.19523517,36.86043766,25.0,4.0,-27.700000762939453,2.6,-0.57460839,8.54251194,3.40934324,-0.02640045,-,18.03921509,-0.08452805,-,-,60.79999924,52.04655075,1931,-,-90.87926483,36.8604393,-76.19523621,7.45098066,55.92340851,55.92340851,-
Sun Oct 29 17:42:58 EDT 2017,29-Oct-2017 17:42:57.819,-76.19520163,36.86111168,24.75,3.0,-28.100000381469727,2.9,-0.15322891,8.50420475,3.14119267,-0.00554582,-,18.03921509,-0.07541442,-,-,60.79999924,52.0559082,1927,-,-92.19160461,36.86111069,-76.19519806,7.45098066,55.36417389,55.30203629,-
Sun Oct 29 17:43:00 EDT 2017,29-Oct-2017 17:42:59.837,-76.19517485,36.86155842,24.75,4.0,-28.700000762939453,2.8,-0.34476504,8.84896946,3.14119267,-0.02317262,-,18.03921509,-0.04184537,-,-,60.79999924,52.06520844,1947,-,-94.16011047,36.86155701,-76.19517517,7.45098066,55.36417389,55.30203629,-
Sun Oct 29 17:43:01 EDT 2017,29-Oct-2017 17:43:01.236,-76.1951606,36.86178079,25.0,4.0,-28.5,2.9,-0.38307226,9.34696388,3.40934324,-0.02065933,-,19.2156868,0.01530199,-,-,60.79999924,52.07445908,1921,-,-93.50393677,36.86178207,-76.19515991,10.58823586,55.92340851,55.30203629,-
Sun Oct 29 17:43:03 EDT 2017,29-Oct-2017 17:43:03.056,-76.19512099,36.86223594,24.75,3.0,-28.600000381469727,3.0,0.30645782,9.61511421,2.94965649,0.04469293,-,23.52941132,0.02604332,-,-,60.79999924,52.0836525,1915,-,-93.83202362,36.86223602,-76.19512177,14.90196133,55.36417389,55.30203629,-
Sun Oct 29 17:43:05 EDT 2017,29-Oct-2017 17:43:04.887,-76.19508156,36.86268274,25.0,3.0,-28.5,4.5,-0.61291564,9.00219822,3.52426481,0.02745874,-,17.64705849,-0.01221295,-,-,60.79999924,52.09279633,1924,-,-93.50393677,36.86268234,-76.19508362,12.94117641,55.92340851,55.30203629,-
Sun Oct 29 17:43:07 EDT 2017,29-Oct-2017 17:43:06.704,-76.1950434,36.86312525,24.75,4.0,-28.700000762939453,3.9,-0.5363012,9.11711979,2.79642749,-0.0073595,-,26.66666794,-0.02602687,-,-,60.79999924,52.10012436,1905,-,-94.16011047,36.86312485,-76.19504547,17.25490189,55.36417389,54.68066406,-
Sun Oct 29 17:43:08 EDT 2017,29-Oct-2017 17:43:08.537,-76.19502523,36.863347,24.75,4.0,-28.600000381469727,3.5,-0.34476504,8.77235508,3.52426481,0.00492066,-,16.86274529,-0.03533814,-,-,60.79999924,52.10916901,1950,-,-93.83202362,36.8633461,-76.19502258,8.23529434,55.36417389,55.30203629,29.18652344
Sun Oct 29 17:43:10 EDT 2017,29-Oct-2017 17:43:10.368,-76.19499233,36.86379142,24.75,4.0,-28.799999237060547,3.0,-0.11492168,9.04050541,3.14119267,-0.00532568,-,22.35294151,-0.02399234,-,-,60.79999924,52.11641312,1906,-,-94.4881897,36.86379242,-76.19499207,15.68627453,55.36417389,54.68066406,29.18652344
Sun Oct 29 17:43:12 EDT 2017,29-Oct-2017 17:43:12.175,-76.19495866,36.86424357,24.75,4.0,-28.799999237060547,2.9,-0.49799395,9.0788126,3.06457806,0.00403335,-,20.3921566,-0.02157989,-,-,60.79999924,52.1253624,1941,-,-94.4881897,36.86424255,-76.19496155,10.1960783,55.36417389,55.30203629,29.25798035
Sun Oct 29 17:43:13 EDT 2017,29-Oct-2017 17:43:14.004,-76.19494875,36.86446666,24.75,4.0,-28.600000381469727,2.9,-0.57460839,8.88727665,3.56257224,-0.00322592,-,16.86274529,-0.02189185,-,-,60.79999924,52.13426208,1920,-,-93.83202362,36.86446762,-76.19494629,7.45098066,55.36417389,55.30203629,29.25798035
Sun Oct 29 17:43:16 EDT 2017,29-Oct-2017 17:43:15.812,-76.1949235,36.86512729,24.25,3.0,-30.299999237060547,2.1,-0.34476504,9.00219822,3.29442143,0.00844247,-,16.86274529,-0.02186065,-,-,60.79999924,52.13963699,1873,-,-99.40944672,36.86512756,-76.1949234,6.66666698,54.24570084,54.05929184,-
Sun Oct 29 17:43:17 EDT 2017,29-Oct-2017 17:43:17.667,-76.19491204,36.8653437,23.75,3.0,-30.100000381469727,2.3,-0.45968673,8.92558384,2.83473492,-0.00294507,-,25.49019623,-0.04389394,-,-,60.79999924,52.14152527,1849,-,-98.75328064,36.865345,-76.19491577,17.25490189,53.12723541,52.81655121,-
Sun Oct 29 17:43:19 EDT 2017,29-Oct-2017 17:43:19.500,-76.1948898,36.865775,24.0,3.0,-29.600000381469727,2.2,0,9.00219822,3.02627087,-0.01288009,-,23.52941132,-0.03154932,-,-,60.79999924,52.1468544,1898,-,-97.11286163,36.86577606,-76.19489288,15.29411793,53.68646622,54.05929184,57.92917252
Sun Oct 29 17:43:21 EDT 2017,29-Oct-2017 17:43:21.349,-76.19486022,36.86621344,24.5,3.0,-29.5,3.2,-0.72783732,8.92558384,2.83473492,-0.00609675,-,25.49019623,-0.04216392,-,-,60.79999924,52.15386963,1930,-,-96.78477478,36.86621475,-76.19486237,17.25490189,54.80493546,54.68066406,28.99954796
Sun Oct 29 17:43:23 EDT 2017,29-Oct-2017 17:43:23.182,-76.19483141,36.86666466,25.0,4.0,-29.299999237060547,3.4,-0.11492168,8.58081913,2.94965649,-0.02932853,-,24.70588303,-0.05869911,-,-,60.79999924,52.16256714,1941,-,-96.1286087,36.86666489,-76.19483185,16.86274529,55.92340851,55.30203629,29.4827919
Sun Oct 29 17:43:25 EDT 2017,29-Oct-2017 17:43:25.008,-76.19480302,36.86711256,25.0,10.0,-29.100000381469727,3.3,-0.07661445,9.50019264,2.79642749,0.01109976,-,25.49019623,0.01527944,-,-,60.79999924,52.17292786,1990,-,-95.47244263,36.86711121,-76.19480133,16.47058868,55.92340851,55.92340851,28.76439667
Sun Oct 29 17:43:27 EDT 2017,29-Oct-2017 17:43:26.815,-76.19478115,36.86756426,25.25,9.0,-28.5,2.6,-0.5363012,9.6534214,2.87304211,-0.01444751,-,26.66666794,-0.04531538,-,-,60.79999924,52.18322754,1954,-,-93.50393677,36.86756516,-76.19477844,18.4313736,56.48263931,55.92340851,28.76439667
Sun Oct 29 17:43:28 EDT 2017,29-Oct-2017 17:43:28.625,-76.19477039,36.86779409,25.5,9.0,-28.100000381469727,1.9,0.11492168,9.95987892,3.17949986,0.08482033,-,26.66666794,0.06618445,-,-,60.79999924,52.19688034,1997,-,-92.19160461,36.86779404,-76.19477081,18.8235302,57.04187393,57.16614914,59.50541687
Sun Oct 29 17:43:30 EDT 2017,29-Oct-2017 17:43:30.455,-76.19477326,36.86825895,25.75,10.0,-28.299999237060547,0.3,-0.76614451,8.96389103,2.98796368,-0.00700012,-,18.03921509,-0.03333137,-,-,60.79999924,52.21385193,2064,-,-92.84776306,36.86825943,-76.19477081,14.50980377,57.60110855,58.40889359,58.50289154
Sun Oct 29 17:43:32 EDT 2017,29-Oct-2017 17:43:32.276,-76.19478655,36.86873296,26.0,9.0,-28.399999618530273,358.7,-0.19153613,9.00219822,3.21780705,-0.00628734,-,21.17647171,-0.0249543,-,-,60.79999924,52.22904205,1991,-,-93.17584991,36.86873245,-76.19478607,11.37254906,58.16034317,57.78752136,58.50289154
Sun Oct 29 17:43:34 EDT 2017,29-Oct-2017 17:43:34.099,-76.19482221,36.86919614,25.5,9.0,-28.899999618530273,356.3,-0.8810662,8.81066227,3.44765043,-0.00346543,-,20.3921566,-0.03105313,-,-,60.79999924,52.24245834,2007,-,-94.81626892,36.86919785,-76.19482422,12.94117641,57.04187393,57.16614914,-
Sun Oct 29 17:43:36 EDT 2017,29-Oct-2017 17:43:35.945,-76.19487592,36.8696499,25.25,9.0,-29.0,353.7,-0.42137951,9.00219822,3.06457806,-0.01067752,-,22.35294151,-0.029346,-,-,60.79999924,52.25411606,1959,-,-95.14435577,36.86965179,-76.19487762,15.68627453,56.48263931,56.54477692,-
Sun Oct 29 17:43:38 EDT 2017,29-Oct-2017 17:43:37.780,-76.194949,36.87010799,25.5,9.0,-29.700000762939453,351.7,-0.34476504,9.0788126,3.25611424,0.00281405,-,18.8235302,-0.01584979,-,-,60.79999924,52.26571274,1964,-,-97.44094849,36.87010956,-76.19494629,12.94117641,57.04187393,56.54477692,-
Sun Oct 29 17:43:39 EDT 2017,29-Oct-2017 17:43:39.598,-76.1949902,36.87033362,25.5,9.0,-29.899999618530273,350.9,-0.42137951,9.38527107,3.10288548,0.02754992,-,24.31372643,0.00889452,-,-,60.79999924,52.27557373,1958,-,-98.09711456,36.87033463,-76.19499207,16.86274529,57.04187393,55.92340851,-
Sun Oct 29 17:43:41 EDT 2017,29-Oct-2017 17:43:41.409,-76.19509848,36.87077855,25.5,9.0,-30.0,349.0,-0.45968673,8.65743351,3.25611424,-0.02617934,-,22.35294151,-0.05564841,-,-,60.79999924,52.28871918,1974,-,-98.42519379,36.87077713,-76.19509888,15.68627453,57.04187393,57.16614914,60.23193741
Sun Oct 29 17:43:43 EDT 2017,29-Oct-2017 17:43:43.187,-76.19523016,36.8712194,25.5,9.0,-29.700000762939453,346.6,-0.72783732,9.04050541,3.10288548,-0.00945969,-,22.35294151,-0.04727532,-,-,60.79999924,52.30012894,1948,-,-97.44094849,36.87121964,-76.19522858,12.94117641,57.04187393,56.54477692,60.23193741
Sun Oct 29 17:43:45 EDT 2017,29-Oct-2017 17:43:44.967,-76.1953714,36.87165393,25.25,9.0,-29.700000762939453,344.8,-0.07661445,9.6534214,3.06457806,0.0514645,-,22.35294151,0.03281723,-,-,60.79999924,52.31147766,1967,-,-97.44094849,36.87165451,-76.19537354,13.72549057,56.48263931,56.54477692,-
Sun Oct 29 17:43:47 EDT 2017,29-Oct-2017 17:43:46.750,-76.19554035,36.87209126,25.25,9.0,-28.799999237060547,342.7,-0.30645782,9.19373417,3.29442143,0.00391318,-,16.86274529,0.0025983,-,-,60.79999924,52.32276535,1965,-,-94.4881897,36.87208939,-76.19554138,8.62745094,56.48263931,56.54477692,-
Sun Oct 29 17:43:48 EDT 2017,29-Oct-2017 17:43:48.582,-76.19562906,36.87230933,25.25,9.0,-29.200000762939453,342.1,-0.15322891,9.34696388,2.98796368,0.01942092,-,24.31372643,0.00676732,-,-,60.79999924,52.33234406,1954,-,-95.80052948,36.87231064,-76.19562531,17.25490189,56.48263931,55.92340851,-
Sun Oct 29 17:43:50 EDT 2017,29-Oct-2017 17:43:50.412,-76.19582297,36.87273555,25.0,10.0,-29.399999618530273,340.0,-0.22984336,8.96389103,3.40934324,-0.01774357,-,21.17647171,-0.06875459,-,-,60.79999924,52.3435173,1982,-,-96.45669556,36.87273407,-76.19582367,12.94117641,55.92340851,56.54477692,28.87203407
Sun Oct 29 17:43:52 EDT 2017,29-Oct-2017 17:43:52.382,-76.19602257,36.87315908,25.25,10.0,-30.0,338.6,-0.11492168,9.00219822,3.21780705,-0.00641251,-,20.3921566,-0.02507951,-,-,60.79999924,52.3529892,1941,-,-98.42519379,36.8731575,-76.19602203,9.8039217,56.48263931,55.92340851,28.87203407
Sun Oct 29 17:43:53 EDT 2017,29-Oct-2017 17:43:54.165,-76.19612855,36.8733637,25.0,10.0,-30.0,338.0,-0.15322891,9.04050541,2.94965649,0.0129969,-,22.74509811,-0.03017166,-,-,60.79999924,52.35913086,1940,-,-98.42519379,36.87336349,-76.19612885,16.07843208,55.92340851,54.68066406,-
Sun Oct 29 17:43:56 EDT 2017,29-Oct-2017 17:43:55.970,-76.19648219,36.87397237,25.0,11.0,-29.899999618530273,335.4,-0.61291564,9.00219822,3.02627087,0.00466302,-,23.52941132,-0.02410961,-,-,60.79999924,52.36360168,1878,-,-98.09711456,36.87397385,-76.1964798,16.07843208,55.92340851,54.05929184,-
Sun Oct 29 17:43:58 EDT 2017,29-Oct-2017 17:43:57.790,-76.19674351,36.87434986,24.75,12.0,-29.799999237060547,333.1,-0.5363012,8.96389103,3.02627087,0.01241424,-,23.92156982,0.01011884,-,-,60.79999924,52.36642456,1894,-,-97.76902771,36.8743515,-76.19674683,15.29411793,55.36417389,53.43792343,-
Sun Oct 29 17:43:59 EDT 2017,29-Oct-2017 17:43:59.628,-76.19689064,36.87448982,23.75,3.0,-28.799999237060547,330.5,-0.2681506,8.88727665,2.03028297,-0.06930536,-,25.88235283,0.05862979,-,-,60.79999924,52.36922836,1880,-,-94.4881897,36.87448883,-76.19689178,16.47058868,53.12723541,53.43792343,-
Sun Oct 29 17:44:01 EDT 2017,29-Oct-2017 17:44:01.427,-76.19716468,36.87488249,24.0,4.0,-29.899999618530273,329.2,-0.15322891,9.57680702,2.9113493,-0.06379537,-,20.7843132,0.02081008,-,-,60.79999924,52.37201691,1870,-,-98.09711456,36.87488174,-76.19716644,15.29411793,53.68646622,53.43792343,-
Sun Oct 29 17:44:03 EDT 2017,29-Oct-2017 17:44:03.288,-76.19745627,36.87525706,23.75,4.0,-30.0,326.7,-0.22984336,9.11711979,3.17949986,-0.02911614,-,22.74509811,-0.02407052,-,-,60.79999924,52.37318039,1822,-,-98.42519379,36.87525558,-76.19745636,14.90196133,53.12723541,52.81655121,-
Sun Oct 29 17:44:05 EDT 2017,29-Oct-2017 17:44:05.075,-76.19775305,36.87561991,23.75,4.0,-29.600000381469727,325.5,-1.68551803,9.30865574,2.26012635,0.07706176,-,24.70588303,-0.0081971,-,-,60.79999924,52.37594223,1849,-,-97.11286163,36.8756218,-76.19775391,16.07843208,53.12723541,53.43792343,29.54969978
Sun Oct 29 17:44:07 EDT 2017,29-Oct-2017 17:44:06.891,-76.19808683,36.87596575,24.25,4.0,-30.0,323.3,-0.30645782,9.27034855,3.63918662,0.03467602,-,19.6078434,0.016023,-,-,60.79999924,52.38030243,1874,-,-98.42519379,36.87596512,-76.1980896,7.45098066,54.24570084,54.05929184,30.46961403
Sun Oct 29 17:44:08 EDT 2017,29-Oct-2017 17:44:08.661,-76.19825292,36.87613315,24.0,4.0,-29.200000762939453,322.3,-0.34476504,8.1211319,3.60087943,0.00623993,-,16.86274529,-0.09343857,-,-,60.79999924,52.38463974,1866,-,-95.80052948,36.87613297,-76.19824982,8.62745094,53.68646622,54.05929184,30.46961403
Sun Oct 29 17:44:10 EDT 2017,29-Oct-2017 17:44:10.444,-76.19860754,36.87647784,24.25,4.0,-29.399999618530273,320.0,-0.03830723,8.88727665,3.10288548,-0.02142304,-,16.47058868,0.01138695,-,-,60.79999924,52.38896179,1873,-,-96.45669556,36.87647629,-76.1986084,6.66666698,54.24570084,54.05929184,-
Sun Oct 29 17:44:12 EDT 2017,29-Oct-2017 17:44:12.248,-76.19895871,36.87680877,24.0,4.0,-29.5,318.4,-0.2681506,9.19373417,3.29442143,0.01026052,-,17.64705849,0.01265346,-,-,60.79999924,52.39165497,1864,-,-96.78477478,36.87680817,-76.19895935,8.23529434,53.68646622,53.43792343,-
Sun Oct 29 17:44:14 EDT 2017,29-Oct-2017 17:44:14.050,-76.19933074,36.87713074,24.25,4.0,-30.899999618530273,316.1,-0.2681506,9.19373417,3.40934324,-0.01726022,-,17.64705849,0.00025931,-,-,60.79999924,52.39592743,1870,-,-101.37795258,36.87713242,-76.19933319,8.23529434,54.24570084,54.05929184,30.19645309
Sun Oct 29 17:44:16 EDT 2017,29-Oct-2017 17:44:15.880,-76.19971783,36.87743255,24.25,3.0,-30.700000762939453,314.2,-0.49799395,8.81066227,3.44765043,-0.01522183,-,16.47058868,-0.0338919,-,-,60.79999924,52.40018463,1875,-,-100.7217865,36.87743378,-76.19971466,7.05882359,54.24570084,54.05929184,30.19645309
Sun Oct 29 17:44:17 EDT 2017,29-Oct-2017 17:44:17.696,-76.19992135,36.87757432,24.25,3.0,-30.399999618530273,312.9,-0.49799395,9.0788126,3.60087943,0.00384129,-,16.86274529,-0.00276567,-,-,60.79999924,52.40441513,1879,-,-99.73753357,36.87757492,-76.19992065,7.45098066,54.24570084,54.05929184,-
Sun Oct 29 17:44:19 EDT 2017,29-Oct-2017 17:44:19.519,-76.20033788,36.87786226,24.25,3.0,-30.700000762939453,311.0,-1.22583127,8.81066227,3.75410819,0.00322473,-,16.86274529,-0.01543901,-,-,60.79999924,52.40704727,1852,-,-100.7217865,36.87786102,-76.20034027,7.45098066,54.24570084,53.43792343,-
Sun Oct 29 17:44:21 EDT 2017,29-Oct-2017 17:44:21.303,-76.20075074,36.87812443,23.5,4.0,-31.100000381469727,307.4,0.30645782,8.92558384,3.17949986,0.00223343,-,16.07843208,-0.03331558,-,-,60.79999924,52.40808487,1819,-,-102.03411865,36.87812424,-76.20075226,6.66666698,52.56800079,52.81655121,-
Sun Oct 29 17:44:23 EDT 2017,29-Oct-2017 17:44:23.122,-76.20117567,36.878366,23.25,4.0,-31.5,306.2,-0.38307226,9.42357826,2.45166254,-0.01316293,-,30.98039246,-0.04262602,-,-,60.79999924,52.40597534,1794,-,-103.34645844,36.87836456,-76.20117188,20.3921566,52.00876617,51.57381058,-
Sun Oct 29 17:44:25 EDT 2017,29-Oct-2017 17:44:24.955,-76.20160921,36.87861548,24.0,3.0,-32.0,305.7,-0.34476504,9.0788126,3.10288548,0.00467193,-,21.56862831,-0.02101083,-,-,60.79999924,52.40858078,1874,-,-104.98687744,36.87861633,-76.20160675,15.29411793,53.68646622,53.43792343,88.86422729
Sun Oct 29 17:44:26 EDT 2017,29-Oct-2017 17:44:26.783,-76.20183138,36.878739,24.0,3.0,-31.5,304.5,-0.11492168,9.04050541,3.25611424,-0.00141859,-,19.6078434,-0.05263975,-,-,60.79999924,52.41117477,1861,-,-103.34645844,36.8787384,-76.201828,12.15686321,53.68646622,53.43792343,88.86422729
Sun Oct 29 17:44:29 EDT 2017,29-Oct-2017 17:44:28.614,-76.20251451,36.8790829,23.75,3.0,-29.399999618530273,301.6,-0.22984336,9.15542698,3.29442143,-0.02448966,-,21.17647171,-0.00752809,-,-,60.79999924,52.41218948,1833,-,-96.45669556,36.87908173,-76.20251465,11.76470566,53.12723541,52.81655121,-
Sun Oct 29 17:44:30 EDT 2017,29-Oct-2017 17:44:30.485,-76.20274116,36.87919066,23.5,4.0,-29.399999618530273,301.0,-0.03830723,8.84896946,2.98796368,0.0026591,-,22.74509811,-0.04759569,-,-,60.79999924,52.41320419,1872,-,-96.45669556,36.87919235,-76.20274353,14.90196133,52.56800079,52.81655121,-
Sun Oct 29 17:44:32 EDT 2017,29-Oct-2017 17:44:32.335,-76.2032054,36.87939654,23.5,4.0,-30.399999618530273,298.2,-0.07661445,9.0788126,2.79642749,-0.01259661,-,25.09803963,0.00144859,-,-,60.79999924,52.41421509,1875,-,-99.73753357,36.87939835,-76.20320892,16.86274529,52.56800079,52.81655121,-
Sun Oct 29 17:44:34 EDT 2017,29-Oct-2017 17:44:34.185,-76.20368584,36.87959656,24.0,4.0,-30.200000762939453,297.2,-0.2681506,9.19373417,3.06457806,-0.01299373,-,24.70588303,-0.0067827,-,-,60.79999924,52.41676331,1880,-,-99.08136749,36.87959671,-76.20368958,16.47058868,53.68646622,53.43792343,29.14146614
Sun Oct 29 17:44:36 EDT 2017,29-Oct-2017 17:44:36.004,-76.20418117,36.87978621,24.25,4.0,-30.399999618530273,295.6,-0.45968673,9.23204136,2.83473492,0.00456393,-,24.70588303,-0.03370238,-,-,60.79999924,52.42085266,1897,-,-99.73753357,36.87978745,-76.20417786,16.47058868,54.24570084,54.05929184,29.21632957
Sun Oct 29 17:44:38 EDT 2017,29-Oct-2017 17:44:37.852,-76.20468478,36.87995779,24.25,3.0,-30.799999237060547,292.6,-0.42137951,9.42357826,2.56658411,0.00600659,-,27.05882454,-0.00068682,-,-,60.79999924,52.42491913,1914,-,-101.04986572,36.87995911,-76.2046814,18.4313736,54.24570084,54.05929184,29.21632957
Sun Oct 29 17:44:39 EDT 2017,29-Oct-2017 17:44:39.654,-76.2049433,36.88004157,24.5,4.0,-30.600000381469727,292.2,-0.22984336,9.11711979,3.21780705,0.00483465,-,21.56862831,-0.0165555,-,-,60.79999924,52.43050385,1912,-,-100.39369965,36.88004303,-76.2049408,11.76470566,54.80493546,54.68066406,29.20912743
Sun Oct 29 17:44:41 EDT 2017,29-Oct-2017 17:44:41.476,-76.20545954,36.8801845,24.5,4.0,-30.200000762939453,289.6,-0.19153613,9.53849983,2.79642749,0.01580218,-,25.49019623,0.01211086,-,-,60.79999924,52.43605804,1946,-,-99.08136749,36.88018417,-76.20545959,18.8235302,54.80493546,54.68066406,29.20912743
Sun Oct 29 17:44:43 EDT 2017,29-Oct-2017 17:44:43.296,-76.20597247,36.88033383,24.5,3.0,-29.299999237060547,288.4,-0.57460839,8.73404789,2.98796368,-0.03819931,-,25.09803963,-0.08166563,-,-,60.79999924,52.44158554,1923,-,-96.1286087,36.88033295,-76.20597076,17.25490189,54.80493546,54.68066406,-
Sun Oct 29 17:44:45 EDT 2017,29-Oct-2017 17:44:45.154,-76.20649317,36.88047037,24.5,3.0,-27.5,286.5,-0.72783732,8.46589756,3.14119267,0.02595656,-,25.88235283,-0.00898205,-,-,60.79999924,52.44861221,1928,-,-90.22309875,36.88047028,-76.20648956,17.64705849,54.80493546,55.30203629,29.5518322
Sun Oct 29 17:44:47 EDT 2017,29-Oct-2017 17:44:46.978,-76.20703721,36.88058273,25.0,3.0,-26.299999237060547,283.7,-0.30645782,8.84896946,3.14119267,-0.02330792,-,16.86274529,-0.04689101,-,-,60.79999924,52.45713043,1970,-,-86.28608704,36.8805809,-76.20703888,8.23529434,55.92340851,55.92340851,29.08800316
Sun Oct 29 17:44:49 EDT 2017,29-Oct-2017 17:44:49.138,-76.20758436,36.88067376,25.0,3.0,-24.899999618530273,281.4,-0.45968673,8.35097599,2.9113493,0.03131449,-,24.70588303,-0.0969547,-,-,60.79999924,52.46560669,1970,-,-81.69290924,36.88067245,-76.20758057,18.03921509,55.92340851,55.92340851,29.08800316
Sun Oct 29 17:44:51 EDT 2017,29-Oct-2017 17:44:50.757,-76.20815083,36.88075371,25.25,3.0,-25.200000762939453,280.2,-0.22984336,8.46589756,3.48595762,-0.06977703,-,16.47058868,-0.06194672,-,-,60.79999924,52.47555542,1950,-,-82.6771698,36.88075256,-76.20815277,6.27450991,56.48263931,56.54477692,28.07975388
Sun Oct 29 17:44:52 EDT 2017,29-Oct-2017 17:44:52.574,-76.20842731,36.88079196,25.0,4.0,-25.899999618530273,280.0,-0.19153613,8.88727665,3.06457806,-0.02251214,-,21.96078491,-0.02289078,-,-,60.79999924,52.48394394,1952,-,-84.97375488,36.88079071,-76.20842743,12.15686321,55.92340851,55.92340851,28.07975388
Sun Oct 29 17:44:54 EDT 2017,29-Oct-2017 17:44:54.420,-76.20898392,36.88087053,25.25,3.0,-26.600000381469727,280.0,-0.22984336,8.50420475,3.25611424,-0.02909006,-,16.86274529,-0.06124758,-,-,60.79999924,52.49380112,1978,-,-87.27033997,36.88087082,-76.20898438,7.05882359,56.48263931,56.54477692,29.33988762
Sun Oct 29 17:44:56 EDT 2017,29-Oct-2017 17:44:56.391,-76.20954155,36.88095071,25.25,3.0,-28.299999237060547,280.3,-0.11492168,9.00219822,3.56257224,-0.01463341,-,18.03921509,-0.02379694,-,-,60.79999924,52.5036087,1965,-,-92.84776306,36.88095093,-76.20954132,9.4117651,56.48263931,56.54477692,29.33988762
Sun Oct 29 17:44:59 EDT 2017,29-Oct-2017 17:44:59.599,-76.21038261,36.88107312,25.25,3.0,-30.0,280.7,0,9.30865574,3.10288548,0.01922268,-,18.03921509,-0.01667187,-,-,60.79999924,52.5036087,1927,-,-98.42519379,36.881073,-76.21038055,9.4117651,56.48263931,55.92340851,29.33988762
Sun Oct 29 17:45:01 EDT 2017,29-Oct-2017 17:45:01.404,-76.21093561,36.8811585,25.25,3.0,-31.399999618530273,282.1,0.03830723,9.15542698,3.25611424,0.00954866,-,17.64705849,0.0125103,-,-,60.79999924,52.51337051,1970,-,-103.01837158,36.88115692,-76.2109375,7.84313726,56.48263931,56.54477692,29.62028122
Sun Oct 29 17:45:03 EDT 2017,29-Oct-2017 17:45:03.246,-76.21148583,36.88125903,25.25,3.0,-31.799999237060547,283.8,-0.11492168,9.0788126,3.17949986,-0.00162481,-,21.17647171,-0.04351897,-,-,60.79999924,52.52158737,1953,-,-104.33070374,36.88125992,-76.21148682,14.50980377,56.48263931,55.92340851,29.62028122
Sun Oct 29 17:45:05 EDT 2017,29-Oct-2017 17:45:05.078,-76.21203067,36.88137032,25.25,3.0,-32.0,284.6,0,9.23204136,3.06457806,0.01057953,-,21.96078491,-0.0278145,-,-,60.79999924,52.52976227,1940,-,-104.98687744,36.88137054,-76.2120285,10.98039246,56.48263931,55.92340851,-
Sun Oct 29 17:45:07 EDT 2017,29-Oct-2017 17:45:06.888,-76.21256541,36.88149298,24.75,3.0,-31.5,286.7,-0.03830723,9.27034855,3.37103605,0.02402339,-,17.64705849,-0.00059533,-,-,60.79999924,52.5364151,1976,-,-103.34645844,36.88149261,-76.21256256,9.01960754,55.36417389,55.30203629,-
Sun Oct 29 17:45:08 EDT 2017,29-Oct-2017 17:45:08.697,-76.21282777,36.88156235,24.5,3.0,-30.799999237060547,287.7,0.07661445,8.08282471,3.29442143,-0.09121883,-,23.13725471,0.10743393,-,-,60.79999924,52.54154587,1899,-,-101.04986572,36.88156128,-76.21282959,15.29411793,54.80493546,54.68066406,-
Sun Oct 29 17:45:10 EDT 2017,29-Oct-2017 17:45:10.517,-76.21334344,36.88169805,24.25,3.0,-29.799999237060547,288.5,0,8.73404789,2.79642749,-0.02052675,-,24.31372643,-0.05090986,-,-,60.79999924,52.54516602,1921,-,-97.76902771,36.88169861,-76.21334076,16.07843208,54.24570084,54.05929184,-
Sun Oct 29 17:45:12 EDT 2017,29-Oct-2017 17:45:12.336,-76.21385312,36.88184196,24.25,4.0,-29.200000762939453,289.9,-0.61291564,9.04050541,2.48996973,-0.02308506,-,26.27450943,-0.05153708,-,-,60.79999924,52.54876709,1888,-,-95.80052948,36.88184357,-76.21385193,18.4313736,54.24570084,54.05929184,-
Sun Oct 29 17:45:14 EDT 2017,29-Oct-2017 17:45:14.160,-76.21436431,36.8819976,24.25,4.0,-28.5,291.1,0.57460839,9.38527107,3.06457806,0.02615801,-,21.96078491,-0.05390496,-,-,60.79999924,52.55235672,1893,-,-93.50393677,36.88199615,-76.2143631,13.72549057,54.24570084,54.05929184,-
Sun Oct 29 17:45:16 EDT 2017,29-Oct-2017 17:45:15.986,-76.21487397,36.88215316,24.25,4.0,-28.0,290.9,-0.07661445,8.50420475,3.10288548,-0.05817491,-,22.35294151,-0.01397558,-,-,60.79999924,52.55592728,1893,-,-91.86351776,36.88215256,-76.21487427,12.54901981,54.24570084,54.05929184,-
Sun Oct 29 17:45:17 EDT 2017,29-Oct-2017 17:45:17.821,-76.21512623,36.88223256,24.25,4.0,-28.200000762939453,291.0,-0.07661445,8.23605347,3.29442143,-0.04329395,-,16.86274529,-0.06784559,-,-,60.79999924,52.55948257,1873,-,-92.51969147,36.88223267,-76.21512604,7.45098066,54.24570084,54.05929184,-
Sun Oct 29 17:45:19 EDT 2017,29-Oct-2017 17:45:19.626,-76.21563523,36.88238741,24.25,4.0,-27.5,291.0,-0.30645782,9.04050541,3.06457806,-0.00743002,-,21.96078491,-0.02609737,-,-,60.79999924,52.5630188,1862,-,-90.22309875,36.88238907,-76.21563721,12.15686321,54.24570084,54.05929184,-
Sun Oct 29 17:45:21 EDT 2017,29-Oct-2017 17:45:21.447,-76.21614122,36.88254544,24.5,4.0,-27.5,291.1,-0.5363012,8.54251194,3.83072281,-0.07388256,-,19.2156868,-0.04376628,-,-,60.79999924,52.56800079,1889,-,-90.22309875,36.88254547,-76.21614075,7.45098066,54.80493546,54.68066406,30.2195797
Sun Oct 29 17:45:23 EDT 2017,29-Oct-2017 17:45:23.230,-76.21665179,36.88270574,24.75,3.0,-29.200000762939453,291.0,-0.49799395,8.65743351,3.02627087,-0.04474807,-,22.35294151,-0.06342819,-,-,60.79999924,52.5729599,1900,-,-95.80052948,36.88270569,-76.21665192,12.94117641,55.36417389,54.68066406,30.2195797
Sun Oct 29 17:45:25 EDT 2017,29-Oct-2017 17:45:25.055,-76.21717274,36.88286832,25.0,3.0,-30.100000381469727,290.9,0.07661445,8.88727665,3.63918662,0.0224013,-,18.8235302,-0.02068357,-,-,60.79999924,52.58080673,1921,-,-98.75328064,36.88286972,-76.21717072,10.58823586,55.92340851,55.92340851,59.65973282
Sun Oct 29 17:45:27 EDT 2017,29-Oct-2017 17:45:26.880,-76.21769973,36.88303426,25.0,4.0,-31.700000762939453,291.3,-0.22984336,8.96389103,3.06457806,-0.01504028,-,20.7843132,-0.03371028,-,-,60.79999924,52.58861923,1940,-,-104.00262451,36.88303375,-76.21769714,11.76470566,55.92340851,55.92340851,59.65973282
Sun Oct 29 17:45:28 EDT 2017,29-Oct-2017 17:45:28.614,-76.21796297,36.88311824,25.25,4.0,-32.0,291.1,-0.22984336,8.96389103,3.715801,-0.01144616,-,17.25490189,-0.04467627,-,-,60.79999924,52.59639359,1940,-,-104.98687744,36.88311768,-76.21796417,8.23529434,56.48263931,55.92340851,-
Sun Oct 29 17:45:30 EDT 2017,29-Oct-2017 17:45:30.393,-76.21848812,36.88327214,24.75,4.0,-32.400001525878906,289.6,-0.45968673,8.92558384,3.06457806,-0.017878,-,21.96078491,-0.03654896,-,-,60.79999924,52.60268402,1928,-,-106.29921722,36.88327026,-76.2184906,11.37254906,55.36417389,55.30203629,-
Sun Oct 29 17:45:32 EDT 2017,29-Oct-2017 17:45:32.093,-76.21900919,36.88343582,24.75,4.0,-32.20000076293945,291.0,-0.5363012,8.73404789,2.98796368,-0.03843385,-,22.74509811,-0.05711184,-,-,60.79999924,52.60894775,1967,-,-105.64304352,36.8834343,-76.2190094,14.90196133,55.36417389,55.30203629,-
Sun Oct 29 17:45:34 EDT 2017,29-Oct-2017 17:45:33.855,-76.21953183,36.8836077,25.0,4.0,-31.899999618530273,291.1,-0.45968673,9.23204136,3.56257224,0.02881151,-,16.86274529,0.00290253,-,-,60.79999924,52.61661911,1930,-,-104.65879059,36.88360596,-76.2195282,7.45098066,55.92340851,55.92340851,31.87350845
Sun Oct 29 17:45:35 EDT 2017,29-Oct-2017 17:45:35.662,-76.21979222,36.88368667,24.75,4.0,-32.0,291.2,-0.30645782,8.88727665,3.14119267,-0.00820148,-,23.52941132,-0.02011503,-,-,60.79999924,52.62282181,1905,-,-104.98687744,36.88368607,-76.21979523,14.90196133,55.36417389,55.30203629,31.87350845
Sun Oct 29 17:45:37 EDT 2017,29-Oct-2017 17:45:37.438,-76.22031153,36.88384953,24.75,3.0,-31.5,291.0,-0.2681506,9.15542698,3.06457806,0.02541196,-,22.74509811,-0.01511366,-,-,60.79999924,52.62899399,1951,-,-103.34645844,36.8838501,-76.22031403,13.72549057,55.36417389,55.30203629,-
Sun Oct 29 17:45:39 EDT 2017,29-Oct-2017 17:45:39.248,-76.22082513,36.88399672,24.75,4.0,-32.79999923706055,291.2,-0.03830723,8.81066227,2.98796368,0.01407787,-,21.17647171,-0.05129579,-,-,60.79999924,52.63513947,1960,-,-107.61154938,36.88399506,-76.2208252,12.15686321,55.36417389,55.30203629,-
Sun Oct 29 17:45:41 EDT 2017,29-Oct-2017 17:45:41.064,-76.22133956,36.88415629,24.75,5.0,-32.900001525878906,291.0,-0.49799395,8.54251194,3.29442143,-0.04631287,-,17.25490189,-0.07362553,-,-,60.79999924,52.64125443,1910,-,-107.93963623,36.88415527,-76.22133636,6.66666698,55.36417389,55.30203629,-
Sun Oct 29 17:45:43 EDT 2017,29-Oct-2017 17:45:42.874,-76.22184133,36.88430854,24.0,7.0,-33.099998474121094,291.0,-0.03830723,8.58081913,3.02627087,-0.02862672,-,21.17647171,-0.01642363,-,-,60.79999924,52.64165878,1843,-,-108.59579468,36.88430786,-76.2218399,12.54901981,53.68646622,52.81655121,-
Sun Oct 29 17:45:44 EDT 2017,29-Oct-2017 17:45:44.656,-76.22207969,36.88438522,23.5,6.0,-33.29999923706055,291.1,-0.42137951,9.46188545,2.87304211,0.02791268,-,25.09803963,0.00925744,-,-,60.79999924,52.64064026,1846,-,-109.25196838,36.88438416,-76.22207642,16.86274529,52.56800079,52.19517899,-
Sun Oct 29 17:45:46 EDT 2017,29-Oct-2017 17:45:46.465,-76.22258731,36.88453271,23.5,4.0,-32.0,290.6,-0.38307226,8.96389103,3.10288548,-0.02495093,-,23.13725471,-0.03193541,-,-,60.79999924,52.64103699,1920,-,-104.98687744,36.88453293,-76.22258759,14.50980377,52.56800079,52.81655121,28.89407349
Sun Oct 29 17:45:48 EDT 2017,29-Oct-2017 17:45:48.280,-76.22309553,36.88467822,24.25,4.0,-31.899999618530273,291.3,-0.49799395,9.11711979,3.02627087,-0.00045395,-,25.09803963,-0.01911892,-,-,60.79999924,52.64426041,1925,-,-104.65879059,36.88467789,-76.22309875,17.25490189,54.24570084,54.05929184,57.30209732
Sun Oct 29 17:45:50 EDT 2017,29-Oct-2017 17:45:50.095,-76.22361443,36.88483291,24.75,5.0,-31.799999237060547,291.2,-0.11492168,8.58081913,3.48595762,-0.04933067,-,16.86274529,-0.05547877,-,-,60.79999924,52.65029144,1950,-,-104.33070374,36.88483429,-76.22361755,7.45098066,55.36417389,55.30203629,59.24642563
Sun Oct 29 17:45:52 EDT 2017,29-Oct-2017 17:45:52.064,-76.22413105,36.88501156,25.0,3.0,-32.0,290.4,-0.2681506,8.54251194,3.06457806,-0.04867555,-,17.64705849,-0.07414459,-,-,60.79999924,52.65628815,1909,-,-104.98687744,36.88500977,-76.22412872,14.11764717,55.92340851,55.30203629,59.24642563
Sun Oct 29 17:45:54 EDT 2017,29-Oct-2017 17:45:53.870,-76.22465028,36.8851722,25.0,4.0,-32.5,290.7,0.42137951,8.50420475,3.60087943,-0.03861988,-,16.86274529,-0.05729791,-,-,60.79999924,52.66226196,1925,-,-106.62729645,36.8851738,-76.22464752,6.66666698,55.92340851,55.30203629,-
Sun Oct 29 17:45:56 EDT 2017,29-Oct-2017 17:45:55.710,-76.22516215,36.88534724,24.5,4.0,-34.099998474121094,293.8,0.8810662,9.27034855,3.10288548,0.01163065,-,20,0.02775954,-,-,60.79999924,52.66680908,1898,-,-111.87663269,36.88534546,-76.22515869,11.37254906,54.80493546,54.68066406,-
Sun Oct 29 17:45:57 EDT 2017,29-Oct-2017 17:45:57.522,-76.22541341,36.88544751,24.75,4.0,-33.900001525878906,296.0,0,9.27034855,3.17949986,-0.01772974,-,21.17647171,-0.03715098,-,-,60.79999924,52.67272949,1923,-,-111.22047424,36.88544846,-76.22541046,12.15686321,55.36417389,55.30203629,30.08904648
Sun Oct 29 17:45:59 EDT 2017,29-Oct-2017 17:45:59.325,-76.22589016,36.88567073,25.0,3.0,-33.79999923706055,300.8,0.30645782,9.38527107,3.06457806,0.00196383,-,21.56862831,0.00724463,-,-,60.79999924,52.68001556,1940,-,-110.89238739,36.88566971,-76.22589111,12.54901981,55.92340851,55.92340851,29.73171997
Sun Oct 29 17:46:01 EDT 2017,29-Oct-2017 17:46:01.149,-76.22636699,36.88592418,25.25,4.0,-34.20000076293945,304.0,0,9.04050541,2.87304211,-0.01402265,-,25.09803963,-0.03269229,-,-,60.79999924,52.68727112,1926,-,-112.20472717,36.88592529,-76.22636414,13.72549057,56.48263931,55.92340851,29.73171997
Sun Oct 29 17:46:03 EDT 2017,29-Oct-2017 17:46:02.970,-76.22680956,36.8862064,25.25,4.0,-33.70000076293945,308.6,0.38307226,9.11711979,3.44765043,0.00061361,-,16.86274529,-0.00529355,-,-,60.79999924,52.69588089,1978,-,-110.56430817,36.88620758,-76.22680664,7.45098066,56.48263931,56.54477692,29.58143044
Sun Oct 29 17:46:05 EDT 2017,29-Oct-2017 17:46:04.809,-76.22722162,36.8864953,24.25,5.0,-33.70000076293945,310.8,0.57460839,9.30865574,3.40934324,0.03123218,-,19.6078434,0.01257801,-,-,60.79999924,52.70169067,1899,-,-110.56430817,36.88649368,-76.22721863,9.4117651,54.24570084,55.30203629,29.58143044
Sun Oct 29 17:46:06 EDT 2017,29-Oct-2017 17:46:06.633,-76.22742897,36.88666251,24.5,4.0,-33.599998474121094,313.7,0.15322891,9.46188545,2.98796368,0.03058428,-,19.2156868,-0.02253167,-,-,60.79999924,52.70608521,1956,-,-110.23621368,36.88666153,-76.22743225,12.54901981,54.80493546,54.68066406,-
Sun Oct 29 17:46:08 EDT 2017,29-Oct-2017 17:46:08.429,-76.22779903,36.8870031,24.75,4.0,-33.29999923706055,318.4,-0.07661445,9.23204136,2.83473492,0.00824783,-,24.70588303,-0.01269972,-,-,60.79999924,52.71046448,1901,-,-109.25196838,36.88700485,-76.22779846,16.47058868,55.36417389,54.68066406,-
Sun Oct 29 17:46:10 EDT 2017,29-Oct-2017 17:46:10.270,-76.22812339,36.88736859,24.75,3.0,-33.400001525878906,323.4,0.2681506,9.23204136,2.98796368,0.00852448,-,19.2156868,-0.00497152,-,-,60.79999924,52.71619415,1938,-,-109.58005524,36.88736725,-76.22812653,12.15686321,55.36417389,55.30203629,29.70778084
Sun Oct 29 17:46:12 EDT 2017,29-Oct-2017 17:46:12.077,-76.2284431,36.88774115,24.75,4.0,-34.20000076293945,326.5,0.15322891,9.00219822,2.87304211,-0.01279259,-,25.49019623,-0.04322389,-,-,60.79999924,52.72190475,1923,-,-112.20472717,36.88774109,-76.22843933,17.25490189,55.36417389,55.30203629,29.70778084
Sun Oct 29 17:46:14 EDT 2017,29-Oct-2017 17:46:13.903,-76.22872063,36.88813729,25.0,3.0,-34.599998474121094,330.4,-0.22984336,9.15542698,3.40934324,0.01515925,-,16.86274529,-0.01534602,-,-,60.79999924,52.72895813,1959,-,-113.51705933,36.88813782,-76.22872162,7.45098066,55.92340851,55.92340851,29.73616791
Sun Oct 29 17:46:15 EDT 2017,29-Oct-2017 17:46:15.731,-76.22885428,36.88833813,24.75,3.0,-34.70000076293945,330.6,-0.11492168,9.04050541,3.02627087,0.00734662,-,24.70588303,-0.02637943,-,-,60.79999924,52.73461151,1906,-,-113.84514618,36.88834,-76.22885132,14.90196133,55.36417389,55.30203629,29.73616791
Sun Oct 29 17:46:17 EDT 2017,29-Oct-2017 17:46:17.570,-76.2291241,36.88872036,24.75,3.0,-35.099998474121094,330.5,-0.49799395,8.88727665,3.37103605,-0.01074821,-,20.7843132,-0.0215487,-,-,60.79999924,52.74160767,1968,-,-115.15747833,36.88872147,-76.22912598,13.72549057,55.36417389,55.92340851,29.50238419
Sun Oct 29 17:46:19 EDT 2017,29-Oct-2017 17:46:19.391,-76.22939734,36.88911582,25.0,3.0,-35.400001525878906,330.5,-0.2681506,9.15542698,2.7581203,-0.00591195,-,25.49019623,-0.02457885,-,-,60.79999924,52.74856949,1939,-,-116.14173889,36.88911438,-76.22940063,16.47058868,55.92340851,55.92340851,29.50238419
Sun Oct 29 17:46:21 EDT 2017,29-Oct-2017 17:46:21.212,-76.22967403,36.88951104,25.25,4.0,-35.099998474121094,330.5,0.03830723,8.77235508,3.56257224,-0.00962557,-,16.86274529,-0.04576301,-,-,60.79999924,52.75685501,1966,-,-115.15747833,36.88951111,-76.22967529,7.45098066,56.48263931,56.54477692,29.72935677
Sun Oct 29 17:46:23 EDT 2017,29-Oct-2017 17:46:23.027,-76.22994563,36.88990682,25.25,4.0,-35.599998474121094,330.5,-0.34476504,9.00219822,2.87304211,-0.01710254,-,23.52941132,-0.03577323,-,-,60.79999924,52.7637558,1942,-,-116.79789734,36.88990784,-76.22994232,13.72549057,56.48263931,55.92340851,29.72935677
Sun Oct 29 17:46:25 EDT 2017,29-Oct-2017 17:46:24.829,-76.2302214,36.8903059,25.25,3.0,-36.70000076293945,330.5,-0.34476504,8.65743351,3.10288548,-0.00826304,-,21.56862831,-0.06154021,-,-,60.79999924,52.77197647,1978,-,-120.40682983,36.89030457,-76.23022461,14.50980377,56.48263931,56.54477692,29.92635918
Sun Oct 29 17:46:26 EDT 2017,29-Oct-2017 17:46:26.641,-76.23035923,36.89050759,25.25,3.0,-37.5,330.5,-0.22984336,8.88727665,3.29442143,-0.01453531,-,18.8235302,-0.02582323,-,-,60.79999924,52.77881241,1939,-,-123.03149414,36.89050674,-76.23036194,7.45098066,56.48263931,55.92340851,29.92635918
Sun Oct 29 17:46:28 EDT 2017,29-Oct-2017 17:46:28.447,-76.2306377,36.89090066,25.0,3.0,-36.900001525878906,330.6,-0.22984336,8.96389103,2.98796368,-0.01753765,-,22.74509811,-0.05336482,-,-,60.79999924,52.78427124,1945,-,-121.06299591,36.89089966,-76.2306366,14.90196133,55.92340851,55.30203629,-
Sun Oct 29 17:46:30 EDT 2017,29-Oct-2017 17:46:30.282,-76.23091723,36.8912937,25.0,3.0,-37.599998474121094,330.8,-0.42137951,9.15542698,3.25611424,0.01047188,-,20,-0.00818941,-,-,60.79999924,52.79104996,1937,-,-123.35957336,36.89129257,-76.23091888,10.98039246,55.92340851,55.92340851,30.02414131
Sun Oct 29 17:46:32 EDT 2017,29-Oct-2017 17:46:32.069,-76.23118443,36.89168524,24.75,4.0,-37.099998474121094,331.3,0.19153613,7.66144562,2.10689759,-0.0429389,-,21.96078491,-0.09216022,-,-,60.79999924,52.79780197,1940,-,-121.71915436,36.89168549,-76.23118591,12.94117641,55.36417389,55.92340851,30.02414131
Sun Oct 29 17:46:34 EDT 2017,29-Oct-2017 17:46:33.882,-76.23143679,36.89208978,25.0,4.0,-37.0,333.0,0.03830723,8.58081913,2.9113493,-0.05731606,-,17.64705849,-0.01060006,-,-,60.79999924,52.80452347,1938,-,-121.39107513,36.89208984,-76.23143768,7.84313726,55.92340851,55.92340851,-
Sun Oct 29 17:46:36 EDT 2017,29-Oct-2017 17:46:35.722,-76.23167933,36.89248754,24.5,4.0,-36.79999923706055,334.8,-0.11492168,8.81066227,3.06457806,-0.03001869,-,23.13725471,-0.01901781,-,-,60.79999924,52.80854797,1905,-,-120.73490906,36.89248657,-76.23168182,13.33333397,54.80493546,54.68066406,-
Sun Oct 29 17:46:37 EDT 2017,29-Oct-2017 17:46:37.543,-76.23179048,36.89268193,24.5,4.0,-36.400001525878906,335.9,0.11492168,8.73404789,3.02627087,-0.03867656,-,21.17647171,0.01813098,-,-,60.79999924,52.81256104,1928,-,-119.4225769,36.89268112,-76.23178864,12.54901981,54.80493546,54.68066406,-
Sun Oct 29 17:46:39 EDT 2017,29-Oct-2017 17:46:39.402,-76.23200531,36.89309303,24.5,4.0,-36.20000076293945,337.1,0.11492168,8.77235508,3.10288548,-0.01442495,-,22.74509811,-0.05108673,-,-,60.79999924,52.81655121,1887,-,-118.7664032,36.89309311,-76.23200226,11.76470566,54.80493546,54.68066406,-
Sun Oct 29 17:46:41 EDT 2017,29-Oct-2017 17:46:41.210,-76.2321957,36.89350651,24.25,4.0,-36.29999923706055,339.2,-0.15322891,8.61912632,2.9113493,-0.00922986,-,24.31372643,-0.00676734,-,-,60.79999924,52.81920242,1933,-,-119.09448242,36.8935051,-76.23219299,15.68627453,54.24570084,54.05929184,-
Sun Oct 29 17:46:43 EDT 2017,29-Oct-2017 17:46:43.084,-76.23238003,36.89391946,24.5,4.0,-36.5,340.1,0.30645782,9.23204136,3.25611424,0.01739156,-,16.47058868,-0.00126734,-,-,60.79999924,52.82315826,1917,-,-119.75065613,36.8939209,-76.23238373,8.62745094,54.80493546,54.68066406,29.4843235
Sun Oct 29 17:46:45 EDT 2017,29-Oct-2017 17:46:44.888,-76.23255424,36.89434605,24.5,3.0,-36.900001525878906,341.7,0.03830723,9.30865574,2.98796368,0.01558775,-,24.31372643,-0.00307179,-,-,60.79999924,52.82710266,1895,-,-121.06299591,36.89434433,-76.23255157,14.90196133,54.80493546,54.68066406,29.4843235
Sun Oct 29 17:46:47 EDT 2017,29-Oct-2017 17:46:46.724,-76.23273478,36.8947625,24.5,3.0,-35.5,342.0,-0.07661445,9.11711979,3.21780705,-0.01034385,-,21.17647171,-0.01407612,-,-,60.79999924,52.83103561,1904,-,-116.46981812,36.89476395,-76.23273468,12.94117641,54.80493546,54.68066406,-
Sun Oct 29 17:46:48 EDT 2017,29-Oct-2017 17:46:48.544,-76.23281768,36.89497202,24.5,3.0,-35.20000076293945,341.9,-0.42137951,9.11711979,3.06457806,-0.01101532,-,21.56862831,-0.01825593,-,-,60.79999924,52.83625793,1909,-,-115.48556519,36.89497375,-76.2328186,12.54901981,54.80493546,55.30203629,29.8459549
Sun Oct 29 17:46:50 EDT 2017,29-Oct-2017 17:46:50.354,-76.23299198,36.89538192,24.75,3.0,-35.0,341.9,-0.03830723,9.27034855,3.29442143,0.02189463,-,16.47058868,0.0032372,-,-,60.79999924,52.84145737,1913,-,-114.82939911,36.89538193,-76.23299408,8.23529434,55.36417389,55.30203629,29.8459549
Sun Oct 29 17:46:52 EDT 2017,29-Oct-2017 17:46:52.188,-76.23316427,36.89580307,24.5,3.0,-34.400001525878906,342.2,-0.34476504,8.84896946,3.29442143,-0.03420363,-,19.6078434,-0.03650936,-,-,60.79999924,52.8453331,1891,-,-112.86090088,36.89580154,-76.23316193,10.98039246,54.80493546,54.68066406,-
Sun Oct 29 17:46:54 EDT 2017,29-Oct-2017 17:46:54.027,-76.23333879,36.89622018,24.5,4.0,-34.20000076293945,342.0,-0.11492168,8.92558384,3.44765043,-0.00556797,-,20.3921566,-0.0242347,-,-,60.79999924,52.84918594,1891,-,-112.20472717,36.89622116,-76.2333374,12.15686321,54.80493546,54.68066406,-
Sun Oct 29 17:46:56 EDT 2017,29-Oct-2017 17:46:55.883,-76.23351364,36.89663263,24.5,3.0,-33.400001525878906,341.9,-0.30645782,9.19373417,3.14119267,0.00986421,-,21.17647171,0.01048132,-,-,60.79999924,52.85302734,1893,-,-109.58005524,36.89663315,-76.23351288,12.54901981,54.80493546,54.68066406,-
Sun Oct 29 17:46:59 EDT 2017,29-Oct-2017 17:46:59.127,-76.23375875,36.89726566,24.75,4.0,-33.099998474121094,343.7,-0.45968673,8.65743351,3.37103605,-0.02706724,-,21.17647171,-0.07724822,-,-,60.79999924,52.85684586,1920,-,-108.59579468,36.89726639,-76.23375702,12.54901981,55.36417389,54.68066406,-
Sun Oct 29 17:47:01 EDT 2017,29-Oct-2017 17:47:01.510,-76.2339144,36.89768635,24.25,4.0,-33.0,343.2,-0.07661445,9.57680702,3.02627087,0.00335115,-,21.17647171,-0.00304118,-,-,60.79999924,52.85935974,1891,-,-108.26771545,36.897686,-76.23391724,12.54901981,54.24570084,54.05929184,-
Sun Oct 29 17:47:03 EDT 2017,29-Oct-2017 17:47:03.117,-76.23408062,36.89810293,24.25,3.0,-32.400001525878906,342.7,-0.45968673,9.04050541,3.14119267,-0.00427133,-,20.7843132,-0.02293763,-,-,60.79999924,52.86185837,1893,-,-106.29921722,36.89810181,-76.23407745,13.33333397,54.24570084,54.05929184,-
Sun Oct 29 17:47:05 EDT 2017,29-Oct-2017 17:47:04.903,-76.23424573,36.89851215,24.25,3.0,-31.5,342.2,-0.42137951,8.88727665,2.7581203,-0.03146285,-,23.13725471,-0.03091929,-,-,60.79999924,52.86434555,1861,-,-103.34645844,36.89851379,-76.2342453,15.68627453,54.24570084,54.05929184,-
Sun Oct 29 17:47:06 EDT 2017,29-Oct-2017 17:47:06.720,-76.23433014,36.89872295,24.25,3.0,-31.0,342.3,-0.38307226,8.96389103,2.98796368,0.00484862,-,23.52941132,-0.03780887,-,-,60.79999924,52.8668251,1893,-,-101.70603943,36.8987236,-76.23432922,14.90196133,54.24570084,54.05929184,-
Sun Oct 29 17:47:08 EDT 2017,29-Oct-2017 17:47:08.483,-76.23449836,36.89913737,24.25,3.0,-30.399999618530273,342.0,-0.61291564,8.88727665,3.21780705,-0.00682718,-,20.7843132,-0.02549435,-,-,60.79999924,52.86929703,1894,-,-99.73753357,36.89913559,-76.23449707,12.94117641,54.24570084,54.05929184,-
Sun Oct 29 17:47:10 EDT 2017,29-Oct-2017 17:47:10.256,-76.23466631,36.89955408,24.5,3.0,-30.299999237060547,341.6,-0.5363012,8.77235508,2.79642749,0.00923924,-,24.70588303,-0.0595262,-,-,60.79999924,52.87304306,1917,-,-99.40944672,36.89955521,-76.23466492,15.68627453,54.80493546,54.68066406,30.34955788
Sun Oct 29 17:47:12 EDT 2017,29-Oct-2017 17:47:11.996,-76.23484739,36.89997565,24.5,4.0,-30.5,340.5,-0.38307226,9.00219822,3.02627087,-0.01209289,-,22.74509811,0.01094178,-,-,60.79999924,52.87804794,1936,-,-100.06562042,36.89997482,-76.23484802,14.50980377,54.80493546,55.30203629,30.75749207
Sun Oct 29 17:47:14 EDT 2017,29-Oct-2017 17:47:13.855,-76.23505154,36.90039791,25.0,5.0,-30.700000762939453,337.9,-0.11492168,9.15542698,2.87304211,-0.01920955,-,24.70588303,-0.0149355,-,-,60.79999924,52.88303375,1915,-,-100.7217865,36.90039825,-76.23505402,14.90196133,55.92340851,55.30203629,30.75749207
Sun Oct 29 17:47:15 EDT 2017,29-Oct-2017 17:47:15.756,-76.23517276,36.90060381,24.75,4.0,-31.0,334.3,-0.72783732,9.19373417,3.29442143,0.01729232,-,24.31372643,-0.00136665,-,-,60.79999924,52.8880043,1913,-,-101.70603943,36.90060425,-76.23517609,14.90196133,55.36417389,55.30203629,-
Sun Oct 29 17:47:17 EDT 2017,29-Oct-2017 17:47:17.569,-76.23545067,36.90099346,25.0,4.0,-31.5,330.5,-1.03429508,9.34696388,3.02627087,0.00762257,-,24.31372643,0.00737339,-,-,60.79999924,52.89422226,1960,-,-103.34645844,36.90099335,-76.23545074,14.50980377,55.92340851,55.92340851,33.45460129
Sun Oct 29 17:47:19 EDT 2017,29-Oct-2017 17:47:19.415,-76.23576458,36.90136605,25.0,4.0,-31.100000381469727,325.7,-0.38307226,9.34696388,3.17949986,0.02617317,-,23.13725471,0.00751727,-,-,60.79999924,52.90168762,1983,-,-102.03411865,36.90136719,-76.23576355,15.29411793,55.92340851,56.54477692,29.44221115
Sun Oct 29 17:47:21 EDT 2017,29-Oct-2017 17:47:21.238,-76.23613877,36.90171643,25.5,4.0,-31.700000762939453,320.1,-0.91937345,8.92558384,3.21780705,-0.00930345,-,23.92156982,-0.02797146,-,-,60.79999924,52.91039276,2023,-,-104.00262451,36.90171814,-76.23613739,16.86274529,57.04187393,57.16614914,28.92396164
Sun Oct 29 17:47:23 EDT 2017,29-Oct-2017 17:47:22.976,-76.23653464,36.90205202,25.75,3.0,-31.299999237060547,315.4,-0.57460839,9.11711979,3.33272886,0.01024884,-,20,-0.04789213,-,-,60.79999924,52.92032623,2046,-,-102.69028473,36.90205383,-76.23653412,12.94117641,57.60110855,57.78752136,30.15359688
Sun Oct 29 17:47:25 EDT 2017,29-Oct-2017 17:47:24.799,-76.23696831,36.90235446,25.5,4.0,-31.0,310.9,-0.72783732,9.27034855,3.25611424,0.0191169,-,18.8235302,-0.04622685,-,-,60.79999924,52.92895126,1979,-,-101.70603943,36.90235519,-76.23696899,7.45098066,57.04187393,57.16614914,30.15359688
Sun Oct 29 17:47:26 EDT 2017,29-Oct-2017 17:47:26.644,-76.23718795,36.90249201,25.0,4.0,-30.899999618530273,308.9,-0.72783732,9.61511421,3.21780705,0.05522376,-,24.31372643,0.02594665,-,-,60.79999924,52.93502426,2002,-,-101.37795258,36.90249252,-76.23719025,16.07843208,55.92340851,55.92340851,-
Sun Oct 29 17:47:28 EDT 2017,29-Oct-2017 17:47:28.731,-76.23765253,36.90274391,25.0,4.0,-30.299999237060547,303.2,-0.5363012,9.04050541,3.33272886,0.01923469,-,24.31372643,-0.01595833,-,-,60.79999924,52.93981934,1936,-,-99.40944672,36.90274429,-76.23765564,13.72549057,55.92340851,55.30203629,-
Sun Oct 29 17:47:30 EDT 2017,29-Oct-2017 17:47:30.568,-76.23812995,36.90296156,24.75,4.0,-28.5,299.3,-0.45968673,9.6534214,3.25611424,0.05856603,-,22.35294151,-0.00441961,-,-,60.79999924,52.94333649,1895,-,-93.50393677,36.90296173,-76.23812866,12.94117641,55.36417389,54.68066406,-
Sun Oct 29 17:47:32 EDT 2017,29-Oct-2017 17:47:32.440,-76.23863411,36.90313845,24.0,4.0,-26.600000381469727,293.5,-0.65122288,9.00219822,3.37103605,-0.00063554,-,24.70588303,-0.01753347,-,-,60.79999924,52.94433212,1915,-,-87.27033997,36.90313721,-76.2386322,16.47058868,53.68646622,53.43792343,-
Sun Oct 29 17:47:34 EDT 2017,29-Oct-2017 17:47:34.279,-76.23914815,36.90328863,24.25,3.0,-25.700000762939453,289.6,-0.80445176,10.15141487,3.33272886,0.11122531,-,24.70588303,0.09259845,-,-,60.79999924,52.94657898,1903,-,-84.31758881,36.90328979,-76.239151,16.86274529,54.24570084,54.05929184,28.79539108
Sun Oct 29 17:47:36 EDT 2017,29-Oct-2017 17:47:36.094,-76.23967158,36.90341298,24.25,3.0,-25.200000762939453,284.6,0.22984336,9.73003578,1.37906015,0.02103525,-,25.09803963,0.00237754,-,-,60.79999924,52.94881058,1923,-,-82.6771698,36.90341187,-76.2396698,17.25490189,54.24570084,54.05929184,28.79539108
Sun Oct 29 17:47:37 EDT 2017,29-Oct-2017 17:47:37.936,-76.23994378,36.90345938,24.5,4.0,-25.0,282.6,-0.42137951,9.42357826,3.44765043,0.04278082,-,19.6078434,0.02413061,-,-,60.79999924,52.95228195,1909,-,-82.02099609,36.90345764,-76.23994446,10.98039246,54.80493546,54.68066406,29.39835739
Sun Oct 29 17:47:40 EDT 2017,29-Oct-2017 17:47:39.766,-76.24076653,36.90354531,24.75,3.0,-25.399999618530273,275.2,-0.5363012,9.50019264,2.98796368,0.01204256,-,21.96078491,0.01700633,-,-,60.79999924,52.95698166,1971,-,-83.33333588,36.90354538,-76.24076843,14.50980377,55.36417389,55.30203629,29.01811409
Sun Oct 29 17:47:41 EDT 2017,29-Oct-2017 17:47:41.590,-76.24105011,36.90355133,25.0,3.0,-26.299999237060547,273.1,-0.11492168,9.11711979,3.52426481,0.01545769,-,16.86274529,-0.00320184,-,-,60.79999924,52.96290207,1973,-,-86.28608704,36.90355301,-76.24105072,8.23529434,55.92340851,55.92340851,29.36293602
Sun Oct 29 17:47:43 EDT 2017,29-Oct-2017 17:47:43.406,-76.24160914,36.90355002,25.0,3.0,-27.5,270.2,-0.30645782,8.35097599,3.02627087,-0.02605364,-,18.8235302,-0.02304695,-,-,60.79999924,52.96755981,1928,-,-90.22309875,36.90354919,-76.24160767,8.62745094,55.92340851,55.30203629,29.36293602
Sun Oct 29 17:47:45 EDT 2017,29-Oct-2017 17:47:45.214,-76.24216202,36.90354864,24.75,3.0,-29.0,269.8,-0.38307226,8.77235508,3.21780705,-0.02771252,-,21.56862831,-0.09785079,-,-,60.79999924,52.9722023,1950,-,-95.14435577,36.90354919,-76.24216461,14.11764717,55.36417389,55.30203629,-
Sun Oct 29 17:47:46 EDT 2017,29-Oct-2017 17:47:47.003,-76.2424425,36.90354645,24.75,3.0,-29.399999618530273,269.4,-0.91937345,9.30865574,3.60087943,0.0197168,-,16.86274529,0.05643663,-,-,60.79999924,52.97682571,1920,-,-96.45669556,36.90354538,-76.24243927,7.45098066,55.36417389,55.30203629,-
Sun Oct 29 17:47:49 EDT 2017,29-Oct-2017 17:47:48.813,-76.24326769,36.90353279,24.75,4.0,-30.299999237060547,268.6,-0.30645782,9.19373417,3.37103605,-0.04916225,-,19.6078434,-0.01859016,-,-,60.79999924,52.98019791,1916,-,-99.40944672,36.90353394,-76.24327087,11.76470566,55.36417389,54.68066406,-
Sun Oct 29 17:47:50 EDT 2017,29-Oct-2017 17:47:50.624,-76.24354452,36.90352781,25.0,3.0,-31.0,269.0,-0.22984336,8.61912632,3.25611424,-0.04149634,-,16.47058868,-0.06017541,-,-,60.79999924,52.98478699,1930,-,-101.70603943,36.90352631,-76.24354553,7.05882359,55.92340851,55.30203629,29.61831474
Sun Oct 29 17:47:52 EDT 2017,29-Oct-2017 17:47:52.604,-76.24410758,36.90352222,24.75,3.0,-31.899999618530273,269.4,-0.2681506,8.6957407,3.75410819,-0.01511919,-,16.07843208,0.00634274,-,-,60.79999924,52.98935699,1914,-,-104.65879059,36.90352249,-76.24411011,6.66666698,55.36417389,55.30203629,29.61831474
Sun Oct 29 17:47:54 EDT 2017,29-Oct-2017 17:47:54.405,-76.24465758,36.90351778,24.5,3.0,-33.0,269.2,-0.07661445,9.11711979,3.48595762,0.01401824,-,16.86274529,-0.00464182,-,-,60.79999924,52.99146271,1869,-,-108.26771545,36.90351868,-76.24465942,7.45098066,54.80493546,54.05929184,-
Sun Oct 29 17:47:56 EDT 2017,29-Oct-2017 17:47:56.247,-76.2451917,36.90350852,24.0,3.0,-33.70000076293945,269.2,0.07661445,8.61912632,3.40934324,-0.01741132,-,16.07843208,-0.00663671,-,-,60.79999924,52.99234009,1845,-,-110.56430817,36.90350723,-76.24519348,6.66666698,53.68646622,53.43792343,-
Sun Oct 29 17:47:58 EDT 2017,29-Oct-2017 17:47:58.075,-76.24571833,36.90350508,23.5,3.0,-33.599998474121094,269.1,-0.2681506,9.30865574,3.29442143,-0.00544875,-,19.2156868,-0.00739741,-,-,60.79999924,52.99077988,1815,-,-110.23621368,36.90350342,-76.24571991,9.8039217,52.56800079,52.19517899,-
Sun Oct 29 17:48:00 EDT 2017,29-Oct-2017 17:47:59.873,-76.24624244,36.90349995,23.25,3.0,-33.29999923706055,269.2,-0.15322891,8.96389103,3.14119267,-0.01264387,-,21.56862831,-0.03131301,-,-,60.79999924,52.98800659,1838,-,-109.25196838,36.9034996,-76.24623871,13.33333397,52.00876617,51.57381058,-
Sun Oct 29 17:48:01 EDT 2017,29-Oct-2017 17:48:01.687,-76.24649813,36.90349821,23.25,3.0,-33.099998474121094,269.3,-0.45968673,8.96389103,3.14119267,-0.0159448,-,21.17647171,-0.04371841,-,-,60.79999924,52.98645782,1821,-,-108.59579468,36.9034996,-76.24649811,12.54901981,52.00876617,52.19517899,29.88983154
Sun Oct 29 17:48:03 EDT 2017,29-Oct-2017 17:48:03.516,-76.24701938,36.90349364,23.25,4.0,-33.70000076293945,269.2,-0.49799395,9.27034855,2.87304211,0.00963336,-,26.27450943,-0.00902824,-,-,60.79999924,52.98491669,1826,-,-110.56430817,36.90349197,-76.24701691,16.86274529,52.00876617,52.19517899,29.88983154
Sun Oct 29 17:48:05 EDT 2017,29-Oct-2017 17:48:05.364,-76.24754697,36.9034927,23.75,3.0,-33.29999923706055,269.9,-0.22984336,9.57680702,3.17949986,0.00272174,-,22.35294151,0.02924313,-,-,60.79999924,52.98458862,1847,-,-109.25196838,36.90349197,-76.24754333,14.11764717,53.12723541,52.81655121,29.44551468
Sun Oct 29 17:48:07 EDT 2017,29-Oct-2017 17:48:07.165,-76.24808451,36.90348597,24.0,3.0,-33.70000076293945,269.6,-0.15322891,8.81066227,3.25611424,-0.02337164,-,20.3921566,-0.04204445,-,-,60.79999924,52.985466,1871,-,-110.56430817,36.90348434,-76.24808502,11.37254906,53.68646622,53.43792343,29.18641663
Sun Oct 29 17:48:09 EDT 2017,29-Oct-2017 17:48:08.964,-76.24862396,36.90348665,24.0,3.0,-34.20000076293945,270.9,0.19153613,9.30865574,2.94965649,0.02182621,-,25.09803963,-0.00053414,-,-,60.79999924,52.98634338,1849,-,-112.20472717,36.90348816,-76.24862671,16.86274529,53.68646622,53.43792343,29.18641663
Sun Oct 29 17:48:10 EDT 2017,29-Oct-2017 17:48:10.780,-76.24889555,36.90349548,24.0,3.0,-34.20000076293945,272.4,-0.22984336,8.88727665,2.71981311,0.00443369,-,24.70588303,-0.03224282,-,-,60.79999924,52.98841858,1899,-,-112.20472717,36.90349579,-76.24889374,16.47058868,53.68646622,54.05929184,29.55520058
Sun Oct 29 17:48:13 EDT 2017,29-Oct-2017 17:48:12.608,-76.24971179,36.90357162,24.5,4.0,-34.20000076293945,277.9,0,9.04050541,3.10288548,-0.00667065,-,22.74509811,-0.00430467,-,-,60.79999924,52.99168777,1913,-,-112.20472717,36.90357208,-76.24971008,14.11764717,54.80493546,54.68066406,29.70885468
Sun Oct 29 17:48:14 EDT 2017,29-Oct-2017 17:48:14.431,-76.24998575,36.9036094,24.5,3.0,-34.5,279.7,0.5363012,8.81066227,3.02627087,-0.02215892,-,21.96078491,-0.04846925,-,-,60.79999924,52.99494171,1937,-,-113.1889801,36.90361023,-76.24998474,14.11764717,54.80493546,54.68066406,29.70885468
Sun Oct 29 17:48:16 EDT 2017,29-Oct-2017 17:48:16.238,-76.25053203,36.90370556,24.75,3.0,-34.599998474121094,284.0,0.11492168,9.11711979,3.06457806,0.00709442,-,21.56862831,-0.00909753,-,-,60.79999924,52.99937439,1948,-,-113.51705933,36.9037056,-76.25053406,12.94117641,55.36417389,55.30203629,29.58795738
Sun Oct 29 17:48:18 EDT 2017,29-Oct-2017 17:48:18.037,-76.25106416,36.90384273,24.75,3.0,-34.5,288.4,0.45968673,8.84896946,2.98796368,-0.02777654,-,21.96078491,-0.01633836,-,-,60.79999924,53.00379944,1947,-,-113.1889801,36.90384293,-76.25106049,13.33333397,55.36417389,55.30203629,29.58795738
Sun Oct 29 17:48:20 EDT 2017,29-Oct-2017 17:48:19.850,-76.25158692,36.90400453,25.0,3.0,-34.099998474121094,292.2,0.30645782,9.34696388,3.10288548,0.02341396,-,21.56862831,-0.03806264,-,-,60.79999924,53.00819778,1948,-,-111.87663269,36.90400314,-76.25158691,13.33333397,55.92340851,55.30203629,-
Sun Oct 29 17:48:21 EDT 2017,29-Oct-2017 17:48:21.630,-76.25183857,36.90410174,25.0,3.0,-34.5,294.4,0.5363012,9.27034855,3.17949986,0.01951987,-,19.6078434,0.00086169,-,-,60.79999924,53.0125885,1920,-,-113.1889801,36.90410233,-76.25183868,10.98039246,55.92340851,55.30203629,-
Sun Oct 29 17:48:23 EDT 2017,29-Oct-2017 17:48:23.471,-76.25233274,36.90431642,24.75,4.0,-34.099998474121094,299.0,0.80445176,8.96389103,2.87304211,-0.00462091,-,20.7843132,-0.03663607,-,-,60.79999924,53.01576996,1901,-,-111.87663269,36.90431595,-76.25233459,12.15686321,55.36417389,54.68066406,-
Sun Oct 29 17:48:25 EDT 2017,29-Oct-2017 17:48:25.278,-76.25279046,36.90455755,24.5,4.0,-34.5,303.5,-0.19153613,8.46589756,3.10288548,-0.06166798,-,18.4313736,-0.08035387,-,-,60.79999924,53.01893997,1893,-,-113.1889801,36.90455627,-76.25279236,9.01960754,54.80493546,54.68066406,-
Sun Oct 29 17:48:27 EDT 2017,29-Oct-2017 17:48:27.078,-76.25323146,36.90481133,24.0,4.0,-34.29999923706055,306.4,0.19153613,8.88727665,3.17949986,-0.01863033,-,21.17647171,-0.03730154,-,-,60.79999924,53.02091599,1869,-,-112.5328064,36.90481186,-76.25323486,11.76470566,53.68646622,54.05929184,-
Sun Oct 29 17:48:29 EDT 2017,29-Oct-2017 17:48:28.900,-76.25364265,36.90508583,24.0,4.0,-33.900001525878906,309.4,-0.45968673,9.15542698,3.29442143,-0.00026404,-,21.56862831,-0.00669821,-,-,60.79999924,53.02170944,1878,-,-111.22047424,36.90508652,-76.25363922,12.94117641,53.68646622,53.43792343,-
Sun Oct 29 17:48:30 EDT 2017,29-Oct-2017 17:48:30.731,-76.25384816,36.90522701,24.0,4.0,-33.70000076293945,310.2,-0.49799395,8.58081913,2.94965649,-0.05467027,-,17.64705849,-0.07335384,-,-,60.79999924,53.02132034,1847,-,-110.56430817,36.90522766,-76.25384521,6.66666698,53.68646622,52.81655121,-
Sun Oct 29 17:48:32 EDT 2017,29-Oct-2017 17:48:32.547,-76.25425828,36.905499,23.5,4.0,-33.0,309.9,0.11492168,9.23204136,3.06457806,0.00301257,-,21.96078491,-0.0080125,-,-,60.79999924,53.01976013,1805,-,-108.26771545,36.9054985,-76.2542572,13.33333397,52.56800079,52.19517899,-
Sun Oct 29 17:48:34 EDT 2017,29-Oct-2017 17:48:34.402,-76.25465465,36.90577167,23.25,4.0,-32.20000076293945,310.3,-0.03830723,8.96389103,3.10288548,-0.01404631,-,21.56862831,-0.03271595,-,-,60.79999924,53.01702881,1809,-,-105.64304352,36.90577316,-76.25465393,12.94117641,52.00876617,51.57381058,-
Sun Oct 29 17:48:36 EDT 2017,29-Oct-2017 17:48:36.208,-76.25504843,36.90604217,23.25,4.0,-32.29999923706055,310.3,0.19153613,8.6957407,2.83473492,-0.02157734,-,21.96078491,-0.06715021,-,-,60.79999924,53.01314163,1769,-,-105.97112274,36.90604401,-76.25505066,12.94117641,52.00876617,50.95243835,-
Sun Oct 29 17:48:38 EDT 2017,29-Oct-2017 17:48:38.084,-76.25542565,36.90631614,22.75,4.0,-31.799999237060547,312.8,-0.34476504,9.0788126,3.37103605,0.00682795,-,16.47058868,-0.04185333,-,-,60.79999924,53.00810242,1739,-,-104.33070374,36.90631485,-76.2554245,6.66666698,50.89030075,50.33106613,-
Sun Oct 29 17:48:40 EDT 2017,29-Oct-2017 17:48:39.907,-76.25579743,36.90659789,22.25,4.0,-32.29999923706055,313.1,-0.49799395,8.96389103,4.36702394,-0.01571391,-,15.68627453,-0.05767847,-,-,60.79999924,52.99958038,1695,-,-105.97112274,36.90659714,-76.25579834,6.27450991,49.77183151,48.46695328,-
Sun Oct 29 17:48:41 EDT 2017,29-Oct-2017 17:48:41.741,-76.25596779,36.90673697,21.5,4.0,-31.5,313.4,-0.72783732,7.89128876,3.48595762,-0.03900279,-,16.86274529,-0.05702284,-,-,60.79999924,52.98643875,1589,-,-103.34645844,36.90673828,-76.25596619,6.66666698,48.09413147,45.9814682,-
Sun Oct 29 17:48:43 EDT 2017,29-Oct-2017 17:48:43.528,-76.25630292,36.90697269,20.25,4.0,-31.5,311.9,-0.42137951,8.58081913,2.98796368,-0.05379003,-,21.56862831,-0.0724733,-,-,60.79999924,52.97102356,1540,-,-103.34645844,36.90697098,-76.25630188,14.11764717,45.29796219,44.73872757,-
Sun Oct 29 17:48:45 EDT 2017,29-Oct-2017 17:48:45.313,-76.25663409,36.90720694,20.0,4.0,-31.299999237060547,311.4,0.03830723,8.58081913,3.98395157,-0.02187453,-,15.29411793,-0.03528278,-,-,60.79999924,52.95450592,1526,-,-102.69028473,36.90720749,-76.25663757,5.49019623,44.73872757,44.11735535,-
Sun Oct 29 17:48:47 EDT 2017,29-Oct-2017 17:48:47.118,-76.25694503,36.90742555,19.0,3.0,-31.299999237060547,311.5,-0.22984336,9.0788126,3.60087943,-0.01164889,-,14.90196133,-0.00378371,-,-,60.79999924,52.93457413,1471,-,-102.69028473,36.90742493,-76.25694275,5.49019623,42.50178909,42.25324249,-
Sun Oct 29 17:48:49 EDT 2017,29-Oct-2017 17:48:48.881,-76.25726259,36.90764243,18.25,4.0,-31.100000381469727,311.2,0.65122288,8.61912632,4.5202527,0.01332074,-,14.90196133,-0.00918987,-,-,60.79999924,52.91126251,1399,-,-102.03411865,36.90764236,-76.25726318,5.09803915,40.82408524,40.38912582,-
Sun Oct 29 17:48:50 EDT 2017,29-Oct-2017 17:48:50.641,-76.2574116,36.90774341,17.5,4.0,-31.200000762939453,311.5,1.34075296,8.6957407,3.40934324,-0.00847466,-,15.29411793,-0.03780094,-,-,60.79999924,52.87995911,1226,-,-102.36220551,36.90774155,-76.25740814,5.88235283,39.14638519,36.03952789,-
Sun Oct 29 17:48:52 EDT 2017,29-Oct-2017 17:48:52.422,-76.2576565,36.90794709,15.5,4.0,-32.20000076293945,318.2,3.02627087,9.80665016,3.75410819,0.1329692,-,14.90196133,0.0702983,-,-,60.79999924,52.8441658,1490,-,-105.64304352,36.90794754,-76.25765991,5.49019623,34.67251205,33.55404282,-
Sun Oct 29 17:48:54 EDT 2017,29-Oct-2017 17:48:54.242,-76.25779823,36.90818445,14.25,4.0,-32.79999923706055,339.2,4.175488,9.38527107,3.14119267,0.11397916,-,14.90196133,0.06532535,-,-,60.79999924,52.80621719,1430,-,-107.61154938,36.90818405,-76.25779724,5.09803915,31.87634087,32.31130219,-
Sun Oct 29 17:48:56 EDT 2017,29-Oct-2017 17:48:56.024,-76.25774705,36.90843646,14.0,3.0,-34.20000076293945,15.1,2.52827692,9.73003578,2.29843354,0.10517558,-,18.8235302,0.05158687,-,-,60.79999924,52.76496506,1335,-,-112.20472717,36.90843582,-76.25774384,9.01960754,31.31710625,30.44718933,-
Sun Oct 29 17:48:57 EDT 2017,29-Oct-2017 17:48:57.796,-76.25768534,36.90854932,13.75,4.0,-34.29999923706055,22.2,2.7581203,9.34696388,3.14119267,0.06274539,-,16.86274529,0.0449565,-,-,60.79999924,52.72500229,1364,-,-112.5328064,36.90855026,-76.2576828,8.23529434,30.75787354,31.06855965,23.53134537
Sun Oct 29 17:49:01 EDT 2017,29-Oct-2017 17:49:01.017,-76.25707957,36.90875102,14.25,4.0,-35.099998474121094,77.0,3.33272886,9.61511421,3.10288548,0.1034916,-,16.86274529,0.06975641,-,-,60.79999924,52.68405533,1358,-,-115.15747833,36.90875244,-76.25708008,8.23529434,31.87634087,30.44718933,23.53134537
Sun Oct 29 17:49:03 EDT 2017,29-Oct-2017 17:49:03.126,-76.25682871,36.90858216,13.5,3.0,-34.599998474121094,125.4,2.22181916,9.30865574,2.41335535,0.06225333,-,16.86274529,0.05994782,-,-,60.79999924,52.64097214,1310,-,-113.51705933,36.90858078,-76.25682831,10.1960783,30.19863892,29.20444679,-
Sun Oct 29 17:49:05 EDT 2017,29-Oct-2017 17:49:04.870,-76.25667481,36.90838229,13.75,3.0,-34.70000076293945,154.5,2.14520478,9.80665016,1.8770541,-0.00134438,-,25.49019623,0.04138749,-,-,60.79999924,52.59918594,1389,-,-113.84514618,36.90838242,-76.25667572,16.07843208,30.75787354,29.82581711,25.78655052
Sun Oct 29 17:49:06 EDT 2017,29-Oct-2017 17:49:06.696,-76.25663344,36.90824347,14.25,4.0,-34.79999923706055,166.5,-0.11492168,9.61511421,2.71981311,0.03765935,-,31.37254906,0.03110942,-,-,60.79999924,52.56323242,1491,-,-114.1732254,36.90824509,-76.25662994,33.33333206,31.87634087,32.93267441,115.61357117
Sun Oct 29 17:49:08 EDT 2017,29-Oct-2017 17:49:08.533,-76.25662692,36.90796979,16.0,3.0,-34.70000076293945,179.9,0.38307226,8.1211319,2.41335535,-0.04301465,-,25.09803963,-0.09084181,-,-,60.79999924,52.53421402,1646,-,-113.84514618,36.90797043,-76.25662994,17.25490189,35.79098129,36.66090012,137.0824585
Sun Oct 29 17:49:10 EDT 2017,29-Oct-2017 17:49:10.346,-76.25662701,36.90766047,17.25,4.0,-34.79999923706055,180.5,-0.57460839,9.30865574,3.14119267,-0.01043302,-,20.7843132,0.01024712,-,-,60.79999924,52.50983047,1710,-,-114.1732254,36.90766144,-76.25662994,12.54901981,38.58715057,39.14638519,95.33227539
Sun Oct 29 17:49:12 EDT 2017,29-Oct-2017 17:49:12.213,-76.25662697,36.90734178,17.75,4.0,-34.900001525878906,180.0,-0.34476504,8.96389103,3.06457806,-0.01468521,-,20.3921566,0.01174897,-,-,60.79999924,52.48552704,1715,-,-114.50131989,36.907341,-76.25662994,10.1960783,39.705616,39.14638519,95.33227539
Sun Oct 29 17:49:14 EDT 2017,29-Oct-2017 17:49:13.996,-76.25663711,36.90702088,17.75,4.0,-34.5,180.9,-0.07661445,8.6957407,3.40934324,0.01672214,-,16.47058868,0.03835003,-,-,60.79999924,52.46245193,1721,-,-113.1889801,36.90702057,-76.25663757,7.05882359,39.705616,39.76775742,23.80693436
Sun Oct 29 17:49:16 EDT 2017,29-Oct-2017 17:49:15.827,-76.25663552,36.90669297,18.0,5.0,-34.599998474121094,181.2,-0.34476504,8.84896946,3.48595762,-0.01085824,-,16.47058868,-0.0389196,-,-,60.79999924,52.43832397,1702,-,-113.51705933,36.9066925,-76.25663757,7.05882359,40.26485062,39.14638519,23.80693436
Sun Oct 29 17:49:17 EDT 2017,29-Oct-2017 17:49:17.675,-76.25664224,36.90654262,17.5,5.0,-34.79999923706055,181.3,-0.22984336,9.34696388,3.98395157,0.05500299,-,15.29411793,-0.01456375,-,-,60.79999924,52.41091919,1637,-,-114.1732254,36.90654373,-76.2566452,5.88235283,39.14638519,37.28227234,-
Sun Oct 29 17:49:19 EDT 2017,29-Oct-2017 17:49:19.496,-76.2566397,36.90625199,16.5,4.0,-35.20000076293945,180.4,1.9153614,9.34696388,3.21780705,0.03069185,-,14.90196133,0.05208742,-,-,60.79999924,52.37688065,1459,-,-115.48556519,36.90625381,-76.25663757,5.09803915,36.90944672,33.55404282,-
Sun Oct 29 17:49:21 EDT 2017,29-Oct-2017 17:49:21.323,-76.25666174,36.90600671,14.25,5.0,-34.900001525878906,182.9,3.40934324,9.34696388,2.9113493,0.03544702,-,14.90196133,0.03978182,-,-,60.79999924,52.33512878,1303,-,-114.50131989,36.90600586,-76.25666046,5.09803915,31.87634087,29.20444679,-
Sun Oct 29 17:49:23 EDT 2017,29-Oct-2017 17:49:23.117,-76.25684405,36.90582939,13.0,3.0,-36.70000076293945,215.2,2.52827692,9.04050541,2.33674097,0.00512075,-,22.74509811,0.01353457,-,-,60.79999924,52.29240799,1272,-,-120.40682983,36.90583038,-76.25684357,12.54901981,29.08017159,28.58307457,-
Sun Oct 29 17:49:25 EDT 2017,29-Oct-2017 17:49:24.966,-76.25708059,36.90568037,13.5,4.0,-36.70000076293945,236.1,2.83473492,9.46188545,2.48996973,0.06762251,-,20.3921566,0.092773,-,-,60.79999924,52.25207138,1342,-,-120.40682983,36.90568161,-76.25708008,11.37254906,30.19863892,29.82581711,46.55862808
Sun Oct 29 17:49:27 EDT 2017,29-Oct-2017 17:49:26.780,-76.25739855,36.90564957,14.0,3.0,-36.70000076293945,267.6,2.87304211,10.30464458,1.9153614,0.12682682,-,24.70588303,0.08545965,-,-,60.79999924,52.21299744,1391,-,-120.40682983,36.90565109,-76.25740051,16.07843208,31.31710625,30.44718933,22.45315742
Sun Oct 29 17:49:28 EDT 2017,29-Oct-2017 17:49:28.626,-76.2575545,36.90567765,14.25,3.0,-35.900001525878906,282.3,3.48595762,9.27034855,2.06859016,0.05037838,-,22.35294151,-0.04315212,-,-,60.79999924,52.17739487,1458,-,-117.7821579,36.9056778,-76.2575531,14.50980377,31.87634087,32.31130219,68.34735107
Sun Oct 29 17:49:30 EDT 2017,29-Oct-2017 17:49:30.447,-76.25782863,36.90581284,13.75,4.0,-36.29999923706055,306.4,3.63918662,9.99818611,2.7581203,0.13944548,-,18.03921509,0.0653254,-,-,60.79999924,52.14302826,1493,-,-119.09448242,36.90581131,-76.25782776,10.58823586,30.75787354,32.93267441,22.80062103
Sun Oct 29 17:49:32 EDT 2017,29-Oct-2017 17:49:32.265,-76.25796541,36.90605898,14.75,3.0,-36.79999923706055,340.0,2.7581203,9.23204136,2.26012635,0.04229525,-,23.92156982,0.00265907,-,-,60.79999924,52.10878754,1446,-,-120.73490906,36.90605927,-76.25796509,15.29411793,32.9948082,32.93267441,22.80062103
Sun Oct 29 17:49:34 EDT 2017,29-Oct-2017 17:49:34.075,-76.25794477,36.90633118,15.75,4.0,-36.5,7.4,3.17949986,8.58081913,2.45166254,0.03228258,-,21.96078491,0.05339191,-,-,60.79999924,52.07577133,1533,-,-119.75065613,36.90633011,-76.2579422,14.50980377,35.23174286,33.55404282,22.68678284
Sun Oct 29 17:49:36 EDT 2017,29-Oct-2017 17:49:35.898,-76.25784366,36.90660281,15.75,5.0,-36.0,16.1,3.56257224,9.46188545,2.68150592,0.08524948,-,18.4313736,0.09356862,-,-,60.79999924,52.04176712,1467,-,-118.11023712,36.90660095,-76.25784302,8.23529434,35.23174286,32.93267441,22.68678284
Sun Oct 29 17:49:37 EDT 2017,29-Oct-2017 17:49:37.717,-76.2577211,36.90664584,12.75,5.0,-36.79999923706055,32.2,2.79642749,9.30865574,2.06859016,0.0478249,-,23.92156982,0.00644887,-,-,60.79999924,52.00678635,1473,-,-120.73490906,36.90664673,-76.25772095,14.50980377,28.52093697,32.31130219,-
Sun Oct 29 17:49:39 EDT 2017,29-Oct-2017 17:49:39.538,-76.25743092,36.9067113,12.25,5.0,-36.5,66.2,3.715801,9.80665016,2.18351197,0.11093909,-,26.27450943,0.1082328,-,-,60.79999924,51.97192764,1490,-,-119.75065613,36.90671158,-76.25743103,18.4313736,27.40246773,32.31130219,-
Sun Oct 29 17:49:41 EDT 2017,29-Oct-2017 17:49:41.357,-76.2571049,36.90657105,14.75,4.0,-35.099998474121094,114.4,0.80445176,9.23204136,1.8770541,-0.02056514,-,59.60784531,-0.06149956,-,-,60.79999924,51.93938828,1566,-,-115.15747833,36.90657043,-76.25710297,54.11764908,32.9948082,33.55404282,44.76200485
Sun Oct 29 17:49:43 EDT 2017,29-Oct-2017 17:49:43.197,-76.25678052,36.90640529,16.25,3.0,-33.400001525878906,133.5,-1.14921677,9.88326454,1.72382522,0.04836577,-,49.80392075,0.00032807,-,-,60.79999924,51.91353607,2141,-,-109.58005524,36.9064064,-76.25678253,48.23529434,36.35021591,37.28227234,107.40900421
Sun Oct 29 17:49:45 EDT 2017,29-Oct-2017 17:49:45.049,-76.25646827999999,36.90617775,18.75,3.0,-32.099998474121094,131.6,0.07661445,8.81066227,2.22181916,-0.0518759,-,41.17647171,-0.03131295,-,-,60.79999924,51.89543533,2365,-,-105.31495667,36.90617752,-76.25646973,38.03921509,41.94255447,41.63187027,126.53865051
Sun Oct 29 17:49:47 EDT 2017,29-Oct-2017 17:49:46.895,-76.2561187,36.90592738,20.5,4.0,-31.399999618530273,133.6,0.11492168,9.04050541,2.52827692,-0.02400875,-,29.41176605,-0.0426818,-,-,60.79999924,51.88394928,2604,-,-103.01837158,36.90592575,-76.25611877,22.74509811,45.85719299,45.36009598,106.45859528
Sun Oct 29 17:49:49 EDT 2017,29-Oct-2017 17:49:49.054,-76.25576295,36.90566085,21.5,3.0,-30.299999237060547,134.2,-0.19153613,9.30865574,2.83473492,0.0113512,-,29.41176605,-0.00755115,-,-,60.79999924,51.87795258,2255,-,-99.40944672,36.90566254,-76.25576019,20.3921566,48.09413147,48.46695328,110.65828705
Sun Oct 29 17:49:50 EDT 2017,29-Oct-2017 17:49:50.268,-76.25558421,36.90552725,22.0,4.0,-30.100000381469727,133.9,0.03830723,9.27034855,2.83473492,-0.02323147,-,23.92156982,-0.0114718,-,-,60.79999924,51.87306976,2148,-,-98.75328064,36.90552902,-76.25558472,16.07843208,49.21259689,49.0883255,21.82720566
Sun Oct 29 17:49:52 EDT 2017,29-Oct-2017 17:49:52.088,-76.25522169,36.90525211,22.5,3.0,-29.5,133.0,-0.22984336,9.04050541,2.83473492,-0.01491404,-,33.33333206,-0.03358396,-,-,60.79999924,51.86928558,1800,-,-96.78477478,36.90525055,-76.25521851,26.27450943,50.33106613,49.70969391,36.92783737
Sun Oct 29 17:49:54 EDT 2017,29-Oct-2017 17:49:54.115,-76.25483401,36.90496967,23.5,3.0,-30.399999618530273,131.3,-0.61291564,8.65743351,3.06457806,-0.0427469,-,23.92156982,-0.0614264,-,-,60.79999924,51.86985397,1817,-,-99.73753357,36.90496826,-76.25483704,15.68627453,52.56800079,52.19517899,117.29281616
Sun Oct 29 17:49:56 EDT 2017,29-Oct-2017 17:49:55.913,-76.25440623,36.90469618,24.25,4.0,-30.299999237060547,128.3,0,8.77235508,3.21780705,0.00666548,-,18.8235302,-0.04718723,-,-,60.79999924,51.87367249,1869,-,-99.40944672,36.90469742,-76.25440979,10.58823586,54.24570084,54.05929184,82.25284576
Sun Oct 29 17:49:58 EDT 2017,29-Oct-2017 17:49:57.737,-76.2539441,36.90443483,24.75,4.0,-30.100000381469727,125.4,-0.11492168,9.0788126,3.37103605,-0.01099426,-,17.64705849,-0.01041501,-,-,60.79999924,51.87855148,1885,-,-98.75328064,36.9044342,-76.2539444,10.1960783,55.36417389,54.68066406,30.21678543
Sun Oct 29 17:49:59 EDT 2017,29-Oct-2017 17:49:59.558,-76.25370514,36.9043102,25.0,4.0,-29.399999618530273,123.9,-0.61291564,9.0788126,3.83072281,0.03576338,-,16.07843208,0.01522673,-,-,60.79999924,51.88449478,1911,-,-96.45669556,36.90430832,-76.25370789,6.66666698,55.92340851,55.30203629,29.89640617
Sun Oct 29 17:50:01 EDT 2017,29-Oct-2017 17:50:01.366,-76.25322408,36.90407519,25.0,4.0,-29.299999237060547,121.2,-0.03830723,8.92558384,3.10288548,-0.01773554,-,16.86274529,0.01689368,-,-,60.79999924,51.88933945,1903,-,-96.1286087,36.90407562,-76.25322723,7.45098066,55.92340851,54.68066406,29.89640617
Sun Oct 29 17:50:03 EDT 2017,29-Oct-2017 17:50:03.188,-76.25272579,36.90390035,24.5,3.0,-32.20000076293945,116.3,0.38307226,8.42759037,3.25611424,-0.005191,-,16.86274529,-0.07128952,-,-,60.79999924,51.89416885,1892,-,-105.64304352,36.90390015,-76.25272369,7.45098066,54.80493546,54.68066406,-
Sun Oct 29 17:50:05 EDT 2017,29-Oct-2017 17:50:05.018,-76.25222859,36.90372371,24.25,3.0,-31.399999618530273,113.5,-0.15322891,9.00219822,3.48595762,-0.00491361,-,16.86274529,-0.0549458,-,-,60.79999924,51.89791107,1877,-,-103.01837158,36.90372467,-76.25222778,7.45098066,54.24570084,54.05929184,-
Sun Oct 29 17:50:07 EDT 2017,29-Oct-2017 17:50:06.824,-76.2517295,36.90357093,23.75,3.0,-30.700000762939453,110.1,-0.68953007,9.61511421,3.21780705,0.05495149,-,20.7843132,0.05281953,-,-,60.79999924,51.9005661,1844,-,-100.7217865,36.90357208,-76.25173187,11.76470566,53.12723541,53.43792343,-
Sun Oct 29 17:50:08 EDT 2017,29-Oct-2017 17:50:08.668,-76.25147723,36.90350283,23.75,4.0,-30.299999237060547,108.4,-0.42137951,8.42759037,3.14119267,-0.04087365,-,23.52941132,-0.07332091,-,-,60.79999924,51.90213776,1855,-,-99.40944672,36.90350342,-76.2514801,15.68627453,53.12723541,52.81655121,-
Sun Oct 29 17:50:10 EDT 2017,29-Oct-2017 17:50:10.519,-76.25096491,36.9033839,23.75,3.0,-29.799999237060547,105.7,-0.34476504,8.31266785,3.02627087,-0.03300247,-,21.17647171,-0.01520656,-,-,60.79999924,51.90371323,1850,-,-97.76902771,36.90338516,-76.2509613,12.15686321,53.12723541,52.81655121,-
Sun Oct 29 17:50:12 EDT 2017,29-Oct-2017 17:50:12.349,-76.25044729,36.90328597,23.75,4.0,-28.899999618530273,102.6,-0.38307226,9.0788126,2.87304211,-0.00951535,-,25.88235283,-0.02818341,-,-,60.79999924,51.90527725,1887,-,-94.81626892,36.90328598,-76.25045013,17.25490189,53.12723541,52.81655121,-
Sun Oct 29 17:50:14 EDT 2017,29-Oct-2017 17:50:14.179,-76.24991503,36.90321087,24.0,4.0,-29.0,99.5,-0.61291564,8.77235508,2.71981311,-0.01747075,-,25.88235283,-0.06137763,-,-,60.79999924,51.90896606,1879,-,-95.14435577,36.90320969,-76.24991608,16.86274529,53.68646622,54.05929184,59.60806656
Sun Oct 29 17:50:16 EDT 2017,29-Oct-2017 17:50:15.995,-76.24937558,36.90315537,24.5,3.0,-29.100000381469727,96.2,-0.42137951,9.11711979,3.17949986,0.00145355,-,24.31372643,-0.01446311,-,-,60.79999924,51.91370773,1895,-,-95.47244263,36.90315628,-76.24937439,16.86274529,54.80493546,54.68066406,29.89217377
Sun Oct 29 17:50:17 EDT 2017,29-Oct-2017 17:50:17.840,-76.24909446,36.90313919,24.5,3.0,-29.200000762939453,94.3,-0.2681506,9.38527107,3.40934324,0.03724009,-,16.47058868,0.01858798,-,-,60.79999924,51.91842651,1931,-,-95.80052948,36.90314102,-76.2490921,9.4117651,54.80493546,54.68066406,29.89217377
Sun Oct 29 17:50:19 EDT 2017,29-Oct-2017 17:50:19.647,-76.24854409,36.90312248,24.5,3.0,-29.0,91.3,-0.61291564,8.92558384,3.25611424,0.01271001,-,16.47058868,-0.02915738,-,-,60.79999924,51.92207336,1882,-,-95.14435577,36.90312195,-76.24854279,7.05882359,54.80493546,54.05929184,-
Sun Oct 29 17:50:21 EDT 2017,29-Oct-2017 17:50:21.439,-76.24800516,36.90312796,24.0,4.0,-29.100000381469727,89.2,0.03830723,8.61912632,3.14119267,-0.00944844,-,20,-0.02211028,-,-,60.79999924,51.9246521,1842,-,-95.47244263,36.90312958,-76.24800873,9.8039217,53.68646622,53.43792343,-
Sun Oct 29 17:50:23 EDT 2017,29-Oct-2017 17:50:23.251,-76.24747184,36.90314514,24.0,4.0,-28.600000381469727,87.7,-0.22984336,9.27034855,2.83473492,0.00746059,-,25.09803963,-0.03768994,-,-,60.79999924,51.92616653,1916,-,-93.83202362,36.90314484,-76.24747467,17.25490189,53.68646622,52.81655121,-
Sun Oct 29 17:50:25 EDT 2017,29-Oct-2017 17:50:25.061,-76.24693515,36.90316018,24.0,4.0,-28.700000762939453,87.7,-0.34476504,8.88727665,3.10288548,-0.0224895,-,23.13725471,-0.00807403,-,-,60.79999924,51.92978287,1896,-,-94.16011047,36.9031601,-76.24693298,13.33333397,53.68646622,54.05929184,59.0736084
Sun Oct 29 17:50:26 EDT 2017,29-Oct-2017 17:50:26.900,-76.24666268,36.90316229,24.0,4.0,-28.0,88.4,-0.30645782,9.00219822,2.98796368,-0.01361275,-,21.96078491,-0.03628767,-,-,60.79999924,51.93338394,1910,-,-91.86351776,36.90316391,-76.24666595,13.33333397,53.68646622,54.05929184,59.0736084
Sun Oct 29 17:50:28 EDT 2017,29-Oct-2017 17:50:28.678,-76.24610532,36.90317164,24.5,3.0,-28.200000762939453,89.1,-0.2681506,8.88727665,3.10288548,-0.02236301,-,22.35294151,-0.03006939,-,-,60.79999924,51.93802643,1919,-,-92.51969147,36.90317154,-76.24610901,13.72549057,54.80493546,54.68066406,29.99629593
Sun Oct 29 17:50:30 EDT 2017,29-Oct-2017 17:50:30.387,-76.24555234,36.90318281,24.75,3.0,-28.700000762939453,89.0,-0.19153613,9.0788126,2.98796368,0.01145271,-,23.13725471,0.00202742,-,-,60.79999924,51.94369507,1927,-,-94.16011047,36.90318298,-76.24555206,14.50980377,55.36417389,55.30203629,31.75347137
Sun Oct 29 17:50:32 EDT 2017,29-Oct-2017 17:50:32.206,-76.2449963,36.90318852,24.75,3.0,-29.0,89.2,-0.19153613,9.34696388,3.02627087,0.02068514,-,23.13725471,-0.01502065,-,-,60.79999924,51.94935226,1944,-,-95.14435577,36.9031868,-76.24499512,14.50980377,55.36417389,55.30203629,31.75347137
Sun Oct 29 17:50:34 EDT 2017,29-Oct-2017 17:50:34.041,-76.24443978,36.90319115,24.75,4.0,-28.600000381469727,89.2,-0.22984336,9.23204136,2.87304211,-0.01248917,-,24.70588303,-0.04123244,-,-,60.79999924,51.95499039,1929,-,-93.83202362,36.90319061,-76.24443817,16.86274529,55.36417389,55.30203629,-
Sun Oct 29 17:50:35 EDT 2017,29-Oct-2017 17:50:35.827,-76.24416746,36.9031968,24.75,3.0,-29.100000381469727,89.3,-0.34476504,9.23204136,3.17949986,0.0149526,-,20.3921566,-0.00370718,-,-,60.79999924,51.95956039,1941,-,-95.47244263,36.90319824,-76.24417114,13.72549057,55.36417389,54.68066406,-
Sun Oct 29 17:50:37 EDT 2017,29-Oct-2017 17:50:37.532,-76.24361299,36.90319915,24.5,4.0,-27.799999237060547,89.4,0,9.0788126,3.17949986,-0.00042284,-,25.09803963,0.00316886,-,-,60.79999924,51.96307755,1886,-,-91.20734406,36.90319824,-76.2436142,17.25490189,54.80493546,54.05929184,-
Sun Oct 29 17:50:39 EDT 2017,29-Oct-2017 17:50:39.301,-76.24306808,36.90320272,24.25,3.0,-27.100000381469727,89.1,0,9.50019264,3.14119267,0.03375521,-,24.70588303,0.0203317,-,-,60.79999924,51.96658325,1904,-,-88.91075897,36.90320206,-76.24306488,17.25490189,54.24570084,54.05929184,-
Sun Oct 29 17:50:40 EDT 2017,29-Oct-2017 17:50:41.118,-76.24279067,36.90320676,24.5,4.0,-26.5,89.1,-0.30645782,10.87925243,2.41335535,0.15538424,-,24.70588303,0.13677244,-,-,60.79999924,51.9711113,1920,-,-86.94226074,36.90320587,-76.24279022,16.47058868,54.80493546,54.68066406,30.33637428
Sun Oct 29 17:50:43 EDT 2017,29-Oct-2017 17:50:42.922,-76.24196192,36.90320829,24.5,4.0,-26.299999237060547,89.3,-0.34476504,8.96389103,2.79642749,-0.00409611,-,22.74509811,0.00679005,-,-,60.79999924,51.9756279,1909,-,-86.28608704,36.90320969,-76.24195862,15.29411793,54.80493546,54.68066406,30.33637428
Sun Oct 29 17:50:44 EDT 2017,29-Oct-2017 17:50:44.745,-76.24168485,36.90320842,24.5,3.0,-25.899999618530273,89.4,0.30645782,9.27034855,3.21780705,0.01978654,-,20.3921566,-0.06977104,-,-,60.79999924,51.98012924,1933,-,-84.97375488,36.90320969,-76.24168396,11.37254906,54.80493546,54.68066406,-
Sun Oct 29 17:50:46 EDT 2017,29-Oct-2017 17:50:46.548,-76.24113426,36.90320431,24.5,4.0,-25.700000762939453,90.6,0.07661445,9.42357826,3.10288548,-0.01245805,-,22.74509811,-0.02881952,-,-,60.79999924,51.98461914,1896,-,-84.31758881,36.90320587,-76.24113464,13.72549057,54.80493546,54.68066406,-
Sun Oct 29 17:50:48 EDT 2017,29-Oct-2017 17:50:48.315,-76.24057617,36.90319008,24.5,3.0,-24.600000381469727,93.4,0.8810662,8.81066227,3.21780705,-0.02063674,-,23.13725471,-0.03930866,-,-,60.79999924,51.99320984,1960,-,-80.70866394,36.90319061,-76.2405777,14.90196133,54.80493546,57.16614914,124.90688324
Sun Oct 29 17:50:49 EDT 2017,29-Oct-2017 17:50:50.139,-76.24030747,36.90316568,24.75,3.0,-24.799999237060547,96.0,-0.61291564,10.30464458,3.29442143,0.0035194,-,23.92156982,0.10494411,-,-,60.79999924,51.99868774,1949,-,-81.36483002,36.90316391,-76.24031067,14.50980377,55.36417389,55.30203629,124.90688324
Sun Oct 29 17:50:52 EDT 2017,29-Oct-2017 17:50:51.984,-76.23949001,36.903042,25.0,3.0,-24.799999237060547,102.9,0.8810662,9.92157173,3.02627087,0.08018202,-,23.52941132,0.06154455,-,-,60.79999924,52.00517273,1934,-,-81.36483002,36.90304184,-76.23948669,15.29411793,55.92340851,55.92340851,29.62945366
Sun Oct 29 17:50:54 EDT 2017,29-Oct-2017 17:50:53.811,-76.23894694,36.90290796,25.25,3.0,-25.700000762939453,108.6,0.8810662,9.76834297,3.83072281,-0.00619102,-,16.86274529,0.07371437,-,-,60.79999924,52.01266479,1980,-,-84.31758881,36.90290833,-76.23894501,7.45098066,56.48263931,56.54477692,29.4223671
Sun Oct 29 17:50:55 EDT 2017,29-Oct-2017 17:50:55.618,-76.23868053,36.90282298,25.5,4.0,-25.899999618530273,111.1,-0.07661445,8.96389103,3.06457806,-0.01529288,-,17.64705849,-0.03396297,-,-,60.79999924,52.01910782,1926,-,-84.97375488,36.9028244,-76.23867798,7.45098066,57.04187393,55.92340851,29.4223671
Sun Oct 29 17:50:57 EDT 2017,29-Oct-2017 17:50:57.419,-76.23817134,36.90262824,25.0,4.0,-27.0,116.1,0.65122288,8.77235508,3.21780705,-0.02620214,-,19.2156868,-0.04487594,-,-,60.79999924,52.02553177,1947,-,-88.58267975,36.90262985,-76.23817444,10.1960783,55.92340851,55.92340851,-
Sun Oct 29 17:50:59 EDT 2017,29-Oct-2017 17:50:59.562,-76.23767828,36.90240391,25.25,4.0,-27.700000762939453,120.6,0.65122288,9.04050541,3.14119267,0.01134485,-,16.86274529,-0.02883523,-,-,60.79999924,52.03192902,1940,-,-90.87926483,36.90240479,-76.23767853,7.45098066,56.48263931,55.92340851,-
Sun Oct 29 17:51:03 EDT 2017,29-Oct-2017 17:51:02.840,-76.23681175,36.90185251,24.5,3.0,-29.100000381469727,132.0,0.19153613,9.34696388,3.14119267,-0.00442612,-,16.86274529,0.00076271,-,-,60.79999924,52.03192902,1914,-,-95.47244263,36.90185165,-76.23680878,7.45098066,54.80493546,54.68066406,-
Sun Oct 29 17:51:04 EDT 2017,29-Oct-2017 17:51:04.638,-76.23661629,36.90170079,24.25,4.0,-29.600000381469727,133.9,0.15322891,9.0788126,3.10288548,-0.00285172,-,20.3921566,-0.02896879,-,-,60.79999924,52.03627396,1898,-,-97.11286163,36.90169907,-76.23661804,11.76470566,54.24570084,54.68066406,-
Sun Oct 29 17:51:06 EDT 2017,29-Oct-2017 17:51:06.483,-76.23624969,36.90136894,24.5,3.0,-29.899999618530273,139.2,0.65122288,8.96389103,2.9113493,-0.01939906,-,20.7843132,-0.00644477,-,-,60.79999924,52.04059982,1926,-,-98.09711456,36.90136719,-76.23625183,12.54901981,54.80493546,54.68066406,-
Sun Oct 29 17:51:07 EDT 2017,29-Oct-2017 17:51:08.282,-76.2360779,36.90119481,24.5,3.0,-29.700000762939453,141.4,-0.03830723,9.19373417,3.14119267,0.00937933,-,21.17647171,-0.0087973,-,-,60.79999924,52.04491425,1900,-,-97.44094849,36.90119553,-76.23607635,12.15686321,54.80493546,54.68066406,-
Sun Oct 29 17:51:10 EDT 2017,29-Oct-2017 17:51:10.124,-76.23561713,36.90064809,24.5,3.0,-30.0,148.0,0.72783732,9.30865574,3.06457806,-0.00560774,-,21.17647171,-0.01467995,-,-,60.79999924,52.0481987,1886,-,-98.42519379,36.90064621,-76.23561859,12.15686321,54.80493546,54.05929184,-
Sun Oct 29 17:51:12 EDT 2017,29-Oct-2017 17:51:11.919,-76.23537328,36.9002643,24.25,3.0,-28.899999618530273,153.9,0.2681506,9.19373417,3.10288548,0.00849366,-,19.2156868,-0.00556209,-,-,60.79999924,52.05147552,1874,-,-94.81626892,36.90026474,-76.23537445,10.58823586,54.24570084,54.05929184,-
Sun Oct 29 17:51:13 EDT 2017,29-Oct-2017 17:51:13.772,-76.23526796,36.90006374,24.0,4.0,-28.799999237060547,156.5,0.11492168,8.54251194,3.25611424,-0.00681565,-,19.6078434,-0.03271595,-,-,60.79999924,52.0537262,1857,-,-94.4881897,36.90006256,-76.23526764,10.58823586,53.68646622,53.43792343,-
Sun Oct 29 17:51:15 EDT 2017,29-Oct-2017 17:51:15.585,-76.23507779,36.89966308,23.75,4.0,-28.899999618530273,160.1,-0.15322891,8.92558384,2.98796368,-0.0213992,-,21.96078491,-0.03646185,-,-,60.79999924,52.05496979,1843,-,-94.81626892,36.89966202,-76.2350769,13.33333397,53.12723541,52.81655121,-
Sun Oct 29 17:51:17 EDT 2017,29-Oct-2017 17:51:17.424,-76.23490068,36.89925072,23.75,4.0,-29.399999618530273,161.3,-0.38307226,8.81066227,3.14119267,-0.0216332,-,21.17647171,-0.01051524,-,-,60.79999924,52.05720901,1853,-,-96.45669556,36.89925003,-76.23490143,12.94117641,53.12723541,53.43792343,29.64669228
Sun Oct 29 17:51:19 EDT 2017,29-Oct-2017 17:51:19.223,-76.23474281,36.89883891,24.0,3.0,-29.700000762939453,161.9,-0.22984336,8.6957407,2.98796368,-0.04342163,-,22.74509811,0.00184467,-,-,60.79999924,52.05944443,1894,-,-97.44094849,36.89883804,-76.23474121,14.11764717,53.68646622,53.43792343,29.64669228
Sun Oct 29 17:51:21 EDT 2017,29-Oct-2017 17:51:21.043,-76.23458213,36.89842444,24.25,4.0,-30.5,162.3,-0.07661445,9.57680702,3.14119267,0.04643077,-,23.52941132,-0.00163408,-,-,60.79999924,52.06267166,1883,-,-100.06562042,36.89842606,-76.23458099,15.29411793,54.24570084,54.05929184,30.00460243
Sun Oct 29 17:51:23 EDT 2017,29-Oct-2017 17:51:22.863,-76.23441141,36.8980036,24.5,4.0,-30.700000762939453,162.0,-0.42137951,9.30865574,3.02627087,-0.01134562,-,21.56862831,-0.06006988,-,-,60.79999924,52.06689835,1898,-,-100.7217865,36.89800262,-76.23441315,10.98039246,54.80493546,54.68066406,29.8285408
Sun Oct 29 17:51:25 EDT 2017,29-Oct-2017 17:51:24.668,-76.23424718,36.89758734,24.5,3.0,-31.399999618530273,162.1,-0.49799395,8.61912632,2.9113493,-0.0198387,-,23.13725471,-0.07091998,-,-,60.79999924,52.07110596,1894,-,-103.01837158,36.89758682,-76.2342453,14.11764717,54.80493546,54.68066406,29.8285408
Sun Oct 29 17:51:26 EDT 2017,29-Oct-2017 17:51:26.489,-76.23416354,36.89737284,24.5,4.0,-31.600000381469727,162.0,-0.38307226,9.42357826,3.02627087,0.02868325,-,24.70588303,0.0100282,-,-,60.79999924,52.07630157,1931,-,-103.67454529,36.8973732,-76.23416138,14.90196133,54.80493546,55.30203629,29.81547356
Sun Oct 29 17:51:28 EDT 2017,29-Oct-2017 17:51:28.315,-76.23399712,36.89694444,25.25,3.0,-31.899999618530273,161.4,-0.2681506,9.27034855,3.21780705,-0.0212478,-,21.96078491,0.00101414,-,-,60.79999924,52.08247375,1954,-,-104.65879059,36.89694595,-76.23399353,12.94117641,56.48263931,55.92340851,29.82873726
Sun Oct 29 17:51:30 EDT 2017,29-Oct-2017 17:51:30.136,-76.23381822,36.89652271,25.25,3.0,-31.899999618530273,162.3,-0.57460839,8.96389103,3.33272886,-0.00438058,-,16.47058868,-0.02304695,-,-,60.79999924,52.08863449,1970,-,-104.65879059,36.89652252,-76.23381805,7.05882359,56.48263931,55.92340851,29.82873726
Sun Oct 29 17:51:32 EDT 2017,29-Oct-2017 17:51:31.934,-76.23364662,36.89610222,24.5,3.0,-32.099998474121094,162.1,-0.34476504,8.65743351,3.21780705,-0.02407118,-,21.56862831,-0.0575246,-,-,60.79999924,52.09377289,1915,-,-105.31495667,36.89610291,-76.23365021,12.15686321,54.80493546,55.30203629,-
Sun Oct 29 17:51:34 EDT 2017,29-Oct-2017 17:51:33.774,-76.23346805,36.89567556,24.75,3.0,-32.5,161.9,-0.34476504,8.96389103,3.06457806,-0.01468521,-,25.09803963,-0.03335505,-,-,60.79999924,52.09790421,1945,-,-106.62729645,36.89567566,-76.2334671,16.86274529,55.36417389,54.68066406,-
Sun Oct 29 17:51:36 EDT 2017,29-Oct-2017 17:51:35.607,-76.23330094,36.89525382,24.75,3.0,-32.79999923706055,162.0,-0.15322891,8.88727665,3.14119267,-0.00173037,-,23.92156982,-0.03868148,-,-,60.79999924,52.1030159,1962,-,-107.61154938,36.89525223,-76.23329926,14.90196133,55.36417389,55.30203629,28.66380119
Sun Oct 29 17:51:38 EDT 2017,29-Oct-2017 17:51:37.712,-76.23313239,36.89482274,24.75,3.0,-32.400001525878906,162.2,-0.42137951,9.34696388,3.10288548,0.02384657,-,22.74509811,0.00518984,-,-,60.79999924,52.10810852,1938,-,-106.29921722,36.89482117,-76.23313141,14.90196133,55.36417389,55.30203629,28.66380119
Sun Oct 29 17:51:39 EDT 2017,29-Oct-2017 17:51:39.545,-76.23304732,36.89460852,25.0,3.0,-32.599998474121094,162.0,-0.22984336,8.77235508,3.14119267,-0.01342924,-,25.09803963,-0.04956033,-,-,60.79999924,52.11318588,1929,-,-106.95537567,36.89460754,-76.23304749,17.64705849,55.92340851,55.30203629,-
Sun Oct 29 17:51:41 EDT 2017,29-Oct-2017 17:51:41.377,-76.23288263,36.89417523,25.25,3.0,-32.099998474121094,162.1,0.07661445,9.00219822,3.33272886,-0.01080544,-,19.6078434,-0.02111214,-,-,60.79999924,52.11923599,1965,-,-105.31495667,36.89417648,-76.23287964,7.45098066,56.48263931,55.92340851,29.51491356
Sun Oct 29 17:51:43 EDT 2017,29-Oct-2017 17:51:43.195,-76.23269896,36.89375134,24.75,3.0,-31.700000762939453,161.0,-0.80445176,8.6957407,2.9113493,-0.04263318,-,25.09803963,-0.0613126,-,-,60.79999924,52.12427902,1974,-,-104.00262451,36.89375305,-76.23269653,17.25490189,55.36417389,55.30203629,29.51491356
Sun Oct 29 17:51:45 EDT 2017,29-Oct-2017 17:51:45.051,-76.23250343,36.8933314,25.0,3.0,-32.5,159.2,-0.45968673,9.15542698,3.33272886,-0.02397097,-,23.52941132,-0.02787728,-,-,60.79999924,52.13029099,1964,-,-106.62729645,36.89332962,-76.2325058,15.29411793,55.92340851,55.92340851,29.51370811
Sun Oct 29 17:51:47 EDT 2017,29-Oct-2017 17:51:46.874,-76.23228381,36.89291441,25.5,3.0,-32.79999923706055,157.5,-0.65122288,9.19373417,3.17949986,0.01286054,-,22.35294151,0.01021703,-,-,60.79999924,52.13726425,1966,-,-107.61154938,36.89291382,-76.23228455,14.11764717,57.04187393,56.54477692,29.0446434
Sun Oct 29 17:51:49 EDT 2017,29-Oct-2017 17:51:48.688,-76.23205977,36.8925005,25.25,3.0,-33.70000076293945,156.3,0.11492168,8.58081913,3.02627087,-0.01465183,-,20.7843132,-0.04257821,-,-,60.79999924,52.14421844,1985,-,-110.56430817,36.89250183,-76.23206329,10.1960783,56.48263931,56.54477692,29.0446434
Sun Oct 29 17:51:50 EDT 2017,29-Oct-2017 17:51:50.530,-76.23194277,36.89229107,25.25,3.0,-33.099998474121094,156.1,-0.42137951,10.38125896,3.715801,0.14379889,-,20.3921566,0.08289113,-,-,60.79999924,52.15114212,1951,-,-108.59579468,36.89229202,-76.23194122,11.37254906,56.48263931,56.54477692,-
Sun Oct 29 17:51:52 EDT 2017,29-Oct-2017 17:51:52.344,-76.23170145,36.89188548,25.0,3.0,-33.099998474121094,153.9,-0.19153613,8.65743351,3.29442143,0.0510146,-,17.64705849,0.07617719,-,-,60.79999924,52.15707779,1941,-,-108.59579468,36.89188385,-76.23170471,7.84313726,55.92340851,55.92340851,-
Sun Oct 29 17:51:54 EDT 2017,29-Oct-2017 17:51:54.370,-76.23145134,36.89148659,24.75,4.0,-33.70000076293945,153.1,-0.22984336,8.73404789,3.06457806,-0.01118217,-,19.2156868,-0.05585041,-,-,60.79999924,52.16201401,1930,-,-110.56430817,36.89148712,-76.23145294,10.1960783,55.36417389,55.30203629,-
Sun Oct 29 17:51:56 EDT 2017,29-Oct-2017 17:51:56.208,-76.23116871,36.89109492,24.75,5.0,-34.29999923706055,150.7,-0.34476504,8.15943909,3.29442143,-0.08332789,-,19.6078434,-0.10202123,-,-,60.79999924,52.16693497,1911,-,-112.5328064,36.89109421,-76.23117065,10.58823586,55.36417389,55.30203629,-
Sun Oct 29 17:51:58 EDT 2017,29-Oct-2017 17:51:58.032,-76.23089807,36.89070909,24.5,3.0,-33.599998474121094,150.7,-0.19153613,9.0788126,3.17949986,0.01481699,-,23.13725471,-0.00017555,-,-,60.79999924,52.17087173,1915,-,-110.23621368,36.89070892,-76.230896,14.90196133,54.80493546,54.68066406,-
Sun Oct 29 17:52:00 EDT 2017,29-Oct-2017 17:51:59.848,-76.23061328,36.89032993,25.0,3.0,-32.599998474121094,149.9,-0.2681506,9.15542698,3.02627087,-0.00174707,-,21.17647171,-0.04344719,-,-,60.79999924,52.17576218,1935,-,-106.95537567,36.89033127,-76.23061371,12.15686321,55.92340851,55.30203629,29.73742485
Sun Oct 29 17:52:02 EDT 2017,29-Oct-2017 17:52:01.672,-76.23033407,36.88993526,24.5,3.0,-32.099998474121094,150.4,-0.45968673,9.50019264,2.9113493,0.03295571,-,25.09803963,-0.05596354,-,-,60.79999924,52.17966843,1920,-,-105.31495667,36.88993454,-76.23033142,16.86274529,54.80493546,54.68066406,29.73742485
Sun Oct 29 17:52:03 EDT 2017,29-Oct-2017 17:52:03.499,-76.23019676,36.88973295,24.75,3.0,-30.700000762939453,150.4,-0.2681506,8.88727665,2.98796368,-0.02483767,-,23.92156982,-0.043511,-,-,60.79999924,52.18453217,1919,-,-100.7217865,36.88973236,-76.23019409,15.68627453,55.36417389,55.30203629,29.73918152
Sun Oct 29 17:52:05 EDT 2017,29-Oct-2017 17:52:05.336,-76.22992983,36.88934127,24.75,3.0,-30.600000381469727,150.8,-0.5363012,9.27034855,3.10288548,-0.00016879,-,21.17647171,-0.04813255,-,-,60.79999924,52.18938065,1923,-,-100.39369965,36.88933945,-76.22992706,12.94117641,55.36417389,55.30203629,29.73918152
Sun Oct 29 17:52:07 EDT 2017,29-Oct-2017 17:52:07.158,-76.22966316,36.88895254,25.0,3.0,-30.700000762939453,150.8,-0.65122288,9.0788126,2.9113493,-0.00685066,-,25.49019623,-0.04003956,-,-,60.79999924,52.19421387,1934,-,-100.7217865,36.88895416,-76.22966003,17.25490189,55.92340851,55.30203629,-
Sun Oct 29 17:52:09 EDT 2017,29-Oct-2017 17:52:08.997,-76.22938248,36.88856354,25.0,3.0,-30.399999618530273,150.3,-0.19153613,9.04050541,3.37103605,-0.00572749,-,19.2156868,-0.03635892,-,-,60.79999924,52.19999695,1967,-,-99.73753357,36.88856506,-76.22938538,7.45098066,55.92340851,55.92340851,29.08494759
Sun Oct 29 17:52:11 EDT 2017,29-Oct-2017 17:52:10.894,-76.22910222,36.88817508,25.25,3.0,-29.299999237060547,150.1,-0.15322891,9.11711979,3.02627087,-0.00346769,-,23.52941132,-0.0203097,-,-,60.79999924,52.20479965,1959,-,-96.1286087,36.88817596,-76.22910309,17.25490189,56.48263931,55.30203629,29.08494759
Sun Oct 29 17:52:13 EDT 2017,29-Oct-2017 17:52:12.637,-76.22880878,36.88778611,25.25,3.0,-29.700000762939453,149.8,-0.19153613,9.27034855,2.83473492,-0.03345164,-,25.09803963,-0.02889808,-,-,60.79999924,52.21054459,1963,-,-97.44094849,36.88778687,-76.22880554,16.07843208,56.48263931,55.92340851,29.90689468
Sun Oct 29 17:52:14 EDT 2017,29-Oct-2017 17:52:14.467,-76.22866397,36.8875925,25.5,3.0,-29.600000381469727,149.3,-0.65122288,9.30865574,2.98796368,0.00089453,-,25.09803963,-0.02155656,-,-,60.79999924,52.21723557,1969,-,-97.11286163,36.88759232,-76.22866058,16.86274529,57.04187393,56.54477692,29.34619331
Sun Oct 29 17:52:16 EDT 2017,29-Oct-2017 17:52:16.254,-76.2283513,36.88720826,25.25,3.0,-29.5,145.1,-0.76614451,9.57680702,3.67749381,0.00015414,-,21.17647171,0.04900087,-,-,60.79999924,52.22486115,1999,-,-96.78477478,36.88720703,-76.22834778,12.94117641,56.48263931,57.16614914,30.41037369
Sun Oct 29 17:52:18 EDT 2017,29-Oct-2017 17:52:18.054,-76.22802108,36.8868423,25.5,3.0,-29.399999618530273,140.9,-0.76614451,8.46589756,3.33272886,-0.05026919,-,21.17647171,-0.06895117,-,-,60.79999924,52.23246002,1972,-,-96.45669556,36.88684082,-76.22801971,12.54901981,57.04187393,57.16614914,30.41037369
Sun Oct 29 17:52:20 EDT 2017,29-Oct-2017 17:52:19.828,-76.22763421,36.88650422,25.25,3.0,-29.700000762939453,136.4,-0.15322891,8.77235508,3.02627087,-0.03492987,-,20.7843132,-0.05614135,-,-,60.79999924,52.23908997,1951,-,-97.44094849,36.88650513,-76.22763062,11.37254906,56.48263931,56.54477692,-
Sun Oct 29 17:52:21 EDT 2017,29-Oct-2017 17:52:21.588,-76.22743673,36.88634794,25.0,3.0,-29.700000762939453,135.0,-0.11492168,9.30865574,3.17949986,-0.01334259,-,22.74509811,0.00313072,-,-,60.79999924,52.24473953,1966,-,-97.44094849,36.88634872,-76.22743988,14.11764717,55.92340851,55.92340851,-
Sun Oct 29 17:52:23 EDT 2017,29-Oct-2017 17:52:23.418,-76.22703423,36.88604221,25.0,4.0,-30.0,132.4,-0.8810662,9.15542698,3.10288548,0.00850135,-,24.31372643,-0.01016062,-,-,60.79999924,52.25037003,1946,-,-98.42519379,36.88604355,-76.22703552,14.50980377,55.92340851,55.92340851,-
Sun Oct 29 17:52:25 EDT 2017,29-Oct-2017 17:52:25.139,-76.22659789,36.88575645,25.25,4.0,-30.600000381469727,128.1,-0.42137951,9.11711979,3.715801,0.02351254,-,17.64705849,-0.02506385,-,-,60.79999924,52.25693893,1975,-,-100.39369965,36.88575745,-76.22660065,12.54901981,56.48263931,56.54477692,31.31046867
Sun Oct 29 17:52:27 EDT 2017,29-Oct-2017 17:52:26.957,-76.22613611,36.88547874,25.5,4.0,-30.399999618530273,126.0,-0.9576807,9.61511421,2.87304211,0.04660147,-,25.09803963,0.00331324,-,-,60.79999924,52.2625351,1949,-,-99.73753357,36.88547897,-76.22613525,16.86274529,57.04187393,55.92340851,31.31046867
Sun Oct 29 17:52:29 EDT 2017,29-Oct-2017 17:52:28.808,-76.22565933,36.88526073,25.25,3.0,-30.0,118.3,-0.49799395,8.92558384,3.21780705,-0.01113877,-,22.74509811,-0.03616101,-,-,60.79999924,52.268116,1963,-,-98.42519379,36.88526154,-76.22566223,14.90196133,56.48263931,55.92340851,-
Sun Oct 29 17:52:31 EDT 2017,29-Oct-2017 17:52:30.629,-76.22516608,36.88507246,24.75,3.0,-29.5,114.9,-0.30645782,8.88727665,2.64319873,-0.03532481,-,24.70588303,-0.01260699,-,-,60.79999924,52.27368164,1953,-,-96.78477478,36.8850708,-76.22516632,16.07843208,55.36417389,55.92340851,-
Sun Oct 29 17:52:32 EDT 2017,29-Oct-2017 17:52:32.439,-76.22491015,36.88497844,24.75,3.0,-28.100000381469727,113.5,-0.42137951,8.73404789,2.94965649,-0.04029608,-,21.96078491,-0.00500986,-,-,60.79999924,52.27827835,1933,-,-92.19160461,36.88497925,-76.22490692,13.33333397,55.36417389,55.30203629,-
Sun Oct 29 17:52:34 EDT 2017,29-Oct-2017 17:52:34.254,-76.22439334,36.88481422,24.75,3.0,-26.600000381469727,110.2,-0.07661445,8.23605347,3.48595762,-0.04536358,-,16.07843208,-0.06119069,-,-,60.79999924,52.2819252,1919,-,-87.27033997,36.88481522,-76.22439575,7.05882359,55.36417389,54.68066406,-
Sun Oct 29 17:52:36 EDT 2017,29-Oct-2017 17:52:36.059,-76.22390252,36.88465536,23.75,4.0,-26.5,110.9,-0.38307226,9.11711979,2.87304211,-0.00579464,-,24.31372643,-0.02446147,-,-,60.79999924,52.28273773,1825,-,-86.94226074,36.884655,-76.22389984,15.68627453,53.12723541,52.81655121,-
Sun Oct 29 17:52:38 EDT 2017,29-Oct-2017 17:52:37.880,-76.22342613,36.8844934,23.75,7.0,-27.600000381469727,111.7,-0.5363012,8.23605347,2.83473492,-0.06014463,-,23.92156982,-0.11012064,-,-,60.79999924,52.28448486,1911,-,-90.55118561,36.88449478,-76.22342682,14.50980377,53.12723541,53.43792343,29.16029358
Sun Oct 29 17:52:40 EDT 2017,29-Oct-2017 17:52:39.714,-76.2228913,36.88433582,24.25,4.0,-27.399999618530273,110.8,-0.42137951,8.88727665,3.52426481,-0.01335615,-,16.86274529,-0.01275375,-,-,60.79999924,52.28716278,1902,-,-89.8950119,36.88433456,-76.22289276,7.45098066,54.24570084,54.05929184,29.18714333
Sun Oct 29 17:52:41 EDT 2017,29-Oct-2017 17:52:41.516,-76.22263729,36.88425145,24.25,3.0,-27.200000762939453,111.0,-0.30645782,8.50420475,3.06457806,-0.02574929,-,21.56862831,-0.07769469,-,-,60.79999924,52.28983688,1922,-,-89.23884583,36.88425064,-76.22264099,12.94117641,54.24570084,54.05929184,29.18714333
Sun Oct 29 17:52:43 EDT 2017,29-Oct-2017 17:52:43.344,-76.22212511,36.88409599,24.5,3.0,-25.799999237060547,111.1,-0.22984336,9.61511421,3.17949986,-0.02403456,-,21.96078491,0.03295019,-,-,60.79999924,52.29344177,1876,-,-84.64566803,36.88409424,-76.22212219,12.54901981,54.80493546,54.68066406,30.04634285
Sun Oct 29 17:52:45 EDT 2017,29-Oct-2017 17:52:45.221,-76.22160697,36.88393276,24.75,3.0,-26.899999618530273,111.2,-0.5363012,8.84896946,3.40934324,0.0092991,-,20.7843132,-0.00025949,-,-,60.79999924,52.29796219,1953,-,-88.2545929,36.88393402,-76.22160339,12.94117641,55.36417389,55.30203629,29.382267
Sun Oct 29 17:52:47 EDT 2017,29-Oct-2017 17:52:47.026,-76.22107416,36.88376361,25.25,5.0,-27.299999237060547,110.6,-0.42137951,9.15542698,3.52426481,0.01169472,-,18.03921509,-0.00959036,-,-,60.79999924,52.30434036,1956,-,-89.56692505,36.88376236,-76.22107697,7.84313726,56.48263931,56.54477692,58.51182556
Sun Oct 29 17:52:49 EDT 2017,29-Oct-2017 17:52:48.847,-76.2205509,36.88358813,25.25,5.0,-26.299999237060547,110.8,-0.11492168,8.81066227,3.44765043,-0.01303032,-,21.96078491,-0.02264876,-,-,60.79999924,52.31069565,1968,-,-86.28608704,36.88358688,-76.22055054,15.29411793,56.48263931,56.54477692,58.51182556
Sun Oct 29 17:52:50 EDT 2017,29-Oct-2017 17:52:50.657,-76.22027772,36.88350735,25.5,4.0,-26.299999237060547,110.7,-0.49799395,9.27034855,3.21780705,0.02058619,-,20.3921566,0.05788001,-,-,60.79999924,52.31703568,1956,-,-86.28608704,36.88350677,-76.22027588,11.37254906,57.04187393,56.54477692,-
Sun Oct 29 17:52:52 EDT 2017,29-Oct-2017 17:52:52.460,-76.21974914,36.88334334,25.25,4.0,-26.399999618530273,111.2,-0.11492168,9.04050541,3.44765043,0.00536811,-,16.86274529,-0.01329486,-,-,60.79999924,52.32242584,1934,-,-86.61417389,36.88334274,-76.21974945,7.45098066,56.48263931,55.92340851,-
Sun Oct 29 17:52:54 EDT 2017,29-Oct-2017 17:52:54.267,-76.21923748,36.88318025,24.5,3.0,-26.399999618530273,111.4,-0.76614451,9.34696388,3.17949986,-0.0060046,-,20,0.00978646,-,-,60.79999924,52.32501984,1889,-,-86.61417389,36.88317871,-76.21923828,10.1960783,54.80493546,54.05929184,-
Sun Oct 29 17:52:56 EDT 2017,29-Oct-2017 17:52:56.095,-76.21873487,36.88301388,24.25,3.0,-25.899999618530273,111.4,-0.61291564,9.11711979,3.10288548,0.00270557,-,22.74509811,-0.01595833,-,-,60.79999924,52.32760239,1877,-,-84.97375488,36.88301468,-76.21873474,14.50980377,54.24570084,54.05929184,-
Sun Oct 29 17:52:58 EDT 2017,29-Oct-2017 17:52:57.905,-76.21821516,36.88285884,24.25,4.0,-24.600000381469727,110.7,-0.34476504,9.04050541,3.17949986,-0.01649857,-,20.7843132,-0.02214148,-,-,60.79999924,52.33018112,1878,-,-80.70866394,36.88285828,-76.21821594,11.76470566,54.24570084,54.05929184,-
Sun Oct 29 17:53:00 EDT 2017,29-Oct-2017 17:52:59.699,-76.21772138,36.88270103,24.0,7.0,-24.5,111.0,-0.49799395,9.0788126,3.02627087,-0.00415426,-,23.52941132,-0.02282051,-,-,60.79999924,52.33274841,1875,-,-80.38057709,36.88270187,-76.21772003,14.50980377,53.68646622,54.05929184,-
Sun Oct 29 17:53:02 EDT 2017,29-Oct-2017 17:53:02.171,-76.21720861,36.88255651,24.0,4.0,-24.299999237060547,110.4,-0.15322891,9.19373417,3.06457806,0.0069977,-,23.52941132,-0.03029753,-,-,60.79999924,52.33438873,1898,-,-79.72440338,36.88255692,-76.21720886,14.50980377,53.68646622,53.43792343,-
Sun Oct 29 17:53:04 EDT 2017,29-Oct-2017 17:53:04.550,-76.21669213,36.88240802,24.0,5.0,-23.399999618530273,110.5,0.11492168,9.15542698,2.71981311,-0.00734389,-,23.52941132,0.00628979,-,-,60.79999924,52.33694458,1880,-,-76.77165222,36.88240814,-76.21669006,14.50980377,53.68646622,54.05929184,-
Sun Oct 29 17:53:06 EDT 2017,29-Oct-2017 17:53:06.147,-76.21620022,36.88225461,24.25,4.0,-23.0,111.5,-0.15322891,8.50420475,2.56658411,-0.0753541,-,26.66666794,-0.03243205,-,-,60.79999924,52.3394928,1900,-,-75.45932007,36.88225555,-76.21620178,19.2156868,54.24570084,54.05929184,-
Sun Oct 29 17:53:08 EDT 2017,29-Oct-2017 17:53:07.952,-76.21569674,36.88208313,24.5,4.0,-23.100000381469727,112.8,-0.30645782,9.0788126,2.9113493,0.00062621,-,21.96078491,-0.00646013,-,-,60.79999924,52.34386826,1938,-,-75.78739929,36.88208389,-76.21569824,13.72549057,54.80493546,55.30203629,67.25122833
Sun Oct 29 17:53:10 EDT 2017,29-Oct-2017 17:53:09.767,-76.21518704,36.88189851,24.5,4.0,-21.799999237060547,111.8,-0.72783732,9.04050541,2.79642749,-0.00668179,-,26.27450943,-0.02579973,-,-,60.79999924,52.34731293,1925,-,-71.52230835,36.88189697,-76.21518707,17.64705849,54.80493546,54.68066406,67.25122833
Sun Oct 29 17:53:12 EDT 2017,29-Oct-2017 17:53:11.578,-76.21466809,36.88175259,25.0,4.0,-22.100000381469727,110.7,-0.03830723,8.92558384,3.10288548,-0.01773554,-,21.96078491,-0.05450996,-,-,60.79999924,52.35258102,1962,-,-72.50656128,36.88175201,-76.21466827,14.11764717,55.92340851,55.92340851,58.92540741
Sun Oct 29 17:53:13 EDT 2017,29-Oct-2017 17:53:13.412,-76.21440885,36.88166973,25.0,4.0,-21.700000762939453,110.9,-0.49799395,7.96790314,2.98796368,-0.11206192,-,25.09803963,-0.05301027,-,-,60.79999924,52.35783386,1980,-,-71.19422913,36.88166809,-76.21440887,18.4313736,55.92340851,55.92340851,58.92540741
Sun Oct 29 17:53:15 EDT 2017,29-Oct-2017 17:53:15.217,-76.21387371,36.88151254,25.25,3.0,-22.700000762939453,110.5,-0.57460839,9.30865574,3.29442143,-0.01324931,-,23.92156982,-0.1242069,-,-,60.79999924,52.36398315,1989,-,-74.47506714,36.88151169,-76.21387482,15.68627453,56.48263931,56.54477692,29.77738953
Sun Oct 29 17:53:17 EDT 2017,29-Oct-2017 17:53:17.030,-76.21331766,36.88134756,26.25,3.0,-21.799999237060547,109.2,-0.19153613,9.19373417,3.33272886,0.0160467,-,18.4313736,0.04700617,-,-,60.79999924,52.37193298,2018,-,-71.52230835,36.88134766,-76.21331787,7.45098066,58.71957779,57.78752136,59.29742432
Sun Oct 29 17:53:19 EDT 2017,29-Oct-2017 17:53:18.855,-76.21275068,36.8811893,26.0,4.0,-19.799999237060547,108.3,0.07661445,9.38527107,3.48595762,0.03959602,-,17.25490189,-0.06201998,-,-,60.79999924,52.38168335,2008,-,-64.96062469,36.88118744,-76.2127533,10.58823586,58.16034317,59.03026199,61.58448792
Sun Oct 29 17:53:21 EDT 2017,29-Oct-2017 17:53:20.684,-76.21217367,36.88105179,26.0,3.0,-18.0,106.4,-0.11492168,9.19373417,3.52426481,0.00325321,-,19.6078434,0.00841032,-,-,60.79999924,52.3895874,2007,-,-59.05511856,36.88105011,-76.21217346,10.58823586,58.16034317,57.78752136,61.58448792
Sun Oct 29 17:53:22 EDT 2017,29-Oct-2017 17:53:22.499,-76.21188786,36.8809889,26.25,4.0,-18.299999237060547,105.2,-0.34476504,9.38527107,3.25611424,0.03225607,-,23.52941132,0.01360231,-,-,60.79999924,52.39746475,2006,-,-60.03936768,36.88098907,-76.21189117,13.72549057,58.71957779,57.78752136,-
Sun Oct 29 17:53:24 EDT 2017,29-Oct-2017 17:53:24.330,-76.21133609,36.88089718,26.25,3.0,-22.399999618530273,103.8,-0.38307226,8.84896946,3.21780705,0.00173865,-,21.96078491,-0.03905456,-,-,60.79999924,52.40623093,2018,-,-73.49081421,36.88089752,-76.21133423,13.72549057,58.71957779,58.40889359,30.2667923
Sun Oct 29 17:53:26 EDT 2017,29-Oct-2017 17:53:26.133,-76.2107681,36.88080825,26.0,3.0,-24.399999618530273,102.3,-0.34476504,8.96389103,2.94965649,-0.01840854,-,23.13725471,-0.03707966,-,-,60.79999924,52.4140625,2011,-,-80.05249023,36.88080978,-76.21076965,14.50980377,58.16034317,57.78752136,30.2667923
Sun Oct 29 17:53:28 EDT 2017,29-Oct-2017 17:53:27.954,-76.21020646,36.88071114,25.25,3.0,-23.5,101.3,-0.61291564,8.84896946,3.33272886,0.01245762,-,19.6078434,-0.03375766,-,-,60.79999924,52.42097092,1994,-,-77.09973907,36.8807106,-76.21020508,10.1960783,56.48263931,57.16614914,-
Sun Oct 29 17:53:30 EDT 2017,29-Oct-2017 17:53:29.790,-76.20965813,36.88063268,24.75,3.0,-24.799999237060547,99.4,0.11492168,8.96389103,2.64319873,-0.02828056,-,24.70588303,-0.04695505,-,-,60.79999924,52.42605209,1950,-,-81.36483002,36.88063431,-76.20965576,16.07843208,55.36417389,55.92340851,-
Sun Oct 29 17:53:32 EDT 2017,29-Oct-2017 17:53:31.615,-76.209126,36.88055214,24.25,3.0,-25.600000381469727,100.1,-0.65122288,9.46188545,2.41335535,-0.02346711,-,26.66666794,-0.00205436,-,-,60.79999924,52.42931747,1927,-,-83.98950195,36.88055038,-76.20912933,18.03921509,54.24570084,54.68066406,-
Sun Oct 29 17:53:33 EDT 2017,29-Oct-2017 17:53:33.439,-76.20885432,36.88051738,24.5,4.0,-26.299999237060547,100.4,0.11492168,8.65743351,3.21780705,-0.03942931,-,25.88235283,-0.05810762,-,-,60.79999924,52.43347549,1917,-,-86.28608704,36.88051605,-76.20885468,17.64705849,54.80493546,55.30203629,29.6727562
Sun Oct 29 17:53:35 EDT 2017,29-Oct-2017 17:53:35.256,-76.20830574,36.88044383,24.25,3.0,-24.600000381469727,100.3,-0.84275901,8.73404789,2.48996973,-0.01954217,-,26.27450943,-0.1806367,-,-,60.79999924,52.4367218,1887,-,-80.70866394,36.88044357,-76.20830536,17.64705849,54.24570084,54.68066406,29.6727562
Sun Oct 29 17:53:37 EDT 2017,29-Oct-2017 17:53:37.133,-76.207758,36.88035974,24.5,4.0,-24.399999618530273,101.4,0.07661445,8.31266785,3.02627087,-0.02190147,-,21.56862831,-0.09788463,-,-,60.79999924,52.44086075,1908,-,-80.05249023,36.88035965,-76.20775604,10.98039246,54.80493546,55.30203629,29.53876877
Sun Oct 29 17:53:39 EDT 2017,29-Oct-2017 17:53:38.973,-76.20720923,36.88028786,24.75,5.0,-23.600000381469727,100.8,0.65122288,10.07480049,3.48595762,0.10775751,-,23.13725471,0.08912947,-,-,60.79999924,52.44498062,1941,-,-77.42782593,36.88028717,-76.20720673,16.07843208,55.36417389,55.30203629,29.53876877
Sun Oct 29 17:53:41 EDT 2017,29-Oct-2017 17:53:40.804,-76.20666042,36.88018716,25.5,3.0,-23.200000762939453,104.5,-0.11492168,8.88727665,2.64319873,-0.04145038,-,26.66666794,-0.05438893,-,-,60.79999924,52.4499855,1973,-,-76.11548615,36.88018799,-76.20665741,20,57.04187393,55.92340851,29.13879204
Sun Oct 29 17:53:43 EDT 2017,29-Oct-2017 17:53:42.652,-76.20611635,36.8800606,25.75,3.0,-23.5,107.4,0.42137951,9.19373417,3.10288548,0.00904828,-,25.09803963,-0.02758694,-,-,60.79999924,52.45676041,1964,-,-77.09973907,36.8800621,-76.20611572,17.64705849,57.60110855,57.16614914,59.04062653
Sun Oct 29 17:53:44 EDT 2017,29-Oct-2017 17:53:44.494,-76.20583826,36.87998685,26.25,3.0,-23.799999237060547,108.7,-0.19153613,8.27436066,3.25611424,-0.07436973,-,20.7843132,-0.02733591,-,-,60.79999924,52.46530533,2062,-,-78.08398438,36.87998581,-76.20584106,13.72549057,58.71957779,58.40889359,58.01887894
Sun Oct 29 17:53:46 EDT 2017,29-Oct-2017 17:53:46.305,-76.2052723,36.87981492,26.75,4.0,-24.0,110.3,0.19153613,8.77235508,3.48595762,0.00014153,-,19.2156868,-0.03999982,-,-,60.79999924,52.47559738,2055,-,-78.74015808,36.87981415,-76.20526886,9.01960754,59.83804321,59.65163422,60.07516098
Sun Oct 29 17:53:48 EDT 2017,29-Oct-2017 17:53:48.126,-76.20470312,36.87963348,27.0,4.0,-24.399999618530273,112.1,0,8.96389103,3.44765043,-0.00199467,-,17.64705849,-0.00779718,-,-,60.79999924,52.48586655,2067,-,-80.05249023,36.87963486,-76.20470428,8.23529434,60.39727783,59.65163422,60.07516098
Sun Oct 29 17:53:50 EDT 2017,29-Oct-2017 17:53:49.953,-76.20414674,36.87943979,27.0,4.0,-25.200000762939453,113.7,0.57460839,9.23204136,3.79241538,-0.01580462,-,17.25490189,-0.0208316,-,-,60.79999924,52.49610138,2077,-,-82.6771698,36.87944031,-76.20414734,8.23529434,60.39727783,59.65163422,-
Sun Oct 29 17:53:52 EDT 2017,29-Oct-2017 17:53:51.776,-76.20361072,36.87922203,26.25,3.0,-26.0,115.9,0.03830723,8.73404789,3.715801,-0.01344723,-,16.47058868,-0.06115001,-,-,60.79999924,52.5054245,2025,-,-85.30183411,36.87922287,-76.20361328,7.05882359,58.71957779,59.03026199,-
Sun Oct 29 17:53:54 EDT 2017,29-Oct-2017 17:53:53.788,-76.20308394,36.87900716,25.75,3.0,-25.899999618530273,118.6,0.15322891,9.57680702,3.14119267,0.04651982,-,22.74509811,-0.0006564,-,-,60.79999924,52.51294708,1994,-,-84.97375488,36.87900543,-76.20308685,11.37254906,57.60110855,57.78752136,-
Sun Oct 29 17:53:56 EDT 2017,29-Oct-2017 17:53:55.604,-76.20260359,36.87877342,25.75,4.0,-29.5,120.7,-0.30645782,9.30865574,3.21780705,0.03714448,-,20.7843132,0.0319378,-,-,60.79999924,52.52044678,2006,-,-96.78477478,36.87877274,-76.2026062,12.54901981,57.60110855,57.78752136,-
Sun Oct 29 17:53:57 EDT 2017,29-Oct-2017 17:53:57.398,-76.20236554,36.87865593,25.75,4.0,-31.0,121.4,0.03830723,8.88727665,3.06457806,-0.02270311,-,20.7843132,-0.05586657,-,-,60.79999924,52.52793503,1998,-,-101.70603943,36.87865448,-76.20236206,12.54901981,57.60110855,57.78752136,-
Sun Oct 29 17:53:59 EDT 2017,29-Oct-2017 17:53:59.248,-76.20188315,36.87840909,26.0,4.0,-31.600000381469727,123.7,-0.11492168,9.04050541,3.14119267,-0.00333147,-,21.96078491,-0.07214428,-,-,60.79999924,52.53538895,2003,-,-103.67454529,36.87841034,-76.20188141,13.33333397,58.16034317,57.78752136,-
Sun Oct 29 17:54:01 EDT 2017,29-Oct-2017 17:54:01.044,-76.20137326,36.878137,26.5,7.0,-30.600000381469727,123.6,0,9.42357826,3.52426481,0.01341076,-,17.25490189,0.01241977,-,-,60.79999924,52.54282761,1985,-,-100.39369965,36.87813568,-76.20137024,7.84313726,59.27880859,57.78752136,-
Sun Oct 29 17:54:03 EDT 2017,29-Oct-2017 17:54:02.814,-76.20095472,36.87785403,25.25,4.0,-30.600000381469727,128.4,0.07661445,9.46188545,3.10288548,0.03408295,-,26.27450943,-0.02638727,-,-,60.79999924,52.54849243,1964,-,-100.39369965,36.87785339,-76.20095825,18.03921509,56.48263931,56.54477692,-
Sun Oct 29 17:54:05 EDT 2017,29-Oct-2017 17:54:04.590,-76.20053352,36.87755802,25.25,3.0,-30.200000762939453,131.0,-0.15322891,9.19373417,2.94965649,0.00929518,-,23.92156982,-0.01530734,-,-,60.79999924,52.55413437,1968,-,-99.08136749,36.87755966,-76.20053101,16.07843208,56.48263931,56.54477692,-
Sun Oct 29 17:54:06 EDT 2017,29-Oct-2017 17:54:06.432,-76.2003182,36.8774097,25.25,3.0,-29.5,131.6,0.11492168,9.04050541,3.02627087,-0.00910729,-,22.35294151,0.03246998,-,-,60.79999924,52.55976105,2001,-,-96.78477478,36.87741089,-76.20031738,14.11764717,56.48263931,56.54477692,-
Sun Oct 29 17:54:08 EDT 2017,29-Oct-2017 17:54:08.258,-76.19991804,36.8771001,24.5,3.0,-28.700000762939453,133.9,0.07661445,9.57680702,2.71981311,0.00945413,-,25.88235283,-0.02136164,-,-,60.79999924,52.56362534,1967,-,-94.16011047,36.8771019,-76.19992065,17.64705849,54.80493546,55.30203629,-
Sun Oct 29 17:54:10 EDT 2017,29-Oct-2017 17:54:10.098,-76.19952072,36.87678107,25.0,4.0,-27.5,135.9,-0.03830723,9.19373417,2.7581203,-0.0025478,-,25.09803963,-0.01540032,-,-,60.79999924,52.56748199,1952,-,-90.22309875,36.87678146,-76.19952393,16.47058868,55.92340851,55.30203629,-
Sun Oct 29 17:54:12 EDT 2017,29-Oct-2017 17:54:11.880,-76.19914015,36.87645112,24.75,3.0,-26.299999237060547,137.9,-0.22984336,8.50420475,2.79642749,-0.02307151,-,24.70588303,-0.03335505,-,-,60.79999924,52.57131958,1933,-,-86.28608704,36.87644958,-76.19914246,13.33333397,55.36417389,55.30203629,-
Sun Oct 29 17:54:14 EDT 2017,29-Oct-2017 17:54:13.696,-76.19877482,36.8761156,24.5,4.0,-25.0,139.3,-0.49799395,9.38527107,2.87304211,0.0208146,-,26.27450943,0.05316731,-,-,60.79999924,52.57514954,1952,-,-82.02099609,36.87611389,-76.19877625,18.8235302,54.80493546,55.30203629,-
Sun Oct 29 17:54:15 EDT 2017,29-Oct-2017 17:54:15.531,-76.19859824,36.87594909,25.0,3.0,-24.700000762939453,140.7,0.68953007,8.81066227,2.29843354,-0.05015451,-,25.09803963,-0.0241487,-,-,60.79999924,52.5798378,1950,-,-81.03675079,36.87594986,-76.19860077,17.25490189,55.92340851,55.92340851,29.69295311
Sun Oct 29 17:54:17 EDT 2017,29-Oct-2017 17:54:17.348,-76.19824681,36.87559362,25.25,3.0,-24.200000762939453,143.1,-0.22984336,8.96389103,3.06457806,-0.0143048,-,16.86274529,-0.02775172,-,-,60.79999924,52.58451462,1959,-,-79.39633179,36.87559509,-76.19824982,8.23529434,56.48263931,55.92340851,29.69295311
Sun Oct 29 17:54:19 EDT 2017,29-Oct-2017 17:54:19.189,-76.19792794,36.87523574,24.5,3.0,-26.100000381469727,145.2,-0.15322891,9.27034855,4.06056595,0.05078489,-,21.96078491,-0.06818128,-,-,60.79999924,52.58831024,1888,-,-85.62992096,36.87523651,-76.19792938,11.76470566,54.80493546,55.30203629,-
Sun Oct 29 17:54:21 EDT 2017,29-Oct-2017 17:54:21.052,-76.19762486,36.87486016,24.75,3.0,-26.899999618530273,147.4,-0.07661445,8.73404789,3.25611424,-0.07264251,-,20,0.01554993,-,-,60.79999924,52.59122467,1913,-,-88.2545929,36.87485886,-76.19762421,11.76470566,55.36417389,54.68066406,-
Sun Oct 29 17:54:23 EDT 2017,29-Oct-2017 17:54:22.865,-76.19733967,36.87448435,24.75,3.0,-29.299999237060547,149.4,0.45968673,8.42759037,3.48595762,-0.05014628,-,20.7843132,-0.06306984,-,-,60.79999924,52.59500504,1911,-,-96.1286087,36.87448502,-76.19734192,11.76470566,55.36417389,55.30203629,29.76592064
Sun Oct 29 17:54:25 EDT 2017,29-Oct-2017 17:54:24.676,-76.19706457,36.87409672,25.0,3.0,-30.0,151.1,0.19153613,8.96389103,3.48595762,-0.01373924,-,17.64705849,-0.04897452,-,-,60.79999924,52.59877014,1927,-,-98.42519379,36.87409592,-76.19706726,7.84313726,55.92340851,55.30203629,29.76592064
Sun Oct 29 17:54:26 EDT 2017,29-Oct-2017 17:54:26.495,-76.19692811,36.87389627,25.0,3.0,-30.399999618530273,152.2,-0.11492168,9.34696388,3.63918662,0.04153639,-,17.25490189,0.01424179,-,-,60.79999924,52.6025238,1929,-,-99.73753357,36.87389755,-76.19692993,7.84313726,55.92340851,55.30203629,-
Sun Oct 29 17:54:28 EDT 2017,29-Oct-2017 17:54:28.314,-76.19667664,36.87349159,25.0,3.0,-31.899999618530273,154.0,0.34476504,8.65743351,3.17949986,-0.01386397,-,20,-0.03799919,-,-,60.79999924,52.60713196,1928,-,-104.65879059,36.87349319,-76.19667816,10.98039246,55.92340851,55.92340851,30.06479454
Sun Oct 29 17:54:30 EDT 2017,29-Oct-2017 17:54:30.119,-76.19644658,36.87308645,24.75,3.0,-33.400001525878906,156.7,-0.11492168,9.15542698,3.37103605,0.01359671,-,17.64705849,-0.0001526,-,-,60.79999924,52.61086273,1924,-,-109.58005524,36.87308502,-76.19644928,7.84313726,55.36417389,55.30203629,30.06479454
Sun Oct 29 17:54:32 EDT 2017,29-Oct-2017 17:54:31.947,-76.19623063,36.87267415,24.5,3.0,-33.29999923706055,159.0,0.15322891,9.11711979,3.29442143,-0.00130422,-,19.6078434,-0.04446067,-,-,60.79999924,52.61372757,1897,-,-109.25196838,36.87267303,-76.19622803,8.62745094,54.80493546,54.68066406,-
Sun Oct 29 17:54:34 EDT 2017,29-Oct-2017 17:54:33.780,-76.19604242,36.8722584,24.25,3.0,-33.400001525878906,160.6,0.2681506,9.50019264,3.29442143,0.04435843,-,21.96078491,-0.03990446,-,-,60.79999924,52.61572266,1911,-,-109.58005524,36.87225723,-76.19604492,13.33333397,54.24570084,54.05929184,-
Sun Oct 29 17:54:36 EDT 2017,29-Oct-2017 17:54:35.597,-76.19587186,36.87183794,24.25,3.0,-33.70000076293945,162.7,0.07661445,8.50420475,3.29442143,-0.02472801,-,21.17647171,-0.06998425,-,-,60.79999924,52.61771393,1882,-,-110.56430817,36.87183762,-76.19586945,13.33333397,54.24570084,54.05929184,-
Sun Oct 29 17:54:37 EDT 2017,29-Oct-2017 17:54:37.394,-76.19579455,36.87162284,24.25,3.0,-33.70000076293945,164.1,-0.15322891,9.19373417,3.21780705,0.01204705,-,20.3921566,-0.00661372,-,-,60.79999924,52.61969757,1883,-,-110.56430817,36.87162399,-76.19579315,9.8039217,54.24570084,54.05929184,-
Sun Oct 29 17:54:39 EDT 2017,29-Oct-2017 17:54:39.195,-76.19565614,36.8712076,24.0,3.0,-34.29999923706055,165.6,-1.03429508,8.81066227,3.40934324,-0.0515353,-,21.17647171,-0.03379714,-,-,60.79999924,52.62082291,1898,-,-112.5328064,36.87120819,-76.19565582,13.33333397,53.68646622,53.43792343,-
Sun Oct 29 17:54:41 EDT 2017,29-Oct-2017 17:54:41.005,-76.19552093,36.87078838,24.25,3.0,-34.29999923706055,167.5,-0.07661445,8.73404789,3.10288548,-0.03526155,-,22.74509811,-0.05618177,-,-,60.79999924,52.62194443,1864,-,-112.5328064,36.87078857,-76.19551849,14.50980377,54.24570084,53.43792343,-
Sun Oct 29 17:54:43 EDT 2017,29-Oct-2017 17:54:42.869,-76.19541857,36.87036194,24.25,3.0,-34.099998474121094,169.6,-0.19153613,9.0788126,3.21780705,0.0205116,-,21.56862831,-0.0175956,-,-,60.79999924,52.62391663,1880,-,-111.87663269,36.87036133,-76.19541931,12.94117641,54.24570084,54.05929184,29.78828049
Sun Oct 29 17:54:45 EDT 2017,29-Oct-2017 17:54:44.678,-76.19532778,36.86993635,24.25,3.0,-33.400001525878906,171.5,-0.11492168,9.19373417,3.17949986,0.01071024,-,22.35294151,-0.07835676,-,-,60.79999924,52.62588501,1878,-,-109.58005524,36.8699379,-76.19532776,14.11764717,54.24570084,54.05929184,29.78828049
Sun Oct 29 17:54:46 EDT 2017,29-Oct-2017 17:54:46.481,-76.19528528,36.86971341,24.5,3.0,-32.900001525878906,172.5,0.03830723,9.34696388,2.98796368,0.02605504,-,22.35294151,0.03338587,-,-,60.79999924,52.62784195,1891,-,-107.93963623,36.86971283,-76.19528198,14.50980377,54.80493546,54.05929184,-
Sun Oct 29 17:54:48 EDT 2017,29-Oct-2017 17:54:48.275,-76.19522805,36.86927338,24.5,3.0,-32.599998474121094,175.0,0.11492168,8.81066227,3.10288548,-0.02872878,-,21.56862831,-0.06934465,-,-,60.79999924,52.63064957,1914,-,-106.95537567,36.86927414,-76.19522858,12.54901981,54.80493546,54.68066406,29.44981003
Sun Oct 29 17:54:50 EDT 2017,29-Oct-2017 17:54:50.224,-76.19519631,36.86883622,24.5,4.0,-32.5,176.6,0.34476504,8.6957407,3.29442143,-0.02565709,-,17.64705849,-0.05112693,-,-,60.79999924,52.63344574,1890,-,-106.62729645,36.86883545,-76.19519806,10.58823586,54.80493546,54.68066406,29.44981003
Sun Oct 29 17:54:52 EDT 2017,29-Oct-2017 17:54:51.854,-76.19518796,36.86840039,24.25,4.0,-32.0,179.3,0.03830723,8.08282471,2.87304211,-0.10655165,-,18.4313736,-0.1252529,-,-,60.79999924,52.63539124,1876,-,-104.98687744,36.86840057,-76.19519043,9.4117651,54.24570084,54.05929184,-
Sun Oct 29 17:54:53 EDT 2017,29-Oct-2017 17:54:53.636,-76.19519381,36.86818572,24.0,4.0,-31.799999237060547,180.9,-0.2681506,9.0788126,3.33272886,0.005229,-,20,-0.02804211,-,-,60.79999924,52.63648224,1846,-,-104.33070374,36.86818695,-76.19519043,10.58823586,53.68646622,53.43792343,-
Sun Oct 29 17:54:55 EDT 2017,29-Oct-2017 17:54:55.434,-76.19521662,36.86775431,24.0,4.0,-31.899999618530273,182.6,-0.42137951,9.00219822,2.83473492,-0.01245706,-,21.96078491,-0.05480857,-,-,60.79999924,52.63757324,1845,-,-104.65879059,36.86775589,-76.19521332,12.94117641,53.68646622,53.43792343,-
Sun Oct 29 17:54:57 EDT 2017,29-Oct-2017 17:54:57.241,-76.19524223,36.86732684,23.75,4.0,-31.799999237060547,182.8,-0.2681506,8.88727665,3.17949986,-0.00406972,-,21.96078491,-0.03711136,-,-,60.79999924,52.63865662,1901,-,-104.33070374,36.86732864,-76.19524384,13.72549057,53.12723541,53.43792343,-
Sun Oct 29 17:54:59 EDT 2017,29-Oct-2017 17:54:59.052,-76.19527186,36.86688977,24.25,4.0,-31.899999618530273,182.8,-0.11492168,8.92558384,3.17949986,-0.01507974,-,22.35294151,-0.03374976,-,-,60.79999924,52.64058304,1879,-,-104.65879059,36.86688995,-76.19527435,13.72549057,54.24570084,54.05929184,29.90271759
Sun Oct 29 17:55:01 EDT 2017,29-Oct-2017 17:55:00.888,-76.19530725,36.86645093,24.25,4.0,-31.5,183.3,-0.42137951,8.50420475,3.52426481,-0.04163432,-,18.8235302,-0.06031337,-,-,60.79999924,52.64250183,1902,-,-103.34645844,36.86645126,-76.19530487,8.23529434,54.24570084,54.05929184,29.90271759
Sun Oct 29 17:55:04 EDT 2017,29-Oct-2017 17:55:03.942,-76.19534356,36.8657949,24.25,4.0,-30.700000762939453,182.5,-0.2681506,8.92558384,3.14119267,-0.01090279,-,18.8235302,-0.0391419,-,-,60.79999924,52.64441681,1875,-,-100.7217865,36.86579514,-76.19534302,8.23529434,54.24570084,54.05929184,-
Sun Oct 29 17:55:05 EDT 2017,29-Oct-2017 17:55:06.021,-76.19535787,36.86557741,24.25,4.0,-30.600000381469727,182.8,-0.19153613,9.27034855,3.10288548,0.01571018,-,18.8235302,-0.00294935,-,-,60.79999924,52.64716339,1918,-,-100.39369965,36.8655777,-76.19535828,8.23529434,54.24570084,54.68066406,-
Sun Oct 29 17:55:08 EDT 2017,29-Oct-2017 17:55:07.847,-76.1953936,36.86491277,24.5,3.0,-29.399999618530273,183.3,-0.49799395,8.96389103,3.25611424,-0.01926592,-,21.96078491,-0.02617571,-,-,60.79999924,52.64990234,1930,-,-96.45669556,36.86491394,-76.19539642,13.33333397,54.80493546,54.68066406,-
Sun Oct 29 17:55:10 EDT 2017,29-Oct-2017 17:55:09.666,-76.19542176,36.86446902,24.75,3.0,-28.799999237060547,183.4,-0.42137951,9.15542698,3.06457806,0.01870416,-,21.96078491,-0.01455607,-,-,60.79999924,52.65263748,1927,-,-94.4881897,36.86446762,-76.19541931,13.72549057,55.36417389,54.68066406,-
Sun Oct 29 17:55:11 EDT 2017,29-Oct-2017 17:55:11.488,-76.19543527,36.86424464,24.75,3.0,-29.200000762939453,184.1,-0.42137951,9.42357826,3.21780705,0.0349763,-,21.96078491,0.01632343,-,-,60.79999924,52.65536499,1928,-,-95.80052948,36.86424637,-76.19543457,13.33333397,55.36417389,54.68066406,-
Sun Oct 29 17:55:13 EDT 2017,29-Oct-2017 17:55:13.304,-76.19547884,36.86380613,24.5,5.0,-29.399999618530273,184.4,-0.22984336,8.96389103,3.33272886,-0.01654651,-,21.96078491,-0.02452404,-,-,60.79999924,52.65808105,1935,-,-96.45669556,36.86380768,-76.19548035,14.11764717,54.80493546,54.68066406,-
Sun Oct 29 17:55:15 EDT 2017,29-Oct-2017 17:55:15.132,-76.19552739,36.86336669,24.5,3.0,-30.0,185.3,-0.57460839,9.42357826,3.17949986,0.0345034,-,21.17647171,0.01585039,-,-,60.79999924,52.66078949,1928,-,-98.42519379,36.86336517,-76.19552612,12.54901981,54.80493546,54.68066406,-
Sun Oct 29 17:55:17 EDT 2017,29-Oct-2017 17:55:16.951,-76.19557183,36.8629259,24.5,3.0,-29.899999618530273,184.0,-0.5363012,9.34696388,3.29442143,0.01282351,-,21.56862831,0.01207317,-,-,60.79999924,52.66349792,1923,-,-98.09711456,36.86292648,-76.1955719,12.94117641,54.80493546,54.68066406,-
Sun Oct 29 17:55:19 EDT 2017,29-Oct-2017 17:55:18.770,-76.1956037,36.86248572,24.25,3.0,-30.299999237060547,183.2,-0.42137951,9.00219822,3.14119267,-0.00813508,-,20,-0.02680267,-,-,60.79999924,52.6661911,1914,-,-99.40944672,36.86248398,-76.19560242,11.37254906,54.24570084,54.68066406,-
Sun Oct 29 17:55:20 EDT 2017,29-Oct-2017 17:55:20.576,-76.19562424,36.86227136,24.0,3.0,-30.600000381469727,183.4,-0.68953007,8.92558384,3.29442143,-0.00043789,-,21.56862831,-0.027281,-,-,60.79999924,52.66805267,1873,-,-100.39369965,36.86227036,-76.19562531,12.94117641,53.68646622,54.05929184,-
Sun Oct 29 17:55:22 EDT 2017,29-Oct-2017 17:55:22.406,-76.19565405,36.86183915,24.25,3.0,-29.799999237060547,183.0,-0.03830723,9.73003578,3.21780705,0.06368726,-,23.52941132,0.04504417,-,-,60.79999924,52.66990662,1883,-,-97.76902771,36.86183929,-76.19565582,15.68627453,54.24570084,54.05929184,-
Sun Oct 29 17:55:24 EDT 2017,29-Oct-2017 17:55:24.227,-76.19566847,36.86140033,24.75,3.0,-29.299999237060547,182.3,-0.34476504,9.61511421,2.9113493,0.00081812,-,24.31372643,0.02503156,-,-,60.79999924,52.67258453,1926,-,-96.1286087,36.8614006,-76.19567108,16.07843208,55.36417389,54.68066406,29.25032997
Sun Oct 29 17:55:26 EDT 2017,29-Oct-2017 17:55:26.053,-76.19568647,36.86095486,24.5,4.0,-29.700000762939453,182.8,-0.68953007,9.00219822,3.14119267,-0.00654548,-,21.56862831,-0.02521255,-,-,60.79999924,52.67525482,1916,-,-97.44094849,36.86095428,-76.19568634,12.94117641,54.80493546,54.68066406,29.25032997
Sun Oct 29 17:55:28 EDT 2017,29-Oct-2017 17:55:27.867,-76.19570778,36.86051045,24.75,4.0,-28.200000762939453,181.7,-0.84275901,8.73404789,3.14119267,-0.00220828,-,22.35294151,-0.04963258,-,-,60.79999924,52.6779213,1924,-,-92.51969147,36.86051178,-76.19570923,13.72549057,55.36417389,54.68066406,-
Sun Oct 29 17:55:30 EDT 2017,29-Oct-2017 17:55:29.700,-76.19571572,36.86007314,24.5,3.0,-27.899999618530273,180.6,-0.49799395,8.77235508,3.25611424,-0.02581096,-,17.25490189,-0.04448462,-,-,60.79999924,52.68057251,1926,-,-91.53543091,36.86007309,-76.19571686,7.84313726,54.80493546,54.68066406,-
Sun Oct 29 17:55:31 EDT 2017,29-Oct-2017 17:55:31.459,-76.19572149,36.85985788,24.25,3.0,-28.5,180.8,-0.2681506,9.19373417,2.79642749,0.01280922,-,25.49019623,-0.05727368,-,-,60.79999924,52.68239975,1877,-,-93.50393677,36.85985947,-76.19572449,17.25490189,54.24570084,54.05929184,-
Sun Oct 29 17:55:33 EDT 2017,29-Oct-2017 17:55:33.287,-76.19572269,36.85942258,23.75,3.0,-27.700000762939453,182.7,-0.42137951,9.46188545,3.02627087,0.03255707,-,25.09803963,-0.02375787,-,-,60.79999924,52.68504333,1908,-,-90.87926483,36.85942078,-76.19572449,17.25490189,53.12723541,54.68066406,29.49404144
Sun Oct 29 17:55:35 EDT 2017,29-Oct-2017 17:55:35.076,-76.1957458,36.85898628,24.25,4.0,-29.200000762939453,182.8,-0.22984336,9.15542698,2.98796368,0.00251972,-,22.74509811,-0.01766555,-,-,60.79999924,52.68767929,1903,-,-95.80052948,36.8589859,-76.19574738,13.72549057,54.24570084,54.68066406,29.49404144
Sun Oct 29 17:55:37 EDT 2017,29-Oct-2017 17:55:36.890,-76.19576386,36.85853954,24.25,5.0,-28.399999618530273,182.6,-0.42137951,9.00219822,2.98796368,-0.01316363,-,24.31372643,-0.03183296,-,-,60.79999924,52.68949127,1881,-,-93.17584991,36.85853958,-76.19576263,16.07843208,54.24570084,54.05929184,-
Sun Oct 29 17:55:39 EDT 2017,29-Oct-2017 17:55:38.680,-76.19578961,36.85810998,24.0,6.0,-28.0,183.0,-0.45968673,8.88727665,2.98796368,-0.02408046,-,28.23529434,-0.11786184,-,-,60.79999924,52.69129181,1895,-,-91.86351776,36.85810852,-76.19579315,19.6078434,53.68646622,54.05929184,-
Sun Oct 29 17:55:40 EDT 2017,29-Oct-2017 17:55:40.467,-76.19580288,36.85788787,24.25,4.0,-28.200000762939453,183.2,0.65122288,8.35097599,3.63918662,-0.05003983,-,27.84313774,-0.14795384,-,-,60.79999924,52.69391632,1943,-,-92.51969147,36.85788727,-76.19580078,20,54.24570084,54.68066406,29.85918236
Sun Oct 29 17:55:42 EDT 2017,29-Oct-2017 17:55:42.284,-76.1958364,36.85744568,24.25,4.0,-27.100000381469727,183.4,0.03830723,8.61912632,2.41335535,-0.03424385,-,24.70588303,-0.01222073,-,-,60.79999924,52.6973381,1943,-,-88.91075897,36.85744476,-76.19583893,16.47058868,54.24570084,55.30203629,29.32369041
Sun Oct 29 17:55:44 EDT 2017,29-Oct-2017 17:55:44.067,-76.19586043,36.85699653,24.75,4.0,-26.600000381469727,182.8,-0.22984336,8.92558384,3.67749381,0.00332546,-,16.86274529,-0.01533827,-,-,60.79999924,52.70075989,1938,-,-87.27033997,36.85699463,-76.19586182,7.45098066,55.36417389,55.30203629,29.32369041
Sun Oct 29 17:55:46 EDT 2017,29-Oct-2017 17:55:45.833,-76.19589133,36.85656182,24.25,3.0,-28.100000381469727,182.9,-0.03830723,9.0788126,2.94965649,-0.00601113,-,20,-0.04772387,-,-,60.79999924,52.70253754,1886,-,-92.19160461,36.85656357,-76.19589233,10.58823586,54.24570084,54.05929184,-
Sun Oct 29 17:55:48 EDT 2017,29-Oct-2017 17:55:47.672,-76.19591848,36.85612841,24.25,3.0,-27.5,182.9,0.11492168,8.92558384,2.87304211,-0.01916971,-,23.52941132,-0.05117517,-,-,60.79999924,52.70431519,1887,-,-90.22309875,36.85612869,-76.19591522,15.29411793,54.24570084,54.05929184,-
Sun Oct 29 17:55:49 EDT 2017,29-Oct-2017 17:55:49.434,-76.19593641,36.85591033,24.5,3.0,-27.399999618530273,182.8,-0.2681506,9.0788126,3.29442143,0.00389069,-,19.6078434,-0.02464919,-,-,60.79999924,52.70689774,1901,-,-89.8950119,36.85591125,-76.19593811,9.4117651,54.80493546,54.68066406,30.76123238
Sun Oct 29 17:55:51 EDT 2017,29-Oct-2017 17:55:51.205,-76.19596953,36.85546809,24.75,3.0,-26.700000762939453,182.9,-0.34476504,7.92959595,3.21780705,-0.00134087,-,16.86274529,-0.12665825,-,-,60.79999924,52.70947266,1901,-,-87.59842682,36.85546875,-76.19596863,7.45098066,55.36417389,54.68066406,30.76123238
Sun Oct 29 17:55:53 EDT 2017,29-Oct-2017 17:55:52.984,-76.19598676,36.85501755,24.5,3.0,-24.799999237060547,182.8,-0.11492168,9.69172859,3.37103605,0.06506568,-,20.7843132,0.03379185,-,-,60.79999924,52.71204376,1891,-,-81.36483002,36.85501862,-76.19598389,10.98039246,54.80493546,54.68066406,-
Sun Oct 29 17:55:55 EDT 2017,29-Oct-2017 17:55:55.012,-76.19602081,36.85456938,24.75,3.0,-26.100000381469727,182.9,-0.9576807,8.81066227,3.21780705,-0.01987493,-,16.86274529,-0.03854657,-,-,60.79999924,52.71541977,1905,-,-85.62992096,36.85456848,-76.19602203,7.45098066,55.36417389,55.30203629,30.05643845
Sun Oct 29 17:55:57 EDT 2017,29-Oct-2017 17:55:56.755,-76.19605379,36.85412855,24.5,3.0,-27.5,183.0,-0.30645782,9.19373417,3.52426481,0.02316338,-,16.07843208,-0.0285289,-,-,60.79999924,52.7179718,1886,-,-90.22309875,36.85412979,-76.19605255,6.66666698,54.80493546,54.68066406,30.05643845
Sun Oct 29 17:55:59 EDT 2017,29-Oct-2017 17:55:58.594,-76.19608063,36.85368578,24.0,3.0,-24.0,183.0,-0.68953007,9.15542698,3.52426481,0.02149922,-,18.03921509,-0.00794323,-,-,60.79999924,52.71971512,1861,-,-78.74015808,36.85368729,-76.19608307,10.1960783,53.68646622,54.05929184,-
Sun Oct 29 17:56:00 EDT 2017,29-Oct-2017 17:56:00.504,-76.19609353,36.85346732,24.0,3.0,-23.799999237060547,183.0,-0.49799395,9.11711979,3.37103605,-0.01201055,-,18.03921509,-0.0386418,-,-,60.79999924,52.7206459,1861,-,-78.08398438,36.85346603,-76.1960907,8.62745094,53.68646622,53.43792343,-
Sun Oct 29 17:56:02 EDT 2017,29-Oct-2017 17:56:02.268,-76.19612248,36.85303655,23.75,3.0,-24.399999618530273,182.6,-0.5363012,9.00219822,3.14119267,-0.0075475,-,20.7843132,-0.0444926,-,-,60.79999924,52.72157669,1847,-,-80.05249023,36.85303497,-76.19612122,11.76470566,53.12723541,53.43792343,-
Sun Oct 29 17:56:04 EDT 2017,29-Oct-2017 17:56:04.138,-76.19614749,36.85260649,23.75,3.0,-25.600000381469727,182.8,-0.49799395,9.19373417,3.25611424,0.01451612,-,20,-0.00414377,-,-,60.79999924,52.72249985,1872,-,-83.98950195,36.85260773,-76.1961441,10.98039246,53.12723541,53.43792343,-
Sun Oct 29 17:56:06 EDT 2017,29-Oct-2017 17:56:05.975,-76.19616248,36.85217238,23.75,3.0,-25.700000762939453,182.9,-0.15322891,9.04050541,3.44765043,0.00542223,-,19.2156868,-0.01324074,-,-,60.79999924,52.72262573,1836,-,-84.31758881,36.85217285,-76.19615936,10.1960783,53.12723541,52.81655121,-
Sun Oct 29 17:56:08 EDT 2017,29-Oct-2017 17:56:07.827,-76.19618761,36.85174776,23.5,3.0,-25.200000762939453,183.0,-0.38307226,8.96389103,3.33272886,-0.01449039,-,20.3921566,-0.02558048,-,-,60.79999924,52.72274399,1836,-,-82.6771698,36.85174942,-76.19618988,11.37254906,52.56800079,52.81655121,-
Sun Oct 29 17:56:10 EDT 2017,29-Oct-2017 17:56:09.647,-76.19621277,36.85132818,23.0,3.0,-27.399999618530273,183.5,-0.49799395,8.84896946,3.02627087,-0.02632195,-,20.3921566,-0.04499577,-,-,60.79999924,52.72206497,1825,-,-89.8950119,36.8513298,-76.19621277,12.15686321,51.44953156,52.19517899,-
Sun Oct 29 17:56:11 EDT 2017,29-Oct-2017 17:56:11.507,-76.19622866,36.85112082,23.0,4.0,-28.0,183.5,-0.30645782,9.23204136,3.29442143,0.01869655,-,20,-0.01035333,-,-,60.79999924,52.72058487,1805,-,-91.86351776,36.85112,-76.19622803,10.98039246,51.44953156,51.57381058,-
Sun Oct 29 17:56:13 EDT 2017,29-Oct-2017 17:56:13.345,-76.19625223,36.85071221,23.0,3.0,-29.100000381469727,182.5,-0.11492168,8.42759037,3.25611424,-0.03156479,-,19.6078434,-0.07020582,-,-,60.79999924,52.7191124,1786,-,-95.47244263,36.85071182,-76.19625092,10.98039246,51.44953156,51.57381058,-
Sun Oct 29 17:56:15 EDT 2017,29-Oct-2017 17:56:15.186,-76.19628327,36.85029792,23.0,3.0,-28.700000762939453,182.6,-0.38307226,8.84896946,3.40934324,-0.01354182,-,18.03921509,-0.03873703,-,-,60.79999924,52.71684647,1769,-,-94.16011047,36.85029602,-76.19628143,10.1960783,51.44953156,50.95243835,-
Sun Oct 29 17:56:17 EDT 2017,29-Oct-2017 17:56:17.015,-76.19630609,36.84989368,22.5,4.0,-28.600000381469727,183.2,-0.30645782,8.84896946,3.44765043,-0.01241553,-,16.07843208,-0.01728501,-,-,60.79999924,52.71298981,1736,-,-93.83202362,36.84989548,-76.19630432,6.66666698,50.33106613,49.70969391,-
Sun Oct 29 17:56:19 EDT 2017,29-Oct-2017 17:56:18.837,-76.19634787,36.84950033,22.0,3.0,-29.899999618530273,185.3,0.49799395,8.27436066,2.68150592,0.01310773,-,20.7843132,0.03058395,-,-,60.79999924,52.70835114,1704,-,-98.09711456,36.84949875,-76.1963501,11.76470566,49.21259689,49.0883255,-
Sun Oct 29 17:56:21 EDT 2017,29-Oct-2017 17:56:20.667,-76.19645187,36.84911087,22.0,3.0,-29.899999618530273,192.9,0.5363012,9.46188545,3.02627087,0.03312105,-,21.56862831,-0.00647549,-,-,60.79999924,52.70372009,1712,-,-98.09711456,36.84910965,-76.19644928,12.15686321,49.21259689,49.0883255,-
Sun Oct 29 17:56:22 EDT 2017,29-Oct-2017 17:56:22.517,-76.19652185,36.84892424,22.25,3.0,-29.5,198.5,0.8810662,8.96389103,2.83473492,-0.00078075,-,25.49019623,-0.17886016,-,-,60.79999924,52.69910049,1705,-,-96.78477478,36.84892273,-76.19652557,18.4313736,49.77183151,49.0883255,-
Sun Oct 29 17:56:24 EDT 2017,29-Oct-2017 17:56:24.345,-76.19670136,36.84855673,22.0,5.0,-29.299999237060547,202.8,1.07260239,9.95987892,3.40934324,0.09766895,-,21.56862831,0.02259483,-,-,60.79999924,52.69528961,1733,-,-96.1286087,36.84855652,-76.19670105,11.76470566,49.21259689,49.70969391,29.31233978
Sun Oct 29 17:56:26 EDT 2017,29-Oct-2017 17:56:26.138,-76.19699512,36.84823851,22.25,3.0,-30.100000381469727,216.7,1.22583127,7.85298157,2.79642749,-0.12211376,-,16.07843208,0.05839914,-,-,60.79999924,52.69069672,1711,-,-98.75328064,36.8482399,-76.1969986,6.66666698,49.77183151,49.0883255,29.31233978
Sun Oct 29 17:56:28 EDT 2017,29-Oct-2017 17:56:27.965,-76.1973146,36.84795901,20.75,3.0,-30.200000762939453,225.8,0.72783732,8.92558384,3.06457806,-0.04418359,-,15.29411793,-0.02941674,-,-,60.79999924,52.68374252,1649,-,-99.08136749,36.84795761,-76.1973114,5.88235283,46.41642761,47.22420883,-
Sun Oct 29 17:56:30 EDT 2017,29-Oct-2017 17:56:29.786,-76.19764042,36.84773854,19.5,3.0,-29.899999618530273,231.8,-0.8810662,9.23204136,3.98395157,0.04789895,-,14.90196133,0.02925049,-,-,60.79999924,52.67285538,1490,-,-98.09711456,36.84774017,-76.19763947,5.49019623,43.62025452,44.11735535,-
Sun Oct 29 17:56:32 EDT 2017,29-Oct-2017 17:56:31.607,-76.19796211,36.84751965,18.75,3.0,-31.100000381469727,227.7,-1.57059634,8.84896946,3.56257224,-0.01705014,-,15.68627453,-0.01417672,-,-,60.79999924,52.66042328,1477,-,-102.03411865,36.84751892,-76.1979599,5.88235283,41.94255447,42.8746109,-
Sun Oct 29 17:56:33 EDT 2017,29-Oct-2017 17:56:33.421,-76.19811763,36.84739327,19.0,3.0,-32.099998474121094,222.0,-2.94965649,10.07480049,4.32871675,0.17650956,-,16.07843208,0.15790501,-,-,60.79999924,52.64722824,1465,-,-105.31495667,36.84739304,-76.19812012,7.05882359,42.50178909,42.25324249,-
Sun Oct 29 17:56:35 EDT 2017,29-Oct-2017 17:56:35.247,-76.19837458,36.84710746,18.75,3.0,-34.099998474121094,209.5,-2.98796368,8.61912632,2.7581203,-0.00952315,-,25.09803963,-0.03208521,-,-,60.79999924,52.63486099,1494,-,-111.87663269,36.84710693,-76.19837189,16.47058868,41.94255447,42.8746109,29.79463959
Sun Oct 29 17:56:36 EDT 2017,29-Oct-2017 17:56:37.067,-76.19846668,36.84695203,18.75,4.0,-33.900001525878906,203.4,-2.29843354,11.07078838,3.14119267,0.13638023,-,40,0.08346166,-,-,60.79999924,52.62330627,1582,-,-111.22047424,36.84695053,-76.19846344,39.2156868,41.94255447,43.49598312,28.40410995
Sun Oct 29 17:56:39 EDT 2017,29-Oct-2017 17:56:38.887,-76.19855867,36.846424999999996,19.25,3.0,-33.5,178.5,-1.76213241,9.11711979,3.52426481,0.03145057,-,26.66666794,0.01279654,-,-,60.79999924,52.61256409,1633,-,-109.90813446,36.8464241,-76.19855499,19.2156868,43.0610199,44.11735535,27.80367088
Sun Oct 29 17:56:41 EDT 2017,29-Oct-2017 17:56:40.711,-76.19848968,36.84608534,19.0,3.0,-32.400001525878906,165.0,-2.10689759,9.15542698,2.9113493,0.04868669,-,24.31372643,0.00294057,-,-,60.79999924,52.60185623,1556,-,-106.29921722,36.84608459,-76.19848633,16.47058868,42.50178909,44.11735535,27.80367088
Sun Oct 29 17:56:42 EDT 2017,29-Oct-2017 17:56:42.524,-76.19842888,36.84592295,18.75,3.0,-31.5,157.2,-1.9153614,9.50019264,3.06457806,0.05512077,-,25.09803963,0.03647475,-,-,60.79999924,52.59038162,1543,-,-103.34645844,36.84592438,-76.19842529,16.86274529,41.94255447,43.49598312,-
Sun Oct 29 17:56:44 EDT 2017,29-Oct-2017 17:56:44.326,-76.19821702,36.845615,19.25,3.0,-28.0,142.7,-1.99197578,9.30865574,3.56257224,0.05510598,-,19.6078434,0.03645992,-,-,60.79999924,52.57816696,1525,-,-91.86351776,36.84561539,-76.1982193,11.37254906,43.0610199,42.8746109,-
Sun Oct 29 17:56:46 EDT 2017,29-Oct-2017 17:56:46.428,-76.19789862,36.845366,18.5,3.0,-24.100000381469727,128.0,-1.99197578,9.27034855,2.98796368,0.03241402,-,25.49019623,-0.03300783,-,-,60.79999924,52.56441498,1505,-,-79.06824493,36.84536743,-76.19789886,17.25490189,41.38331985,41.63187027,-
Sun Oct 29 17:56:48 EDT 2017,29-Oct-2017 17:56:48.234,-76.19754079,36.84519348,18.5,3.0,-20.5,115.3,-1.72382522,8.96389103,3.14119267,0.02788579,-,24.31372643,0.08447518,-,-,60.79999924,52.55147552,1838,-,-67.25721741,36.84519196,-76.19754028,14.11764717,41.38331985,42.25324249,20.60013962
Sun Oct 29 17:56:50 EDT 2017,29-Oct-2017 17:56:50.042,-76.19713898,36.84509892,19.0,3.0,-20.0,102.3,-0.19153613,9.23204136,2.87304211,0.00479597,-,23.52941132,-0.01386726,-,-,60.79999924,52.5385704,1853,-,-65.6167984,36.8451004,-76.19713593,14.90196133,42.50178909,42.25324249,20.60013962
Sun Oct 29 17:56:52 EDT 2017,29-Oct-2017 17:56:51.882,-76.19671294,36.84504824,19.5,3.0,-18.700000762939453,96.9,-0.2681506,8.73404789,3.06457806,-0.03729945,-,21.17647171,-0.05574536,-,-,60.79999924,52.5272522,1919,-,-61.35170746,36.845047,-76.19671631,12.94117641,43.62025452,43.49598312,46.50091171
Sun Oct 29 17:56:54 EDT 2017,29-Oct-2017 17:56:53.688,-76.19627162,36.84501099,20.5,3.0,-20.299999237060547,94.5,-0.11492168,8.35097599,3.33272886,-0.06436718,-,23.92156982,-0.08305404,-,-,60.79999924,52.51751709,2055,-,-66.6010437,36.84501266,-76.1962738,16.07843208,45.85719299,44.73872757,45.20524597
Sun Oct 29 17:56:55 EDT 2017,29-Oct-2017 17:56:55.514,-76.19603755,36.84500317,20.75,3.0,-20.0,93.2,0,8.27436066,2.79642749,-0.06071152,-,20,-0.10936649,-,-,60.79999924,52.51013184,2004,-,-65.6167984,36.84500504,-76.19603729,9.8039217,46.41642761,46.60284042,72.47073364
Sun Oct 29 17:56:57 EDT 2017,29-Oct-2017 17:56:57.335,-76.19556133,36.84499354,21.5,3.0,-20.299999237060547,89.6,-0.2681506,8.61912632,2.94965649,-0.02959233,-,19.6078434,-0.07064902,-,-,60.79999924,52.50354385,1682,-,-66.6010437,36.84499359,-76.19556427,8.62745094,48.09413147,47.22420883,29.00548935
Sun Oct 29 17:56:59 EDT 2017,29-Oct-2017 17:56:59.144,-76.19506887,36.84500669,21.75,3.0,-20.799999237060547,86.8,-0.49799395,9.15542698,3.10288548,0.00572366,-,22.35294151,-0.0129393,-,-,60.79999924,52.49851227,1663,-,-68.24147034,36.84500504,-76.19506836,13.72549057,48.65336227,48.46695328,60.21760178
Sun Oct 29 17:57:01 EDT 2017,29-Oct-2017 17:57:00.963,-76.19457727,36.84504816,22.75,3.0,-23.200000762939453,83.2,-0.76614451,9.61511421,3.37103605,-0.0419789,-,22.74509811,0.04191485,-,-,60.79999924,52.49581909,1731,-,-76.11548615,36.845047,-76.19458008,13.72549057,50.89030075,50.33106613,90.91281128
Sun Oct 29 17:57:03 EDT 2017,29-Oct-2017 17:57:03.128,-76.19405743,36.84511003,23.5,4.0,-23.299999237060547,80.4,-0.68953007,9.27034855,3.37103605,-0.01887272,-,22.74509811,0.00809262,-,-,60.79999924,52.49621964,1818,-,-76.44356537,36.84511185,-76.19405365,9.8039217,52.56800079,52.81655121,120.98194885
Sun Oct 29 17:57:06 EDT 2017,29-Oct-2017 17:57:05.828,-76.19328746,36.84527324,24.0,3.0,-24.299999237060547,72.9,-0.03830723,8.96389103,3.52426481,0.02053307,-,22.74509811,-0.01782084,-,-,60.79999924,52.49738312,1840,-,-79.72440338,36.84527206,-76.19329071,9.8039217,53.68646622,53.43792343,-
Sun Oct 29 17:57:07 EDT 2017,29-Oct-2017 17:57:07.451,-76.19303029,36.84533694,24.0,5.0,-24.5,72.9,0.61291564,9.34696388,2.87304211,0.03208516,-,24.70588303,-0.00090825,-,-,60.79999924,52.49778366,1871,-,-80.38057709,36.84533691,-76.19303131,16.47058868,53.68646622,52.81655121,-
Sun Oct 29 17:57:09 EDT 2017,29-Oct-2017 17:57:09.259,-76.1925032,36.84545511,24.0,4.0,-22.899999618530273,73.9,0,8.81066227,3.10288548,-0.02880085,-,22.74509811,-0.11273941,-,-,60.79999924,52.49894333,1866,-,-75.13123322,36.84545517,-76.19250488,14.11764717,53.68646622,53.43792343,33.28805923
Sun Oct 29 17:57:11 EDT 2017,29-Oct-2017 17:57:11.075,-76.19198153,36.8455741,23.5,4.0,-23.5,76.9,-0.15322891,8.92558384,3.21780705,-0.01371165,-,22.74509811,-0.04128814,-,-,60.79999924,52.49933624,1859,-,-77.09973907,36.84557343,-76.19197845,14.11764717,52.56800079,52.81655121,33.28805923
Sun Oct 29 17:57:13 EDT 2017,29-Oct-2017 17:57:12.906,-76.19146331,36.84566289,23.75,4.0,-22.700000762939453,79.7,-0.45968673,9.11711979,2.98796368,-0.0018701,-,22.35294151,-0.05573728,-,-,60.79999924,52.49972534,1855,-,-74.47506714,36.84566116,-76.19145966,13.72549057,53.12723541,52.81655121,-
Sun Oct 29 17:57:15 EDT 2017,29-Oct-2017 17:57:14.709,-76.19095549,36.84573872,23.75,3.0,-23.100000381469727,80.8,-0.61291564,8.96389103,3.02627087,-0.01838057,-,25.49019623,-0.05443734,-,-,60.79999924,52.50011826,1841,-,-75.78739929,36.84573746,-76.19095612,16.07843208,53.12723541,52.81655121,-
Sun Oct 29 17:57:16 EDT 2017,29-Oct-2017 17:57:16.518,-76.19068299,36.8457668,24.0,3.0,-22.399999618530273,81.7,-0.11492168,10.72602367,3.52426481,0.16994375,-,23.52941132,-0.03997598,-,-,60.79999924,52.50127029,1851,-,-73.49081421,36.84576797,-76.19068146,15.29411793,53.68646622,53.43792343,29.58194351
Sun Oct 29 17:57:18 EDT 2017,29-Oct-2017 17:57:18.361,-76.19013371,36.84582974,24.25,3.0,-22.399999618530273,84.9,0.72783732,9.15542698,2.68150592,0.00481531,-,23.92156982,-0.00794329,-,-,60.79999924,52.5031929,1883,-,-73.49081421,36.84582901,-76.19013214,15.68627453,54.24570084,54.05929184,29.9713707
Sun Oct 29 17:57:20 EDT 2017,29-Oct-2017 17:57:20.196,-76.18958512,36.845860449999996,24.75,3.0,-24.200000762939453,89.6,0.2681506,9.38527107,3.06457806,0.02578706,-,20.3921566,-0.03084056,-,-,60.79999924,52.505867,1914,-,-79.39633179,36.84585953,-76.18958282,13.72549057,55.36417389,54.68066406,29.05270195
Sun Oct 29 17:57:22 EDT 2017,29-Oct-2017 17:57:21.922,-76.18903383,36.84584951,24.75,3.0,-26.100000381469727,91.4,-0.8810662,9.00219822,3.37103605,0.00299233,-,20.3921566,-0.0156715,-,-,60.79999924,52.50929642,1907,-,-85.62992096,36.84584808,-76.18903351,11.37254906,55.36417389,55.30203629,30.51081467
Sun Oct 29 17:57:24 EDT 2017,29-Oct-2017 17:57:23.686,-76.18847036,36.84583967,25.0,3.0,-26.399999618530273,89.0,-0.45968673,8.73404789,3.37103605,-0.01317644,-,18.8235302,-0.0405722,-,-,60.79999924,52.51272202,1923,-,-86.61417389,36.84584045,-76.18846893,9.8039217,55.92340851,55.30203629,30.51081467
Sun Oct 29 17:57:25 EDT 2017,29-Oct-2017 17:57:25.430,-76.18818683,36.84584407,24.75,3.0,-27.100000381469727,88.0,0.19153613,9.0788126,3.48595762,0.00104359,-,16.07843208,-0.00812782,-,-,60.79999924,52.51613235,1920,-,-88.91075897,36.84584427,-76.18818665,6.66666698,55.36417389,55.30203629,-
Sun Oct 29 17:57:27 EDT 2017,29-Oct-2017 17:57:27.216,-76.18762758,36.84585252,24.75,3.0,-27.799999237060547,89.1,0.03830723,9.30865574,3.33272886,0.02688438,-,18.8235302,0.00822872,-,-,60.79999924,52.51877975,1882,-,-91.20734406,36.8458519,-76.1876297,8.23529434,55.36417389,54.68066406,-
Sun Oct 29 17:57:29 EDT 2017,29-Oct-2017 17:57:28.956,-76.18708325,36.84585368,24.25,3.0,-28.200000762939453,89.3,-0.42137951,8.96389103,3.17949986,0.01859362,-,20,-0.02918881,-,-,60.79999924,52.5206604,1873,-,-92.51969147,36.8458519,-76.18708038,10.98039246,54.24570084,54.05929184,-
Sun Oct 29 17:57:31 EDT 2017,29-Oct-2017 17:57:31.028,-76.18654102,36.84585175,24.0,3.0,-29.0,89.3,-0.65122288,8.50420475,3.17949986,-0.05312425,-,23.52941132,-0.07180721,-,-,60.79999924,52.52178192,1862,-,-95.14435577,36.8458519,-76.1865387,15.29411793,53.68646622,53.43792343,-
Sun Oct 29 17:57:33 EDT 2017,29-Oct-2017 17:57:32.780,-76.186009,36.84585175,23.75,3.0,-27.600000381469727,89.5,-0.11492168,8.92558384,2.94965649,-0.0226872,-,23.52941132,-0.03578905,-,-,60.79999924,52.52289581,1876,-,-90.55118561,36.8458519,-76.18601227,14.11764717,53.12723541,53.43792343,-
Sun Oct 29 17:57:34 EDT 2017,29-Oct-2017 17:57:34.542,-76.18573545,36.84585395,24.25,3.0,-27.299999237060547,89.3,-0.34476504,9.23204136,2.56658411,-0.01211829,-,25.88235283,-0.02737513,-,-,60.79999924,52.52325058,1858,-,-89.56692505,36.84585571,-76.18573761,16.47058868,54.24570084,52.81655121,-
Sun Oct 29 17:57:36 EDT 2017,29-Oct-2017 17:57:36.323,-76.18520459,36.84585578,24.0,3.0,-25.5,89.7,-0.45968673,9.23204136,2.9113493,-0.01121887,-,23.92156982,-0.01178057,-,-,60.79999924,52.52436447,1866,-,-83.6614151,36.84585571,-76.18520355,15.68627453,53.68646622,53.43792343,31.37317085
Sun Oct 29 17:57:38 EDT 2017,29-Oct-2017 17:57:38.090,-76.18466588,36.8458503,23.75,3.0,-24.600000381469727,89.9,-0.65122288,8.73404789,2.94965649,-0.03893548,-,25.49019623,-0.02044215,-,-,60.79999924,52.52471924,1862,-,-80.70866394,36.8458519,-76.18466949,17.25490189,53.12723541,52.81655121,31.37317085
Sun Oct 29 17:57:40 EDT 2017,29-Oct-2017 17:57:39.910,-76.18413402,36.84584623,24.0,3.0,-24.200000762939453,89.9,-0.45968673,8.81066227,2.87304211,-0.03516358,-,25.09803963,-0.05103849,-,-,60.79999924,52.5258255,1880,-,-79.39633179,36.84584808,-76.18413544,16.47058868,53.68646622,53.43792343,29.26878929
Sun Oct 29 17:57:42 EDT 2017,29-Oct-2017 17:57:41.764,-76.18358787,36.84584362,24.0,3.0,-24.399999618530273,89.7,-0.42137951,9.38527107,3.29442143,0.0338425,-,25.09803963,0.01518927,-,-,60.79999924,52.52768326,1884,-,-80.05249023,36.84584427,-76.18358612,16.86274529,53.68646622,54.05929184,29.61114883
Sun Oct 29 17:57:44 EDT 2017,29-Oct-2017 17:57:43.596,-76.18303437,36.84583738,24.5,3.0,-24.200000762939453,89.7,-0.30645782,10.0364933,2.98796368,0.02236132,-,25.09803963,0.06828617,-,-,60.79999924,52.53028488,1904,-,-79.39633179,36.84583664,-76.1830368,16.86274529,54.80493546,54.68066406,29.52377319
Sun Oct 29 17:57:45 EDT 2017,29-Oct-2017 17:57:45.389,-76.18275813,36.8458383,24.75,3.0,-24.0,89.8,0.15322891,8.35097599,2.71981311,-0.05018563,-,23.92156982,-0.07145389,-,-,60.79999924,52.53363037,1936,-,-78.74015808,36.84583664,-76.18275452,16.47058868,55.36417389,55.30203629,29.57516289
Sun Oct 29 17:57:47 EDT 2017,29-Oct-2017 17:57:47.270,-76.1821874,36.84584839,25.25,3.0,-23.799999237060547,89.2,-0.34476504,8.92558384,3.25611424,-0.02060218,-,21.96078491,-0.03053359,-,-,60.79999924,52.53772354,1978,-,-78.08398438,36.84584808,-76.18218994,13.33333397,56.48263931,55.92340851,29.1764946
Sun Oct 29 17:57:49 EDT 2017,29-Oct-2017 17:57:49.067,-76.18161139,36.8458477,25.5,3.0,-25.200000762939453,89.5,-0.42137951,8.50420475,3.06457806,-0.03383053,-,21.96078491,-0.03768994,-,-,60.79999924,52.54254913,1973,-,-82.6771698,36.84584808,-76.18161011,13.33333397,57.04187393,56.54477692,29.16025734
Sun Oct 29 17:57:51 EDT 2017,29-Oct-2017 17:57:50.891,-76.1810313,36.84584977,26.0,4.0,-25.700000762939453,89.9,-0.2681506,8.88727665,3.75410819,0.00282961,-,16.86274529,-0.04557114,-,-,60.79999924,52.54811478,1993,-,-84.31758881,36.84584808,-76.18103027,7.45098066,58.16034317,57.16614914,29.89492607
Sun Oct 29 17:57:53 EDT 2017,29-Oct-2017 17:57:52.726,-76.1804519,36.84584745,25.5,4.0,-26.100000381469727,89.5,-0.19153613,8.84896946,3.52426481,0.00071118,-,17.25490189,-0.01397553,-,-,60.79999924,52.55291748,1942,-,-85.62992096,36.84584808,-76.18045044,7.84313726,57.04187393,56.54477692,29.89492607
Sun Oct 29 17:57:54 EDT 2017,29-Oct-2017 17:57:54.552,-76.18018277,36.8458516,25.25,3.0,-27.0,89.8,-0.42137951,8.84896946,3.37103605,-0.014772,-,16.47058868,-0.03344187,-,-,60.79999924,52.55696106,1940,-,-88.58267975,36.8458519,-76.18018341,7.45098066,56.48263931,55.92340851,-
Sun Oct 29 17:57:56 EDT 2017,29-Oct-2017 17:57:56.566,-76.17962532,36.84585406,24.75,3.0,-27.100000381469727,89.6,-0.2681506,9.53849983,2.87304211,0.03484124,-,25.09803963,0.01618825,-,-,60.79999924,52.56100082,1927,-,-88.91075897,36.84585571,-76.17962646,16.47058868,55.36417389,55.92340851,-
Sun Oct 29 17:57:58 EDT 2017,29-Oct-2017 17:57:58.390,-76.17906706,36.84585627,25.0,4.0,-27.799999237060547,89.6,-0.34476504,9.11711979,2.98796368,0.03244737,-,22.35294151,-0.02102641,-,-,60.79999924,52.5657692,1960,-,-91.20734406,36.84585571,-76.17906952,13.72549057,55.92340851,56.54477692,26.91358376
Sun Oct 29 17:58:00 EDT 2017,29-Oct-2017 17:58:00.252,-76.17848802,36.84585522,25.75,4.0,-27.799999237060547,90.2,-0.61291564,9.19373417,3.02627087,0.0076226,-,22.74509811,0.00553892,-,-,60.79999924,52.57052994,1987,-,-91.20734406,36.84585571,-76.17848969,13.72549057,57.60110855,56.54477692,26.91358376
Sun Oct 29 17:58:02 EDT 2017,29-Oct-2017 17:58:02.096,-76.17791659,36.84584182,25.5,4.0,-28.399999618530273,91.5,-0.19153613,9.15542698,3.21780705,0.00843203,-,23.13725471,-0.04078693,-,-,60.79999924,52.57527924,1984,-,-93.17584991,36.84584045,-76.17791748,14.90196133,57.04187393,56.54477692,-
Sun Oct 29 17:58:04 EDT 2017,29-Oct-2017 17:58:03.932,-76.17733988,36.84583237,26.0,4.0,-28.0,92.9,0.03830723,8.81066227,3.21780705,-0.02483767,-,21.56862831,-0.043511,-,-,60.79999924,52.58075333,1999,-,-91.86351776,36.84583282,-76.17733765,14.90196133,58.16034317,57.16614914,29.12890053
Sun Oct 29 17:58:06 EDT 2017,29-Oct-2017 17:58:05.756,-76.17675969,36.8458135,25.5,4.0,-27.899999618530273,94.0,-0.11492168,9.27034855,3.37103605,0.02459735,-,16.86274529,-0.0287174,-,-,60.79999924,52.58621979,1983,-,-91.53543091,36.84581375,-76.17675781,7.45098066,57.04187393,57.16614914,29.12890053
Sun Oct 29 17:58:08 EDT 2017,29-Oct-2017 17:58:07.604,-76.17620111,36.84577573,25.25,4.0,-29.5,95.6,0.45968673,9.11711979,2.9113493,-0.00427133,-,23.13725471,-0.01385179,-,-,60.79999924,52.59093094,1955,-,-96.78477478,36.8457756,-76.17620087,14.50980377,56.48263931,56.54477692,-
Sun Oct 29 17:58:09 EDT 2017,29-Oct-2017 17:58:09.467,-76.175952,36.84575354,25.25,3.0,-32.20000076293945,96.6,0,9.73003578,3.14119267,0.00926268,-,23.52941132,0.04261025,-,-,60.79999924,52.59563446,1970,-,-105.64304352,36.84575272,-76.1759491,14.90196133,56.48263931,56.54477692,-
Sun Oct 29 17:58:11 EDT 2017,29-Oct-2017 17:58:11.282,-76.17538109,36.84569133,25.5,3.0,-32.70000076293945,97.9,0.11492168,9.11711979,3.14119267,0.00205433,-,23.13725471,-0.0166098,-,-,60.79999924,52.60032272,1977,-,-107.28347015,36.84569168,-76.17538452,15.29411793,57.04187393,56.54477692,-
Sun Oct 29 17:58:13 EDT 2017,29-Oct-2017 17:58:13.126,-76.17482348,36.84561834,25.5,3.0,-31.799999237060547,99.3,-0.49799395,8.88727665,3.37103605,-0.00361847,-,17.25490189,-0.02941674,-,-,60.79999924,52.60500336,1963,-,-104.33070374,36.8456192,-76.17481995,7.84313726,57.04187393,56.54477692,-
Sun Oct 29 17:58:15 EDT 2017,29-Oct-2017 17:58:14.943,-76.17426721,36.84554124,25.0,3.0,-31.799999237060547,100.4,0.34476504,9.00219822,3.33272886,-0.00184673,-,20.3921566,-0.02051219,-,-,60.79999924,52.60893631,1937,-,-104.33070374,36.84554291,-76.17427063,11.37254906,55.92340851,55.92340851,-
Sun Oct 29 17:58:17 EDT 2017,29-Oct-2017 17:58:16.763,-76.17372339,36.84545414,25.0,3.0,-31.399999618530273,102.4,-0.15322891,8.84896946,3.17949986,-0.02237695,-,20.3921566,-0.04104944,-,-,60.79999924,52.61212158,1923,-,-103.01837158,36.84545517,-76.17372131,11.37254906,55.92340851,55.30203629,-
Sun Oct 29 17:58:18 EDT 2017,29-Oct-2017 17:58:18.572,-76.17345032,36.84540279,24.75,3.0,-31.700000762939453,102.6,0.34476504,9.0788126,3.06457806,-0.0036003,-,21.17647171,-0.02226633,-,-,60.79999924,52.61530304,1917,-,-104.00262451,36.84540176,-76.17344666,12.94117641,55.36417389,55.30203629,-
Sun Oct 29 17:58:20 EDT 2017,29-Oct-2017 17:58:20.406,-76.17291384,36.84529626,24.75,3.0,-31.299999237060547,105.1,0.03830723,8.46589756,3.10288548,-0.01974524,-,21.17647171,-0.080553,-,-,60.79999924,52.61774063,1967,-,-102.69028473,36.84529495,-76.1729126,13.72549057,55.36417389,54.68066406,-
Sun Oct 29 17:58:22 EDT 2017,29-Oct-2017 17:58:22.248,-76.17237551,36.84516835,24.75,3.0,-31.799999237060547,106.6,-0.19153613,8.6957407,2.79642749,-0.04967141,-,20,-0.06835324,-,-,60.79999924,52.62090683,1910,-,-104.33070374,36.84516907,-76.17237854,10.98039246,55.36417389,55.30203629,29.84663773
Sun Oct 29 17:58:24 EDT 2017,29-Oct-2017 17:58:24.065,-76.17185309,36.84504327,24.5,3.0,-31.799999237060547,107.9,0.22984336,8.88727665,3.21780705,0.00566342,-,19.6078434,-0.03589192,-,-,60.79999924,52.62333679,1902,-,-104.33070374,36.84504318,-76.17185211,10.98039246,54.80493546,54.68066406,29.84663773
Sun Oct 29 17:58:26 EDT 2017,29-Oct-2017 17:58:25.883,-76.17133808,36.84490128,24.5,5.0,-31.799999237060547,109.1,-0.07661445,8.88727665,2.87304211,-0.01148773,-,22.74509811,-0.04753961,-,-,60.79999924,52.6257515,1890,-,-104.33070374,36.84490204,-76.17134094,14.11764717,54.80493546,54.68066406,-
Sun Oct 29 17:58:28 EDT 2017,29-Oct-2017 17:58:27.698,-76.17083171,36.84474733,24.5,5.0,-32.5,110.6,0.11492168,8.92558384,2.94965649,-0.0226872,-,21.56862831,-0.03010872,-,-,60.79999924,52.62817001,1900,-,-106.62729645,36.84474564,-76.17082977,11.76470566,54.80493546,54.68066406,-
Sun Oct 29 17:58:29 EDT 2017,29-Oct-2017 17:58:29.535,-76.17058207,36.84466226,24.5,3.0,-33.099998474121094,111.8,0.15322891,9.04050541,3.25611424,-0.01040217,-,20.7843132,-0.02002938,-,-,60.79999924,52.63057709,1890,-,-108.59579468,36.84466171,-76.17058563,11.76470566,54.80493546,54.68066406,-
Sun Oct 29 17:58:31 EDT 2017,29-Oct-2017 17:58:31.344,-76.17009078,36.84449625,24.25,3.0,-33.400001525878906,113.5,-0.22984336,8.81066227,3.21780705,-0.01108027,-,22.74509811,-0.04323186,-,-,60.79999924,52.63225174,1886,-,-109.58005524,36.84449768,-76.17008972,14.50980377,54.24570084,54.05929184,-
Sun Oct 29 17:58:33 EDT 2017,29-Oct-2017 17:58:33.146,-76.16960563,36.84431676,24.25,3.0,-33.900001525878906,114.8,-0.22984336,9.23204136,3.21780705,0.01588607,-,20.3921566,-0.02410961,-,-,60.79999924,52.63392258,1888,-,-111.22047424,36.84431839,-76.16960907,11.76470566,54.24570084,54.05929184,-
Sun Oct 29 17:58:35 EDT 2017,29-Oct-2017 17:58:34.964,-76.16912794,36.84412802,24.0,3.0,-33.79999923706055,116.9,-0.07661445,9.46188545,3.14119267,0.03530639,-,20.7843132,-0.06913967,-,-,60.79999924,52.6355896,1876,-,-110.89238739,36.84412766,-76.16912842,10.98039246,53.68646622,54.05929184,-
Sun Oct 29 17:58:37 EDT 2017,29-Oct-2017 17:58:36.765,-76.16866043,36.84393133,24.25,3.0,-34.29999923706055,118.7,-0.30645782,9.00219822,2.94965649,-0.01177558,-,23.52941132,-0.02255514,-,-,60.79999924,52.63725281,1890,-,-112.5328064,36.84393311,-76.16866302,15.29411793,54.24570084,54.05929184,-
Sun Oct 29 17:58:38 EDT 2017,29-Oct-2017 17:58:38.583,-76.16842386,36.84381966,24.5,3.0,-34.0,119.6,0.2681506,9.15542698,3.17949986,0.00732946,-,22.35294151,-0.01133289,-,-,60.79999924,52.6389122,1895,-,-111.54855347,36.84381866,-76.16842651,14.50980377,54.80493546,54.05929184,-
Sun Oct 29 17:58:40 EDT 2017,29-Oct-2017 17:58:40.402,-76.16794745,36.84359902,24.5,3.0,-33.70000076293945,121.1,-0.2681506,9.00219822,3.17949986,0.01223572,-,21.96078491,-0.02607387,-,-,60.79999924,52.64129257,1908,-,-110.56430817,36.84359741,-76.16794586,12.94117641,54.80493546,54.68066406,29.62340164
Sun Oct 29 17:58:42 EDT 2017,29-Oct-2017 17:58:42.245,-76.16748699,36.84336374,24.5,4.0,-33.400001525878906,122.5,-0.07661445,8.50420475,3.63918662,-0.03803754,-,16.47058868,-0.03436584,-,-,60.79999924,52.64366913,1896,-,-109.58005524,36.84336472,-76.1674881,7.45098066,54.80493546,54.68066406,29.62340164
Sun Oct 29 17:58:44 EDT 2017,29-Oct-2017 17:58:44.048,-76.16704146,36.84311251,24.0,3.0,-33.20000076293945,124.0,-0.07661445,9.42357826,2.9113493,0.03021028,-,25.49019623,0.00578168,-,-,60.79999924,52.64531326,1876,-,-108.92388916,36.84311295,-76.16703796,16.86274529,53.68646622,54.05929184,-
Sun Oct 29 17:58:46 EDT 2017,29-Oct-2017 17:58:45.865,-76.16658784,36.84285533,24.25,4.0,-32.0,124.7,0.11492168,8.73404789,2.98796368,-0.03994769,-,23.92156982,-0.05862617,-,-,60.79999924,52.64767838,1919,-,-104.98687744,36.84285355,-76.16658783,16.86274529,54.24570084,54.68066406,29.56707001
Sun Oct 29 17:58:48 EDT 2017,29-Oct-2017 17:58:47.713,-76.16614276,36.84256745,24.5,3.0,-30.299999237060547,126.3,0.03830723,9.23204136,3.17949986,0.00139196,-,21.96078491,-0.04327971,-,-,60.79999924,52.65003586,1924,-,-99.40944672,36.84256744,-76.16614532,13.33333397,54.80493546,54.68066406,29.56707001
Sun Oct 29 17:58:49 EDT 2017,29-Oct-2017 17:58:49.547,-76.16592017,36.84243653,24.5,3.0,-30.0,126.6,-0.11492168,9.46188545,3.29442143,0.04037255,-,21.96078491,-0.03515625,-,-,60.79999924,52.65238571,1938,-,-98.42519379,36.84243774,-76.16591644,13.33333397,54.80493546,54.68066406,-
Sun Oct 29 17:58:51 EDT 2017,29-Oct-2017 17:58:51.354,-76.16547765,36.84216103,24.5,3.0,-27.899999618530273,126.8,-0.03830723,9.34696388,3.25611424,0.05254298,-,18.4313736,0.00931035,-,-,60.79999924,52.65473938,1904,-,-91.53543091,36.84215927,-76.16547394,11.76470566,54.80493546,54.68066406,-
Sun Oct 29 17:58:53 EDT 2017,29-Oct-2017 17:58:53.187,-76.16503915,36.8418917,24.0,3.0,-27.0,126.9,-0.15322891,9.15542698,3.29442143,0.01097929,-,21.17647171,-0.00768184,-,-,60.79999924,52.65564346,1863,-,-88.58267975,36.84189224,-76.16503906,10.98039246,53.68646622,53.43792343,-
Sun Oct 29 17:58:55 EDT 2017,29-Oct-2017 17:58:55.006,-76.16461127,36.84162522,23.25,3.0,-25.600000381469727,127.1,-0.19153613,9.34696388,3.10288548,0.01463777,-,21.96078491,0.00446093,-,-,60.79999924,52.65582657,1823,-,-83.98950195,36.84162521,-76.16461182,13.72549057,52.00876617,52.81655121,-
Sun Oct 29 17:58:57 EDT 2017,29-Oct-2017 17:58:56.823,-76.16419114,36.8413769,23.0,3.0,-25.0,127.2,-0.38307226,9.04050541,2.94965649,-0.01084256,-,21.17647171,-0.02951107,-,-,60.79999924,52.65457916,1792,-,-82.02099609,36.84137726,-76.1641922,13.33333397,51.44953156,51.57381058,-
Sun Oct 29 17:58:59 EDT 2017,29-Oct-2017 17:58:58.650,-76.1637905,36.84111806,22.0,3.0,-23.200000762939453,127.4,-0.30645782,8.84896946,3.21780705,-0.02066851,-,17.64705849,-0.03934043,-,-,60.79999924,52.65261841,1758,-,-76.11548615,36.84111786,-76.16378784,7.45098066,49.21259689,50.95243835,-
Sun Oct 29 17:59:00 EDT 2017,29-Oct-2017 17:59:00.502,-76.16359409,36.8410015,21.75,3.0,-23.700000762939453,127.1,-0.72783732,8.73404789,2.83473492,-0.00750944,-,21.56862831,-0.06070322,-,-,60.79999924,52.64851761,1694,-,-77.75590515,36.8409996,-76.16359711,10.58823586,48.65336227,49.0883255,-
Sun Oct 29 17:59:02 EDT 2017,29-Oct-2017 17:59:02.280,-76.16320482,36.84077279,21.5,3.0,-22.700000762939453,124.4,1.22583127,7.58483076,1.49398184,-0.18312526,-,27.45098114,-0.20185265,-,-,60.79999924,52.64299393,1742,-,-74.47506714,36.84077454,-76.16320801,18.8235302,48.09413147,47.84558105,-
Sun Oct 29 17:59:04 EDT 2017,29-Oct-2017 17:59:04.507,-76.16280715,36.84054801,22.25,3.0,-22.200000762939453,125.9,0.76614451,8.77235508,2.60489154,-0.03785509,-,27.45098114,-0.00546225,-,-,60.79999924,52.6389122,1731,-,-72.83464813,36.84054947,-76.16280365,18.8235302,49.77183151,49.0883255,60.10879135
Sun Oct 29 17:59:07 EDT 2017,29-Oct-2017 17:59:07.413,-76.16217222,36.84016321,24.0,3.0,-20.299999237060547,126.5,0.34476504,8.73404789,2.94965649,-0.04062033,-,27.45098114,-0.05929909,-,-,60.79999924,52.6389122,1902,-,-66.6010437,36.84016418,-76.16217041,18.8235302,53.68646622,53.43792343,60.10879135
Sun Oct 29 17:59:09 EDT 2017,29-Oct-2017 17:59:08.929,-76.161743,36.83990864,24.0,3.0,-18.899999618530273,126.9,-0.11492168,9.0788126,3.06457806,-0.00416207,-,21.96078491,-0.01916559,-,-,60.79999924,52.63983154,1873,-,-62.00787354,36.8399086,-76.16174316,13.72549057,53.68646622,53.43792343,-
Sun Oct 29 17:59:11 EDT 2017,29-Oct-2017 17:59:10.729,-76.16131211,36.83964622,24.0,3.0,-18.799999237060547,127.2,-0.15322891,9.50019264,3.25611424,0.00766267,-,21.17647171,0.02044385,-,-,60.79999924,52.64074326,1888,-,-61.67978668,36.83964539,-76.16131592,12.54901981,53.68646622,53.43792343,-
Sun Oct 29 17:59:12 EDT 2017,29-Oct-2017 17:59:12.530,-76.16109431,36.83951529,24.0,3.0,-19.100000381469727,126.9,0.19153613,8.88727665,2.9113493,-0.02748859,-,22.74509811,-0.04616285,-,-,60.79999924,52.64236832,1879,-,-62.66404343,36.83951569,-76.16109467,14.50980377,53.68646622,54.05929184,30.21923828
Sun Oct 29 17:59:14 EDT 2017,29-Oct-2017 17:59:14.301,-76.16065498,36.83925092,24.5,3.0,-19.700000762939453,127.3,-0.22984336,8.73404789,3.715801,-0.01317149,-,16.86274529,-0.03184084,-,-,60.79999924,52.64469528,1927,-,-64.63254547,36.83925247,-76.16065216,7.45098066,54.80493546,54.68066406,30.09016991
Sun Oct 29 17:59:16 EDT 2017,29-Oct-2017 17:59:16.111,-76.1602133,36.83898798,24.25,3.0,-20.700000762939453,126.8,-0.19153613,9.27034855,3.44765043,0.01093958,-,18.4313736,0.0247264,-,-,60.79999924,52.64631271,1867,-,-67.91339111,36.83898926,-76.16020966,7.45098066,54.24570084,54.05929184,30.09016991
Sun Oct 29 17:59:18 EDT 2017,29-Oct-2017 17:59:17.945,-76.15976487,36.83872712,24.5,3.0,-21.0,127.2,0.38307226,8.84896946,3.10288548,-0.02431953,-,21.96078491,-0.02279709,-,-,60.79999924,52.64792633,1889,-,-68.89763641,36.83872604,-76.15976715,13.33333397,54.80493546,54.05929184,-
Sun Oct 29 17:59:20 EDT 2017,29-Oct-2017 17:59:19.751,-76.15932275,36.83845306,24.75,3.0,-21.200000762939453,129.1,0.76614451,9.27034855,3.25611424,-0.00865197,-,19.6078434,-0.02086277,-,-,60.79999924,52.65023804,1906,-,-69.55381012,36.83845139,-76.15932465,10.58823586,55.36417389,54.68066406,29.55725861
Sun Oct 29 17:59:21 EDT 2017,29-Oct-2017 17:59:21.560,-76.15910289,36.83831262,24.75,3.0,-21.399999618530273,129.1,-0.99598789,8.81066227,3.02627087,-0.0259546,-,24.31372643,-0.02403143,-,-,60.79999924,52.65325546,1919,-,-70.2099762,36.83831406,-76.15910339,14.90196133,55.36417389,55.30203629,30.01849365
Sun Oct 29 17:59:23 EDT 2017,29-Oct-2017 17:59:23.422,-76.15865597,36.83804129,25.25,3.0,-22.299999237060547,127.1,0.11492168,9.19373417,2.94965649,-0.03921431,-,21.17647171,-0.01536158,-,-,60.79999924,52.65697098,1979,-,-73.16272736,36.8380394,-76.15865326,12.54901981,56.48263931,55.92340851,29.11394882
Sun Oct 29 17:59:25 EDT 2017,29-Oct-2017 17:59:25.235,-76.15820258,36.83777254,25.5,3.0,-21.700000762939453,127.2,-0.2681506,8.81066227,3.44765043,-0.01616961,-,19.6078434,0.04974246,-,-,60.79999924,52.6620903,1972,-,-71.19422913,36.83777237,-76.15820312,9.4117651,57.04187393,57.16614914,59.05524826
Sun Oct 29 17:59:27 EDT 2017,29-Oct-2017 17:59:27.044,-76.15775393,36.83749191,25.75,3.0,-22.799999237060547,127.1,0.15322891,8.23605347,3.29442143,-0.01037658,-,18.03921509,-0.02981772,-,-,60.79999924,52.66719437,1972,-,-74.80314636,36.83749008,-76.15775299,12.15686321,57.60110855,57.16614914,59.05524826
Sun Oct 29 17:59:29 EDT 2017,29-Oct-2017 17:59:28.846,-76.15729585,36.83721525,25.5,3.0,-22.299999237060547,126.8,0,9.46188545,3.29442143,0.04030544,-,17.25490189,0.01192993,-,-,60.79999924,52.6722908,1970,-,-73.16272736,36.83721542,-76.15729523,7.84313726,57.04187393,57.16614914,-
Sun Oct 29 17:59:31 EDT 2017,29-Oct-2017 17:59:30.690,-76.15683494,36.83693411,25.0,3.0,-22.0,126.0,-0.34476504,9.04050541,3.52426481,0.00071863,-,16.86274529,-0.03757102,-,-,60.79999924,52.67667389,1962,-,-72.17847443,36.83693314,-76.15683746,7.45098066,55.92340851,56.54477692,-
Sun Oct 29 17:59:32 EDT 2017,29-Oct-2017 17:59:32.498,-76.15661091,36.83679647,25.0,3.0,-21.899999618530273,125.4,-1.11090958,8.92558384,3.37103605,-0.00185448,-,19.2156868,-0.03010872,-,-,60.79999924,52.68034363,1933,-,-71.8503952,36.83679581,-76.15660858,9.8039217,55.92340851,55.92340851,-
Sun Oct 29 17:59:34 EDT 2017,29-Oct-2017 17:59:34.325,-76.15615622,36.83654412,24.75,3.0,-23.5,122.2,-0.38307226,8.61912632,3.29442143,-0.0032477,-,22.74509811,-0.04172593,-,-,60.79999924,52.68330002,1949,-,-77.09973907,36.83654404,-76.15615845,14.90196133,55.36417389,55.30203629,-
Sun Oct 29 17:59:36 EDT 2017,29-Oct-2017 17:59:36.110,-76.15568504,36.83631352,24.75,3.0,-24.899999618530273,119.5,-0.03830723,8.54251194,3.06457806,-0.05585623,-,22.74509811,-0.03505346,-,-,60.79999924,52.68625259,1926,-,-81.69290924,36.83631516,-76.15568542,14.11764717,55.36417389,55.30203629,-
Sun Oct 29 17:59:38 EDT 2017,29-Oct-2017 17:59:37.921,-76.15519414,36.83610586,25.0,3.0,-25.399999618530273,117.5,-0.61291564,8.84896946,2.98796368,0.01096246,-,23.92156982,0.0307542,-,-,60.79999924,52.68919754,1927,-,-83.33333588,36.83610535,-76.15519714,15.29411793,55.92340851,55.30203629,-
Sun Oct 29 17:59:40 EDT 2017,29-Oct-2017 17:59:39.737,-76.1546936,36.83591518,25.0,3.0,-26.5,114.4,-0.30645782,8.96389103,3.02627087,-0.01607484,-,24.31372643,-0.03293683,-,-,60.79999924,52.69283676,1989,-,-86.94226074,36.83591461,-76.1546936,16.07843208,55.92340851,55.92340851,29.01513672
Sun Oct 29 17:59:41 EDT 2017,29-Oct-2017 17:59:41.525,-76.1544376,36.83582806,25.25,3.0,-27.100000381469727,113.6,-0.84275901,9.23204136,3.14119267,0.01677287,-,23.52941132,-0.0018863,-,-,60.79999924,52.69716644,1977,-,-88.91075897,36.83582687,-76.1544342,15.68627453,56.48263931,56.54477692,29.9581337
Sun Oct 29 17:59:43 EDT 2017,29-Oct-2017 17:59:43.323,-76.15390596,36.83565852,25.5,3.0,-27.700000762939453,111.2,-0.76614451,8.73404789,3.21780705,-0.00623918,-,23.92156982,-0.04764375,-,-,60.79999924,52.70148087,1976,-,-90.87926483,36.83565903,-76.15390778,15.68627453,57.04187393,56.54477692,29.9581337
Sun Oct 29 17:59:45 EDT 2017,29-Oct-2017 17:59:45.142,-76.15336227,36.83550951,25.75,3.0,-28.899999618530273,109.0,-0.57460839,9.15542698,3.44765043,0.01797181,-,23.13725471,0.01029999,-,-,60.79999924,52.70648575,1995,-,-94.81626892,36.83551025,-76.15335846,14.50980377,57.60110855,57.16614914,30.0142765
Sun Oct 29 17:59:47 EDT 2017,29-Oct-2017 17:59:46.976,-76.15280707,36.83537881,25.75,3.0,-31.0,107.3,-0.65122288,9.00219822,3.33272886,-0.01185158,-,22.74509811,-0.03685784,-,-,60.79999924,52.711483,2008,-,-101.70603943,36.83538055,-76.15280914,14.50980377,57.60110855,57.16614914,30.0142765
Sun Oct 29 17:59:49 EDT 2017,29-Oct-2017 17:59:49.127,-76.15224619,36.8352667,25.25,3.0,-30.899999618530273,103.7,-0.30645782,9.04050541,3.25611424,-0.00099057,-,22.74509811,-0.01965576,-,-,60.79999924,52.71577072,1970,-,-101.37795258,36.83526611,-76.15224457,12.15686321,56.48263931,56.54477692,-
Sun Oct 29 17:59:50 EDT 2017,29-Oct-2017 17:59:50.327,-76.15196619,36.83521502,25.25,3.0,-30.799999237060547,102.5,-0.49799395,8.42759037,3.25611424,-0.05862939,-,22.35294151,-0.01922004,-,-,60.79999924,52.72005081,1995,-,-101.04986572,36.83521652,-76.15196991,13.72549057,56.48263931,56.54477692,-
Sun Oct 29 17:59:52 EDT 2017,29-Oct-2017 17:59:52.149,-76.15141316,36.83512575,25.5,3.0,-31.5,99.8,-0.5363012,8.84896946,3.29442143,-0.01692855,-,23.13725471,-0.02596421,-,-,60.79999924,52.72431564,2004,-,-103.34645844,36.83512497,-76.15141296,14.90196133,57.04187393,56.54477692,-
Sun Oct 29 17:59:54 EDT 2017,29-Oct-2017 17:59:53.952,-76.1508487,36.83506299,25.5,3.0,-31.5,97.6,-0.34476504,8.92558384,3.10288548,-0.01710254,-,21.56862831,-0.06913973,-,-,60.79999924,52.72857285,1968,-,-103.34645844,36.83506393,-76.15084839,12.94117641,57.04187393,56.54477692,-
Sun Oct 29 17:59:56 EDT 2017,29-Oct-2017 17:59:55.939,-76.15028167,36.83501121,25.5,3.0,-31.399999618530273,96.0,0.07661445,9.11711979,3.10288548,-0.00688964,-,20.7843132,-0.02386728,-,-,60.79999924,52.73351669,1972,-,-103.01837158,36.83501053,-76.15028381,12.15686321,57.04187393,57.16614914,29.99770546
Sun Oct 29 17:59:58 EDT 2017,29-Oct-2017 17:59:57.739,-76.14971314,36.83496357,25.5,3.0,-30.5,95.9,0.30645782,8.88727665,3.02627087,-0.02346718,-,22.74509811,-0.03262131,-,-,60.79999924,52.73775482,1972,-,-100.06562042,36.83496475,-76.14971161,14.90196133,57.04187393,56.54477692,29.99770546
Sun Oct 29 17:59:59 EDT 2017,29-Oct-2017 17:59:59.540,-76.14942836,36.83494003,25.5,4.0,-30.600000381469727,95.9,-0.49799395,9.19373417,3.33272886,0.0058345,-,19.6078434,-0.05585849,-,-,60.79999924,52.74267578,1973,-,-100.39369965,36.83494186,-76.14942932,10.58823586,57.04187393,57.16614914,30.38271141
Sun Oct 29 18:00:01 EDT 2017,29-Oct-2017 18:00:01.349,-76.14885894,36.83489233,25.5,3.0,-30.899999618530273,95.7,0.03830723,8.81066227,3.02627087,-0.03135848,-,21.17647171,-0.05003405,-,-,60.79999924,52.74689484,1967,-,-101.37795258,36.83489227,-76.14885712,11.37254906,57.04187393,56.54477692,30.38271141
Sun Oct 29 18:00:03 EDT 2017,29-Oct-2017 18:00:03.190,-76.14829783,36.83484434,25.25,3.0,-31.5,95.9,-0.03830723,9.30865574,2.7581203,-0.01874421,-,25.88235283,-0.08705658,-,-,60.79999924,52.75110626,1968,-,-103.34645844,36.83484268,-76.14830017,17.64705849,56.48263931,56.54477692,-
Sun Oct 29 18:00:05 EDT 2017,29-Oct-2017 18:00:05.031,-76.14772959,36.83480238,25.75,3.0,-32.099998474121094,96.2,-0.19153613,8.92558384,3.10288548,-0.01002243,-,23.92156982,-0.023797,-,-,60.79999924,52.7559967,2000,-,-105.31495667,36.83480072,-76.14772797,14.50980377,57.60110855,57.16614914,29.72456741
Sun Oct 29 18:00:07 EDT 2017,29-Oct-2017 18:00:06.872,-76.14715605,36.83475302,26.0,3.0,-32.29999923706055,95.0,0,9.15542698,3.17949986,0.00695139,-,20.7843132,-0.01171109,-,-,60.79999924,52.76156235,2000,-,-105.97112274,36.83475113,-76.14715576,12.15686321,58.16034317,57.78752136,29.41469955
Sun Oct 29 18:00:09 EDT 2017,29-Oct-2017 18:00:08.699,-76.1465766,36.83471007,25.75,3.0,-32.20000076293945,96.6,-0.07661445,8.96389103,3.40934324,-0.01385742,-,18.4313736,-0.02202446,-,-,60.79999924,52.76711655,2017,-,-105.64304352,36.83470917,-76.14657593,10.98039246,57.60110855,57.78752136,29.41469955
Sun Oct 29 18:00:10 EDT 2017,29-Oct-2017 18:00:10.536,-76.14628915,36.83468021,26.0,3.0,-31.799999237060547,96.2,0.15322891,9.11711979,2.9113493,-0.00527102,-,21.17647171,-0.02393763,-,-,60.79999924,52.77265549,1992,-,-104.33070374,36.83467865,-76.14628601,12.54901981,58.16034317,57.78752136,-
Sun Oct 29 18:00:12 EDT 2017,29-Oct-2017 18:00:12.352,-76.14570584,36.83464005,25.75,3.0,-32.0,96.0,-0.03830723,8.84896946,3.02627087,-0.00921102,-,22.74509811,-0.04633884,-,-,60.79999924,52.77750397,1988,-,-104.98687744,36.8346405,-76.14570618,14.50980377,57.60110855,57.16614914,-
Sun Oct 29 18:00:14 EDT 2017,29-Oct-2017 18:00:14.184,-76.14512773,36.83459846,26.0,3.0,-30.5,96.0,-0.15322891,9.6534214,2.83473492,0.04470783,-,23.13725471,0.01585034,-,-,60.79999924,52.78302002,2003,-,-100.06562042,36.83459854,-76.14512634,15.68627453,58.16034317,57.78752136,29.88705254
Sun Oct 29 18:00:16 EDT 2017,29-Oct-2017 18:00:16.026,-76.14454435,36.83453654,26.25,3.0,-31.0,96.3,-0.03830723,9.34696388,3.10288548,0.01997935,-,22.74509811,0.00427862,-,-,60.79999924,52.78920746,2044,-,-101.70603943,36.83453751,-76.14454651,14.50980377,58.71957779,58.40889359,29.42483902
Sun Oct 29 18:00:18 EDT 2017,29-Oct-2017 18:00:17.856,-76.14396686,36.8344896,26.0,3.0,-31.100000381469727,95.9,0.03830723,9.11711979,3.40934324,-0.00370805,-,16.47058868,-0.0074281,-,-,60.79999924,52.79538345,2030,-,-102.03411865,36.83448792,-76.14396667,7.84313726,58.16034317,58.40889359,29.42483902
Sun Oct 29 18:00:20 EDT 2017,29-Oct-2017 18:00:19.692,-76.14338578,36.83443238,25.5,3.0,-30.0,96.1,0.07661445,8.77235508,3.40934324,-0.02158195,-,16.86274529,-0.04025417,-,-,60.79999924,52.80018234,1991,-,-98.42519379,36.83443069,-76.14338684,7.84313726,57.04187393,57.16614914,-
Sun Oct 29 18:00:21 EDT 2017,29-Oct-2017 18:00:20.668,-76.14310109,36.83440626,25.25,3.0,-28.899999618530273,96.2,0.11492168,8.84896946,3.25611424,-0.02325365,-,16.47058868,-0.03843548,-,-,60.79999924,52.82401276,1991,-,-94.81626892,36.83440781,-76.14310455,7.84313726,56.48263931,57.16614914,-
Sun Oct 29 18:00:22 EDT 2017,29-Oct-2017 18:00:21.894,-76.14281394,36.83438099,25.25,3.0,-28.799999237060547,96.2,0.03830723,9.30865574,3.10288548,0.00354278,-,21.17647171,0.00057198,-,-,60.79999924,52.82739258,1942,-,-94.4881897,36.8343811,-76.14281464,12.54901981,56.48263931,55.92340851,-
Sun Oct 29 18:00:24 EDT 2017,29-Oct-2017 18:00:23.755,-76.14224818,36.8343178,25.0,3.0,-28.5,96.4,-0.38307226,8.84896946,3.10288548,-0.02431953,-,21.17647171,-0.04299267,-,-,60.79999924,52.83076477,1940,-,-93.50393677,36.83431625,-76.14225006,12.54901981,55.92340851,55.92340851,-
Sun Oct 29 18:00:25 EDT 2017,29-Oct-2017 18:00:25.574,-76.14197527,36.83430446,25.0,3.0,-29.100000381469727,96.2,0,9.15542698,2.98796368,0.00115478,-,22.74509811,-0.01794519,-,-,60.79999924,52.83412933,1934,-,-95.47244263,36.83430481,-76.1419754,13.33333397,55.92340851,55.92340851,-
Sun Oct 29 18:00:27 EDT 2017,29-Oct-2017 18:00:27.393,-76.14142169,36.83424874,25.0,3.0,-29.5,96.1,-0.11492168,9.46188545,2.9113493,0.02820736,-,25.88235283,0.00955221,-,-,60.79999924,52.83749008,1948,-,-96.78477478,36.83424759,-76.14141846,16.47058868,55.92340851,55.92340851,-
Sun Oct 29 18:00:29 EDT 2017,29-Oct-2017 18:00:29.204,-76.1408596,36.83420473,25.25,3.0,-28.899999618530273,95.8,-0.2681506,9.00219822,3.06457806,-0.0074271,-,23.92156982,-0.02991209,-,-,60.79999924,52.84151459,1973,-,-94.81626892,36.83420563,-76.14086151,15.29411793,56.48263931,56.54477692,30.03555107
Sun Oct 29 18:00:31 EDT 2017,29-Oct-2017 18:00:31.029,-76.14030831,36.8341464,25.0,5.0,-28.100000381469727,96.1,-0.07661445,9.27034855,2.94965649,0.01070255,-,23.92156982,-0.00795867,-,-,60.79999924,52.84485626,1958,-,-92.19160461,36.83414459,-76.14030457,15.29411793,55.92340851,55.92340851,30.03555107
Sun Oct 29 18:00:33 EDT 2017,29-Oct-2017 18:00:32.835,-76.13975755,36.83410145,24.75,3.0,-27.200000762939453,95.4,-0.30645782,9.50019264,2.79642749,0.0289852,-,25.49019623,-0.00399811,-,-,60.79999924,52.84819031,1954,-,-89.23884583,36.83410263,-76.13975525,18.03921509,55.36417389,55.92340851,-
Sun Oct 29 18:00:35 EDT 2017,29-Oct-2017 18:00:34.674,-76.13920213,36.83405553,25.0,5.0,-27.0,95.4,-0.11492168,9.19373417,2.68150592,-0.00886554,-,26.27450943,-0.00393683,-,-,60.79999924,52.85151672,1972,-,-88.58267975,36.83405685,-76.13920593,17.64705849,55.92340851,55.92340851,-
Sun Oct 29 18:00:36 EDT 2017,29-Oct-2017 18:00:36.498,-76.13891147,36.83401742,25.25,3.0,-26.5,96.4,0.2681506,8.54251194,2.83473492,-0.0631038,-,23.13725471,-0.04871784,-,-,60.79999924,52.85551453,1978,-,-86.94226074,36.83401871,-76.13890839,14.50980377,56.48263931,56.54477692,29.59768105
Sun Oct 29 18:00:38 EDT 2017,29-Oct-2017 18:00:38.345,-76.13834199,36.83396815,25.5,3.0,-24.700000762939453,96.4,-0.07661445,8.61912632,2.9113493,0.00394783,-,22.74509811,-0.0912531,-,-,60.79999924,52.85949707,1987,-,-81.03675079,36.83396912,-76.13834381,14.11764717,57.04187393,56.54477692,29.59768105
Sun Oct 29 18:00:40 EDT 2017,29-Oct-2017 18:00:40.215,-76.13778285,36.83390779,25.5,3.0,-24.700000762939453,96.2,-0.38307226,8.84896946,3.17949986,-0.02170908,-,22.35294151,-0.04038137,-,-,60.79999924,52.8634758,1996,-,-81.03675079,36.83390808,-76.13777924,12.94117641,57.04187393,56.54477692,-
Sun Oct 29 18:00:42 EDT 2017,29-Oct-2017 18:00:41.988,-76.13720559,36.83385556,26.0,3.0,-23.299999237060547,97.1,0.03830723,8.35097599,2.83473492,-0.0820123,-,24.70588303,-0.11182841,-,-,60.79999924,52.86811066,2021,-,-76.44356537,36.83385468,-76.13720703,16.47058868,58.16034317,57.16614914,28.99981499
Sun Oct 29 18:00:44 EDT 2017,29-Oct-2017 18:00:43.815,-76.13662896,36.83380233,26.25,3.0,-25.200000762939453,95.9,0.15322891,8.96389103,3.02627087,-0.05428929,-,21.17647171,-0.08920684,-,-,60.79999924,52.87407303,2046,-,-82.6771698,36.83380127,-76.1366272,12.54901981,58.71957779,58.40889359,61.09424973
Sun Oct 29 18:00:46 EDT 2017,29-Oct-2017 18:00:45.636,-76.13602983,36.83375505,26.5,3.0,-27.600000381469727,96.9,-0.22984336,9.11711979,3.715801,0.02286726,-,17.25490189,-0.03600271,-,-,60.79999924,52.88069153,2045,-,-90.55118561,36.83375549,-76.1360321,10.98039246,59.27880859,59.03026199,29.52959251
Sun Oct 29 18:00:47 EDT 2017,29-Oct-2017 18:00:47.469,-76.13573541,36.83373076,26.5,3.0,-28.0,96.1,0.11492168,8.23605347,3.37103605,-0.0136489,-,17.25490189,-0.04302455,-,-,60.79999924,52.88663101,2019,-,-91.86351776,36.8337326,-76.13573456,7.84313726,59.27880859,58.40889359,29.52959251
Sun Oct 29 18:00:49 EDT 2017,29-Oct-2017 18:00:49.285,-76.13516018,36.83367594,26.0,3.0,-28.799999237060547,95.9,0.34476504,8.61912632,3.17949986,-0.04386085,-,17.64705849,0.00573606,-,-,60.79999924,52.89189148,2010,-,-94.4881897,36.83367538,-76.13516235,8.23529434,58.16034317,57.78752136,-
Sun Oct 29 18:00:51 EDT 2017,29-Oct-2017 18:00:51.046,-76.13456936,36.83361885,26.5,3.0,-29.200000762939453,95.8,0.49799395,9.53849983,3.17949986,0.02597187,-,19.2156868,0.00612297,-,-,60.79999924,52.89780045,2015,-,-95.80052948,36.83361816,-76.13456726,9.8039217,59.27880859,58.40889359,31.08776283
Sun Oct 29 18:00:53 EDT 2017,29-Oct-2017 18:00:52.788,-76.13398528,36.83356639,26.5,3.0,-29.600000381469727,96.4,0,9.23204136,3.17949986,0.01002591,-,19.2156868,-0.02903165,-,-,60.79999924,52.9037056,2034,-,-97.11286163,36.83356476,-76.13398743,10.1960783,59.27880859,58.40889359,31.08776283
Sun Oct 29 18:00:55 EDT 2017,29-Oct-2017 18:00:54.609,-76.13339731,36.8335128,26.25,3.0,-30.299999237060547,96.3,-0.42137951,9.19373417,3.44765043,0.02082974,-,19.6078434,-0.00400588,-,-,60.79999924,52.90959167,2040,-,-99.40944672,36.83351135,-76.13339996,10.58823586,58.71957779,58.40889359,-
Sun Oct 29 18:00:56 EDT 2017,29-Oct-2017 18:00:56.435,-76.13311357,36.83348476,26.25,3.0,-29.299999237060547,95.9,0,8.77235508,3.25611424,-0.02716082,-,19.6078434,-0.04942387,-,-,60.79999924,52.91546631,2025,-,-96.1286087,36.83348465,-76.13311005,10.58823586,58.71957779,58.40889359,-
Sun Oct 29 18:00:58 EDT 2017,29-Oct-2017 18:00:58.237,-76.13252618,36.83343956,26.0,3.0,-28.200000762939453,96.4,0.07661445,9.04050541,2.94965649,-0.01159728,-,19.6078434,-0.06574455,-,-,60.79999924,52.92066574,2008,-,-92.51969147,36.83343887,-76.13252258,10.58823586,58.16034317,57.78752136,-
Sun Oct 29 18:01:00 EDT 2017,29-Oct-2017 18:00:59.965,-76.13195927,36.83339081,25.75,3.0,-28.299999237060547,96.3,0,8.92558384,3.33272886,-0.00979787,-,20.7843132,-0.02846607,-,-,60.79999924,52.92519379,1994,-,-92.84776306,36.83338928,-76.13195801,11.76470566,57.60110855,57.16614914,-
Sun Oct 29 18:01:02 EDT 2017,29-Oct-2017 18:01:01.801,-76.13139314,36.83333095,25.5,3.0,-28.399999618530273,96.2,0,8.88727665,2.9113493,-0.02230511,-,20.7843132,-0.04636284,-,-,60.79999924,52.92970657,1997,-,-93.17584991,36.83333206,-76.13139343,12.15686321,57.04187393,57.16614914,-
Sun Oct 29 18:01:04 EDT 2017,29-Oct-2017 18:01:03.654,-76.13082372,36.83328341,25.5,3.0,-28.5,96.0,0,9.04050541,2.9113493,-0.01283282,-,19.6078434,-0.03150205,-,-,60.79999924,52.93421555,1983,-,-93.50393677,36.83328247,-76.13082123,10.58823586,57.04187393,57.16614914,-
Sun Oct 29 18:01:06 EDT 2017,29-Oct-2017 18:01:05.693,-76.13025214,36.83324,25.25,3.0,-28.299999237060547,95.5,0.07661445,9.19373417,3.44765043,-0.01191793,-,19.6078434,-0.00277337,-,-,60.79999924,52.93804932,1970,-,-92.84776306,36.83324051,-76.13024902,10.58823586,56.48263931,56.54477692,-
Sun Oct 29 18:01:08 EDT 2017,29-Oct-2017 18:01:08.371,-76.1296854,36.83320408,25.5,3.0,-27.899999618530273,95.2,-0.22984336,9.11711979,3.10288548,0.00099897,-,19.6078434,-0.0176655,-,-,60.79999924,52.93804932,1924,-,-91.53543091,36.83320236,-76.12968445,10.58823586,57.04187393,55.30203629,-
Sun Oct 29 18:01:10 EDT 2017,29-Oct-2017 18:01:09.996,-76.12914355,36.83316344,24.5,5.0,-28.5,95.8,0.30645782,8.84896946,3.21780705,-0.02066851,-,18.8235302,-0.02328126,-,-,60.79999924,52.9405632,1918,-,-93.50393677,36.83316422,-76.12914276,9.4117651,54.80493546,55.30203629,-
Sun Oct 29 18:01:12 EDT 2017,29-Oct-2017 18:01:11.836,-76.12859032,36.83310757,24.5,3.0,-25.799999237060547,96.3,-0.2681506,9.46188545,3.17949986,-0.00112723,-,20.3921566,-0.00376845,-,-,60.79999924,52.9424057,1897,-,-84.64566803,36.83310699,-76.12859344,12.54901981,54.80493546,54.68066406,-
Sun Oct 29 18:01:14 EDT 2017,29-Oct-2017 18:01:13.676,-76.12804084,36.83304946,24.25,3.0,-23.5,96.5,-0.22984336,8.61912632,3.14119267,-0.04557085,-,19.2156868,-0.02378131,-,-,60.79999924,52.9442482,1892,-,-77.09973907,36.83304977,-76.12804413,9.8039217,54.24570084,54.68066406,-
Sun Oct 29 18:01:15 EDT 2017,29-Oct-2017 18:01:15.495,-76.12778261,36.83303113,24.25,3.0,-26.899999618530273,95.8,-0.07661445,8.84896946,3.21780705,-0.0023477,-,18.4313736,-0.0040595,-,-,60.79999924,52.94542694,1888,-,-88.2545929,36.8330307,-76.12778473,9.4117651,54.24570084,54.05929184,-
Sun Oct 29 18:01:17 EDT 2017,29-Oct-2017 18:01:17.319,-76.12724401,36.83299037,24.25,3.0,-26.600000381469727,96.1,0.07661445,9.0788126,2.98796368,-0.00667065,-,22.35294151,-0.02439109,-,-,60.79999924,52.94660568,1868,-,-87.27033997,36.83298874,-76.12724304,12.94117641,54.24570084,54.05929184,-
Sun Oct 29 18:01:19 EDT 2017,29-Oct-2017 18:01:19.123,-76.12669978,36.83294302,24.25,3.0,-26.700000762939453,95.9,0.2681506,9.30865574,2.94965649,-0.00782734,-,22.74509811,0.00325252,-,-,60.79999924,52.94778442,1882,-,-87.59842682,36.83294296,-76.12670135,14.90196133,54.24570084,54.05929184,-
Sun Oct 29 18:01:21 EDT 2017,29-Oct-2017 18:01:21.038,-76.1261545,36.83289888,24.5,3.0,-26.799999237060547,96.5,0.2681506,8.92558384,3.25611424,-0.01211649,-,20.3921566,-0.03078546,-,-,60.79999924,52.94895554,1883,-,-87.92650604,36.83289719,-76.12615204,12.15686321,54.80493546,54.05929184,-
Sun Oct 29 18:01:23 EDT 2017,29-Oct-2017 18:01:22.836,-76.12560642,36.83284509,24.5,3.0,-25.100000381469727,96.7,-0.15322891,9.19373417,3.10288548,0.00823933,-,22.74509811,-0.01042272,-,-,60.79999924,52.95012665,1881,-,-82.34908295,36.83284378,-76.12560272,13.72549057,54.80493546,54.05929184,-
Sun Oct 29 18:01:25 EDT 2017,29-Oct-2017 18:01:24.652,-76.12506417,36.83279349,24.5,3.0,-24.899999618530273,96.2,-0.15322891,9.19373417,2.83473492,0.00436644,-,21.96078491,-0.01882346,-,-,60.79999924,52.95194626,1891,-,-81.69290924,36.83279419,-76.12506104,13.33333397,54.80493546,54.68066406,30.47447586
Sun Oct 29 18:01:26 EDT 2017,29-Oct-2017 18:01:26.455,-76.12479505,36.83276819,24.5,3.0,-26.0,95.9,-0.03830723,9.0788126,3.17949986,-0.00353752,-,21.96078491,-0.0480524,-,-,60.79999924,52.95376205,1896,-,-85.30183411,36.83276749,-76.12479401,13.33333397,54.80493546,54.68066406,30.47447586
Sun Oct 29 18:01:28 EDT 2017,29-Oct-2017 18:01:28.265,-76.12424161,36.83273078,24.75,3.0,-26.200000762939453,95.8,0.42137951,9.11711979,3.21780705,0.00549179,-,21.96078491,-0.01178057,-,-,60.79999924,52.95557785,1901,-,-85.95800781,36.83272934,-76.12424469,13.33333397,55.36417389,54.68066406,-
Sun Oct 29 18:01:30 EDT 2017,29-Oct-2017 18:01:30.101,-76.12368312,36.83268412,24.75,3.0,-25.799999237060547,96.2,-0.11492168,8.84896946,2.94965649,-0.01267387,-,21.96078491,-0.0338682,-,-,60.79999924,52.95803833,1909,-,-84.64566803,36.83268356,-76.12368011,13.33333397,55.36417389,55.30203629,30.09261513
Sun Oct 29 18:01:32 EDT 2017,29-Oct-2017 18:01:31.931,-76.12314143,36.83263922,24.5,3.0,-25.899999618530273,95.9,0,9.11711979,3.06457806,-0.00053173,-,21.96078491,-0.01919671,-,-,60.79999924,52.96049881,1910,-,-84.97375488,36.83263779,-76.12313843,13.33333397,54.80493546,55.30203629,30.09261513
Sun Oct 29 18:01:34 EDT 2017,29-Oct-2017 18:01:33.736,-76.12259796,36.83259123,24.75,3.0,-25.399999618530273,95.7,-0.19153613,9.04050541,3.14119267,-0.00214727,-,21.96078491,-0.04007135,-,-,60.79999924,52.96294785,1920,-,-83.33333588,36.83259201,-76.12259674,13.33333397,55.36417389,55.30203629,-
Sun Oct 29 18:01:35 EDT 2017,29-Oct-2017 18:01:35.545,-76.12232348,36.83256803,24.75,3.0,-25.5,95.8,0,9.11711979,3.06457806,-0.00053173,-,21.96078491,0.00694918,-,-,60.79999924,52.96539307,1923,-,-83.6614151,36.83256912,-76.12232208,13.33333397,55.36417389,55.30203629,-
Sun Oct 29 18:01:37 EDT 2017,29-Oct-2017 18:01:37.349,-76.12176784,36.83252131,25.25,3.0,-25.0,96.3,0.19153613,9.6534214,2.94965649,0.04813617,-,21.96078491,0.02283349,-,-,60.79999924,52.96783447,1931,-,-82.02099609,36.83251953,-76.12176514,13.33333397,56.48263931,55.30203629,-
Sun Oct 29 18:01:39 EDT 2017,29-Oct-2017 18:01:39.162,-76.12121144,36.83247149,24.75,3.0,-24.899999618530273,96.0,-0.15322891,9.04050541,2.83473492,0.01951674,-,21.96078491,-0.03374187,-,-,60.79999924,52.97092056,1936,-,-81.69290924,36.83246994,-76.12120819,13.33333397,55.36417389,55.92340851,30.02308655
Sun Oct 29 18:01:41 EDT 2017,29-Oct-2017 18:01:40.979,-76.12065074,36.83242164,25.0,3.0,-25.100000381469727,96.6,-0.19153613,9.11711979,3.29442143,0.00266496,-,17.64705849,-0.01128653,-,-,60.79999924,52.97399902,1939,-,-82.34908295,36.83242035,-76.12065125,8.23529434,55.92340851,55.92340851,30.02308655
Sun Oct 29 18:01:43 EDT 2017,29-Oct-2017 18:01:42.788,-76.12010377,36.83236328,24.75,3.0,-24.700000762939453,96.4,0.07661445,8.84896946,3.17949986,-0.01346576,-,21.96078491,-0.04114491,-,-,60.79999924,52.97577667,1913,-,-81.03675079,36.83236313,-76.12010193,12.94117641,55.36417389,54.68066406,-
Sun Oct 29 18:01:45 EDT 2017,29-Oct-2017 18:01:44.611,-76.11954611,36.83230895,24.75,3.0,-24.899999618530273,95.9,-0.03830723,8.96389103,3.14119267,-0.01276195,-,23.92156982,-0.03143115,-,-,60.79999924,52.97755051,1926,-,-81.69290924,36.83230972,-76.11954498,15.68627453,55.36417389,54.68066406,-
Sun Oct 29 18:01:46 EDT 2017,29-Oct-2017 18:01:46.438,-76.11926909,36.83228668,24.75,3.0,-24.5,95.1,-0.91937345,9.04050541,3.44765043,0.0099263,-,21.96078491,-0.0089204,-,-,60.79999924,52.98061371,1941,-,-80.38057709,36.83228683,-76.11927032,14.50980377,55.36417389,55.92340851,59.82533264
Sun Oct 29 18:01:48 EDT 2017,29-Oct-2017 18:01:48.247,-76.11871665,36.83226308,25.0,3.0,-24.899999618530273,91.6,-0.80445176,9.0788126,3.14119267,-0.01828406,-,21.17647171,-0.01694347,-,-,60.79999924,52.98366928,1931,-,-81.69290924,36.83226395,-76.11871338,12.54901981,55.92340851,55.92340851,59.82533264
Sun Oct 29 18:01:50 EDT 2017,29-Oct-2017 18:01:50.089,-76.11815724,36.83226644,25.0,4.0,-25.0,88.7,-0.45968673,9.04050541,3.10288548,-0.00291133,-,21.17647171,-0.02421124,-,-,60.79999924,52.98607254,1922,-,-82.02099609,36.83226776,-76.11815643,12.54901981,55.92340851,55.30203629,-
Sun Oct 29 18:01:52 EDT 2017,29-Oct-2017 18:01:51.933,-76.11759275,36.83229388,24.5,3.0,-26.100000381469727,85.7,-0.61291564,9.0788126,3.14119267,0.00028443,-,19.6078434,-0.05097417,-,-,60.79999924,52.9884758,1910,-,-85.62992096,36.83229446,-76.11759186,10.98039246,54.80493546,55.30203629,-
Sun Oct 29 18:01:54 EDT 2017,29-Oct-2017 18:01:53.730,-76.11704326,36.83234203,24.25,3.0,-26.799999237060547,82.8,-0.68953007,9.19373417,3.14119267,-0.00069968,-,22.74509811,-0.00679807,-,-,60.79999924,52.99022675,1897,-,-87.92650604,36.83234024,-76.11704254,14.50980377,54.24570084,54.68066406,-
Sun Oct 29 18:01:55 EDT 2017,29-Oct-2017 18:01:55.526,-76.11675702,36.83237601,24.5,3.0,-26.100000381469727,80.9,-0.99598789,9.11711979,3.14119267,0.00936351,-,23.52941132,-0.01144859,-,-,60.79999924,52.99197388,1893,-,-85.62992096,36.83237457,-76.11676025,15.29411793,54.80493546,54.68066406,-
Sun Oct 29 18:01:57 EDT 2017,29-Oct-2017 18:01:57.522,-76.11622594,36.83246536,24.5,3.0,-26.399999618530273,78.0,-0.68953007,8.88727665,3.33272886,-0.00474616,-,21.96078491,-0.02957397,-,-,60.79999924,52.99372101,1925,-,-86.61417389,36.83246613,-76.1162262,13.72549057,54.80493546,54.68066406,-
Sun Oct 29 18:01:59 EDT 2017,29-Oct-2017 18:01:59.337,-76.11570497,36.83257251,24.5,3.0,-26.899999618530273,74.6,-0.42137951,9.0788126,3.21780705,0.00181389,-,21.17647171,-0.01685034,-,-,60.79999924,52.99546051,1896,-,-88.2545929,36.83257294,-76.1157074,12.15686321,54.80493546,54.68066406,-
Sun Oct 29 18:02:01 EDT 2017,29-Oct-2017 18:02:01.158,-76.11518834,36.83270792,24.25,4.0,-27.0,71.6,-0.61291564,9.00219822,3.17949986,-0.01294929,-,21.17647171,-0.02445365,-,-,60.79999924,52.99655533,1883,-,-88.58267975,36.83270645,-76.1151886,12.15686321,54.24570084,54.05929184,-
Sun Oct 29 18:02:03 EDT 2017,29-Oct-2017 18:02:02.977,-76.11468335,36.83286346,24.25,3.0,-27.899999618530273,68.7,-0.61291564,9.15542698,3.25611424,0.01150948,-,21.17647171,-0.00715148,-,-,60.79999924,52.99765015,1877,-,-91.53543091,36.83286285,-76.11468506,12.54901981,54.24570084,54.05929184,-
Sun Oct 29 18:02:05 EDT 2017,29-Oct-2017 18:02:04.785,-76.11417979,36.83302345,24.25,4.0,-27.5,68.4,-0.22984336,9.34696388,3.17949986,-0.00510992,-,20.7843132,-0.02750064,-,-,60.79999924,52.99874496,1875,-,-90.22309875,36.83302307,-76.11418152,12.94117641,54.24570084,54.05929184,-
Sun Oct 29 18:02:06 EDT 2017,29-Oct-2017 18:02:06.631,-76.11392533,36.83310525,24.25,3.0,-27.5,68.2,-0.30645782,9.15542698,2.98796368,0.00475861,-,22.35294151,-0.0190567,-,-,60.79999924,52.99983597,1877,-,-90.22309875,36.83310699,-76.11392212,14.50980377,54.24570084,54.05929184,-
Sun Oct 29 18:02:08 EDT 2017,29-Oct-2017 18:02:08.460,-76.11341981,36.83325947,24.25,3.0,-26.799999237060547,68.8,-0.34476504,8.88727665,2.98796368,-0.01671591,-,21.17647171,-0.04325578,-,-,60.79999924,53.00092316,1884,-,-87.92650604,36.83325958,-76.11341858,12.54901981,54.24570084,54.05929184,-
Sun Oct 29 18:02:10 EDT 2017,29-Oct-2017 18:02:10.283,-76.11291172,36.83341796,24.25,3.0,-26.5,68.3,-0.49799395,8.61912632,3.10288548,-0.04055548,-,21.56862831,-0.05923421,-,-,60.79999924,53.00200653,1883,-,-86.94226074,36.8334198,-76.11291504,12.54901981,54.24570084,54.05929184,-
Sun Oct 29 18:02:12 EDT 2017,29-Oct-2017 18:02:12.102,-76.11240438,36.83358072,24.25,4.0,-26.100000381469727,68.1,-0.2681506,9.00219822,3.02627087,-0.00493419,-,22.74509811,-0.03116337,-,-,60.79999924,53.00308609,1887,-,-85.62992096,36.83358002,-76.11240387,14.11764717,54.24570084,54.05929184,-
Sun Oct 29 18:02:14 EDT 2017,29-Oct-2017 18:02:13.911,-76.11189999,36.83373847,24.25,4.0,-25.799999237060547,68.6,-0.15322891,8.92558384,2.83473492,-0.02624208,-,23.13725471,-0.04491588,-,-,60.79999924,53.00416946,1887,-,-84.64566803,36.83374023,-76.11190033,14.50980377,54.24570084,54.05929184,-
Sun Oct 29 18:02:16 EDT 2017,29-Oct-2017 18:02:15.723,-76.11139959,36.83390634,24.5,3.0,-24.5,67.4,-0.49799395,9.57680702,3.14119267,-0.04673717,-,24.70588303,0.0290059,-,-,60.79999924,53.00524902,1889,-,-80.38057709,36.83390808,-76.11139679,17.25490189,54.80493546,54.05929184,-
Sun Oct 29 18:02:17 EDT 2017,29-Oct-2017 18:02:17.533,-76.11114435,36.83398941,24.25,3.0,-24.899999618530273,67.3,-0.30645782,8.35097599,2.7581203,-0.08395654,-,23.13725471,-0.10265006,-,-,60.79999924,53.00632477,1907,-,-81.69290924,36.83398819,-76.11114502,14.50980377,54.24570084,54.05929184,-
Sun Oct 29 18:02:19 EDT 2017,29-Oct-2017 18:02:19.383,-76.11064338,36.83415678,24.5,3.0,-25.700000762939453,67.9,-0.49799395,9.50019264,2.98796368,-0.01953859,-,24.31372643,0.01680376,-,-,60.79999924,53.00803757,1904,-,-84.31758881,36.83415604,-76.11064148,15.68627453,54.80493546,54.68066406,29.80000305
Sun Oct 29 18:02:21 EDT 2017,29-Oct-2017 18:02:21.210,-76.11012919,36.83432257,25.0,3.0,-25.600000381469727,67.9,-0.5363012,8.65743351,2.9113493,-0.0483216,-,21.96078491,-0.067003,-,-,60.79999924,53.01037598,1935,-,-83.98950195,36.83432388,-76.11013031,13.72549057,55.92340851,55.30203629,29.07944298
Sun Oct 29 18:02:23 EDT 2017,29-Oct-2017 18:02:23.043,-76.10960395,36.8344934,24.75,3.0,-25.399999618530273,67.6,-0.19153613,9.23204136,3.25611424,0.01709372,-,18.4313736,-0.00156531,-,-,60.79999924,53.01270676,1925,-,-83.33333588,36.83449173,-76.10960388,8.62745094,55.36417389,55.30203629,29.07944298
Sun Oct 29 18:02:25 EDT 2017,29-Oct-2017 18:02:24.883,-76.1090913,36.83464852,24.25,3.0,-25.299999237060547,68.6,-0.30645782,8.88727665,3.02627087,-0.01248702,-,18.4313736,-0.04214003,-,-,60.79999924,53.0144043,1879,-,-83.00524902,36.83464813,-76.10909271,9.4117651,54.24570084,54.68066406,-
Sun Oct 29 18:02:27 EDT 2017,29-Oct-2017 18:02:26.724,-76.10858376,36.83480717,24.25,5.0,-25.5,68.5,-0.19153613,8.6957407,2.98796368,-0.04351109,-,23.92156982,-0.0621908,-,-,60.79999924,53.01546478,1887,-,-83.6614151,36.83480835,-76.10858154,15.29411793,54.24570084,54.05929184,-
Sun Oct 29 18:02:28 EDT 2017,29-Oct-2017 18:02:28.493,-76.10833423,36.8348865,24.5,3.0,-24.899999618530273,67.6,-0.34476504,8.84896946,2.87304211,-0.03196079,-,24.70588303,-0.03493487,-,-,60.79999924,53.01715851,1924,-,-81.69290924,36.83488464,-76.1083374,16.47058868,54.80493546,54.68066406,29.07419586
Sun Oct 29 18:02:30 EDT 2017,29-Oct-2017 18:02:30.215,-76.10781803,36.83505247,24.75,3.0,-24.600000381469727,68.4,-0.34476504,8.92558384,2.98796368,-0.01469769,-,23.52941132,-0.03955488,-,-,60.79999924,53.01947021,1938,-,-80.70866394,36.83505249,-76.1078186,14.50980377,55.36417389,55.30203629,32.35165405
Sun Oct 29 18:02:32 EDT 2017,29-Oct-2017 18:02:32.003,-76.10729928,36.83522786,25.25,3.0,-23.899999618530273,67.4,-0.34476504,9.46188545,3.06457806,0.03345186,-,23.13725471,0.0032145,-,-,60.79999924,53.02241516,1961,-,-78.41207123,36.83522797,-76.1072998,14.50980377,56.48263931,55.92340851,30.02097702
Sun Oct 29 18:02:34 EDT 2017,29-Oct-2017 18:02:33.845,-76.1067586,36.83541058,25.5,4.0,-24.0,67.2,0.2681506,8.84896946,2.87304211,-0.03045187,-,23.92156982,-0.03771373,-,-,60.79999924,53.0259819,1976,-,-78.74015808,36.83541107,-76.10675812,15.68627453,57.04187393,56.54477692,29.38558388
Sun Oct 29 18:02:36 EDT 2017,29-Oct-2017 18:02:35.624,-76.1062385,36.83557383,25.75,5.0,-25.0,68.0,0.15322891,9.19373417,3.21780705,-0.00547005,-,22.35294151,-0.00661372,-,-,60.79999924,53.03016663,1990,-,-82.02099609,36.8355751,-76.10623932,14.50980377,57.60110855,57.16614914,29.58025742
Sun Oct 29 18:02:37 EDT 2017,29-Oct-2017 18:02:37.464,-76.10596714,36.83565483,26.25,5.0,-24.100000381469727,67.8,-0.22984336,8.88727665,3.21780705,-0.01087519,-,20,-0.03589192,-,-,60.79999924,53.03434372,2013,-,-79.06824493,36.83565521,-76.10596466,10.98039246,58.71957779,57.16614914,29.58025742
Sun Oct 29 18:02:39 EDT 2017,29-Oct-2017 18:02:39.267,-76.10543055,36.83582389,25.75,5.0,-23.399999618530273,68.1,0.07661445,9.00219822,3.17949986,-0.00775898,-,21.56862831,-0.02642645,-,-,60.79999924,53.03851318,1982,-,-76.77165222,36.83582306,-76.1054306,12.94117641,57.60110855,57.16614914,-
Sun Oct 29 18:02:41 EDT 2017,29-Oct-2017 18:02:41.105,-76.10488553,36.83598288,25.75,6.0,-22.399999618530273,68.4,0,9.04050541,3.02627087,-0.0098254,-,21.96078491,-0.02784589,-,-,60.79999924,53.04267883,1983,-,-73.49081421,36.83598328,-76.10488892,12.54901981,57.60110855,57.16614914,-
Sun Oct 29 18:02:43 EDT 2017,29-Oct-2017 18:02:42.925,-76.10435299,36.83615838,25.5,5.0,-22.700000762939453,67.7,0,9.53849983,3.02627087,0.03908783,-,21.96078491,0.02043632,-,-,60.79999924,53.04682922,1979,-,-74.47506714,36.83615875,-76.10435486,12.94117641,57.04187393,57.16614914,-
Sun Oct 29 18:02:45 EDT 2017,29-Oct-2017 18:02:44.694,-76.10382993,36.83633492,25.75,5.0,-23.700000762939453,67.6,0.30645782,8.81066227,2.94965649,-0.02836373,-,21.17647171,-0.0531553,-,-,60.79999924,53.05097198,1985,-,-77.75590515,36.83633423,-76.10382843,12.15686321,57.60110855,57.16614914,-
Sun Oct 29 18:02:46 EDT 2017,29-Oct-2017 18:02:46.536,-76.10356081,36.8364162,25.75,5.0,-22.899999618530273,67.9,-0.19153613,9.15542698,3.25611424,0.00973338,-,22.35294151,-0.07000071,-,-,60.79999924,53.05510712,1977,-,-75.13123322,36.83641434,-76.1035614,13.72549057,57.60110855,57.16614914,-
Sun Oct 29 18:02:48 EDT 2017,29-Oct-2017 18:02:48.353,-76.10303138,36.83658671,25.75,5.0,-23.299999237060547,67.3,0.11492168,8.92558384,3.02627087,-0.02020818,-,22.74509811,-0.06428392,-,-,60.79999924,53.05923462,1982,-,-76.44356537,36.836586,-76.10303497,14.50980377,57.60110855,57.16614914,-
Sun Oct 29 18:02:50 EDT 2017,29-Oct-2017 18:02:50.165,-76.10248649,36.83675788,25.75,5.0,-23.600000381469727,68.3,-0.03830723,8.92558384,3.06457806,0.01209931,-,18.8235302,-0.01217433,-,-,60.79999924,53.06335449,1983,-,-77.42782593,36.83675766,-76.10248566,10.1960783,57.60110855,57.16614914,-
Sun Oct 29 18:02:52 EDT 2017,29-Oct-2017 18:02:51.990,-76.10196143,36.83693062,25.25,5.0,-24.5,67.5,0.15322891,8.81066227,2.98796368,-0.03249919,-,19.6078434,-0.00927463,-,-,60.79999924,53.06746674,1972,-,-80.38057709,36.83692932,-76.10195923,10.98039246,56.48263931,57.16614914,-
Sun Oct 29 18:02:54 EDT 2017,29-Oct-2017 18:02:53.815,-76.10143417,36.8371123,25.25,5.0,-25.799999237060547,68.2,-0.07661445,8.84896946,2.9113493,-0.03240178,-,23.13725471,-0.05471171,-,-,60.79999924,53.07094574,1968,-,-84.64566803,36.83711243,-76.1014328,14.11764717,56.48263931,56.54477692,-
Sun Oct 29 18:02:55 EDT 2017,29-Oct-2017 18:02:55.597,-76.1011652,36.83719737,25.5,5.0,-25.899999618530273,68.6,0.11492168,8.58081913,2.9113493,-0.05725002,-,22.74509811,-0.0790358,-,-,60.79999924,53.07504272,1978,-,-84.97375488,36.83719635,-76.10116577,13.72549057,57.04187393,57.16614914,30.59518814
Sun Oct 29 18:02:57 EDT 2017,29-Oct-2017 18:02:57.417,-76.10062831,36.83736752,25.75,4.0,-25.799999237060547,69.0,-0.49799395,9.30865574,2.94965649,0.00855373,-,24.70588303,-0.02624623,-,-,60.79999924,53.07912827,1990,-,-84.64566803,36.83736801,-76.10063171,16.47058868,57.60110855,57.16614914,30.59518814
Sun Oct 29 18:02:59 EDT 2017,29-Oct-2017 18:02:59.237,-76.10008282,36.83753429,25.75,4.0,-24.899999618530273,68.9,0.34476504,8.81066227,3.52426481,-0.01304543,-,18.03921509,-0.04736341,-,-,60.79999924,53.08382797,2032,-,-81.69290924,36.83753586,-76.1000824,10.1960783,57.60110855,57.78752136,29.3798027
Sun Oct 29 18:03:01 EDT 2017,29-Oct-2017 18:03:01.086,-76.09954755,36.83768343,25.0,4.0,-24.100000381469727,71.0,0,8.81066227,3.14119267,-0.02749658,-,20.3921566,-0.02869383,-,-,60.79999924,53.08665848,1955,-,-79.06824493,36.83768463,-76.09954834,10.58823586,55.92340851,55.92340851,29.3798027
Sun Oct 29 18:03:03 EDT 2017,29-Oct-2017 18:03:02.947,-76.09902457,36.83782353,24.5,5.0,-22.299999237060547,71.8,0.07661445,8.84896946,2.87304211,-0.01426437,-,24.70588303,-0.02517342,-,-,60.79999924,53.08824539,1967,-,-73.16272736,36.83782196,-76.09902191,16.86274529,54.80493546,54.68066406,-
Sun Oct 29 18:03:05 EDT 2017,29-Oct-2017 18:03:04.755,-76.09850692,36.83796211,24.5,4.0,-21.700000762939453,72.8,0.07661445,9.30865574,2.7581203,0.00870162,-,25.49019623,-0.05933964,-,-,60.79999924,53.08983231,1934,-,-71.19422913,36.8379631,-76.09850311,17.25490189,54.80493546,54.68066406,-
Sun Oct 29 18:03:07 EDT 2017,29-Oct-2017 18:03:07.162,-76.09797445,36.83809654,24.75,4.0,-21.200000762939453,74.0,0.15322891,9.0788126,2.9113493,-0.01315746,-,25.49019623,-0.03464241,-,-,60.79999924,53.09141159,1925,-,-69.55381012,36.83809662,-76.09797668,17.25490189,55.36417389,54.68066406,-
Sun Oct 29 18:03:09 EDT 2017,29-Oct-2017 18:03:09.593,-76.09744247,36.83821364,25.0,4.0,-21.600000381469727,75.1,1.11090958,9.00219822,3.90733719,0.18521392,-,25.49019623,0.00710064,-,-,60.79999924,53.09141159,1961,-,-70.86614227,36.83821487,-76.09744263,17.25490189,55.92340851,55.92340851,-
Sun Oct 29 18:03:11 EDT 2017,29-Oct-2017 18:03:11.238,-76.09690614,36.83834626,24.75,3.0,-21.5,76.4,-0.11492168,8.96389103,3.25611424,-0.00984125,-,19.6078434,-0.02743004,-,-,60.79999924,53.09360504,1916,-,-70.53805542,36.83834457,-76.09690857,11.76470566,55.36417389,55.30203629,-
Sun Oct 29 18:03:13 EDT 2017,29-Oct-2017 18:03:13.057,-76.09636555,36.83845554,24.75,6.0,-21.299999237060547,76.3,-0.19153613,8.96389103,3.37103605,-0.00220078,-,16.86274529,-0.02324221,-,-,60.79999924,53.09579849,1913,-,-69.88188934,36.8384552,-76.09636688,9.4117651,55.36417389,55.30203629,-
Sun Oct 29 18:03:14 EDT 2017,29-Oct-2017 18:03:14.878,-76.09610197,36.83849844,24.75,4.0,-21.700000762939453,78.6,-0.30645782,9.11711979,2.98796368,-0.0024932,-,19.2156868,-0.02115891,-,-,60.79999924,53.09675598,1891,-,-71.19422913,36.83849716,-76.09609985,9.4117651,55.36417389,54.05929184,-
Sun Oct 29 18:03:16 EDT 2017,29-Oct-2017 18:03:16.717,-76.09556352,36.83857861,24.25,3.0,-21.700000762939453,79.7,-0.11492168,9.0788126,3.29442143,0.01007173,-,18.8235302,-0.01508261,-,-,60.79999924,53.09770584,1869,-,-71.19422913,36.83857727,-76.0955658,9.4117651,54.24570084,54.05929184,-
Sun Oct 29 18:03:18 EDT 2017,29-Oct-2017 18:03:18.519,-76.0950309,36.83864233,24.25,3.0,-22.100000381469727,81.2,-0.2681506,8.46589756,3.17949986,-0.05875337,-,18.8235302,-0.07743829,-,-,60.79999924,53.09804535,1857,-,-72.50656128,36.83864212,-76.09503174,8.23529434,54.24570084,53.43792343,-
Sun Oct 29 18:03:20 EDT 2017,29-Oct-2017 18:03:20.344,-76.09449748,36.83869979,24.0,4.0,-22.100000381469727,82.3,0,9.19373417,3.44765043,0.00775985,-,16.86274529,0.00125038,-,-,60.79999924,53.09838104,1865,-,-72.50656128,36.83869934,-76.09449768,7.45098066,53.68646622,53.43792343,-
Sun Oct 29 18:03:22 EDT 2017,29-Oct-2017 18:03:22.138,-76.09396794,36.83873978,24.0,4.0,-21.700000762939453,83.7,-0.57460839,9.42357826,2.98796368,0.02214904,-,22.74509811,0.024436,-,-,60.79999924,53.09809875,1858,-,-71.19422913,36.8387413,-76.09397125,13.72549057,53.68646622,52.81655121,-
Sun Oct 29 18:03:24 EDT 2017,29-Oct-2017 18:03:23.949,-76.09343209,36.83877945,24.0,4.0,-23.0,84.7,0,8.88727665,2.98796368,-0.02522844,-,23.13725471,-0.04948809,-,-,60.79999924,53.09843826,1892,-,-75.45932007,36.83877945,-76.09342957,13.33333397,53.68646622,53.43792343,29.58403015
Sun Oct 29 18:03:26 EDT 2017,29-Oct-2017 18:03:25.768,-76.09288394,36.83880832,24.25,3.0,-23.200000762939453,85.3,0.07661445,8.77235508,3.17949986,-0.02981824,-,22.35294151,-0.00725138,-,-,60.79999924,53.09938049,1881,-,-76.11548615,36.83880997,-76.09288025,14.90196133,54.24570084,54.05929184,29.93693542
Sun Oct 29 18:03:28 EDT 2017,29-Oct-2017 18:03:27.624,-76.0923458,36.83883869,24.0,3.0,-22.799999237060547,87.4,0.5363012,8.96389103,3.02627087,-0.01503241,-,22.74509811,-0.01907226,-,-,60.79999924,53.10033035,1903,-,-74.80314636,36.83884048,-76.09234619,14.50980377,53.68646622,54.05929184,29.93693542
Sun Oct 29 18:03:29 EDT 2017,29-Oct-2017 18:03:29.452,-76.09207737,36.83884381,23.75,3.0,-22.299999237060547,89.0,0.15322891,8.84896946,2.7581203,-0.03994177,-,23.13725471,-0.06242676,-,-,60.79999924,53.10066223,1878,-,-73.16272736,36.8388443,-76.09207916,14.50980377,53.12723541,53.43792343,-
Sun Oct 29 18:03:31 EDT 2017,29-Oct-2017 18:03:31.248,-76.09153776,36.83883221,24.25,3.0,-21.600000381469727,90.4,-0.49799395,9.04050541,3.33272886,0.0024963,-,20.7843132,0.02341519,-,-,60.79999924,53.10099411,1873,-,-70.86614227,36.83883286,-76.09153748,11.76470566,54.24570084,53.43792343,-
Sun Oct 29 18:03:33 EDT 2017,29-Oct-2017 18:03:33.081,-76.09100664,36.838817,23.75,3.0,-21.100000381469727,90.5,-0.61291564,8.38928318,2.83473492,0.00038866,-,24.70588303,-0.0873742,-,-,60.79999924,53.10071182,1846,-,-69.22572327,36.8388176,-76.09100342,16.07843208,53.12723541,52.81655121,-
Sun Oct 29 18:03:35 EDT 2017,29-Oct-2017 18:03:34.898,-76.09046418,36.83880252,24.0,3.0,-21.700000762939453,91.5,-0.30645782,8.50420475,2.52827692,-0.07606995,-,29.41176605,-0.00205447,-,-,60.79999924,53.10165024,1861,-,-71.19422913,36.83880234,-76.09046173,19.6078434,53.68646622,54.05929184,59.82304764
Sun Oct 29 18:03:37 EDT 2017,29-Oct-2017 18:03:36.723,-76.08991932,36.83879137,24.25,4.0,-22.399999618530273,91.5,0.03830723,9.46188545,2.7581203,0.02366441,-,25.09803963,-0.1178273,-,-,60.79999924,53.10380936,1910,-,-73.49081421,36.83879089,-76.08992004,17.25490189,54.24570084,55.30203629,59.53073883
Sun Oct 29 18:03:38 EDT 2017,29-Oct-2017 18:03:38.516,-76.08963394,36.83878392,25.0,5.0,-22.799999237060547,92.1,0.2681506,8.88727665,3.67749381,-0.00018179,-,16.07843208,-0.01884673,-,-,60.79999924,53.10717392,1953,-,-74.80314636,36.83878326,-76.08963013,6.66666698,55.92340851,56.54477692,60.45127106
Sun Oct 29 18:03:40 EDT 2017,29-Oct-2017 18:03:40.340,-76.08907891,36.8387448,24.75,3.0,-23.5,94.5,-0.19153613,9.0788126,3.60087943,-0.04064965,-,21.56862831,-0.00386795,-,-,60.79999924,53.10931778,1914,-,-77.09973907,36.83874512,-76.08908081,13.72549057,55.36417389,55.30203629,60.45127106
Sun Oct 29 18:03:42 EDT 2017,29-Oct-2017 18:03:42.157,-76.08851659,36.83870862,25.0,3.0,-24.5,95.2,0.07661445,9.11711979,2.94965649,-0.00416988,-,20.7843132,-0.02283612,-,-,60.79999924,53.11206818,1939,-,-80.38057709,36.83870697,-76.08851624,12.94117641,55.92340851,55.92340851,30.26021957
Sun Oct 29 18:03:44 EDT 2017,29-Oct-2017 18:03:43.964,-76.08795549,36.83866054,25.5,3.0,-26.5,96.7,-0.30645782,9.19373417,3.21780705,0.0073729,-,19.2156868,-0.02612871,-,-,60.79999924,53.11541367,1966,-,-86.94226074,36.83866119,-76.08795929,10.1960783,57.04187393,56.54477692,29.71306992
Sun Oct 29 18:03:46 EDT 2017,29-Oct-2017 18:03:45.788,-76.08738091,36.83860349,25.5,3.0,-28.0,97.9,0,9.46188545,3.48595762,0.0468908,-,20,0.028242,-,-,60.79999924,53.11936188,1973,-,-91.86351776,36.83860397,-76.08737946,11.76470566,57.04187393,57.16614914,30.18128204
Sun Oct 29 18:03:47 EDT 2017,29-Oct-2017 18:03:47.606,-76.08709949,36.83856821,25.5,3.0,-28.600000381469727,98.3,-0.30645782,9.0788126,3.10288548,-0.00732608,-,21.56862831,-0.02483694,-,-,60.79999924,53.12330246,1971,-,-93.83202362,36.83856964,-76.08709717,10.98039246,57.04187393,57.16614914,30.18128204
Sun Oct 29 18:03:49 EDT 2017,29-Oct-2017 18:03:49.435,-76.08652796,36.83850174,25.5,3.0,-28.100000381469727,98.8,-0.34476504,9.42357826,3.02627087,0.02853972,-,21.17647171,-0.00670589,-,-,60.79999924,53.12723541,2006,-,-92.19160461,36.83850098,-76.08652496,11.76470566,57.04187393,57.16614914,-
Sun Oct 29 18:03:51 EDT 2017,29-Oct-2017 18:03:51.241,-76.08596537,36.83843029,25.5,3.0,-27.899999618530273,99.1,-0.42137951,8.88727665,3.21780705,-0.01654899,-,20.7843132,-0.00276572,-,-,60.79999924,53.13116074,1975,-,-91.53543091,36.8384285,-76.08596802,13.33333397,57.04187393,57.16614914,-
Sun Oct 29 18:03:53 EDT 2017,29-Oct-2017 18:03:53.065,-76.08540154,36.83835667,25.5,4.0,-28.0,99.6,-0.45968673,8.92558384,3.33272886,-0.01305642,-,18.8235302,-0.03549633,-,-,60.79999924,53.13447571,1973,-,-91.86351776,36.83835602,-76.08540344,10.58823586,57.04187393,56.54477692,-
Sun Oct 29 18:03:55 EDT 2017,29-Oct-2017 18:03:54.885,-76.08482979,36.83828453,25.5,4.0,-27.299999237060547,99.5,-0.5363012,8.96389103,3.25611424,-0.00729686,-,21.17647171,0.01352704,-,-,60.79999924,53.13778305,1966,-,-89.56692505,36.83828354,-76.08483124,11.76470566,57.04187393,56.54477692,-
Sun Oct 29 18:03:57 EDT 2017,29-Oct-2017 18:03:56.876,-76.08426351,36.83821318,25.5,4.0,-27.600000381469727,99.0,-0.45968673,9.11711979,3.14119267,0.00310075,-,20.7843132,-0.04314415,-,-,60.79999924,53.14108276,1971,-,-90.55118561,36.83821487,-76.08426666,13.72549057,57.04187393,56.54477692,-
Sun Oct 29 18:03:58 EDT 2017,29-Oct-2017 18:03:58.681,-76.08398618,36.83817999,25.5,4.0,-28.0,98.9,-0.22984336,9.19373417,3.25611424,0.01349705,-,21.56862831,0.03715903,-,-,60.79999924,53.14437866,1955,-,-91.86351776,36.83818054,-76.08398438,12.94117641,57.04187393,56.54477692,-
Sun Oct 29 18:04:00 EDT 2017,29-Oct-2017 18:04:00.492,-76.08342981,36.83810893,25.25,4.0,-28.299999237060547,99.2,-0.19153613,8.61912632,3.29442143,-0.04019886,-,20.3921566,-0.05206813,-,-,60.79999924,53.14706802,1950,-,-92.84776306,36.83810806,-76.08342743,11.76470566,56.48263931,55.92340851,-
Sun Oct 29 18:04:02 EDT 2017,29-Oct-2017 18:04:02.366,-76.08286361,36.83804411,25.25,4.0,-28.700000762939453,99.0,-0.5363012,9.50019264,3.02627087,0.01729659,-,20,0.02413806,-,-,60.79999924,53.14974976,1945,-,-94.16011047,36.83804321,-76.08286285,11.37254906,56.48263931,55.92340851,-
Sun Oct 29 18:04:04 EDT 2017,29-Oct-2017 18:04:04.188,-76.08231106,36.83796241,25.0,3.0,-28.299999237060547,99.4,-0.57460839,9.34696388,3.10288548,0.00643736,-,23.13725471,-0.01987369,-,-,60.79999924,53.15242767,1937,-,-92.84776306,36.8379631,-76.08231354,14.90196133,55.92340851,55.92340851,-
Sun Oct 29 18:04:06 EDT 2017,29-Oct-2017 18:04:06.001,-76.08175649,36.8378872,25.25,3.0,-27.700000762939453,99.3,-0.72783732,9.15542698,2.94965649,-0.0053468,-,23.52941132,-0.0346187,-,-,60.79999924,53.15570068,1944,-,-90.87926483,36.83788681,-76.08175659,15.29411793,56.48263931,56.54477692,30.13187599
Sun Oct 29 18:04:07 EDT 2017,29-Oct-2017 18:04:07.836,-76.081476,36.83784934,25.25,3.0,-28.200000762939453,99.8,-0.30645782,8.88727665,3.29442143,-0.01431441,-,21.56862831,0.01244249,-,-,60.79999924,53.15956497,2019,-,-92.51969147,36.83784866,-76.0814743,13.72549057,56.48263931,57.16614914,29.09182358
Sun Oct 29 18:04:09 EDT 2017,29-Oct-2017 18:04:09.621,-76.08090726,36.83778984,25.75,4.0,-28.0,98.5,-0.57460839,8.84896946,3.33272886,0.00587817,-,23.13725471,-0.03400246,-,-,60.79999924,53.16341782,2018,-,-91.86351776,36.83779144,-76.08090973,17.25490189,57.60110855,57.16614914,29.09182358
Sun Oct 29 18:04:11 EDT 2017,29-Oct-2017 18:04:11.445,-76.08032788,36.83771836,26.0,3.0,-28.100000381469727,98.9,-0.19153613,8.92558384,2.87304211,-0.02656306,-,22.35294151,-0.04365458,-,-,60.79999924,53.16786575,2008,-,-92.19160461,36.83771896,-76.0803299,15.29411793,58.16034317,57.78752136,29.5850544
Sun Oct 29 18:04:13 EDT 2017,29-Oct-2017 18:04:13.236,-76.07975294,36.83764864,26.0,3.0,-28.600000381469727,99.3,-0.45968673,9.15542698,3.715801,0.02730042,-,16.47058868,0.00864483,-,-,60.79999924,53.17230225,2006,-,-93.83202362,36.8376503,-76.07975006,7.05882359,58.16034317,57.78752136,29.5850544
Sun Oct 29 18:04:15 EDT 2017,29-Oct-2017 18:04:15.026,-76.07919275,36.83757646,25.25,3.0,-29.399999618530273,99.3,-0.5363012,8.50420475,3.29442143,-0.03140327,-,20,-0.06549959,-,-,60.79999924,53.17494202,1933,-,-96.45669556,36.83757782,-76.07919312,9.4117651,56.48263931,55.92340851,-
Sun Oct 29 18:04:17 EDT 2017,29-Oct-2017 18:04:16.851,-76.07864128,36.83750902,24.75,3.0,-29.200000762939453,98.9,-0.45968673,9.30865574,3.02627087,0.0178802,-,21.17647171,-0.0909174,-,-,60.79999924,53.17697906,1948,-,-95.80052948,36.83750916,-76.0786438,12.15686321,55.36417389,55.30203629,-
Sun Oct 29 18:04:18 EDT 2017,29-Oct-2017 18:04:18.672,-76.07836672,36.83747168,24.75,4.0,-29.299999237060547,99.3,-0.07661445,9.27034855,3.02627087,0.01496412,-,22.35294151,0.0245477,-,-,60.79999924,53.17901993,1912,-,-96.1286087,36.83747101,-76.07836914,13.33333397,55.36417389,55.30203629,-
Sun Oct 29 18:04:20 EDT 2017,29-Oct-2017 18:04:20.502,-76.07782285,36.83739881,24.75,3.0,-29.399999618530273,99.1,-0.68953007,8.92558384,3.17949986,-0.01259661,-,20.7843132,0.02373564,-,-,60.79999924,53.18104935,1925,-,-96.45669556,36.83739853,-76.07781982,12.15686321,55.36417389,55.30203629,-
Sun Oct 29 18:04:22 EDT 2017,29-Oct-2017 18:04:22.331,-76.07727528,36.83732558,24.75,3.0,-29.200000762939453,99.1,-0.2681506,9.42357826,3.17949986,0.0090235,-,23.13725471,-0.00140485,-,-,60.79999924,53.18307877,1912,-,-95.80052948,36.83732605,-76.07727814,14.50980377,55.36417389,55.30203629,-
Sun Oct 29 18:04:24 EDT 2017,29-Oct-2017 18:04:24.143,-76.07673522,36.8372562,24.75,3.0,-29.600000381469727,99.4,-0.45968673,9.04050541,3.29442143,0.00096017,-,20.7843132,-0.01770433,-,-,60.79999924,53.18510056,1912,-,-97.11286163,36.83725739,-76.07673645,12.54901981,55.36417389,55.30203629,-
Sun Oct 29 18:04:26 EDT 2017,29-Oct-2017 18:04:25.952,-76.07618754,36.8371879,24.75,3.0,-30.0,99.6,-0.22984336,9.34696388,3.06457806,0.02197832,-,21.96078491,0.01422686,-,-,60.79999924,53.18712234,1913,-,-98.42519379,36.83718872,-76.07618713,13.33333397,55.36417389,55.30203629,-
Sun Oct 29 18:04:27 EDT 2017,29-Oct-2017 18:04:27.765,-76.07591711,36.83715024,24.75,3.0,-29.700000762939453,99.6,-0.22984336,8.88727665,3.29442143,0.00666451,-,20.3921566,-0.0122439,-,-,60.79999924,53.18913651,1916,-,-97.44094849,36.83715057,-76.0759201,11.37254906,55.36417389,55.30203629,-
Sun Oct 29 18:04:29 EDT 2017,29-Oct-2017 18:04:29.446,-76.07536905,36.83707457,24.75,3.0,-29.5,99.2,-0.30645782,9.0788126,3.10288548,-0.0058261,-,21.96078491,-0.05786465,-,-,60.79999924,53.19115067,1915,-,-96.78477478,36.83707428,-76.07537079,12.54901981,55.36417389,55.30203629,-
Sun Oct 29 18:04:31 EDT 2017,29-Oct-2017 18:04:31.262,-76.07481961,36.83700422,24.75,3.0,-29.399999618530273,99.0,-0.45968673,9.27034855,3.21780705,0.02039582,-,21.56862831,-0.00642174,-,-,60.79999924,53.1931572,1925,-,-96.45669556,36.83700562,-76.07482147,12.94117641,55.36417389,55.30203629,-
Sun Oct 29 18:04:33 EDT 2017,29-Oct-2017 18:04:33.095,-76.07426928,36.8369326,25.0,3.0,-29.100000381469727,99.5,-0.19153613,8.92558384,3.17949986,-0.00725631,-,21.17647171,0.00242316,-,-,60.79999924,53.19515991,1927,-,-95.47244263,36.83693314,-76.07427216,12.54901981,55.92340851,55.30203629,-
Sun Oct 29 18:04:35 EDT 2017,29-Oct-2017 18:04:34.928,-76.07372431,36.83685341,24.75,3.0,-28.899999618530273,99.4,-0.2681506,9.57680702,3.25611424,-0.00672349,-,21.56862831,0.0318269,-,-,60.79999924,53.19716263,1920,-,-94.81626892,36.83685303,-76.07372284,12.94117641,55.36417389,55.30203629,-
Sun Oct 29 18:04:36 EDT 2017,29-Oct-2017 18:04:36.689,-76.07345038,36.83681225,24.75,3.0,-28.799999237060547,99.2,-0.19153613,8.77235508,3.02627087,-0.03485733,-,21.56862831,-0.02889022,-,-,60.79999924,53.19916153,1924,-,-94.4881897,36.83681107,-76.07344818,13.33333397,55.36417389,55.30203629,-
Sun Oct 29 18:04:38 EDT 2017,29-Oct-2017 18:04:38.491,-76.07290464,36.8367392,25.0,3.0,-28.5,99.1,-0.42137951,9.23204136,2.9113493,0.00670445,-,23.52941132,-0.06605492,-,-,60.79999924,53.2011528,1925,-,-93.50393677,36.83673859,-76.07290649,15.29411793,55.92340851,55.30203629,-
Sun Oct 29 18:04:40 EDT 2017,29-Oct-2017 18:04:40.334,-76.07234815,36.83666678,25.0,3.0,-27.700000762939453,99.2,-0.45968673,8.88727665,3.10288548,-0.00491089,-,21.56862831,-0.03438954,-,-,60.79999924,53.20373154,1944,-,-90.87926483,36.83666611,-76.07234955,12.94117641,55.92340851,55.92340851,29.7845993
Sun Oct 29 18:04:41 EDT 2017,29-Oct-2017 18:04:42.143,-76.07206817,36.83663203,25.25,3.0,-27.600000381469727,98.8,-0.15322891,8.92558384,3.21780705,-0.01370734,-,20,-0.02147073,-,-,60.79999924,53.20630646,1946,-,-90.55118561,36.83663177,-76.07206726,11.76470566,56.48263931,55.92340851,29.7845993
Sun Oct 29 18:04:44 EDT 2017,29-Oct-2017 18:04:43.953,-76.07123163,36.83652342,25.0,3.0,-27.600000381469727,99.4,-0.22984336,9.0788126,3.21780705,0.00360904,-,22.35294151,0.01382809,-,-,60.79999924,53.20886993,1944,-,-90.55118561,36.83652496,-76.07122803,13.72549057,55.92340851,55.92340851,-
Sun Oct 29 18:04:45 EDT 2017,29-Oct-2017 18:04:45.751,-76.07095308,36.83648679,25.25,4.0,-27.899999618530273,99.5,-0.22984336,8.88727665,3.21780705,-0.01722121,-,21.17647171,-0.06526286,-,-,60.79999924,53.21143723,1954,-,-91.53543091,36.83648682,-76.07095337,13.72549057,56.48263931,55.92340851,-
Sun Oct 29 18:04:47 EDT 2017,29-Oct-2017 18:04:47.566,-76.07039584,36.83641485,25.0,4.0,-28.5,99.3,-0.42137951,9.04050541,3.48595762,0.00579578,-,19.2156868,-0.02265656,-,-,60.79999924,53.21399689,1961,-,-93.50393677,36.83641434,-76.07039642,10.58823586,55.92340851,55.92340851,-
Sun Oct 29 18:04:50 EDT 2017,29-Oct-2017 18:04:49.686,-76.06956324,36.83631046,25.0,3.0,-28.799999237060547,99.1,-0.34476504,8.88727665,3.25611424,-0.00943096,-,19.2156868,-0.01158758,-,-,60.79999924,53.2165451,1945,-,-94.4881897,36.83631134,-76.06956482,14.90196133,55.92340851,55.92340851,-
Sun Oct 29 18:04:51 EDT 2017,29-Oct-2017 18:04:50.912,-76.06928795,36.83627731,24.75,4.0,-28.399999618530273,98.6,-0.19153613,9.00219822,3.21780705,-0.00628734,-,21.56862831,-0.0249543,-,-,60.79999924,53.21851349,1977,-,-93.17584991,36.83627701,-76.06929016,13.33333397,55.36417389,55.30203629,-
Sun Oct 29 18:04:52 EDT 2017,29-Oct-2017 18:04:52.726,-76.0690136,36.83624181,24.75,4.0,-27.600000381469727,99.2,-0.11492168,8.65743351,3.25611424,0.00107749,-,22.74509811,-0.0567397,-,-,60.79999924,53.22047043,1937,-,-90.55118561,36.83624268,-76.0690155,16.07843208,55.36417389,55.30203629,-
Sun Oct 29 18:04:54 EDT 2017,29-Oct-2017 18:04:54.556,-76.0684689,36.83617357,24.5,4.0,-26.299999237060547,99.2,-0.19153613,9.00219822,2.83473492,-0.0187254,-,26.27450943,-0.03739664,-,-,60.79999924,53.22184372,1916,-,-86.28608704,36.83617401,-76.06846619,18.03921509,54.80493546,54.68066406,-
Sun Oct 29 18:04:56 EDT 2017,29-Oct-2017 18:04:56.405,-76.06793366,36.8361009,24.25,4.0,-25.799999237060547,99.7,-0.38307226,8.46589756,3.14119267,-0.0415405,-,22.74509811,-0.06914792,-,-,60.79999924,53.2232132,1941,-,-84.64566803,36.83610153,-76.06793213,16.47058868,54.24570084,54.68066406,-
Sun Oct 29 18:04:58 EDT 2017,29-Oct-2017 18:04:58.252,-76.06738582,36.83602763,24.75,5.0,-25.0,99.5,0,9.42357826,3.21780705,0.03406793,-,22.35294151,-0.00768184,-,-,60.79999924,53.22516632,1969,-,-82.02099609,36.83602905,-76.06738281,15.68627453,55.36417389,55.30203629,28.59273911
Sun Oct 29 18:04:59 EDT 2017,29-Oct-2017 18:05:00.082,-76.0670966,36.83599564,24.75,4.0,-24.5,98.7,-1.14921677,9.50019264,3.33272886,0.04176299,-,22.74509811,0.02462961,-,-,60.79999924,53.227108,1969,-,-80.38057709,36.83599472,-76.0670929,14.11764717,55.36417389,55.30203629,28.59273911
Sun Oct 29 18:05:02 EDT 2017,29-Oct-2017 18:05:01.915,-76.06626311,36.83590001,24.75,3.0,-23.399999618530273,96.3,-0.65122288,10.0364933,3.48595762,0.1040749,-,17.25490189,0.04763994,-,-,60.79999924,53.2290535,1912,-,-76.77165222,36.83589935,-76.06626129,7.45098066,55.36417389,55.30203629,-
Sun Oct 29 18:05:04 EDT 2017,29-Oct-2017 18:05:03.763,-76.06572059,36.83586268,24.5,3.0,-23.200000762939453,93.2,-0.84275901,8.54251194,3.48595762,-0.03657526,-,16.86274529,-0.06124758,-,-,60.79999924,53.2298317,1878,-,-76.11548615,36.83586121,-76.0657196,8.23529434,54.80493546,54.05929184,-
Sun Oct 29 18:05:05 EDT 2017,29-Oct-2017 18:05:05.594,-76.06545026,36.835855,24.25,3.0,-22.700000762939453,92.1,-0.80445176,8.92558384,3.98395157,0.01873475,-,16.86274529,0.00007629,-,-,60.79999924,53.23002625,1835,-,-74.47506714,36.83585358,-76.06545258,6.66666698,54.24570084,53.43792343,-
Sun Oct 29 18:05:08 EDT 2017,29-Oct-2017 18:05:08.056,-76.0646478,36.83586389,23.5,3.0,-23.799999237060547,88.2,-0.61291564,8.73404789,3.14119267,-0.00993701,-,16.86274529,-0.01831816,-,-,60.79999924,53.22905731,1811,-,-78.08398438,36.83586502,-76.06465149,6.66666698,52.56800079,52.19517899,-
Sun Oct 29 18:05:10 EDT 2017,29-Oct-2017 18:05:10.853,-76.06411022,36.8358826,23.75,5.0,-24.700000762939453,87.5,-0.42137951,8.88727665,3.37103605,-0.01112545,-,16.86274529,0.00069398,-,-,60.79999924,53.22905731,1887,-,-81.03675079,36.83588409,-76.0641098,6.66666698,53.12723541,54.68066406,-
Sun Oct 29 18:05:12 EDT 2017,29-Oct-2017 18:05:12.492,-76.06359583,36.83593575,24.5,3.0,-26.399999618530273,83.5,-0.2681506,9.0788126,3.40934324,0.00794643,-,16.86274529,-0.01071568,-,-,60.79999924,53.23041153,1899,-,-86.61417389,36.8359375,-76.06359863,7.84313726,54.80493546,54.68066406,-
Sun Oct 29 18:05:14 EDT 2017,29-Oct-2017 18:05:14.317,-76.06304953,36.83600092,24.5,3.0,-28.299999237060547,81.0,-0.22984336,8.65743351,3.33272886,0.0118549,-,20,-0.05374369,-,-,60.79999924,53.23176575,1913,-,-92.84776306,36.83600235,-76.06304932,11.76470566,54.80493546,54.68066406,-
Sun Oct 29 18:05:16 EDT 2017,29-Oct-2017 18:05:16.135,-76.0625011,36.83607553,24.75,4.0,-29.200000762939453,80.3,-0.34476504,8.96389103,3.25611424,-0.00819772,-,21.17647171,-0.02686539,-,-,60.79999924,53.23369217,1916,-,-95.80052948,36.83607483,-76.0625,12.54901981,55.36417389,55.30203629,29.72067451
Sun Oct 29 18:05:17 EDT 2017,29-Oct-2017 18:05:17.957,-76.06222656,36.83611681,24.75,4.0,-29.100000381469727,79.4,-0.8810662,8.73404789,3.56257224,-0.00105731,-,17.25490189,-0.03394718,-,-,60.79999924,53.23561478,1911,-,-95.47244263,36.83611679,-76.06222534,8.23529434,55.36417389,55.30203629,29.72067451
Sun Oct 29 18:05:19 EDT 2017,29-Oct-2017 18:05:19.756,-76.06168998,36.83620174,24.25,5.0,-29.100000381469727,78.6,-0.84275901,8.61912632,3.17949986,-0.0405879,-,21.96078491,-0.05926664,-,-,60.79999924,53.2358017,1865,-,-95.47244263,36.83620071,-76.06169128,11.76470566,54.24570084,53.43792343,-
Sun Oct 29 18:05:21 EDT 2017,29-Oct-2017 18:05:21.595,-76.06117956,36.83634131,23.75,4.0,-28.799999237060547,73.1,-0.99598789,9.57680702,2.79642749,0.04105157,-,24.70588303,0.02240078,-,-,60.79999924,53.23541641,1895,-,-94.4881897,36.83634186,-76.06118011,15.29411793,53.12723541,52.81655121,-
Sun Oct 29 18:05:23 EDT 2017,29-Oct-2017 18:05:23.406,-76.0606765,36.83648211,24.0,4.0,-27.399999618530273,70.4,-0.5363012,9.0788126,3.10288548,-0.0014497,-,24.70588303,-0.02011503,-,-,60.79999924,53.23560333,1872,-,-89.8950119,36.836483,-76.06067657,16.47058868,53.68646622,53.43792343,29.73489761
Sun Oct 29 18:05:25 EDT 2017,29-Oct-2017 18:05:25.213,-76.0601751,36.83663969,24.0,3.0,-27.0,67.6,-0.22984336,9.11711979,3.14119267,0.00226372,-,24.31372643,-0.12084205,-,-,60.79999924,53.23636627,1898,-,-88.58267975,36.8366394,-76.06017303,18.03921509,53.68646622,54.05929184,29.34454918
Sun Oct 29 18:05:27 EDT 2017,29-Oct-2017 18:05:27.096,-76.0596603,36.83681817,24.5,4.0,-26.600000381469727,66.6,-0.61291564,9.0788126,3.10288548,0.01887679,-,21.17647171,-0.01964798,-,-,60.79999924,53.23770523,1945,-,-87.27033997,36.8368187,-76.05966187,13.72549057,54.80493546,54.68066406,29.04395103
Sun Oct 29 18:05:29 EDT 2017,29-Oct-2017 18:05:28.904,-76.05915004,36.8369979,24.5,4.0,-26.0,66.3,-0.38307226,8.92558384,2.71981311,-0.0290491,-,25.09803963,-0.04772387,-,-,60.79999924,53.23903656,1891,-,-85.30183411,36.83699799,-76.0591507,14.90196133,54.80493546,54.68066406,29.04395103
Sun Oct 29 18:05:31 EDT 2017,29-Oct-2017 18:05:30.704,-76.05864226999999,36.837174,24.5,4.0,-25.700000762939453,66.5,-0.38307226,8.81066227,2.98796368,-0.03182423,-,21.17647171,0.01155289,-,-,60.79999924,53.24036789,1903,-,-84.31758881,36.83717346,-76.05863953,13.33333397,54.80493546,54.68066406,-
Sun Oct 29 18:05:32 EDT 2017,29-Oct-2017 18:05:32.506,-76.05839081,36.83726172,24.5,4.0,-25.700000762939453,66.6,-0.30645782,8.84896946,3.33272886,-0.03074721,-,18.4313736,-0.02496213,-,-,60.79999924,53.24112701,1877,-,-84.31758881,36.8372612,-76.05838776,9.4117651,54.80493546,54.05929184,-
Sun Oct 29 18:05:34 EDT 2017,29-Oct-2017 18:05:34.316,-76.05789364,36.8374336,24.0,4.0,-24.299999237060547,66.3,-0.42137951,8.61912632,2.83473492,-0.05509835,-,25.49019623,-0.08156594,-,-,60.79999924,53.2413063,1846,-,-79.72440338,36.83743286,-76.05789185,16.86274529,53.68646622,53.43792343,-
Sun Oct 29 18:05:36 EDT 2017,29-Oct-2017 18:05:36.126,-76.05740305,36.83760895,24.0,4.0,-24.0,65.5,-0.57460839,9.38527107,3.14119267,0.00128729,-,22.35294151,0.0109116,-,-,60.79999924,53.2414856,1850,-,-78.74015808,36.83760834,-76.05740356,14.11764717,53.68646622,53.43792343,-
Sun Oct 29 18:05:38 EDT 2017,29-Oct-2017 18:05:37.924,-76.0569145,36.83777662,23.75,3.0,-22.5,66.4,-0.45968673,9.19373417,3.44765043,-0.03062814,-,16.86274529,-0.04930349,-,-,60.79999924,53.24110031,1835,-,-73.81890106,36.83777618,-76.05691528,7.45098066,53.12723541,52.81655121,-
Sun Oct 29 18:05:40 EDT 2017,29-Oct-2017 18:05:39.749,-76.05643949,36.83794049,23.0,3.0,-21.399999618530273,65.9,-0.45968673,8.96389103,3.21780705,-0.01106327,-,21.96078491,-0.03001433,-,-,60.79999924,53.23956299,1779,-,-70.2099762,36.83794022,-76.05644226,10.58823586,51.44953156,51.57381058,-
Sun Oct 29 18:05:41 EDT 2017,29-Oct-2017 18:05:41.600,-76.05620308,36.83802575,22.75,4.0,-20.5,66.0,-0.22984336,9.15542698,3.40934324,0.01515925,-,15.68627453,-0.00350044,-,-,60.79999924,53.23688889,1780,-,-67.25721741,36.83802414,-76.05620575,7.05882359,50.89030075,50.33106613,-
Sun Oct 29 18:05:43 EDT 2017,29-Oct-2017 18:05:43.416,-76.05574202,36.83816548,22.0,3.0,-19.100000381469727,67.8,0.38307226,8.96389103,3.44765043,-0.00230628,-,15.29411793,-0.02199326,-,-,60.79999924,53.23250961,1684,-,-62.66404343,36.83816528,-76.05574036,5.88235283,49.21259689,48.46695328,-
Sun Oct 29 18:05:45 EDT 2017,29-Oct-2017 18:05:45.241,-76.05530271,36.83829181,20.75,4.0,-18.299999237060547,70.9,0.49799395,7.85298157,3.14119267,-0.11733359,-,15.29411793,-0.13603851,-,-,60.79999924,53.22528839,1601,-,-60.03936768,36.83829117,-76.05530548,5.49019623,46.41642761,45.36009598,-
Sun Oct 29 18:05:47 EDT 2017,29-Oct-2017 18:05:47.045,-76.05488354,36.83839816,19.75,5.0,-19.0,72.7,-0.15322891,8.88727665,3.67749381,-0.00023317,-,14.90196133,-0.05340507,-,-,60.79999924,53.21523285,1488,-,-62.33595657,36.83839798,-76.05488586,5.09803915,44.17948914,42.25324249,-
Sun Oct 29 18:05:49 EDT 2017,29-Oct-2017 18:05:48.877,-76.05449082,36.83845637,17.75,3.0,-19.700000762939453,78.8,0.11492168,8.08282471,3.94564438,-0.06405956,-,14.50980377,-0.04663484,-,-,60.79999924,53.20291901,1384,-,-64.63254547,36.8384552,-76.05448914,5.09803915,39.705616,39.76775742,-
Sun Oct 29 18:05:50 EDT 2017,29-Oct-2017 18:05:50.655,-76.05430331,36.83848365,17.25,3.0,-20.5,80.3,0,8.58081913,3.715801,-0.01178681,-,15.29411793,-0.04648285,-,-,60.79999924,53.18835068,1401,-,-67.25721741,36.8384819,-76.05430603,5.88235283,38.58715057,37.28227234,-
Sun Oct 29 18:05:52 EDT 2017,29-Oct-2017 18:05:52.424,-76.05394847,36.83852489,16.5,4.0,-19.899999618530273,81.4,0.45968673,9.15542698,4.06056595,0.06251558,-,15.29411793,0.06437965,-,-,60.79999924,53.17267609,1557,-,-65.28871155,36.83852386,-76.05394745,5.88235283,36.90944672,36.03952789,-
Sun Oct 29 18:05:54 EDT 2017,29-Oct-2017 18:05:54.132,-76.05358529,36.83855012,16.25,4.0,-21.100000381469727,84.1,0.65122288,9.00219822,3.90733719,0.02156764,-,15.29411793,-0.05351791,-,-,60.79999924,53.15646362,1550,-,-69.22572327,36.83855057,-76.05358887,5.49019623,36.35021591,35.41815948,-
Sun Oct 29 18:05:56 EDT 2017,29-Oct-2017 18:05:55.970,-76.05323377,36.83854233,15.75,4.0,-22.5,88.7,-0.34476504,8.88727665,4.02225876,0.00675264,-,15.29411793,-0.07072297,-,-,60.79999924,53.13970947,1518,-,-73.81890106,36.83854294,-76.05323029,5.49019623,35.23174286,34.79678726,-
Sun Oct 29 18:05:58 EDT 2017,29-Oct-2017 18:05:57.851,-76.05288297,36.83855662,15.5,3.0,-22.700000762939453,90.2,0.03830723,9.15542698,3.67749381,0.02475649,-,15.68627453,0.00610011,-,-,60.79999924,53.12242126,1507,-,-74.47506714,36.8385582,-76.05287933,5.88235283,34.67251205,34.17541504,-
Sun Oct 29 18:05:59 EDT 2017,29-Oct-2017 18:05:59.649,-76.05271213,36.83855686,15.25,4.0,-23.399999618530273,90.6,-0.2681506,9.38527107,3.37103605,0.02630602,-,15.68627453,0.01726136,-,-,60.79999924,53.104599,1478,-,-76.77165222,36.8385582,-76.05271149,5.88235283,34.11327744,33.55404282,-
Sun Oct 29 18:06:01 EDT 2017,29-Oct-2017 18:06:01.490,-76.05237414,36.83854403,15.0,3.0,-24.299999237060547,90.8,-0.22984336,9.19373417,2.98796368,0.00471091,-,19.2156868,-0.01395237,-,-,60.79999924,53.08681488,1461,-,-79.72440338,36.83854294,-76.05237579,10.1960783,33.55404282,33.55404282,-
Sun Oct 29 18:06:03 EDT 2017,29-Oct-2017 18:06:03.251,-76.05203526,36.83853318,15.0,3.0,-23.799999237060547,91.4,0.34476504,8.77235508,2.83473492,-0.0405879,-,20.3921566,-0.02002166,-,-,60.79999924,53.06905365,1465,-,-78.08398438,36.83853149,-76.05203247,11.76470566,33.55404282,33.55404282,-
Sun Oct 29 18:06:05 EDT 2017,29-Oct-2017 18:06:05.027,-76.05168911,36.83851577,15.25,3.0,-24.799999237060547,93.1,-0.5363012,8.84896946,3.10288548,-0.01923735,-,18.4313736,-0.00970597,-,-,60.79999924,53.05189133,1494,-,-81.36483002,36.83851624,-76.05168915,9.8039217,34.11327744,34.17541504,24.67314911
Sun Oct 29 18:06:06 EDT 2017,29-Oct-2017 18:06:06.799,-76.05151863,36.83850828,15.25,5.0,-24.799999237060547,93.1,-0.57460839,8.96389103,3.44765043,0.01591006,-,15.68627453,-0.00191687,-,-,60.79999924,53.03532791,1509,-,-81.36483002,36.83850861,-76.0515213,5.88235283,34.11327744,34.79678726,24.38380051
Sun Oct 29 18:06:08 EDT 2017,29-Oct-2017 18:06:08.519,-76.05116269,36.83848839,15.5,6.0,-24.100000381469727,93.4,-0.22984336,8.96389103,3.67749381,0.00552208,-,15.68627453,-0.00688251,-,-,60.79999924,53.01823044,1485,-,-79.06824493,36.83848953,-76.05116272,5.88235283,34.67251205,34.17541504,24.38380051
Sun Oct 29 18:06:10 EDT 2017,29-Oct-2017 18:06:10.315,-76.05082199,36.83847853,15.25,5.0,-24.200000762939453,91.7,-0.15322891,8.84896946,4.06056595,-0.0124679,-,14.90196133,-0.0070669,-,-,60.79999924,53.00003433,1442,-,-79.39633179,36.83847809,-76.0508194,5.49019623,34.11327744,32.93267441,-
Sun Oct 29 18:06:12 EDT 2017,29-Oct-2017 18:06:12.125,-76.05050321,36.83847059,13.75,3.0,-23.799999237060547,91.3,0.11492168,8.58081913,4.5202527,0.00771517,-,14.50980377,-0.01094707,-,-,60.79999924,52.97906113,1329,-,-78.08398438,36.83847046,-76.05050659,4.70588255,30.75787354,29.82581711,-
Sun Oct 29 18:06:14 EDT 2017,29-Oct-2017 18:06:13.903,-76.05023575,36.83846782,11.5,4.0,-23.200000762939453,91.8,-0.11492168,8.88727665,4.175488,0.00304229,-,14.50980377,-0.03219546,-,-,60.79999924,52.95363235,799,-,-76.11548615,36.83846664,-76.05023956,4.31372547,25.72476578,24.85484695,-
Sun Oct 29 18:06:16 EDT 2017,29-Oct-2017 18:06:15.716,-76.05002006,36.8384609,9.5,4.0,-22.299999237060547,93.0,-0.11492168,8.73404789,5.09486103,0.04979426,-,14.11764717,0.00306993,-,-,60.79999924,52.9248848,1188,-,-73.16272736,36.83845901,-76.05001831,4.31372547,21.25089455,21.12662125,-
Sun Oct 29 18:06:17 EDT 2017,29-Oct-2017 18:06:17.410,-76.04993733,36.83845799,7.75,4.0,-22.299999237060547,93.0,0,8.42759037,4.94163227,0.01487607,-,13.72549057,0.04910269,-,-,60.79999924,52.88945389,987,-,-73.16272736,36.83845901,-76.04993439,3.92156863,17.33625603,13.67016602,-
Sun Oct 29 18:06:19 EDT 2017,29-Oct-2017 18:06:19.210,-76.04984437,36.83845251,3.75,4.0,-22.700000762939453,97.1,0,8.88727665,4.29040956,0.01642735,-,13.33333397,0.00366303,-,-,60.79999924,52.84848785,751,-,-74.47506714,36.83845139,-76.04984283,3.52941179,8.3885107,7.45645428,-
Sun Oct 29 18:06:21 EDT 2017,29-Oct-2017 18:06:21.054,-76.04981296,36.8384512,1.0,4.0,-22.299999237060547,90.9,-0.30645782,9.19373417,3.21780705,0.01241547,-,14.11764717,0.00616847,-,-,60.79999924,52.80255508,629,-,-73.16272736,36.83845139,-76.04981232,4.31372547,2.23693633,1.86411357,-
Sun Oct 29 18:06:23 EDT 2017,29-Oct-2017 18:06:22.877,-76.04982069,36.83845094,0.0,3.0,-22.100000381469727,0.0,-0.30645782,9.15542698,3.06457806,-0.00781425,-,14.11764717,-0.03509299,-,-,60.79999924,52.80255508,706,-,-72.50656128,36.83845139,-76.04981995,3.92156863,0,0,-
Sun Oct 29 18:06:24 EDT 2017,29-Oct-2017 18:06:24.726,-76.04981622,36.83845277,0.0,3.0,-21.799999237060547,0.0,-0.15322891,8.92558384,3.10288548,-0.01761681,-,13.72549057,-0.01016833,-,-,60.79999924,52.80255508,684,-,-71.52230835,36.83845139,-76.04981995,3.92156863,0,0,-
