GPS Time, Device Time, Longitude, Latitude,GPS Speed (Meters/second), Horizontal Dilution of Precision, Altitude, Bearing, G(x), G(y), G(z), G(calibrated), 1/4 mile time(s),Absolute Throttle Position B(%),Acceleration Sensor(Total)(g),Acceleration Sensor(X axis)(g),Acceleration Sensor(Y axis)(g),Acceleration Sensor(Z axis)(g),Accelerator PedalPosition D(%),Accelerator PedalPosition E(%),Accelerator PedalPosition F(%),Actual engine % torque(%),Ambient air temp(°F),Average trip speed(whilst moving only)(mph),Barometric pressure (from vehicle)(psi),Drivers demand engine % torque(%),Engine RPM(rpm),Fuel pressure(psi),GPS Altitude(ft),GPS Latitude(°),GPS Longitude(°),Relative Throttle Position(%),Speed (GPS)(mph),Speed (OBD)(mph),Torque(Nm)
Sun Nov 26 19:31:44 EST 2017,31:43.7,-76.04387381,36.77303597,0,9,-38.09999847,0,8.88727665,0.72783732,4.55855989,0.00063275,-,14.50980377,-0.007997,0.86689138,0.07028849,0.37639979,14.11764717,14.11764717,-,-,41,20.98781776,14.64881134,-,652,-,-124.9999924,36.77303696,-76.04387665,4.70588255,0,0,-
Sun Nov 26 19:31:45 EST 2017,31:44.7,-76.04387382,36.77303617,0,9,-38.09999847,0,2.29843354,9.34696388,2.52827692,0.03346688,-,17.64705849,0.02007738,0.31239328,0.92546505,0.19286871,14.11764717,14.11764717,-,-,41,20.98781776,14.64881134,-,667,-,-124.9999924,36.77303696,-76.04387665,7.84313726,0,0,-
Sun Nov 26 19:31:46 EST 2017,31:45.7,-76.04387627,36.77303729,0.25,9,-38.59999847,300.8,-5.36301184,7.54652357,2.41335535,-0.00804598,-,17.64705849,-0.01721512,-0.48030469,0.81612742,0.16162936,30.19607925,27.45098114,-,-,41,20.94927216,14.64881134,-,1154,-,-126.6404114,36.77303696,-76.04387665,8.23529434,0.55923408,2.48548484,11.06476688
Sun Nov 26 19:31:47 EST 2017,31:46.7,-76.04388386,36.77304281,0.75,9,-38.79999924,313.2,-8.6957407,-4.48194551,1.83874691,0.02896804,-,20.7843132,-0.00038912,-0.96060938,-0.23429495,0.0444819,34.90196228,35.29411697,-,-,41,20.91475868,14.64881134,-,1286,-,-127.2965851,36.77304459,-76.04388428,11.76470566,1.67770207,4.34959841,11.06476688
Sun Nov 26 19:31:48 EST 2017,31:47.7,-76.04389549,36.77305319,1.25,9,-38.5,317.2,-6.97191525,-6.74207211,1.80043972,0.04881148,-,22.74509811,-0.0013284,-0.69117016,-0.69117016,0.10305563,38.4313736,38.4313736,-,-,42.79999924,20.88426018,14.64881134,-,1565,-,-126.3123398,36.77305222,-76.04389191,13.72549057,2.79617047,6.21371174,28.37332344
Sun Nov 26 19:31:49 EST 2017,31:48.7,-76.04391913,36.77308705,3.5,9,-38.40000153,328.7,-7.01022243,-6.66545773,1.99197578,0.05837877,-,22.35294151,0.02108658,-0.73412424,-0.65602589,0.16943921,37.25490189,37.25490189,-,-,42.79999924,20.83519173,14.64881134,-,1661,-,-125.9842606,36.77308655,-76.04392242,13.72549057,7.82927656,9.94193935,27.16409683
Sun Nov 26 19:31:50 EST 2017,31:49.7,-76.04393333,36.77313711,5,9,-37.90000153,344.1,-9.53849983,4.55855989,2.22181916,0.09968014,-,22.74509811,0.0227962,-0.92546505,0.37096703,0.12648514,37.25490189,37.25490189,-,-,42.79999924,20.8165741,14.64881134,-,1736,-,-124.3438339,36.77313614,-76.04393005,14.90196133,11.18468189,11.80605221,52.98376465
Sun Nov 26 19:31:51 EST 2017,31:50.7,-76.04389702,36.77321798,6.5,10,-37.29999924,17.3,5.89931297,5.86100578,3.86903,-0.01949302,-,23.52941132,0.00198928,0.65212095,0.63259637,0.32173091,36.86274719,36.86274719,-,-,42.79999924,20.80442619,14.64881134,-,1855,-,-122.3753281,36.77321625,-76.04389954,15.29411793,14.54008579,14.91290855,75.40938568
Sun Nov 26 19:31:52 EST 2017,31:51.7,-76.04386714,36.77328177,7.25,10,-36,22.3,8.61912632,-0.57460839,4.06056595,-0.00604785,-,22.74509811,-0.02262534,0.89813066,0.03904916,0.28268176,35.29411697,33.33333206,-,-,42.79999924,20.79488182,14.64881134,-,1699,-,-118.1102371,36.7732811,-76.04386902,14.50980377,16.21778679,16.15565109,75.40938568
Sun Nov 26 19:31:53 EST 2017,31:52.7,-76.04383579,36.77335618,8,10,-35.40000153,24.7,8.42759037,-1.14921677,4.06056595,-0.00265727,-,20.3921566,-0.02482129,0.87860614,-0.12886222,0.30220634,32.54901886,32.15686417,-,-,42.79999924,20.78919601,14.64881134,-,1473,-,-116.1417389,36.77335739,-76.0438385,11.76470566,17.89549065,18.01976395,82.84416199
Sun Nov 26 19:31:54 EST 2017,31:53.7,-76.04379183,36.77343661,8.5,10,-35.09999847,25.3,8.50420475,-0.61291564,3.17949986,0.04162763,-,20,-0.14601298,0.8083176,-0.13667206,0.1381999,31.37254906,31.76470566,-,-,42.79999924,20.78423119,14.64881134,-,1544,-,-115.1574783,36.7734375,-76.04379272,10.58823586,19.01395798,19.88387871,42.94890213
Sun Nov 26 19:31:55 EST 2017,31:54.7,-76.04375085,36.77351792,9,10,-34.79999924,23.3,7.96790314,-2.14520478,4.78840351,-0.00700023,-,18.8235302,-0.02906304,0.85127175,-0.20696054,0.317826,27.84313774,27.84313774,-,-,42.79999924,20.7836647,14.64881134,-,1551,-,-114.1732254,36.77351761,-76.04375458,9.8039217,20.13242531,20.50524902,42.94890213
Sun Nov 26 19:31:56 EST 2017,31:55.7,-76.04371487,36.7735962,9.25,10,-34.90000153,21.2,8.58081913,-1.18752408,4.175488,0.00395631,-,18.8235302,-0.00040444,0.88641596,-0.10543273,0.34906533,29.80392265,29.80392265,-,-,42.79999924,20.78309822,14.64881134,-,1578,-,-114.5013199,36.77359772,-76.04371643,9.8039217,20.69165993,20.50524902,14.55716419
Sun Nov 26 19:31:57 EST 2017,31:56.7,-76.04367928,36.77367664,9.25,10,-33.90000153,21.3,9.00219822,-1.49398184,3.52426481,0.00269412,-,21.96078491,0.00963528,0.91375035,-0.12495731,0.31001619,36.07843018,36.07843018,-,-,42.79999924,20.78574562,14.64881134,-,1721,-,-111.2204742,36.77367783,-76.04367828,12.94117641,20.69165993,21.74799156,34.28122711
Sun Nov 26 19:31:58 EST 2017,31:57.7,-76.04364495,36.77375977,9.75,10,-34.59999847,19.9,8.77235508,-0.99598789,4.48194551,0.02829808,-,22.74509811,-0.00899738,0.8747012,-0.1210524,0.34906533,34.11764908,34.11764908,-,-,42.79999924,20.79020309,14.64881134,-,1794,-,-113.5170593,36.77375793,-76.04364777,12.54901981,21.81012726,22.9907341,34.28122711
Sun Nov 26 19:31:59 EST 2017,31:58.7,-76.0436263,36.77386272,10.25,10,-35.09999847,15.2,8.35097599,-1.34075296,4.40533113,0.00748377,-,19.6078434,0.05000407,0.91765523,-0.11714748,0.39592433,27.84313774,28.23529434,-,-,42.79999924,20.79589081,14.64881134,-,1820,-,-115.1574783,36.77386093,-76.04362488,10.58823586,22.9285965,23.61210442,45.83493805
Sun Nov 26 19:32:00 EST 2017,31:59.7,-76.04359322,36.77395463,10.75,10,-34.70000076,14.5,8.23605347,-0.76614451,4.55855989,0.00165994,-,17.25490189,-0.04360666,0.85908157,-0.10543273,0.30611128,27.05882454,27.45098114,-,-,41,20.80280876,14.64881134,-,1396,-,-113.8451462,36.7739563,-76.04359436,7.84313726,24.04706573,24.23347664,45.83493805
Sun Nov 26 19:32:01 EST 2017,32:00.7,-76.04356772,36.77404774,10.75,10,-34.29999924,12.5,8.54251194,-1.11090958,5.01824665,0.00863171,-,16.86274529,-0.03971375,0.82784218,-0.0741934,0.38030469,27.05882454,27.45098114,-,-,41,20.81531143,14.64881134,-,1379,-,-112.5328064,36.77404785,-76.04357147,7.45098066,24.04706573,23.61210442,20.59725189
Sun Nov 26 19:32:02 EST 2017,32:01.7,-76.04355565,36.77414308,10.5,10,-34.70000076,9.8,8.77235508,-1.64721072,4.94163227,0.05899137,-,16.86274529,-0.01841133,0.85517663,-0.10933765,0.36858991,27.05882454,27.45098114,-,-,41,20.82090569,14.64881134,-,1365,-,-113.8451462,36.77414322,-76.04355621,7.45098066,23.48783112,23.61210442,20.59725189
Sun Nov 26 19:32:03 EST 2017,32:02.7,-76.04354154,36.77423483,10.25,10,-34.79999924,7.8,8.27436066,-0.80445176,4.32871675,-0.00346978,-,16.86274529,-0.05909636,0.8083176,-0.08981306,0.37249482,27.05882454,27.45098114,-,-,41,20.82523537,14.64881134,-,1331,-,-114.1732254,36.77423477,-76.04354095,7.45098066,22.9285965,22.9907341,20.59725189
Sun Nov 26 19:32:04 EST 2017,32:03.7,-76.04352907,36.77432545,10.25,10,-34.70000076,6.6,8.35097599,-0.76614451,4.48194551,0.00815898,-,16.86274529,-0.01201986,0.87860614,-0.12495731,0.3334457,27.45098114,27.45098114,-,-,41,20.82954979,14.64881134,-,1331,-,-113.8451462,36.77432632,-76.0435257,7.45098066,22.9285965,22.9907341,20.59725189
Sun Nov 26 19:32:05 EST 2017,32:04.7,-76.04350698,36.77441309,10,11,-34.59999847,7.5,8.77235508,-0.65122288,4.48194551,0.00976766,-,16.86274529,-0.02137712,0.86689138,-0.08590815,0.34516042,27.45098114,27.45098114,-,-,41,20.82954979,14.64881134,-,1329,-,-113.5170593,36.77441406,-76.04351044,7.45098066,22.36936378,22.9907341,20.59725189
Sun Nov 26 19:32:06 EST 2017,32:05.7,-76.04349402,36.77451784,11,11,-35.20000076,9.9,8.61912632,1.14921677,4.67348194,0.02529472,-,16.86274529,0.00663844,0.87860614,0.11714748,0.37639979,27.45098114,27.45098114,-,-,41,20.83261299,14.64881134,-,1329,-,-115.4855652,36.77451706,-76.04349518,7.45098066,24.60629845,22.36936378,-
Sun Nov 26 19:32:07 EST 2017,32:06.7,-76.04347914,36.77461849,11,12,-35.20000076,9.2,8.19774628,1.8770541,4.21379519,-0.01062525,-,16.86274529,-0.03987272,0.83565199,0.16791138,0.34125552,27.45098114,27.45098114,-,-,41,20.83261299,14.64881134,-,1329,-,-115.4855652,36.77462006,-76.04347992,7.45098066,24.60629845,22.36936378,-
Sun Nov 26 19:32:08 EST 2017,32:07.7,-76.04341581,36.77469984,10.75,12,-35.29999924,16.4,7.96790314,1.8770541,3.79241538,-0.0091267,-,18.8235302,-0.01732388,0.83955687,0.2186753,0.36078009,30.98039246,30.98039246,-,-,41,20.83566093,14.64881134,-,1312,-,-115.8136444,36.77470016,-76.04341888,9.8039217,24.04706573,22.36936378,-
Sun Nov 26 19:32:09 EST 2017,32:08.7,-76.04341851,36.77481426,11,12,-35.59999847,12.9,8.65743351,1.68551803,4.06056595,0.00117864,-,18.8235302,-0.0559393,0.81222248,0.19915071,0.33735061,30.98039246,30.98039246,-,-,41,20.83869743,14.64881134,-,1321,-,-116.7978973,36.77481461,-76.04341888,9.8039217,24.60629845,22.36936378,-
Sun Nov 26 19:32:10 EST 2017,32:09.7,-76.04341256,36.77487438,10.25,12,-35,8.8,8.15943909,2.06859016,3.90733719,-0.01661482,-,18.8235302,-0.0545665,0.83174706,0.19915071,0.30220634,30.58823586,30.98039246,-,-,41,20.84718704,14.64881134,-,1332,-,-114.8293991,36.77487564,-76.04341125,9.8039217,22.9285965,22.9907341,24.34245682
Sun Nov 26 19:32:11 EST 2017,32:10.7,-76.04337442,36.77494341,10,12,-34.79999924,10.6,8.00621033,1.95366859,4.32871675,-0.01005729,-,18.4313736,-0.03784857,0.83174706,0.18743597,0.34516042,30.19607925,30.19607925,-,-,41,20.851408,14.64881134,-,1346,-,-114.1732254,36.77494431,-76.04337311,9.4117651,22.36936378,22.9907341,24.34245682
Sun Nov 26 19:32:12 EST 2017,32:11.7,-76.04331808,36.77501177,10.25,12,-35.20000076,15.9,8.42759037,1.80043972,4.71178913,0.00719495,-,18.4313736,0.04467177,0.87860614,0.19134088,0.4310686,29.80392265,30.19607925,-,-,41,20.8568306,14.64881134,-,1360,-,-115.4855652,36.77501297,-76.0433197,9.4117651,22.9285965,23.61210442,24.34245682
Sun Nov 26 19:32:13 EST 2017,32:12.7,-76.04331022,36.77512629,11,12,-35.20000076,14.4,8.1211319,1.18752408,4.86501789,0.03476008,-,18.4313736,0.02538872,0.83955687,0.32801294,0.38811451,29.41176605,29.01960754,-,-,41,20.87004662,14.64881134,-,1390,-,-115.4855652,36.77512741,-76.04331207,9.01960754,24.60629845,24.85484695,21.04041862
Sun Nov 26 19:32:14 EST 2017,32:13.7,-76.04329019,36.77523629,11.25,11,-35.29999924,14.8,8.1211319,1.95366859,4.55855989,-0.0117747,-,17.25490189,-0.02655189,0.83174706,0.20696054,0.36078009,27.84313774,27.84313774,-,-,41,20.87661552,14.64881134,-,1399,-,-115.8136444,36.77523804,-76.04328918,7.84313726,25.16553307,24.23347664,23.51248741
Sun Nov 26 19:32:15 EST 2017,32:14.7,-76.04325177,36.7753371,11.25,11,-35.09999847,15.6,8.19774628,1.83874691,4.86501789,-0.00664029,-,15.29411793,-0.03293683,0.81222248,0.19134088,0.38811451,23.92156982,25.09803963,-,-,41,20.88315964,14.64881134,-,1397,-,-115.1574783,36.77533722,-76.04325104,5.49019623,25.16553307,24.23347664,23.51248741
Sun Nov 26 19:32:16 EST 2017,32:15.7,-76.04323414,36.77541441,11,11,-35.90000153,16.8,8.27436066,1.9153614,4.5202527,-0.00368412,-,16.47058868,-0.01187322,0.83955687,0.22648512,0.36858991,26.27450943,26.27450943,-,-,41,20.89375877,14.64881134,-,1377,-,-117.7821579,36.77541351,-76.04323578,6.66666698,24.60629845,23.61210442,23.51248741
Sun Nov 26 19:32:17 EST 2017,32:16.7,-76.04320174,36.77551001,10.75,11,-35.70000076,16.2,8.46589756,2.33674097,4.59686708,0.00944124,-,16.47058868,0.01195244,0.84346181,0.1952458,0.42325872,26.27450943,26.27450943,-,-,41,20.89902496,14.64881134,-,1365,-,-117.1259842,36.77550888,-76.04320526,7.05882359,24.04706573,23.61210442,-
Sun Nov 26 19:32:18 EST 2017,32:17.7,-76.04313901,36.77558405,10.25,10,-34.90000153,26.2,8.54251194,1.8770541,4.75009632,-0.00387323,-,16.07843208,-0.0794253,0.84736669,0.18353106,0.20848836,26.27450943,26.66666794,-,-,41,20.90427208,14.64881134,-,1360,-,-114.5013199,36.77558517,-76.0431366,6.66666698,22.9285965,23.61210442,-
Sun Nov 26 19:32:19 EST 2017,32:18.7,-76.04308925,36.77566825,10.5,10,-34.70000076,27.5,7.96790314,1.95366859,4.94163227,-0.00865775,-,16.86274529,-0.01344178,0.81612742,0.23819989,0.39982924,27.05882454,27.05882454,-,-,41,20.91350937,14.64881134,-,1353,-,-113.8451462,36.7756691,-76.04309082,7.45098066,23.48783112,23.61210442,-
Sun Nov 26 19:32:20 EST 2017,32:19.7,-76.0430367,36.77576304,11,10,-34.29999924,27.7,8.35097599,2.06859016,5.20978308,0.00982892,-,16.86274529,0.00477987,0.85908157,0.22648512,0.36858991,27.05882454,27.05882454,-,-,41,20.91870117,14.64881134,-,1350,-,-112.5328064,36.77576447,-76.04303741,7.45098066,24.60629845,23.61210442,20.58454704
Sun Nov 26 19:32:21 EST 2017,32:20.7,-76.0429843,36.7758325,10.75,10,-34.29999924,30.3,8.15943909,1.34075296,4.97993946,-0.0245403,-,16.86274529,-0.05402593,0.81612742,0.25772443,0.30220634,27.05882454,27.45098114,-,-,41,20.92387009,14.64881134,-,1354,-,-112.5328064,36.77583313,-76.04298401,7.45098066,24.04706573,23.61210442,20.58454704
Sun Nov 26 19:32:22 EST 2017,32:21.7,-76.04291007,36.77590278,10.75,10,-33.29999924,32.4,8.1211319,1.22583127,4.63517427,0.00356661,-,17.25490189,-0.0168193,0.87079626,0.0976229,0.34516042,29.41176605,29.80392265,-,-,41,20.9341507,14.64881134,-,1364,-,-109.2519684,36.77590179,-76.04290771,7.45098066,24.04706573,23.61210442,20.58454704
Sun Nov 26 19:32:23 EST 2017,32:22.7,-76.04284969,36.77598262,10.75,10,-33.09999847,33.3,8.27436066,1.03429508,5.20978308,-0.01098237,-,17.64705849,0.0372473,0.88641596,0.08590815,0.4310686,29.80392265,29.80392265,-,-,41,20.93926239,14.64881134,-,1378,-,-108.5957947,36.7759819,-76.04284668,8.62745094,24.04706573,23.61210442,20.58454704
Sun Nov 26 19:32:24 EST 2017,32:23.7,-76.04277536,36.77606124,10.75,10,-32.09999847,34.7,8.42759037,1.8770541,4.02225876,0.01264022,-,17.64705849,-0.0099216,0.85908157,0.16010156,0.364685,27.45098114,27.84313774,-,-,41,20.94553566,14.64881134,-,1385,-,-105.3149567,36.77606201,-76.04277802,8.23529434,24.04706573,24.23347664,-
Sun Nov 26 19:32:25 EST 2017,32:24.7,-76.04270813,36.7761452,10.75,10,-31.70000076,37.5,8.23605347,1.95366859,5.13316822,-0.01284079,-,16.86274529,-0.04753161,0.8083176,0.21086545,0.35687518,27.05882454,27.05882454,-,-,41,20.95801353,14.64881134,-,1408,-,-104.0026245,36.77614594,-76.04270935,7.45098066,24.04706573,24.23347664,19.87937927
Sun Nov 26 19:32:26 EST 2017,32:25.7,-76.04263008,36.77622388,11,10,-31,38.1,8.31266785,2.68150592,4.175488,0.00579949,-,16.47058868,0.02281853,0.83565199,0.23819989,0.43887842,27.05882454,27.05882454,-,-,41,20.96421623,14.64881134,-,1415,-,-101.7060394,36.77622223,-76.04263306,6.66666698,24.60629845,24.23347664,19.87937927
Sun Nov 26 19:32:27 EST 2017,32:26.7,-76.04254666,36.77629413,10.75,10,-31.39999962,40.2,8.08282471,2.26012635,4.86501789,0.00788474,-,16.47058868,-0.01048433,0.81222248,0.29677361,0.38030469,26.66666794,26.66666794,-,-,41,20.97039604,14.64881134,-,1413,-,-103.0183716,36.77629471,-76.04254913,6.66666698,24.04706573,24.23347664,19.87937927
Sun Nov 26 19:32:28 EST 2017,32:27.7,-76.04245906,36.77636308,10.75,10,-32.59999847,44.4,7.66144562,2.83473492,4.63517427,0.01686934,-,16.07843208,0.0202643,0.83174706,0.33191785,0.38811451,26.27450943,26.66666794,-,-,41,20.982687,14.64881134,-,1408,-,-106.9553757,36.77636337,-76.04245758,6.66666698,24.04706573,24.23347664,-
Sun Nov 26 19:32:29 EST 2017,32:28.7,-76.0423719,36.77643322,11,10,-32.70000076,47.7,8.19774628,2.98796368,5.05655384,0.01956089,-,15.29411793,0.02382502,0.83565199,0.28896379,0.4154489,23.92156982,23.92156982,-,-,41,20.98879623,14.64881134,-,1383,-,-107.2834702,36.77643204,-76.04237366,5.49019623,24.60629845,24.23347664,-
Sun Nov 26 19:32:30 EST 2017,32:29.7,-76.04227585,36.7765006,10.75,9,-32.40000153,51.6,7.89128876,2.56658411,4.94163227,0.00040284,-,14.90196133,-0.0096751,0.8083176,0.27724904,0.39982924,23.92156982,23.92156982,-,-,41,20.99372101,14.64881134,-,1371,-,-106.2992172,36.7765007,-76.04227448,5.09803915,24.04706573,23.61210442,-
Sun Nov 26 19:32:31 EST 2017,32:30.7,-76.04217927,36.77655364,10.5,9,-32.40000153,54.6,8.04451752,3.14119267,5.55454779,0.03389743,-,14.90196133,-0.02867026,0.77317333,0.34363261,0.37639979,24.31372643,25.09803963,-,-,41,21.00118446,14.64881134,-,1333,-,-106.2992172,36.77655411,-76.04218292,5.09803915,23.48783112,22.9907341,-
Sun Nov 26 19:32:32 EST 2017,32:31.7,-76.04207681,36.77660459,10.5,9,-32.70000076,59.8,8.27436066,2.14520478,4.78840351,0.01775044,-,16.47058868,-0.05035536,0.79269797,0.24600971,0.36078009,25.88235283,25.88235283,-,-,41,21.00489616,14.64881134,-,1369,-,-107.2834702,36.7766037,-76.04207611,6.66666698,23.48783112,22.9907341,-
Sun Nov 26 19:32:33 EST 2017,32:32.7,-76.04198158,36.77665012,10.25,10,-32.20000076,60.4,7.85298157,2.45166254,4.25210238,-0.01208542,-,17.25490189,-0.03677071,0.82003236,0.22258021,0.35297027,28.23529434,28.62745094,-,-,41,21.00859451,14.64881134,-,1356,-,-105.6430435,36.77664948,-76.04198456,7.45098066,22.9285965,22.9907341,-
Sun Nov 26 19:32:34 EST 2017,32:33.7,-76.04187771,36.77669062,10.5,9,-31.89999962,62.9,8.35097599,2.33674097,4.55855989,0.0063915,-,17.64705849,0.00035085,0.84736669,0.22648512,0.38030469,28.62745094,29.01960754,-,-,41,21.0171032,14.64881134,-,1370,-,-104.6587906,36.77669144,-76.04187775,8.23529434,23.48783112,23.61210442,-
Sun Nov 26 19:32:35 EST 2017,32:34.7,-76.04177073,36.77673061,10.5,10,-31.20000076,66.3,7.92959595,2.94965649,4.5202527,-0.00791426,-,17.64705849,-0.00537791,0.81612742,0.29677361,0.3842096,28.62745094,28.62745094,-,-,41,21.02190781,14.64881134,-,1370,-,-102.3622055,36.77672958,-76.04177094,8.23529434,23.48783112,23.61210442,21.05964851
Sun Nov 26 19:32:36 EST 2017,32:35.7,-76.04165924,36.77676389,10.5,10,-31.39999962,68.7,8.1211319,2.22181916,5.17147589,-0.00832643,-,17.64705849,-0.06363187,0.76536351,0.21086545,0.39592433,28.23529434,28.62745094,-,-,41,21.02784348,14.64881134,-,1396,-,-103.0183716,36.77676392,-76.04165649,8.23529434,23.48783112,24.23347664,21.05964851
Sun Nov 26 19:32:37 EST 2017,32:36.7,-76.04154194,36.7767946,10.75,10,-31.29999924,70.9,8.42759037,2.48996973,4.78840351,-0.02406397,-,17.64705849,-0.01763443,0.81222248,0.25772443,0.38811451,28.23529434,28.23529434,-,-,41,21.03964996,14.64881134,-,1408,-,-102.6902847,36.77679443,-76.04154205,8.23529434,24.04706573,24.23347664,24.24372864
Sun Nov 26 19:32:38 EST 2017,32:37.7,-76.04142202,36.77682255,11,10,-30.89999962,75.1,7.69975281,2.83473492,4.48194551,-0.00724484,-,16.47058868,-0.03332346,0.76926845,0.32801294,0.3842096,26.66666794,27.45098114,-,-,41,21.04552078,14.64881134,-,1419,-,-101.3779526,36.77682114,-76.04141998,7.05882359,24.60629845,24.23347664,24.24372864
Sun Nov 26 19:32:39 EST 2017,32:38.7,-76.04129456,36.77684582,11.25,10,-30.39999962,76.9,7.58483076,2.79642749,4.40533113,-0.01992012,-,16.47058868,-0.0391816,0.78879303,0.30848834,0.35297027,26.66666794,26.66666794,-,-,41,21.05137253,14.64881134,-,1409,-,-99.73753357,36.77684402,-76.04129791,7.05882359,25.16553307,24.23347664,24.24372864
Sun Nov 26 19:32:40 EST 2017,32:39.7,-76.04118366,36.77686163,11,9,-31.70000076,81.3,7.77636719,3.33272886,4.71178913,-0.00377278,-,16.47058868,-0.09951829,0.73412424,0.31629819,0.31392109,26.66666794,26.66666794,-,-,41,21.06300735,14.64881134,-,1403,-,-104.0026245,36.7768631,-76.04118347,6.66666698,24.60629845,24.23347664,-
Sun Nov 26 19:32:41 EST 2017,32:40.7,-76.0410675,36.77687583,10.75,10,-31.70000076,83,7.46990919,3.29442143,4.32871675,0.00462886,-,16.07843208,-0.04761972,0.76145858,0.36315718,0.34125552,26.27450943,26.27450943,-,-,41,21.06879044,14.64881134,-,1389,-,-104.0026245,36.77687454,-76.04106903,6.27450991,24.04706573,24.23347664,-
Sun Nov 26 19:32:42 EST 2017,32:41.7,-76.04094857,36.77687788,10.5,9,-31.20000076,88.9,7.39329481,4.29040956,4.44363832,0.00520482,-,16.07843208,-0.04840511,0.71069467,0.44516042,0.34906533,25.88235283,26.27450943,-,-,41,21.07342529,14.64881134,-,1378,-,-102.3622055,36.77687836,-76.04094696,6.27450991,23.48783112,23.61210442,-
Sun Nov 26 19:32:43 EST 2017,32:42.7,-76.04082958,36.77686953,10.75,10,-31,93.6,6.89530087,4.44363832,4.8267107,-0.00428603,-,16.07843208,-0.02945605,0.70288485,0.45297024,0.39201942,25.88235283,26.27450943,-,-,41,21.08151245,14.64881134,-,1359,-,-101.7060394,36.77687073,-76.04083252,6.27450991,24.04706573,22.9907341,-
Sun Nov 26 19:32:44 EST 2017,32:43.7,-76.04071041,36.77685605,10.5,10,-30.89999962,95.7,6.66545773,4.59686708,4.48194551,-0.03761727,-,15.68627453,-0.03727776,0.71069467,0.45297024,0.364685,25.88235283,26.27450943,-,-,41,21.08497047,14.64881134,-,1350,-,-101.3779526,36.77685547,-76.04071045,5.88235283,23.48783112,22.9907341,-
Sun Nov 26 19:32:45 EST 2017,32:44.7,-76.04060336,36.77681164,10.25,9,-31.70000076,107.2,6.66545773,5.66946983,5.05655384,0.00013623,-,15.68627453,-0.1610288,0.63259637,0.41392109,0.26315722,25.88235283,25.88235283,-,-,41,21.08841705,14.64881134,-,1338,-,-104.0026245,36.77681351,-76.04060364,5.88235283,22.9285965,22.9907341,-
Sun Nov 26 19:32:46 EST 2017,32:45.7,-76.0404947,36.7767757,10.25,10,-31.29999924,112.7,6.89530087,4.55855989,4.94163227,-0.0053001,-,15.29411793,-0.01274601,0.6638357,0.54668826,0.3842096,25.09803963,25.49019623,-,-,41,21.09185028,14.64881134,-,1336,-,-102.6902847,36.77677536,-76.04049683,5.88235283,22.9285965,22.9907341,-
Sun Nov 26 19:32:47 EST 2017,32:46.7,-76.04039423,36.77672548,10.25,10,-31.79999924,118.8,7.85298157,3.06457806,5.40131903,0.02087764,-,14.90196133,0.02652653,0.79269797,0.30848834,0.47402263,21.56862831,20,-,-,41,21.09644699,14.64881134,-,1225,-,-104.3307037,36.77672577,-76.04039764,5.09803915,22.9285965,22.36936378,-
Sun Nov 26 19:32:48 EST 2017,32:47.7,-76.04031298,36.77666744,9.75,9,-32.20000076,126.2,8.1211319,1.03429508,4.8267107,-0.01222664,-,14.50980377,-0.03089567,0.82784218,0.10543273,0.39201942,14.11764717,14.11764717,-,-,41,21.09761429,14.64881134,-,1252,-,-105.6430435,36.77666855,-76.04031372,4.70588255,21.81012726,21.74799156,-
Sun Nov 26 19:32:49 EST 2017,32:48.7,-76.04023071,36.77661735,9.75,10,-32,125.9,7.73806,0.2681506,3.56257224,0.0191687,-,14.11764717,-0.12616044,0.76926845,0.18353106,0.27096704,14.11764717,14.11764717,-,-,41,21.09655571,14.64881134,-,1208,-,-104.9868774,36.77661896,-76.0402298,4.31372547,21.81012726,20.50524902,-
Sun Nov 26 19:32:50 EST 2017,32:49.7,-76.04015511,36.77657151,9,10,-32.09999847,126,7.62313843,-0.30645782,6.16746378,0.01006258,-,14.11764717,-0.03733324,0.78488815,-0.05076391,0.45449808,14.11764717,14.11764717,-,-,41,21.0844574,14.64881134,-,942,-,-105.3149567,36.77657318,-76.0401535,3.92156863,20.13242531,16.77702141,-
Sun Nov 26 19:32:51 EST 2017,32:50.7,-76.04007213,36.77652544,8.5,10,-32.20000076,124.8,7.66144562,-0.68953007,6.85699368,0.02461495,-,13.72549057,0.04688958,0.76926845,-0.06247865,0.60678977,14.11764717,14.11764717,-,-,41,21.07013321,14.64881134,-,1029,-,-105.6430435,36.77652359,-76.04006958,3.52941179,19.01395798,13.04879475,-
Sun Nov 26 19:32:52 EST 2017,32:51.7,-76.04001061,36.77648595,7.25,11,-32.20000076,125.3,6.81868649,-0.84275901,7.16345167,0.04417956,-,13.33333397,0.06523946,0.77707827,-0.05076391,0.6263144,14.11764717,14.11764717,-,-,41,21.04811859,14.64881134,-,778,-,-105.6430435,36.77648544,-76.04000854,3.13725495,16.21778679,8.69919682,-
Sun Nov 26 19:32:53 EST 2017,32:52.7,-76.03995228,36.77646523,6,11,-32.09999847,118.4,8.23605347,-0.19153613,4.5202527,-0.02310896,-,13.72549057,-0.04178172,0.83955687,-0.01952458,0.36078009,14.11764717,14.11764717,-,-,41,21.01845932,14.64881134,-,723,-,-105.3149567,36.77646637,-76.03995514,3.92156863,13.42161655,4.34959841,-
Sun Nov 26 19:32:54 EST 2017,32:53.7,-76.03994731,36.77644537,4,11,-32.29999924,125.3,8.96389103,-0.91937345,3.63918662,0.00714315,-,16.47058868,-0.00118326,0.91375035,-0.0976229,0.29049161,35.29411697,35.68627548,-,-,41,20.98339653,14.64881134,-,627,-,-105.9711227,36.77644348,-76.03994751,7.05882359,8.94774532,1.24274242,-
Sun Nov 26 19:32:55 EST 2017,32:54.7,-76.0399851,36.77646158,1,10,-32.5,120.4,7.35498762,-6.20577097,2.71981311,0.02969056,-,20.7843132,0.03898907,0.82393724,-0.55840296,0.19677362,37.25490189,37.64706039,-,-,41,20.92352295,14.64881134,-,1553,-,-106.6272965,36.77646255,-76.03998566,11.76470566,2.23693633,5.59234095,32.55145264
Sun Nov 26 19:32:56 EST 2017,32:55.7,-76.03995267,36.77644527,2.75,10,-31.79999924,120.8,0.45968673,-9.61511421,2.22181916,0.06280706,-,22.35294151,0.02712836,0.00780983,-0.99965847,0.13429496,39.60784531,40,-,-,41,20.90196228,14.64881134,-,1929,-,-104.3307037,36.77644348,-76.03995514,13.72549057,6.15157461,8.69919682,32.55145264
Sun Nov 26 19:32:57 EST 2017,32:56.7,-76.0399159,36.77643191,3.75,10,-32,116.6,-2.03028297,-9.69172859,2.22181916,0.05348581,-,25.09803963,0.0694425,-0.18353106,-1.01918304,0.1655343,40.39215851,40.39215851,-,-,41,20.88485527,14.64881134,-,1845,-,-104.9868774,36.77643204,-76.03991699,16.86274529,8.3885107,11.18468189,62.76157379
Sun Nov 26 19:32:58 EST 2017,32:57.7,-76.03985785,36.77642121,5.75,9,-32.09999847,104.8,-0.30645782,-10.64940929,3.52426481,0.03524381,-,25.09803963,0.05568529,0.05076391,-1.02308798,0.15381955,38.82352829,38.4313736,-,-,41,20.87217522,14.64881134,-,1931,-,-105.3149567,36.77642059,-76.03985596,16.86274529,12.86238289,13.67016602,62.76157379
Sun Nov 26 19:32:59 EST 2017,32:58.7,-76.03976636,36.77642316,7.25,3,-32.20000076,91.7,0.03830723,-9.46188545,3.52426481,0.08775577,-,23.52941132,0.05051257,-0.03123933,-0.99965847,0.22020312,36.07843018,36.47058868,-,-,41,20.85891914,14.64881134,-,1642,-,-105.6430435,36.77642441,-76.0397644,15.29411793,16.21778679,18.01976395,73.99066925
Sun Nov 26 19:33:00 EST 2017,32:59.7,-76.03968205,36.7764447,8,3,-32.20000076,78.2,0.2681506,-10.41956615,4.36702394,0.09350634,-,21.17647171,0.03788702,-0.0234295,-0.98403883,0.22801295,33.72549057,33.72549057,-,-,41,20.85504341,14.64881134,-,1446,-,-105.6430435,36.77644348,-76.03968048,11.37254906,17.89549065,18.64113617,65.77984619
Sun Nov 26 19:33:01 EST 2017,33:00.7,-76.03959978,36.77647542,8.25,4,-31.89999962,63,3.25611424,-8.65743351,4.175488,0.05348593,-,21.17647171,-0.00722059,0.31239328,-0.87079626,0.25925228,33.72549057,33.72549057,-,-,41,20.85334778,14.64881134,-,1472,-,-104.6587906,36.776474,-76.03959656,12.15686321,18.45472336,19.88387871,50.23288727
Sun Nov 26 19:33:02 EST 2017,33:01.7,-76.03952713,36.77653218,8.75,4,-32.09999847,49.9,8.50420475,-4.13718033,4.09887314,0.02628426,-,21.56862831,-0.05396141,0.78488815,-0.36315718,0.28268176,33.33333206,32.15686417,-,-,41,20.85274124,14.64881134,-,1567,-,-105.3149567,36.77653122,-76.03952789,12.54901981,19.5731926,20.50524902,50.23288727
Sun Nov 26 19:33:03 EST 2017,33:02.7,-76.03945438,36.77660445,9.25,4,-32.20000076,41.4,8.31266785,-1.30244577,4.90332508,0.01249388,-,15.68627453,0.00936326,0.86689138,-0.07028849,0.411544,14.11764717,14.11764717,-,-,41,20.85321808,14.64881134,-,1618,-,-105.6430435,36.7766037,-76.0394516,6.27450991,20.69165993,21.12662125,30.41147995
Sun Nov 26 19:33:04 EST 2017,33:03.7,-76.0393837,36.77667346,9.25,3,-31.89999962,39.9,8.04451752,-0.19153613,5.82269859,0.01269131,-,15.29411793,-0.05179452,0.79269797,-0.01952458,0.41935381,14.11764717,14.11764717,-,-,41,20.85261345,14.64881134,-,1465,-,-104.6587906,36.77667236,-76.03938293,5.49019623,20.69165993,20.50524902,30.41147995
Sun Nov 26 19:33:05 EST 2017,33:04.7,-76.03932428,36.7767327,8.5,4,-31.39999962,38.6,6.81868649,1.95366859,6.4739213,0.03186547,-,14.90196133,0.0644585,0.7575537,0.17572121,0.6263144,14.11764717,14.11764717,-,-,41,20.83958626,14.64881134,-,1184,-,-103.0183716,36.7767334,-76.0393219,5.09803915,19.01395798,15.53427982,30.41147995
Sun Nov 26 19:33:06 EST 2017,33:05.7,-76.03929633,36.77677544,6.5,4,-32.20000076,38.4,7.31668043,3.25611424,6.43561411,0.0272209,-,13.72549057,0.03765912,0.71850449,0.30458343,0.58336031,14.11764717,14.11764717,-,-,41,20.82076263,14.64881134,-,867,-,-105.6430435,36.77677536,-76.03929901,3.92156863,14.54008579,9.94193935,-
Sun Nov 26 19:33:07 EST 2017,33:06.7,-76.03927068,36.77680501,4,3,-32.79999924,40.8,6.74207211,2.60489154,6.7803793,0.02438435,-,13.72549057,0.01048127,0.67164552,0.2421048,0.61459965,14.11764717,14.11764717,-,-,41,20.79450989,14.64881134,-,781,-,-107.6115494,36.77680588,-76.03926849,3.92156863,8.94774532,5.59234095,-
Sun Nov 26 19:33:08 EST 2017,33:07.7,-76.03925632,36.77681217,1.75,3,-32.20000076,40.9,6.93360806,5.70777702,5.43962622,0.0008593,-,14.11764717,0.05561302,0.68726522,0.57011771,0.4623079,14.11764717,14.11764717,-,-,41,20.76299477,14.64881134,-,630,-,-105.6430435,36.77681351,-76.03925323,4.31372547,3.91463828,2.48548484,-
Sun Nov 26 19:33:09 EST 2017,33:08.7,-76.03925892,36.77681078,0.25,3,-32,40.9,7.20175886,4.97993946,4.21379519,-0.00906765,-,14.50980377,-0.06951682,0.67164552,0.46468499,0.34516042,14.11764717,14.11764717,-,-,41,20.76299477,14.64881134,-,669,-,-104.9868774,36.77680969,-76.03926086,4.70588255,0.55923408,0,-
Sun Nov 26 19:33:10 EST 2017,33:09.7,-76.03925855,36.77681116,0,3,-32.09999847,0,6.51222849,5.17147589,4.36702394,-0.01371052,-,14.50980377,0.00703246,0.72631437,0.54278332,0.33735061,14.11764717,14.11764717,-,-,41,20.76299477,14.64881134,-,687,-,-105.3149567,36.77680969,-76.03926086,4.70588255,0,0,-
Sun Nov 26 19:33:11 EST 2017,33:10.7,-76.03925569,36.77681052,0,3,-32.09999847,0,7.04852962,5.43962622,4.21379519,-0.01261081,-,14.50980377,-0.02523603,0.6794554,0.5349735,0.34906533,14.11764717,14.11764717,-,-,41,20.76299477,14.64881134,-,680,-,-105.3149567,36.77680969,-76.03925323,4.31372547,0,0,-
Sun Nov 26 19:33:12 EST 2017,33:11.7,-76.03925485,36.77681023,0,3,-32.09999847,0,6.66545773,4.78840351,4.32871675,-0.01426159,-,14.50980377,-0.06275233,0.68336034,0.4685899,0.33735061,14.11764717,14.11764717,-,-,41,20.76299477,14.64881134,-,689,-,-105.3149567,36.77680969,-76.03925323,4.31372547,0,0,-
Sun Nov 26 19:33:13 EST 2017,33:12.7,-76.03925519,36.77680984,0,3,-32.09999847,0,6.74207211,5.36301184,4.32871675,-0.01004352,-,14.11764717,-0.04254633,0.69507504,0.48811451,0.34125552,14.11764717,14.11764717,-,-,41,20.76299477,14.64881134,-,662,-,-105.3149567,36.77680969,-76.03925323,4.31372547,0,0,-
Sun Nov 26 19:33:14 EST 2017,33:13.7,-76.03925659,36.77680991,0,3,-32.09999847,0,6.05254173,5.7843914,4.32871675,-0.0304076,-,14.11764717,-0.0389196,0.61697668,0.58964235,0.34125552,14.11764717,14.11764717,-,-,41,20.76299477,14.64881134,-,663,-,-105.3149567,36.77680969,-76.03925323,4.31372547,0,0,-
Sun Nov 26 19:33:15 EST 2017,33:14.7,-76.0392563,36.77680993,0,3,-32.29999924,0,0.72783732,8.81066227,3.83072281,-0.00168294,-,14.11764717,-0.03147054,0.07809832,0.88251102,0.29049161,14.11764717,14.11764717,-,-,41,20.76299477,14.64881134,-,698,-,-105.9711227,36.77680969,-76.03925323,4.70588255,0,0,-
Sun Nov 26 19:33:16 EST 2017,33:15.7,-76.03925539,36.7768092,0,3,-32.29999924,0,-6.85699368,9.00219822,2.64319873,0.04052968,-,13.72549057,0.20193224,-0.76536351,0.88251102,0.18115395,14.11764717,14.11764717,-,-,41,20.76299477,14.64881134,-,648,-,-105.9711227,36.77680969,-76.03925323,3.92156863,0,0,-
Sun Nov 26 19:33:17 EST 2017,33:16.7,-76.0392537,36.77681065,0.25,3,-32.20000076,40.9,-8.92558384,1.99197578,1.8770541,-0.02933747,-,16.07843208,-0.01201993,-0.9371798,0.24600971,0.09134088,29.80392265,29.80392265,-,-,41,20.72945595,14.64881134,-,1060,-,-105.6430435,36.77680969,-76.03925323,6.66666698,0.55923408,1.24274242,4.202353
Sun Nov 26 19:33:18 EST 2017,33:17.7,-76.03924301,36.77681923,1.5,3,-32.09999847,47.3,-9.50019264,-3.98395157,1.03429508,0.02611998,-,20.3921566,0.03092448,-0.95279956,-0.37487194,0.01714748,41.17647171,32.94117737,-,-,41,20.69922829,14.64881134,-,1103,-,-105.3149567,36.77682114,-76.03924561,10.98039246,3.35540414,3.10685587,4.202353
Sun Nov 26 19:33:19 EST 2017,33:18.7,-76.03921193,36.77683027,2.75,4,-32.40000153,57.6,-6.70376492,-7.96790314,1.14921677,0.0299626,-,26.66666794,-0.04392586,-0.6638357,-0.66774058,0.06400647,46.66666794,47.05882263,-,-,41,20.67336082,14.64881134,-,1678,-,-106.2992172,36.77682877,-76.03921509,17.64705849,6.15157461,5.59234095,26.78734207
Sun Nov 26 19:33:20 EST 2017,33:19.7,-76.03916101,36.7768427,4.5,3,-32.09999847,74.5,-8.88727665,-5.01824665,0.61291564,0.05709955,-,30.58823586,0.06104853,-0.89422578,-0.57011771,-0.08047542,46.66666794,47.05882263,-,-,41,20.65501404,14.64881134,-,2100,-,-105.3149567,36.77684402,-76.03916168,23.13725471,10.06621265,9.94193935,58.23086166
Sun Nov 26 19:33:21 EST 2017,33:20.7,-76.03908472,36.77683568,6.75,4,-31.60000038,97.4,-6.09084892,8.19774628,1.57059634,0.0722999,-,33.33333206,0.07241326,-0.76926845,0.73802912,0.01324257,47.05882263,47.45098114,-,-,41,20.6452179,14.64881134,-,2574,-,-103.6745453,36.7768364,-76.03908539,25.49019623,15.09931946,14.91290855,58.23086166
Sun Nov 26 19:33:22 EST 2017,33:21.7,-76.03899202,36.77679001,9,3,-32.5,118,9.38527107,1.53228903,3.02627087,-0.03338198,-,52.54901886,0.01762129,0.95670444,0.15619664,0.20848836,52.15686417,52.54901886,-,-,41,20.64180183,14.64881134,-,1999,-,-106.6272965,36.77679062,-76.03899384,45.09804153,20.13242531,18.64113617,117.5639954
Sun Nov 26 19:33:23 EST 2017,33:22.7,-76.03889762,36.77673111,10.75,4,-32.5,125.6,9.92157173,0.84275901,3.25611424,0.03496964,-,54.11764908,0.01151507,0.94108468,0.07028849,0.26315722,54.90196228,55.29411697,-,-,41,20.66032982,14.64881134,-,2141,-,-106.6272965,36.77672958,-76.03889465,49.41176605,24.04706573,27.96170425,201.6732483
Sun Nov 26 19:33:24 EST 2017,33:23.7,-76.03878859,36.7766654,11.75,4,-32.90000153,125.9,9.34696388,0.2681506,2.9113493,0.01769226,-,53.33333588,-0.01628407,0.94108468,0.01171475,0.18505886,51.37255096,51.37255096,-,-,41,20.67902184,14.64881134,-,2377,-,-107.9396362,36.77666473,-76.03878784,49.80392075,26.2840004,31.68992996,186.07724
Sun Nov 26 19:33:25 EST 2017,33:24.7,-76.03863266,36.77657603,15,3,-33.79999924,126.2,8.88727665,-0.19153613,3.21780705,-0.01326775,-,45.49019623,-0.03704005,0.89422578,0.02733441,0.25534737,43.13725662,41.96078491,-,-,41,20.70396233,14.64881134,-,2716,-,-110.8923874,36.776577,-76.03863525,24.70588303,33.55404282,35.41815948,145.1967468
Sun Nov 26 19:33:26 EST 2017,33:25.7,-76.03848506,36.77649218,15.75,4,-35,125,9.30865574,-0.03830723,3.75410819,0.04216248,-,29.41176605,-0.07200462,0.83565199,0.08200324,0.29439652,40,40,-,-,41,20.73196602,14.64881134,-,2218,-,-114.8293991,36.77649307,-76.03848267,21.96078491,35.23174286,37.28227234,145.1967468
Sun Nov 26 19:33:27 EST 2017,33:26.7,-76.03832837,36.77639792,17,4,-35.40000153,125.3,8.58081913,0.57460839,4.13718033,0.00891565,-,28.23529434,0.000877,0.89422578,0.08200324,0.34125552,37.64706039,38.03921509,-,-,41,20.76301956,14.64881134,-,2265,-,-116.1417389,36.77639771,-76.03833008,20.3921566,38.02791595,39.14638519,126.9570618
Sun Nov 26 19:33:28 EST 2017,33:27.7,-76.03815818,36.77629444,18.25,3,-35.20000076,126.4,8.00621033,0.2681506,3.75410819,-0.00163273,-,29.01960754,-0.08202299,0.84346181,0.06638357,0.25534737,40.39215851,40.39215851,-,-,41,20.79710579,14.64881134,-,1952,-,-115.4855652,36.77629471,-76.0381546,20.7843132,40.82408524,41.01049805,95.95211792
Sun Nov 26 19:33:29 EST 2017,33:28.7,-76.03798468,36.77618699,19,3,-34.70000076,126.6,8.96389103,0.22984336,4.09887314,0.04692427,-,28.23529434,0.0035034,0.88251102,-0.0234295,0.37639979,40.39215851,40.39215851,-,-,41,20.87118912,14.64881134,-,1901,-,-113.8451462,36.7761879,-76.03798676,20,42.50178909,43.49598312,111.2546234
Sun Nov 26 19:33:30 EST 2017,33:29.7,-76.03780928,36.77608106,19.5,3,-34.90000153,126.6,9.11711979,0,5.40131903,0.09922284,-,25.88235283,0.08059189,0.92936999,0,0.45059317,36.07843018,32.15686417,-,-,42.79999924,20.91012955,14.64881134,-,1919,-,-114.5013199,36.77608109,-76.03781128,17.25490189,43.62025452,44.11735535,111.2546234
Sun Nov 26 19:33:31 EST 2017,33:30.7,-76.03763475,36.77597597,19.75,4,-35.29999924,126.1,8.23605347,1.07260239,6.05254173,-0.01475995,-,18.8235302,0.0405007,0.85127175,0.07028849,0.49354723,26.66666794,26.66666794,-,-,42.79999924,20.94893646,14.64881134,-,1923,-,-115.8136444,36.77597427,-76.0376358,9.8039217,44.17948914,44.11735535,25.32484055
Sun Nov 26 19:33:32 EST 2017,33:31.7,-76.0374601,36.7758684,19.75,4,-35.29999924,126.6,8.61912632,0.19153613,4.94163227,0.00609364,-,18.8235302,-0.00928233,0.83955687,0.04685899,0.42325872,28.23529434,28.62745094,-,-,42.79999924,20.98761559,14.64881134,-,1908,-,-115.8136444,36.77586746,-76.03746033,9.4117651,44.17948914,44.11735535,25.32484055
Sun Nov 26 19:33:33 EST 2017,33:32.7,-76.03728829,36.77575751,19.5,4,-35.90000153,128.3,8.6957407,-0.2681506,3.90733719,0.00302635,-,18.8235302,-0.0274928,0.88641596,-0.02733441,0.29830143,28.62745094,28.62745094,-,-,42.79999924,21.06251907,14.64881134,-,1894,-,-117.7821579,36.77575684,-76.03728485,9.8039217,43.62025452,43.49598312,25.32484055
Sun Nov 26 19:33:34 EST 2017,33:33.7,-76.03710997,36.77565493,19.25,4,-36.40000153,125.4,8.31266785,0.76614451,4.75009632,-0.00192463,-,20,-0.02059012,0.84736669,0.07809832,0.3842096,29.80392265,29.80392265,-,-,42.79999924,21.09978294,14.64881134,-,1892,-,-119.4225769,36.77565384,-76.03710938,11.37254906,43.0610199,43.49598312,-
Sun Nov 26 19:33:35 EST 2017,33:34.7,-76.03692078,36.77556669,19.25,4,-36.5,121.8,8.54251194,0.19153613,5.05655384,-0.00692309,-,20.7843132,0.09017972,0.92156017,0.06638357,0.4779276,30.19607925,30.58823586,-,-,42.79999924,21.13692474,14.64881134,-,1901,-,-119.7506561,36.7755661,-76.03691864,11.76470566,43.0610199,43.49598312,-
Sun Nov 26 19:33:36 EST 2017,33:35.7,-76.03674324,36.77545605,19.5,4,-36.20000076,126.2,9.76834297,-0.42137951,3.56257224,0.0027325,-,20.3921566,-0.14541464,0.7302193,0.14838681,0.317826,30.19607925,30.58823586,-,-,42.79999924,21.17394447,14.64881134,-,1908,-,-118.7664032,36.77545547,-76.03674316,11.76470566,43.62025452,43.49598312,-
Sun Nov 26 19:33:37 EST 2017,33:36.7,-76.0365671,36.77535087,19.5,4,-36.40000153,126.3,8.08282471,-0.30645782,4.13718033,-0.06135041,-,20.7843132,-0.07355972,0.82393724,-0.03123933,0.32173091,30.19607925,30.19607925,-,-,42.79999924,21.21083832,14.64881134,-,1910,-,-119.4225769,36.77535248,-76.03656769,11.37254906,43.62025452,43.49598312,-
Sun Nov 26 19:33:38 EST 2017,33:37.7,-76.03639183,36.77524212,19.75,4,-36.40000153,127.9,8.96389103,-0.03830723,3.98395157,-0.00885269,-,20,-0.10833052,0.79660285,0.06638357,0.29439652,28.23529434,27.84313774,-,-,42.79999924,21.24761391,14.64881134,-,1910,-,-119.4225769,36.77524185,-76.03639221,11.37254906,44.17948914,43.49598312,-
Sun Nov 26 19:33:39 EST 2017,33:38.7,-76.03621318,36.77513011,19.5,3,-36.09999847,126.9,8.19774628,0.45968673,4.44363832,0.0011214,-,18.4313736,-0.00948257,0.84736669,-0.02733441,0.411544,27.45098114,27.84313774,-,-,42.79999924,21.32079887,14.64881134,-,1903,-,-118.4383164,36.77513123,-76.03621674,9.4117651,43.62025452,43.49598312,-
Sun Nov 26 19:33:40 EST 2017,33:39.7,-76.0360394,36.77502628,19.5,4,-36.29999924,126.1,8.81066227,0.49799395,4.71178913,0.02375354,-,20,0.04461329,0.9371798,0.05857374,0.35687518,29.01960754,29.01960754,-,-,42.79999924,21.35721207,14.64881134,-,1907,-,-119.0944824,36.77502441,-76.03604126,10.98039246,43.62025452,43.49598312,-
Sun Nov 26 19:33:41 EST 2017,33:40.7,-76.03586488,36.774912,19.5,3,-36.09999847,127.1,8.38928318,0.19153613,4.75009632,0.00214782,-,19.6078434,-0.04760374,0.84736669,-0.06247865,0.32954079,28.62745094,29.01960754,-,-,42.79999924,21.3935051,14.64881134,-,1911,-,-118.4383164,36.77491379,-76.03586578,10.58823586,43.62025452,43.49598312,-
Sun Nov 26 19:33:42 EST 2017,33:41.7,-76.03568272,36.77480448,19.5,4,-35.59999847,125.8,8.50420475,-0.76614451,4.75009632,0.01502156,-,19.6078434,-0.03209311,0.84346181,-0.03904916,0.37249482,28.62745094,28.62745094,-,-,42.79999924,21.46573639,14.64881134,-,1903,-,-116.7978973,36.77480316,-76.03568268,10.98039246,43.62025452,43.49598312,-
Sun Nov 26 19:33:43 EST 2017,33:42.7,-76.03551154,36.77470146,19.5,4,-35.70000076,125.6,8.6957407,-0.30645782,4.59686708,0.01565873,26.86599922,18.8235302,-0.00898969,0.87860614,-0.02733441,0.35687518,28.23529434,28.62745094,-,-,42.79999924,21.50167274,14.64881134,-,1897,-,-117.1259842,36.77470016,-76.03551483,9.4117651,43.62025452,43.49598312,-
Sun Nov 26 19:33:44 EST 2017,33:43.7,-76.03532841,36.77460256,19.5,3,-35.59999847,123.1,8.50420475,-1.07260239,4.5202527,0.00557467,26.86599922,19.6078434,-0.01184994,0.86689138,-0.10933765,0.36078009,29.01960754,29.01960754,-,-,42.79999924,21.53749657,14.64881134,-,1905,-,-116.7978973,36.77460098,-76.03533173,10.58823586,43.62025452,43.49598312,-
Sun Nov 26 19:33:45 EST 2017,33:44.7,-76.03514404,36.77451248,19.5,3,-35.90000153,120.9,7.81467438,-0.15322891,4.59686708,-0.01083344,26.86599922,19.6078434,0.03143494,0.89032084,-0.09371798,0.411544,29.01960754,29.01960754,-,-,42.79999924,21.60878944,14.64881134,-,1896,-,-117.7821579,36.77451324,-76.03514099,10.58823586,43.62025452,43.49598312,-
Sun Nov 26 19:33:46 EST 2017,33:45.7,-76.03494769,36.77443016,19.5,3,-36.40000153,118.1,8.54251194,-0.49799395,4.25210238,0.01057066,26.86599922,21.96078491,0.04610221,0.90984541,-0.08981306,0.40763909,29.80392265,30.19607925,-,-,42.79999924,21.64526749,14.64881134,-,1927,-,-119.4225769,36.77442932,-76.03495026,12.94117641,43.62025452,44.11735535,-
Sun Nov 26 19:33:47 EST 2017,33:46.7,-76.03475186,36.77435614,19.5,3,-36.29999924,116.1,8.58081913,-1.26413846,3.60087943,-0.02244777,26.86599922,22.74509811,-0.09168983,0.83955687,-0.14838681,0.21239327,32.54901886,32.54901886,-,-,42.79999924,21.68163109,14.64881134,-,1922,-,-119.0944824,36.77435684,-76.03475189,14.11764717,43.62025452,44.11735535,28.08392334
Sun Nov 26 19:33:48 EST 2017,33:47.7,-76.03454698,36.77428814,19.75,3,-36.09999847,113.1,8.31266785,-0.07661445,4.90332508,0.00863217,26.86599922,21.96078491,0.02389213,0.88251102,-0.10543273,0.40763909,31.76470566,31.37254906,-,-,42.79999924,21.71787643,14.64881134,-,1927,-,-118.4383164,36.77428818,-76.0345459,13.33333397,44.17948914,44.11735535,28.08392334
Sun Nov 26 19:33:49 EST 2017,33:48.7,-76.03434327,36.77422207,20,4,-36.59999847,112.2,7.96790314,-0.65122288,4.13718033,-0.0089227,26.86599922,21.17647171,-0.00792011,0.86298645,-0.0234295,0.38811451,30.58823586,31.37254906,-,-,42.79999924,21.7550087,14.64881134,-,1927,-,-120.0787354,36.77422333,-76.0343399,12.15686321,44.73872757,44.73872757,26.40090179
Sun Nov 26 19:33:50 EST 2017,33:49.7,-76.03412469,36.77417224,20,4,-36.5,108.4,8.1211319,-0.65122288,4.29040956,0.00314997,26.86599922,21.17647171,0.00263631,0.87079626,-0.12495731,0.38030469,30.58823586,30.98039246,-,-,42.79999924,21.79201889,14.64881134,-,1943,-,-119.7506561,36.77417374,-76.03412628,12.15686321,44.73872757,44.73872757,26.40090179
Sun Nov 26 19:33:51 EST 2017,33:50.7,-76.03391018,36.77412454,20,3,-35.90000153,105.4,8.50420475,-0.68953007,4.09887314,0.00854714,26.86599922,21.17647171,-0.07334562,0.82393724,-0.10543273,0.31001619,30.58823586,30.98039246,-,-,42.79999924,21.82891083,14.64881134,-,1951,-,-117.7821579,36.77412415,-76.03391266,12.54901981,44.73872757,44.73872757,26.40090179
Sun Nov 26 19:33:52 EST 2017,33:51.7,-76.03369234,36.77408509,20,4,-35.70000076,103.4,8.38928318,-0.2681506,4.40533113,0.03454635,26.86599922,21.17647171,0.013399,0.90594047,-0.08590815,0.34516042,30.19607925,30.58823586,-,-,42.79999924,21.86568451,14.64881134,-,1957,-,-117.1259842,36.774086,-76.03369141,12.54901981,44.73872757,44.73872757,-
Sun Nov 26 19:33:53 EST 2017,33:52.7,-76.03346848,36.77405538,20,4,-35.59999847,99.9,8.15943909,0.11492168,4.48194551,-0.03330363,26.86599922,20.7843132,-0.00667504,0.86689138,-0.00780983,0.3842096,30.19607925,30.19607925,-,-,42.79999924,21.90333366,14.64881134,-,1958,-,-116.7978973,36.77405548,-76.03347015,11.76470566,44.73872757,45.36009598,35.22442627
Sun Nov 26 19:33:54 EST 2017,33:53.7,-76.03324103,36.77403136,20.25,4,-35.5,97.4,8.88727665,1.03429508,5.28639746,0.03999274,26.86599922,16.47058868,-0.0032248,0.8083176,-0.03123933,0.4818325,23.92156982,22.74509811,-,-,42.79999924,21.9782753,14.64881134,-,1954,-,-116.4698181,36.77403259,-76.03324127,7.05882359,45.29796219,45.36009598,35.22442627
Sun Nov 26 19:33:55 EST 2017,33:54.7,-76.03301375,36.77400712,20.25,3,-35.29999924,97.4,8.46589756,0.57460839,3.44765043,0.01753506,26.86599922,18.03921509,0.10616558,0.97622901,-0.00390492,0.41935381,26.66666794,24.31372643,-,-,42.79999924,22.01457787,14.64881134,-,1964,-,-115.8136444,36.77400589,-76.03301239,8.23529434,45.29796219,44.73872757,35.22442627
Sun Nov 26 19:33:56 EST 2017,33:55.7,-76.03278864,36.77398365,20,3,-35.59999847,97.6,8.1211319,0.49799395,4.71178913,0.00991348,26.86599922,19.2156868,-0.03073042,0.84736669,-0.03514424,0.36858991,28.23529434,28.62745094,-,-,42.79999924,22.05076218,14.64881134,-,1955,-,-116.7978973,36.773983,-76.03279114,9.8039217,44.73872757,44.73872757,-
Sun Nov 26 19:33:57 EST 2017,33:56.7,-76.03256564,36.77395485,20,4,-35.70000076,98,8.15943909,0.42137951,5.36301184,0.01796455,26.86599922,19.2156868,-0.02140841,0.83565199,0.03123933,0.40763909,27.84313774,27.84313774,-,-,42.79999924,22.12278748,14.64881134,-,1954,-,-117.1259842,36.7739563,-76.03256226,10.1960783,44.73872757,44.73872757,-
Sun Nov 26 19:33:58 EST 2017,33:57.7,-76.03234459,36.77393294,20,3,-36.59999847,97.4,7.92959595,0.76614451,4.75009632,0.01908424,26.86599922,19.2156868,0.05058519,0.92546505,0.0234295,0.39592433,27.45098114,27.45098114,-,-,42.79999924,22.15862846,14.64881134,-,1953,-,-120.0787354,36.77393341,-76.032341,10.1960783,44.73872757,44.73872757,-
Sun Nov 26 19:33:59 EST 2017,33:58.7,-76.03212123,36.77391289,20.25,3,-36.59999847,96.6,8.46589756,0.22984336,5.63116217,0.05572397,26.86599922,18.03921509,-0.02551788,0.84736669,-0.01561966,0.38030469,26.66666794,26.66666794,-,-,42.79999924,22.22997284,14.64881134,-,1945,-,-120.0787354,36.77391434,-76.03211975,9.01960754,45.29796219,44.73872757,-
Sun Nov 26 19:34:00 EST 2017,33:59.7,-76.03190106,36.77389465,20,4,-37,96,8.61912632,0.2681506,4.94163227,0.00871644,26.86599922,17.64705849,-0.06473248,0.82393724,0.0234295,0.34125552,26.27450943,26.27450943,-,-,42.79999924,22.26449394,14.64881134,-,1934,-,-121.3910751,36.77389526,-76.0318985,7.84313726,44.73872757,44.11735535,-
Sun Nov 26 19:34:01 EST 2017,34:00.7,-76.03168375,36.77387536,19.75,4,-36.90000153,96.1,8.58081913,0.03830723,5.05655384,0.0039077,26.86599922,17.25490189,-0.00852013,0.85127175,0,0.40763909,25.88235283,25.88235283,-,-,42.79999924,22.29891014,14.64881134,-,1916,-,-121.0629959,36.77387619,-76.03168488,7.45098066,44.17948914,44.11735535,-
Sun Nov 26 19:34:02 EST 2017,34:01.7,-76.03146626,36.77385544,19.5,4,-36.70000076,96.5,8.65743351,0.72783732,4.90332508,0.00454432,26.86599922,17.25490189,0.01372268,0.87860614,0.03514424,0.40373418,26.27450943,27.05882454,-,-,42.79999924,22.36546135,14.64881134,-,1905,-,-120.4068298,36.77385712,-76.03146362,7.45098066,43.62025452,43.49598312,-
Sun Nov 26 19:34:03 EST 2017,34:02.7,-76.03125323,36.77383683,19.5,3,-37.40000153,97.2,8.58081913,0.91937345,4.13718033,-0.00542724,26.86599922,18.8235302,-0.02319534,0.81612742,0.03514424,0.43497351,27.84313774,27.05882454,-,-,42.79999924,22.3976078,14.64881134,-,1896,-,-122.7034149,36.77383804,-76.03125,9.8039217,43.62025452,42.8746109,-
Sun Nov 26 19:34:04 EST 2017,34:03.7,-76.03103909,36.77381202,19.25,4,-37.40000153,97.8,8.38928318,0.42137951,4.32871675,-0.01865273,26.86599922,19.2156868,-0.0191812,0.84736669,0.03514424,0.39201942,28.23529434,28.23529434,-,-,42.79999924,22.42965317,14.64881134,-,1898,-,-122.7034149,36.77381134,-76.03103638,10.1960783,43.0610199,42.8746109,-
Sun Nov 26 19:34:05 EST 2017,34:04.7,-76.03082148,36.77379781,19.25,4,-37.20000076,97.6,8.08282471,-0.42137951,4.8267107,-0.00157773,26.86599922,19.2156868,-0.10198718,0.78098321,-0.08981306,0.3334457,28.23529434,28.23529434,-,-,42.79999924,22.49344254,14.64881134,-,1875,-,-122.0472488,36.77379608,-76.03082275,10.1960783,43.0610199,42.8746109,-
Sun Nov 26 19:34:06 EST 2017,34:05.7,-76.03060811,36.7737732,19.25,4,-36.79999924,97.5,8.61912632,0.15322891,4.40533113,0.04716425,26.86599922,21.17647171,0.09087937,0.96060938,-0.02733441,0.4154489,28.23529434,28.23529434,-,-,42.79999924,22.52518845,14.64881134,-,1867,-,-120.7349091,36.77377319,-76.03060913,11.76470566,43.0610199,42.8746109,-
Sun Nov 26 19:34:07 EST 2017,34:06.7,-76.03039403,36.77374753,19.25,4,-35.79999924,97.7,8.73404789,-0.22984336,4.48194551,0.01997703,26.86599922,21.56862831,-0.00271211,0.88641596,-0.05466883,0.35297027,31.37254906,31.37254906,-,-,42.79999924,22.55683899,14.64881134,-,1865,-,-117.4540634,36.77374649,-76.03039551,12.94117641,43.0610199,42.8746109,-
Sun Nov 26 19:34:08 EST 2017,34:07.7,-76.03018241,36.77373235,19.25,4,-35.59999847,95.5,8.88727665,-0.49799395,5.66946983,-0.02030007,26.86599922,21.17647171,0.01038309,0.91375035,-0.08590815,0.32173091,30.98039246,31.37254906,-,-,42.79999924,22.61983681,14.64881134,-,1879,-,-116.7978973,36.77373123,-76.03018188,12.54901981,43.0610199,42.8746109,-
Sun Nov 26 19:34:09 EST 2017,34:08.7,-76.02996761,36.77371955,19.25,4,-35.40000153,94.6,7.96790314,-0.99598789,4.32871675,-0.01146533,26.86599922,20.3921566,0.00878108,0.86689138,-0.12495731,0.39982924,29.80392265,31.37254906,-,-,42.79999924,22.65119171,14.64881134,-,1872,-,-116.1417389,36.77371979,-76.02996826,11.76470566,43.0610199,42.8746109,-
Sun Nov 26 19:34:10 EST 2017,34:09.7,-76.02975231,36.77371097,19.25,4,-34.70000076,92.7,8.15943909,-1.18752408,4.59686708,-0.01288096,26.86599922,20.3921566,-0.05428403,0.81612742,-0.02733441,0.37639979,29.80392265,29.80392265,-,-,42.79999924,22.7136097,14.64881134,-,1872,-,-113.8451462,36.77371216,-76.02975464,11.76470566,43.0610199,42.8746109,-
Sun Nov 26 19:34:11 EST 2017,34:10.7,-76.02954163,36.77372625,19.25,4,-34.70000076,88,8.46589756,-1.45567465,3.715801,0.0142484,26.86599922,21.17647171,-0.03040774,0.84736669,-0.0741934,0.364685,30.58823586,30.58823586,-,-,42.79999924,22.74563408,14.64881134,-,1886,-,-113.8451462,36.77372742,-76.02954102,12.15686321,43.0610199,43.49598312,-
Sun Nov 26 19:34:12 EST 2017,34:11.7,-76.02932574,36.77374251,19.25,4,-34.59999847,86.3,9.04050541,-1.41736746,5.32470465,0.0242053,26.86599922,20.7843132,0.07961005,0.92156017,-0.1444819,0.44278333,30.58823586,30.58823586,-,-,42.79999924,22.77755547,14.64881134,-,1893,-,-113.5170593,36.77374268,-76.02932739,11.76470566,43.0610199,43.49598312,27.26314735
Sun Nov 26 19:34:13 EST 2017,34:12.7,-76.02910864,36.77376593,19.5,3,-34.40000153,82.5,8.08282471,-0.34476504,4.09887314,0.01314534,26.86599922,20.7843132,-0.07519171,0.82393724,-0.03514424,0.317826,30.19607925,30.58823586,-,-,42.79999924,22.80938148,14.64881134,-,1912,-,-112.8609009,36.77376556,-76.02910614,11.76470566,43.62025452,43.49598312,27.26314735
Sun Nov 26 19:34:14 EST 2017,34:13.7,-76.02889327,36.77379495,19.25,4,-33.59999847,79.4,8.1211319,-0.15322891,4.75009632,0.00214196,26.86599922,19.6078434,-0.02399234,0.82393724,-0.08590815,0.4154489,29.80392265,29.80392265,-,-,42.79999924,22.87464333,14.64881134,-,1920,-,-110.2362137,36.77379608,-76.02889252,10.58823586,43.0610199,44.11735535,26.93725967
Sun Nov 26 19:34:15 EST 2017,34:14.7,-76.02868459,36.77382662,19.25,4,-33.5,79.3,8.04451752,0.07661445,4.63517427,0.00232443,26.86599922,17.64705849,-0.01235971,0.87079626,-0.0234295,0.364685,26.66666794,26.66666794,-,-,42.79999924,22.90712547,14.64881134,-,1920,-,-109.9081345,36.7738266,-76.02868652,8.23529434,43.0610199,44.11735535,26.93725967
Sun Nov 26 19:34:16 EST 2017,34:15.7,-76.02846549,36.77389102,19.75,3,-33.79999924,74.2,8.23605347,0.8810662,5.20978308,0.00070205,26.86599922,18.03921509,0.01545216,0.83955687,0.0234295,0.47011772,27.05882454,27.45098114,-,-,42.79999924,22.93950653,14.64881134,-,1915,-,-110.8923874,36.77389145,-76.02846527,8.62745094,44.17948914,44.11735535,26.93725967
Sun Nov 26 19:34:17 EST 2017,34:16.7,-76.02824898,36.77394623,19.75,3,-33.79999924,73.5,8.61912632,0.2681506,4.75009632,0.00558767,26.86599922,18.4313736,-0.00915907,0.8747012,0.00780983,0.364685,27.45098114,27.45098114,-,-,42.79999924,23.00397491,14.64881134,-,1921,-,-110.8923874,36.77394485,-76.02825165,9.4117651,44.17948914,44.11735535,-
Sun Nov 26 19:34:18 EST 2017,34:17.7,-76.02803609,36.77399749,19.75,4,-33.79999924,73.4,8.23605347,0.8810662,4.40533113,-0.01411394,26.86599922,19.6078434,-0.05160953,0.83174706,0.04295408,0.35297027,27.45098114,27.45098114,-,-,42.79999924,23.0351181,14.64881134,-,1909,-,-110.8923874,36.77399826,-76.02803802,10.58823586,44.17948914,43.49598312,-
Sun Nov 26 19:34:19 EST 2017,34:18.7,-76.02782138,36.77405763,19.5,4,-34,74,8.19774628,0.72783732,4.78840351,-0.01039469,26.86599922,18.4313736,-0.04927144,0.83955687,0.01561966,0.34516042,27.05882454,27.05882454,-,-,42.79999924,23.06616592,14.64881134,-,1908,-,-111.5485535,36.7740593,-76.0278244,9.01960754,43.62025452,43.49598312,-
Sun Nov 26 19:34:20 EST 2017,34:19.7,-76.02760983,36.77410296,19.5,10,-34.29999924,74.9,8.73404789,1.18752408,4.63517427,0.00134622,26.86599922,17.64705849,0.06369131,0.89813066,0.1444819,0.45059317,25.88235283,25.88235283,-,-,42.79999924,23.09712029,14.64881134,-,1892,-,-112.5328064,36.77410126,-76.02761078,8.23529434,43.62025452,43.49598312,-
Sun Nov 26 19:34:21 EST 2017,34:20.7,-76.02740155,36.77414297,19.25,10,-34.20000076,76.2,9.27034855,0.42137951,5.55454779,0.00000671,26.86599922,18.4313736,-0.05076518,0.77707827,0.13667206,0.42716369,27.45098114,27.84313774,-,-,42.79999924,23.15593338,14.64881134,-,1869,-,-112.2047272,36.77414322,-76.02740479,9.8039217,43.0610199,42.25324249,-
Sun Nov 26 19:34:22 EST 2017,34:21.7,-76.02719053,36.77417936,19.25,4,-34,78.1,8.15943909,1.60890353,4.59686708,-0.02508966,26.86599922,19.2156868,-0.03191177,0.82003236,0.14838681,0.39201942,28.23529434,28.62745094,-,-,42.79999924,23.18473625,14.64881134,-,1884,-,-111.5485535,36.77417755,-76.02719116,10.1960783,43.0610199,42.25324249,-
Sun Nov 26 19:34:23 EST 2017,34:22.7,-76.02696756,36.77420274,19.25,3,-33.5,80.8,8.19774628,1.45567465,4.48194551,-0.00162748,26.86599922,18.4313736,-0.03247147,0.8083176,0.17962612,0.39982924,27.45098114,27.45098114,-,-,42.79999924,23.21345329,14.64881134,-,1867,-,-109.9081345,36.77420425,-76.02696991,9.01960754,43.0610199,42.25324249,-
Sun Nov 26 19:34:24 EST 2017,34:23.7,-76.02674657,36.77422016,19,3,-33.20000076,84.3,8.61912632,1.41736746,4.25210238,0.00962255,26.86599922,18.4313736,-0.01461799,0.84346181,0.16791138,0.38030469,27.45098114,27.45098114,-,-,42.79999924,23.27063179,14.64881134,-,1849,-,-108.9238892,36.77421951,-76.02674866,9.4117651,42.50178909,42.25324249,-
Sun Nov 26 19:34:25 EST 2017,34:24.7,-76.02653367,36.77422442,19,4,-33.09999847,88,8.77235508,1.30244577,4.78840351,0.00435395,26.86599922,18.8235302,-0.01629952,0.82784218,0.10933765,0.41935381,28.23529434,29.01960754,-,-,42.79999924,23.29908943,14.64881134,-,1853,-,-108.5957947,36.77422333,-76.02653503,10.98039246,42.50178909,42.25324249,-
Sun Nov 26 19:34:26 EST 2017,34:25.7,-76.02632258,36.77422187,19.25,4,-33.40000153,91.2,8.61912632,0.9576807,4.86501789,0.00426393,26.86599922,18.03921509,-0.05908012,0.82003236,0.15619664,0.3334457,27.05882454,27.05882454,-,-,42.79999924,23.32746506,14.64881134,-,1865,-,-109.5800552,36.77422333,-76.02632141,8.62745094,43.0610199,42.25324249,-
Sun Nov 26 19:34:27 EST 2017,34:26.7,-76.02611043,36.77420727,19,4,-33.09999847,95.5,8.35097599,1.72382522,5.09486103,0.01108279,26.86599922,18.03921509,-0.04779597,0.82393724,0.14838681,0.35297027,26.66666794,26.27450943,-,-,42.79999924,23.35575485,14.64881134,-,1852,-,-108.5957947,36.77420807,-76.02610779,8.62745094,42.50178909,42.25324249,-
Sun Nov 26 19:34:28 EST 2017,34:27.7,-76.02590054,36.77418304,19,3,-33.20000076,98,8.84896946,1.41736746,4.78840351,0.0144402,26.86599922,17.25490189,-0.01413034,0.83565199,0.17572121,0.39201942,26.27450943,26.27450943,-,-,42.79999924,23.41208076,14.64881134,-,1837,-,-108.9238892,36.77418137,-76.02590179,7.84313726,42.50178909,42.25324249,-
Sun Nov 26 19:34:29 EST 2017,34:28.7,-76.02569184,36.77414978,19,3,-33,101.2,7.46990919,1.18752408,4.78840351,-0.00838956,26.86599922,17.25490189,-0.01529953,0.81612742,0.20305562,0.411544,26.27450943,26.27450943,-,-,42.79999924,23.43919373,14.64881134,-,1828,-,-108.2677155,36.77415085,-76.02568817,7.84313726,42.50178909,41.63187027,-
Sun Nov 26 19:34:30 EST 2017,34:29.7,-76.02548533,36.77411077,18.75,4,-33.09999847,103.4,8.27436066,1.80043972,5.05655384,-0.00038543,26.86599922,17.25490189,0.00572848,0.84346181,0.18353106,0.4154489,26.27450943,26.27450943,-,-,42.79999924,23.46622658,14.64881134,-,1821,-,-108.5957947,36.77410889,-76.02548218,7.45098066,41.94255447,41.63187027,-
Sun Nov 26 19:34:31 EST 2017,34:30.7,-76.02529325,36.77405798,18.5,4,-33.59999847,106.8,8.61912632,0.5363012,4.90332508,0.00268473,26.86599922,18.03921509,-0.04356683,0.8083176,0.13667206,0.39201942,27.45098114,27.45098114,-,-,42.79999924,23.51820946,14.64881134,-,1805,-,-110.2362137,36.7740593,-76.02529144,8.62745094,41.38331985,41.01049805,-
Sun Nov 26 19:34:32 EST 2017,34:31.7,-76.02509877,36.77399701,18.5,4,-33.5,109.1,8.15943909,1.03429508,4.97993946,-0.00762724,26.86599922,17.25490189,-0.06768197,0.78098321,0.12886222,0.39201942,26.27450943,26.66666794,-,-,42.79999924,23.54408646,14.64881134,-,1783,-,-109.9081345,36.77399826,-76.02510071,7.84313726,41.38331985,41.01049805,-
Sun Nov 26 19:34:33 EST 2017,34:32.7,-76.02491487,36.77392682,18.25,4,-33.40000153,112.5,8.08282471,2.06859016,4.36702394,0.00202669,26.86599922,21.17647171,-0.03784852,0.82784218,0.1952458,0.34906533,32.54901886,28.62745094,-,-,42.79999924,23.56896782,14.64881134,-,1780,-,-109.5800552,36.77392578,-76.0249176,12.54901981,40.82408524,40.38912582,-
Sun Nov 26 19:34:34 EST 2017,34:33.7,-76.02473811,36.77382671,18.5,4,-32.79999924,118.6,7.96790314,1.57059634,4.21379519,-0.01300923,26.86599922,22.35294151,-0.02681046,0.85908157,0.11714748,0.34125552,32.94117737,33.33333206,-,-,42.79999924,23.5937748,14.64881134,-,1819,-,-107.6115494,36.7738266,-76.0247345,13.72549057,41.38331985,40.38912582,-
Sun Nov 26 19:34:35 EST 2017,34:34.7,-76.02455714,36.7737408,18.5,3,-33.29999924,121,8.19774628,0.80445176,4.94163227,-0.03856364,26.86599922,22.74509811,-0.01924343,0.84736669,0.07028849,0.38811451,33.33333206,33.72549057,-,-,42.79999924,23.61942673,14.64881134,-,1797,-,-109.2519684,36.77374268,-76.02455902,13.72549057,41.38331985,41.01049805,23.32125664
Sun Nov 26 19:34:36 EST 2017,34:35.7,-76.02438402,36.77364537,18.75,4,-32.5,123.6,8.54251194,0.65122288,4.67348194,0.00287678,26.86599922,23.92156982,-0.06932005,0.82003236,0.04295408,0.33735061,34.11764908,34.50980377,-,-,42.79999924,23.67323875,14.64881134,-,1874,-,-106.6272965,36.77364349,-76.02438354,14.90196133,41.94255447,42.25324249,62.60709
Sun Nov 26 19:34:37 EST 2017,34:36.7,-76.02420932,36.77354831,18.75,4,-32.59999847,123.7,9.0788126,0.68953007,5.05655384,-0.06644491,26.86599922,21.96078491,-0.01958572,0.8747012,0.02733441,0.34125552,32.15686417,32.54901886,-,-,42.79999924,23.70139313,14.64881134,-,1885,-,-106.9553757,36.77354813,-76.02420807,12.94117641,41.94255447,42.8746109,37.84977341
Sun Nov 26 19:34:38 EST 2017,34:37.7,-76.02403172,36.77344997,19,5,-32.79999924,124.2,8.35097599,0.42137951,4.8267107,-0.01341284,26.86599922,19.2156868,-0.00912052,0.85517663,0.00390492,0.39982924,28.62745094,28.62745094,-,-,42.79999924,23.72946548,14.64881134,-,1864,-,-107.6115494,36.77344894,-76.02403259,10.1960783,42.50178909,42.8746109,37.84977341
Sun Nov 26 19:34:39 EST 2017,34:38.7,-76.02386197,36.7733539,19,5,-33,124.6,8.35097599,-0.30645782,4.63517427,-0.00536255,26.86599922,18.4313736,0.0406033,0.90984541,0.0234295,0.40373418,27.45098114,27.84313774,-,-,42.79999924,23.75745392,14.64881134,-,1865,-,-108.2677155,36.77335358,-76.02386475,9.4117651,42.50178909,42.8746109,37.84977341
Sun Nov 26 19:34:40 EST 2017,34:39.7,-76.02368854,36.7732636,19,5,-33.29999924,124.2,7.92959595,0.5363012,4.59686708,-0.00553977,26.86599922,18.4313736,-0.11964529,0.74974388,0.00780983,0.36078009,27.05882454,27.45098114,-,-,42.79999924,23.78536224,14.64881134,-,1862,-,-109.2519684,36.77326202,-76.02368927,9.01960754,42.50178909,42.8746109,37.84977341
Sun Nov 26 19:34:41 EST 2017,34:40.7,-76.02350966,36.77314387,19.25,4,-32.90000153,125.2,8.61912632,0.45968673,4.40533113,-0.0175327,26.86599922,18.4313736,-0.12072925,0.74583894,0.01952458,0.364685,27.05882454,27.05882454,-,-,42.79999924,23.84093666,14.64881134,-,1857,-,-107.9396362,36.77314377,-76.02350616,9.01960754,43.0610199,42.8746109,-
Sun Nov 26 19:34:42 EST 2017,34:41.7,-76.02333399,36.77305035,19,4,-33,125.2,8.77235508,1.30244577,4.97993946,0.03274728,26.86599922,18.03921509,-0.0192201,0.84346181,0.06247865,0.39592433,27.05882454,27.05882454,-,-,42.79999924,23.86769867,14.64881134,-,1846,-,-108.2677155,36.77305222,-76.02333069,9.01960754,42.50178909,42.25324249,-
Sun Nov 26 19:34:43 EST 2017,34:42.7,-76.02316465,36.77294722,19,4,-32.79999924,125.4,8.77235508,0.65122288,4.90332508,-0.01150846,26.86599922,18.03921509,-0.01874559,0.86298645,0.03904916,0.364685,27.05882454,27.05882454,-,-,42.79999924,23.89438248,14.64881134,-,1847,-,-107.6115494,36.7729454,-76.02316284,8.62745094,42.50178909,42.25324249,-
Sun Nov 26 19:34:44 EST 2017,34:43.7,-76.02298724,36.77284692,19,4,-32.79999924,125.4,8.42759037,0.84275901,4.78840351,-0.02741423,26.86599922,18.03921509,-0.00743574,0.85127175,0.07809832,0.40373418,26.27450943,26.27450943,-,-,42.79999924,23.92098999,14.64881134,-,1841,-,-107.6115494,36.77284622,-76.02298737,8.62745094,42.50178909,42.25324249,-
Sun Nov 26 19:34:44 EST 2017,34:44.7,-76.02298724,36.77284692,19,4,-32.79999924,125.4,8.08282471,0.03830723,5.20978308,0.01127452,26.86599922,16.47058868,-0.04331166,0.83565199,-0.01952458,0.364685,25.09803963,25.09803963,-,-,42.79999924,23.94752121,14.64881134,-,1832,-,-107.6115494,36.77284622,-76.02298737,6.66666698,42.50178909,42.25324249,-
Sun Nov 26 19:34:46 EST 2017,34:45.7,-76.022644,36.77263922,18.75,4,-33.5,125.7,9.88326454,-0.80445176,3.60087943,0.06551734,26.86599922,17.25490189,-0.09285806,0.73412424,0.0741934,0.42716369,27.05882454,27.84313774,-,-,42.79999924,23.99855614,14.64881134,-,1818,-,-109.9081345,36.77264023,-76.02264404,6.66666698,41.94255447,41.63187027,-
Sun Nov 26 19:34:46 EST 2017,34:46.7,-76.022644,36.77263922,18.75,4,-33.5,125.7,7.89128876,1.03429508,4.40533113,0.02047221,26.86599922,18.03921509,0.13586603,1.01137328,-0.12886222,0.39982924,27.45098114,27.05882454,-,-,42.79999924,23.99855614,14.64881134,-,1797,-,-109.9081345,36.77264023,-76.02264404,9.01960754,41.94255447,41.63187027,-
Sun Nov 26 19:34:47 EST 2017,34:47.7,-76.02247136,36.77254446,18.75,4,-33.79999924,125.5,8.38928318,0.11492168,4.63517427,0.00223998,26.86599922,19.2156868,0.00357179,0.88251102,0.08981306,0.36858991,28.62745094,29.01960754,-,-,42.79999924,24.04751205,14.64881134,-,1811,-,-110.8923874,36.77254486,-76.02246857,9.8039217,41.94255447,41.01049805,-
Sun Nov 26 19:34:48 EST 2017,34:48.7,-76.02230027,36.77244944,18.5,4,-34,125.4,8.00621033,0.91937345,4.13718033,0.00763141,26.86599922,20.7843132,-0.04372644,0.84346181,0.02733441,0.34906533,30.19607925,30.58823586,-,-,42.79999924,24.07188225,14.64881134,-,1817,-,-111.5485535,36.77244949,-76.02230072,11.76470566,41.38331985,41.01049805,-
Sun Nov 26 19:34:50 EST 2017,34:49.7,-76.0219665,36.77225271,18.5,4,-33.90000153,125.8,8.19774628,0.57460839,4.40533113,-0.00844313,26.86599922,20.7843132,-0.07010736,0.82003236,-0.01952458,0.33735061,30.98039246,31.37254906,-,-,42.79999924,24.09707832,14.64881134,-,1815,-,-111.2204742,36.77225113,-76.02196503,11.76470566,41.38331985,41.63187027,38.06933212
Sun Nov 26 19:34:50 EST 2017,34:50.7,-76.0219665,36.77225271,18.5,4,-33.90000153,125.8,8.27436066,0.11492168,4.48194551,-0.01997385,26.86599922,19.6078434,-0.01754122,0.88251102,0.03514424,0.32954079,29.01960754,29.41176605,-,-,42.79999924,24.1221981,14.64881134,-,1818,-,-111.2204742,36.77225113,-76.02196503,10.58823586,41.38331985,41.63187027,38.06933212
Sun Nov 26 19:34:52 EST 2017,34:51.7,-76.02163318,36.77205659,18.75,4,-34.29999924,125.9,8.50420475,0.19153613,5.01824665,-0.02584217,26.86599922,20,0.0071007,0.86689138,0.01952458,0.411544,29.41176605,29.41176605,-,-,42.79999924,24.14724731,14.64881134,-,1828,-,-112.5328064,36.77205658,-76.02163696,10.98039246,41.94255447,41.63187027,38.06933212
Sun Nov 26 19:34:53 EST 2017,34:52.7,-76.02145811,36.77195498,18.75,4,-34,125.6,8.23605347,0,4.40533113,0.00719749,26.86599922,20.3921566,-0.01156431,0.85908157,0.00780983,0.38811451,30.19607925,30.19607925,-,-,42.79999924,24.17311478,14.64881134,-,1834,-,-111.5485535,36.77195358,-76.02146149,11.37254906,41.94255447,42.25324249,38.27067947
Sun Nov 26 19:34:54 EST 2017,34:53.7,-76.0212817,36.77185692,19,4,-34.59999847,124.9,8.54251194,0,4.48194551,0.0159834,26.86599922,21.17647171,-0.06118257,0.79269797,0.05076391,0.39982924,30.98039246,31.37254906,-,-,42.79999924,24.22550964,14.64881134,-,1856,-,-113.5170593,36.77185822,-76.02127838,12.15686321,42.50178909,42.8746109,28.08114433
Sun Nov 26 19:34:55 EST 2017,34:54.7,-76.02110535,36.77176046,19,4,-34,125,8.31266785,0.65122288,4.32871675,-0.02605427,26.86599922,20.7843132,-0.10236959,0.78098321,0.0234295,0.34125552,29.01960754,28.62745094,-,-,42.79999924,24.22550964,14.64881134,-,1863,-,-111.5485535,36.77175903,-76.02110291,11.76470566,42.50178909,42.8746109,28.08114433
Sun Nov 26 19:34:56 EST 2017,34:55.7,-76.02092327,36.77165851,19.25,4,-33.90000153,125.2,8.04451752,0,4.5202527,0.01254992,26.86599922,21.17647171,-0.09499682,0.80441266,-0.00780983,0.31392109,30.98039246,30.98039246,-,-,42.79999924,24.27849197,14.64881134,-,1884,-,-111.2204742,36.77165985,-76.0209198,11.37254906,43.0610199,42.8746109,28.08114433
Sun Nov 26 19:34:57 EST 2017,34:56.7,-76.02074665,36.77155676,19.25,4,-34.20000076,124.9,9.04050541,0.49799395,3.94564438,0.06562731,26.86599922,20.7843132,0.10162488,0.95279956,0.10152781,0.44278333,30.19607925,29.80392265,-,-,42.79999924,24.30574989,14.64881134,-,1879,-,-112.2047272,36.77155685,-76.02074432,11.76470566,43.0610199,43.49598312,27.90531921
Sun Nov 26 19:34:58 EST 2017,34:57.7,-76.02056875,36.77145539,19.5,4,-34,125,8.61912632,0.8810662,5.40131903,0.02193348,26.86599922,19.2156868,0.08152346,0.92156017,0.05857374,0.4623079,27.45098114,27.05882454,-,-,42.79999924,24.33205223,14.64881134,-,1875,-,-111.5485535,36.77145386,-76.02056885,8.62745094,43.62025452,42.8746109,27.90531921
Sun Nov 26 19:34:58 EST 2017,34:58.7,-76.02056875,36.77145539,19.5,4,-34,125,8.1211319,0.65122288,5.01824665,-0.02042881,26.86599922,17.64705849,-0.02982558,0.82784218,-0.03904916,0.40373418,26.66666794,26.66666794,-,-,42.79999924,24.35827827,14.64881134,-,1872,-,-111.5485535,36.77145386,-76.02056885,8.62745094,43.62025452,42.8746109,27.90531921
Sun Nov 26 19:35:00 EST 2017,34:59.7,-76.02022147,36.77126098,19.25,4,-34.29999924,125.2,9.11711979,1.07260239,5.82269859,0.12714332,26.86599922,17.25490189,0.04487624,0.88251102,0.01952458,0.45840299,25.88235283,26.66666794,-,-,42.79999924,24.38443184,14.64881134,-,1865,-,-112.5328064,36.77125931,-76.0202179,7.84313726,43.0610199,42.8746109,27.90531921
Sun Nov 26 19:35:00 EST 2017,35:00.7,-76.02022147,36.77126098,19.25,4,-34.29999924,125.2,7.77636719,0.8810662,4.44363832,0.02530646,26.86599922,17.25490189,0.04095516,0.88641596,0.08200324,0.43887842,26.27450943,26.27450943,-,-,42.79999924,24.40963364,14.64881134,-,1850,-,-112.5328064,36.77125931,-76.0202179,7.84313726,43.0610199,42.25324249,-
Sun Nov 26 19:35:02 EST 2017,35:01.7,-76.01986101,36.77105472,19.25,5,-34.70000076,125,8.19774628,0.8810662,4.78840351,0.0154128,26.86599922,17.25490189,-0.0108236,0.85908157,0.03904916,0.38811451,26.27450943,26.27450943,-,-,42.79999924,24.43476677,14.64881134,-,1817,-,-113.8451462,36.77105331,-76.01985931,7.84313726,43.0610199,42.25324249,-
Sun Nov 26 19:35:03 EST 2017,35:02.7,-76.01969832,36.77096574,18.75,4,-35.20000076,124.7,8.27436066,0.07661445,4.02225876,-0.0390663,26.86599922,17.25490189,-0.03672313,0.85517663,0.03514424,0.34125552,26.27450943,27.05882454,-,-,42.79999924,24.45895386,14.64881134,-,1817,-,-115.4855652,36.77096558,-76.0196991,7.84313726,41.94255447,41.63187027,-
Sun Nov 26 19:35:03 EST 2017,35:03.7,-76.01969832,36.77096574,18.75,4,-35.20000076,124.7,7.81467438,0.76614451,4.32871675,-0.00644462,26.86599922,19.6078434,-0.08569548,0.79660285,0.07809832,0.34125552,29.41176605,29.41176605,-,-,42.79999924,24.50538063,14.64881134,-,1830,-,-115.4855652,36.77096558,-76.0196991,10.58823586,41.94255447,41.01049805,-
Sun Nov 26 19:35:05 EST 2017,35:04.7,-76.01937231,36.77077659,18.5,4,-36,124.9,7.77636719,1.11090958,4.175488,0.00537247,26.86599922,19.6078434,-0.09284964,0.79269797,0.11324256,0.32563588,29.41176605,29.80392265,-,-,42.79999924,24.52849579,14.64881134,-,1812,-,-118.1102371,36.77077484,-76.01937103,10.58823586,41.38331985,41.01049805,-
Sun Nov 26 19:35:05 EST 2017,35:05.7,-76.01937231,36.77077659,18.5,4,-36,124.9,8.35097599,0.45968673,4.36702394,0.01146724,26.86599922,21.56862831,-0.03923725,0.83174706,0.08590815,0.37249482,31.76470566,32.15686417,-,-,42.79999924,24.55241776,14.64881134,-,1808,-,-118.1102371,36.77077484,-76.01937103,12.54901981,41.38331985,41.63187027,38.1831131
Sun Nov 26 19:35:07 EST 2017,35:06.7,-76.01902169,36.77057922,18.75,5,-35.40000153,125.1,8.61912632,-0.11492168,3.98395157,-0.02816634,26.86599922,21.96078491,-0.10888685,0.79269797,-0.01561966,0.30611128,32.94117737,33.33333206,-,-,42.79999924,24.57627296,14.64881134,-,1823,-,-116.1417389,36.77058029,-76.01902008,14.11764717,41.94255447,41.63187027,38.1831131
Sun Nov 26 19:35:08 EST 2017,35:07.7,-76.01885003,36.77048573,18.75,4,-36.20000076,124.8,8.84896946,0.5363012,5.5162406,0.01333058,26.86599922,20.7843132,-0.0127383,0.87860614,0.06247865,0.34516042,31.37254906,31.37254906,-,-,42.79999924,24.60092735,14.64881134,-,1827,-,-118.7664032,36.77048492,-76.01885223,12.15686321,41.94255447,42.25324249,28.97252655
Sun Nov 26 19:35:09 EST 2017,35:08.7,-76.01866707,36.7703906,18.75,4,-36.59999847,124.5,8.96389103,0.38307226,5.32470465,0.08252162,26.86599922,18.8235302,0.00691881,0.89422578,0.03514424,0.36078009,28.23529434,28.62745094,-,-,42.79999924,24.62551308,14.64881134,-,1833,-,-120.0787354,36.77038956,-76.01866913,9.4117651,41.94255447,42.25324249,28.97252655
Sun Nov 26 19:35:10 EST 2017,35:09.7,-76.01850357,36.77029335,18.75,4,-37,124.6,7.35498762,-0.07661445,4.59686708,-0.04320022,26.86599922,19.2156868,-0.00669042,0.86298645,-0.05466883,0.38811451,28.23529434,28.23529434,-,-,42.79999924,24.6491642,14.64881134,-,1809,-,-121.3910751,36.77029419,-76.01850128,10.1960783,41.94255447,41.63187027,28.97252655
Sun Nov 26 19:35:11 EST 2017,35:10.7,-76.01833595,36.77020491,18.75,3,-37.29999924,124.9,8.58081913,-0.49799395,5.17147589,0.05194942,26.86599922,18.03921509,0.0228857,0.8747012,-0.05076391,0.42716369,26.66666794,26.66666794,-,-,42.79999924,24.67275047,14.64881134,-,1809,-,-122.3753281,36.77020645,-76.01833344,8.62745094,41.94255447,41.63187027,28.97252655
Sun Nov 26 19:35:12 EST 2017,35:11.7,-76.01816708,36.77010689,18.5,4,-36.70000076,124.2,8.46589756,-0.61291564,4.75009632,0.00934719,26.86599922,18.03921509,0.01009613,0.8747012,-0.02733441,0.40373418,26.66666794,27.05882454,-,-,42.79999924,24.71800804,14.64881134,-,1775,-,-120.4068298,36.77010727,-76.01816559,8.62745094,41.38331985,41.01049805,-
Sun Nov 26 19:35:13 EST 2017,35:12.7,-76.01800048,36.77001731,18,3,-36.70000076,123.4,8.15943909,-0.11492168,4.86501789,-0.01255727,26.86599922,19.2156868,-0.03122642,0.83174706,-0.01171475,0.39592433,29.01960754,29.01960754,-,-,42.79999924,24.73968506,14.64881134,-,1769,-,-120.4068298,36.77001572,-76.01799774,10.1960783,40.26485062,40.38912582,-
Sun Nov 26 19:35:14 EST 2017,35:13.7,-76.01783242,36.76993073,18,4,-36.90000153,121.8,8.19774628,0,4.55855989,-0.00958769,26.86599922,20,0.02315418,0.89813066,-0.03514424,0.38811451,29.80392265,29.80392265,-,-,42.79999924,24.76129913,14.64881134,-,1780,-,-120.4068298,36.76993179,-76.0178299,10.98039246,40.26485062,40.38912582,-
Sun Nov 26 19:35:15 EST 2017,35:14.7,-76.01766079,36.76984878,18.25,3,-37.5,121.4,8.31266785,0,4.44363832,-0.00278756,26.86599922,18.8235302,0.02758138,0.90594047,-0.00390492,0.3842096,27.84313774,27.84313774,-,-,42.79999924,24.8043499,14.64881134,-,1768,-,-123.0314941,36.76984787,-76.01766205,10.1960783,40.82408524,40.38912582,-
Sun Nov 26 19:35:16 EST 2017,35:15.7,-76.01748504,36.76976969,18.25,4,-37.59999847,120.5,9.0788126,-0.19153613,4.55855989,0.06021564,26.86599922,18.4313736,-0.0004655,0.87079626,0.04295408,0.38811451,27.45098114,27.84313774,-,-,42.79999924,24.82578659,14.64881134,-,1769,-,-123.3595734,36.76977158,-76.01748657,9.01960754,40.82408524,40.38912582,-
Sun Nov 26 19:35:17 EST 2017,35:16.7,-76.01730864,36.76968849,18.25,3,-37.5,119.4,8.23605347,-0.2681506,4.67348194,-0.01004883,26.86599922,18.4313736,-0.02576052,0.85517663,-0.03514424,0.364685,27.45098114,27.84313774,-,-,42.79999924,24.84716606,14.64881134,-,1764,-,-123.0314941,36.76968765,-76.0173111,9.01960754,40.82408524,40.38912582,-
Sun Nov 26 19:35:18 EST 2017,35:17.7,-76.01713399,36.76961256,18.25,3,-37.79999924,118.6,8.65743351,-0.42137951,5.24809027,0.00573056,26.86599922,16.47058868,-0.01052284,0.85127175,-0.06247865,0.39982924,14.11764717,14.11764717,-,-,42.79999924,24.8684864,14.64881134,-,1756,-,-124.0157471,36.76961136,-76.01713562,7.05882359,40.82408524,40.38912582,-
Sun Nov 26 19:35:19 EST 2017,35:18.7,-76.01694265,36.76953254,18,4,-36.20000076,117.5,8.84896946,-0.72783732,4.75009632,0.01567146,26.86599922,16.07843208,-0.04618685,0.80441266,-0.01952458,0.411544,14.11764717,14.90196133,-,-,42.79999924,24.90839767,14.64881134,-,1678,-,-118.7664032,36.76953125,-76.01694489,6.27450991,40.26485062,39.14638519,-
Sun Nov 26 19:35:20 EST 2017,35:19.7,-76.0167704,36.76946446,17.5,4,-36.59999847,116.9,7.04852962,-0.11492168,5.74608421,-0.01293176,26.86599922,16.47058868,-0.03364707,0.85908157,-0.06247865,0.33735061,19.6078434,20,-,-,42.79999924,24.92700005,14.64881134,-,1687,-,-120.0787354,36.76946259,-76.01676941,6.66666698,39.14638519,38.52501297,-
Sun Nov 26 19:35:20 EST 2017,35:20.7,-76.0167704,36.76946446,17.5,4,-36.59999847,116.9,8.73404789,-0.38307226,4.90332508,0.04821627,26.86599922,16.07843208,0.09634876,0.92936999,-0.05857374,0.4779276,25.09803963,25.09803963,-,-,42.79999924,24.94470596,14.64881134,-,1660,-,-120.0787354,36.76946259,-76.01676941,6.27450991,39.14638519,37.90364456,-
Sun Nov 26 19:35:22 EST 2017,35:21.7,-76.01641685,36.76935344,17,4,-36.5,113.4,9.04050541,-0.30645782,5.01824665,0.07347912,26.86599922,16.07843208,-0.07662001,0.82393724,-0.04295408,0.31392109,25.09803963,24.70588303,-,-,42.79999924,24.97912216,14.64881134,-,1629,-,-119.7506561,36.76935196,-76.01641846,6.27450991,38.02791595,37.28227234,-
Sun Nov 26 19:35:23 EST 2017,35:22.7,-76.01624415,36.769303,16.75,3,-37.20000076,111.8,7.73806,0.03830723,4.71178913,0.0274881,26.86599922,16.07843208,-0.02174359,0.85127175,0.03123933,0.38030469,24.31372643,20.3921566,-,-,42.79999924,24.99499512,14.64881134,-,1573,-,-122.0472488,36.76930237,-76.01624298,6.27450991,37.46868134,36.66090012,-
Sun Nov 26 19:35:23 EST 2017,35:23.7,-76.01624415,36.769303,16.75,3,-37.20000076,111.8,7.46990919,-0.72783732,4.86501789,-0.02566907,26.86599922,14.90196133,-0.04680296,0.78488815,-0.03904916,0.43887842,14.11764717,14.50980377,-,-,42.79999924,25.00997925,14.64881134,-,1533,-,-122.0472488,36.76930237,-76.01624298,5.09803915,37.46868134,36.03952789,-
Sun Nov 26 19:35:24 EST 2017,35:24.7,-76.0160714,36.7692439,16.25,4,-36.90000153,111.4,7.81467438,0.07661445,4.8267107,0.01243849,26.86599922,15.68627453,-0.0531069,0.85127175,0,0.31392109,23.52941132,23.92156982,-,-,42.79999924,25.02408218,14.64881134,-,1523,-,-121.0629959,36.76924515,-76.01607513,5.88235283,36.35021591,35.41815948,-
Sun Nov 26 19:35:26 EST 2017,35:25.7,-76.01573185,36.76914531,15.75,4,-36.59999847,109.6,8.04451752,0.22984336,4.25210238,-0.05316538,26.86599922,16.47058868,-0.07184836,0.82003236,0.0234295,0.3334457,25.09803963,25.88235283,-,-,42.79999924,25.05049515,14.64881134,-,1510,-,-120.0787354,36.76914597,-76.01573181,7.05882359,35.23174286,34.79678726,-
Sun Nov 26 19:35:26 EST 2017,35:26.7,-76.01573185,36.76914531,15.75,4,-36.59999847,109.6,8.23605347,0.19153613,4.13718033,-0.00666575,26.86599922,16.47058868,-0.0599482,0.83955687,0.01952458,0.32173091,26.27450943,26.66666794,-,-,42.79999924,25.06364822,14.64881134,-,1509,-,-120.0787354,36.76914597,-76.01573181,6.66666698,35.23174286,34.79678726,-
Sun Nov 26 19:35:28 EST 2017,35:27.7,-76.0153994,36.76905745,15.5,4,-36.29999924,108.7,8.15943909,0.65122288,4.71178913,0.04189808,26.86599922,16.07843208,0.06195413,0.90594047,0.08590815,0.44668823,26.27450943,26.66666794,-,-,42.79999924,25.08817482,14.64881134,-,1498,-,-119.0944824,36.76905823,-76.01539612,6.66666698,34.67251205,34.17541504,-
Sun Nov 26 19:35:28 EST 2017,35:28.7,-76.0153994,36.76905745,15.5,4,-36.29999924,108.7,7.77636719,0.42137951,5.01824665,-0.04865456,26.86599922,16.47058868,-0.06467539,0.80441266,0.06247865,0.37249482,26.27450943,26.66666794,-,-,42.79999924,25.10038948,14.64881134,-,1486,-,-119.0944824,36.76905823,-76.01539612,6.66666698,34.67251205,34.17541504,-
Sun Nov 26 19:35:29 EST 2017,35:29.7,-76.0152367,36.76901802,15.25,4,-36.09999847,109.4,9.80665016,0.45968673,5.43962622,0.1631071,26.86599922,16.47058868,0.14420457,0.97622901,0.05466883,0.49354723,26.27450943,26.27450943,-,-,42.79999924,25.11256981,14.64881134,-,1482,-,-118.4383164,36.76901627,-76.0152359,6.66666698,34.11327744,34.17541504,-
Sun Nov 26 19:35:30 EST 2017,35:30.7,-76.01507588,36.76896734,15.25,4,-35.09999847,108.6,7.96790314,0.15322891,3.98395157,-0.00850239,26.86599922,16.07843208,-0.09313565,0.79269797,0.04685899,0.33735061,25.88235283,26.27450943,-,-,42.79999924,25.13600349,14.64881134,-,1477,-,-115.1574783,36.76896667,-76.01507568,6.66666698,34.11327744,33.55404282,-
Sun Nov 26 19:35:31 EST 2017,35:31.7,-76.01491376,36.76891907,15.25,4,-34.59999847,108.7,8.96389103,0.68953007,4.48194551,0.02053585,26.86599922,16.47058868,-0.05223711,0.85908157,0.03123933,0.29830143,26.27450943,26.27450943,-,-,42.79999924,25.14725876,14.64881134,-,1478,-,-113.5170593,36.7689209,-76.01491547,7.05882359,34.11327744,33.55404282,-
Sun Nov 26 19:35:32 EST 2017,35:32.7,-76.01475801,36.76887317,15,4,-34.59999847,109.4,8.42759037,0.68953007,4.97993946,0.02731485,26.86599922,16.47058868,-0.02170463,0.85517663,0.0741934,0.36858991,26.27450943,25.49019623,-,-,42.79999924,25.1584816,14.64881134,-,1459,-,-113.5170593,36.76887131,-76.01475525,6.66666698,33.55404282,33.55404282,-
Sun Nov 26 19:35:33 EST 2017,35:33.7,-76.01459769,36.76882092,15,4,-34.79999924,110.1,8.61912632,-0.42137951,5.09486103,0.04052931,26.86599922,15.29411793,-0.01165699,0.82003236,0.0234295,0.45059317,14.11764717,14.50980377,-,-,42.79999924,25.16967583,14.64881134,-,1407,-,-114.1732254,36.76882172,-76.01459503,5.49019623,33.55404282,33.55404282,-
Sun Nov 26 19:35:35 EST 2017,35:34.7,-76.0142888,36.76873057,14.75,4,-34.70000076,110.9,7.92959595,-0.03830723,4.86501789,0.00434741,26.86599922,14.50980377,-0.01208165,0.81612742,-0.07809832,0.45059317,14.11764717,14.11764717,-,-,42.79999924,25.18949509,14.64881134,-,1386,-,-113.8451462,36.76873016,-76.01428986,4.70588255,32.9948082,32.31130219,-
Sun Nov 26 19:35:35 EST 2017,35:35.7,-76.0142888,36.76873057,14.75,4,-34.70000076,110.9,7.66144562,-0.22984336,5.13316822,-0.04649853,26.86599922,14.50980377,-0.00473385,0.84346181,-0.0234295,0.42716369,14.11764717,14.11764717,-,-,42.79999924,25.19730377,14.64881134,-,1360,-,-113.8451462,36.76873016,-76.01428986,4.70588255,32.9948082,31.06855965,-
Sun Nov 26 19:35:36 EST 2017,35:36.7,-76.01414493,36.76868945,14.25,3,-34.5,110.2,8.00621033,0.11492168,4.97993946,-0.04054191,26.86599922,14.50980377,-0.07672742,0.7575537,-0.00780983,0.42716369,14.11764717,14.11764717,-,-,42.79999924,25.21038818,14.64881134,-,1282,-,-113.1889801,36.7686882,-76.0141449,4.70588255,31.87634087,29.82581711,-
Sun Nov 26 19:35:38 EST 2017,35:37.7,-76.01385649,36.76861452,13.25,9,-34.40000153,108.7,8.00621033,1.14921677,5.01824665,0.02546634,26.86599922,14.11764717,0.00675968,0.76536351,-0.10933765,0.54431117,14.11764717,14.11764717,-,-,44.59999847,25.21484756,14.64881134,-,1257,-,-112.5328064,36.76865387,-76.01399994,4.31372547,30.75787354,28.58307457,-
Sun Nov 26 19:35:38 EST 2017,35:38.7,-76.01385649,36.76861452,13.25,9,-34.40000153,108.7,7.46990919,0.11492168,6.4739213,0.01791778,26.86599922,14.11764717,-0.02399234,0.77317333,0.04295408,0.49354723,14.11764717,14.11764717,-,-,44.59999847,25.21683502,14.64881134,-,1121,-,-112.8609009,36.76861572,-76.01385498,3.92156863,29.6394043,26.71896172,-
Sun Nov 26 19:35:40 EST 2017,35:39.7,-76.01360222,36.76855271,11.5,10,-34.29999924,107.4,6.97191525,1.80043972,5.93762016,0.00761677,26.86599922,14.90196133,0.00476465,0.77707827,0.1210524,0.52478653,14.11764717,14.11764717,-,-,44.59999847,25.21014977,14.64881134,-,1257,-,-112.5328064,36.76855087,-76.01360321,5.49019623,25.72476578,21.74799156,-
Sun Nov 26 19:35:41 EST 2017,35:40.7,-76.01352019,36.76852474,9.25,9,-34.70000076,110.1,6.66545773,2.60489154,7.16345167,0.05178587,26.86599922,14.11764717,0.00849359,0.67555046,0.27724904,0.59507507,14.11764717,14.11764717,-,-,44.59999847,25.19987297,14.64881134,-,1036,-,-113.8451462,36.76852417,-76.01351929,4.70588255,20.69165993,17.39839363,-
Sun Nov 26 19:35:41 EST 2017,35:41.7,-76.01352019,36.76852474,9.25,9,-34.70000076,110.1,5.93762016,4.21379519,6.97191525,0.02091397,26.86599922,13.72549057,-0.01020681,0.60916686,0.27334413,0.63021934,14.11764717,14.11764717,-,-,44.59999847,25.18553925,14.64881134,-,953,-,-113.8451462,36.76852417,-76.01351929,3.52941179,20.69165993,14.29153728,-
Sun Nov 26 19:35:42 EST 2017,35:42.7,-76.01344374,36.76850474,7.5,10,-34.29999924,110.6,5.47793341,4.09887314,7.27837324,0.02832729,26.86599922,13.33333397,0.00214157,0.59354722,0.34363261,0.63021934,14.11764717,14.11764717,-,-,44.59999847,25.16634941,14.64881134,-,863,-,-112.5328064,36.7685051,-76.01344299,3.52941179,16.77702141,10.56331062,-
Sun Nov 26 19:35:43 EST 2017,35:43.7,-76.01339469,36.76848874,4.75,9,-34.5,115.5,6.66545773,5.09486103,4.59686708,0.00748022,26.86599922,14.11764717,-0.01269965,0.64431113,0.43344569,0.5091669,14.11764717,14.11764717,-,-,44.59999847,25.10860252,14.64881134,-,634,-,-113.1889801,36.76848984,-76.01339722,3.92156863,10.62544727,1.24274242,-
Sun Nov 26 19:35:45 EST 2017,35:44.7,-76.01336686,36.7684775,0,9,-34,0,0.22984336,8.46589756,2.94965649,-0.01339628,-,15.29411793,0.03156068,0.1210524,0.98013395,0.19677362,34.11764908,14.11764717,-,-,44.59999847,25.10860252,14.64881134,-,654,-,-111.5485535,36.76847839,-76.0133667,5.49019623,0,0,-
Sun Nov 26 19:35:46 EST 2017,35:45.7,-76.01335883,36.76847695,0.5,9,-34.70000076,118.4,-8.84896946,4.44363832,0.2681506,0.04023762,-,20.3921566,0.05461511,-0.93327487,0.48811451,-0.05314101,39.2156868,40,-,-,44.59999847,25.04953384,14.64881134,-,1609,-,-113.8451462,36.76847839,-76.01335907,11.37254906,1.11846817,4.34959841,-
Sun Nov 26 19:35:46 EST 2017,35:46.7,-76.01335883,36.76847695,0.5,9,-34.70000076,118.4,-10.18972206,1.99197578,1.03429508,0.02376736,-,22.35294151,0.01403872,-0.98013395,0.22648512,0.02495731,42.35294342,42.74509811,-,-,44.59999847,25.02659607,14.64881134,-,1944,-,-113.8451462,36.76847839,-76.01335907,14.11764717,1.11846817,7.45645428,63.58790588
Sun Nov 26 19:35:47 EST 2017,35:47.7,-76.01333367,36.7684625,2.5,4,-33.90000153,123.1,-9.92157173,2.37504816,1.18752408,0.06107862,-,27.05882454,0.03033962,-0.99184865,0.24991462,0.0210524,43.13725662,43.52941132,-,-,44.59999847,25.00857162,14.64881134,-,2017,-,-111.2204742,36.76846313,-76.01333618,19.2156868,5.59234095,11.18468189,62.10843277
Sun Nov 26 19:35:48 EST 2017,35:48.7,-76.01330486,36.76844516,3.25,4,-34.09999847,131,-4.32871675,7.58483076,1.99197578,0.01681625,-,28.23529434,0.03751206,-0.5349735,0.8747012,0.05619664,43.13725662,43.13725662,-,-,44.59999847,24.98396301,14.64881134,-,2317,-,-111.8766327,36.76844406,-76.01330566,20.3921566,7.2700429,16.77702141,95.98967743
Sun Nov 26 19:35:49 EST 2017,35:49.7,-76.01328209,36.76840893,4,5,-33.90000153,151.3,1.30244577,9.27034855,2.56658411,0.00848591,-,31.37254906,-0.1432035,0.13667206,0.83565199,0.02886223,45.49019623,45.88235474,-,-,44.59999847,24.97815514,14.64881134,-,1856,-,-111.2204742,36.76840973,-76.01328278,30.58823586,8.94774532,20.50524902,95.98967743
Sun Nov 26 19:35:51 EST 2017,35:50.7,-76.01325402,36.76825511,8,4,-33.70000076,176,7.54652357,5.17147589,3.21780705,-0.01838131,-,46.66666794,0.0240337,0.82784218,0.49982923,0.23582277,49.41176605,49.80392075,-,-,44.59999847,24.97558022,14.64881134,-,1843,-,-110.5643082,36.76825333,-76.01325226,40.7843132,17.89549065,22.9907341,149.8065796
Sun Nov 26 19:35:52 EST 2017,35:51.7,-76.01332146,36.76813056,11.75,3,-32.5,195.4,8.77235508,0.80445176,3.17949986,0.02327624,-,46.66666794,0.01026989,0.96060938,0.06638357,0.20458345,45.09804153,45.49019623,-,-,44.59999847,24.97703171,14.64881134,-,2288,-,-106.6272965,36.76813126,-76.01332092,41.96078491,26.2840004,29.82581711,174.3091583
Sun Nov 26 19:35:53 EST 2017,35:52.7,-76.01336583,36.76801262,13.5,3,-32.20000076,198,8.77235508,-0.22984336,3.75410819,0.005852,-,30.19607925,-0.0161987,0.91375035,0.01952458,0.26315722,38.4313736,40.39215851,-,-,44.59999847,24.99275208,14.64881134,-,2436,-,-105.6430435,36.768013,-76.0133667,22.74509811,30.19863892,32.31130219,174.3091583
Sun Nov 26 19:35:53 EST 2017,35:53.7,-76.01336583,36.76801262,13.5,3,-32.20000076,198,8.42759037,0.11492168,3.715801,-0.00675862,-,29.80392265,0.01464046,0.91765523,0.04685899,0.32954079,40,39.60784531,-,-,44.59999847,25.00378418,14.64881134,-,2230,-,-105.6430435,36.768013,-76.0133667,22.35294151,30.19863892,33.55404282,130.0333405
Sun Nov 26 19:35:54 EST 2017,35:54.7,-76.01341655,36.76788358,15,3,-32.09999847,198.4,8.31266785,0.80445176,3.37103605,0.00336748,-,27.45098114,0.01784613,0.91375035,0.04685899,0.34516042,38.4313736,38.82352829,-,-,44.59999847,25.03375244,14.64881134,-,2139,-,-105.3149567,36.7678833,-76.0134201,20,33.55404282,37.28227234,119.4260025
Sun Nov 26 19:35:56 EST 2017,35:55.7,-76.01353639,36.76759818,16.75,3,-32.09999847,198.3,9.04050541,0.99598789,5.05655384,0.01925209,-,27.45098114,-0.00313296,0.91765523,0.03904916,0.28658667,37.25490189,37.25490189,-,-,44.59999847,25.05106926,14.64881134,-,2220,-,-105.3149567,36.7675972,-76.01353455,21.56862831,37.46868134,38.52501297,119.4260025
Sun Nov 26 19:35:57 EST 2017,35:56.7,-76.01360286,36.76744448,17.5,3,-31.70000076,198.4,8.50420475,0.19153613,4.32871675,0.0124718,-,26.66666794,-0.02673991,0.86689138,0.01952458,0.34125552,38.4313736,38.4313736,-,-,44.59999847,25.06993675,14.64881134,-,1929,-,-104.0026245,36.76744461,-76.01360321,18.8235302,39.14638519,39.76775742,99.09204102
Sun Nov 26 19:35:58 EST 2017,35:57.7,-76.01367338,36.76728548,18.25,3,-32.09999847,198.6,9.00219822,0.03830723,4.32871675,-0.01517076,-,25.09803963,0.01858793,0.91765523,0.00390492,0.34125552,36.86274719,36.86274719,-,-,44.59999847,25.11070633,14.64881134,-,1828,-,-105.3149567,36.76728439,-76.01367188,16.86274529,40.82408524,41.63187027,103.8849487
Sun Nov 26 19:35:59 EST 2017,35:58.7,-76.01373766,36.76712118,18.75,3,-32,198.7,7.89128876,0.22984336,4.55855989,-0.00341019,-,22.74509811,-0.00652914,0.85517663,0.03514424,0.40373418,34.50980377,34.50980377,-,-,44.59999847,25.13259888,14.64881134,-,1883,-,-104.9868774,36.76712036,-76.01374054,13.72549057,41.94255447,42.25324249,103.8849487
Sun Nov 26 19:36:00 EST 2017,35:59.7,-76.01380895,36.76695886,19,3,-32.40000153,199,9.30865574,0.34476504,5.24809027,0.00723513,-,18.4313736,0.0024536,0.84736669,0,0.43497351,25.88235283,26.27450943,-,-,44.59999847,25.15522957,14.64881134,-,1863,-,-106.2992172,36.76696014,-76.0138092,10.1960783,42.50178909,42.8746109,53.65647507
Sun Nov 26 19:36:00 EST 2017,36:00.7,-76.01380895,36.76695886,19,3,-32.40000153,199,9.00219822,0.61291564,4.78840351,-0.05371708,-,16.47058868,-0.1403942,0.74583894,0.03123933,0.32563588,23.52941132,23.92156982,-,-,44.59999847,25.17780304,14.64881134,-,1839,-,-106.2992172,36.76696014,-76.0138092,6.66666698,42.50178909,42.8746109,53.65647507
Sun Nov 26 19:36:02 EST 2017,36:01.7,-76.01395188,36.76663584,19,4,-32.59999847,199.8,7.46990919,0.72783732,4.175488,-0.02338428,-,16.07843208,-0.02834048,0.83174706,0.04295408,0.39982924,23.92156982,24.70588303,-,-,44.59999847,25.22040749,14.64881134,-,1831,-,-106.9553757,36.76663589,-76.01395416,6.66666698,42.50178909,41.63187027,53.65647507
Sun Nov 26 19:36:03 EST 2017,36:02.7,-76.01403093,36.76648009,18.75,4,-32.79999924,201.3,8.15943909,0.11492168,4.75009632,-0.00180494,-,18.4313736,0.01938157,0.87860614,0.09371798,0.40763909,27.84313774,25.49019623,-,-,44.59999847,25.24123192,14.64881134,-,1821,-,-107.6115494,36.76647949,-76.01403046,9.01960754,41.94255447,41.63187027,-
Sun Nov 26 19:36:04 EST 2017,36:03.7,-76.01411144,36.76632453,18.75,3,-32.70000076,202.7,8.46589756,0.45968673,4.71178913,-0.02603124,-,18.4313736,-0.05313919,0.82003236,0.06247865,0.36858991,27.84313774,28.23529434,-,-,44.59999847,25.26200676,14.64881134,-,1818,-,-107.2834702,36.76632309,-76.01411438,9.4117651,41.94255447,41.63187027,-
Sun Nov 26 19:36:05 EST 2017,36:04.7,-76.01420138,36.76617004,18.75,3,-32.70000076,204.4,8.08282471,0.9576807,4.67348194,-0.00886342,-,18.8235302,-0.04147118,0.81612742,0.13276714,0.3842096,28.23529434,28.62745094,-,-,44.59999847,25.30339622,14.64881134,-,1818,-,-107.2834702,36.7661705,-76.0141983,9.4117651,41.94255447,41.63187027,-
Sun Nov 26 19:36:06 EST 2017,36:05.7,-76.01429134,36.76601308,18.75,3,-33.40000153,205.5,8.92558384,0.8810662,5.13316822,0.13712281,-,18.8235302,0.00348813,0.83955687,0.05076391,0.44668823,28.23529434,28.23529434,-,-,44.59999847,25.32401466,14.64881134,-,1825,-,-109.5800552,36.7660141,-76.01428986,10.1960783,41.94255447,41.63187027,-
Sun Nov 26 19:36:06 EST 2017,36:06.7,-76.01429134,36.76601308,18.75,3,-33.40000153,205.5,7.92959595,1.07260239,4.71178913,-0.02171209,-,19.2156868,0.00654752,0.86689138,0.10543273,0.39982924,28.23529434,28.23529434,-,-,44.59999847,25.3445797,14.64881134,-,1826,-,-109.5800552,36.7660141,-76.01428986,9.8039217,41.94255447,41.63187027,-
Sun Nov 26 19:36:08 EST 2017,36:07.7,-76.01448769,36.76570495,18.75,3,-33.79999924,208.5,7.81467438,0.72783732,4.21379519,-0.00250244,-,19.2156868,-0.02473527,0.83955687,0.13667206,0.37639979,28.23529434,28.62745094,-,-,44.59999847,25.36509323,14.64881134,-,1829,-,-110.8923874,36.76570511,-76.01448822,9.8039217,41.94255447,41.63187027,-
Sun Nov 26 19:36:09 EST 2017,36:08.7,-76.01459029,36.76556145,18.75,4,-34,209.7,8.58081913,0.34476504,4.59686708,-0.00337653,-,19.2156868,-0.0234063,0.83565199,0.07028849,0.39982924,28.23529434,28.62745094,-,-,44.59999847,25.4059639,14.64881134,-,1828,-,-111.5485535,36.76556015,-76.0145874,9.8039217,41.94255447,41.63187027,-
Sun Nov 26 19:36:10 EST 2017,36:09.7,-76.01469824,36.76541974,18.75,4,-34,211,8.73404789,0.42137951,4.36702394,0.01533532,-,19.2156868,0.01014146,0.89032084,0.00780983,0.37639979,28.62745094,28.62745094,-,-,44.59999847,25.42632294,14.64881134,-,1834,-,-111.5485535,36.76541901,-76.01470184,10.1960783,41.94255447,41.63187027,-
Sun Nov 26 19:36:10 EST 2017,36:10.7,-76.01469824,36.76541974,18.75,4,-34,211,8.31266785,0.84275901,4.75009632,0.0416767,-,19.6078434,-0.019936,0.84736669,0.08590815,0.3842096,28.62745094,29.01960754,-,-,44.59999847,25.44663048,14.64881134,-,1813,-,-111.5485535,36.76541901,-76.01470184,10.1960783,41.94255447,41.63187027,-
Sun Nov 26 19:36:12 EST 2017,36:11.7,-76.01492075,36.76513433,18.75,4,-33.70000076,211.9,8.46589756,-0.34476504,4.75009632,-0.0165078,-,20,-0.02258626,0.86689138,-0.03904916,0.34906533,29.41176605,29.41176605,-,-,44.59999847,25.46688652,14.64881134,-,1810,-,-110.5643082,36.7651329,-76.0149231,10.98039246,41.94255447,41.63187027,-
Sun Nov 26 19:36:12 EST 2017,36:12.7,-76.01492075,36.76513433,18.75,4,-33.70000076,211.9,7.66144562,-0.34476504,4.63517427,-0.0481786,-,18.03921509,-0.05629495,0.82784218,-0.05466883,0.34906533,26.66666794,25.88235283,-,-,44.59999847,25.48631668,14.64881134,-,1775,-,-110.5643082,36.7651329,-76.0149231,9.01960754,41.94255447,41.01049805,-
Sun Nov 26 19:36:13 EST 2017,36:13.7,-76.01502988,36.76499465,18.5,4,-33.79999924,211.4,8.35097599,0.07661445,5.32470465,0.02862281,-,16.07843208,-0.02164233,0.84736669,0.01561966,0.38811451,24.70588303,25.09803963,-,-,44.59999847,25.52425385,14.64881134,-,1756,-,-110.8923874,36.76499557,-76.01502991,6.66666698,41.38331985,40.38912582,-
Sun Nov 26 19:36:14 EST 2017,36:14.7,-76.01513197,36.76484664,18.25,4,-33.70000076,210.5,8.04451752,0.84275901,4.94163227,-0.00145271,-,16.07843208,-0.0491751,0.80050778,0.07028849,0.40763909,22.74509811,22.35294151,-,-,44.59999847,25.54199409,14.64881134,-,1715,-,-110.5643082,36.7648468,-76.01512909,6.66666698,40.82408524,39.76775742,-
Sun Nov 26 19:36:16 EST 2017,36:15.7,-76.01533592,36.76457507,17.75,4,-33.5,210.1,8.92558384,-0.84275901,6.28238535,0.02830287,-,15.29411793,0.03205604,0.83174706,0.03904916,0.5091669,14.11764717,14.11764717,-,-,44.59999847,25.55891228,14.64881134,-,1672,-,-109.9081345,36.76457596,-76.01533508,5.88235283,39.705616,39.14638519,-
Sun Nov 26 19:36:16 EST 2017,36:16.7,-76.01533592,36.76457507,17.75,4,-33.5,210.1,8.61912632,-0.57460839,5.97592735,-0.00142114,-,15.29411793,-0.0498895,0.74193406,-0.13276714,0.4779276,14.11764717,14.11764717,-,-,44.59999847,25.5872345,14.64881134,-,1578,-,-109.9081345,36.76457596,-76.01533508,5.49019623,39.705616,36.03952789,-
Sun Nov 26 19:36:17 EST 2017,36:17.7,-76.01543191,36.76444517,17.25,4,-33.5,210.1,7.431602,-1.64721072,5.28639746,0.03584681,-,14.90196133,0.0924309,0.85517663,-0.21477039,0.54431117,14.11764717,14.11764717,-,-,44.59999847,25.5872345,14.64881134,-,1445,-,-109.9081345,36.76444626,-76.01543427,5.09803915,38.58715057,36.03952789,-
Sun Nov 26 19:36:19 EST 2017,36:18.7,-76.01556894,36.76418455,14.75,4,-32.70000076,203.1,8.19774628,-0.68953007,6.05254173,0.03255653,-,14.90196133,0.01959111,0.81222248,-0.08981306,0.5091669,14.11764717,14.11764717,-,-,44.59999847,25.60464668,14.64881134,-,1362,-,-107.2834702,36.76418304,-76.01557159,4.70588255,32.9948082,31.68992996,-
Sun Nov 26 19:36:19 EST 2017,36:19.7,-76.01556894,36.76418455,14.75,4,-32.70000076,203.1,7.431602,3.14119267,6.32069254,0.0026358,-,14.50980377,-0.02206347,0.7575537,0.2186753,0.4779276,14.11764717,14.11764717,-,-,44.59999847,25.60909462,14.64881134,-,1278,-,-107.2834702,36.76418304,-76.01557159,4.31372547,32.9948082,29.20444679,-
Sun Nov 26 19:36:21 EST 2017,36:20.7,-76.01567218,36.7639685,12.25,3,-31.39999962,202.2,4.63517427,5.86100578,6.43561411,0.02634824,-,14.11764717,-0.03490325,0.55449808,0.60135704,0.411544,14.11764717,14.11764717,-,-,44.59999847,25.6089325,14.64881134,-,1091,-,-103.0183716,36.76396942,-76.01567078,3.92156863,27.40246773,25.47621918,-
Sun Nov 26 19:36:22 EST 2017,36:21.7,-76.01572974,36.76388577,10.75,4,-31.60000038,210.4,5.17147589,6.43561411,4.63517427,-0.01643691,-,14.50980377,-0.01314796,0.51544887,0.71850449,0.33735061,36.86274719,37.25490189,-,-,44.59999847,25.60493851,14.64881134,-,1262,-,-103.6745453,36.7638855,-76.01573181,4.31372547,24.04706573,22.36936378,-
Sun Nov 26 19:36:22 EST 2017,36:22.7,-76.01572974,36.76388577,10.75,4,-31.60000038,210.4,5.09486103,7.46990919,3.29442143,-0.0000186,-,22.35294151,-0.07675222,0.49201941,0.70678979,0.23191786,37.25490189,37.25490189,-,-,44.59999847,25.59942245,14.64881134,-,1318,-,-103.6745453,36.7638855,-76.01573181,13.72549057,24.04706573,21.12662125,-
Sun Nov 26 19:36:23 EST 2017,36:23.7,-76.01580127,36.76382,10,4,-31.39999962,219.7,6.58884287,4.94163227,3.98395157,-0.01860082,-,23.52941132,-0.02682619,0.70678979,0.56621277,0.25534737,38.4313736,38.4313736,-,-,44.59999847,25.59530258,14.64881134,-,1541,-,-103.0183716,36.76382065,-76.01580048,14.90196133,22.36936378,24.85484695,74.4675827
Sun Nov 26 19:36:24 EST 2017,36:24.7,-76.01589712,36.76376334,10.5,3,-31.39999962,230.4,6.58884287,6.05254173,2.79642749,-0.02557396,-,25.88235283,-0.0790358,0.60526198,0.60916686,0.23191786,41.17647171,41.17647171,-,-,44.59999847,25.59668159,14.64881134,-,1650,-,-103.0183716,36.76376343,-76.01589966,17.64705849,23.48783112,26.71896172,123.9410934
Sun Nov 26 19:36:26 EST 2017,36:25.7,-76.01614478,36.76367044,12.5,3,-32.70000076,249.1,7.20175886,6.12915611,3.79241538,0.06307229,-,26.66666794,-0.00905898,0.66774058,0.67555046,0.18115395,41.17647171,41.5686264,-,-,44.59999847,25.6003418,14.64881134,-,1773,-,-107.2834702,36.76367188,-76.0161438,18.4313736,27.96170425,28.58307457,83.12242126
Sun Nov 26 19:36:27 EST 2017,36:26.7,-76.01629629,36.76364822,13.5,4,-32.59999847,258.7,7.77636719,2.68150592,3.79241538,-0.05767107,-,28.62745094,-0.03386821,0.8747012,0.23429495,0.23582277,41.96078491,42.74509811,-,-,44.59999847,25.60627174,14.64881134,-,1854,-,-106.9553757,36.76364899,-76.01629639,20.7843132,30.19863892,30.44718933,83.12242126
Sun Nov 26 19:36:27 EST 2017,36:27.7,-76.01629629,36.76364822,13.5,4,-32.59999847,258.7,8.96389103,0.19153613,4.21379519,0.01573661,-,27.45098114,0.0284793,0.9371798,0.15229172,0.29439652,40,42.35294342,-,-,44.59999847,25.61523056,14.64881134,-,1921,-,-106.9553757,36.76364899,-76.01629639,19.6078434,30.19863892,32.93267441,147.4943543
Sun Nov 26 19:36:28 EST 2017,36:28.7,-76.0164613,36.76364254,14.5,4,-32.70000076,265.6,9.34696388,0.11492168,3.60087943,0.00683334,-,28.62745094,-0.04670692,0.89032084,0.00780983,0.23972771,40.7843132,40.7843132,-,-,44.59999847,25.62644005,14.64881134,-,2029,-,-107.2834702,36.76364136,-76.01646423,20.7843132,32.43557358,34.79678726,89.90000916
Sun Nov 26 19:36:30 EST 2017,36:29.7,-76.01681852,36.76363939,16.5,3,-32.5,266.9,8.88727665,0.84275901,4.175488,-0.00520885,-,28.62745094,-0.02189185,0.90203559,0.04295408,0.27487195,40,40.39215851,-,-,44.59999847,25.6398983,14.64881134,-,2230,-,-106.6272965,36.76363754,-76.01681519,20.7843132,36.90944672,36.66090012,89.90000916
Sun Nov 26 19:36:31 EST 2017,36:30.7,-76.01701436,36.76363341,17.25,3,-32.79999924,267,9.76834297,0.19153613,4.59686708,0.11967379,-,26.27450943,0.04048593,0.94108468,0.03904916,0.34125552,35.29411697,35.29411697,-,-,44.59999847,25.65559196,14.64881134,-,2230,-,-107.6115494,36.76363373,-76.01701355,18.4313736,38.58715057,38.52501297,127.5656052
Sun Nov 26 19:36:32 EST 2017,36:31.7,-76.01721734,36.7636302,18,3,-33.20000076,267.1,8.96389103,0.45968673,4.02225876,-0.01159623,-,24.31372643,0.02064564,0.91765523,0.02733441,0.34516042,35.29411697,36.86274719,-,-,44.59999847,25.69139671,14.64881134,-,1837,-,-108.9238892,36.76362991,-76.01721954,15.68627453,40.26485062,41.01049805,65.30548859
Sun Nov 26 19:36:33 EST 2017,36:32.7,-76.01742478,36.76362351,18.5,3,-33.20000076,267.3,8.31266785,0.49799395,4.67348194,-0.01032553,-,23.92156982,-0.04012692,0.85517663,0.03904916,0.3334457,32.94117737,32.94117737,-,-,44.59999847,25.71074104,14.64881134,-,1807,-,-108.9238892,36.76362228,-76.01742554,16.07843208,41.38331985,41.63187027,84.72977448
Sun Nov 26 19:36:34 EST 2017,36:33.7,-76.01763325,36.76361326,18.75,4,-33.09999847,267.3,8.84896946,0.30645782,3.48595762,0.04834826,-,22.74509811,-0.10352626,0.74974388,0.17962612,0.35687518,33.72549057,33.72549057,-,-,44.59999847,25.730793,14.64881134,-,1869,-,-108.5957947,36.76361465,-76.01763153,12.94117641,41.94255447,42.25324249,38.60850525
Sun Nov 26 19:36:34 EST 2017,36:34.7,-76.01763325,36.76361326,18.75,4,-33.09999847,267.3,8.00621033,0.22984336,4.71178913,-0.0337379,-,20.3921566,-0.09890848,0.76926845,0.00780983,0.36858991,29.01960754,28.23529434,-,-,44.59999847,25.75154877,14.64881134,-,1871,-,-108.5957947,36.76361465,-76.01763153,11.76470566,41.94255447,42.8746109,38.60850525
Sun Nov 26 19:36:35 EST 2017,36:35.7,-76.01784574,36.76360565,19,4,-33.20000076,267.3,7.69975281,0.80445176,4.67348194,-0.00774642,50.03099823,18.4313736,-0.10291372,0.77707827,0.04685899,0.34516042,27.45098114,27.45098114,-,-,44.59999847,25.77225304,14.64881134,-,1866,-,-108.9238892,36.76360703,-76.01784515,9.01960754,42.50178909,42.8746109,28.14843941
Sun Nov 26 19:36:37 EST 2017,36:36.7,-76.01828144,36.76358943,19.25,4,-34.09999847,267.4,8.23605347,0.5363012,4.78840351,0.0028356,50.03099823,17.25490189,0.03587829,0.88641596,-0.01952458,0.43497351,25.88235283,26.27450943,-,-,44.59999847,25.79290771,14.64881134,-,1870,-,-111.8766327,36.76358795,-76.01828003,7.84313726,43.0610199,42.8746109,28.14843941
Sun Nov 26 19:36:38 EST 2017,36:37.7,-76.01849625,36.76357647,19.25,4,-34,266.2,7.96790314,-0.57460839,5.40131903,-0.05715086,50.03099823,18.8235302,-0.06519762,0.84346181,-0.00780983,0.30220634,25.88235283,26.27450943,-,-,44.59999847,25.81351471,14.64881134,-,1873,-,-111.5485535,36.76357651,-76.01849365,8.23529434,43.0610199,42.8746109,28.14843941
Sun Nov 26 19:36:39 EST 2017,36:38.7,-76.01870741,36.76356699,19.25,3,-34.20000076,266.5,9.38527107,0.42137951,5.74608421,0.09688457,50.03099823,17.64705849,0.09948963,0.9371798,-0.01561966,0.47402263,25.88235283,26.27450943,-,-,44.59999847,25.83407021,14.64881134,-,1874,-,-112.2047272,36.76356888,-76.01870728,8.62745094,43.0610199,42.8746109,-
Sun Nov 26 19:36:40 EST 2017,36:39.7,-76.01892427,36.76355953,19.25,3,-34.29999924,266.5,7.85298157,0.30645782,4.59686708,-0.00361933,50.03099823,16.47058868,-0.02514216,0.84346181,-0.00390492,0.38811451,25.09803963,25.09803963,-,-,44.59999847,25.85457611,14.64881134,-,1872,-,-112.5328064,36.76356125,-76.0189209,6.66666698,43.0610199,42.8746109,-
Sun Nov 26 19:36:41 EST 2017,36:40.7,-76.01913659,36.7635515,19.25,3,-34.5,266.7,8.04451752,1.11090958,4.90332508,-0.04396271,50.03099823,16.86274529,-0.10952919,0.77707827,0.08590815,0.32563588,25.88235283,26.27450943,-,-,44.59999847,25.87503052,14.64881134,-,1859,-,-113.1889801,36.7635498,-76.01913452,7.05882359,43.0610199,42.8746109,-
Sun Nov 26 19:36:42 EST 2017,36:41.7,-76.01934935,36.76354139,19,3,-34.29999924,266.8,7.46990919,0.9576807,3.86903,-0.04962963,50.03099823,18.4313736,-0.03433427,0.83955687,0.00780983,0.37639979,27.84313774,28.23529434,-,-,44.59999847,25.91430855,14.64881134,-,1869,-,-112.5328064,36.76354218,-76.01934814,8.62745094,42.50178909,42.25324249,-
Sun Nov 26 19:36:42 EST 2017,36:42.7,-76.01934935,36.76354139,19,3,-34.29999924,266.8,7.39329481,-0.11492168,4.175488,0.01807778,50.03099823,18.8235302,-0.01116313,0.84346181,0.00390492,0.4154489,28.23529434,28.23529434,-,-,44.59999847,25.9346199,14.64881134,-,1872,-,-112.5328064,36.76354218,-76.01934814,9.8039217,42.50178909,42.8746109,-
Sun Nov 26 19:36:44 EST 2017,36:43.7,-76.01978298,36.7635243,19.25,3,-34.09999847,267.2,8.65743351,1.11090958,4.67348194,0.03863351,50.03099823,17.64705849,-0.01759556,0.86298645,0.01171475,0.36858991,26.66666794,26.66666794,-,-,44.59999847,25.95488358,14.64881134,-,1857,-,-111.8766327,36.7635231,-76.01978302,8.62745094,43.0610199,42.8746109,23.63213921
Sun Nov 26 19:36:44 EST 2017,36:44.7,-76.01978298,36.7635243,19.25,3,-34.09999847,267.2,8.65743351,-0.07661445,4.09887314,0.10377282,50.03099823,18.03921509,0.02614747,0.95279956,0.06247865,0.27487195,27.05882454,27.05882454,-,-,44.59999847,25.97509766,14.64881134,-,1860,-,-111.8766327,36.7635231,-76.01978302,9.01960754,43.0610199,42.8746109,23.63213921
Sun Nov 26 19:36:46 EST 2017,36:45.7,-76.0202155,36.76351499,19.25,3,-34.5,267.5,8.61912632,-0.03830723,3.63918662,-0.00074265,50.03099823,18.4313736,0.01849055,0.91375035,-0.00390492,0.34906533,27.45098114,27.45098114,-,-,44.59999847,25.99526405,14.64881134,-,1868,-,-113.1889801,36.76351547,-76.0202179,9.4117651,43.0610199,42.8746109,23.63213921
Sun Nov 26 19:36:47 EST 2017,36:46.7,-76.02043029,36.76350816,19.25,3,-34.29999924,267.6,8.08282471,-0.61291564,3.98395157,0.03775539,50.03099823,18.8235302,0.05049078,0.90594047,-0.00390492,0.4310686,27.45098114,27.45098114,-,-,44.59999847,26.01538277,14.64881134,-,1868,-,-112.5328064,36.76350784,-76.02043152,9.4117651,43.0610199,42.8746109,23.63213921
Sun Nov 26 19:36:48 EST 2017,36:47.7,-76.0206413,36.76349826,19.25,4,-34.29999924,267.6,9.19373417,0.42137951,4.71178913,-0.00374536,50.03099823,20,0.02255748,0.90203559,0.0234295,0.38030469,29.41176605,29.80392265,-,-,44.59999847,26.0354538,14.64881134,-,1873,-,-112.5328064,36.7634964,-76.02063751,10.1960783,43.0610199,42.8746109,-
Sun Nov 26 19:36:49 EST 2017,36:48.7,-76.02085896,36.76349434,19.25,3,-34.59999847,267.6,8.00621033,0.15322891,4.8267107,-0.0252054,50.03099823,21.17647171,-0.09205103,0.81612742,-0.04685899,0.29439652,30.98039246,30.98039246,-,-,42.79999924,26.05547523,14.64881134,-,1905,-,-113.5170593,36.76349258,-76.02085876,12.54901981,43.0610199,42.8746109,-
Sun Nov 26 19:36:50 EST 2017,36:49.7,-76.02107543,36.76348789,19.5,3,-34.90000153,267.5,8.38928318,0.68953007,4.75009632,0.00756204,50.03099823,20.7843132,-0.00077855,0.84346181,-0.01171475,0.43497351,29.80392265,29.41176605,-,-,42.79999924,26.09611511,14.64881134,-,1891,-,-114.5013199,36.76348877,-76.02107239,11.76470566,43.62025452,43.49598312,-
Sun Nov 26 19:36:51 EST 2017,36:50.7,-76.02129272,36.76348197,19.5,3,-34.5,267.7,8.77235508,0.34476504,4.55855989,0.02254556,50.03099823,19.6078434,0.0103303,0.86298645,0.03904916,0.42325872,29.01960754,29.01960754,-,-,42.79999924,26.11673355,14.64881134,-,1886,-,-113.1889801,36.76348114,-76.02129364,10.58823586,43.62025452,43.49598312,26.03708267
Sun Nov 26 19:36:52 EST 2017,36:51.7,-76.02150963,36.7634729,19.25,3,-34.29999924,267.4,8.73404789,-0.42137951,4.55855989,-0.00381907,50.03099823,20.3921566,-0.03888785,0.8083176,0,0.41935381,30.58823586,29.41176605,-,-,42.79999924,26.13729858,14.64881134,-,1880,-,-112.5328064,36.76347351,-76.02150726,11.76470566,43.0610199,43.49598312,26.03708267
Sun Nov 26 19:36:52 EST 2017,36:52.7,-76.02150963,36.7634729,19.25,3,-34.29999924,267.4,8.15943909,0.42137951,5.36301184,0.01507486,50.03099823,21.17647171,-0.05933964,0.82784218,0.02733441,0.34516042,31.37254906,31.37254906,-,-,42.79999924,26.15781784,14.64881134,-,1899,-,-112.5328064,36.76347351,-76.02150726,12.15686321,43.0610199,43.49598312,26.03708267
Sun Nov 26 19:36:53 EST 2017,36:53.7,-76.0217242,36.76346878,19.5,3,-34.09999847,267.5,8.08282471,0,4.59686708,-0.03161247,50.03099823,21.17647171,-0.05181063,0.82393724,0,0.36858991,30.98039246,31.37254906,-,-,42.79999924,26.17828751,14.64881134,-,1901,-,-111.8766327,36.7634697,-76.02172089,12.54901981,43.62025452,43.49598312,26.03708267
Sun Nov 26 19:36:54 EST 2017,36:54.7,-76.02194519,36.76345901,19.5,4,-34.20000076,267,8.35097599,0.42137951,3.56257224,-0.03845941,50.03099823,20.7843132,-0.07318914,0.85127175,0.04295408,0.26315722,30.58823586,30.98039246,-,-,42.79999924,26.21908188,14.64881134,-,1899,-,-112.2047272,36.76345825,-76.02194214,11.76470566,43.62025452,43.49598312,-
Sun Nov 26 19:36:55 EST 2017,36:55.7,-76.02216551,36.7634532,19.5,4,-34.29999924,267.1,8.42759037,0.2681506,4.90332508,-0.00454899,50.03099823,20.7843132,-0.03210888,0.83955687,0.08981306,0.37249482,30.19607925,30.19607925,-,-,42.79999924,26.2394104,14.64881134,-,1907,-,-112.5328064,36.76345444,-76.02216339,11.76470566,43.62025452,43.49598312,-
Sun Nov 26 19:36:57 EST 2017,36:56.7,-76.0226091,36.76344096,19.75,3,-34.40000153,267.6,8.96389103,0.61291564,4.59686708,-0.02284055,50.03099823,20.7843132,0.04567907,0.94498962,0.03904916,0.34516042,30.19607925,30.58823586,-,-,42.79999924,26.28137779,14.64881134,-,1915,-,-112.8609009,36.76343918,-76.0226059,11.76470566,44.17948914,44.11735535,28.95701218
Sun Nov 26 19:36:58 EST 2017,36:57.7,-76.02282901,36.76343274,19.75,3,-34,267.2,8.42759037,0.42137951,3.98395157,0.01266823,50.03099823,20.7843132,-0.02189965,0.89422578,0.06247865,0.29049161,30.19607925,30.58823586,-,-,42.79999924,26.30228615,14.64881134,-,1918,-,-111.5485535,36.76343155,-76.02282715,11.76470566,44.17948914,44.11735535,28.95701218
Sun Nov 26 19:36:59 EST 2017,36:58.7,-76.02305104,36.76342877,19.75,4,-34,267.4,8.27436066,0.03830723,4.63517427,-0.00930253,50.03099823,20.7843132,-0.03653312,0.87079626,0.03514424,0.31001619,30.19607925,30.19607925,-,-,42.79999924,26.32314682,14.64881134,-,1929,-,-111.5485535,36.76342773,-76.0230484,11.76470566,44.17948914,44.11735535,28.95701218
Sun Nov 26 19:37:00 EST 2017,36:59.7,-76.02327451,36.7634235,20,4,-34.29999924,267.4,8.96389103,-0.03830723,4.75009632,0.01573684,50.03099823,20.7843132,-0.01410712,0.84346181,0.04685899,0.40763909,30.19607925,30.19607925,-,-,42.79999924,26.3446846,14.64881134,-,1949,-,-112.5328064,36.76342392,-76.02327728,11.76470566,44.73872757,44.73872757,28.95701218
Sun Nov 26 19:37:01 EST 2017,37:00.7,-76.02350039,36.76341746,20,3,-34.40000153,267.7,7.73806,-0.34476504,2.60489154,0.10475057,50.03099823,20.7843132,0.0777428,1.02699292,-0.03123933,0.22410804,30.19607925,30.19607925,-,-,42.79999924,26.38761139,14.64881134,-,1958,-,-112.8609009,36.76341629,-76.02349854,11.76470566,44.73872757,44.73872757,28.64235306
Sun Nov 26 19:37:02 EST 2017,37:01.7,-76.02372912,36.76340606,20,4,-34.90000153,267,8.04451752,0.19153613,4.175488,-0.00874429,50.03099823,20.7843132,-0.08219749,0.82003236,0.06638357,0.30611128,30.19607925,30.19607925,-,-,42.79999924,26.4090004,14.64881134,-,1957,-,-114.5013199,36.76340485,-76.02372742,11.76470566,44.73872757,44.73872757,28.64235306
Sun Nov 26 19:37:03 EST 2017,37:02.7,-76.02395468,36.76339582,20.25,3,-34.90000153,266.7,8.54251194,0.2681506,4.97993946,0.00677413,50.03099823,20.7843132,0.00867514,0.87079626,0.02733441,0.40763909,30.19607925,30.19607925,-,-,42.79999924,26.4310627,14.64881134,-,1971,-,-114.5013199,36.76339722,-76.0239563,11.76470566,45.29796219,45.36009598,28.64235306
Sun Nov 26 19:37:04 EST 2017,37:03.7,-76.02418431,36.76338628,20.25,3,-34.59999847,266.8,7.66144562,0.80445176,4.94163227,0.01675168,50.03099823,20.7843132,-0.06672502,0.78098321,0.08200324,0.40373418,29.80392265,29.80392265,-,-,42.79999924,26.4750309,14.64881134,-,1980,-,-113.5170593,36.76338577,-76.02418518,11.76470566,45.29796219,45.36009598,27.76823807
Sun Nov 26 19:37:05 EST 2017,37:04.7,-76.02441585,36.76337614,20.25,3,-34.59999847,266.9,8.31266785,0.34476504,5.09486103,-0.01799921,50.03099823,20,-0.05048391,0.80441266,0.01171475,0.40373418,27.45098114,27.45098114,-,-,42.79999924,26.49694061,14.64881134,-,1972,-,-113.5170593,36.76337433,-76.02441406,7.05882359,45.29796219,45.36009598,27.76823807
Sun Nov 26 19:37:06 EST 2017,37:05.7,-76.02463862,36.76336348,20.25,3,-34.5,266.9,8.00621033,0.45968673,5.09486103,0.0036421,50.03099823,18.4313736,0.00242323,0.87860614,0.03904916,0.38030469,27.45098114,27.45098114,-,-,42.79999924,26.51807785,14.64881134,-,1960,-,-113.1889801,36.76336288,-76.02463531,9.4117651,45.29796219,44.73872757,27.76823807
Sun Nov 26 19:37:07 EST 2017,37:06.7,-76.02486775,36.76335992,20.25,3,-34.70000076,267.1,8.27436066,0.45968673,4.90332508,0.0094658,50.03099823,18.4313736,0.002271,0.8747012,0.08981306,0.38030469,26.66666794,25.88235283,-,-,42.79999924,26.56020546,14.64881134,-,1943,-,-113.8451462,36.76335907,-76.0248642,9.01960754,45.29796219,44.73872757,-
Sun Nov 26 19:37:08 EST 2017,37:07.7,-76.02508931,36.76335161,20,3,-34.59999847,266.8,9.19373417,0.49799395,5.70777702,-0.02289709,50.03099823,18.03921509,-0.0439897,0.78879303,0.02733441,0.43887842,26.66666794,27.45098114,-,-,42.79999924,26.58048058,14.64881134,-,1937,-,-113.5170593,36.76335144,-76.02509308,8.23529434,44.73872757,44.11735535,-
Sun Nov 26 19:37:09 EST 2017,37:08.7,-76.02530925,36.76334338,19.75,3,-34.79999924,266.6,8.23605347,0.30645782,5.24809027,-0.03961224,50.03099823,19.6078434,-0.08495311,0.8083176,-0.04685899,0.32563588,28.62745094,28.62745094,-,-,42.79999924,26.60070801,14.64881134,-,1946,-,-114.1732254,36.76334381,-76.0253067,10.1960783,44.17948914,44.11735535,-
Sun Nov 26 19:37:10 EST 2017,37:09.7,-76.02553281,36.7633343,19.75,4,-34.59999847,266.8,8.35097599,0.5363012,4.90332508,-0.00711747,50.03099823,20,0.05653773,0.92156017,0.0234295,0.4154489,29.41176605,29.41176605,-,-,42.79999924,26.62088776,14.64881134,-,1938,-,-113.5170593,36.76333618,-76.02553558,11.37254906,44.17948914,44.11735535,-
Sun Nov 26 19:37:11 EST 2017,37:10.7,-76.02575673,36.76332593,20,3,-35.20000076,267.1,8.35097599,0.68953007,5.05655384,-0.03191441,50.03099823,19.6078434,-0.06197117,0.82784218,0.07809832,0.3334457,28.62745094,28.62745094,-,-,42.79999924,26.66110802,14.64881134,-,1938,-,-115.4855652,36.76332474,-76.02575684,10.58823586,44.73872757,44.11735535,-
Sun Nov 26 19:37:12 EST 2017,37:11.7,-76.02597639,36.76331397,20,3,-34.79999924,267.5,8.61912632,-0.9576807,5.32470465,0.04021951,50.03099823,19.6078434,0.02008487,0.89422578,0.0976229,0.38030469,28.23529434,28.62745094,-,-,42.79999924,26.68115234,14.64881134,-,1937,-,-114.1732254,36.76331329,-76.02597809,10.58823586,44.73872757,44.11735535,-
Sun Nov 26 19:37:13 EST 2017,37:12.7,-76.026198,36.76330553,20,3,-34.90000153,267.8,7.96790314,0,4.44363832,0.01900995,50.03099823,19.2156868,0.0027276,0.87079626,0.06638357,0.39201942,28.23529434,28.23529434,-,-,42.79999924,26.72109604,14.64881134,-,1932,-,-114.5013199,36.76330566,-76.02619934,10.1960783,44.73872757,44.11735535,-
Sun Nov 26 19:37:14 EST 2017,37:13.7,-76.02642084,36.76329934,19.75,3,-34.59999847,267.8,7.24006605,0.42137951,4.5202527,-0.01898936,50.03099823,19.2156868,-0.07170047,0.83174706,0.03514424,0.31001619,28.23529434,28.23529434,-,-,42.79999924,26.74100113,14.64881134,-,1928,-,-113.5170593,36.76329803,-76.02642059,10.1960783,44.17948914,44.11735535,-
Sun Nov 26 19:37:15 EST 2017,37:14.7,-76.02663941,36.76329618,19.75,3,-34.59999847,267.9,7.16345167,0.76614451,5.28639746,0.01215684,50.03099823,16.47058868,0.03751941,0.87079626,-0.03514424,0.4623079,25.09803963,25.49019623,-,-,42.79999924,26.76085854,14.64881134,-,1915,-,-113.5170593,36.76329803,-76.02664185,7.05882359,44.17948914,44.11735535,-
Sun Nov 26 19:37:16 EST 2017,37:15.7,-76.02685694,36.76328854,19.5,3,-35,267.6,7.77636719,0.11492168,5.66946983,-0.0245942,50.03099823,16.86274529,0.02192303,0.84736669,0.0234295,0.47011772,14.11764717,14.11764717,-,-,42.79999924,26.79831505,14.64881134,-,1860,-,-114.8293991,36.76329041,-76.02685547,7.45098066,43.62025452,42.8746109,-
Sun Nov 26 19:37:17 EST 2017,37:16.7,-76.02707111,36.76327972,19.25,3,-35,267.6,8.15943909,1.07260239,5.28639746,0.01796697,50.03099823,16.07843208,-0.02178265,0.80441266,0.10152781,0.44668823,14.11764717,14.11764717,-,-,42.79999924,26.81591797,14.64881134,-,1810,-,-114.8293991,36.76327896,-76.02706909,6.27450991,43.0610199,42.25324249,-
Sun Nov 26 19:37:18 EST 2017,37:17.7,-76.02727811,36.7632715,18.75,3,-35,268.3,7.77636719,1.57059634,5.13316822,-0.01230249,50.03099823,15.68627453,-0.02229759,0.83565199,0.13667206,0.38811451,14.11764717,14.11764717,-,-,42.79999924,26.83206749,14.64881134,-,1788,-,-114.8293991,36.76327133,-76.02727509,5.88235283,41.94255447,41.01049805,-
Sun Nov 26 19:37:19 EST 2017,37:18.7,-76.02747909,36.76326856,18.25,4,-34.5,269.9,8.84896946,0.65122288,5.09486103,0.0078129,50.03099823,15.68627453,-0.01802282,0.76926845,0.0741934,0.50526196,14.11764717,14.11764717,-,-,42.79999924,26.86143303,14.64881134,-,1718,-,-113.1889801,36.76326752,-76.02748108,5.88235283,40.82408524,39.14638519,-
Sun Nov 26 19:37:20 EST 2017,37:19.7,-76.02767172,36.76327074,17.5,3,-34.40000153,271.5,7.96790314,-0.38307226,5.7843914,-0.01072978,50.03099823,15.29411793,-0.01119394,0.78098321,-0.0741934,0.50135708,14.11764717,14.11764717,-,-,42.79999924,26.87395096,14.64881134,-,1659,-,-112.8609009,36.76327133,-76.02767181,5.49019623,39.14638519,37.90364456,-
Sun Nov 26 19:37:21 EST 2017,37:20.7,-76.02785482,36.76327376,16.5,3,-34.5,271.3,8.84896946,-0.57460839,6.12915611,0.0189073,50.03099823,14.90196133,-0.03039195,0.78098321,0.00780983,0.47402263,14.11764717,14.11764717,-,-,42.79999924,26.88433266,14.64881134,-,1579,-,-113.1889801,36.76327515,-76.02785492,5.09803915,36.90944672,36.03952789,-
Sun Nov 26 19:37:22 EST 2017,37:21.7,-76.02801914,36.76327616,15.25,4,-34.09999847,269.8,8.08282471,-0.80445176,5.70777702,0.01186214,50.03099823,14.90196133,0.00651715,0.81222248,-0.01952458,0.49354723,14.11764717,14.11764717,-,-,42.79999924,26.89659691,14.64881134,-,1358,-,-111.8766327,36.76327515,-76.02802277,4.70588255,34.11327744,31.06855965,-
Sun Nov 26 19:37:23 EST 2017,37:22.7,-76.02817211,36.76327136,13.75,3,-34.5,268.7,7.73806,-0.03830723,6.35899973,0.02772332,50.03099823,14.50980377,0.07428977,0.81612742,0.0976229,0.59117013,14.11764717,14.11764717,-,-,42.79999924,26.89920235,14.64881134,-,1264,-,-113.1889801,36.76327133,-76.02817535,4.31372547,30.75787354,29.20444679,-
Sun Nov 26 19:37:24 EST 2017,37:23.7,-76.02831167,36.76326995,12.25,4,-34.70000076,268.7,7.431602,-0.15322891,5.13316822,0.01897229,50.03099823,13.72549057,-0.07885357,0.7575537,-0.01561966,0.42325872,14.11764717,14.11764717,-,-,42.79999924,26.89829636,14.64881134,-,1111,-,-113.8451462,36.76327133,-76.02831268,3.92156863,27.40246773,26.09758949,-
Sun Nov 26 19:37:25 EST 2017,37:24.7,-76.02843553,36.76326038,11.25,4,-35.09999847,266.3,5.43962622,4.90332508,6.43561411,-0.01039013,50.03099823,14.50980377,-0.0073205,0.62478656,0.49201941,0.49354723,14.11764717,14.11764717,-,-,42.79999924,26.88671112,14.64881134,-,1183,-,-115.1574783,36.76325989,-76.02843475,4.31372547,25.16553307,20.50524902,-
Sun Nov 26 19:37:26 EST 2017,37:25.7,-76.02851615,36.76327062,8.75,4,-35.5,273.4,-3.56257224,8.38928318,5.32470465,0.07668559,50.03099823,13.72549057,-0.10892109,-0.15229172,0.76536351,0.32954079,14.11764717,14.11764717,-,-,42.79999924,26.87604904,14.64881134,-,958,-,-116.4698181,36.76327133,-76.02851868,3.52941179,19.5731926,17.39839363,-
Sun Nov 26 19:37:27 EST 2017,37:26.7,-76.02859232,36.76328982,7.5,4,-35.5,285.4,-9.23204136,3.67749381,3.37103605,0.08869749,50.03099823,14.11764717,0.00631254,-0.85517663,0.43344569,0.20458345,14.11764717,14.11764717,-,-,42.79999924,26.8633194,14.64881134,-,1167,-,-116.4698181,36.76329041,-76.02859497,4.31372547,16.77702141,15.53427982,-
Sun Nov 26 19:37:28 EST 2017,37:27.7,-76.0286714,36.76330875,7.5,4,-35.59999847,291.7,-9.80665016,0.19153613,2.9113493,0.02923084,50.03099823,14.11764717,-0.03130513,-0.92156017,-0.01952458,0.19677362,18.4313736,20.7843132,-,-,42.79999924,26.83516502,14.64881134,-,1139,-,-116.7978973,36.76330948,-76.02867126,4.31372547,16.77702141,14.29153728,-
Sun Nov 26 19:37:29 EST 2017,37:28.7,-76.02867634,36.76338342,6.75,4,-35,335.2,-8.27436066,6.01423454,4.21379519,0.12470153,50.03099823,14.11764717,0.1035692,-0.87860614,0.55449808,0.27096704,14.11764717,14.11764717,-,-,42.79999924,26.82043839,14.64881134,-,1079,-,-114.8293991,36.76338196,-76.02867889,3.92156863,15.09931946,13.67016602,-
Sun Nov 26 19:37:30 EST 2017,37:29.7,-76.02869439,36.76344187,6.75,4,-35.20000076,350.1,7.69975281,0.61291564,6.16746378,-0.03192176,50.03099823,14.11764717,0.00791848,0.78488815,0.06247865,0.52869147,14.11764717,14.11764717,-,-,42.79999924,26.80574417,14.64881134,-,1085,-,-115.4855652,36.76344299,-76.02869415,3.92156863,15.09931946,13.67016602,-
Sun Nov 26 19:37:31 EST 2017,37:30.7,-76.02870059,36.76349332,5.75,3,-35,354.1,7.16345167,0.30645782,5.97592735,0.02177887,50.03099823,14.11764717,0.00561473,0.76145858,0.12495731,0.54431117,14.11764717,14.11764717,-,-,42.79999924,26.78761864,14.64881134,-,870,-,-114.8293991,36.76349258,-76.02870178,3.92156863,12.86238289,10.56331062,-
