GPS Time, Device Time, Longitude, Latitude,GPS Speed (Meters/second), Horizontal Dilution of Precision, Altitude, Bearing, G(x), G(y), G(z), G(calibrated), 1/4 mile time(s),Absolute Throttle Position B(%),Acceleration Sensor(Total)(g),Acceleration Sensor(X axis)(g),Acceleration Sensor(Y axis)(g),Acceleration Sensor(Z axis)(g),Accelerator PedalPosition D(%),Accelerator PedalPosition E(%),Accelerator PedalPosition F(%),Actual engine % torque(%),Ambient air temp(°F),Average trip speed(whilst moving only)(mph),Barometric pressure (from vehicle)(psi),Drivers demand engine % torque(%),Engine RPM(rpm),Fuel pressure(psi),GPS Altitude(ft),GPS Latitude(°),GPS Longitude(°),Relative Throttle Position(%),Speed (GPS)(mph),Speed (OBD)(mph),Torque(Nm)
Thu Nov 23 00:12:24 EST 2017,12:23.2,-76.04388819,36.77302784,0,3,-41.90000153,0,8.46589756,0.57460839,3.98395157,-0.02543586,-,14.11764717,-0.04410936,0.86298645,0.05857374,0.30611128,14.11764717,14.11764717,-,-,44.59999847,32.36507416,14.64881134,-,653,-,-137.4671936,36.77302933,-76.04389191,4.31372547,0,0,-
Thu Nov 23 00:12:25 EST 2017,12:24.2,-76.04388819,36.77302783,0,3,-41.90000153,0,8.84896946,-0.03830723,4.02225876,0.00985652,-,13.72549057,-0.00880494,0.90203559,-0.00390492,0.31001619,14.11764717,14.11764717,-,-,46.40000153,32.36507416,14.64881134,-,663,-,-137.4671936,36.77302933,-76.04389191,3.52941179,0,0,-
Thu Nov 23 00:12:26 EST 2017,12:25.2,-76.0438882,36.77302783,0,3,-41.90000153,0,8.73404789,0.07661445,4.25210238,0.00925618,-,13.72549057,-0.00940549,0.89032084,0.00780983,0.3334457,14.11764717,14.11764717,-,-,46.40000153,32.36507416,14.64881134,-,667,-,-137.4671936,36.77302933,-76.04389191,3.92156863,0,0,-
Thu Nov 23 00:12:27 EST 2017,12:26.2,-76.0438882,36.77302784,0,3,-41.90000153,0,8.77235508,0.45968673,3.715801,0.00529748,-,13.72549057,-0.00237555,0.89813066,0.05857374,0.32954079,14.11764717,14.11764717,-,-,46.40000153,32.36507416,14.64881134,-,663,-,-137.4671936,36.77302933,-76.04389191,3.92156863,0,0,-
Thu Nov 23 00:12:28 EST 2017,12:27.2,-76.04388821,36.77302783,0,3,-41.90000153,0,6.32069254,4.75009632,2.9113493,0.02739652,-,13.72549057,0.01322583,0.73412424,0.64040625,0.17724904,14.11764717,14.11764717,-,-,46.40000153,32.36507416,14.64881134,-,660,-,-137.4671936,36.77302933,-76.04389191,3.92156863,0,0,-
Thu Nov 23 00:12:29 EST 2017,12:28.2,-76.04388817,36.77302781,0,3,-41.90000153,0,-9.04050541,4.97993946,1.95366859,0.08001999,-,13.72549057,0.0861482,-0.83174706,0.66774058,0.10305563,14.11764717,14.11764717,-,-,46.40000153,32.36507416,14.64881134,-,660,-,-137.4671936,36.77302933,-76.04389191,3.92156863,0,0,-
Thu Nov 23 00:12:30 EST 2017,12:29.2,-76.04388817,36.77302781,0,4,-41.90000153,0,-7.39329481,-6.12915611,3.02627087,0.04540628,-,13.72549057,0.02216942,-0.76926845,-0.60916686,0.18505886,14.11764717,14.11764717,-,-,46.40000153,32.36507416,14.64881134,-,660,-,-137.4671936,36.77302933,-76.04389191,10.1960783,0,0,-
Thu Nov 23 00:12:31 EST 2017,12:30.2,-76.04390872,36.77305045,2.75,3,-42.59999847,320.3,-6.66545773,-7.01022243,2.10689759,0.03393652,-,19.2156868,0.02016713,-0.66774058,-0.71459961,0.1889638,33.72549057,35.29411697,-,-,46.40000153,32.30236053,14.64881134,-,1637,-,-139.7637787,36.77305222,-76.04390717,10.1960783,6.15157461,6.21371174,-
Thu Nov 23 00:12:32 EST 2017,12:31.2,-76.04392212,36.7730784,3.5,3,-42.5,336.7,-8.35097599,-5.20978308,1.99197578,0.04709962,-,22.74509811,0.04344407,-0.83955687,-0.59354722,0.07572122,38.82352829,38.82352829,-,-,46.40000153,32.24440765,14.64881134,-,1688,-,-139.4356995,36.77307892,-76.04392242,14.11764717,7.82927656,8.07782555,-
Thu Nov 23 00:12:33 EST 2017,12:32.2,-76.04392952,36.77312082,4.75,3,-40.59999847,353.7,-10.15141487,-1.68551803,2.7581203,0.04622271,-,22.74509811,0.0809378,-1.0035634,-0.27334413,0.19286871,36.47058868,36.47058868,-,-,46.40000153,32.13820648,14.64881134,-,1675,-,-133.2020874,36.77312088,-76.04393005,13.72549057,10.62544727,10.56331062,46.1869278
Thu Nov 23 00:12:34 EST 2017,12:33.2,-76.04389317,36.77317732,6,3,-43,12.6,3.25611424,8.46589756,2.22181916,-0.02904904,-,23.92156982,-0.06155647,0.26553428,0.8747012,0.11086546,36.47058868,36.47058868,-,-,46.40000153,32.04626083,14.64881134,-,1811,-,-141.0761108,36.7731781,-76.04389191,14.90196133,13.42161655,13.67016602,48.43353653
Thu Nov 23 00:12:35 EST 2017,12:34.2,-76.04386796,36.77323337,7,3,-42.40000153,23,8.61912632,-0.84275901,3.63918662,-0.00893888,-,24.31372643,-0.00558511,0.94108468,0.00390492,0.22020312,37.25490189,37.64706039,-,-,46.40000153,31.97130775,14.64881134,-,1867,-,-139.1076202,36.77323151,-76.04386902,16.07843208,15.65855312,16.77702141,82.90016174
Thu Nov 23 00:12:36 EST 2017,12:35.2,-76.04383704,36.77329536,7.75,3,-41.59999847,24.2,9.11711979,-2.14520478,3.10288548,0.02012957,-,22.74509811,-0.00353101,0.90203559,-0.24600971,0.24363261,37.25490189,37.25490189,-,-,46.40000153,31.90726471,14.64881134,-,1490,-,-136.4829407,36.77329636,-76.0438385,14.11764717,17.33625603,19.26250648,90.1633606
Thu Nov 23 00:12:37 EST 2017,12:36.2,-76.04379888,36.77336713,8.75,3,-40.29999924,24.1,8.46589756,-1.45567465,4.02225876,0.01005732,-,20.7843132,0.00660811,0.90984541,-0.17962612,0.29049161,32.15686417,31.76470566,-,-,46.40000153,31.85253143,14.64881134,-,1593,-,-132.2178497,36.77336884,-76.04380035,12.15686321,19.5731926,20.50524902,47.12429428
Thu Nov 23 00:12:38 EST 2017,12:37.2,-76.04376044,36.77343763,9.25,3,-39.59999847,22.5,8.15943909,-1.37906015,4.175488,0.00537062,-,19.6078434,0.00666874,0.91375035,-0.11324256,0.30611128,30.19607925,30.19607925,-,-,46.40000153,31.82753181,14.64881134,-,1630,-,-129.9212494,36.7734375,-76.04376221,10.58823586,20.69165993,21.12662125,47.12429428
Thu Nov 23 00:12:39 EST 2017,12:38.2,-76.04371632,36.77351341,9.5,3,-39.09999847,21.4,8.38928318,-1.30244577,3.83072281,0.02959337,-,18.03921509,0.0142644,0.90984541,-0.16010156,0.317826,28.23529434,28.23529434,-,-,46.40000153,31.7778759,14.64881134,-,1664,-,-128.280838,36.77351379,-76.04371643,9.01960754,21.25089455,21.12662125,21.37957382
Thu Nov 23 00:12:40 EST 2017,12:39.2,-76.04368077,36.77359617,9.5,3,-39.20000076,18.8,8.77235508,-1.68551803,3.86903,0.01434279,-,18.4313736,-0.01609789,0.87860614,-0.18353106,0.30220634,28.23529434,28.23529434,-,-,46.40000153,31.7315464,14.64881134,-,1670,-,-128.6089325,36.77359772,-76.04367828,9.01960754,21.25089455,21.74799156,14.88966274
Thu Nov 23 00:12:41 EST 2017,12:40.2,-76.04364961,36.77367982,9.75,3,-39.29999924,16.7,9.46188545,-1.95366859,4.55855989,0.01931656,-,18.4313736,-0.0195935,0.88641596,-0.22648512,0.25144243,28.23529434,28.23529434,-,-,46.40000153,31.68564606,14.64881134,-,1688,-,-128.9370117,36.77368164,-76.04364777,9.4117651,21.81012726,21.74799156,14.88966274
Thu Nov 23 00:12:42 EST 2017,12:41.2,-76.04361943,36.77376958,10,3,-39.20000076,14.4,8.42759037,-1.30244577,3.94564438,0.00332244,-,18.03921509,-0.01859788,0.86689138,-0.19915071,0.31392109,27.84313774,28.62745094,-,-,46.40000153,31.64300728,14.64881134,-,1707,-,-128.6089325,36.77376938,-76.04361725,8.62745094,22.36936378,22.36936378,20.46989822
Thu Nov 23 00:12:43 EST 2017,12:42.2,-76.04359134,36.77385271,10,4,-40.40000153,12.8,9.15542698,-1.68551803,3.67749381,0.02520759,-,20.3921566,-0.01765773,0.90203559,-0.15619664,0.25534737,30.58823586,30.58823586,-,-,46.40000153,31.62183571,14.64881134,-,1727,-,-132.5459442,36.7738533,-76.04359436,11.37254906,22.36936378,22.36936378,20.46989822
Thu Nov 23 00:12:44 EST 2017,12:43.2,-76.04356621,36.77394136,10,6,-40.40000153,12.8,8.15943909,-1.49398184,4.21379519,0.01174977,-,19.2156868,0.01226908,0.87079626,-0.21477039,0.36858991,28.62745094,28.62745094,-,-,46.40000153,31.58260345,14.64881134,-,1773,-,-132.5459442,36.77394104,-76.04356384,10.1960783,22.36936378,22.9907341,20.92512321
Thu Nov 23 00:12:45 EST 2017,12:44.2,-76.04355393,36.7740315,10.5,3,-40.59999847,9,8.73404789,-0.8810662,3.10288548,-0.00415887,-,18.8235302,-0.09908629,0.81222248,-0.07028849,0.28268176,28.23529434,28.23529434,-,-,46.40000153,31.54513168,14.64881134,-,1787,-,-133.2020874,36.77403259,-76.04355621,9.4117651,23.48783112,22.9907341,23.09726715
Thu Nov 23 00:12:46 EST 2017,12:45.2,-76.0435378,36.7741303,10.25,4,-39.59999847,7.8,8.73404789,-0.8810662,4.36702394,0.00832332,-,18.8235302,0.03304614,0.9488945,-0.12886222,0.28658667,28.23529434,28.62745094,-,-,46.40000153,31.50659943,14.64881134,-,1775,-,-129.9212494,36.77413177,-76.04354095,9.4117651,22.9285965,22.9907341,23.09726715
Thu Nov 23 00:12:47 EST 2017,12:46.2,-76.04353224,36.77422393,10.5,4,-39.20000076,3.9,8.84896946,-1.34075296,3.60087943,0.01673891,-,18.4313736,0.07325246,0.96841919,-0.08981306,0.35297027,28.23529434,28.62745094,-,-,46.40000153,31.48746109,14.64881134,-,1757,-,-128.6089325,36.77422333,-76.04353333,9.4117651,23.48783112,22.9907341,23.09726715
Thu Nov 23 00:12:48 EST 2017,12:47.2,-76.04352037,36.7743097,10.25,4,-38.70000076,3.8,8.84896946,-0.72783732,4.02225876,-0.00043193,-,18.8235302,-0.00105341,0.91375035,-0.11324256,0.28658667,28.62745094,29.01960754,-,-,46.40000153,31.44944572,14.64881134,-,1755,-,-126.9685059,36.77431107,-76.04351807,9.4117651,22.9285965,22.9907341,-
Thu Nov 23 00:12:49 EST 2017,12:48.2,-76.04351282,36.77440123,10.25,6,-38.59999847,3.8,9.00219822,0.11492168,3.67749381,0.01055612,-,18.8235302,-0.01201215,0.90203559,0.00390492,0.30220634,28.62745094,28.62745094,-,-,46.40000153,31.4090004,14.64881134,-,1739,-,-126.6404114,36.77440262,-76.04351044,9.8039217,22.9285965,22.36936378,-
Thu Nov 23 00:12:50 EST 2017,12:49.2,-76.0435119,36.77449926,10,4,-38.40000153,2.8,7.92959595,0.5363012,4.29040956,-0.01751099,-,19.6078434,-0.00470314,0.92156017,0.09371798,0.26315722,30.19607925,30.19607925,-,-,46.40000153,31.36891365,14.64881134,-,1736,-,-125.9842606,36.77449799,-76.04351044,10.58823586,22.36936378,22.36936378,-
Thu Nov 23 00:12:51 EST 2017,12:50.2,-76.0435123,36.77459527,10,3,-38.79999924,3,8.84896946,1.45567465,4.175488,0.00050532,-,18.4313736,-0.07000891,0.82784218,0.1718163,0.28658667,28.23529434,28.23529434,-,-,46.40000153,31.32917976,14.64881134,-,1732,-,-127.2965851,36.77459717,-76.04351044,9.4117651,22.36936378,22.36936378,-
Thu Nov 23 00:12:52 EST 2017,12:51.2,-76.04350639,36.77468631,10,5,-38.90000153,3,8.88727665,1.11090958,3.98395157,0.00387228,-,18.03921509,-0.01616768,0.89032084,0.11324256,0.30220634,27.84313774,28.23529434,-,-,44.59999847,31.30944252,14.64881134,-,1723,-,-127.6246796,36.77468491,-76.04350281,8.62745094,22.36936378,22.36936378,-
Thu Nov 23 00:12:53 EST 2017,12:52.2,-76.04349598,36.77476919,9.75,4,-38.79999924,5.7,8.42759037,1.53228903,4.32871675,-0.01491618,-,18.03921509,-0.04606688,0.8747012,0.0976229,0.26706213,27.84313774,27.84313774,-,-,44.59999847,31.2688694,14.64881134,-,1706,-,-127.2965851,36.77476883,-76.04349518,8.62745094,21.81012726,21.74799156,-
Thu Nov 23 00:12:54 EST 2017,12:53.2,-76.0434871,36.77485998,10.25,3,-38.20000076,8,8.58081913,1.14921677,4.44363832,-0.0145993,-,17.64705849,0.04810586,0.9371798,0.16791138,0.33735061,27.45098114,27.45098114,-,-,44.59999847,31.22865105,14.64881134,-,1690,-,-125.3280869,36.77486038,-76.04348755,8.23529434,22.9285965,21.74799156,-
Thu Nov 23 00:12:55 EST 2017,12:54.2,-76.04347118,36.7749509,10.25,5,-38,8,8.15943909,1.45567465,3.98395157,-0.0019577,-,18.03921509,-0.01171875,0.89032084,0.17572121,0.29049161,29.41176605,29.41176605,-,-,44.59999847,31.18742943,14.64881134,-,1696,-,-124.6719132,36.77495193,-76.04347229,8.23529434,22.9285965,21.74799156,-
Thu Nov 23 00:12:56 EST 2017,12:55.2,-76.0434534,36.77504383,10,4,-37.5,11.8,8.42759037,1.03429508,3.56257224,-0.02964179,-,20.7843132,-0.06984491,0.84346181,0.16400647,0.25534737,29.01960754,29.41176605,-,-,44.59999847,31.16830444,14.64881134,-,1765,-,-123.0314941,36.77504349,-76.04345703,12.54901981,22.36936378,22.36936378,-
Thu Nov 23 00:12:57 EST 2017,12:56.2,-76.04342939,36.7751324,10,5,-38.20000076,12.4,8.58081913,2.52827692,3.37103605,-0.00652194,-,18.03921509,0.01346676,0.90203559,0.2186753,0.30611128,29.01960754,29.01960754,-,-,44.59999847,31.13163757,14.64881134,-,1790,-,-125.3280869,36.77513123,-76.04342651,9.4117651,22.36936378,22.36936378,42.22100067
Thu Nov 23 00:12:58 EST 2017,12:57.2,-76.04339535,36.77522399,10,4,-37.20000076,15.7,8.92558384,1.53228903,4.06056595,-0.01169427,-,16.86274529,-0.04108926,0.83955687,0.1718163,0.32954079,26.66666794,26.66666794,-,-,44.59999847,31.09662247,14.64881134,-,1782,-,-122.0472488,36.77522278,-76.043396,7.45098066,22.36936378,22.9907341,42.22100067
Thu Nov 23 00:12:59 EST 2017,12:58.2,-76.04335187,36.77531358,10.5,4,-37.29999924,17.1,8.54251194,1.83874691,3.86903,-0.01831813,-,16.07843208,-0.0192745,0.89032084,0.17572121,0.27096704,26.66666794,26.66666794,-,-,44.59999847,31.06190681,14.64881134,-,1367,-,-122.3753281,36.77531433,-76.04335022,6.66666698,23.48783112,22.9907341,42.22100067
Thu Nov 23 00:13:00 EST 2017,12:59.2,-76.04331459,36.77540203,10,3,-38.40000153,21.5,8.58081913,1.53228903,4.25210238,-0.01555346,-,16.07843208,-0.03490325,0.8747012,0.19134088,0.25925228,27.05882454,27.45098114,-,-,44.59999847,31.04466248,14.64881134,-,1327,-,-125.9842606,36.77540207,-76.04331207,6.66666698,22.36936378,22.9907341,-
Thu Nov 23 00:13:01 EST 2017,13:00.2,-76.0432683,36.77548318,10.25,3,-38.70000076,22.9,8.54251194,1.53228903,3.52426481,-0.02614623,-,17.25490189,0.04139482,0.90984541,0.04685899,0.40373418,28.62745094,28.23529434,-,-,44.59999847,31.01038933,14.64881134,-,1333,-,-126.9685059,36.77548218,-76.0432663,7.84313726,22.9285965,22.9907341,-
Thu Nov 23 00:13:02 EST 2017,13:01.2,-76.04321617,36.77556599,10.25,4,-38.29999924,24.5,9.27034855,0.9576807,4.8267107,-0.02532704,-,17.25490189,-0.13023855,0.78098321,0.0741934,0.27487195,28.62745094,28.62745094,-,-,44.59999847,30.976408,14.64881134,-,1338,-,-125.6561661,36.7755661,-76.04321289,8.23529434,22.9285965,22.9907341,-
Thu Nov 23 00:13:03 EST 2017,13:02.2,-76.04316837,36.77565051,10.25,7,-38.29999924,24.5,8.38928318,2.87304211,4.175488,-0.0105382,-,16.86274529,-0.00838943,0.84346181,0.24991462,0.35687518,27.84313774,27.84313774,-,-,44.59999847,30.95952415,14.64881134,-,1346,-,-125.6561661,36.77565002,-76.04316711,7.45098066,22.9285965,22.9907341,-
Thu Nov 23 00:13:04 EST 2017,13:03.2,-76.04310036,36.77573511,10.25,5,-36.79999924,27.4,9.19373417,1.37906015,3.29442143,-0.00813152,-,16.47058868,0.00575123,0.9371798,0.14057697,0.23582277,27.45098114,27.45098114,-,-,44.59999847,30.92728043,14.64881134,-,1353,-,-120.7349091,36.77573395,-76.04309845,7.05882359,22.9285965,23.61210442,28.29176903
Thu Nov 23 00:13:05 EST 2017,13:04.2,-76.04305144,36.77582254,10.75,4,-37.59999847,32,8.73404789,1.26413846,4.175488,-0.00681981,-,16.47058868,0.01226908,0.92156017,0.01171475,0.317826,27.45098114,27.45098114,-,-,44.59999847,30.89660835,14.64881134,-,1354,-,-123.3595734,36.77582169,-76.04305267,7.05882359,24.04706573,23.61210442,28.29176903
Thu Nov 23 00:13:06 EST 2017,13:05.2,-76.04297945,36.77590423,10.5,3,-38.40000153,33.9,8.61912632,1.14921677,4.36702394,0.01088709,-,16.47058868,-0.02775165,0.86689138,0.10933765,0.32563588,27.45098114,27.45098114,-,-,44.59999847,30.86619186,14.64881134,-,1362,-,-125.9842606,36.77590561,-76.04297638,5.88235283,23.48783112,23.61210442,28.29176903
Thu Nov 23 00:13:07 EST 2017,13:06.2,-76.04291028,36.7759925,10.75,3,-38.29999924,34.6,7.62313843,0.9576807,3.90733719,-0.03887121,-,15.29411793,-0.07848088,0.85908157,0.08981306,0.22020312,25.49019623,25.88235283,-,-,44.59999847,30.85107994,14.64881134,-,1347,-,-125.6561661,36.77599335,-76.04290771,5.88235283,24.04706573,23.61210442,28.29176903
Thu Nov 23 00:13:08 EST 2017,13:07.2,-76.042839,36.77606882,10.5,3,-38,36.2,8.84896946,0.61291564,4.29040956,0.02698674,-,15.68627453,-0.00267386,0.87079626,0.14057697,0.364685,25.88235283,25.88235283,-,-,44.59999847,30.81975365,14.64881134,-,1347,-,-124.6719132,36.77606964,-76.04283905,5.88235283,23.48783112,22.9907341,-
Thu Nov 23 00:13:09 EST 2017,13:08.2,-76.0427671,36.77613719,10.5,3,-38.40000153,38.6,8.6957407,0.99598789,3.75410819,-0.01543881,-,16.86274529,-0.05481659,0.85127175,0.12495731,0.29049161,28.23529434,28.23529434,-,-,44.59999847,30.78996849,14.64881134,-,1372,-,-125.9842606,36.77613831,-76.04277039,7.84313726,23.48783112,23.61210442,-
Thu Nov 23 00:13:10 EST 2017,13:09.2,-76.04269583,36.77621239,11,3,-37.5,37.5,8.61912632,2.06859016,3.94564438,0.00807743,-,16.86274529,-0.04108121,0.85517663,0.1952458,0.28658667,27.84313774,27.45098114,-,-,44.59999847,30.76043129,14.64881134,-,1366,-,-123.0314941,36.77621078,-76.04269409,7.84313726,24.60629845,23.61210442,-
Thu Nov 23 00:13:11 EST 2017,13:10.2,-76.04262163,36.77629028,11,5,-37.40000153,37.5,8.08282471,2.94965649,4.175488,-0.01441046,-,14.90196133,-0.01378989,0.83565199,0.26162934,0.35297027,24.70588303,24.70588303,-,-,44.59999847,30.74575233,14.64881134,-,1359,-,-122.7034149,36.77629089,-76.04262543,5.09803915,24.60629845,23.61210442,-
Thu Nov 23 00:13:12 EST 2017,13:11.2,-76.04253207,36.77635186,10.75,4,-36.59999847,47.6,8.15943909,2.52827692,3.86903,0.01273333,-,14.90196133,0.01095682,0.8747012,0.31239328,0.29830143,24.70588303,24.70588303,-,-,44.59999847,30.71657562,14.64881134,-,1353,-,-120.0787354,36.77635193,-76.04253387,5.09803915,24.04706573,23.61210442,-
Thu Nov 23 00:13:13 EST 2017,13:12.3,-76.04244789,36.77641453,10.5,3,-37,47.8,8.19774628,2.60489154,4.09887314,0.01292548,-,16.86274529,0.00286455,0.92156017,0.17962612,0.25144243,27.84313774,27.84313774,-,-,44.59999847,30.68510628,14.64881134,-,1357,-,-121.3910751,36.77641296,-76.04244995,7.45098066,23.48783112,22.9907341,-
Thu Nov 23 00:13:14 EST 2017,13:13.2,-76.0423559,36.77646922,10.25,3,-37.5,50.5,8.15943909,2.45166254,3.98395157,-0.01752318,-,16.86274529,-0.0196791,0.87079626,0.2421048,0.27877685,27.84313774,27.84313774,-,-,44.59999847,30.66946793,14.64881134,-,1355,-,-123.0314941,36.77647018,-76.0423584,7.45098066,22.9285965,22.9907341,-
Thu Nov 23 00:13:15 EST 2017,13:14.2,-76.04226167,36.77653006,10.75,3,-38.29999924,53.5,9.19373417,2.26012635,3.14119267,-0.01136817,-,17.25490189,-0.01289281,0.85908157,0.30848834,0.27487195,27.84313774,28.23529434,-,-,44.59999847,30.63838005,14.64881134,-,1350,-,-125.6561661,36.77653122,-76.04225922,7.45098066,24.04706573,22.9907341,-
Thu Nov 23 00:13:16 EST 2017,13:15.2,-76.0421651,36.77658762,10.75,5,-38.29999924,53.5,8.84896946,1.83874691,3.715801,-0.00975591,-,17.25490189,-0.046771,0.83174706,0.22648512,0.30611128,28.23529434,28.62745094,-,-,44.59999847,30.61004829,14.64881134,-,1372,-,-125.6561661,36.77658844,-76.04216766,8.23529434,24.04706573,23.61210442,28.91329002
Thu Nov 23 00:13:17 EST 2017,13:16.2,-76.04205944,36.77664005,10.5,3,-38.5,58.7,8.54251194,2.68150592,4.175488,-0.01415963,-,16.07843208,-0.06106067,0.81612742,0.24991462,0.29049161,25.88235283,25.88235283,-,-,44.59999847,30.58194542,14.64881134,-,1374,-,-126.3123398,36.77664185,-76.04206085,6.66666698,23.48783112,23.61210442,28.91329002
Thu Nov 23 00:13:18 EST 2017,13:17.2,-76.04196679,36.7766926,9.75,4,-38.79999924,53,8.35097599,2.41335535,3.75410819,-0.02166235,-,15.68627453,-0.06377039,0.78879303,0.24991462,0.33735061,25.88235283,26.27450943,-,-,44.59999847,30.567976,14.64881134,-,1375,-,-127.2965851,36.77669144,-76.0419693,6.27450991,21.81012726,23.61210442,28.91329002
Thu Nov 23 00:13:19 EST 2017,13:18.2,-76.04187882,36.77674591,9.75,6,-39.20000076,53,8.00621033,2.45166254,4.13718033,-0.028961,-,16.07843208,-0.01719189,0.83565199,0.2928687,0.32563588,25.88235283,26.27450943,-,-,44.59999847,30.54020691,14.64881134,-,1375,-,-128.6089325,36.77674484,-76.04187775,6.27450991,21.81012726,23.61210442,-
Thu Nov 23 00:13:20 EST 2017,13:19.2,-76.04176495,36.77676272,10.5,3,-39.40000153,68,8.6957407,2.56658411,3.98395157,-0.00561764,-,15.68627453,-0.01881563,0.87079626,0.22648512,0.29049161,25.88235283,26.27450943,-,-,44.59999847,30.52640724,14.64881134,-,1371,-,-129.2650909,36.77676392,-76.04176331,6.27450991,23.48783112,23.61210442,-
Thu Nov 23 00:13:21 EST 2017,13:20.2,-76.04164597,36.77679217,10.75,4,-37.79999924,71.6,8.84896946,2.41335535,3.98395157,-0.01111923,-,15.68627453,0.03105763,0.90984541,0.25772443,0.31001619,25.88235283,26.27450943,-,-,44.59999847,30.49896812,14.64881134,-,1370,-,-124.0157471,36.77679062,-76.04164886,6.27450991,24.04706573,23.61210442,-
Thu Nov 23 00:13:22 EST 2017,13:21.2,-76.04153549,36.77681409,10.5,3,-39.20000076,74.9,8.31266785,2.06859016,3.21780705,-0.01725715,-,15.68627453,-0.05107066,0.82003236,0.22258021,0.32173091,25.88235283,26.27450943,-,-,44.59999847,30.47174835,14.64881134,-,1363,-,-128.6089325,36.77681351,-76.04153442,6.27450991,23.48783112,23.61210442,-
Thu Nov 23 00:13:23 EST 2017,13:22.2,-76.04141271,36.77682931,10.75,3,-38.29999924,79.6,8.04451752,2.33674097,3.86903,-0.04039335,-,15.68627453,-0.07234992,0.80441266,0.25772443,0.28268176,25.88235283,26.27450943,-,-,44.59999847,30.45821762,14.64881134,-,1359,-,-125.6561661,36.77682877,-76.04141235,6.27450991,24.04706573,23.61210442,-
Thu Nov 23 00:13:24 EST 2017,13:23.2,-76.0412824,36.77683173,10.5,3,-37.29999924,80.9,7.62313843,2.87304211,3.83072281,-0.00737023,-,15.68627453,-0.01143316,0.80050778,0.37096703,0.34516042,25.88235283,26.27450943,-,-,44.59999847,30.42887688,14.64881134,-,1348,-,-122.3753281,36.77683258,-76.04128265,6.27450991,23.48783112,22.9907341,-
Thu Nov 23 00:13:25 EST 2017,13:24.2,-76.04116662,36.77684358,10.25,4,-37.40000153,84.8,8.31266785,3.29442143,3.63918662,0.00360144,-,15.68627453,0.02474119,0.84736669,0.3397277,0.364685,25.88235283,26.27450943,-,-,44.59999847,30.41429329,14.64881134,-,1339,-,-122.7034149,36.77684402,-76.04116821,6.27450991,22.9285965,22.9907341,-
Thu Nov 23 00:13:26 EST 2017,13:25.2,-76.0410359,36.77684745,10.5,3,-36.5,89.4,7.96790314,3.715801,3.86903,0.00525704,-,15.68627453,-0.00872027,0.80050778,0.38268176,0.34125552,25.88235283,26.27450943,-,-,44.59999847,30.38529396,14.64881134,-,1333,-,-119.7506561,36.77684784,-76.04103851,6.27450991,23.48783112,22.9907341,-
Thu Nov 23 00:13:27 EST 2017,13:26.2,-76.04091335,36.77684679,10.25,4,-36.40000153,91.1,7.81467438,3.98395157,3.37103605,-0.01333289,-,15.68627453,-0.04705113,0.75364876,0.40611124,0.317826,25.88235283,26.27450943,-,-,44.59999847,30.37088013,14.64881134,-,1316,-,-119.4225769,36.77684784,-76.04091644,6.27450991,22.9285965,22.9907341,-
Thu Nov 23 00:13:28 EST 2017,13:27.2,-76.04082028,36.77682745,10.25,4,-37.29999924,100.7,7.66144562,3.98395157,3.86903,-0.01642251,-,15.68627453,-0.01164155,0.76145858,0.44906533,0.34125552,25.88235283,26.27450943,-,-,44.59999847,30.3398056,14.64881134,-,1311,-,-122.3753281,36.77682877,-76.04081726,6.27450991,22.9285965,22.36936378,-
Thu Nov 23 00:13:29 EST 2017,13:28.2,-76.0407173,36.77681037,10,4,-38.59999847,104.5,6.93360806,4.71178913,3.21780705,0.00164548,-,15.68627453,-0.01787522,0.65212095,0.64431113,0.25144243,25.88235283,26.27450943,-,-,44.59999847,30.32435989,14.64881134,-,1301,-,-126.6404114,36.77680969,-76.04071808,5.88235283,22.36936378,22.36936378,-
Thu Nov 23 00:13:30 EST 2017,13:29.2,-76.04060491,36.77676615,10,4,-38.5,113.4,6.66545773,4.86501789,3.715801,-0.03296005,-,15.68627453,-0.05814813,0.7575537,0.42173091,0.26706213,25.88235283,25.88235283,-,-,44.59999847,30.29364395,14.64881134,-,1304,-,-126.3123398,36.77676773,-76.04060364,6.27450991,22.36936378,22.36936378,-
Thu Nov 23 00:13:31 EST 2017,13:30.2,-76.0405027,36.77673057,10,5,-38.09999847,113.4,8.15943909,2.60489154,4.5202527,-0.0410385,-,15.68627453,-0.0629477,0.82784218,0.19915071,0.29049161,25.49019623,25.49019623,-,-,44.59999847,30.27837753,14.64881134,-,1287,-,-124.9999924,36.77672958,-76.04050446,6.27450991,22.36936378,22.36936378,-
Thu Nov 23 00:13:32 EST 2017,13:31.2,-76.04041002,36.77667706,10,5,-38,122.1,8.23605347,1.03429508,4.40533113,0.00435916,-,14.11764717,-0.04242687,0.84346181,0.08200324,0.34516042,14.11764717,14.11764717,-,-,44.59999847,30.24682426,14.64881134,-,1190,-,-124.6719132,36.77667618,-76.0404129,4.31372547,22.36936378,21.74799156,-
Thu Nov 23 00:13:33 EST 2017,13:32.2,-76.0403157,36.7766294,10,6,-38.09999847,122.1,8.42759037,-0.15322891,5.13316822,0.00168312,-,14.11764717,0.02277377,0.84736669,0.08200324,0.46621281,14.11764717,14.11764717,-,-,44.59999847,30.22935104,14.64881134,-,1158,-,-124.9999924,36.7766304,-76.04031372,4.31372547,22.36936378,21.12662125,-
Thu Nov 23 00:13:34 EST 2017,13:33.2,-76.04023104,36.77658311,9.25,4,-37.70000076,126,8.73404789,-0.49799395,5.5162406,0.00181666,-,13.72549057,-0.04059611,0.84736669,-0.01171475,0.34906533,14.11764717,14.11764717,-,-,44.59999847,30.18749428,14.64881134,-,1074,-,-123.6876679,36.77658463,-76.0402298,3.92156863,20.69165993,18.64113617,-
Thu Nov 23 00:13:35 EST 2017,13:34.2,-76.040154,36.77654608,8,4,-37.09999847,127,7.85298157,-0.11492168,5.59285498,0.02077128,-,14.11764717,0.01492614,0.8083176,-0.01171475,0.51307178,14.11764717,14.11764717,-,-,44.59999847,30.16194916,14.64881134,-,885,-,-121.7191544,36.77654648,-76.0401535,3.92156863,17.89549065,16.77702141,-
Thu Nov 23 00:13:36 EST 2017,13:35.2,-76.04008768,36.77649644,6.75,4,-38.5,125.4,8.77235508,0.03830723,5.66946983,0.02651815,-,13.33333397,0.01398611,0.85517663,0.03904916,0.44278333,14.11764717,14.11764717,-,-,44.59999847,30.09228706,14.64881134,-,874,-,-126.3123398,36.77649689,-76.04008484,3.13725495,15.09931946,10.56331062,-
Thu Nov 23 00:13:37 EST 2017,13:36.2,-76.04004292,36.77646801,4.25,4,-38.70000076,124.3,8.6957407,-0.80445176,5.63116217,0.07822603,-,13.33333397,-0.03676279,0.73802912,-0.04295408,0.51697671,14.11764717,14.11764717,-,-,44.59999847,30.04941559,14.64881134,-,698,-,-126.9685059,36.77646637,-76.04004669,3.52941179,9.50697899,7.45645428,-
Thu Nov 23 00:13:38 EST 2017,13:37.2,-76.04000366,36.77644649,4.25,5,-38.70000076,124.3,7.85298157,-0.15322891,5.01824665,0.018015,-,14.11764717,-0.01530728,0.79660285,-0.01952458,0.4779276,14.11764717,14.11764717,-,-,44.59999847,29.9489193,14.64881134,-,618,-,-126.9685059,36.7764473,-76.04000092,3.92156863,9.50697899,2.48548484,-
Thu Nov 23 00:13:39 EST 2017,13:38.2,-76.04000292,36.77644867,0.25,4,-38.29999924,124,9.88326454,-0.61291564,3.29442143,0.00179574,-,14.11764717,-0.00937469,0.92936999,0.03904916,0.23972771,14.11764717,14.50980377,-,-,44.59999847,29.9489193,14.64881134,-,693,-,-125.6561661,36.7764473,-76.04000092,4.31372547,0.55923408,0,-
Thu Nov 23 00:13:40 EST 2017,13:39.2,-76.04000063,36.77644751,0.25,5,-38.20000076,124,9.69172859,-0.38307226,2.18351197,0.01837114,-,20,-0.01477276,0.96451426,-0.00780983,0.09915072,35.29411697,35.29411697,-,-,44.59999847,29.89485741,14.64881134,-,1119,-,-125.3280869,36.7764473,-76.04000092,10.58823586,0.55923408,1.24274242,3.07698941
Thu Nov 23 00:13:41 EST 2017,13:40.2,-76.03998912,36.77644232,0.75,4,-38,128.6,9.27034855,-0.07661445,2.94965649,-0.00421126,-,21.96078491,-0.016734,0.94498962,0.0234295,0.16943921,39.2156868,39.60784531,-,-,44.59999847,29.84684181,14.64881134,-,1754,-,-124.6719132,36.77644348,-76.03998566,13.33333397,1.67770207,4.34959841,3.07698941
Thu Nov 23 00:13:42 EST 2017,13:41.2,-76.03996391,36.77643126,2.25,4,-38.5,126.1,9.42357826,-0.2681506,1.8770541,0.04388946,-,25.88235283,0.06966364,1.04651737,-0.01952458,0.11867531,42.35294342,43.52941132,-,-,44.59999847,29.76647377,14.64881134,-,1982,-,-126.3123398,36.77643204,-76.03996277,18.03921509,5.03310633,9.32056808,59.72460175
Thu Nov 23 00:13:43 EST 2017,13:42.2,-76.03991551,36.77640425,4.25,4,-38.09999847,126.4,9.42357826,-1.14921677,3.06457806,0.0134285,-,25.09803963,-0.04817263,0.90984541,-0.10543273,0.15772445,40,39.60784531,-,-,44.59999847,29.7340641,14.64881134,-,2024,-,-124.9999924,36.77640533,-76.03991699,16.47058868,9.50697899,12.42742348,77.9029007
Thu Nov 23 00:13:44 EST 2017,13:43.2,-76.03987149,36.77637117,5.25,3,-38,128.7,9.23204136,-0.65122288,3.29442143,-0.00110314,-,23.92156982,0.01137186,0.95670444,-0.16010156,0.18505886,37.25490189,37.64706039,-,-,44.59999847,29.68117905,14.64881134,-,2073,-,-124.6719132,36.776371,-76.03987122,15.68627453,11.74391556,16.15565109,66.28690338
Thu Nov 23 00:13:45 EST 2017,13:44.2,-76.03980989,36.77633665,7.5,3,-37.70000076,126.4,8.6957407,-1.34075296,3.48595762,-0.0000867,-,22.74509811,-0.02681835,0.91375035,-0.06247865,0.22801295,37.64706039,37.64706039,-,-,44.59999847,29.63906097,14.64881134,-,1514,-,-123.6876679,36.77633667,-76.03981018,14.11764717,16.77702141,19.26250648,92.18978882
Thu Nov 23 00:13:46 EST 2017,13:45.2,-76.03974191,36.7762964,7.5,5,-37.59999847,126.4,8.81066227,-1.60890353,3.17949986,-0.00037687,-,21.17647171,-0.06226408,0.83174706,-0.12495731,0.31392109,33.33333206,33.72549057,-,-,44.59999847,29.62099648,14.64881134,-,1550,-,-123.3595734,36.77629471,-76.03974152,12.94117641,16.77702141,19.88387871,92.18978882
Thu Nov 23 00:13:47 EST 2017,13:46.2,-76.03966416,36.77625187,9.25,3,-38.40000153,122.9,9.04050541,-1.14921677,3.75410819,-0.00221876,-,21.17647171,-0.06306984,0.87079626,-0.09371798,0.23191786,33.33333206,33.33333206,-,-,44.59999847,29.59079742,14.64881134,-,1686,-,-125.9842606,36.77625275,-76.03966522,12.54901981,20.69165993,21.74799156,59.45681381
Thu Nov 23 00:13:48 EST 2017,13:47.2,-76.03957618,36.77620611,9.25,5,-38.20000076,122.9,9.19373417,-1.07260239,3.60087943,0.01545414,-,18.8235302,-0.05831014,0.8747012,-0.05466883,0.24363261,29.41176605,29.41176605,-,-,44.59999847,29.56424713,14.64881134,-,1728,-,-125.3280869,36.77620697,-76.03957367,10.1960783,20.69165993,22.36936378,41.51751709
Thu Nov 23 00:13:49 EST 2017,13:48.2,-76.03947084,36.77617032,10.25,3,-38.40000153,118.4,8.38928318,0.49799395,4.44363832,-0.00248484,-,18.03921509,-0.04795624,0.8747012,0.01171475,0.27487195,28.23529434,28.23529434,-,-,44.59999847,29.55218506,14.64881134,-,1757,-,-125.9842606,36.77616882,-76.03947449,9.01960754,22.9285965,22.9907341,20.20550728
Thu Nov 23 00:13:50 EST 2017,13:49.2,-76.03937165,36.77612307,10.5,3,-38.09999847,120,9.04050541,0.45968673,3.33272886,0.00230247,-,18.4313736,-0.00577688,0.88641596,0.06247865,0.34516042,28.23529434,28.62745094,-,-,44.59999847,29.52819443,14.64881134,-,1782,-,-124.9999924,36.77612305,-76.03937531,9.4117651,23.48783112,22.9907341,20.20550728
Thu Nov 23 00:13:51 EST 2017,13:50.2,-76.03926977,36.77607573,10.5,4,-38.20000076,120,8.84896946,0.72783732,3.33272886,-0.00088393,-,18.4313736,0.00354901,0.87860614,0.00390492,0.3842096,28.23529434,28.23529434,-,-,44.59999847,29.5066433,14.64881134,-,1661,-,-125.3280869,36.77607727,-76.03926849,9.4117651,23.48783112,23.61210442,20.36629486
Thu Nov 23 00:13:52 EST 2017,13:51.2,-76.03915867,36.77602376,10.5,4,-38.40000153,118.7,8.42759037,0,4.36702394,-0.00593232,-,17.25490189,-0.00004583,0.9371798,-0.01171475,0.24753754,28.23529434,28.23529434,-,-,44.59999847,29.495924,14.64881134,-,1456,-,-125.9842606,36.77602386,-76.03916168,7.84313726,23.48783112,23.61210442,20.36629486
Thu Nov 23 00:13:53 EST 2017,13:52.2,-76.03904853,36.77597781,10.75,3,-37.70000076,120,9.04050541,-0.72783732,4.21379519,0.00799818,-,17.25490189,0.02219927,0.98013395,-0.00390492,0.1889638,28.23529434,28.23529434,-,-,44.59999847,29.47685814,14.64881134,-,1384,-,-123.6876679,36.77597809,-76.03904724,7.84313726,24.04706573,24.23347664,26.3362484
Thu Nov 23 00:13:54 EST 2017,13:53.2,-76.03894081,36.77593955,10.5,4,-37.29999924,115.2,9.04050541,0.07661445,3.21780705,-0.00335869,-,17.64705849,0.01457277,0.92936999,0,0.30611128,28.23529434,28.62745094,-,-,44.59999847,29.45792961,14.64881134,-,1393,-,-122.3753281,36.77593994,-76.03894043,8.23529434,23.48783112,24.23347664,26.3362484
Thu Nov 23 00:13:55 EST 2017,13:54.2,-76.03882678,36.77589036,11.25,4,-37.09999847,118.1,9.19373417,0.03830723,4.09887314,0.0186225,-,17.25490189,0.00748693,0.92156017,0.01171475,0.30611128,28.23529434,28.23529434,-,-,44.59999847,29.44851494,14.64881134,-,1404,-,-121.7191544,36.77589035,-76.03882599,7.84313726,25.16553307,24.23347664,26.3362484
Thu Nov 23 00:13:56 EST 2017,13:55.2,-76.03871686,36.77584087,11.25,3,-36.5,119.4,8.6957407,1.34075296,3.67749381,-0.01720916,-,17.25490189,-0.03834814,0.85517663,0.07028849,0.3334457,28.23529434,28.62745094,-,-,44.59999847,29.4297905,14.64881134,-,1407,-,-119.7506561,36.77584076,-76.03871918,7.84313726,25.16553307,24.23347664,-
Thu Nov 23 00:13:57 EST 2017,13:56.2,-76.03861282,36.77579119,11,4,-36.79999924,121.2,8.19774628,1.99197578,3.63918662,-0.01939311,-,17.25490189,-0.04862155,0.85517663,0.13276714,0.29439652,28.23529434,28.23529434,-,-,44.59999847,29.41119957,14.64881134,-,1420,-,-120.7349091,36.77579117,-76.03861237,7.84313726,24.60629845,24.23347664,-
Thu Nov 23 00:13:58 EST 2017,13:57.2,-76.03850853,36.77573769,10.75,4,-37.40000153,123.6,7.69975281,3.17949986,3.48595762,-0.00820378,-,17.25490189,0.04561347,0.89422578,0.32410803,0.3334457,28.23529434,28.23529434,-,-,44.59999847,29.40306091,14.64881134,-,1430,-,-122.7034149,36.77573776,-76.03850555,7.84313726,24.04706573,24.85484695,30.14730072
Thu Nov 23 00:13:59 EST 2017,13:58.2,-76.03840286,36.77567517,11,4,-37.09999847,125,7.96790314,2.33674097,3.83072281,0.03105146,-,17.25490189,-0.06193864,0.80441266,0.26553428,0.30220634,28.23529434,28.23529434,-,-,44.59999847,29.38687706,14.64881134,-,1446,-,-121.7191544,36.77567673,-76.03840637,7.84313726,24.60629845,24.85484695,30.14730072
Thu Nov 23 00:14:00 EST 2017,13:59.2,-76.03830662,36.77560606,11.5,4,-36.59999847,130,8.19774628,3.60087943,4.25210238,-0.00102657,-,16.86274529,-0.00768946,0.79660285,0.42954078,0.30611128,26.27450943,26.27450943,-,-,44.59999847,29.37080574,14.64881134,-,1455,-,-120.0787354,36.77560425,-76.03830719,6.27450991,25.72476578,24.85484695,30.14730072
Thu Nov 23 00:14:01 EST 2017,14:00.2,-76.03821951,36.77553491,11.25,4,-36.79999924,134.7,8.04451752,3.40934324,3.75410819,-0.00807973,-,16.07843208,-0.03560708,0.79660285,0.35144243,0.31392109,26.27450943,26.27450943,-,-,44.59999847,29.35484886,14.64881134,-,1439,-,-120.7349091,36.77553558,-76.03822327,6.27450991,25.16553307,24.85484695,-
Thu Nov 23 00:14:02 EST 2017,14:01.2,-76.03814419,36.7754569,11.25,4,-37.90000153,140.2,7.81467438,3.40934324,3.52426481,-0.02583478,-,15.68627453,-0.00694402,0.84736669,0.32020313,0.30611128,25.88235283,26.27450943,-,-,44.59999847,29.34691238,14.64881134,-,1431,-,-124.3438339,36.77545547,-76.03814697,6.27450991,25.16553307,24.85484695,-
Thu Nov 23 00:14:03 EST 2017,14:02.2,-76.03806801,36.77537558,11.25,4,-37.90000153,143.9,7.39329481,4.29040956,4.8267107,-0.011141,-,14.90196133,-0.08075222,0.76926845,0.34753752,0.26315722,22.35294151,22.74509811,-,-,44.59999847,29.32893944,14.64881134,-,1384,-,-124.3438339,36.77537537,-76.03807068,5.09803915,25.16553307,24.23347664,-
Thu Nov 23 00:14:04 EST 2017,14:03.2,-76.03801119,36.77528178,11.25,4,-36.70000076,149.6,7.35498762,3.94564438,2.79642749,-0.02870342,-,14.50980377,-0.11138178,0.72240943,0.38268176,0.24753754,14.11764717,14.90196133,-,-,44.59999847,29.307827,14.64881134,-,1260,-,-120.4068298,36.77528,-76.03800964,5.09803915,25.16553307,22.9907341,-
Thu Nov 23 00:14:05 EST 2017,14:04.2,-76.03796118,36.77518946,10.5,4,-36.59999847,156.5,8.19774628,3.25611424,3.83072281,-0.01066765,-,16.07843208,-0.01884671,0.82003236,0.32410803,0.32954079,25.88235283,26.27450943,-,-,44.59999847,29.29678345,14.64881134,-,1335,-,-120.0787354,36.77518845,-76.03796387,6.66666698,23.48783112,22.9907341,-
Thu Nov 23 00:14:06 EST 2017,14:05.2,-76.03792996,36.77510174,10.5,4,-36.40000153,163.1,8.15943909,2.94965649,3.75410819,-0.02254201,-,17.25490189,-0.03284221,0.83565199,0.33191785,0.25534737,27.84313774,28.23529434,-,-,44.59999847,29.27480888,14.64881134,-,1334,-,-119.4225769,36.77510071,-76.03793335,7.84313726,23.48783112,22.9907341,-
Thu Nov 23 00:14:07 EST 2017,14:06.2,-76.03789904,36.77501205,10.5,3,-36.90000153,167.8,8.42759037,2.64319873,4.36702394,-0.00770408,-,16.86274529,0.00083122,0.84346181,0.32410803,0.32954079,27.45098114,27.45098114,-,-,44.59999847,29.25406837,14.64881134,-,1352,-,-121.0629959,36.77501297,-76.03790283,7.84313726,23.48783112,23.61210442,26.17461205
Thu Nov 23 00:14:08 EST 2017,14:07.2,-76.03788096,36.77491504,10.75,3,-36.40000153,171.9,7.96790314,3.86903,4.55855989,-0.00611598,-,15.68627453,-0.07752106,0.76145858,0.3904916,0.24363261,25.49019623,25.88235283,-,-,44.59999847,29.24429131,14.64881134,-,1367,-,-119.4225769,36.77491379,-76.03787994,5.88235283,24.04706573,23.61210442,26.17461205
Thu Nov 23 00:14:09 EST 2017,14:08.2,-76.03787967,36.7748191,10.75,3,-36.59999847,176.4,7.54652357,4.32871675,4.09887314,-0.01197613,-,15.29411793,-0.01084679,0.76926845,0.4373506,0.34125552,25.09803963,25.09803963,-,-,44.59999847,29.22483635,14.64881134,-,1352,-,-120.0787354,36.77481842,-76.03787994,5.49019623,24.04706573,23.61210442,26.17461205
Thu Nov 23 00:14:10 EST 2017,14:09.2,-76.03788924,36.77472083,10.75,3,-36.5,181.8,7.35498762,3.98395157,3.94564438,-0.00605707,-,15.29411793,-0.0603865,0.74193406,0.4373506,0.27487195,25.09803963,25.09803963,-,-,44.59999847,29.20337677,14.64881134,-,1351,-,-119.7506561,36.77471924,-76.03788757,5.49019623,24.04706573,22.9907341,26.17461205
Thu Nov 23 00:14:11 EST 2017,14:10.2,-76.03790599,36.77462635,10.5,4,-36.29999924,188.9,7.77636719,3.90733719,2.98796368,-0.02454755,-,16.07843208,-0.07742181,0.79269797,0.39830142,0.20458345,26.66666794,26.66666794,-,-,44.59999847,29.19270134,14.64881134,-,1345,-,-119.0944824,36.77462769,-76.03790283,6.66666698,23.48783112,22.9907341,-
Thu Nov 23 00:14:12 EST 2017,14:11.2,-76.03793312,36.7745334,10.5,3,-36.40000153,193.3,7.73806,2.87304211,3.48595762,-0.03543587,-,16.07843208,-0.10816796,0.74193406,0.35534734,0.24363261,26.66666794,26.66666794,-,-,44.59999847,29.17252731,14.64881134,-,1362,-,-119.4225769,36.77453232,-76.03793335,6.66666698,23.48783112,23.61210442,-
Thu Nov 23 00:14:13 EST 2017,14:12.2,-76.03796893,36.77444345,10.5,3,-36.20000076,198.2,7.54652357,3.48595762,3.40934324,-0.01481069,-,16.07843208,-0.02311729,0.84346181,0.30458343,0.28658667,25.49019623,25.49019623,-,-,44.59999847,29.15142822,14.64881134,-,1346,-,-118.7664032,36.77444458,-76.0379715,5.88235283,23.48783112,22.9907341,-
Thu Nov 23 00:14:14 EST 2017,14:13.2,-76.03802706,36.77435831,10.5,3,-36.90000153,203.7,7.96790314,3.21780705,3.56257224,0.00274085,-,15.68627453,0.04451109,0.97622901,0.11714748,0.25144243,25.49019623,25.88235283,-,-,44.59999847,29.13047218,14.64881134,-,1343,-,-121.0629959,36.77435684,-76.0380249,5.88235283,23.48783112,22.9907341,-
Thu Nov 23 00:14:15 EST 2017,14:14.2,-76.03807937,36.77426848,10.5,3,-36.40000153,207.5,9.23204136,1.57059634,4.67348194,-0.01429992,-,16.07843208,0.02576821,0.95279956,0.17572121,0.23582277,26.27450943,26.27450943,-,-,44.59999847,29.12005043,14.64881134,-,1340,-,-119.4225769,36.7742691,-76.03807831,6.27450991,23.48783112,22.9907341,-
Thu Nov 23 00:14:16 EST 2017,14:15.2,-76.03814317,36.77418771,10.5,3,-36.90000153,211,7.73806,2.22181916,3.79241538,-0.03390833,-,16.07843208,-0.08239702,0.82393724,0.21086545,0.24363261,26.27450943,26.66666794,-,-,44.59999847,29.09930801,14.64881134,-,1339,-,-121.0629959,36.774189,-76.03814697,7.05882359,23.48783112,22.9907341,-
Thu Nov 23 00:14:17 EST 2017,14:16.2,-76.03821168,36.77410731,10.75,3,-36.79999924,214.8,8.77235508,1.80043972,4.13718033,-0.00011045,-,16.47058868,-0.0240158,0.8747012,0.13667206,0.31001619,26.66666794,27.05882454,-,-,44.59999847,29.07870483,14.64881134,-,1349,-,-120.7349091,36.77410889,-76.03820801,6.66666698,24.04706573,22.9907341,-
Thu Nov 23 00:14:18 EST 2017,14:17.2,-76.03828332,36.77403143,10.5,3,-36.70000076,216.6,8.6957407,1.9153614,4.29040956,0.00096315,-,16.86274529,-0.07174968,0.85127175,0.12495731,0.24753754,27.45098114,27.45098114,-,-,44.59999847,29.06950188,14.64881134,-,1358,-,-120.4068298,36.77403259,-76.0382843,7.45098066,23.48783112,23.61210442,-
Thu Nov 23 00:14:19 EST 2017,14:18.3,-76.03835859,36.77396046,10.75,3,-36.59999847,219.3,8.42759037,2.06859016,3.715801,-0.01632855,-,16.86274529,-0.03492701,0.83565199,0.27724904,0.29439652,27.45098114,27.45098114,-,-,44.59999847,29.05118942,14.64881134,-,1370,-,-120.0787354,36.77396011,-76.0383606,7.45098066,24.04706573,23.61210442,28.65574837
Thu Nov 23 00:14:20 EST 2017,14:19.2,-76.0384334,36.77388697,11,3,-37,221.9,8.6957407,1.14921677,4.175488,-0.00626426,-,16.86274529,-0.01636157,0.89032084,0.18353106,0.27487195,27.45098114,27.84313774,-,-,44.59999847,29.03299713,14.64881134,-,1389,-,-121.3910751,36.77388763,-76.03843689,7.45098066,24.60629845,23.61210442,28.65574837
Thu Nov 23 00:14:21 EST 2017,14:20.2,-76.03851541,36.77381853,11,3,-36.09999847,223.5,9.30865574,1.99197578,4.5202527,0.09322101,-,16.86274529,0.01257053,0.90984541,0.20305562,0.29439652,27.45098114,27.84313774,-,-,44.59999847,29.0170002,14.64881134,-,1396,-,-118.4383164,36.77381897,-76.03851318,7.45098066,24.60629845,24.23347664,25.7930603
Thu Nov 23 00:14:22 EST 2017,14:21.2,-76.03859963,36.7737519,11,3,-36.20000076,225.3,8.54251194,2.06859016,4.09887314,-0.01837994,-,17.25490189,-0.03435788,0.86689138,0.17572121,0.28658667,27.84313774,27.84313774,-,-,44.59999847,29.00903893,14.64881134,-,1395,-,-118.7664032,36.77375031,-76.03859711,7.45098066,24.60629845,24.23347664,25.7930603
Thu Nov 23 00:14:23 EST 2017,14:22.2,-76.0386888,36.77368926,11,3,-36,228.3,8.84896946,2.22181916,3.60087943,0.02112582,-,16.86274529,-0.0234609,0.86689138,0.16400647,0.317826,27.84313774,27.84313774,-,-,44.59999847,28.9932003,14.64881134,-,1413,-,-118.1102371,36.77368927,-76.03868866,7.45098066,24.60629845,24.23347664,25.7930603
Thu Nov 23 00:14:24 EST 2017,14:23.2,-76.03878502,36.77362975,11.25,3,-34.90000153,231.2,7.92959595,1.41736746,5.28639746,0.01241384,-,15.29411793,-0.0149355,0.94108468,0.13276714,0.15772445,22.35294151,22.74509811,-,-,44.59999847,28.97746658,14.64881134,-,1400,-,-114.5013199,36.77362823,-76.03878784,5.49019623,25.16553307,24.23347664,-
Thu Nov 23 00:14:25 EST 2017,14:24.3,-76.03888674,36.77357089,11,3,-34.79999924,233.1,8.04451752,1.64721072,3.37103605,0.01545351,-,15.29411793,-0.03664404,0.84736669,0.21086545,0.30611128,25.49019623,25.88235283,-,-,44.59999847,28.96963692,14.64881134,-,1386,-,-114.1732254,36.77357101,-76.03888702,5.88235283,24.60629845,24.23347664,-
Thu Nov 23 00:14:26 EST 2017,14:25.2,-76.03898581,36.77351472,10.75,3,-34.79999924,234.8,8.23605347,2.10689759,4.63517427,0.00603265,-,15.68627453,-0.00500213,0.90203559,0.15229172,0.29049161,25.88235283,26.27450943,-,-,44.59999847,28.95303535,14.64881134,-,1381,-,-114.1732254,36.77351379,-76.03898621,6.27450991,24.04706573,23.61210442,-
Thu Nov 23 00:14:27 EST 2017,14:26.2,-76.03908418,36.77346677,10.75,3,-35.29999924,237.8,9.15542698,1.99197578,3.02627087,0.0073842,-,15.68627453,0.06047314,0.91765523,0.19915071,0.39201942,25.88235283,26.27450943,-,-,44.59999847,28.93552589,14.64881134,-,1379,-,-115.8136444,36.77346802,-76.03908539,6.27450991,24.04706573,23.61210442,-
Thu Nov 23 00:14:28 EST 2017,14:27.2,-76.03919041,36.77341329,10.75,3,-35.20000076,239.2,7.431602,0.49799395,3.25611424,-0.01343196,-,15.68627453,-0.15100372,0.80050778,0.1444819,0.1421048,25.88235283,26.27450943,-,-,44.59999847,28.91914177,14.64881134,-,1389,-,-115.4855652,36.77341461,-76.0391922,6.27450991,24.04706573,24.23347664,-
Thu Nov 23 00:14:29 EST 2017,14:28.2,-76.03929515,36.7733697,10.75,3,-35.09999847,241.1,8.58081913,-0.42137951,4.13718033,0.00469682,-,15.68627453,-0.10118045,0.82003236,-0.01171475,0.26706213,25.88235283,26.27450943,-,-,44.59999847,28.90185738,14.64881134,-,1369,-,-115.1574783,36.77336884,-76.03929138,5.88235283,24.04706573,23.61210442,-
Thu Nov 23 00:14:30 EST 2017,14:29.2,-76.03939933,36.77332335,10.75,6,-35.09999847,241.1,9.0788126,-1.07260239,4.59686708,0.05854632,-,15.68627453,-0.03852271,0.85127175,-0.03123933,0.34516042,25.88235283,26.27450943,-,-,44.59999847,28.8846817,14.64881134,-,1351,-,-115.1574783,36.77332306,-76.03939819,6.27450991,24.04706573,23.61210442,-
Thu Nov 23 00:14:31 EST 2017,14:30.2,-76.03951542,36.77327319,10.5,3,-35.09999847,241.5,8.42759037,-1.72382522,4.44363832,-0.00882415,-,15.68627453,0.02948772,0.90203559,-0.1718163,0.364685,25.88235283,26.27450943,-,-,44.59999847,28.87613678,14.64881134,-,1338,-,-115.1574783,36.77327347,-76.03951263,6.27450991,23.48783112,23.61210442,-
Thu Nov 23 00:14:32 EST 2017,14:31.2,-76.03961638,36.7732376,10.5,3,-35.90000153,239.4,8.88727665,-1.68551803,4.63517427,0.01700167,-,15.68627453,-0.0084433,0.84736669,-0.20305562,0.37249482,26.27450943,26.27450943,-,-,44.59999847,28.84766006,14.64881134,-,1341,-,-117.7821579,36.77323914,-76.03961945,6.27450991,23.48783112,22.9907341,-
Thu Nov 23 00:14:33 EST 2017,14:32.2,-76.03971017,36.77317759,10.25,3,-36.29999924,236.5,9.73003578,-1.8770541,5.17147589,0.02242613,-,16.07843208,0.10585517,1.0152781,-0.2186753,0.27877685,26.27450943,26.27450943,-,-,44.59999847,28.83822823,14.64881134,-,1341,-,-119.0944824,36.7731781,-76.039711,6.66666698,22.9285965,22.9907341,-
Thu Nov 23 00:14:34 EST 2017,14:33.2,-76.03980406,36.77312394,10.5,3,-37.59999847,234,8.38928318,-1.68551803,3.94564438,-0.00918516,-,16.07843208,-0.04768386,0.83955687,-0.19915071,0.30220634,26.27450943,26.27450943,-,-,44.59999847,28.81945419,14.64881134,-,1336,-,-123.3595734,36.77312469,-76.03980255,6.27450991,23.48783112,22.9907341,-
Thu Nov 23 00:14:35 EST 2017,14:34.2,-76.03989926,36.77306832,10.5,5,-37.59999847,234,8.42759037,-2.68150592,4.32871675,0.02271539,-,16.86274529,-0.31279969,0.54668826,0.07028849,0.31001619,27.84313774,27.84313774,-,-,44.59999847,28.80080223,14.64881134,-,1350,-,-123.3595734,36.77306747,-76.03990173,7.45098066,23.48783112,22.9907341,-
Thu Nov 23 00:14:36 EST 2017,14:35.2,-76.03999022,36.77300831,10.5,3,-36.70000076,229.2,8.31266785,-2.79642749,3.98395157,0.0088115,-,16.86274529,0.03522259,0.89032084,-0.30067852,0.3334457,27.84313774,27.84313774,-,-,44.59999847,28.78425217,14.64881134,-,1360,-,-120.4068298,36.77300644,-76.03999329,7.45098066,23.48783112,23.61210442,31.41455841
Thu Nov 23 00:14:37 EST 2017,14:36.2,-76.04007702,36.7729412,10.75,3,-37.29999924,225.5,8.54251194,-2.26012635,4.09887314,0.01997339,-,17.25490189,0.04813502,0.90594047,-0.32020313,0.317826,27.84313774,27.84313774,-,-,44.59999847,28.77601624,14.64881134,-,1362,-,-122.3753281,36.77294159,-76.04007721,7.84313726,24.04706573,23.61210442,31.41455841
Thu Nov 23 00:14:38 EST 2017,14:37.2,-76.04015162,36.77287301,10.25,3,-37.79999924,223.2,8.61912632,-1.45567465,4.06056595,0.01359193,-,17.25490189,0.01904477,0.86689138,-0.29677361,0.34516042,27.84313774,27.84313774,-,-,44.59999847,28.75962257,14.64881134,-,1375,-,-124.0157471,36.77287292,-76.0401535,7.84313726,22.9285965,23.61210442,31.41455841
Thu Nov 23 00:14:39 EST 2017,14:38.2,-76.04023547,36.77279839,10.5,3,-37.29999924,220.3,8.84896946,-1.95366859,3.52426481,0.01015657,-,16.86274529,-0.02632453,0.85517663,-0.26943922,0.27877685,25.88235283,26.27450943,-,-,44.59999847,28.74529839,14.64881134,-,1381,-,-122.3753281,36.77279663,-76.04023743,6.66666698,23.48783112,24.23347664,28.17038918
Thu Nov 23 00:14:40 EST 2017,14:39.2,-76.04031522,36.77271453,10.75,3,-37,217.4,8.58081913,-1.60890353,4.63517427,0.05215842,-,16.47058868,-0.00718216,0.87860614,-0.22648512,0.30220634,26.27450943,26.27450943,-,-,44.59999847,28.73719025,14.64881134,-,1369,-,-121.3910751,36.77271271,-76.04031372,6.66666698,24.04706573,23.61210442,28.17038918
Thu Nov 23 00:14:41 EST 2017,14:40.2,-76.04038472,36.77262721,10.5,3,-36.90000153,212.6,8.23605347,-1.72382522,3.79241538,0.0077009,-,16.07843208,0.03163462,0.89032084,-0.22648512,0.36858991,25.88235283,26.27450943,-,-,44.59999847,28.72104836,14.64881134,-,1367,-,-121.0629959,36.77262878,-76.04038239,6.66666698,23.48783112,23.61210442,28.17038918
Thu Nov 23 00:14:42 EST 2017,14:41.2,-76.04044826,36.7725589,10.5,3,-36.09999847,209.4,8.73404789,-1.95366859,4.40533113,0.00657212,-,16.07843208,-0.04095401,0.83565199,-0.19915071,0.32563588,26.27450943,26.27450943,-,-,44.59999847,28.70500755,14.64881134,-,1359,-,-118.4383164,36.77256012,-76.04045105,6.66666698,23.48783112,23.61210442,-
Thu Nov 23 00:14:43 EST 2017,14:42.2,-76.04049576,36.77247335,10.25,3,-36.79999924,207.2,8.27436066,-2.79642749,4.25210238,0.00435355,-,16.07843208,-0.01217433,0.91765523,-0.13276714,0.23972771,26.27450943,26.27450943,-,-,44.59999847,28.68809509,14.64881134,-,1341,-,-120.7349091,36.77247238,-76.04049683,6.66666698,22.9285965,22.9907341,-
Thu Nov 23 00:14:44 EST 2017,14:43.2,-76.04054087,36.77238557,10.5,3,-36.79999924,205.5,7.89128876,-0.34476504,4.13718033,-0.07206005,-,16.07843208,0.07115335,0.96451426,-0.10543273,0.35297027,26.27450943,26.66666794,-,-,44.59999847,28.67128754,14.64881134,-,1349,-,-120.7349091,36.77238464,-76.0405426,6.66666698,23.48783112,22.9907341,-
Thu Nov 23 00:14:45 EST 2017,14:44.2,-76.04058217,36.77230496,10.5,3,-37.79999924,203.5,7.66144562,1.53228903,4.29040956,-0.02104903,-,16.47058868,0.03235908,0.94108468,0.08981306,0.31392109,26.27450943,26.66666794,-,-,44.59999847,28.66340828,14.64881134,-,1353,-,-124.0157471,36.77230453,-76.04058075,7.05882359,23.48783112,23.61210442,-
Thu Nov 23 00:14:46 EST 2017,14:45.2,-76.04063298,36.77221457,10.5,3,-39.5,203.7,8.73404789,2.37504816,3.63918662,0.02135233,-,16.07843208,0.02386233,0.92546505,0.14057697,0.31392109,26.27450943,26.66666794,-,-,44.59999847,28.64579201,14.64881134,-,1343,-,-129.5931702,36.77221298,-76.04063416,6.66666698,23.48783112,22.9907341,-
Thu Nov 23 00:14:47 EST 2017,14:46.2,-76.04068204,36.77213104,10.5,3,-39,206.2,8.31266785,2.71981311,3.75410819,-0.03041833,-,16.07843208,-0.08662219,0.81612742,0.22258021,0.24363261,26.27450943,26.66666794,-,-,44.59999847,28.62828255,14.64881134,-,1352,-,-127.9527588,36.77213287,-76.04067993,6.66666698,23.48783112,22.9907341,-
Thu Nov 23 00:14:48 EST 2017,14:47.2,-76.04073468,36.77204196,10.5,3,-39.09999847,208.5,8.08282471,2.60489154,4.21379519,-0.02249749,-,16.07843208,-0.05025895,0.81222248,0.3397277,0.25534737,26.27450943,26.66666794,-,-,44.59999847,28.61088371,14.64881134,-,1353,-,-128.280838,36.77204132,-76.04073334,6.66666698,23.48783112,22.9907341,-
Thu Nov 23 00:14:49 EST 2017,14:48.2,-76.04079614,36.7719627,10.5,3,-39,212,8.46589756,3.02627087,3.67749381,-0.01825796,-,16.47058868,-0.00148885,0.88251102,0.19915071,0.32173091,26.27450943,26.27450943,-,-,44.59999847,28.60222244,14.64881134,-,1354,-,-127.9527588,36.77196121,-76.04079437,6.66666698,23.48783112,22.9907341,-
Thu Nov 23 00:14:50 EST 2017,14:49.2,-76.04086544,36.7718822,10.5,3,-39.40000153,215.4,8.84896946,2.29843354,3.56257224,0.01912538,-,16.07843208,0.06344735,0.9371798,0.17962612,0.36858991,26.27450943,26.66666794,-,-,44.59999847,28.58689308,14.64881134,-,1358,-,-129.2650909,36.7718811,-76.04086304,6.66666698,23.48783112,23.61210442,25.85211372
Thu Nov 23 00:14:51 EST 2017,14:50.2,-76.04093955,36.77180438,10.75,3,-38.79999924,218.4,9.19373417,2.68150592,5.13316822,0.00521194,-,16.47058868,0.13567123,0.97622901,0.20305562,0.44278333,26.27450943,26.27450943,-,-,44.59999847,28.57926369,14.64881134,-,1353,-,-127.2965851,36.77180481,-76.04093933,6.66666698,24.04706573,23.61210442,25.85211372
Thu Nov 23 00:14:52 EST 2017,14:51.2,-76.04101414,36.77173472,10.5,3,-38.90000153,219.4,7.89128876,2.83473492,4.75009632,-0.00287778,-,17.25490189,-0.04159856,0.8083176,0.34363261,0.28268176,27.84313774,27.84313774,-,-,44.59999847,28.56217384,14.64881134,-,1360,-,-127.6246796,36.77173615,-76.04101562,7.84313726,23.48783112,22.9907341,25.85211372
Thu Nov 23 00:14:53 EST 2017,14:52.2,-76.04109358,36.77167328,10.5,3,-39.40000153,225.2,8.50420475,2.10689759,3.79241538,-0.003965,-,16.86274529,-0.05728177,0.81612742,0.26943922,0.28658667,27.84313774,27.84313774,-,-,44.59999847,28.545187,14.64881134,-,1355,-,-129.2650909,36.77167511,-76.04109192,7.84313726,23.48783112,22.9907341,-
Thu Nov 23 00:14:54 EST 2017,14:53.2,-76.04117846,36.77160735,10.5,3,-39.70000076,229,8.50420475,3.75410819,2.94965649,0.02517553,-,17.25490189,-0.03891955,0.85127175,0.19134088,0.30220634,27.45098114,27.84313774,-,-,44.59999847,28.52830315,14.64881134,-,1350,-,-130.2493439,36.77160645,-76.04117584,7.84313726,23.48783112,22.9907341,-
Thu Nov 23 00:14:55 EST 2017,14:54.3,-76.04126914,36.77154385,10.75,3,-39.70000076,230,8.00621033,2.71981311,3.90733719,-0.01492615,-,16.47058868,-0.04667491,0.79660285,0.26162934,0.35297027,27.05882454,27.05882454,-,-,44.59999847,28.52084351,14.64881134,-,1357,-,-130.2493439,36.77154541,-76.0412674,7.05882359,24.04706573,23.61210442,-
Thu Nov 23 00:14:56 EST 2017,14:55.2,-76.0413703,36.77149871,10.75,3,-39.59999847,236.4,8.00621033,2.52827692,3.48595762,-0.0356787,-,16.07843208,-0.08938283,0.80441266,0.28115395,0.22020312,25.88235283,26.27450943,-,-,44.59999847,28.50411224,14.64881134,-,1348,-,-129.9212494,36.77149963,-76.04136658,6.27450991,24.04706573,22.9907341,-
Thu Nov 23 00:14:57 EST 2017,14:56.2,-76.04147419,36.77146304,10,3,-40.09999847,241.8,8.19774628,2.48996973,4.55855989,-0.02167509,-,16.07843208,-0.04785211,0.83174706,0.2421048,0.29439652,26.27450943,26.27450943,-,-,44.59999847,28.49578285,14.64881134,-,1344,-,-131.561676,36.77146149,-76.04147339,6.66666698,22.36936378,22.9907341,-
Thu Nov 23 00:14:58 EST 2017,14:57.2,-76.04157221,36.7714207,10,6,-40,241.8,8.04451752,2.60489154,4.36702394,-0.01088184,-,16.07843208,-0.06160524,0.81612742,0.30067852,0.25144243,25.88235283,26.27450943,-,-,44.59999847,28.48013878,14.64881134,-,1359,-,-131.2335968,36.77141953,-76.04157257,6.66666698,22.36936378,23.61210442,27.23030853
Thu Nov 23 00:14:59 EST 2017,14:58.2,-76.04169589,36.77136997,10.5,3,-40.90000153,246.2,8.23605347,3.06457806,3.79241538,-0.00456972,-,16.07843208,0.00210346,0.84346181,0.32801294,0.32954079,26.27450943,26.27450943,-,-,44.59999847,28.47281647,14.64881134,-,1372,-,-134.1863556,36.77136993,-76.04169464,6.66666698,23.48783112,23.61210442,27.23030853
Thu Nov 23 00:15:00 EST 2017,14:59.2,-76.0418073,36.77132779,10.75,3,-39.90000153,249.8,9.0788126,2.7581203,4.02225876,-0.00389146,-,16.07843208,-0.11733443,0.78488815,0.28505886,0.18505886,25.88235283,26.27450943,-,-,44.59999847,28.45824051,14.64881134,-,1378,-,-130.9055176,36.77132797,-76.04180908,6.66666698,24.04706573,23.61210442,27.23030853
Thu Nov 23 00:15:01 EST 2017,15:00.2,-76.04192004,36.77130036,10.75,3,-39.59999847,255.1,8.65743351,2.56658411,3.94564438,0.11117414,-,16.07843208,0.15461905,0.97622901,0.42954078,0.34125552,26.27450943,26.27450943,-,-,44.59999847,28.44375229,14.64881134,-,1373,-,-129.9212494,36.77130127,-76.04192352,6.27450991,24.04706573,23.61210442,-
Thu Nov 23 00:15:02 EST 2017,15:01.2,-76.04203467,36.771275,10.75,3,-39.29999924,257.7,9.42357826,3.06457806,3.44765043,0.00419006,-,16.07843208,-0.02269563,0.83955687,0.26162934,0.32563588,25.88235283,26.27450943,-,-,44.59999847,28.43654251,14.64881134,-,1373,-,-128.9370117,36.77127457,-76.04203796,6.27450991,24.04706573,23.61210442,-
Thu Nov 23 00:15:03 EST 2017,15:02.2,-76.04215152,36.77125442,10.75,5,-39.09999847,257.7,7.69975281,1.68551803,4.175488,-0.01056174,-,15.68627453,-0.0526478,0.82003236,0.23039004,0.31392109,26.27450943,26.27450943,-,-,44.59999847,28.42125893,14.64881134,-,1357,-,-128.280838,36.77125549,-76.0421524,6.27450991,24.04706573,22.9907341,-
Thu Nov 23 00:15:04 EST 2017,15:03.3,-76.04226728,36.77125665,10.75,3,-39.90000153,265.3,9.69172859,0.99598789,4.13718033,-0.01467064,-,15.68627453,-0.00016023,0.87860614,0.30848834,0.26315722,26.27450943,26.27450943,-,-,44.59999847,28.41319084,14.64881134,-,1353,-,-130.9055176,36.77125549,-76.04226685,6.27450991,24.04706573,22.9907341,-
Thu Nov 23 00:15:05 EST 2017,15:04.2,-76.04238641,36.77124883,10.75,4,-40.20000076,265.3,9.0788126,0.19153613,2.22181916,-0.01014913,-,15.68627453,0.14653595,0.99575359,0.10152781,0.45840299,26.27450943,26.27450943,-,-,44.59999847,28.40514565,14.64881134,-,1347,-,-131.8897705,36.77124786,-76.04238892,6.27450991,24.04706573,22.9907341,-
Thu Nov 23 00:15:06 EST 2017,15:05.2,-76.04249512,36.77125115,10.5,3,-41.20000076,268.8,8.58081913,0.42137951,3.06457806,-0.05119532,-,15.68627453,-0.01910333,0.85908157,0.06247865,0.36858991,26.27450943,26.27450943,-,-,44.59999847,28.38912582,14.64881134,-,1346,-,-135.1706085,36.77125168,-76.04249573,6.27450991,23.48783112,22.9907341,-
Thu Nov 23 00:15:07 EST 2017,15:06.2,-76.04261233,36.77124922,10.5,5,-41.40000153,268.8,8.50420475,0.57460839,4.86501789,-0.00543138,-,15.68627453,-0.07261308,0.85127175,0.00780983,0.26706213,26.27450943,26.27450943,-,-,44.59999847,28.38207054,14.64881134,-,1357,-,-135.8267822,36.77124786,-76.04261017,6.27450991,23.48783112,23.61210442,-
Thu Nov 23 00:15:08 EST 2017,15:07.2,-76.04273503,36.77124011,10.5,3,-42.59999847,270.7,8.84896946,0.07661445,3.37103605,0.01092654,-,15.68627453,-0.03826888,0.8747012,0.0234295,0.29830143,26.27450943,26.27450943,-,-,44.59999847,28.36802101,14.64881134,-,1355,-,-139.7637787,36.77124023,-76.04273224,6.27450991,23.48783112,23.61210442,23.39966965
Thu Nov 23 00:15:09 EST 2017,15:08.3,-76.04285886,36.77123701,10.75,3,-42.59999847,270.3,8.96389103,1.60890353,4.71178913,0.01009683,-,15.68627453,-0.11618558,0.78879303,0.10933765,0.28268176,26.27450943,26.27450943,-,-,44.59999847,28.35405159,14.64881134,-,1364,-,-139.7637787,36.77123642,-76.04286194,6.27450991,24.04706573,23.61210442,23.39966965
Thu Nov 23 00:15:10 EST 2017,15:09.3,-76.04297823,36.77123746,10.75,4,-42.59999847,270.3,8.54251194,2.52827692,3.83072281,-0.00092986,-,14.90196133,-0.1082963,0.81612742,0.1952458,0.20067854,25.09803963,26.27450943,-,-,44.59999847,28.3470993,14.64881134,-,1366,-,-139.7637787,36.77123642,-76.04297638,5.49019623,24.04706573,23.61210442,23.39966965
Thu Nov 23 00:15:11 EST 2017,15:10.2,-76.04309831,36.77124254,10.75,3,-43.59999847,272.2,8.00621033,4.175488,4.25210238,0.01019554,-,15.29411793,-0.12352768,0.70288485,0.34363261,0.29439652,25.09803963,25.49019623,-,-,44.59999847,28.33325577,14.64881134,-,1351,-,-143.0446167,36.77124405,-76.04309845,5.88235283,24.04706573,23.61210442,-
Thu Nov 23 00:15:12 EST 2017,15:11.2,-76.04321862,36.77124631,10.75,5,-43.70000076,272.2,4.94163227,5.17147589,6.09084892,0.03693869,-,15.29411793,0.33420026,0.98403883,0.64821607,0.52478653,25.88235283,25.49019623,-,-,44.59999847,28.32545471,14.64881134,-,1349,-,-143.3727112,36.77124786,-76.04322052,5.88235283,24.04706573,22.9907341,-
Thu Nov 23 00:15:13 EST 2017,15:12.3,-76.04332991,36.77127068,10.5,3,-44.09999847,282.1,6.20577097,5.40131903,3.56257224,-0.05943791,-,16.86274529,-0.05989132,0.64040625,0.56621277,0.29049161,27.45098114,27.84313774,-,-,44.59999847,28.30992317,14.64881134,-,1356,-,-144.6850281,36.77127075,-76.04332733,7.45098066,23.48783112,22.9907341,-
Thu Nov 23 00:15:14 EST 2017,15:13.2,-76.04344632,36.77130521,10.75,3,-42.90000153,288.1,6.20577097,6.28238535,3.44765043,-0.02550175,-,16.86274529,-0.06912333,0.5349735,0.6794554,0.24363261,27.45098114,27.84313774,-,-,44.59999847,28.3021946,14.64881134,-,1347,-,-140.7480316,36.77130508,-76.0434494,7.45098066,24.04706573,22.9907341,-
Thu Nov 23 00:15:15 EST 2017,15:14.2,-76.04354714,36.77136027,10.5,3,-41.20000076,299.9,7.77636719,4.59686708,3.75410819,-0.00187498,-,16.86274529,-0.00462649,0.68336034,0.62088162,0.27096704,27.84313774,27.84313774,-,-,44.59999847,28.28769875,14.64881134,-,1363,-,-135.1706085,36.77135849,-76.04354858,7.45098066,23.48783112,23.61210442,23.80606461
Thu Nov 23 00:15:16 EST 2017,15:15.2,-76.04364028,36.77140991,10.75,3,-41.5,306.4,8.50420475,0.30645782,2.98796368,-0.02814046,-,16.86274529,-0.13664806,0.75364876,0.2186753,0.25925228,27.84313774,27.84313774,-,-,44.59999847,28.28093147,14.64881134,-,1375,-,-136.1548615,36.77140808,-76.04364014,7.45098066,24.04706573,23.61210442,23.80606461
Thu Nov 23 00:15:17 EST 2017,15:16.2,-76.04373545,36.77147301,10.75,3,-41.59999847,309.3,9.23204136,0.5363012,4.36702394,0.01414041,-,14.90196133,0.02037651,0.89032084,0.04295408,0.39592433,25.09803963,25.09803963,-,-,44.59999847,28.28093147,14.64881134,-,1375,-,-136.4829407,36.77147293,-76.04373169,5.49019623,24.04706573,23.61210442,23.80606461
Thu Nov 23 00:15:18 EST 2017,15:17.2,-76.04382522,36.77153074,10.75,3,-40.40000153,310.1,8.54251194,-0.11492168,4.25210238,-0.00069484,-,14.90196133,-0.02735154,0.85908157,-0.04685899,0.35297027,25.09803963,25.09803963,-,-,44.59999847,28.28093147,14.64881134,-,1375,-,-132.5459442,36.77153015,-76.04382324,5.49019623,24.04706573,23.61210442,23.80606461
Thu Nov 23 00:15:19 EST 2017,15:18.2,-76.04391446,36.77159158,10.5,3,-40.20000076,310.8,8.27436066,-0.57460839,5.09486103,0.02469131,-,14.90196133,-0.07383156,0.83565199,-0.01561966,0.29830143,25.09803963,25.09803963,-,-,44.59999847,28.27328682,14.64881134,-,1367,-,-131.8897705,36.77159119,-76.04391479,5.49019623,23.48783112,22.9907341,-
Thu Nov 23 00:15:20 EST 2017,15:19.2,-76.04400014,36.77164504,10.25,3,-41.40000153,310.1,8.54251194,1.8770541,3.715801,-0.01230532,-,14.90196133,-0.13615333,0.78098321,0.08200324,0.25925228,25.09803963,25.09803963,-,-,44.59999847,28.27328682,14.64881134,-,1367,-,-135.8267822,36.77164459,-76.04399872,5.49019623,22.9285965,22.9907341,-
Thu Nov 23 00:15:21 EST 2017,15:20.2,-76.04408937,36.77170089,10,3,-40.90000153,312.1,7.46990919,3.98395157,4.32871675,-0.0201438,-,14.90196133,0.11820453,0.84736669,0.50763905,0.42325872,25.09803963,25.09803963,-,-,44.59999847,28.27328682,14.64881134,-,1367,-,-134.1863556,36.77170181,-76.04409027,5.49019623,22.36936378,22.9907341,-
Thu Nov 23 00:15:22 EST 2017,15:21.2,-76.04416643,36.77177203,9.75,3,-41.20000076,316,7.62313843,4.36702394,3.14119267,-0.02045507,-,14.90196133,-0.16770287,0.65212095,0.37877685,0.25144243,25.09803963,25.09803963,-,-,44.59999847,28.27328682,14.64881134,-,1367,-,-135.1706085,36.77177048,-76.04416656,5.49019623,21.81012726,22.9907341,-
Thu Nov 23 00:15:23 EST 2017,15:22.2,-76.04424168,36.77183482,9.75,5,-41.20000076,316,6.24407816,4.13718033,3.86903,-0.01749853,-,14.90196133,0.00813035,0.84736669,0.35534734,0.31392109,25.09803963,25.09803963,-,-,44.59999847,28.27328682,14.64881134,-,1367,-,-135.1706085,36.77183533,-76.04424286,5.49019623,21.81012726,22.9907341,-
Thu Nov 23 00:15:24 EST 2017,15:23.2,-76.04429058,36.77192191,9.75,3,-40.90000153,325.9,7.16345167,5.01824665,3.17949986,0.0089332,-,16.07843208,-0.00659063,0.78488815,0.48811451,0.26315722,25.09803963,25.09803963,-,-,44.59999847,28.26297379,14.64881134,-,1250,-,-134.1863556,36.77192307,-76.04428864,6.66666698,21.81012726,21.12662125,-
Thu Nov 23 00:15:25 EST 2017,15:24.2,-76.04434623,36.77199852,9.75,3,-40.29999924,332.4,7.12514448,5.59285498,4.02225876,-0.01084642,-,16.07843208,-0.05247869,0.69507504,0.49592432,0.31001619,26.27450943,25.09803963,-,-,44.59999847,28.26297379,14.64881134,-,1250,-,-132.2178497,36.77199936,-76.04434967,6.66666698,21.81012726,21.12662125,-
Thu Nov 23 00:15:26 EST 2017,15:25.2,-76.04438817,36.77207847,9.75,3,-40.59999847,338.7,6.51222849,5.43962622,4.09887314,-0.02522157,-,16.07843208,-0.06509963,0.64821607,0.58573741,0.23191786,26.27450943,25.09803963,-,-,44.59999847,28.26297379,14.64881134,-,1250,-,-133.2020874,36.77207947,-76.04438782,6.66666698,21.81012726,21.12662125,-
Thu Nov 23 00:15:27 EST 2017,15:26.2,-76.04441767,36.772161,9.75,3,-40.09999847,346.1,6.55053568,5.43962622,4.21379519,-0.02405822,-,16.07843208,-0.05013846,0.67555046,0.56230789,0.25925228,26.27450943,26.66666794,-,-,44.59999847,28.25269127,14.64881134,-,1233,-,-131.561676,36.77215958,-76.04441833,6.66666698,21.81012726,21.12662125,-
Thu Nov 23 00:15:28 EST 2017,15:27.2,-76.0444283,36.7722567,9.75,3,-40.40000153,352.7,7.01022243,4.175488,4.09887314,-0.02236251,-,16.07843208,-0.06171906,0.71850449,0.4842096,0.25925228,26.27450943,26.66666794,-,-,44.59999847,28.25269127,14.64881134,-,1233,-,-132.5459442,36.77225494,-76.04442596,6.66666698,21.81012726,21.12662125,-
Thu Nov 23 00:15:29 EST 2017,15:28.2,-76.04444027,36.77234108,10,3,-40.20000076,358.8,7.16345167,4.90332508,3.67749381,-0.01997012,-,16.07843208,-0.03799126,0.70678979,0.51935381,0.29439652,26.27450943,26.66666794,-,-,44.59999847,28.24243736,14.64881134,-,1245,-,-131.8897705,36.77234268,-76.04444122,6.66666698,22.36936378,21.12662125,-
Thu Nov 23 00:15:30 EST 2017,15:29.2,-76.04443642,36.77242884,10,3,-40,4.7,6.51222849,5.5162406,3.75410819,-0.03089484,-,16.07843208,-0.07243217,0.66774058,0.53106856,0.26315722,26.27450943,26.66666794,-,-,44.59999847,28.23221397,14.64881134,-,1253,-,-131.2335968,36.77243042,-76.04443359,6.66666698,22.36936378,21.12662125,-
Thu Nov 23 00:15:31 EST 2017,15:30.2,-76.04442218,36.77250912,9.75,3,-39.79999924,12.6,7.16345167,4.175488,3.37103605,-0.03095185,-,16.07843208,-0.07920149,0.72631437,0.43344569,0.26315722,26.27450943,26.66666794,-,-,44.59999847,28.23221397,14.64881134,-,1253,-,-130.5774231,36.77251053,-76.04442596,6.66666698,21.81012726,21.12662125,-
Thu Nov 23 00:15:32 EST 2017,15:31.2,-76.04439139,36.77259505,10.25,3,-39.29999924,19.5,6.43561411,4.55855989,4.36702394,-0.02234233,-,16.07843208,-0.10280316,0.73802912,0.4373506,0.16162936,29.01960754,29.41176605,-,-,44.59999847,28.22380257,14.64881134,-,1298,-,-128.9370117,36.77259445,-76.04438782,6.66666698,22.9285965,22.36936378,-
Thu Nov 23 00:15:33 EST 2017,15:32.2,-76.04434634,36.77266836,10.25,3,-39.40000153,25.1,7.69975281,2.60489154,3.52426481,-0.02286862,-,17.64705849,0.01863285,0.88251102,0.28896379,0.317826,28.62745094,28.62745094,-,-,44.59999847,28.21630478,14.64881134,-,1323,-,-129.2650909,36.77266693,-76.04434967,8.23529434,22.9285965,22.9907341,32.09013367
Thu Nov 23 00:15:34 EST 2017,15:33.2,-76.0442903,36.77274718,10.5,3,-40.09999847,29.6,8.50420475,1.18752408,4.13718033,0.00059384,-,17.64705849,-0.00862786,0.86298645,0.21477039,0.33735061,28.62745094,28.62745094,-,-,44.59999847,28.20883179,14.64881134,-,1347,-,-131.561676,36.77274704,-76.04428864,8.23529434,23.48783112,22.9907341,32.09013367
Thu Nov 23 00:15:35 EST 2017,15:34.2,-76.04423054,36.77281765,10.5,3,-41.70000076,32.4,8.58081913,0,3.37103605,-0.00089463,-,17.64705849,0.01663106,0.93327487,0.00780983,0.30220634,28.62745094,28.62745094,-,-,44.59999847,28.20226288,14.64881134,-,1347,-,-136.8110199,36.77281952,-76.0442276,8.23529434,23.48783112,23.61210442,30.80138779
Thu Nov 23 00:15:36 EST 2017,15:35.2,-76.044164,36.77289414,10.75,3,-42.20000076,33.3,7.77636719,-0.9576807,3.44765043,0.00931545,-,15.68627453,0.06642056,0.90203559,-0.23039004,0.41935381,24.70588303,24.70588303,-,-,44.59999847,28.20226288,14.64881134,-,1351,-,-138.4514465,36.77289581,-76.04416656,8.23529434,24.04706573,23.61210442,30.80138779
Thu Nov 23 00:15:37 EST 2017,15:36.2,-76.04410027,36.77297747,10.5,3,-42.20000076,32.5,8.27436066,-1.72382522,4.44363832,0.00096191,-,15.29411793,-0.04495588,0.84346181,-0.09371798,0.33735061,24.70588303,25.09803963,-,-,44.59999847,28.19482994,14.64881134,-,1329,-,-138.4514465,36.77297592,-76.0440979,5.49019623,23.48783112,22.9907341,30.80138779
Thu Nov 23 00:15:38 EST 2017,15:37.2,-76.0440497,36.77305983,10.25,3,-42,30.7,8.27436066,-0.99598789,4.175488,-0.01836372,-,15.29411793,-0.06744468,0.82784218,-0.16791138,0.29439652,24.70588303,25.09803963,-,-,44.59999847,28.18741417,14.64881134,-,1329,-,-137.7952728,36.77305984,-76.04405212,5.49019623,22.9285965,22.9907341,-
Thu Nov 23 00:15:39 EST 2017,15:38.2,-76.04399686,36.77314082,10,3,-41.40000153,28.5,8.1211319,-1.49398184,3.44765043,0.01018384,-,15.29411793,-0.04175778,0.87079626,-0.20305562,0.24363261,25.09803963,25.09803963,-,-,44.59999847,28.17914009,14.64881134,-,1290,-,-135.8267822,36.77313995,-76.04399872,5.49019623,22.36936378,22.36936378,-
Thu Nov 23 00:15:40 EST 2017,15:39.2,-76.04394873,36.77321373,10,3,-41.90000153,25.9,8.27436066,-1.53228903,3.44765043,0.00641426,-,15.29411793,-0.04319195,0.85127175,-0.12495731,0.317826,25.09803963,25.49019623,-,-,44.59999847,28.16265678,14.64881134,-,1287,-,-137.4671936,36.77321243,-76.04394531,5.88235283,22.36936378,22.36936378,-
Thu Nov 23 00:15:41 EST 2017,15:40.2,-76.04390495,36.77328795,9.75,3,-41.5,24.9,8.81066227,-0.57460839,4.175488,0.00309627,-,15.29411793,-0.04257821,0.87079626,-0.04685899,0.29439652,25.09803963,25.49019623,-,-,44.59999847,28.16265678,14.64881134,-,1287,-,-136.1548615,36.77328873,-76.04390717,5.88235283,21.81012726,22.36936378,-
Thu Nov 23 00:15:42 EST 2017,15:41.2,-76.04385647,36.77336735,10,3,-41.59999847,22.8,8.84896946,-0.72783732,4.44363832,0.03370732,-,16.07843208,0.01822828,0.93327487,-0.0976229,0.29439652,26.27450943,26.66666794,-,-,44.59999847,28.14627075,14.64881134,-,1293,-,-136.4829407,36.77336884,-76.04385376,6.27450991,22.36936378,22.36936378,-
Thu Nov 23 00:15:43 EST 2017,15:42.2,-76.0438178,36.77345482,10,3,-41.5,22.2,8.1211319,-1.49398184,4.29040956,-0.00031398,-,16.07843208,0.05767805,0.88641596,-0.24991462,0.41935381,26.27450943,26.66666794,-,-,44.59999847,28.14627075,14.64881134,-,1293,-,-136.1548615,36.77345657,-76.04381561,6.66666698,22.36936378,22.36936378,-
Thu Nov 23 00:15:44 EST 2017,15:43.2,-76.04377561,36.77353814,10,5,-41.5,22.2,9.00219822,-2.29843354,4.25210238,0.00870898,-,16.07843208,-0.02090947,0.85127175,-0.18743597,0.34516042,26.27450943,26.27450943,-,-,44.59999847,28.12997437,14.64881134,-,1289,-,-136.1548615,36.77353668,-76.04377747,6.27450991,22.36936378,22.36936378,-
Thu Nov 23 00:15:45 EST 2017,15:44.2,-76.04373388,36.77362613,10,3,-41.90000153,19.5,8.50420475,-1.95366859,4.06056595,0.01894205,-,16.07843208,0.0391139,0.90984541,-0.22258021,0.34906533,26.27450943,26.27450943,-,-,44.59999847,28.12997437,14.64881134,-,1289,-,-137.4671936,36.77362442,-76.04373169,6.27450991,22.36936378,22.36936378,-
Thu Nov 23 00:15:46 EST 2017,15:45.2,-76.04369829,36.77371161,10,3,-41.79999924,16.7,8.84896946,-2.06859016,3.83072281,0.02429408,-,16.07843208,0.03084302,0.91375035,-0.17962612,0.34125552,26.27450943,26.27450943,-,-,44.59999847,28.12997437,14.64881134,-,1282,-,-137.1390991,36.77371216,-76.04370117,6.27450991,22.36936378,22.36936378,-
Thu Nov 23 00:15:47 EST 2017,15:46.2,-76.04366607,36.77379639,10.25,3,-42,13.9,8.27436066,-1.95366859,4.06056595,0.01176583,-,16.07843208,0.01699127,0.88251102,-0.23039004,0.34906533,26.27450943,26.27450943,-,-,44.59999847,28.1218605,14.64881134,-,1282,-,-137.7952728,36.77379608,-76.04366302,6.27450991,22.9285965,22.36936378,-
Thu Nov 23 00:15:48 EST 2017,15:47.2,-76.04364585,36.77387156,10,3,-42.79999924,11.3,9.15542698,-1.30244577,3.63918662,0.01090874,-,16.07843208,0.02805642,0.90984541,-0.09371798,0.36858991,26.27450943,26.27450943,-,-,44.59999847,28.1218605,14.64881134,-,1282,-,-140.4199524,36.77387238,-76.04364777,6.27450991,22.36936378,22.36936378,-
Thu Nov 23 00:15:49 EST 2017,15:48.2,-76.04363035,36.77396135,9.75,3,-43.29999924,9.1,8.73404789,-2.10689759,3.56257224,0.01601873,-,16.07843208,0.05431857,0.95279956,-0.20305562,0.30220634,26.27450943,26.27450943,-,-,44.59999847,28.1218605,14.64881134,-,1282,-,-142.0603638,36.77396011,-76.04363251,6.27450991,21.81012726,22.36936378,-
Thu Nov 23 00:15:50 EST 2017,15:49.2,-76.04362031,36.77404491,9.75,3,-43,7.2,8.77235508,-1.30244577,4.02225876,0.01166314,-,17.64705849,-0.0280578,0.87860614,-0.10152781,0.30220634,29.01960754,29.41176605,-,-,44.59999847,28.11289597,14.64881134,-,1287,-,-141.0761108,36.77404404,-76.04361725,8.23529434,21.81012726,21.74799156,-
Thu Nov 23 00:15:51 EST 2017,15:50.2,-76.04361135,36.77413526,9.75,4,-43.5,5.7,8.92558384,-0.57460839,3.98395157,-0.0040062,-,17.64705849,-0.09498838,0.81222248,0.01171475,0.29830143,29.01960754,29.41176605,-,-,44.59999847,28.10395432,14.64881134,-,1270,-,-142.7165375,36.77413559,-76.04360962,8.23529434,21.81012726,21.74799156,-
Thu Nov 23 00:15:52 EST 2017,15:51.2,-76.04359885,36.77422701,9.75,3,-42.5,6.3,8.84896946,-0.99598789,3.86903,0.00448658,-,17.64705849,-0.01121709,0.89422578,-0.12495731,0.30220634,29.01960754,29.01960754,-,-,44.59999847,28.09503937,14.64881134,-,1258,-,-139.4356995,36.77422714,-76.04360199,8.23529434,21.81012726,21.74799156,-
Thu Nov 23 00:15:53 EST 2017,15:52.2,-76.043587,36.77431926,9.75,3,-41.79999924,3.5,8.84896946,-0.38307226,3.37103605,-0.00392487,-,17.64705849,-0.0412404,0.88641596,-0.03123933,0.26315722,29.01960754,29.01960754,-,-,44.59999847,28.09503937,14.64881134,-,1258,-,-137.1390991,36.7743187,-76.04358673,8.23529434,21.81012726,21.74799156,-
Thu Nov 23 00:15:54 EST 2017,15:53.2,-76.04358572,36.77440475,9.75,3,-41.59999847,2.4,8.65743351,0.03830723,3.83072281,-0.0131204,-,17.64705849,-0.01465666,0.90594047,0.00780983,0.28658667,29.01960754,29.01960754,-,-,44.59999847,28.09503937,14.64881134,-,1258,-,-136.4829407,36.77440643,-76.04358673,8.23529434,21.81012726,21.74799156,-
Thu Nov 23 00:15:55 EST 2017,15:54.2,-76.0435728,36.77449272,9.75,3,-42.59999847,3,9.23204136,0.42137951,3.29442143,-0.01146258,-,17.64705849,0.01308281,0.96451426,0.05076391,0.20458345,29.01960754,29.01960754,-,-,44.59999847,28.08615112,14.64881134,-,1257,-,-139.7637787,36.77449417,-76.04357147,8.62745094,21.81012726,21.74799156,-
Thu Nov 23 00:15:56 EST 2017,15:55.2,-76.04356593,36.77458393,9.75,3,-42.40000153,3.1,8.6957407,0.61291564,3.60087943,0.00376206,-,17.64705849,-0.03800707,0.86689138,0.1210524,0.29830143,29.01960754,29.01960754,-,-,44.59999847,28.08615112,14.64881134,-,1257,-,-139.1076202,36.77458572,-76.04356384,8.62745094,21.81012726,21.74799156,-
Thu Nov 23 00:15:57 EST 2017,15:56.2,-76.04356004,36.77467117,9.75,5,-41.90000153,3.1,8.00621033,1.99197578,4.02225876,-0.01122468,-,17.64705849,0.02871669,0.92156017,0.18353106,0.317826,29.41176605,29.01960754,-,-,44.59999847,28.08615112,14.64881134,-,1257,-,-137.4671936,36.77466965,-76.04356384,8.62745094,21.81012726,21.74799156,-
Thu Nov 23 00:15:58 EST 2017,15:57.2,-76.04355387,36.77475763,9.75,3,-41,6,8.15943909,2.29843354,3.25611424,-0.02890626,-,17.64705849,-0.04165423,0.86298645,0.22258021,0.25144243,29.41176605,29.01960754,-,-,44.59999847,28.08615112,14.64881134,-,1257,-,-134.5144348,36.77475739,-76.04355621,8.62745094,21.81012726,21.74799156,-
Thu Nov 23 00:15:59 EST 2017,15:58.2,-76.04353106,36.7748495,9.75,3,-40.09999847,9.8,8.23605347,1.83874691,2.98796368,-0.06844366,-,17.64705849,-0.04142344,0.87079626,0.18353106,0.25534737,29.41176605,29.01960754,-,-,44.59999847,28.08615112,14.64881134,-,1257,-,-131.561676,36.77484894,-76.04353333,8.62745094,21.81012726,21.74799156,-
Thu Nov 23 00:16:00 EST 2017,15:59.2,-76.04351288,36.77493934,10.25,3,-39.70000076,11.7,8.6957407,1.37906015,3.63918662,-0.00496138,-,17.64705849,-0.03697667,0.88641596,0.16010156,0.23972771,29.41176605,29.01960754,-,-,44.59999847,28.08615112,14.64881134,-,1257,-,-130.2493439,36.77494049,-76.04351044,8.62745094,22.9285965,21.74799156,-
Thu Nov 23 00:16:01 EST 2017,16:00.2,-76.04348656,36.77502952,10.5,3,-39,13.7,7.58483076,3.29442143,3.48595762,-0.02555602,-,18.8235302,-0.0751834,0.85127175,0.03123933,0.25925228,30.58823586,30.98039246,-,-,44.59999847,28.07989311,14.64881134,-,1371,-,-127.9527588,36.77502823,-76.04348755,8.62745094,23.48783112,23.61210442,-
Thu Nov 23 00:16:02 EST 2017,16:01.2,-76.04345856,36.77512185,10.5,4,-39,13.7,8.92558384,1.76213241,3.67749381,0.01368213,-,15.68627453,0.01896231,0.9371798,0.11324256,0.28268176,30.58823586,30.19607925,-,-,44.59999847,28.07538986,14.64881134,-,1376,-,-127.9527588,36.7751236,-76.04345703,8.62745094,23.48783112,24.85484695,-
Thu Nov 23 00:16:03 EST 2017,16:02.2,-76.04341289,36.77521781,10.75,3,-37.29999924,17,8.35097599,1.76213241,4.36702394,-0.00280207,-,15.68627453,-0.0350535,0.83955687,0.21086545,0.32563588,26.27450943,26.27450943,-,-,44.59999847,28.06295776,14.64881134,-,1379,-,-122.3753281,36.77521896,-76.04341125,6.27450991,24.04706573,23.61210442,3.57787442
Thu Nov 23 00:16:04 EST 2017,16:03.2,-76.04337783,36.77531034,10.75,5,-37.09999847,17,8.54251194,1.07260239,3.67749381,0.00714096,-,16.07843208,0.01420422,0.90203559,0.19915071,0.317826,26.27450943,26.27450943,-,-,44.59999847,28.05059433,14.64881134,-,1370,-,-121.7191544,36.77531052,-76.04338074,6.66666698,24.04706573,23.61210442,3.57787442
Thu Nov 23 00:16:05 EST 2017,16:04.2,-76.04332709,36.77540009,10.5,4,-36.90000153,19.4,8.88727665,1.37906015,4.06056595,-0.0183803,-,16.07843208,-0.01013744,0.89422578,0.1444819,0.29830143,26.27450943,26.27450943,-,-,44.59999847,28.05059433,14.64881134,-,1370,-,-121.0629959,36.77539825,-76.04332733,6.66666698,23.48783112,23.61210442,3.57787442
Thu Nov 23 00:16:06 EST 2017,16:05.2,-76.04325898,36.77548846,10.75,4,-36.40000153,21.9,8.54251194,1.11090958,3.48595762,-0.00889214,-,16.07843208,-0.04490784,0.86689138,0.12886222,0.27877685,26.27450943,26.27450943,-,-,44.59999847,28.05059433,14.64881134,-,1370,-,-119.4225769,36.77548981,-76.04325867,6.66666698,24.04706573,23.61210442,3.57787442
Thu Nov 23 00:16:07 EST 2017,16:06.2,-76.0432071,36.77557906,10.75,4,-36.40000153,23,8.35097599,2.18351197,4.21379519,0.00187899,-,16.07843208,0.05327597,0.89422578,0.22648512,0.40763909,26.27450943,26.66666794,-,-,44.59999847,28.04357529,14.64881134,-,1354,-,-119.4225769,36.77557755,-76.04320526,6.66666698,24.04706573,22.9907341,-
Thu Nov 23 00:16:08 EST 2017,16:07.2,-76.0431477,36.77566773,11,5,-36.20000076,26,8.77235508,1.76213241,4.09887314,-0.01786777,-,16.07843208,-0.04364666,0.84346181,0.28115395,0.25144243,26.27450943,26.66666794,-,-,44.59999847,28.04357529,14.64881134,-,1354,-,-118.7664032,36.7756691,-76.04314423,6.66666698,24.60629845,22.9907341,-
Thu Nov 23 00:16:09 EST 2017,16:08.2,-76.04308403,36.77575252,10.25,3,-34.79999924,29.9,8.88727665,0.42137951,4.21379519,-0.00697451,-,16.07843208,-0.03577318,0.85517663,0.15229172,0.317826,26.27450943,26.66666794,-,-,44.59999847,28.04357529,14.64881134,-,1354,-,-114.1732254,36.77575302,-76.04308319,6.66666698,22.9285965,22.9907341,-
Thu Nov 23 00:16:10 EST 2017,16:09.2,-76.04303568,36.77583966,10.75,3,-34.5,31.6,8.81066227,1.07260239,4.06056595,-0.00334301,-,16.07843208,0.02045875,0.92936999,0.09371798,0.31001619,26.27450943,26.66666794,-,-,44.59999847,28.04357529,14.64881134,-,1354,-,-113.1889801,36.77584076,-76.04303741,6.66666698,24.04706573,22.9907341,-
Thu Nov 23 00:16:11 EST 2017,16:10.2,-76.04297722,36.77592116,10.5,3,-35.59999847,33.4,8.61912632,1.68551803,3.52426481,-0.01635927,-,16.07843208,-0.06404755,0.83955687,0.09371798,0.30220634,26.27450943,26.66666794,-,-,44.59999847,28.04357529,14.64881134,-,1354,-,-116.7978973,36.77592087,-76.04297638,6.66666698,23.48783112,22.9907341,-
Thu Nov 23 00:16:12 EST 2017,16:11.2,-76.04290802,36.77599795,10.75,3,-35.5,35.3,9.11711979,0.5363012,4.21379519,-0.01602327,-,16.07843208,-0.04171792,0.86689138,0.06638357,0.30220634,27.45098114,26.66666794,-,-,44.59999847,28.04357529,14.64881134,-,1354,-,-116.4698181,36.77599716,-76.04290771,7.05882359,24.04706573,22.9907341,-
Thu Nov 23 00:16:13 EST 2017,16:12.2,-76.04283155,36.77607488,10.75,3,-34.90000153,36.3,8.42759037,1.11090958,4.8267107,-0.01856197,-,16.07843208,0.02585741,0.91375035,0.14838681,0.34125552,27.45098114,26.66666794,-,-,44.59999847,28.03829956,14.64881134,-,1364,-,-114.5013199,36.77607346,-76.04283142,7.05882359,24.04706573,24.23347664,-
Thu Nov 23 00:16:14 EST 2017,16:13.2,-76.04275659,36.77614763,11,3,-35.40000153,37.1,8.96389103,2.14520478,4.02225876,0.00406445,-,16.07843208,0.0088264,0.90594047,0.16791138,0.31001619,27.45098114,26.66666794,-,-,44.59999847,28.03829956,14.64881134,-,1364,-,-116.1417389,36.77614594,-76.04275513,7.05882359,24.60629845,24.23347664,-
Thu Nov 23 00:16:15 EST 2017,16:14.2,-76.04267144,36.7762209,11,3,-35.09999847,40.5,8.54251194,2.94965649,3.98395157,0.02578706,-,16.86274529,-0.10697965,0.77317333,0.2421048,0.27487195,27.45098114,26.66666794,-,-,44.59999847,28.03829956,14.64881134,-,1364,-,-115.1574783,36.77622223,-76.0426712,7.45098066,24.60629845,24.23347664,-
Thu Nov 23 00:16:16 EST 2017,16:15.2,-76.04258947,36.77629537,11,3,-36.09999847,43.1,7.96790314,2.60489154,3.44765043,-0.01974815,-,16.86274529,-0.04016673,0.82003236,0.27724904,0.31392109,27.45098114,27.45098114,-,-,44.59999847,28.03303719,14.64881134,-,1409,-,-118.4383164,36.77629471,-76.04258728,7.45098066,24.60629845,24.23347664,-
Thu Nov 23 00:16:17 EST 2017,16:16.2,-76.04250284,36.77636181,11,3,-37,45.3,8.19774628,2.94965649,3.56257224,-0.03045813,-,16.47058868,-0.02902379,0.82393724,0.30848834,0.31001619,27.45098114,27.45098114,-,-,44.59999847,28.03303719,14.64881134,-,1425,-,-121.3910751,36.77636337,-76.04250336,7.05882359,24.60629845,24.23347664,-
Thu Nov 23 00:16:18 EST 2017,16:17.2,-76.04241539,36.7764315,11,5,-37.40000153,45.3,8.31266785,2.26012635,3.79241538,-0.02022318,-,16.47058868,-0.04321596,0.84736669,0.26553428,0.25534737,27.45098114,27.45098114,-,-,44.59999847,28.02778816,14.64881134,-,1424,-,-122.7034149,36.77643204,-76.0424118,7.05882359,24.60629845,24.23347664,-
Thu Nov 23 00:16:19 EST 2017,16:18.2,-76.04230968,36.7764939,11.25,3,-38.40000153,52.3,8.54251194,1.72382522,3.83072281,-0.02869478,-,16.47058868,-0.03942773,0.86298645,0.17572121,0.28268176,27.45098114,27.45098114,-,-,44.59999847,28.01733589,14.64881134,-,1422,-,-125.9842606,36.77649307,-76.04231262,7.05882359,25.16553307,24.23347664,-
Thu Nov 23 00:16:20 EST 2017,16:19.2,-76.0422055,36.77654789,10.75,3,-38.70000076,60.5,9.34696388,1.30244577,3.83072281,0.0572378,-,16.47058868,0.0428005,0.92156017,0.08200324,0.38030469,27.45098114,27.84313774,-,-,44.59999847,28.00779533,14.64881134,-,1432,-,-126.9685059,36.77654648,-76.04220581,7.45098066,24.04706573,24.85484695,-
Thu Nov 23 00:16:21 EST 2017,16:20.2,-76.04209165,36.77660256,11.25,3,-37.59999847,59.1,8.1211319,2.33674097,3.75410819,0.00446577,-,16.47058868,0.01629335,0.89422578,0.20305562,0.33735061,27.45098114,27.84313774,-,-,44.59999847,28.00779533,14.64881134,-,1432,-,-123.3595734,36.7766037,-76.04209137,7.05882359,25.16553307,24.85484695,-
Thu Nov 23 00:16:22 EST 2017,16:21.2,-76.04198312,36.77665475,11.25,4,-37.5,59.1,7.92959595,3.44765043,3.29442143,-0.01643192,-,16.47058868,0.05054887,0.92156017,0.28115395,0.317826,27.45098114,27.45098114,-,-,44.59999847,28.00779533,14.64881134,-,1432,-,-123.0314941,36.77665329,-76.04198456,7.05882359,25.16553307,24.85484695,-
Thu Nov 23 00:16:23 EST 2017,16:22.2,-76.04187389,36.77669767,11.25,4,-38.59999847,61.7,8.54251194,2.26012635,4.21379519,-0.01063972,-,16.86274529,-0.05335676,0.82003236,0.25381953,0.29830143,27.45098114,27.45098114,-,-,44.59999847,28.00346947,14.64881134,-,1441,-,-126.6404114,36.77669907,-76.04187012,7.45098066,25.16553307,24.85484695,-
Thu Nov 23 00:16:24 EST 2017,16:23.2,-76.04175823,36.77673935,11,3,-39.59999847,67.4,8.50420475,1.9153614,3.90733719,-0.00721073,-,16.86274529,0.01551983,0.89422578,0.19915071,0.33735061,27.45098114,27.45098114,-,-,44.59999847,28.00346947,14.64881134,-,1452,-,-129.9212494,36.77674103,-76.04175568,7.45098066,24.60629845,24.85484695,-
Thu Nov 23 00:16:25 EST 2017,16:24.2,-76.04164364,36.77678385,11.25,3,-39.09999847,71.9,8.65743351,1.80043972,4.97993946,-0.01446981,-,16.86274529,-0.01918893,0.89813066,0.16010156,0.25925228,27.45098114,27.45098114,-,-,44.59999847,27.99915504,14.64881134,-,1452,-,-128.280838,36.77678299,-76.04164124,7.45098066,25.16553307,24.85484695,-
Thu Nov 23 00:16:26 EST 2017,16:25.2,-76.04152151,36.77681497,11.5,3,-38.29999924,75.3,8.6957407,2.7581203,3.67749381,-0.01075237,-,16.86274529,-0.05784041,0.83174706,0.24600971,0.26706213,27.45098114,27.45098114,-,-,44.59999847,27.99915504,14.64881134,-,1471,-,-125.6561661,36.77681351,-76.04151917,7.45098066,25.72476578,24.85484695,-
Thu Nov 23 00:16:27 EST 2017,16:26.2,-76.04140368,36.77684,11.5,3,-37.90000153,77.2,7.96790314,2.71981311,3.63918662,-0.02908823,-,16.86274529,0.00299387,0.89032084,0.32410803,0.22801295,27.45098114,27.45098114,-,-,44.59999847,27.99570465,14.64881134,-,1471,-,-124.3438339,36.77684021,-76.04140472,7.45098066,25.72476578,25.47621918,20.69274902
Thu Nov 23 00:16:28 EST 2017,16:27.2,-76.04126366,36.77684257,11.25,3,-37.40000153,82.8,8.35097599,2.29843354,3.83072281,-0.01557714,-,16.86274529,-0.10798834,0.78098321,0.25381953,0.24753754,27.45098114,27.45098114,-,-,44.59999847,27.99226189,14.64881134,-,1473,-,-122.7034149,36.77684402,-76.0412674,7.45098066,25.16553307,25.47621918,20.69274902
Thu Nov 23 00:16:29 EST 2017,16:28.2,-76.04113296,36.77685483,11.5,3,-36.40000153,85.4,7.54652357,3.90733719,4.02225876,-0.00079075,-,16.86274529,0.0050532,0.85908157,0.33582276,0.29830143,27.45098114,27.45098114,-,-,44.59999847,27.99226189,14.64881134,-,1473,-,-119.4225769,36.77685547,-76.04113007,7.45098066,25.72476578,25.47621918,20.69274902
Thu Nov 23 00:16:30 EST 2017,16:29.2,-76.04099641,36.77685051,11.25,3,-35.5,91,8.15943909,3.63918662,3.98395157,-0.00652817,-,16.86274529,0.00173039,0.81612742,0.39439651,0.32563588,27.45098114,27.45098114,-,-,44.59999847,27.98883057,14.64881134,-,1478,-,-116.4698181,36.77685165,-76.04099274,7.45098066,25.16553307,25.47621918,-
Thu Nov 23 00:16:31 EST 2017,16:30.2,-76.04087321,36.77683995,11.5,3,-35.40000153,96.1,8.04451752,4.09887314,4.25210238,-0.02352412,-,16.86274529,-0.08770871,0.74974388,0.37487194,0.25925228,27.45098114,27.45098114,-,-,44.59999847,27.98540688,14.64881134,-,1478,-,-116.1417389,36.77684021,-76.04087067,7.45098066,25.72476578,25.47621918,-
Thu Nov 23 00:16:32 EST 2017,16:31.2,-76.04074259,36.77682474,11.75,3,-35.70000076,98.9,7.54652357,3.86903,4.09887314,-0.01068618,-,16.86274529,-0.02246924,0.76536351,0.4373506,0.32173091,27.45098114,27.45098114,-,-,44.59999847,27.98540688,14.64881134,-,1478,-,-117.1259842,36.77682495,-76.04074097,7.45098066,26.2840004,25.47621918,-
Thu Nov 23 00:16:33 EST 2017,16:32.2,-76.04061033,36.77680219,11.5,3,-35.79999924,103.2,7.35498762,4.78840351,3.94564438,-0.01308062,-,15.29411793,-0.01363513,0.76536351,0.49592432,0.27487195,24.31372643,24.31372643,-,-,44.59999847,27.97605515,14.64881134,-,1437,-,-117.4540634,36.77680206,-76.04061127,5.49019623,25.72476578,24.23347664,-
Thu Nov 23 00:16:34 EST 2017,16:33.2,-76.04052169,36.7767658,10.75,3,-36.09999847,112.5,7.62313843,4.55855989,4.02225876,0.00155246,-,15.29411793,-0.04895848,0.7575537,0.41392109,0.29830143,24.31372643,24.31372643,-,-,44.59999847,27.97605515,14.64881134,-,1437,-,-118.4383164,36.77676392,-76.04051971,5.49019623,24.04706573,24.23347664,-
Thu Nov 23 00:16:35 EST 2017,16:34.2,-76.04040937,36.77672829,10.75,5,-35.79999924,112.5,7.85298157,1.64721072,4.36702394,-0.02641063,-,15.29411793,-0.04274556,0.81612742,0.21086545,0.35297027,23.92156982,14.11764717,-,-,44.59999847,27.96929169,14.64881134,-,1354,-,-117.4540634,36.77672958,-76.0404129,5.49019623,24.04706573,22.9907341,-
Thu Nov 23 00:16:36 EST 2017,16:35.2,-76.04032958,36.77665862,10.25,3,-36.5,125.1,8.84896946,0.19153613,5.40131903,0.00733385,-,15.29411793,-0.03080907,0.82003236,0.0234295,0.4154489,23.92156982,14.11764717,-,-,44.59999847,27.96929169,14.64881134,-,1354,-,-119.7506561,36.7766571,-76.04032898,5.49019623,22.9285965,22.9907341,-
Thu Nov 23 00:16:37 EST 2017,16:36.2,-76.04023408,36.77660247,9.75,3,-36,125.7,7.66144562,-0.65122288,5.66946983,0.00202405,-,15.29411793,-0.00941315,0.85127175,0.07809832,0.39982924,23.92156982,14.11764717,-,-,44.59999847,27.96929169,14.64881134,-,1354,-,-118.1102371,36.7766037,-76.04023743,4.31372547,21.81012726,22.9907341,-
Thu Nov 23 00:16:38 EST 2017,16:37.2,-76.04014143,36.7765601,9,4,-35.70000076,127,8.42759037,0.42137951,5.82269859,0.016042,-,14.11764717,-0.00762028,0.80050778,0.01561966,0.48573741,14.11764717,14.11764717,-,-,44.59999847,27.95328331,14.64881134,-,911,-,-117.1259842,36.77656174,-76.04013824,4.31372547,20.13242531,16.15565109,-
Thu Nov 23 00:16:39 EST 2017,16:38.2,-76.04006162,36.77651179,9,5,-35.40000153,127,8.31266785,-0.57460839,5.74608421,0.01856382,-,14.11764717,0.02422734,0.83955687,-0.01952458,0.48573741,14.11764717,14.11764717,-,-,44.59999847,27.93227577,14.64881134,-,985,-,-116.1417389,36.77651215,-76.04006195,4.31372547,20.13242531,12.42742348,-
Thu Nov 23 00:16:40 EST 2017,16:39.2,-76.04001521,36.77647735,5.75,4,-35.70000076,124.7,7.58483076,-0.9576807,6.16746378,0.02541462,-,12.94117641,0.00296344,0.8083176,-0.09371798,0.48573741,14.11764717,14.11764717,-,-,44.59999847,27.93227577,14.64881134,-,985,-,-117.1259842,36.77647781,-76.04001617,3.52941179,12.86238289,12.42742348,-
Thu Nov 23 00:16:41 EST 2017,16:40.2,-76.0399762,36.77646226,3.25,4,-35.20000076,132,7.16345167,-0.57460839,5.97592735,0.02018549,-,13.33333397,-0.0565456,0.71459961,-0.05466883,0.51307178,14.11764717,14.11764717,-,-,44.59999847,27.87113953,14.64881134,-,632,-,-115.4855652,36.77646255,-76.03997803,3.52941179,7.2700429,3.72822714,-
Thu Nov 23 00:16:42 EST 2017,16:41.2,-76.03997215,36.77645563,1,4,-35.5,126.5,9.19373417,0.22984336,3.52426481,0.01026582,-,13.72549057,0.01710374,0.93327487,-0.10152781,0.29049161,14.11764717,14.11764717,-,-,44.59999847,27.87113953,14.64881134,-,632,-,-116.4698181,36.77645493,-76.0399704,3.52941179,2.23693633,3.72822714,-
Thu Nov 23 00:16:43 EST 2017,16:42.2,-76.03996221,36.77644971,1,5,-35.09999847,126.5,8.96389103,-2.14520478,3.56257224,0.01104475,-,13.72549057,-0.06904951,0.86689138,0.0976229,0.22410804,14.11764717,14.50980377,-,-,44.59999847,27.87113953,14.64881134,-,632,-,-115.1574783,36.77645111,-76.03996277,3.52941179,2.23693633,3.72822714,-
Thu Nov 23 00:16:44 EST 2017,16:43.2,-76.03996648,36.77645429,0,4,-35.09999847,0,9.61511421,0.57460839,2.22181916,0.01575262,-,18.03921509,-0.00782782,0.96451426,0.06247865,0.12258022,14.11764717,14.50980377,-,-,44.59999847,27.87113953,14.64881134,-,739,-,-115.1574783,36.77645493,-76.03996277,8.23529434,0,0,-
Thu Nov 23 00:16:45 EST 2017,16:44.2,-76.03996562,36.7764534,1,4,-35.20000076,142.2,8.96389103,0.15322891,2.94965649,-0.00786417,-,18.03921509,-0.04040522,0.91765523,0.03514424,0.17724904,34.50980377,14.50980377,-,-,44.59999847,27.87113953,14.64881134,-,739,-,-115.4855652,36.77645493,-76.03996277,8.23529434,2.23693633,0,-
Thu Nov 23 00:16:46 EST 2017,16:45.2,-76.03993231,36.77642884,3.5,4,-35.70000076,126.4,9.61511421,-1.37906015,2.48996973,0.04117841,-,22.74509811,-0.03492696,0.92936999,-0.05076391,0.18505886,34.50980377,38.4313736,-,-,44.59999847,27.84446335,14.64881134,-,1790,-,-117.1259842,36.77642822,-76.03993225,14.11764717,7.82927656,8.07782555,50.57536697
Thu Nov 23 00:16:47 EST 2017,16:46.2,-76.03990095,36.77641024,3.5,5,-35.79999924,126.4,8.88727665,-1.57059634,2.7581203,0.00912886,-,22.74509811,-0.02094069,0.90594047,-0.15619664,0.23582277,39.2156868,39.2156868,-,-,44.59999847,27.82204056,14.64881134,-,1766,-,-117.4540634,36.77640915,-76.03990173,14.50980377,7.82927656,11.18468189,58.36201477
Thu Nov 23 00:16:48 EST 2017,16:47.2,-76.03984783,36.77637405,5.75,4,-33.70000076,127.9,8.42759037,-2.79642749,3.14119267,0.00186219,-,22.74509811,0.0035414,0.92156017,-0.22258021,0.22801295,36.47058868,39.2156868,-,-,44.59999847,27.82204056,14.64881134,-,1766,-,-110.5643082,36.77637482,-76.03984833,14.50980377,12.86238289,11.18468189,58.36201477
Thu Nov 23 00:16:49 EST 2017,16:48.2,-76.03979518,36.77634694,7.25,4,-34,121.2,9.23204136,-1.37906015,3.33272886,0.01645592,-,22.74509811,-0.00168752,0.90984541,-0.13667206,0.28658667,36.47058868,36.86274719,-,-,44.59999847,27.80719566,14.64881134,-,1668,-,-111.5485535,36.77634811,-76.03979492,14.50980377,16.21778679,16.77702141,70.70127106
Thu Nov 23 00:16:50 EST 2017,16:49.2,-76.03971497,36.77630231,7.75,3,-33.79999924,124.5,9.88326454,-1.76213241,3.90733719,0.1171357,-,20.3921566,0.095186,1.01918304,-0.03514424,0.29830143,33.72549057,36.86274719,-,-,44.59999847,27.80719566,14.64881134,-,1668,-,-110.8923874,36.77630234,-76.03971863,11.76470566,17.33625603,16.77702141,70.70127106
Thu Nov 23 00:16:51 EST 2017,16:50.2,-76.03963629,36.77625772,8.25,4,-34.40000153,124.3,8.84896946,-1.03429508,3.33272886,-0.00218598,-,20.3921566,-0.02313286,0.90203559,-0.08981306,0.26315722,33.72549057,36.86274719,-,-,44.59999847,27.80719566,14.64881134,-,1668,-,-112.8609009,36.77625656,-76.0396347,11.76470566,18.45472336,16.77702141,70.70127106
Thu Nov 23 00:16:52 EST 2017,16:51.2,-76.03956036,36.77621609,8.25,5,-34.5,124.3,9.38527107,-1.11090958,3.25611424,0.01487675,-,20.3921566,0.03048776,0.96060938,-0.13276714,0.24753754,33.72549057,35.29411697,-,-,44.59999847,27.80719566,14.64881134,-,1668,-,-113.1889801,36.7762146,-76.03955841,11.76470566,18.45472336,16.77702141,70.70127106
Thu Nov 23 00:16:53 EST 2017,16:52.2,-76.03947211,36.77616812,9,4,-33.29999924,121.4,9.0788126,0.11492168,3.48595762,0.00285707,-,20.3921566,0.01989033,0.93327487,-0.14838681,0.28268176,33.72549057,35.29411697,-,-,44.59999847,27.80719566,14.64881134,-,1634,-,-109.2519684,36.77616882,-76.03947449,11.76470566,20.13242531,16.77702141,70.70127106
Thu Nov 23 00:16:54 EST 2017,16:53.2,-76.03938065,36.77612059,10,3,-33.20000076,119.6,9.42357826,0.19153613,3.14119267,0.03175944,-,20.3921566,0.08990675,1.0152781,0.02733441,0.29439652,33.72549057,35.29411697,-,-,44.59999847,27.80719566,14.64881134,-,1634,-,-108.9238892,36.77611923,-76.03938293,11.76470566,22.36936378,16.77702141,70.70127106
Thu Nov 23 00:16:55 EST 2017,16:54.2,-76.03927635,36.77606658,10.75,4,-33.79999924,120.2,8.92558384,-0.30645782,4.13718033,0.00723646,-,20.3921566,-0.03664399,0.8747012,-0.0234295,0.30220634,33.72549057,35.29411697,-,-,44.59999847,27.80719566,14.64881134,-,1634,-,-110.8923874,36.77606583,-76.03927612,11.76470566,24.04706573,16.77702141,70.70127106
Thu Nov 23 00:16:56 EST 2017,16:55.2,-76.03916764,36.77602327,11,4,-34.29999924,119.9,8.77235508,0.65122288,4.06056595,-0.00838483,-,16.86274529,-0.00818936,0.90203559,0.03514424,0.31001619,27.45098114,35.29411697,-,-,44.59999847,27.80240059,14.64881134,-,1403,-,-112.5328064,36.77602386,-76.03916931,7.45098066,24.60629845,24.23347664,-
Thu Nov 23 00:16:57 EST 2017,16:56.2,-76.03907746,36.77598075,11,4,-34.20000076,117.1,8.58081913,1.26413846,3.75410819,-0.01358212,-,16.86274529,0.0492408,0.94108468,-0.04685899,0.36078009,27.45098114,27.84313774,-,-,44.59999847,27.79761505,14.64881134,-,1406,-,-112.2047272,36.7759819,-76.03907776,7.45098066,24.60629845,24.23347664,4.12736702
Thu Nov 23 00:16:58 EST 2017,16:57.2,-76.03896847,36.77593928,11,4,-34.59999847,120.2,8.15943909,0.65122288,4.02225876,-0.02905522,-,16.86274529,-0.01837251,0.89422578,0.03904916,0.30220634,27.84313774,27.84313774,-,-,44.59999847,27.79761505,14.64881134,-,1406,-,-113.5170593,36.77593994,-76.03897095,7.45098066,24.60629845,24.23347664,4.12736702
Thu Nov 23 00:16:59 EST 2017,16:58.2,-76.03886895,36.77588265,10.75,4,-33.5,121.6,8.46589756,-0.11492168,4.25210238,0.00566155,-,16.86274529,0.00236227,0.93327487,0.0976229,0.25144243,27.84313774,27.84313774,-,-,44.59999847,27.79284286,14.64881134,-,1411,-,-109.9081345,36.77588272,-76.03887177,7.45098066,24.04706573,24.23347664,4.12736702
Thu Nov 23 00:17:00 EST 2017,16:59.2,-76.03875741,36.77582798,11.5,4,-32.5,119.3,8.65743351,1.11090958,3.79241538,-0.01688781,-,16.86274529,-0.0249543,0.89032084,0.04295408,0.29439652,27.84313774,27.84313774,-,-,44.59999847,27.79284286,14.64881134,-,1411,-,-106.6272965,36.77582932,-76.03875732,7.45098066,25.72476578,24.23347664,4.12736702
Thu Nov 23 00:17:01 EST 2017,17:00.2,-76.03865515,36.77578013,11.5,4,-33.09999847,118.1,8.54251194,1.53228903,3.94564438,-0.02943526,-,16.86274529,-0.09765625,0.81612742,0.1718163,0.24363261,27.45098114,27.84313774,-,-,44.59999847,27.79284286,14.64881134,-,1411,-,-108.5957947,36.77577972,-76.03865814,7.45098066,25.72476578,24.23347664,4.12736702
Thu Nov 23 00:17:02 EST 2017,17:01.2,-76.03854225,36.77573172,11.5,5,-33.20000076,118.1,7.69975281,2.87304211,4.48194551,-0.02163487,-,16.86274529,-0.07424347,0.82393724,0.22648512,0.25534737,27.45098114,27.84313774,-,-,44.59999847,27.79284286,14.64881134,-,1425,-,-108.9238892,36.77573013,-76.0385437,7.45098066,25.72476578,24.23347664,4.12736702
Thu Nov 23 00:17:03 EST 2017,17:02.2,-76.03841698,36.77567174,11.75,5,-33.59999847,120,7.58483076,3.63918662,4.13718033,-0.01489501,-,16.86274529,0.03063582,0.85517663,0.29677361,0.39201942,27.45098114,27.84313774,-,-,44.59999847,27.78891563,14.64881134,-,1425,-,-110.2362137,36.77567291,-76.038414,7.45098066,26.2840004,24.85484695,-
Thu Nov 23 00:17:04 EST 2017,17:03.2,-76.03833258,36.77562003,10.75,5,-34.59999847,125.8,7.54652357,3.75410819,3.33272886,-0.00545356,-,16.86274529,0.02784857,0.84736669,0.4373506,0.28268176,27.45098114,27.84313774,-,-,44.59999847,27.78891563,14.64881134,-,1425,-,-113.5170593,36.77561951,-76.03833008,7.45098066,24.04706573,24.85484695,-
Thu Nov 23 00:17:05 EST 2017,17:04.2,-76.03823414,36.77556297,10.75,8,-34.70000076,125.8,7.85298157,4.25210238,4.36702394,-0.00080133,-,16.86274529,0.01427944,0.82393724,0.42173091,0.31392109,27.45098114,27.84313774,-,-,44.59999847,27.78891563,14.64881134,-,1425,-,-113.8451462,36.77556229,-76.0382309,7.45098066,24.04706573,24.85484695,-
Thu Nov 23 00:17:06 EST 2017,17:05.2,-76.03816934,36.77545422,11.5,5,-32.79999924,140.9,7.69975281,3.48595762,4.13718033,0.00707733,-,16.86274529,-0.04257024,0.76145858,0.41001618,0.31001619,27.45098114,27.84313774,-,-,44.59999847,27.78891563,14.64881134,-,1425,-,-107.6115494,36.77545547,-76.03816986,7.45098066,25.72476578,24.85484695,-
Thu Nov 23 00:17:07 EST 2017,17:06.2,-76.0381069,36.77537272,11,4,-33.5,147.3,8.08282471,3.715801,4.13718033,0.01910073,-,16.86274529,-0.09585711,0.7575537,0.28505886,0.30220634,27.45098114,27.84313774,-,-,44.59999847,27.78891563,14.64881134,-,1425,-,-109.9081345,36.77537155,-76.03810883,7.45098066,24.60629845,24.85484695,-
Thu Nov 23 00:17:08 EST 2017,17:07.2,-76.03803167,36.7752967,10.75,3,-34.40000153,153.3,8.04451752,4.09887314,4.32871675,-0.02568474,-,16.86274529,-0.05267197,0.78879303,0.417826,0.21629821,27.45098114,27.84313774,-,-,44.59999847,27.78891563,14.64881134,-,1425,-,-112.8609009,36.77529526,-76.03803253,7.45098066,24.04706573,24.85484695,-
Thu Nov 23 00:17:09 EST 2017,17:08.2,-76.03798454,36.77521181,11,3,-32.90000153,158.5,7.77636719,4.97993946,3.48595762,-0.01743005,-,16.86274529,-0.03020312,0.78488815,0.3904916,0.31392109,27.45098114,27.84313774,-,-,44.59999847,27.78891563,14.64881134,-,1425,-,-107.9396362,36.77521133,-76.03798676,7.45098066,24.60629845,24.85484695,-
Thu Nov 23 00:17:10 EST 2017,17:09.2,-76.03796147,36.77511977,10.75,3,-33,164.5,7.46990919,3.48595762,4.13718033,-0.02926798,-,16.86274529,-0.07798432,0.75364876,0.35925224,0.29049161,27.45098114,27.84313774,-,-,44.59999847,27.78891563,14.64881134,-,1425,-,-108.2677155,36.77511978,-76.03796387,7.45098066,24.04706573,24.85484695,-
Thu Nov 23 00:17:11 EST 2017,17:10.2,-76.03792607,36.77501272,11,3,-32.79999924,168.5,7.58483076,4.44363832,2.98796368,-0.03455925,-,16.86274529,0.04829512,0.84736669,0.38658667,0.38030469,24.70588303,25.09803963,-,-,44.59999847,27.78891563,14.64881134,-,1425,-,-107.6115494,36.77501297,-76.03792572,7.45098066,24.60629845,24.85484695,-
Thu Nov 23 00:17:12 EST 2017,17:11.2,-76.03790373,36.77491456,10.75,3,-34.20000076,173.5,6.7803793,3.44765043,3.94564438,-0.00444285,-,14.90196133,-0.08096804,0.78098321,0.32410803,0.25925228,24.70588303,25.09803963,-,-,44.59999847,27.78334045,14.64881134,-,1380,-,-112.2047272,36.77491379,-76.03790283,5.09803915,24.04706573,23.61210442,-
Thu Nov 23 00:17:13 EST 2017,17:12.2,-76.03789975,36.77481255,10.75,3,-33.09999847,179.6,8.00621033,4.06056595,3.56257224,-0.00908835,-,14.90196133,0.00410381,0.80050778,0.47249481,0.27877685,24.70588303,25.09803963,-,-,44.59999847,27.77777672,14.64881134,-,1353,-,-108.5957947,36.77481079,-76.03790283,5.09803915,24.04706573,23.61210442,-
Thu Nov 23 00:17:14 EST 2017,17:13.2,-76.03790708,36.77471341,10.5,3,-32.59999847,186.3,8.15943909,2.9113493,4.44363832,-0.00075722,-,14.90196133,0.05330497,0.86689138,0.37096703,0.36858991,24.70588303,25.09803963,-,-,44.59999847,27.77140236,14.64881134,-,1353,-,-106.9553757,36.77471161,-76.03791046,5.09803915,23.48783112,22.9907341,-
Thu Nov 23 00:17:15 EST 2017,17:14.2,-76.03791784,36.77462224,10.5,3,-33.20000076,190,8.1211319,2.94965649,4.02225876,-0.01132021,-,14.90196133,0.0756596,0.95279956,0.28896379,0.30611128,24.70588303,25.09803963,-,-,44.59999847,27.77140236,14.64881134,-,1353,-,-108.9238892,36.77462387,-76.03791809,5.09803915,23.48783112,22.9907341,-
Thu Nov 23 00:17:16 EST 2017,17:15.2,-76.03794102,36.77453011,10.5,3,-33.29999924,194.2,7.66144562,4.40533113,4.48194551,0.02911359,-,14.90196133,-0.14472748,0.71459961,0.37877685,0.17724904,24.70588303,25.09803963,-,-,44.59999847,27.77140236,14.64881134,-,1353,-,-109.2519684,36.7745285,-76.03794098,5.09803915,23.48783112,22.9907341,-
Thu Nov 23 00:17:17 EST 2017,17:16.2,-76.03798669,36.77444125,10.75,3,-35.5,198,7.20175886,3.79241538,3.33272886,-0.02613405,-,14.90196133,-0.01914227,0.81612742,0.417826,0.24753754,24.31372643,24.70588303,-,-,44.59999847,27.76504517,14.64881134,-,1329,-,-116.4698181,36.77444077,-76.03798676,6.66666698,24.04706573,22.9907341,-
Thu Nov 23 00:17:18 EST 2017,17:17.2,-76.03804021,36.77435296,10.5,3,-36,204,6.24407816,2.68150592,1.99197578,-0.01556232,-,14.90196133,-0.08369493,0.85908157,0.23429495,0.1147704,24.31372643,24.70588303,-,-,44.59999847,27.76504517,14.64881134,-,1329,-,-118.1102371,36.77435303,-76.03804016,6.66666698,23.48783112,22.9907341,-
Thu Nov 23 00:17:19 EST 2017,17:18.2,-76.03809418,36.7742695,10.5,3,-35.70000076,207.6,8.38928318,3.29442143,4.67348194,-0.00383564,-,14.90196133,-0.08208112,0.81612742,0.24600971,0.23972771,24.31372643,24.70588303,-,-,44.59999847,27.76504517,14.64881134,-,1329,-,-117.1259842,36.7742691,-76.03809357,6.66666698,23.48783112,22.9907341,-
Thu Nov 23 00:17:20 EST 2017,17:19.2,-76.0381437,36.77419252,10.5,3,-35.79999924,212.8,8.46589756,2.22181916,4.55855989,-0.045038,-,14.90196133,-0.09974708,0.82393724,0.24600971,0.1655343,24.31372643,24.70588303,-,-,44.59999847,27.76504517,14.64881134,-,1329,-,-117.4540634,36.77419281,-76.03814697,6.66666698,23.48783112,22.9907341,-
Thu Nov 23 00:17:21 EST 2017,17:20.2,-76.03821718,36.77411571,10.75,3,-36.20000076,215.4,7.85298157,1.53228903,3.60087943,-0.00381701,-,16.47058868,-0.0356941,0.88641596,0.09371798,0.26706213,24.31372643,24.70588303,-,-,44.59999847,27.76504517,14.64881134,-,1329,-,-118.7664032,36.77411652,-76.03821564,6.66666698,24.04706573,22.9907341,-
Thu Nov 23 00:17:22 EST 2017,17:21.2,-76.03828828,36.77403702,10.75,3,-35.90000153,218.3,8.54251194,1.72382522,4.63517427,0.00186922,-,16.47058868,0.00531121,0.88641596,0.1718163,0.34125552,26.66666794,24.70588303,-,-,44.59999847,27.75952911,14.64881134,-,1369,-,-117.7821579,36.77403641,-76.03829193,7.05882359,24.04706573,23.61210442,-
Thu Nov 23 00:17:23 EST 2017,17:22.2,-76.03836048,36.77396451,11,3,-34.70000076,220.3,8.88727665,1.07260239,4.21379519,0.00557464,-,16.47058868,-0.00873567,0.88251102,0.21086545,0.29830143,26.66666794,24.70588303,-,-,44.59999847,27.75952911,14.64881134,-,1369,-,-113.8451462,36.77396393,-76.0383606,7.05882359,24.60629845,23.61210442,-
Thu Nov 23 00:17:24 EST 2017,17:23.2,-76.03844197,36.77389281,10.75,3,-34.79999924,222,8.08282471,3.02627087,4.36702394,-0.03132172,-,16.47058868,-0.09134546,0.80050778,0.22258021,0.26706213,26.66666794,27.05882454,-,-,44.59999847,27.75485611,14.64881134,-,1390,-,-114.1732254,36.77389145,-76.03844452,7.05882359,24.04706573,24.23347664,-
Thu Nov 23 00:17:25 EST 2017,17:24.2,-76.03852695,36.77382079,11,3,-35.09999847,223.3,8.15943909,1.07260239,4.40533113,0.00889265,-,16.47058868,0.0841164,0.95670444,0.17962612,0.37639979,26.66666794,27.05882454,-,-,44.59999847,27.75485611,14.64881134,-,1390,-,-115.1574783,36.77381897,-76.03852844,7.05882359,24.60629845,24.23347664,-
Thu Nov 23 00:17:26 EST 2017,17:25.2,-76.03861674,36.77375209,10.75,3,-35.5,226.6,8.50420475,1.8770541,4.13718033,-0.02173077,-,16.47058868,-0.05267191,0.85517663,0.14838681,0.27877685,26.66666794,27.05882454,-,-,44.59999847,27.75485611,14.64881134,-,1390,-,-116.4698181,36.77375031,-76.03862,7.05882359,24.04706573,24.23347664,-
Thu Nov 23 00:17:27 EST 2017,17:26.2,-76.03871348,36.77368224,11,3,-36.20000076,227.7,9.50019264,1.37906015,3.79241538,0.02685839,-,16.47058868,-0.01297789,0.88641596,0.17962612,0.29439652,26.66666794,27.05882454,-,-,44.59999847,27.75485611,14.64881134,-,1396,-,-118.7664032,36.77368164,-76.03871155,7.05882359,24.60629845,24.23347664,-
Thu Nov 23 00:17:28 EST 2017,17:27.2,-76.03881302,36.77361824,11,3,-36.09999847,231.5,6.74207211,1.68551803,3.37103605,-0.01137974,-,16.47058868,0.00110565,0.88641596,0.21086545,0.31392109,26.66666794,27.05882454,-,-,44.59999847,27.75019073,14.64881134,-,1406,-,-118.4383164,36.77361679,-76.03881073,7.05882359,24.60629845,24.23347664,-
Thu Nov 23 00:17:29 EST 2017,17:28.2,-76.03890997,36.7735562,11,4,-35.5,231.5,8.1211319,2.10689759,3.29442143,-0.02730182,-,16.47058868,-0.04423708,0.85517663,0.12886222,0.30611128,26.66666794,27.05882454,-,-,44.59999847,27.75019073,14.64881134,-,1406,-,-116.4698181,36.77355576,-76.03890991,7.05882359,24.60629845,24.23347664,-
Thu Nov 23 00:17:30 EST 2017,17:29.2,-76.03902004,36.77350101,11,3,-36,234.9,8.50420475,2.33674097,4.8267107,-0.01056247,-,16.47058868,-0.00777405,0.87860614,0.11714748,0.34516042,26.66666794,27.05882454,-,-,44.59999847,27.75019073,14.64881134,-,1406,-,-118.1102371,36.77350235,-76.03901672,7.05882359,24.60629845,24.23347664,-
Thu Nov 23 00:17:31 EST 2017,17:30.2,-76.0391299,36.7734498,11,3,-35.40000153,238.3,8.04451752,1.37906015,3.48595762,0.00036061,-,16.47058868,-0.03236897,0.89032084,0.10543273,0.26315722,26.66666794,27.05882454,-,-,44.59999847,27.75019073,14.64881134,-,1406,-,-116.1417389,36.77344894,-76.03913116,7.05882359,24.60629845,24.23347664,-
Thu Nov 23 00:17:32 EST 2017,17:31.2,-76.03923963,36.77340249,11,3,-35.90000153,239.2,8.6957407,-0.84275901,5.20978308,-0.00813366,-,16.47058868,0.02367608,0.95279956,0.10152781,0.25925228,26.66666794,27.05882454,-,-,44.59999847,27.75019073,14.64881134,-,1406,-,-117.7821579,36.77340317,-76.03923798,6.66666698,24.60629845,24.23347664,-
Thu Nov 23 00:17:33 EST 2017,17:32.2,-76.03934633,36.77336339,10.75,3,-36.59999847,240.9,8.6957407,-0.38307226,3.75410819,0.02141319,-,16.47058868,-0.03139959,0.86298645,-0.03904916,0.33735061,26.66666794,27.05882454,-,-,44.59999847,27.75019073,14.64881134,-,1406,-,-120.0787354,36.77336502,-76.03934479,6.66666698,24.04706573,24.23347664,-
Thu Nov 23 00:17:34 EST 2017,17:33.2,-76.03945241,36.77331587,10.75,6,-36.59999847,240.9,8.77235508,0.30645782,4.175488,0.00984889,-,16.47058868,-0.03714301,0.86689138,-0.01952458,0.317826,26.66666794,27.05882454,-,-,44.59999847,27.75019073,14.64881134,-,1406,-,-120.0787354,36.77331543,-76.0394516,6.66666698,24.04706573,24.23347664,-
Thu Nov 23 00:17:35 EST 2017,17:34.2,-76.03954854,36.7732659,11,3,-36.79999924,241.9,8.6957407,-0.80445176,3.60087943,0.01754912,-,16.47058868,-0.00016786,0.90984541,-0.12495731,0.29439652,26.66666794,27.05882454,-,-,44.59999847,27.74553871,14.64881134,-,1415,-,-120.7349091,36.77326584,-76.03955078,6.66666698,24.60629845,24.23347664,6.52751684
Thu Nov 23 00:17:36 EST 2017,17:35.2,-76.03965105,36.77320419,10.75,3,-38.70000076,239.2,8.73404789,-1.49398184,3.98395157,-0.00046291,-,14.90196133,-0.08365335,0.8083176,-0.03514424,0.32954079,24.31372643,24.31372643,-,-,44.59999847,27.74553871,14.64881134,-,1371,-,-126.9685059,36.7732048,-76.03964996,5.09803915,24.04706573,24.23347664,6.52751684
Thu Nov 23 00:17:37 EST 2017,17:36.2,-76.03975026,36.77315252,10.75,3,-39.40000153,237.7,8.46589756,-0.80445176,4.29040956,0.01249063,-,14.90196133,-0.09944204,0.80050778,-0.03904916,0.31001619,24.31372643,24.31372643,-,-,44.59999847,27.73545265,14.64881134,-,1365,-,-129.2650909,36.7731514,-76.03974915,5.09803915,24.04706573,23.61210442,6.52751684
Thu Nov 23 00:17:38 EST 2017,17:37.2,-76.03984487,36.7730995,10.75,3,-39.09999847,235.3,8.54251194,-2.10689759,4.55855989,0.0291211,-,14.90196133,0.03419029,0.90984541,-0.20696054,0.34516042,24.31372643,24.31372643,-,-,44.59999847,27.73545265,14.64881134,-,1365,-,-128.280838,36.77309799,-76.03984833,5.09803915,24.04706573,23.61210442,6.52751684
Thu Nov 23 00:17:39 EST 2017,17:38.2,-76.03994382,36.77304437,10.75,5,-39.20000076,235.3,8.1211319,-2.10689759,4.67348194,0.04427119,-,14.90196133,0.1166547,0.91375035,-0.47249481,0.3334457,24.31372643,24.31372643,-,-,44.59999847,27.72920227,14.64881134,-,1338,-,-128.6089325,36.77304459,-76.03994751,5.09803915,24.04706573,22.9907341,-
Thu Nov 23 00:17:40 EST 2017,17:39.2,-76.04003162,36.77298464,10.25,3,-39,228.4,8.38928318,-3.21780705,4.175488,0.01063932,-,14.90196133,0.01390324,0.83955687,-0.34753752,0.34906533,24.31372643,24.31372643,-,-,44.59999847,27.72920227,14.64881134,-,1338,-,-127.9527588,36.77298355,-76.04003143,5.09803915,22.9285965,22.9907341,-
Thu Nov 23 00:17:41 EST 2017,17:40.2,-76.04010825,36.77293206,10,3,-39.29999924,223.8,8.46589756,-2.56658411,3.94564438,0.01044413,-,14.90196133,-0.00281157,0.8747012,-0.29677361,0.27487195,24.31372643,24.31372643,-,-,44.59999847,27.72920227,14.64881134,-,1338,-,-128.9370117,36.77293396,-76.04010773,5.09803915,22.36936378,22.9907341,-
Thu Nov 23 00:17:42 EST 2017,17:41.2,-76.04019314,36.77286549,9.75,3,-38.5,222.1,8.81066227,-2.14520478,5.40131903,0.09492308,-,14.50980377,-0.07651255,0.85517663,-0.19915071,0.18505886,24.31372643,24.31372643,-,-,44.59999847,27.72920227,14.64881134,-,1338,-,-126.3123398,36.7728653,-76.04019165,4.70588255,21.81012726,22.9907341,-
Thu Nov 23 00:17:43 EST 2017,17:42.2,-76.04026081,36.77280216,9.5,3,-39.09999847,220.2,8.84896946,-1.64721072,3.98395157,0.01487325,-,14.50980377,-0.00221496,0.88251102,-0.16791138,0.3334457,24.31372643,24.31372643,-,-,44.59999847,27.72920227,14.64881134,-,1338,-,-128.280838,36.77280045,-76.04026031,4.70588255,21.25089455,22.9907341,-
Thu Nov 23 00:17:44 EST 2017,17:43.2,-76.04032863,36.77273761,9.5,5,-38.90000153,220.2,9.00219822,-0.5363012,4.78840351,-0.0003017,-,14.50980377,-0.04923924,0.86298645,-0.1718163,0.25925228,24.31372643,24.31372643,-,-,44.59999847,27.72920227,14.64881134,-,1338,-,-127.6246796,36.77273941,-76.04032898,4.70588255,21.25089455,22.9907341,-
Thu Nov 23 00:17:45 EST 2017,17:44.2,-76.04038551,36.77266397,9.75,3,-39.40000153,212.9,8.73404789,-1.8770541,3.67749381,-0.01019053,-,14.50980377,0.03713696,0.87079626,-0.20696054,0.42325872,24.31372643,24.31372643,-,-,44.59999847,27.72920227,14.64881134,-,1338,-,-129.2650909,36.77266312,-76.04038239,4.70588255,21.81012726,22.9907341,-
Thu Nov 23 00:17:46 EST 2017,17:45.2,-76.04044149,36.77258788,9.5,3,-38.79999924,212.1,8.19774628,-1.53228903,3.29442143,0.01007086,-,14.50980377,-0.0437264,0.81612742,-0.16791138,0.36858991,24.31372643,24.31372643,-,-,44.59999847,27.72920227,14.64881134,-,1226,-,-127.2965851,36.77258682,-76.04044342,4.70588255,21.25089455,22.9907341,-
Thu Nov 23 00:17:47 EST 2017,17:46.2,-76.04048947,36.77251715,9,3,-39.40000153,208.2,7.89128876,-1.9153614,3.21780705,-0.00809203,-,14.50980377,0.09610517,0.92156017,-0.23819989,0.44278333,24.31372643,24.31372643,-,-,44.59999847,27.72920227,14.64881134,-,1226,-,-129.2650909,36.77251816,-76.0404892,4.70588255,20.13242531,22.9907341,-
Thu Nov 23 00:17:48 EST 2017,17:47.2,-76.04053089,36.77244762,9,3,-38.70000076,206.7,8.73404789,-2.10689759,4.48194551,0.02725798,-,14.50980377,0.04293216,0.89032084,-0.27334413,0.36858991,24.31372643,24.31372643,-,-,44.59999847,27.72920227,14.64881134,-,1226,-,-126.9685059,36.77244949,-76.04052734,4.70588255,20.13242531,22.9907341,-
Thu Nov 23 00:17:49 EST 2017,17:48.2,-76.04057068,36.77236584,9.25,3,-39.79999924,204.8,8.77235508,-1.11090958,4.175488,0.03222289,-,14.50980377,-0.03835614,0.8747012,-0.01952458,0.29830143,24.31372643,24.31372643,-,-,44.59999847,27.72920227,14.64881134,-,1226,-,-130.5774231,36.77236557,-76.04057312,4.70588255,20.69165993,22.9907341,-
Thu Nov 23 00:17:50 EST 2017,17:49.2,-76.04060426,36.77228546,9,3,-40.09999847,203.3,9.19373417,-0.15322891,3.86903,-0.01193821,-,14.50980377,-0.02594071,0.89813066,0.03123933,0.27487195,24.31372643,24.31372643,-,-,44.59999847,27.72920227,14.64881134,-,1226,-,-131.561676,36.77228546,-76.04060364,4.70588255,20.13242531,22.9907341,-
Thu Nov 23 00:17:51 EST 2017,17:50.2,-76.0406378,36.77221219,9,3,-41.40000153,202.1,9.38527107,1.14921677,4.09887314,0.06951672,-,15.29411793,0.03663662,0.97232407,0.04685899,0.25534737,24.31372643,24.31372643,-,-,44.59999847,27.70940018,14.64881134,-,1172,-,-135.8267822,36.77221298,-76.04063416,5.49019623,20.13242531,19.88387871,-
Thu Nov 23 00:17:52 EST 2017,17:51.2,-76.04068166,36.77213314,9.25,3,-41.5,205.1,8.04451752,2.83473492,3.75410819,-0.024557,-,15.29411793,-0.05797803,0.81222248,0.26162934,0.29830143,25.09803963,25.49019623,-,-,44.59999847,27.70940018,14.64881134,-,1178,-,-136.1548615,36.77213287,-76.04067993,5.49019623,20.69165993,19.88387871,-
Thu Nov 23 00:17:53 EST 2017,17:52.2,-76.04072623,36.77205478,9.25,3,-40.70000076,205.7,7.69975281,2.9113493,3.75410819,-0.02200402,-,15.29411793,-0.04667491,0.81612742,0.28896379,0.29830143,25.09803963,25.49019623,-,-,44.59999847,27.69994354,14.64881134,-,1178,-,-133.5301819,36.77205658,-76.04072571,5.49019623,20.69165993,20.50524902,-
Thu Nov 23 00:17:54 EST 2017,17:53.2,-76.0407773,36.77198405,9.25,3,-41.20000076,211.1,7.62313843,3.86903,3.37103605,-0.0316546,-,15.29411793,-0.02087056,0.82784218,0.38268176,0.25534737,25.09803963,25.49019623,-,-,44.59999847,27.69994354,14.64881134,-,1178,-,-135.1706085,36.7719841,-76.04077911,5.49019623,20.69165993,20.50524902,-
Thu Nov 23 00:17:55 EST 2017,17:54.2,-76.0408363,36.77191438,9.5,3,-40.40000153,214.5,8.08282471,2.18351197,4.25210238,-0.0237698,-,15.29411793,-0.0616947,0.80050778,0.25381953,0.317826,25.09803963,25.09803963,-,-,44.59999847,27.68970299,14.64881134,-,1170,-,-132.5459442,36.77191544,-76.04083252,5.49019623,21.25089455,19.88387871,-
Thu Nov 23 00:17:56 EST 2017,17:55.2,-76.04089148,36.77184589,9.25,3,-40,217.5,8.35097599,2.48996973,3.21780705,-0.01972478,-,18.4313736,-0.04557919,0.84346181,0.26943922,0.25534737,25.09803963,25.09803963,-,-,44.59999847,27.67948341,14.64881134,-,1173,-,-131.2335968,36.77184677,-76.04089355,8.62745094,20.69165993,19.88387871,-
Thu Nov 23 00:17:57 EST 2017,17:56.2,-76.0409594,36.77178179,9.25,3,-40.09999847,218.8,7.85298157,3.10288548,3.40934324,-0.01940577,-,18.8235302,0.09807327,0.95279956,0.25772443,0.38030469,31.37254906,31.76470566,-,-,44.59999847,27.66156387,14.64881134,-,1211,-,-131.561676,36.77178192,-76.04096222,9.4117651,20.69165993,21.12662125,53.61349487
Thu Nov 23 00:17:58 EST 2017,17:57.2,-76.0410333,36.77171842,9.75,3,-40,223.1,8.31266785,2.03028297,3.94564438,-0.01536973,-,18.8235302,0.01497876,0.87860614,0.32410803,0.29049161,31.37254906,31.37254906,-,-,44.59999847,27.65304184,14.64881134,-,1247,-,-131.2335968,36.77171707,-76.04103088,9.4117651,21.81012726,21.74799156,31.2564621
Thu Nov 23 00:17:59 EST 2017,17:58.2,-76.04111359,36.77165944,10,3,-40.09999847,226.6,7.66144562,2.94965649,3.79241538,-0.05915856,-,18.03921509,-0.06414533,0.80050778,0.32020313,0.26315722,29.80392265,29.80392265,-,-,44.59999847,27.64535522,14.64881134,-,1277,-,-131.561676,36.77165985,-76.04111481,8.62745094,22.36936378,21.74799156,31.2564621
Thu Nov 23 00:18:00 EST 2017,17:59.2,-76.04120334,36.77159632,10.25,3,-40.5,230.4,8.6957407,2.60489154,2.83473492,0.01700591,-,18.03921509,0.0000686,0.84346181,0.42173091,0.23191786,29.80392265,29.80392265,-,-,44.59999847,27.63768578,14.64881134,-,1277,-,-132.8740234,36.771595,-76.04120636,9.01960754,22.9285965,21.74799156,31.2564621
Thu Nov 23 00:18:01 EST 2017,18:00.2,-76.04128259,36.77153456,10,3,-40.40000153,232.2,8.61912632,3.67749381,2.56658411,-0.01814059,-,18.03921509,0.01235958,0.86298645,0.28505886,0.34516042,29.80392265,29.80392265,-,-,44.59999847,27.63084412,14.64881134,-,1316,-,-132.5459442,36.77153397,-76.04128265,9.01960754,22.36936378,22.36936378,31.2564621
Thu Nov 23 00:18:02 EST 2017,18:01.2,-76.04137401,36.7714821,10.5,3,-40.09999847,236.6,8.6957407,2.87304211,3.63918662,-0.02403138,-,18.03921509,0.00144097,0.86689138,0.2928687,0.30611128,29.80392265,29.80392265,-,-,44.59999847,27.63084412,14.64881134,-,1329,-,-131.561676,36.77148056,-76.04137421,9.01960754,23.48783112,22.36936378,31.2564621
Thu Nov 23 00:18:03 EST 2017,18:02.2,-76.04147139,36.77143053,10.5,4,-40,236.6,8.38928318,2.60489154,4.36702394,0.0020093,-,16.47058868,-0.04615491,0.83955687,0.23429495,0.28658667,24.70588303,25.09803963,-,-,44.59999847,27.62043381,14.64881134,-,1360,-,-131.2335968,36.77143097,-76.04147339,8.23529434,23.48783112,23.61210442,42.94559097
Thu Nov 23 00:18:04 EST 2017,18:03.2,-76.04158715,36.77139085,10.75,3,-40.70000076,243.4,7.96790314,2.48996973,4.21379519,-0.02777654,-,15.29411793,-0.00690551,0.86298645,0.28115395,0.30220634,24.70588303,25.09803963,-,-,44.59999847,27.62043381,14.64881134,-,1363,-,-133.5301819,36.77138901,-76.04158783,5.49019623,24.04706573,23.61210442,42.94559097
Thu Nov 23 00:18:05 EST 2017,18:04.2,-76.04169991,36.77134985,10.5,3,-41.20000076,246.5,7.92959595,2.33674097,3.79241538,-0.0003973,-,15.29411793,-0.02213373,0.83955687,0.30848834,0.29439652,24.70588303,25.09803963,-,-,44.59999847,27.61524773,14.64881134,-,1363,-,-135.1706085,36.77135086,-76.04170227,5.49019623,23.48783112,23.61210442,42.94559097
Thu Nov 23 00:18:06 EST 2017,18:05.2,-76.04179958,36.77132109,10.5,3,-43.09999847,248.8,8.6957407,2.71981311,4.29040956,-0.00218901,-,15.29411793,-0.06679042,0.75364876,0.37487194,0.30220634,24.70588303,25.09803963,-,-,44.59999847,27.61524773,14.64881134,-,1363,-,-141.4041901,36.77132034,-76.04180145,5.49019623,23.48783112,23.61210442,42.94559097
Thu Nov 23 00:18:07 EST 2017,18:06.2,-76.04191506,36.77129868,10.5,3,-42.79999924,254.7,5.66946983,3.98395157,3.94564438,0.03746929,-,14.90196133,0.0689787,0.98794377,0.2186753,0.24363261,24.70588303,25.09803963,-,-,44.59999847,27.60411453,14.64881134,-,1341,-,-140.4199524,36.77129745,-76.04191589,5.49019623,23.48783112,22.9907341,-
Thu Nov 23 00:18:08 EST 2017,18:07.2,-76.0420306,36.7712835,10.5,3,-42.5,257.2,8.27436066,3.10288548,2.98796368,-0.01683979,-,15.29411793,-0.06986126,0.78488815,0.32410803,0.27877685,25.09803963,25.09803963,-,-,44.59999847,27.59816933,14.64881134,-,1330,-,-139.4356995,36.7712822,-76.04203033,5.49019623,23.48783112,22.9907341,-
Thu Nov 23 00:18:09 EST 2017,18:08.2,-76.04214613,36.77126671,10,3,-42.70000076,261.8,7.58483076,2.48996973,3.94564438,-0.07326037,-,15.29411793,-0.01201215,0.89422578,0.22258021,0.25534737,25.09803963,25.09803963,-,-,44.59999847,27.5914402,14.64881134,-,1313,-,-140.0918732,36.77126694,-76.04214478,5.49019623,22.36936378,22.36936378,-
Thu Nov 23 00:18:10 EST 2017,18:09.2,-76.04225829,36.77125379,10,4,-42.79999924,261.8,7.96790314,2.45166254,3.86903,-0.01341814,-,15.29411793,-0.12301425,0.74974388,0.2186753,0.29830143,25.09803963,25.09803963,-,-,44.59999847,27.58472633,14.64881134,-,1303,-,-140.4199524,36.77125549,-76.04225922,5.49019623,22.36936378,22.36936378,-
Thu Nov 23 00:18:11 EST 2017,18:10.2,-76.04237036,36.77125477,10.25,3,-42.90000153,267.5,8.96389103,1.18752408,4.94163227,0.03973824,-,15.29411793,0.13667847,0.98794377,0.27724904,0.38811451,25.09803963,25.09803963,-,-,44.59999847,27.57803345,14.64881134,-,1295,-,-140.7480316,36.77125549,-76.04237366,5.49019623,22.9285965,22.36936378,-
Thu Nov 23 00:18:12 EST 2017,18:11.2,-76.04247508,36.77125561,10,3,-44.20000076,269.8,8.84896946,1.07260239,4.25210238,-0.00037617,-,15.29411793,-0.1181473,0.79660285,0.07028849,0.27096704,25.09803963,25.09803963,-,-,44.59999847,27.57055855,14.64881134,-,1285,-,-145.0131226,36.77125549,-76.04247284,5.49019623,22.36936378,21.74799156,-
Thu Nov 23 00:18:13 EST 2017,18:12.2,-76.04258743,36.77125526,10,5,-44.59999847,269.8,8.42759037,0.76614451,3.715801,-0.0388788,-,15.29411793,-0.02277366,0.88251102,0.11714748,0.30220634,25.09803963,25.09803963,-,-,44.59999847,27.56310272,14.64881134,-,1283,-,-146.3254547,36.77125549,-76.04258728,5.49019623,22.36936378,21.74799156,-
Thu Nov 23 00:18:14 EST 2017,18:13.2,-76.04269743,36.77125283,10,3,-44.70000076,270.4,9.04050541,1.34075296,3.90733719,-0.00922125,-,15.29411793,-0.09809602,0.81222248,0.08200324,0.28268176,25.09803963,25.09803963,-,-,44.59999847,27.56310272,14.64881134,-,1283,-,-146.6535492,36.77125168,-76.04269409,5.49019623,22.36936378,21.74799156,-
Thu Nov 23 00:18:15 EST 2017,18:14.2,-76.04280899,36.77125352,10,5,-44.90000153,270.4,8.46589756,1.34075296,4.44363832,-0.00229908,-,15.29411793,0.01287941,0.90984541,0.0976229,0.3334457,25.09803963,25.09803963,-,-,44.59999847,27.56310272,14.64881134,-,1283,-,-147.3097229,36.77125168,-76.04280853,5.49019623,22.36936378,21.74799156,-
Thu Nov 23 00:18:16 EST 2017,18:15.2,-76.04292895,36.77125518,10,3,-43.59999847,272.7,8.73404789,0,4.97993946,0.01984942,-,15.29411793,-0.04920714,0.86298645,0,0.29830143,25.09803963,25.09803963,-,-,44.59999847,27.55646324,14.64881134,-,1281,-,-143.0446167,36.77125549,-76.0429306,5.49019623,22.36936378,22.36936378,-
Thu Nov 23 00:18:17 EST 2017,18:16.2,-76.04304275,36.77125759,10,3,-43.59999847,273.8,6.66545773,0.15322891,4.48194551,-0.1620748,-,15.29411793,0.0132936,0.98013395,-0.03123933,0.15381955,25.09803963,25.09803963,-,-,44.59999847,27.55646324,14.64881134,-,1281,-,-143.0446167,36.77125931,-76.04304504,5.88235283,22.36936378,22.36936378,-
Thu Nov 23 00:18:18 EST 2017,18:17.2,-76.04315178,36.77125875,10,3,-43.59999847,272.4,6.85699368,5.24809027,4.29040956,-0.01143594,-,15.29411793,-0.03272384,0.71459961,0.51544887,0.29830143,25.09803963,25.09803963,-,-,44.59999847,27.55646324,14.64881134,-,1289,-,-143.0446167,36.77125931,-76.04315186,5.88235283,22.36936378,22.36936378,-
Thu Nov 23 00:18:19 EST 2017,18:18.2,-76.04325939,36.77126531,9.75,3,-43.40000153,277.3,5.5162406,5.82269859,4.06056595,-0.07121792,-,14.50980377,-0.1186752,0.55449808,0.57792759,0.26706213,22.74509811,22.74509811,-,-,44.59999847,27.54085159,14.64881134,-,1250,-,-142.3884583,36.77126694,-76.04325867,4.70588255,21.81012726,21.12662125,-
Thu Nov 23 00:18:20 EST 2017,18:19.2,-76.04337186,36.77129776,9.75,3,-42.20000076,282.7,6.24407816,6.81868649,3.63918662,-0.02902059,-,14.50980377,-0.12248372,0.54278332,0.53887844,0.32954079,23.13725471,23.52941132,-,-,44.59999847,27.53268051,14.64881134,-,1229,-,-138.4514465,36.77129745,-76.04337311,4.70588255,21.81012726,21.12662125,-
Thu Nov 23 00:18:21 EST 2017,18:20.2,-76.04346302,36.77132685,9.75,3,-43,294.3,6.7803793,5.63116217,4.40533113,-0.00401744,-,14.50980377,-0.04371841,0.56621277,0.68336034,0.25534737,23.13725471,23.52941132,-,-,44.59999847,27.53268051,14.64881134,-,1229,-,-141.0761108,36.77132797,-76.04346466,4.70588255,21.81012726,21.12662125,-
Thu Nov 23 00:18:22 EST 2017,18:21.2,-76.04356266,36.77137208,9.5,3,-42.59999847,304.1,8.42759037,2.64319873,3.40934324,-0.00942956,-,14.50980377,0.00525803,0.83174706,0.37877685,0.317826,23.13725471,23.52941132,-,-,44.59999847,27.53268051,14.64881134,-,1229,-,-139.7637787,36.77137375,-76.04356384,4.70588255,21.25089455,21.12662125,-
Thu Nov 23 00:18:23 EST 2017,18:22.2,-76.04364425,36.7714144,9.5,3,-43.79999924,308.2,7.81467438,-0.68953007,2.29843354,-0.0175525,-,14.50980377,-0.07848094,0.8747012,-0.00390492,0.1889638,23.13725471,23.52941132,-,-,44.59999847,27.53268051,14.64881134,-,1229,-,-143.7007904,36.77141571,-76.04364777,4.70588255,21.25089455,21.12662125,-
Thu Nov 23 00:18:24 EST 2017,18:23.2,-76.0437266,36.77146822,9.75,3,-43.70000076,308.7,8.96389103,0.72783732,4.25210238,0.01264965,-,14.50980377,0.02498684,0.9371798,-0.01561966,0.31392109,23.13725471,23.52941132,-,-,44.59999847,27.52532196,14.64881134,-,1251,-,-143.3727112,36.77146912,-76.04372406,4.70588255,21.81012726,21.74799156,-
Thu Nov 23 00:18:25 EST 2017,18:24.2,-76.0438144,36.77152471,10,3,-43.59999847,308.8,8.27436066,0.38307226,3.75410819,-0.02466528,-,17.64705849,-0.0513842,0.86298645,0.08981306,0.28268176,28.62745094,25.88235283,-,-,44.59999847,27.51798058,14.64881134,-,1266,-,-143.0446167,36.77152634,-76.04381561,8.23529434,22.36936378,21.74799156,-
Thu Nov 23 00:18:26 EST 2017,18:25.2,-76.0439025,36.77158639,10,3,-43.70000076,313,8.38928318,0.38307226,4.78840351,-0.01026802,-,15.29411793,0.03158287,0.92546505,0.09371798,0.34516042,24.70588303,25.88235283,-,-,44.59999847,27.51798058,14.64881134,-,1266,-,-143.3727112,36.77158737,-76.04389954,5.49019623,22.36936378,21.74799156,-
Thu Nov 23 00:18:27 EST 2017,18:26.2,-76.04398935,36.77164324,9.75,3,-43.70000076,310.5,8.42759037,1.68551803,4.13718033,0.00857703,-,15.29411793,-0.02743788,0.87079626,0.14838681,0.30611128,24.70588303,24.70588303,-,-,44.59999847,27.50986862,14.64881134,-,1236,-,-143.3727112,36.77164459,-76.04399109,5.49019623,21.81012726,21.12662125,-
Thu Nov 23 00:18:28 EST 2017,18:27.2,-76.04406862,36.77169944,9.5,3,-44.20000076,311.7,7.89128876,3.90733719,3.86903,-0.01591303,-,15.29411793,-0.02634025,0.8083176,0.35925224,0.30611128,24.70588303,24.70588303,-,-,44.59999847,27.50177956,14.64881134,-,1215,-,-145.0131226,36.771698,-76.04406738,5.49019623,21.25089455,21.12662125,-
Thu Nov 23 00:18:29 EST 2017,18:28.2,-76.04414636,36.77175637,9.5,3,-43.70000076,313.2,8.00621033,5.36301184,3.25611424,-0.00132456,-,15.29411793,-0.1676387,0.62478656,0.38268176,0.29439652,24.70588303,24.70588303,-,-,44.59999847,27.50177956,14.64881134,-,1215,-,-143.3727112,36.77175522,-76.04414368,5.49019623,21.25089455,21.12662125,-
Thu Nov 23 00:18:30 EST 2017,18:29.2,-76.04421939,36.77181881,9.25,3,-43.5,318.3,6.70376492,4.21379519,2.03028297,-0.14774179,-,15.29411793,-0.02248484,0.77707827,0.33582276,0.38811451,24.70588303,24.70588303,-,-,44.59999847,27.50177956,14.64881134,-,1215,-,-142.7165375,36.77182007,-76.04421997,5.49019623,20.69165993,21.12662125,-
Thu Nov 23 00:18:31 EST 2017,18:30.2,-76.0442866,36.77188229,9.25,3,-43.59999847,325.1,7.39329481,3.98395157,4.21379519,-0.01406343,-,15.29411793,0.05516487,0.85127175,0.51154399,0.25534737,24.70588303,25.09803963,-,-,44.59999847,27.49292374,14.64881134,-,1210,-,-143.0446167,36.7718811,-76.04428864,6.66666698,20.69165993,20.50524902,-
Thu Nov 23 00:18:32 EST 2017,18:31.2,-76.04434165,36.77195235,9.5,3,-43.5,330.1,7.01022243,4.44363832,3.56257224,-0.01279707,-,16.07843208,-0.02716336,0.78879303,0.39830142,0.30611128,26.66666794,27.05882454,-,-,44.59999847,27.48487282,14.64881134,-,1224,-,-142.7165375,36.77195358,-76.04434204,6.66666698,21.25089455,21.12662125,25.9509964
Thu Nov 23 00:18:33 EST 2017,18:32.2,-76.04438309,36.77203196,9.5,3,-43.5,336.4,6.05254173,6.05254173,3.29442143,-0.01952502,-,16.47058868,-0.05953432,0.6794554,0.51935381,0.29049161,26.66666794,27.05882454,-,-,44.59999847,27.48487282,14.64881134,-,1224,-,-142.7165375,36.77203369,-76.04438019,6.66666698,21.25089455,21.12662125,25.9509964
Thu Nov 23 00:18:34 EST 2017,18:33.2,-76.0444117,36.77211664,9.5,3,-44.59999847,343.2,6.58884287,5.86100578,3.90733719,-0.03671696,-,16.47058868,-0.09680269,0.61697668,0.57402265,0.22410804,26.66666794,27.05882454,-,-,44.59999847,27.48487282,14.64881134,-,1219,-,-146.3254547,36.77211761,-76.04441071,6.66666698,21.25089455,20.50524902,25.9509964
Thu Nov 23 00:18:35 EST 2017,18:34.2,-76.04442781,36.77219714,9.5,3,-44.5,352.3,5.89931297,4.59686708,4.29040956,-0.10209024,-,17.64705849,0.02565659,0.79269797,0.55449808,0.23972771,29.41176605,27.05882454,-,-,44.59999847,27.47606087,14.64881134,-,1219,-,-145.9973755,36.77219772,-76.04442596,7.05882359,21.25089455,20.50524902,25.9509964
Thu Nov 23 00:18:36 EST 2017,18:35.2,-76.04443971,36.77228047,9.25,3,-43.09999847,357,7.31668043,4.63517427,3.37103605,-0.02454513,-,17.64705849,-0.05913689,0.71459961,0.49201941,0.26315722,29.41176605,30.19607925,-,-,44.59999847,27.47606087,14.64881134,-,1219,-,-141.4041901,36.77228165,-76.04444122,7.05882359,20.69165993,20.50524902,25.9509964
Thu Nov 23 00:18:37 EST 2017,18:36.2,-76.04443915,36.77236662,9.75,3,-43,3.2,7.04852962,4.78840351,3.33272886,-0.01070944,-,17.64705849,-0.01400648,0.7575537,0.49201941,0.29439652,29.41176605,30.19607925,-,-,44.59999847,27.46883774,14.64881134,-,1254,-,-141.0761108,36.77236557,-76.04444122,7.05882359,21.81012726,21.74799156,-
Thu Nov 23 00:18:38 EST 2017,18:37.2,-76.04442249,36.77244374,10,3,-42.40000153,10.7,7.01022243,5.09486103,3.75410819,-0.01782481,-,17.64705849,-0.00839707,0.70288485,0.53887844,0.34516042,29.41176605,30.19607925,-,-,44.59999847,27.46883774,14.64881134,-,1254,-,-139.1076202,36.77244186,-76.04442596,7.05882359,22.36936378,21.74799156,-
Thu Nov 23 00:18:39 EST 2017,18:38.2,-76.04440123,36.77253261,10.25,3,-42.59999847,14.6,6.89530087,5.32470465,3.56257224,-0.02155018,-,17.64705849,-0.08632153,0.72631437,0.44906533,0.22410804,29.41176605,30.19607925,-,-,44.59999847,27.46883774,14.64881134,-,1254,-,-139.7637787,36.77253342,-76.04440308,7.05882359,22.9285965,21.74799156,-
Thu Nov 23 00:18:40 EST 2017,18:39.2,-76.04435192,36.77260972,9.75,3,-42.29999924,22.2,7.85298157,4.78840351,4.175488,-0.00987253,-,17.64705849,0.00270476,0.76145858,0.47249481,0.34906533,29.41176605,30.19607925,-,-,44.59999847,27.46883774,14.64881134,-,1254,-,-138.7795258,36.77260971,-76.04434967,7.05882359,21.81012726,21.74799156,-
Thu Nov 23 00:18:41 EST 2017,18:40.2,-76.04429832,36.77268885,9.5,3,-42.5,28.2,7.73806,2.06859016,4.09887314,-0.01485103,-,17.64705849,-0.03273178,0.84346181,0.2421048,0.30611128,29.41176605,30.19607925,-,-,44.59999847,27.46883774,14.64881134,-,1254,-,-139.4356995,36.77268982,-76.04429626,7.05882359,21.25089455,21.74799156,-
Thu Nov 23 00:18:42 EST 2017,18:41.2,-76.04424296,36.77276595,9.75,3,-42.79999924,29.6,8.19774628,4.67348194,4.25210238,-0.01609777,-,14.11764717,0.0039443,0.85127175,0.1444819,0.411544,14.11764717,14.11764717,-,-,44.59999847,27.44975662,14.64881134,-,1127,-,-140.4199524,36.77276611,-76.04424286,4.31372547,21.81012726,19.26250648,-
Thu Nov 23 00:18:43 EST 2017,18:42.2,-76.04418544,36.77282905,8.75,3,-42.40000153,34.2,3.10288548,7.85298157,4.94163227,-0.04925797,-,14.11764717,-0.06804208,0.40611124,0.68726522,0.38030469,14.11764717,14.11764717,-,-,44.59999847,27.44975662,14.64881134,-,1076,-,-139.1076202,36.77282715,-76.04418182,4.31372547,19.5731926,19.26250648,-
Thu Nov 23 00:18:44 EST 2017,18:43.2,-76.04413646,36.77288497,7.75,3,-42.79999924,42,-3.14119267,8.1211319,3.715801,0.00299475,-,14.11764717,0.086373,-0.2186753,0.98794377,0.29439652,14.11764717,14.11764717,-,-,44.59999847,27.43791008,14.64881134,-,1076,-,-140.4199524,36.77288437,-76.04413605,3.92156863,17.33625603,18.01976395,-
Thu Nov 23 00:18:45 EST 2017,18:44.2,-76.04407593,36.77292511,6.75,3,-42.09999847,54.5,-9.95987892,0.34476504,3.79241538,0.05823866,-,14.11764717,0.01989792,-0.95670444,0.09371798,0.23972771,14.11764717,14.11764717,-,-,44.59999847,27.42141533,14.64881134,-,1105,-,-138.1233521,36.77292633,-76.04407501,4.31372547,15.09931946,14.29153728,-
Thu Nov 23 00:18:46 EST 2017,18:45.2,-76.04400909,36.77296092,6.5,3,-42,65.8,-8.65743351,-4.63517427,4.02225876,0.06075746,-,14.11764717,0.09576406,-0.90594047,-0.43344569,0.33735061,14.11764717,23.13725471,-,-,44.59999847,27.40262413,14.64881134,-,1037,-,-137.7952728,36.77296066,-76.04400635,4.31372547,14.54008579,12.42742348,-
Thu Nov 23 00:18:47 EST 2017,18:46.2,-76.04394344,36.77295734,5.75,3,-40.79999924,90.1,0.61291564,9.34696388,3.06457806,-0.06282903,-,16.47058868,0.06239947,-0.30848834,0.99575359,0.10305563,27.84313774,27.84313774,-,-,44.59999847,27.38466072,14.64881134,-,1194,-,-133.8582611,36.77295685,-76.04394531,7.84313726,12.86238289,13.04879475,-
Thu Nov 23 00:18:48 EST 2017,18:47.2,-76.04387656,36.77293642,6.5,3,-41,115.1,7.58483076,3.56257224,3.79241538,-0.02400657,-,16.86274529,0.00704005,0.76926845,0.44125551,0.37639979,16.07843208,14.11764717,-,-,44.59999847,27.38466072,14.64881134,-,1194,-,-134.5144348,36.77293777,-76.04387665,7.84313726,14.54008579,13.04879475,-
Thu Nov 23 00:18:49 EST 2017,18:48.2,-76.04381369,36.7729045,6.25,3,-40.59999847,120,8.54251194,0.45968673,4.90332508,0.00829428,-,13.72549057,-0.06496902,0.85127175,0.05076391,0.28268176,14.11764717,14.11764717,-,-,44.59999847,27.36674118,14.64881134,-,984,-,-133.2020874,36.77290344,-76.04381561,3.92156863,13.98085213,13.04879475,10.06124496
Thu Nov 23 00:18:50 EST 2017,18:49.2,-76.04375238,36.77287598,6.25,5,-40.59999847,120,8.38928318,0.80445176,4.29040956,-0.01465596,-,13.33333397,-0.03356028,0.82393724,-0.02733441,0.40373418,14.11764717,14.11764717,-,-,44.59999847,27.32793617,14.64881134,-,875,-,-133.2020874,36.77287674,-76.04375458,3.52941179,13.98085213,11.18468189,10.06124496
Thu Nov 23 00:18:51 EST 2017,18:50.2,-76.04370869,36.77284916,5,3,-39.70000076,119.8,8.23605347,0.34476504,5.17147589,-0.00307683,-,13.33333397,-0.00383737,0.84736669,0.06247865,0.41935381,14.11764717,14.11764717,-,-,44.59999847,27.28082275,14.64881134,-,803,-,-130.2493439,36.77285004,-76.0437088,3.52941179,11.18468189,6.83508301,10.06124496
Thu Nov 23 00:18:52 EST 2017,18:51.2,-76.04367105,36.77283861,3.75,4,-40.29999924,122.6,8.84896946,1.30244577,4.59686708,0.04412037,-,13.72549057,-0.05972903,0.78488815,0.13276714,0.39982924,14.11764717,14.11764717,-,-,44.59999847,27.22546387,14.64881134,-,645,-,-132.2178497,36.77283859,-76.04367065,3.92156863,8.3885107,4.34959841,-
Thu Nov 23 00:18:53 EST 2017,18:52.2,-76.0436533,36.77283188,2.25,4,-39.70000076,121.6,7.77636719,0.65122288,4.90332508,0.00041293,-,14.11764717,-0.01793731,0.85127175,0.15229172,0.364685,14.11764717,14.11764717,-,-,44.59999847,27.16422462,14.64881134,-,642,-,-130.2493439,36.77283096,-76.0436554,3.92156863,5.03310633,1.86411357,-
Thu Nov 23 00:18:54 EST 2017,18:53.2,-76.04365107,36.77282509,0.75,3,-39.29999924,121.7,8.96389103,1.03429508,2.7581203,-0.00587062,-,14.11764717,0.04109441,0.97232407,0.05466883,0.26706213,14.11764717,14.11764717,-,-,44.59999847,27.16422462,14.64881134,-,642,-,-128.9370117,36.77282333,-76.04364777,4.31372547,1.67770207,1.86411357,-
Thu Nov 23 00:18:55 EST 2017,18:54.2,-76.04365503,36.77282467,0,3,-39.79999924,0,8.6957407,1.45567465,3.67749381,-0.00591179,-,14.11764717,-0.02587022,0.88641596,0.14838681,0.27487195,14.11764717,14.11764717,-,-,44.59999847,27.16422462,14.64881134,-,642,-,-130.5774231,36.77282333,-76.0436554,4.31372547,0,1.86411357,-
Thu Nov 23 00:18:56 EST 2017,18:55.2,-76.04365528,36.77282201,0,3,-39.79999924,0,8.6957407,1.37906015,3.715801,-0.00213461,-,14.11764717,-0.03001433,0.88251102,0.1444819,0.27487195,14.11764717,14.11764717,-,-,44.59999847,27.16422462,14.64881134,-,642,-,-130.5774231,36.77282333,-76.0436554,4.31372547,0,1.86411357,-
Thu Nov 23 00:18:57 EST 2017,18:56.2,-76.04365588,36.77282234,0,3,-39.70000076,0,8.81066227,1.37906015,3.75410819,0.00532949,-,14.11764717,-0.01333352,0.89813066,0.14057697,0.28268176,14.11764717,14.11764717,-,-,44.59999847,27.16422462,14.64881134,-,670,-,-130.2493439,36.77282333,-76.0436554,4.31372547,0,0,-
Thu Nov 23 00:18:58 EST 2017,18:57.2,-76.04365542,36.77282019,0,3,-39.59999847,0,8.81066227,1.37906015,3.715801,-0.00492713,-,14.11764717,-0.01484251,0.89813066,0.14057697,0.27877685,14.11764717,14.11764717,-,-,44.59999847,27.16422462,14.64881134,-,670,-,-129.9212494,36.77281952,-76.0436554,4.31372547,0,0,-
Thu Nov 23 00:18:59 EST 2017,18:58.2,-76.04365516,36.77281897,0,3,-39.70000076,0,8.38928318,1.22583127,3.90733719,-0.02937746,-,14.11764717,0.00734303,0.92546505,0.10543273,0.28268176,14.11764717,14.11764717,-,-,44.59999847,27.16422462,14.64881134,-,651,-,-130.2493439,36.77281952,-76.0436554,4.31372547,0,0,-
Thu Nov 23 00:19:00 EST 2017,18:59.2,-76.04365396,36.77281765,0,3,-39.59999847,0,8.77235508,1.18752408,3.79241538,0.00070393,-,14.11764717,-0.01796067,0.89422578,0.1210524,0.28658667,14.11764717,14.11764717,-,-,44.59999847,27.16422462,14.64881134,-,658,-,-129.9212494,36.77281952,-76.0436554,4.31372547,0,0,-
Thu Nov 23 00:19:01 EST 2017,19:00.2,-76.04365409,36.77281778,0,3,-39.70000076,0,8.65743351,0.9576807,3.90733719,-0.00786078,-,14.11764717,-0.02277366,0.89032084,0.07809832,0.29439652,14.11764717,14.11764717,-,-,44.59999847,27.16422462,14.64881134,-,664,-,-130.2493439,36.77281952,-76.0436554,4.31372547,0,0,-
Thu Nov 23 00:19:02 EST 2017,19:01.2,-76.04365293,36.77281716,0,3,-39.70000076,0,8.6957407,1.34075296,3.86903,-0.00063918,-,13.72549057,-0.01988926,0.88641596,0.13667206,0.29439652,14.11764717,14.11764717,-,-,44.59999847,27.16422462,14.64881134,-,657,-,-130.2493439,36.7728157,-76.0436554,3.92156863,0,0,-
Thu Nov 23 00:19:03 EST 2017,19:02.2,-76.0436515,36.7728171,0,3,-39.79999924,0,8.50420475,1.41736746,3.86903,-0.01771176,-,14.11764717,-0.01855906,0.89422578,0.08590815,0.29439652,14.11764717,14.11764717,-,-,44.59999847,27.16422462,14.64881134,-,666,-,-130.5774231,36.7728157,-76.04364777,4.31372547,0,0,-
Thu Nov 23 00:19:04 EST 2017,19:03.2,-76.04365112,36.77281629,0,3,-39.79999924,0,9.61511421,1.07260239,3.63918662,0.01226975,-,14.11764717,0.04851347,0.97622901,0.11714748,0.26315722,14.11764717,14.11764717,-,-,44.59999847,27.16422462,14.64881134,-,640,-,-130.5774231,36.7728157,-76.04364777,3.92156863,0,0,-
