GPS Time, Device Time, Longitude, Latitude,GPS Speed (Meters/second), Horizontal Dilution of Precision, Altitude, Bearing, G(x), G(y), G(z), G(calibrated), 1/4 mile time(s),Absolute Throttle Position B(%),Acceleration Sensor(Total)(g),Accelerator PedalPosition F(%),Actual engine % torque(%),Ambient air temp(°F),Average trip speed(whilst moving only)(mph),Engine RPM(rpm),Fuel pressure(psi),GPS Altitude(ft),GPS Latitude(°),GPS Longitude(°),Relative Throttle Position(%),Speed (GPS)(mph),Speed (OBD)(mph),Torque(Nm)
Tue Oct 24 17:54:40 EDT 2017,54:39.8,-76.04114015,36.77200228,0,10,-21.29999924,0,0.2681506,4.09887314,8.58081913,-0.0112434,-,14.50980377,0.01692375,-,-,84.19999695,-,651,-,-69.88188934,36.77200317,-76.0411377,5.09803915,0,0,-
Tue Oct 24 17:54:41 EDT 2017,54:40.6,-76.04114013,36.77200229,0,10,-21.29999924,0,0.15322891,4.40533113,8.96389103,0.03725499,-,14.50980377,-0.00518618,-,-,84.19999695,-,652,-,-69.88188934,36.77200317,-76.0411377,5.09803915,0,0,-
Tue Oct 24 17:54:42 EDT 2017,54:42.2,-76.04114016,36.77200229,0,10,-21.29999924,0,-3.37103605,4.21379519,9.0788126,0.09560305,-,15.68627453,0.07697092,-,-,84.19999695,-,647,-,-69.88188934,36.77200317,-76.0411377,5.88235283,0,0,-
Tue Oct 24 17:54:44 EDT 2017,54:44.0,-76.04114023,36.77200229,0,10,-21.29999924,0,0.15322891,1.95366859,9.50019264,0.03015722,-,15.68627453,0.06596259,-,-,84.19999695,0.62137121,664,-,-69.88188934,36.77200317,-76.0411377,5.88235283,0,0.62137121,1.12882626
Tue Oct 24 17:54:46 EDT 2017,54:45.8,-76.04114018,36.77200231,0,10,-21.29999924,0,-0.15322891,2.48996973,10.11310768,0.02115786,-,15.68627453,0.00354906,-,-,84.19999695,0.93205678,668,-,-69.88188934,36.77200317,-76.0411377,5.88235283,0,1.24274242,1.9508239
Tue Oct 24 17:54:48 EDT 2017,54:47.6,-76.04114029,36.77200229,0,10,-21.39999962,0,-5.17147589,6.12915611,6.97191525,0.1022113,-,15.29411793,-0.00725134,-,-,84.19999695,1.44986606,699,-,-70.2099762,36.77200317,-76.0411377,5.88235283,0,2.48548484,7.38331032
Tue Oct 24 17:54:49 EDT 2017,54:49.4,-76.0411404,36.77200235,0,10,-21.39999962,0,-1.07260239,1.68551803,8.46589756,0.04279792,-,16.47058868,-0.11300591,-,-,84.19999695,1.55342793,679,-,-70.2099762,36.77200317,-76.0411377,6.66666698,0,1.86411357,7.38331032
Tue Oct 24 17:54:51 EDT 2017,54:51.2,-76.04114033,36.77200328,0,10,-21.39999962,0,-0.19153613,2.06859016,10.18972206,0.07907492,-,15.29411793,0.06043716,-,-,84.19999695,1.86411357,797,-,-70.2099762,36.77200317,-76.0411377,5.09803915,0,3.10685587,8.15719986
Tue Oct 24 17:54:53 EDT 2017,54:53.0,-76.04119514,36.77211597,1.5,10,-29.10000038,305.5,-0.99598789,2.14520478,8.81066227,-0.0510723,-,16.07843208,-0.06226403,-,-,84.19999695,2.1747992,769,-,-95.47244263,36.77211761,-76.04119873,6.27450991,3.35540414,3.72822714,5.08098412
Tue Oct 24 17:54:55 EDT 2017,54:54.8,-76.04122222,36.77213646,1.75,10,-27.89999962,297.5,0.49799395,2.29843354,10.15141487,0.05854089,-,16.07843208,0.12256953,-,-,86,2.30795002,840,-,-91.53543091,36.77213669,-76.04122162,6.66666698,3.91463828,3.10685587,5.08098412
Tue Oct 24 17:54:57 EDT 2017,54:56.6,-76.04126749,36.77214327,1.75,10,-28.89999962,284.4,-3.06457806,2.68150592,8.84896946,0.01196259,-,15.68627453,0.21993883,-,-,86,2.33014202,758,-,-94.81626892,36.77214432,-76.0412674,6.27450991,3.91463828,2.48548484,-
Tue Oct 24 17:54:58 EDT 2017,54:58.4,-76.04126244,36.77214389,0.75,10,-29.89999962,284.4,-0.9576807,1.14921677,10.95586681,0.11285514,-,23.92156982,0.02349714,-,-,86,2.33014202,812,-,-98.09711456,36.77214432,-76.04125977,13.72549057,1.67770207,0,-
Tue Oct 24 17:55:00 EDT 2017,55:00.2,-76.04124042,36.77218102,2.25,10,-27.79999924,42.1,0.30645782,4.48194551,9.30865574,0.06407703,-,30.98039246,0.05397829,-,-,86,2.96877337,1742,-,-91.20734406,36.77218246,-76.04123688,21.96078491,5.03310633,8.07782555,63.35344315
Tue Oct 24 17:55:02 EDT 2017,55:02.0,-76.04118178,36.77224183,3.75,10,-29.60000038,42.5,0.03830723,2.83473492,8.04451752,-0.02513778,-,28.62745094,-0.13023855,-,-,86,4.22532415,2259,-,-97.11286163,36.7722435,-76.04118347,21.96078491,8.3885107,15.53427982,85.81463623
Tue Oct 24 17:55:04 EDT 2017,55:03.8,-76.04112905,36.7723457,5.5,10,-28.20000076,25.3,0.19153613,4.09887314,8.81066227,0.00975651,-,15.68627453,-0.00890502,-,-,86,5.70531702,1712,-,-92.51969147,36.7723465,-76.04113007,6.27450991,12.30314922,20.50524902,100.8129425
Tue Oct 24 17:55:06 EDT 2017,55:05.6,-76.04104378,36.77255126,8.5,9,-29.5,23,0.5363012,4.175488,9.73003578,0.0306999,-,16.07843208,-0.00138953,-,-,84.19999695,6.83508301,1503,-,-96.78477478,36.77255249,-76.04104614,6.66666698,19.01395798,19.26250648,100.8129425
Tue Oct 24 17:55:07 EDT 2017,55:07.4,-76.04101303,36.77262771,8,10,-30.70000076,18.3,0.80445176,4.06056595,8.27436066,-0.03787595,-,18.8235302,0.03220398,-,-,84.19999695,7.74324083,1427,-,-100.7217865,36.77262878,-76.04101562,9.4117651,17.89549065,18.64113617,-
Tue Oct 24 17:55:09 EDT 2017,55:09.2,-76.0410491,36.77278779,8.25,10,-32.90000153,346.3,1.18752408,4.09887314,9.46188545,0.04589592,-,20,0.01103228,-,-,84.19999695,8.52166176,1413,-,-107.9396362,36.772789,-76.04104614,10.98039246,18.45472336,18.64113617,-
Tue Oct 24 17:55:11 EDT 2017,55:11.0,-76.04116059,36.77289528,8.5,10,-33.70000076,320,0.68953007,3.90733719,8.77235508,0.00043988,-,21.56862831,-0.01822485,-,-,84.19999695,9.27914333,1519,-,-110.5643082,36.77289581,-76.04116058,12.94117641,19.01395798,19.88387871,27.3009491
Tue Oct 24 17:55:13 EDT 2017,55:12.9,-76.04134829,36.77299131,9.5,10,-32.79999924,297.8,-0.22984336,5.59285498,5.17147589,-0.12865758,-,22.35294151,-0.22289184,-,-,84.19999695,10.09728146,1715,-,-107.6115494,36.77299118,-76.04135132,13.72549057,21.25089455,22.36936378,54.37681198
Tue Oct 24 17:55:15 EDT 2017,55:14.7,-76.04157416,36.77305033,10.75,10,-33.5,292.3,-1.49398184,4.5202527,7.50821638,-0.07474822,-,16.47058868,-0.09343857,-,-,82.40000153,10.89227104,1828,-,-109.9081345,36.77305222,-76.04157257,8.23529434,24.04706573,23.61210442,26.67420006
Tue Oct 24 17:55:17 EDT 2017,55:16.5,-76.04179873,36.77312408,11,10,-35.09999847,292.4,1.76213241,3.33272886,8.65743351,-0.02906822,-,15.68627453,-0.03711928,-,-,82.40000153,11.6334486,1396,-,-115.1574783,36.77312469,-76.04180145,6.27450991,24.60629845,24.23347664,18.01267624
Tue Oct 24 17:55:18 EDT 2017,55:18.3,-76.04190878,36.77315646,10.5,10,-35,293.7,2.03028297,4.175488,8.08282471,-0.02494734,-,15.29411793,-0.04948004,-,-,82.40000153,12.26390457,1375,-,-114.8293991,36.77315521,-76.04190826,5.49019623,23.48783112,23.61210442,18.01267624
Tue Oct 24 17:55:20 EDT 2017,55:20.1,-76.0421154,36.77324504,10.25,10,-35.09999847,297,1.53228903,4.21379519,9.23204136,0.06520408,-,14.90196133,0.04656154,-,-,82.40000153,12.80024719,1322,-,-115.1574783,36.77324677,-76.04211426,5.09803915,22.9285965,22.9907341,-
Tue Oct 24 17:55:22 EDT 2017,55:21.9,-76.04231479,36.77333302,10,10,-36.40000153,298,1.45567465,3.79241538,8.38928318,-0.02043638,-,14.90196133,-0.04485992,-,-,82.40000153,13.2263298,1259,-,-119.4225769,36.7733345,-76.04231262,5.09803915,22.36936378,21.74799156,-
Tue Oct 24 17:55:24 EDT 2017,55:23.7,-76.04251039,36.77340088,9.5,10,-36.09999847,295.6,0.80445176,3.90733719,9.69172859,0.0873639,-,14.11764717,0.02645958,-,-,82.40000153,13.58543396,1225,-,-118.4383164,36.77339935,-76.04251099,4.70588255,21.25089455,21.12662125,-
Tue Oct 24 17:55:25 EDT 2017,55:25.5,-76.04260559,36.77342932,9.25,9,-35.40000153,293.1,-0.42137951,3.90733719,8.23605347,-0.00387418,-,15.29411793,-0.07615748,-,-,80.59999847,13.88629532,1136,-,-116.1417389,36.77342987,-76.04260254,5.49019623,20.69165993,20.50524902,-
Tue Oct 24 17:55:27 EDT 2017,55:27.3,-76.04281656,36.77346237,9.75,10,-35.5,281.3,0.42137951,4.32871675,10.26633644,0.15555185,-,16.86274529,0.13694021,-,-,80.59999847,14.13619423,1176,-,-116.4698181,36.7734642,-76.04281616,7.45098066,21.81012726,19.88387871,-
Tue Oct 24 17:55:29 EDT 2017,55:29.1,-76.04298766,36.77337589,9,9,-34.09999847,244.6,0.19153613,3.83072281,8.58081913,-0.02289402,-,17.64705849,-0.04156671,-,-,80.59999847,14.39095688,1179,-,-111.8766327,36.77337646,-76.04298401,8.23529434,20.13242531,20.50524902,18.31896973
Tue Oct 24 17:55:31 EDT 2017,55:30.9,-76.04313499,36.77327288,9,9,-35.29999924,221.2,1.26413846,3.90733719,9.42357826,0.06686443,-,17.64705849,0.04822243,-,-,80.59999847,14.6500206,1215,-,-115.8136444,36.77327347,-76.0431366,8.62745094,20.13242531,21.12662125,18.20299721
Tue Oct 24 17:55:33 EDT 2017,55:32.7,-76.04324127,36.77312238,10,10,-35.59999847,206.8,2.56658411,3.21780705,8.92558384,0.02092868,-,14.90196133,0.01674367,-,-,80.59999847,14.91290855,1256,-,-116.7978973,36.77312088,-76.04324341,5.09803915,22.36936378,21.74799156,18.22790527
Tue Oct 24 17:55:34 EDT 2017,55:34.5,-76.04329443,36.77304002,10,10,-35.40000153,207.2,2.26012635,3.02627087,7.20175886,-0.00516828,-,14.11764717,-0.1707518,-,-,78.80000305,15.11263466,1227,-,-116.1417389,36.77304077,-76.04329681,4.70588255,22.36936378,20.50524902,18.22790527
Tue Oct 24 17:55:36 EDT 2017,55:36.3,-76.04338729,36.77291259,8.5,10,-35.40000153,209.6,4.32871675,3.75410819,8.31266785,0.04816574,-,14.50980377,0.02951732,-,-,78.80000305,15.14860153,996,-,-116.1417389,36.77291107,-76.04338837,4.70588255,19.01395798,16.15565109,-
Tue Oct 24 17:55:38 EDT 2017,55:38.1,-76.043541,36.7728726,6.75,10,-35.59999847,249.1,4.86501789,5.01824665,6.97191525,0.02533251,-,19.2156868,-0.00858175,-,-,78.80000305,15.12003231,1268,-,-116.7978973,36.77287292,-76.04354095,9.8039217,15.09931946,14.29153728,-
Tue Oct 24 17:55:40 EDT 2017,55:39.9,-76.04369883,36.77289533,6.75,10,-36.5,278.5,2.37504816,2.9113493,9.80665016,-0.02103017,-,15.29411793,-0.13917913,-,-,78.80000305,15.19352722,1401,-,-119.7506561,36.77289581,-76.04370117,5.88235283,15.09931946,17.39839363,65.00254059
Tue Oct 24 17:55:42 EDT 2017,55:41.7,-76.04383353,36.7729279,6.5,11,-36,288,1.76213241,1.68551803,8.96389103,0.07904575,-,14.11764717,0.12961563,-,-,78.80000305,15.20417595,1240,-,-118.1102371,36.77292633,-76.04383087,4.31372547,14.54008579,15.53427982,65.00254059
Tue Oct 24 17:55:43 EDT 2017,55:43.5,-76.04390925,36.77295763,6.75,11,-36.20000076,291.9,0.8810662,5.20978308,7.96790314,0.04780333,-,24.70588303,-0.02508733,-,-,78.80000305,15.00705624,831,-,-118.7664032,36.77295685,-76.04390717,16.07843208,15.09931946,8.69919682,-
Tue Oct 24 17:55:45 EDT 2017,55:45.3,-76.04393016,36.77304874,4.75,11,-36,324,1.60890353,6.01423454,7.92959595,0.04668301,-,26.27450943,0.02803417,-,-,78.80000305,14.89463329,1740,-,-118.1102371,36.7730484,-76.04393005,18.03921509,10.62544727,11.18468189,26.72391319
Tue Oct 24 17:55:47 EDT 2017,55:47.1,-76.04388606,36.77320699,7.75,10,-37,14.8,0.07661445,6.05254173,7.12514448,0.02146324,-,32.15686417,0.03553206,-,-,78.80000305,14.96616936,2052,-,-121.3910751,36.77320862,-76.04388428,25.09803963,17.33625603,17.39839363,88.31942749
Tue Oct 24 17:55:49 EDT 2017,55:48.9,-76.04380865,36.77338751,10,10,-36.40000153,23.4,-0.65122288,6.28238535,6.58884287,-0.01417604,-,26.27450943,-0.11211188,-,-,78.80000305,15.20633316,1804,-,-119.4225769,36.77338791,-76.04380798,18.4313736,22.36936378,23.61210442,136.7174835
Tue Oct 24 17:55:51 EDT 2017,55:50.7,-76.04369166,36.77357973,11.5,10,-34.59999847,22,-0.49799395,5.59285498,8.31266785,-0.00722698,-,20,0.02291549,-,-,78.80000305,15.53427982,2098,-,-113.5170593,36.77357864,-76.04369354,9.8039217,25.72476578,27.34033203,80.9992981
Tue Oct 24 17:55:52 EDT 2017,55:52.5,-76.04365224,36.77368022,11.75,10,-34.29999924,20.2,-1.68551803,3.10288548,8.38928318,-0.05315709,-,16.86274529,-0.07184009,-,-,78.80000305,15.87766933,1662,-,-112.5328064,36.77368164,-76.0436554,9.8039217,26.2840004,28.58307457,36.00783539
Tue Oct 24 17:55:54 EDT 2017,55:54.3,-76.04358259,36.7739029,12.5,10,-33.09999847,13.3,-0.80445176,4.63517427,8.46589756,0.02039261,-,17.25490189,-0.04312023,-,-,78.80000305,16.18751717,1615,-,-108.5957947,36.77390289,-76.0435791,8.23529434,27.96170425,27.96170425,36.00783539
Tue Oct 24 17:55:56 EDT 2017,55:56.2,-76.04355026,36.77410795,12,10,-34.40000153,7.9,0,5.86100578,7.85298157,0.01788026,-,21.56862831,-0.02225852,-,-,78.80000305,16.4663372,1595,-,-112.8609009,36.77410889,-76.04354858,10.58823586,26.84323311,27.34033203,-
Tue Oct 24 17:55:58 EDT 2017,55:58.0,-76.04351571,36.77434331,12.5,10,-34.5,5.5,0.22984336,6.09084892,7.16345167,-0.02221787,-,21.56862831,0.0527688,-,-,78.80000305,16.74671173,1676,-,-113.1889801,36.77434158,-76.04351807,14.11764717,27.96170425,27.96170425,17.32114601
Tue Oct 24 17:56:00 EDT 2017,55:59.8,-76.04349872,36.77457964,13,9,-33.79999924,3.9,-0.5363012,6.93360806,6.89530087,0.01954539,-,26.27450943,0.03121301,-,-,78.80000305,17.02853012,1648,-,-110.8923874,36.77457809,-76.04349518,18.03921509,29.08017159,28.58307457,17.95744896
Tue Oct 24 17:56:02 EDT 2017,56:01.6,-76.04348573,36.77481221,12.5,10,-34.20000076,1.9,0.2681506,6.4739213,8.15943909,0.08110124,-,19.6078434,0.06246405,-,-,78.80000305,17.32614136,1724,-,-112.2047272,36.77481079,-76.04348755,9.4117651,27.96170425,29.82581711,36.16191483
Tue Oct 24 17:56:03 EDT 2017,56:03.4,-76.0434926,36.77492062,12.25,11,-34.40000153,0.4,1.18752408,5.86100578,8.35097599,0.03494472,-,16.07843208,0.00824391,-,-,78.80000305,17.59610176,1681,-,-112.8609009,36.77492142,-76.04349518,6.66666698,27.40246773,29.20444679,36.16191483
Tue Oct 24 17:56:05 EDT 2017,56:05.2,-76.04343648,36.7751272,11.75,11,-35.70000076,7.5,0.19153613,5.82269859,7.20175886,-0.03674477,-,17.25490189,-0.05542222,-,-,77,17.81264114,1596,-,-117.1259842,36.77512741,-76.04343414,7.05882359,26.2840004,27.34033203,-
Tue Oct 24 17:56:07 EDT 2017,56:07.0,-76.04330093,36.77535631,12,9,-32.59999847,19.5,0.49799395,5.89931297,7.39329481,-0.01098272,-,16.47058868,-0.03416833,-,-,77,18.0062561,1557,-,-106.9553757,36.77535629,-76.04330444,7.05882359,26.84323311,26.71896172,-
Tue Oct 24 17:56:09 EDT 2017,56:08.9,-76.04319137,36.77556011,12,9,-30.29999924,24,1.03429508,5.7843914,7.58483076,-0.00294524,-,18.03921509,-0.02161108,-,-,77,18.19163322,1543,-,-99.40944672,36.77555847,-76.04319,9.01960754,26.84323311,26.71896172,-
Tue Oct 24 17:56:11 EDT 2017,56:10.6,-76.04305994,36.77575112,11.5,9,-29,30.9,0.9576807,5.89931297,8.23605347,0.05631202,-,18.03921509,0.00713852,-,-,77,18.36928558,1560,-,-95.14435577,36.77575302,-76.0430603,9.01960754,25.72476578,26.71896172,-
Tue Oct 24 17:56:12 EDT 2017,56:12.4,-76.04298601,36.77585178,12.5,9,-30,31.3,0.61291564,6.05254173,7.54652357,0.00709802,-,18.03921509,-0.04941585,-,-,77,18.55236816,1562,-,-98.42519379,36.7758522,-76.04298401,9.01960754,27.96170425,27.34033203,18.17235947
Tue Oct 24 17:56:14 EDT 2017,56:14.2,-76.04283504,36.77603701,12.5,10,-29.70000076,35.6,0.2681506,5.63116217,7.85298157,-0.01900432,-,18.03921509,-0.05883691,-,-,77,18.72812653,1575,-,-97.44094849,36.77603531,-76.04283142,9.01960754,27.96170425,27.34033203,18.17235947
Tue Oct 24 17:56:16 EDT 2017,56:16.2,-76.04265345,36.77621894,12.5,10,-29.89999962,39.9,-0.45968673,5.32470465,8.23605347,0.01983231,-,16.86274529,-0.00392923,-,-,77,18.90917778,1610,-,-98.09711456,36.77621841,-76.04265594,7.45098066,27.96170425,27.96170425,18.10097694
Tue Oct 24 17:56:18 EDT 2017,56:18.0,-76.04246137,36.77639075,12.75,10,-30.29999924,43.4,0,6.51222849,7.431602,0.01921282,-,18.8235302,0.00760051,-,-,77,19.0832653,1624,-,-99.40944672,36.77639008,-76.04245758,10.1960783,28.52093697,27.96170425,18.10097694
Tue Oct 24 17:56:20 EDT 2017,56:19.7,-76.04224183,36.77653153,12.75,10,-30,51.5,-0.5363012,5.17147589,8.31266785,0.01846015,-,18.8235302,0.0001449,-,-,77,19.25078392,1652,-,-98.42519379,36.77653122,-76.04224396,9.4117651,28.52093697,27.96170425,-
Tue Oct 24 17:56:22 EDT 2017,56:21.5,-76.04198883,36.77664799,13,9,-30,60.3,0.80445176,5.43962622,7.62313843,-0.01332666,-,17.25490189,-0.04941585,-,-,77,19.42360306,1648,-,-98.42519379,36.77664948,-76.04199219,7.84313726,29.08017159,28.58307457,18.26844597
Tue Oct 24 17:56:23 EDT 2017,56:23.3,-76.04185424,36.77670162,13.5,10,-29.70000076,61.2,0.38307226,5.86100578,8.08282471,-0.0015366,-,17.25490189,0.01885005,-,-,77,19.59013939,1655,-,-97.44094849,36.77670288,-76.04185486,7.45098066,30.19863892,28.58307457,18.26844597
Tue Oct 24 17:56:25 EDT 2017,56:25.1,-76.04158592,36.77678724,12.75,10,-29.20000076,68.4,-0.11492168,6.05254173,8.08282471,0.0266637,-,18.8235302,0.08462291,-,-,77,19.75072861,1649,-,-95.80052948,36.7767868,-76.04158783,9.8039217,28.52093697,28.58307457,-
Tue Oct 24 17:56:27 EDT 2017,56:26.9,-76.04130543,36.77684266,13,10,-31.29999924,77.8,0.5363012,5.59285498,7.89128876,-0.00265369,-,18.4313736,0.01081342,-,-,77,19.9056797,1667,-,-102.6902847,36.77684402,-76.04130554,9.4117651,29.08017159,28.58307457,-
Tue Oct 24 17:56:29 EDT 2017,56:28.7,-76.04101536,36.7768469,13.25,9,-32.09999847,86.2,0.8810662,5.5162406,7.92959595,0.00775367,-,16.47058868,0.02945803,-,-,77,20.05529213,1663,-,-105.3149567,36.77684784,-76.04101562,7.05882359,29.6394043,28.58307457,-
Tue Oct 24 17:56:30 EDT 2017,56:30.5,-76.04087564,36.77684501,12.75,10,-32.70000076,91.4,1.34075296,5.74608421,7.92959595,0.02654403,-,16.47058868,0.0078882,-,-,77,20.18929672,1625,-,-107.2834702,36.77684402,-76.0408783,7.05882359,28.52093697,27.96170425,-
Tue Oct 24 17:56:32 EDT 2017,56:32.3,-76.04059139,36.7768084,13,11,-34.70000076,98.6,1.68551803,5.86100578,6.74207211,-0.03313764,-,16.07843208,-0.07296696,-,-,77,20.30848312,1597,-,-113.8451462,36.77680969,-76.04058838,6.66666698,29.08017159,27.34033203,-
Tue Oct 24 17:56:34 EDT 2017,56:34.1,-76.04036443,36.77668435,12,10,-34.59999847,122.7,0.76614451,4.90332508,8.1211319,0.05524582,-,14.90196133,0.03722525,-,-,77,20.41357231,1525,-,-113.5170593,36.77668381,-76.04036713,5.49019623,26.84323311,26.71896172,-
Tue Oct 24 17:56:36 EDT 2017,56:36.0,-76.04016314,36.77656314,10.5,10,-34.79999924,128.2,0.8810662,5.47793341,7.69975281,-0.01356542,-,13.72549057,-0.03223494,-,-,77,20.42507172,1198,-,-114.1732254,36.77656174,-76.04016113,4.31372547,23.48783112,21.12662125,-
Tue Oct 24 17:56:38 EDT 2017,56:37.8,-76.04003498,36.77647926,6.75,10,-34.09999847,129.1,0.34476504,5.47793341,8.19774628,-0.01470757,-,14.90196133,0.00600912,-,-,77,20.31785202,965,-,-111.8766327,36.77647781,-76.04003143,3.52941179,15.09931946,13.67016602,-
Tue Oct 24 17:56:39 EDT 2017,56:39.6,-76.03998934,36.77645099,5.75,10,-33.90000153,130.6,-1.18752408,7.39329481,5.7843914,0.04992971,-,29.80392265,-0.03514044,-,-,77,20.19456291,1931,-,-111.2204742,36.77645111,-76.03998566,21.96078491,12.86238289,12.42742348,-
Tue Oct 24 17:56:41 EDT 2017,56:41.4,-76.03983291,36.77640995,7.75,10,-33.5,107,-1.68551803,6.32069254,7.50821638,0.03410536,-,23.52941132,0.01545221,-,-,77,20.189785,2429,-,-109.9081345,36.77640915,-76.03983307,15.68627453,17.33625603,19.88387871,102.835762
Tue Oct 24 17:56:43 EDT 2017,56:43.2,-76.03962376,36.77644813,10,9,-34,74.4,-2.60489154,5.7843914,7.50821638,0.07884751,-,23.52941132,0.00232426,-,-,77,20.23222351,1717,-,-111.5485535,36.7764473,-76.03962708,15.29411793,22.36936378,22.9907341,69.24191284
Tue Oct 24 17:56:45 EDT 2017,56:45.0,-76.03944418,36.77655831,10,10,-32.79999924,48.7,-0.03830723,4.32871675,8.38928318,-0.01063007,-,14.50980377,-0.02887446,-,-,77,20.31048965,1925,-,-107.6115494,36.77655792,-76.03944397,5.88235283,22.36936378,25.47621918,55.57260132
Tue Oct 24 17:56:47 EDT 2017,56:46.8,-76.03931063,36.77670598,10,10,-32.20000076,35.9,1.49398184,4.71178913,8.50420475,0.00856964,-,14.11764717,-0.00145064,-,-,77,20.34076881,1332,-,-105.6430435,36.7767067,-76.03931427,4.31372547,22.36936378,22.36936378,55.57260132
Tue Oct 24 17:56:48 EDT 2017,56:48.6,-76.03924935,36.77676102,9,9,-31.60000038,41.3,2.60489154,6.4739213,8.61912632,0.14947146,-,22.74509811,0.05294266,-,-,77,20.29812622,958,-,-103.6745453,36.7767601,-76.03924561,12.54901981,20.13242531,17.39839363,-
Tue Oct 24 17:56:50 EDT 2017,56:50.4,-76.03909163,36.77680087,7,10,-31.10000038,83.2,1.22583127,6.70376492,6.7803793,-0.01349108,-,45.88235474,-0.01971024,-,-,77,20.26557732,1605,-,-102.0341187,36.77680206,-76.03909302,39.2156868,15.65855312,18.01976395,11.71438694
Tue Oct 24 17:56:52 EDT 2017,56:52.2,-76.03890331,36.77674453,9.25,10,-31.10000038,112.1,0.99598789,7.01022243,6.4739213,-0.00300759,-,62.35294342,-0.02167347,-,-,77,20.34771919,2007,-,-102.0341187,36.77674484,-76.03890228,56.47058868,20.69165993,26.09758949,176.1816864
Tue Oct 24 17:56:54 EDT 2017,56:54.0,-76.03863252,36.77657471,15,10,-31.20000076,126.1,-0.8810662,6.05254173,8.00621033,0.04602998,-,60.39215851,-0.07040277,-,-,77,20.54839897,2623,-,-102.3622055,36.77657318,-76.03863525,58.4313736,33.55404282,34.79678726,196.5007477
Tue Oct 24 17:56:56 EDT 2017,56:55.8,-76.03828989,36.77638048,18.5,10,-31.20000076,125,-0.19153613,5.86100578,7.20175886,0.03266937,-,32.15686417,0.04223704,-,-,77,20.84572792,3229,-,-102.3622055,36.77637863,-76.03829193,25.09803963,41.38331985,42.25324249,161.3392944
Tue Oct 24 17:56:58 EDT 2017,56:57.6,-76.03791726,36.77616156,20.5,9,-31.89999962,126.1,-0.03830723,5.09486103,8.04451752,0.04549363,-,29.41176605,-0.02900022,-,-,77,21.17700195,2030,-,-104.6587906,36.77616119,-76.03791809,21.96078491,45.85719299,45.36009598,116.8302612
Tue Oct 24 17:56:59 EDT 2017,56:59.4,-76.0377288,36.77604651,21,10,-32.09999847,125.8,-0.22984336,5.5162406,7.77636719,0.0223687,-,25.09803963,0.08105072,-,-,77,21.54086876,2113,-,-105.3149567,36.77604675,-76.03772736,16.07843208,46.97566223,48.46695328,120.062027
Tue Oct 24 17:57:01 EDT 2017,57:01.3,-76.03735372,36.77582109,20.5,10,-31,127.2,0.03830723,5.66946983,8.19774628,0.02131068,-,18.4313736,0.03710018,-,-,77,21.91151047,1733,-,-101.7060394,36.77582169,-76.03735352,9.4117651,45.85719299,49.70969391,58.40290451
Tue Oct 24 17:57:03 EDT 2017,57:03.1,-76.03695433,36.77557286,22,10,-31.70000076,126.6,-0.15322891,5.01824665,8.77235508,0.05658068,-,16.07843208,0.03067278,-,-,77,22.2644558,1712,-,-104.0026245,36.77557373,-76.03695679,6.66666698,49.21259689,49.0883255,58.40290451
Tue Oct 24 17:57:04 EDT 2017,57:04.5,-76.03675333,36.77546567,22,10,-32,126.4,0.2681506,4.40533113,7.50821638,0.02450879,-,19.6078434,-0.11189707,-,-,77,22.60038567,1671,-,-104.9868774,36.77546692,-76.03675079,9.4117651,49.21259689,48.46695328,-
Tue Oct 24 17:57:06 EDT 2017,57:06.4,-76.03637746,36.7752125,21.5,11,-31.29999924,129.3,-0.19153613,5.09486103,7.20175886,-0.08152908,-,20.3921566,-0.10022179,-,-,77,22.91994476,1658,-,-102.6902847,36.77521133,-76.03637695,12.15686321,48.09413147,47.84558105,-
Tue Oct 24 17:57:07 EDT 2017,57:07.4,-76.03616893,36.77510224,22,11,-31.70000076,128.3,-0.61291564,5.09486103,7.69975281,-0.03777081,-,18.4313736,0.10172173,-,-,77,23.23151588,1678,-,-104.0026245,36.77510071,-76.03617096,9.8039217,49.21259689,47.84558105,-
Tue Oct 24 17:57:09 EDT 2017,57:08.7,-76.03577336,36.77488163,21.25,10,-32.29999924,126.7,-0.42137951,5.63116217,8.96389103,0.09894758,-,19.6078434,-0.01514459,-,-,77,23.53539467,1646,-,-105.9711227,36.77488327,-76.03577423,10.58823586,47.53489685,47.84558105,-
Tue Oct 24 17:57:09 EDT 2017,57:09.6,-76.03577336,36.77488163,21.25,10,-32.29999924,126.7,0.11492168,4.86501789,8.38928318,-0.00894189,-,17.64705849,-0.03869735,-,-,77,23.82428169,1651,-,-105.9711227,36.77488327,-76.03577423,10.58823586,47.53489685,47.22420883,-
Tue Oct 24 17:57:10 EDT 2017,57:10.4,-76.03558525,36.77475961,21.25,10,-31.79999924,125.5,-0.15322891,4.90332508,8.58081913,-0.00826845,-,16.07843208,0.00790334,-,-,77,24.1062088,1632,-,-104.3307037,36.7747612,-76.0355835,6.66666698,47.53489685,47.22420883,-
Tue Oct 24 17:57:11 EDT 2017,57:11.5,-76.03539736,36.77465777,21.25,10,-31.89999962,124.1,-0.45968673,4.71178913,7.54652357,-0.07289082,-,16.47058868,-0.09158057,-,-,77,24.37402344,1596,-,-104.6587906,36.7746582,-76.03540039,6.27450991,47.53489685,46.60284042,-
Tue Oct 24 17:57:12 EDT 2017,57:12.4,-76.03519676,36.77455647,21,10,-32,122.1,-0.07661445,5.36301184,8.08282471,-0.01940097,-,24.70588303,-0.01082365,-,-,77,24.62823105,1613,-,-104.9868774,36.77455521,-76.0351944,16.07843208,46.97566223,45.9814682,-
Tue Oct 24 17:57:13 EDT 2017,57:13.2,-76.03499865,36.77446442,21,10,-31.79999924,119.8,0.22984336,5.5162406,7.69975281,-0.00721277,-,21.17647171,-0.03386031,-,-,77,24.88374901,1719,-,-104.3307037,36.77446365,-76.03499603,13.33333397,46.97566223,46.60284042,-
Tue Oct 24 17:57:14 EDT 2017,57:14.3,-76.03479061,36.7743862,21,9,-31.60000038,115.8,-0.07661445,5.24809027,7.24006605,0.03097055,-,20.7843132,-0.08812696,-,-,78.80000305,25.14053535,1659,-,-103.6745453,36.77438736,-76.03479004,12.15686321,46.97566223,47.22420883,62.47812653
Tue Oct 24 17:57:15 EDT 2017,57:15.1,-76.03457738,36.77430423,21,9,-31.70000076,114,-0.19153613,5.13316822,7.46990919,-0.0156354,-,20.7843132,-0.07556301,-,-,78.80000305,25.39148712,1663,-,-104.0026245,36.77430344,-76.03457642,11.76470566,46.97566223,47.22420883,62.47812653
Tue Oct 24 17:57:16 EDT 2017,57:16.0,-76.03434615,36.77423087,21.25,9,-32,110.9,0.61291564,6.05254173,8.35097599,0.07219869,-,20.3921566,0.05355847,-,-,78.80000305,25.63679695,1673,-,-104.9868774,36.77423096,-76.03434753,11.76470566,47.53489685,47.22420883,62.47812653
Tue Oct 24 17:57:17 EDT 2017,57:17.0,-76.03412034,36.77417233,21.25,9,-32,107.6,0.07661445,5.43962622,7.31668043,-0.0008566,-,21.56862831,-0.04785206,-,-,78.80000305,25.87665749,1674,-,-104.9868774,36.77417374,-76.03411865,11.76470566,47.53489685,47.22420883,62.47812653
Tue Oct 24 17:57:18 EDT 2017,57:17.9,-76.03389414,36.77411581,21.5,10,-31.89999962,107.5,-0.61291564,5.28639746,8.27436066,0.02185661,-,21.17647171,0.00319918,-,-,78.80000305,26.11124611,1691,-,-104.6587906,36.77411652,-76.0338974,12.94117641,48.09413147,47.22420883,-
Tue Oct 24 17:57:19 EDT 2017,57:18.7,-76.03366254,36.77405792,21.5,10,-31.89999962,107,-1.57059634,4.36702394,8.23605347,-0.01733196,-,16.47058868,-0.03600276,-,-,78.80000305,26.34073448,1636,-,-104.6587906,36.7740593,-76.03366089,6.66666698,48.09413147,47.22420883,-
Tue Oct 24 17:57:20 EDT 2017,57:19.8,-76.03342883,36.77400766,21.5,10,-31.10000038,105.5,-1.41736746,4.97993946,8.27436066,-0.01350589,-,20,-0.00467253,-,-,78.80000305,26.56529045,1634,-,-102.0341187,36.77400589,-76.03343201,10.98039246,48.09413147,47.22420883,-
Tue Oct 24 17:57:21 EDT 2017,57:20.6,-76.03319337,36.77399608,21.25,9,-31,99.5,-0.68953007,5.05655384,8.42759037,0.02484443,-,20,0.00465839,-,-,78.80000305,26.7850647,1632,-,-101.7060394,36.77399445,-76.0331955,10.98039246,47.53489685,47.22420883,-
Tue Oct 24 17:57:21 EDT 2017,57:21.5,-76.03319337,36.77399608,21.25,9,-31,99.5,-0.5363012,4.78840351,7.431602,-0.07815337,-,20.3921566,0.01788361,-,-,78.80000305,27.00021362,1639,-,-101.7060394,36.77399445,-76.0331955,11.37254906,47.53489685,47.22420883,-
Tue Oct 24 17:57:22 EDT 2017,57:22.6,-76.03295685,36.77396686,21.25,10,-30.70000076,98.8,-0.42137951,4.75009632,9.27034855,0.08168966,-,16.47058868,-0.09163939,-,-,78.80000305,27.21088028,1646,-,-100.7217865,36.77396774,-76.03295898,6.66666698,47.53489685,47.22420883,-
Tue Oct 24 17:57:23 EDT 2017,57:23.4,-76.03271611,36.77394007,21.25,10,-30.60000038,98.3,0.22984336,5.40131903,8.35097599,-0.00791307,-,16.47058868,0.01442994,-,-,78.80000305,27.417202,1629,-,-100.3936997,36.77394104,-76.03271484,6.66666698,47.53489685,47.22420883,-
Tue Oct 24 17:57:24 EDT 2017,57:24.2,-76.03247945,36.77391432,21.25,10,-30.29999924,97.6,-0.34476504,5.20978308,8.35097599,0.00848651,-,17.25490189,0.00430141,-,-,78.80000305,27.61297417,1622,-,-99.40944672,36.77391434,-76.03247833,7.05882359,47.53489685,46.60284042,-
Tue Oct 24 17:57:25 EDT 2017,57:25.2,-76.03224592,36.77388441,21,10,-30.20000076,97.6,-0.34476504,5.28639746,8.46589756,0.03702289,-,17.64705849,-0.03955488,-,-,77,27.8047924,1610,-,-99.08136749,36.77388382,-76.03224945,8.23529434,46.97566223,46.60284042,-
Tue Oct 24 17:57:26 EDT 2017,57:26.1,-76.03201921,36.7738624,20.75,10,-30.60000038,97.9,0.42137951,5.09486103,8.23605347,0.00714433,-,16.07843208,0.02942848,-,-,77,27.98655891,1604,-,-100.3936997,36.77386093,-76.03202057,6.66666698,46.41642761,45.9814682,-
Tue Oct 24 17:57:27 EDT 2017,57:26.9,-76.03179151,36.77384423,20.75,9,-30.79999924,98,1.03429508,5.66946983,9.46188545,0.08056315,-,16.07843208,0.12972374,-,-,77,28.16472626,1588,-,-101.0498657,36.77384567,-76.03179169,6.66666698,46.41642761,45.9814682,-
Tue Oct 24 17:57:28 EDT 2017,57:28.0,-76.03156639,36.77381398,20.5,10,-30.89999962,98.5,0.22984336,4.90332508,9.76834297,0.13340718,-,23.92156982,0.11478791,-,-,77,28.33330727,1600,-,-101.3779526,36.77381516,-76.03156281,13.72549057,45.85719299,45.36009598,-
Tue Oct 24 17:57:29 EDT 2017,57:28.8,-76.03133303,36.77379039,20.75,11,-30.5,98.9,0.57460839,0.99598789,9.53849983,-0.00163645,-,23.52941132,-0.02030191,-,-,77,28.50465012,1669,-,-100.0656204,36.77379227,-76.03133392,14.90196133,46.41642761,45.9814682,49.80196381
Tue Oct 24 17:57:30 EDT 2017,57:29.7,-76.03110154,36.77377415,20.75,9,-29.60000038,98.9,2.26012635,2.52827692,8.1211319,-0.03730316,-,23.13725471,-0.06706025,-,-,77,28.67269516,1610,-,-97.11286163,36.77377319,-76.03110504,14.50980377,46.41642761,45.9814682,49.80196381
Tue Oct 24 17:57:31 EDT 2017,57:30.8,-76.03087175,36.77374543,21,10,-29.29999924,98.3,0.68953007,2.37504816,9.00219822,-0.02934551,-,21.56862831,-0.04802034,-,-,77,28.84346008,1615,-,-96.1286087,36.77374649,-76.03086853,12.94117641,46.97566223,46.60284042,32.13544464
Tue Oct 24 17:57:31 EDT 2017,57:31.7,-76.03087175,36.77374543,21,10,-29.29999924,98.3,-0.03830723,2.98796368,9.99818611,0.08272952,-,21.17647171,-0.00194733,-,-,77,29.01099968,1651,-,-96.1286087,36.77374649,-76.03086853,12.54901981,46.97566223,46.60284042,32.13544464
Tue Oct 24 17:57:32 EDT 2017,57:32.5,-76.03063819,36.77372007,20.75,11,-29,98.2,-3.83072281,2.03028297,9.34696388,0.01353779,-,21.96078491,0.00297111,-,-,77,29.17540932,1644,-,-95.14435577,36.77371979,-76.03063965,13.33333397,46.41642761,46.60284042,32.13544464
Tue Oct 24 17:57:34 EDT 2017,57:33.7,-76.03017109,36.77368123,21,11,-28.29999924,96.7,0.22984336,6.7803793,6.05254173,-0.14701115,-,21.96078491,-0.23367777,-,-,77,29.34252739,1648,-,-92.84776306,36.77368164,-76.03017426,13.33333397,46.97566223,47.22420883,30.83740234
Tue Oct 24 17:57:34 EDT 2017,57:34.5,-76.03017109,36.77368123,21,11,-28.29999924,96.7,0.45968673,8.23605347,4.75009632,-0.0320977,-,22.35294151,0.02253509,-,-,77,29.50658226,1661,-,-92.84776306,36.77368164,-76.03017426,14.11764717,46.97566223,47.22420883,30.83740234
Tue Oct 24 17:57:35 EDT 2017,57:35.3,-76.02993116,36.77367774,21.25,11,-28.39999962,94,-2.60489154,4.86501789,7.73806,-0.02366677,-,16.47058868,0.08380669,-,-,77,29.66764832,1656,-,-93.17584991,36.77367783,-76.02993011,10.58823586,47.53489685,47.22420883,30.83740234
Tue Oct 24 17:57:36 EDT 2017,57:36.4,-76.0296943,36.77368309,21.25,10,-28,91,0,5.97592735,7.62313843,0.00638795,-,17.64705849,-0.05038749,-,-,77,29.82581711,1641,-,-91.86351776,36.77368164,-76.0296936,7.45098066,47.53489685,47.22420883,30.83740234
Tue Oct 24 17:57:37 EDT 2017,57:37.4,-76.02945267,36.77368552,21.25,11,-27.79999924,89.1,0.65122288,6.58884287,7.73806,0.04495621,-,18.4313736,0.05522266,-,-,77,29.98115921,1618,-,-91.20734406,36.77368546,-76.02944946,8.62745094,47.53489685,47.22420883,-
Tue Oct 24 17:57:38 EDT 2017,57:38.4,-76.02921936,36.77371682,21,11,-28.29999924,87.3,0.5363012,6.24407816,6.28238535,-0.07643229,-,20,-0.09512328,-,-,77,30.12825394,1617,-,-92.84776306,36.77371597,-76.02922058,10.98039246,46.97566223,46.60284042,-
Tue Oct 24 17:57:39 EDT 2017,57:39.3,-76.02898542,36.77375687,20.5,10,-28.39999962,84.6,0.03830723,7.58483076,6.09084892,-0.01996644,-,20.3921566,-0.00804321,-,-,77,30.27821922,1648,-,-93.17584991,36.77375793,-76.02898407,11.76470566,45.85719299,47.22420883,51.99915314
Tue Oct 24 17:57:40 EDT 2017,57:40.3,-76.02875598,36.7738096,20.75,4,-28.39999962,80.3,0.34476504,7.39329481,7.01022243,0.0581699,-,16.07843208,0.02163188,-,-,77,30.42557526,1628,-,-93.17584991,36.77381134,-76.02875519,7.45098066,46.41642761,47.22420883,51.99915314
Tue Oct 24 17:57:41 EDT 2017,57:41.3,-76.02853023,36.77386557,21,4,-28.10000038,75.7,1.14921677,7.35498762,7.85298157,0.12201947,-,18.4313736,0.10339636,-,-,77,30.57039261,1631,-,-92.19160461,36.77386475,-76.02853394,9.4117651,46.97566223,47.22420883,51.99915314
Tue Oct 24 17:57:42 EDT 2017,57:42.2,-76.02830065,36.77391532,21,4,-28.70000076,74.5,-0.15322891,7.27837324,6.93360806,0.04382282,-,18.4313736,0.02517297,-,-,77,30.71273041,1632,-,-94.16011047,36.77391434,-76.02829742,9.4117651,46.97566223,47.22420883,51.99915314
Tue Oct 24 17:57:43 EDT 2017,57:43.0,-76.02806975,36.77396743,21.25,4,-28.5,74.7,0.03830723,6.39730692,6.01423454,-0.08593911,-,16.86274529,-0.1046333,-,-,77,30.84739494,1632,-,-93.50393677,36.77396774,-76.02806854,6.66666698,47.53489685,46.60284042,-
Tue Oct 24 17:57:44 EDT 2017,57:44.2,-76.02784191,36.77401542,21,4,-28.5,74.5,-0.15322891,6.7803793,6.12915611,-0.049164,-,18.4313736,-0.02677915,-,-,77,30.97979355,1609,-,-93.50393677,36.77401352,-76.02783966,10.1960783,46.97566223,46.60284042,-
Tue Oct 24 17:57:45 EDT 2017,57:45.0,-76.02761242,36.774066,20.75,4,-28.60000038,74.7,-0.45968673,6.05254173,6.62715054,-0.06490803,-,18.8235302,0.03465495,-,-,77,31.1048069,1599,-,-93.83202362,36.77406693,-76.02761078,9.4117651,46.41642761,45.9814682,-
Tue Oct 24 17:57:46 EDT 2017,57:45.9,-76.02738441,36.77412045,21,4,-28.5,73.6,0.99598789,6.62715054,7.01022243,0.00759947,-,18.8235302,-0.0606951,-,-,77,31.2226181,1598,-,-93.50393677,36.77412033,-76.0273819,10.1960783,46.97566223,45.36009598,-
Tue Oct 24 17:57:47 EDT 2017,57:47.0,-76.02715769,36.77415591,20.5,4,-28.29999924,76.5,1.14921677,7.31668043,6.89530087,0.0505262,-,20,0.03446321,-,-,77,31.33849907,1587,-,-92.84776306,36.77415466,-76.02716064,10.98039246,45.85719299,45.36009598,-
Tue Oct 24 17:57:48 EDT 2017,57:48.0,-76.0269299,36.77417032,20.5,4,-28.39999962,81,0.84275901,7.39329481,6.4739213,-0.01530494,-,21.56862831,0.00576646,-,-,77,31.45754623,1607,-,-93.17584991,36.77416992,-76.02693176,12.94117641,45.85719299,45.9814682,50.60741806
Tue Oct 24 17:57:49 EDT 2017,57:49.1,-76.02670064,36.77418376,20.75,3,-28.70000076,86.2,-0.2681506,7.24006605,6.7803793,0.03050894,-,20.3921566,-0.04905475,-,-,77,31.57467842,1606,-,-94.16011047,36.77418518,-76.02670288,11.76470566,46.41642761,45.9814682,50.60741806
Tue Oct 24 17:57:50 EDT 2017,57:49.9,-76.02646628,36.77418374,20.75,4,-29.5,90.1,0.19153613,6.74207211,6.89530087,0.00224048,-,18.4313736,-0.04911091,-,-,77,31.69490051,1618,-,-96.78477478,36.77418518,-76.02646637,10.1960783,46.41642761,46.60284042,53.39668274
Tue Oct 24 17:57:51 EDT 2017,57:50.7,-76.02623145,36.77418202,21,4,-30.10000038,93,0.76614451,6.70376492,6.12915611,-0.05178589,-,18.4313736,-0.07046843,-,-,77,31.81321907,1616,-,-98.75328064,36.77418137,-76.02622986,9.4117651,46.97566223,46.60284042,53.39668274
Tue Oct 24 17:57:52 EDT 2017,57:51.9,-76.02599833,36.77416707,21,4,-30,94.3,0.61291564,7.16345167,6.32069254,0.00888353,-,19.6078434,-0.0238282,-,-,77,31.92967224,1612,-,-98.42519379,36.77416611,-76.02600098,9.4117651,46.97566223,46.60284042,53.39668274
Tue Oct 24 17:57:53 EDT 2017,57:52.7,-76.02576924,36.774138,20.75,5,-29.79999924,97.4,0.72783732,7.24006605,6.43561411,-0.01173584,-,19.6078434,-0.0094286,-,-,77,32.04430771,1620,-,-97.76902771,36.7741394,-76.02577209,10.98039246,46.41642761,46.60284042,53.39668274
Tue Oct 24 17:57:54 EDT 2017,57:53.6,-76.02553542,36.77409804,20.75,5,-29.60000038,101,0.68953007,7.58483076,6.09084892,0.0130983,-,18.8235302,-0.00556204,-,-,77,32.15716171,1625,-,-97.11286163,36.77409744,-76.02553558,9.4117651,46.41642761,46.60284042,-
Tue Oct 24 17:57:55 EDT 2017,57:54.8,-76.0253118,36.77405923,20.5,5,-29.70000076,102.5,1.9153614,6.62715054,6.51222849,-0.01395959,-,19.6078434,-0.0326292,-,-,77,32.26828384,1621,-,-97.44094849,36.7740593,-76.02531433,9.8039217,45.85719299,46.60284042,-
Tue Oct 24 17:57:56 EDT 2017,57:55.7,-76.02508323,36.77397157,21,4,-28.89999962,109.8,0.76614451,6.62715054,6.39730692,-0.03880602,-,18.4313736,-0.05748412,-,-,77,32.37770844,1619,-,-94.81626892,36.77397156,-76.02508545,10.58823586,46.97566223,46.60284042,-
Tue Oct 24 17:57:57 EDT 2017,57:56.6,-76.02488573,36.77389025,21,4,-29.29999924,113.9,0.8810662,7.01022243,6.58884287,0.00379777,-,20.3921566,-0.01486574,-,-,77,32.48547363,1619,-,-96.1286087,36.77389145,-76.02488708,10.98039246,46.97566223,46.60284042,-
Tue Oct 24 17:57:57 EDT 2017,57:57.6,-76.02488573,36.77389025,21,4,-29.29999924,113.9,0.80445176,6.89530087,6.66545773,0.00003582,-,21.56862831,-0.01862903,-,-,77,32.59161758,1633,-,-96.1286087,36.77389145,-76.02488708,12.94117641,46.97566223,46.60284042,-
Tue Oct 24 17:57:59 EDT 2017,57:58.7,-76.02449415,36.77370229,20.75,3,-29.89999962,121.8,0.42137951,7.39329481,6.39730692,-0.01410354,-,20.7843132,0.03461808,-,-,77,32.69618225,1619,-,-98.09711456,36.77370071,-76.02449036,11.76470566,46.41642761,46.60284042,-
Tue Oct 24 17:58:00 EDT 2017,57:59.8,-76.02430654,36.77359529,21,3,-30.20000076,123.9,0.07661445,7.24006605,8.23605347,0.13685673,-,19.2156868,0.11823864,-,-,77,32.79919434,1619,-,-99.08136749,36.7735939,-76.02430725,11.37254906,46.97566223,46.60284042,-
Tue Oct 24 17:58:00 EDT 2017,58:00.6,-76.02430654,36.77359529,21,3,-30.20000076,123.9,-0.30645782,6.35899973,6.89530087,0.01324821,-,18.4313736,-0.04300861,-,-,77,32.90069199,1611,-,-99.08136749,36.7735939,-76.02430725,9.01960754,46.97566223,46.60284042,-
Tue Oct 24 17:58:01 EDT 2017,58:01.4,-76.02411299,36.77347849,21,4,-29.20000076,125.2,-1.14921677,4.55855989,8.31266785,0.05051927,-,18.4313736,-0.02617577,-,-,77,33.00070572,1614,-,-95.80052948,36.77347946,-76.02411652,9.4117651,46.97566223,46.60284042,-
Tue Oct 24 17:58:03 EDT 2017,58:02.7,-76.023729,36.77325571,21,4,-28.10000038,125.2,-0.2681506,6.85699368,7.431602,-0.01166174,-,17.64705849,-0.01033015,-,-,77,33.09927368,1611,-,-92.19160461,36.77325439,-76.02372742,8.23529434,46.97566223,46.60284042,-
Tue Oct 24 17:58:03 EDT 2017,58:03.5,-76.023729,36.77325571,21,4,-28.10000038,125.2,0.07661445,6.62715054,6.93360806,-0.0032571,-,18.4313736,-0.04960849,-,-,77,33.19642258,1607,-,-92.19160461,36.77325439,-76.02372742,8.62745094,46.97566223,46.60284042,-
Tue Oct 24 17:58:04 EDT 2017,58:04.3,-76.02354303,36.77314796,20.75,4,-28.39999962,125.2,-0.34476504,6.01423454,6.74207211,-0.05935711,-,17.25490189,-0.00500213,-,-,77,33.29217911,1606,-,-93.17584991,36.77314758,-76.02354431,7.45098066,46.41642761,46.60284042,-
Tue Oct 24 17:58:05 EDT 2017,58:05.6,-76.0233534,36.77303592,20.75,4,-27.89999962,125.2,0.34476504,6.70376492,6.97191525,0.00556141,-,16.07843208,0.00018309,-,-,77,33.38217545,1602,-,-91.53543091,36.77303696,-76.02335358,8.23529434,46.41642761,45.9814682,-
Tue Oct 24 17:58:06 EDT 2017,58:06.4,-76.02316327,36.77292797,20.75,4,-27.60000038,125.2,0.2681506,6.58884287,6.32069254,-0.04987609,-,18.03921509,-0.06855799,-,-,77,33.47090149,1592,-,-90.55118561,36.77292633,-76.02316284,8.62745094,46.41642761,45.9814682,-
Tue Oct 24 17:58:07 EDT 2017,58:07.2,-76.0229756,36.77281525,20.5,4,-27.39999962,125.4,-0.07661445,7.01022243,6.85699368,-0.04218693,-,18.03921509,-0.00001526,-,-,77,33.55838776,1599,-,-89.8950119,36.7728157,-76.02297211,8.62745094,45.85719299,45.9814682,-
Tue Oct 24 17:58:08 EDT 2017,58:08.3,-76.02278996,36.77270604,20.5,4,-27.29999924,125.8,-0.34476504,7.66144562,5.47793341,-0.02027959,-,18.03921509,0.13725552,-,-,77,33.64466095,1590,-,-89.56692505,36.77270508,-76.022789,8.62745094,45.85719299,45.9814682,-
Tue Oct 24 17:58:09 EDT 2017,58:09.3,-76.02260373,36.77259865,20.5,3,-27.10000038,125.7,-0.34476504,5.7843914,7.54652357,-0.00995508,-,18.4313736,-0.12502615,-,-,77,33.72545624,1585,-,-88.91075897,36.77259827,-76.0226059,9.4117651,45.85719299,45.36009598,-
Tue Oct 24 17:58:10 EDT 2017,58:10.3,-76.0224185,36.77249804,20.25,4,-27.10000038,124.9,0.30645782,7.01022243,6.55053568,-0.00601548,-,20.3921566,-0.0318566,-,-,77,33.80514526,1581,-,-88.91075897,36.77249908,-76.02241516,11.37254906,45.29796219,45.36009598,-
Tue Oct 24 17:58:11 EDT 2017,58:11.2,-76.02222957,36.77239044,20.25,3,-27.10000038,125.5,0.11492168,5.7843914,8.27436066,0.07449293,-,20,0.02954696,-,-,77,33.88375092,1599,-,-88.91075897,36.77239227,-76.02223206,10.98039246,45.29796219,45.36009598,-
Tue Oct 24 17:58:12 EDT 2017,58:12.0,-76.02204754,36.77228568,20.25,3,-26.70000076,126.5,0,6.01423454,8.08282471,-0.00451963,-,18.4313736,-0.09171497,-,-,77,33.96129608,1575,-,-87.59842682,36.77228546,-76.02204895,9.4117651,45.29796219,45.36009598,-
Tue Oct 24 17:58:13 EDT 2017,58:13.2,-76.02185906,36.77217854,20.5,3,-26.5,126.2,0.11492168,6.66545773,6.35899973,-0.02335709,-,18.4313736,-0.01251422,-,-,77,34.03779602,1571,-,-86.94226074,36.77217865,-76.02185822,9.4117651,45.85719299,45.36009598,-
Tue Oct 24 17:58:14 EDT 2017,58:14.1,-76.02167852,36.77207066,20.25,3,-27,126.2,-0.15322891,7.16345167,8.27436066,-0.00170673,-,19.6078434,0.04697702,-,-,77,34.03779602,1581,-,-88.58267975,36.77207184,-76.02167511,10.58823586,45.29796219,45.36009598,-
Tue Oct 24 17:58:15 EDT 2017,58:15.5,-76.02149619,36.77196553,20.25,3,-27.5,125.3,-0.03830723,6.51222849,6.66545773,-0.0310775,-,19.2156868,-0.14737201,-,-,77,34.11328125,1586,-,-90.22309875,36.77196503,-76.02149963,10.1960783,45.29796219,45.36009598,-
Tue Oct 24 17:58:17 EDT 2017,58:16.7,-76.02112243,36.77175411,20.5,4,-28.5,124.7,0.34476504,6.35899973,6.62715054,-0.04409677,-,17.25490189,-0.09514857,-,-,77,34.1877594,1587,-,-93.50393677,36.77175522,-76.02112579,8.62745094,45.85719299,45.36009598,-
Tue Oct 24 17:58:18 EDT 2017,58:17.8,-76.02093125,36.77164799,20.5,4,-28.60000038,124.4,0.07661445,5.97592735,7.01022243,0.00137598,-,17.64705849,-0.06063824,-,-,77,34.26535034,1578,-,-93.83202362,36.77164841,-76.02093506,8.62745094,45.85719299,45.9814682,45.6682663
Tue Oct 24 17:58:19 EDT 2017,58:18.6,-76.02074285,36.77154748,20.25,4,-28.39999962,124.4,-0.19153613,6.89530087,7.12514448,0.04752146,-,17.64705849,0.01126619,-,-,77,34.33786392,1575,-,-93.17584991,36.77154922,-76.02074432,8.62745094,45.29796219,45.36009598,45.6682663
Tue Oct 24 17:58:20 EDT 2017,58:19.7,-76.02056147,36.77144168,20.25,4,-28.5,125,0,6.70376492,7.96790314,0.05017988,-,17.64705849,0.04471559,-,-,77,34.40943909,1580,-,-93.50393677,36.77144241,-76.02056122,8.62745094,45.29796219,45.36009598,45.6682663
Tue Oct 24 17:58:21 EDT 2017,58:20.7,-76.02037907,36.77134359,20,4,-28.89999962,124.1,-0.15322891,6.81868649,7.77636719,0.07339233,-,18.8235302,0.0547526,-,-,77,34.48008728,1577,-,-94.81626892,36.77134323,-76.02037811,8.62745094,44.73872757,45.36009598,45.6682663
Tue Oct 24 17:58:21 EDT 2017,58:21.6,-76.02037907,36.77134359,20,4,-28.89999962,124.1,0.68953007,7.62313843,9.34696388,0.25051051,-,18.8235302,0.23193122,-,-,77,34.54983139,1583,-,-94.81626892,36.77134323,-76.02037811,10.1960783,44.73872757,45.36009598,-
Tue Oct 24 17:58:22 EDT 2017,58:22.4,-76.02018712,36.77124728,20,4,-29.20000076,123,0.42137951,6.43561411,7.12514448,-0.00133294,-,18.8235302,-0.01999824,-,-,77,34.61868668,1571,-,-95.80052948,36.77124786,-76.02018738,8.23529434,44.73872757,45.36009598,-
Tue Oct 24 17:58:23 EDT 2017,58:23.6,-76.01999978,36.77115382,20,4,-29.29999924,123.5,-0.19153613,5.59285498,6.62715054,-0.09514622,-,16.07843208,-0.12760222,-,-,77,34.6866684,1586,-,-96.1286087,36.7711525,-76.01999664,9.8039217,44.73872757,45.36009598,-
Tue Oct 24 17:58:24 EDT 2017,58:24.5,-76.01981726,36.77104096,20.25,4,-29.5,124.8,-0.15322891,6.24407816,7.92959595,0.04795831,-,16.07843208,-0.05319558,-,-,77,34.74989319,1566,-,-96.78477478,36.77104187,-76.01981354,6.27450991,45.29796219,44.73872757,-
Tue Oct 24 17:58:25 EDT 2017,58:25.4,-76.01963684,36.77092537,20.25,3,-29.39999962,125.3,-0.42137951,6.05254173,7.39329481,-0.00606835,-,17.25490189,-0.02473524,-,-,77,34.80843735,1535,-,-96.45669556,36.77092361,-76.01963806,8.23529434,45.29796219,44.11735535,-
Tue Oct 24 17:58:26 EDT 2017,58:26.5,-76.01946215,36.77082398,19.75,3,-29.39999962,125,-0.07661445,6.28238535,7.54652357,0.00339345,-,19.2156868,0.00131902,-,-,77,34.86239624,1528,-,-96.45669556,36.77082443,-76.01946259,10.1960783,44.17948914,43.49598312,-
Tue Oct 24 17:58:27 EDT 2017,58:27.5,-76.01928355,36.77072193,19.75,3,-29.39999962,124.6,1.53228903,7.39329481,10.41956615,0.33068568,-,18.4313736,0.0834194,-,-,77,34.91569138,1543,-,-96.45669556,36.77072144,-76.01928711,10.1960783,44.17948914,43.49598312,-
Tue Oct 24 17:58:28 EDT 2017,58:28.6,-76.0190993,36.77062149,19.75,4,-29.5,124.5,-0.61291564,6.16746378,7.12514448,0.02098604,-,18.8235302,-0.0370242,-,-,77,34.96833038,1517,-,-96.78477478,36.77062225,-76.01909637,9.4117651,44.17948914,43.49598312,-
Tue Oct 24 17:58:29 EDT 2017,58:29.5,-76.01892297,36.77051873,19.75,3,-29.20000076,124.6,0.38307226,6.85699368,8.19774628,0.10914308,-,18.4313736,0.04805496,-,-,77,35.02032852,1511,-,-95.80052948,36.77051926,-76.0189209,9.4117651,44.17948914,43.49598312,-
Tue Oct 24 17:58:30 EDT 2017,58:30.5,-76.01874323,36.77041708,19.75,4,-29.20000076,124.8,-0.30645782,5.86100578,6.35899973,-0.06476633,-,15.68627453,-0.11759377,-,-,77,35.07169724,1502,-,-95.80052948,36.77041626,-76.01874542,6.27450991,44.17948914,43.49598312,-
Tue Oct 24 17:58:31 EDT 2017,58:31.6,-76.01856893,36.77031652,19.5,3,-29.5,125.2,0.22984336,5.05655384,5.36301184,-0.0555853,-,20.3921566,-0.24800883,-,-,77,35.11870193,1492,-,-96.78477478,36.77031708,-76.01856995,10.98039246,43.62025452,42.8746109,-
Tue Oct 24 17:58:32 EDT 2017,58:32.5,-76.0183915,36.77021394,19.25,3,-29.20000076,124.8,-0.76614451,5.82269859,6.85699368,-0.06068993,-,20.7843132,-0.07986459,-,-,77,35.16514587,1511,-,-95.80052948,36.77021408,-76.01839447,12.15686321,43.0610199,42.8746109,-
Tue Oct 24 17:58:33 EDT 2017,58:33.3,-76.01822007,36.77011787,19,3,-29.89999962,123.9,-1.03429508,6.01423454,7.96790314,0.04207307,-,20,-0.03430263,-,-,77,35.21103668,1527,-,-98.09711456,36.77011871,-76.01821899,11.76470566,42.50178909,42.8746109,-
Tue Oct 24 17:58:35 EDT 2017,58:34.5,-76.01785322,36.76993024,19.25,4,-29.10000038,121.9,0.22984336,6.01423454,6.93360806,-0.04507387,-,18.8235302,-0.0637541,-,-,77,35.25637817,1503,-,-95.47244263,36.76993179,-76.01785278,9.01960754,43.0610199,42.8746109,-
Tue Oct 24 17:58:36 EDT 2017,58:36.4,-76.01766371,36.76984081,19.25,3,-29.39999962,121,-0.07661445,6.7803793,6.97191525,-0.04530718,-,20,-0.00826628,-,-,77,35.30119324,1491,-,-96.45669556,36.76984024,-76.01766205,11.37254906,43.0610199,42.8746109,-
Tue Oct 24 17:58:38 EDT 2017,58:38.2,-76.01728696,36.76967241,19.25,3,-30.29999924,119.2,-0.07661445,5.93762016,7.31668043,-0.02043831,-,19.6078434,-0.03911014,-,-,77,35.34548187,1492,-,-99.40944672,36.76967239,-76.01728821,9.8039217,43.0610199,42.8746109,-
Tue Oct 24 17:58:39 EDT 2017,58:39.2,-76.01709744,36.76959271,19.25,3,-30.29999924,117.8,0.34476504,6.28238535,7.12514448,0.01432492,-,18.8235302,-0.03070674,-,-,77,35.38925552,1512,-,-99.40944672,36.76959229,-76.01709747,10.1960783,43.0610199,42.8746109,-
Tue Oct 24 17:58:40 EDT 2017,58:40.4,-76.01690251,36.76951782,19.25,4,-31,116.2,1.49398184,6.55053568,6.01423454,-0.02612134,-,16.47058868,-0.08048667,-,-,77,35.43611526,1501,-,-101.7060394,36.76951599,-76.01689911,8.23529434,43.0610199,43.49598312,53.45877075
Tue Oct 24 17:58:41 EDT 2017,58:41.3,-76.01670471,36.76944704,19.25,3,-31.20000076,115,0.9576807,6.55053568,8.35097599,-0.00840638,-,15.68627453,0.10271858,-,-,77,35.47886658,1494,-,-102.3622055,36.76944733,-76.01670837,5.88235283,43.0610199,42.8746109,53.45877075
Tue Oct 24 17:58:42 EDT 2017,58:42.1,-76.01650513,36.76938137,19.25,4,-31.10000038,113.6,-0.15322891,5.86100578,6.93360806,-0.01320024,-,17.25490189,-0.04064377,-,-,77,35.52112961,1486,-,-102.0341187,36.76938248,-76.01650238,5.88235283,43.0610199,42.8746109,53.45877075
Tue Oct 24 17:58:43 EDT 2017,58:43.1,-76.01630593,36.76931608,19.25,4,-31.39999962,112.3,0.61291564,4.67348194,7.16345167,-0.10688299,-,18.03921509,-0.12558438,-,-,77,35.55937958,1475,-,-103.0183716,36.76931763,-76.01630402,9.01960754,43.0610199,42.25324249,53.45877075
Tue Oct 24 17:58:44 EDT 2017,58:43.9,-76.01610538,36.76925657,19,4,-31.70000076,111.2,0,4.75009632,6.20577097,-0.1100478,-,17.64705849,-0.24411285,-,-,77,35.59719849,1469,-,-104.0026245,36.76925659,-76.01610565,8.23529434,42.50178909,42.25324249,-
Tue Oct 24 17:58:45 EDT 2017,58:44.7,-76.01590312,36.76919832,19,4,-31.79999924,110.4,0.03830723,4.48194551,7.46990919,-0.02328362,-,17.25490189,-0.09143782,-,-,77,35.63459015,1463,-,-104.3307037,36.76919937,-76.01589966,8.23529434,42.50178909,42.25324249,-
Tue Oct 24 17:58:46 EDT 2017,58:45.7,-76.01570525,36.7691427,19,4,-31.79999924,109.9,1.9153614,5.20978308,8.50420475,0.01020097,-,15.29411793,-0.01849693,-,-,78.80000305,35.67156601,1461,-,-104.3307037,36.76914215,-76.01570892,5.88235283,42.50178909,42.25324249,-
Tue Oct 24 17:58:46 EDT 2017,58:46.5,-76.01570525,36.7691427,19,4,-31.79999924,109.9,0.80445176,5.13316822,8.04451752,-0.00479448,-,15.29411793,0.02072044,-,-,78.80000305,35.7046814,1446,-,-104.3307037,36.76914215,-76.01570892,5.88235283,42.50178909,41.63187027,-
Tue Oct 24 17:58:47 EDT 2017,58:47.3,-76.01550523,36.7690891,18.75,4,-32.09999847,109.2,1.49398184,5.05655384,8.58081913,0.05721611,-,15.29411793,0.02698722,-,-,78.80000305,35.73742676,1437,-,-105.3149567,36.76908875,-76.01550293,5.88235283,41.94255447,41.63187027,-
Tue Oct 24 17:58:48 EDT 2017,58:48.3,-76.01530295,36.76904125,18.75,4,-32.40000153,108.4,1.14921677,5.17147589,8.27436066,0.02052528,-,15.29411793,0.00186741,-,-,78.80000305,35.76639938,1416,-,-106.2992172,36.76904297,-76.01530457,5.88235283,41.94255447,41.01049805,-
Tue Oct 24 17:58:49 EDT 2017,58:49.1,-76.01511878,36.76897882,18.5,4,-32.40000153,109.9,0.30645782,3.67749381,8.31266785,-0.0538888,-,14.90196133,-0.07257206,-,-,78.80000305,35.79166031,1383,-,-106.2992172,36.76897812,-76.01512146,5.09803915,41.38331985,40.38912582,-
Tue Oct 24 17:58:50 EDT 2017,58:50.0,-76.01493669,36.76891031,18.25,4,-33.09999847,111.6,0.76614451,5.55454779,7.92959595,0.00898665,-,14.90196133,-0.04521149,-,-,78.80000305,35.81326675,1370,-,-108.5957947,36.76890945,-76.01493835,5.09803915,40.82408524,39.76775742,-
Tue Oct 24 17:58:51 EDT 2017,58:51.0,-76.01474913,36.76885295,18,5,-33.40000153,111.5,-0.19153613,5.13316822,8.84896946,0.02213875,-,14.50980377,0.04335638,-,-,78.80000305,35.82792664,1340,-,-109.5800552,36.76885223,-76.01474762,4.70588255,40.26485062,38.52501297,-
Tue Oct 24 17:58:52 EDT 2017,58:51.8,-76.01456495,36.76880081,17.25,5,-33.5,110.6,-0.91937345,5.36301184,7.46990919,0.05786788,-,15.29411793,-0.02469612,-,-,78.80000305,35.82906342,1463,-,-109.9081345,36.76880264,-76.01456451,5.88235283,38.58715057,36.03952789,-
Tue Oct 24 17:58:52 EDT 2017,58:52.6,-76.01456495,36.76880081,17.25,5,-33.5,110.6,0.07661445,5.32470465,7.27837324,0.05632676,-,14.90196133,-0.00015255,-,-,78.80000305,35.82022095,1498,-,-109.9081345,36.76880264,-76.01456451,5.49019623,38.58715057,34.17541504,-
Tue Oct 24 17:58:54 EDT 2017,58:54.4,-76.0142533,36.76870808,15,5,-33,109.1,1.07260239,5.24809027,7.62313843,-0.0312621,-,14.11764717,-0.04993768,-,-,78.80000305,35.78833771,1336,-,-108.2677155,36.76870728,-76.01425171,4.70588255,33.55404282,29.82581711,-
Tue Oct 24 17:58:56 EDT 2017,58:56.2,-76.013995,36.76863554,12.25,5,-33.29999924,107.8,0.57460839,5.36301184,8.42759037,0.03579007,-,14.50980377,0.02030926,-,-,78.80000305,35.73048782,1173,-,-109.2519684,36.7686348,-76.01399231,4.70588255,27.40246773,24.85484695,-
Tue Oct 24 17:58:58 EDT 2017,58:58.0,-76.01379634,36.7685819,9.25,5,-33.90000153,106.3,0.68953007,4.44363832,8.88727665,0.03430814,-,13.72549057,0.07886071,-,-,78.80000305,35.63727188,1096,-,-111.2204742,36.76858139,-76.01379395,3.92156863,20.69165993,18.01976395,-
Tue Oct 24 17:59:00 EDT 2017,58:59.8,-76.01368648,36.76854534,5.5,6,-34,105,0.34476504,4.67348194,8.54251194,0.01447655,-,13.72549057,0.02000258,-,-,78.80000305,35.5059967,892,-,-111.5485535,36.76854706,-76.01368713,3.52941179,12.30314922,10.56331062,-
Tue Oct 24 17:59:01 EDT 2017,59:01.6,-76.0136556,36.76854889,3.5,6,-33.79999924,95.8,0.45968673,4.67348194,8.35097599,0.00497973,-,14.11764717,-0.02303127,-,-,78.80000305,35.33724976,628,-,-110.8923874,36.76854706,-76.01365662,4.31372547,7.82927656,3.10685587,-
Tue Oct 24 17:59:03 EDT 2017,59:03.3,-76.01362004,36.76857573,1.75,7,-33.90000153,52.9,0.07661445,5.82269859,7.50821638,-0.0124234,-,14.50980377,-0.0176888,-,-,78.80000305,35.33724976,695,-,-111.2204742,36.76857758,-76.01361847,4.70588255,3.91463828,0,-
Tue Oct 24 17:59:05 EDT 2017,59:05.1,-76.01362673,36.76857539,0,6,-33.5,0,0.2681506,4.90332508,8.42759037,-0.00636165,-,14.11764717,-0.02706141,-,-,78.80000305,35.33724976,687,-,-109.9081345,36.76857376,-76.0136261,4.31372547,0,0,-
Tue Oct 24 17:59:07 EDT 2017,59:06.9,-76.01362093,36.76856965,0,4,-32.29999924,0,0.30645782,5.17147589,8.27436066,0.01414084,-,14.11764717,-0.02417215,-,-,78.80000305,35.33724976,683,-,-105.9711227,36.76856995,-76.01361847,3.92156863,0,0,-
Tue Oct 24 17:59:09 EDT 2017,59:08.7,-76.01361555,36.76856183,0,3,-31.60000038,0,0.34476504,5.20978308,8.15943909,0.00645739,-,13.72549057,-0.01220527,-,-,78.80000305,35.33724976,658,-,-103.6745453,36.76856232,-76.01361847,3.92156863,0,0,-
Tue Oct 24 17:59:11 EDT 2017,59:10.6,-76.01360898,36.76855576,0,3,-30.5,0,0.19153613,5.36301184,8.00621033,0.00150353,-,13.72549057,-0.0171608,-,-,78.80000305,35.33724976,654,-,-100.0656204,36.76855469,-76.01361084,3.52941179,0,0,-
Tue Oct 24 17:59:12 EDT 2017,59:12.4,-76.01360797,36.76855226,0,3,-30.39999962,0,0.15322891,5.28639746,8.08282471,0.00363523,-,13.72549057,-0.01502839,-,-,78.80000305,35.33724976,672,-,-99.73753357,36.76855087,-76.01361084,3.92156863,0,0,-
Tue Oct 24 17:59:14 EDT 2017,59:14.2,-76.01361042,36.76854265,0,3,-29.79999924,0,0.22984336,5.28639746,8.04451752,0.0005253,-,13.72549057,-0.01150262,-,-,78.80000305,35.33724976,658,-,-97.76902771,36.76854324,-76.01361084,3.92156863,0,0,-
Tue Oct 24 17:59:16 EDT 2017,59:16.0,-76.01360958,36.7685417,0,3,-29.70000076,0,0.19153613,4.71178913,7.54652357,-0.07389045,-,15.68627453,-0.09844292,-,-,78.80000305,35.33724976,663,-,-97.44094849,36.76854324,-76.01361084,4.31372547,0,0,-
Tue Oct 24 17:59:18 EDT 2017,59:17.8,-76.01359151,36.76853938,1.25,4,-28.89999962,119.7,1.57059634,1.45567465,8.96389103,0.018743,-,14.11764717,0.02728434,-,-,78.80000305,35.16703415,1190,-,-94.81626892,36.76853943,-76.01358795,4.70588255,2.79617047,2.48548484,8.72186661
Tue Oct 24 17:59:19 EDT 2017,59:19.6,-76.01356946,36.76853544,2,3,-30.10000038,106.9,-0.11492168,4.40533113,8.73404789,0.01623023,-,14.11764717,0.03247737,-,-,78.80000305,35.00177383,832,-,-98.75328064,36.76853561,-76.01357269,4.31372547,4.47387266,3.10685587,3.91789484
Tue Oct 24 17:59:21 EDT 2017,59:21.4,-76.01355946,36.76853317,0.25,4,-29.70000076,101.9,-0.22984336,5.17147589,7.85298157,0.00509128,-,14.50980377,-0.00407482,-,-,78.80000305,35.00177383,661,-,-97.44094849,36.7685318,-76.01355743,4.70588255,0.55923408,0,3.91789484
Tue Oct 24 17:59:23 EDT 2017,59:23.2,-76.01355435,36.76853948,0,4,-29.60000038,0,-0.03830723,5.20978308,7.96790314,0.00085096,-,14.11764717,-0.01399874,-,-,78.80000305,35.00177383,659,-,-97.11286163,36.76853943,-76.01355743,4.70588255,0,0,-
Tue Oct 24 17:59:25 EDT 2017,59:25.0,-76.01355654,36.76853856,0,3,-29.39999962,0,-0.07661445,5.28639746,8.15943909,0.01008731,-,14.11764717,-0.02055114,-,-,78.80000305,35.00177383,683,-,-96.45669556,36.76853943,-76.01355743,4.31372547,0,0,-
Tue Oct 24 17:59:27 EDT 2017,59:26.9,-76.01355915,36.76853714,0,3,-29.29999924,0,-0.07661445,5.24809027,8.08282471,0.00376295,-,14.11764717,-0.01071573,-,-,78.80000305,35.00177383,667,-,-96.1286087,36.76853561,-76.01355743,3.92156863,0,0,-
Tue Oct 24 17:59:29 EDT 2017,59:28.7,-76.01355985,36.76853763,0,3,-29.60000038,0,-0.45968673,5.89931297,7.31668043,-0.02178061,-,16.07843208,-0.04045292,-,-,78.80000305,35.00177383,661,-,-97.11286163,36.76853943,-76.01355743,5.88235283,0,0,-
Tue Oct 24 17:59:30 EDT 2017,59:30.5,-76.01355945,36.76853743,0,4,-29.5,0,-0.5363012,3.75410819,8.92558384,0.00815841,-,18.03921509,-0.01110135,-,-,78.80000305,34.83821106,1105,-,-96.78477478,36.76853561,-76.01355743,11.37254906,0,3.10685587,14.55532551
Tue Oct 24 17:59:32 EDT 2017,59:32.2,-76.01352941,36.76852891,1.5,4,-29.70000076,111.2,0.72783732,3.40934324,9.46188545,0.04689819,-,14.11764717,0.02824942,-,-,78.80000305,34.68582916,1108,-,-97.44094849,36.76852798,-76.01352692,4.31372547,3.35540414,4.97096968,14.34490967
Tue Oct 24 17:59:34 EDT 2017,59:34.0,-76.01348139,36.76851823,2.25,5,-29.89999962,106,-0.15322891,4.21379519,8.42759037,-0.02039063,-,14.50980377,-0.03906243,-,-,78.80000305,34.51921844,651,-,-98.09711456,36.76851654,-76.01348114,5.09803915,5.03310633,1.86411357,14.34490967
Tue Oct 24 17:59:36 EDT 2017,59:35.7,-76.01346528,36.76852704,0,4,-29.60000038,0,0.15322891,3.94564438,8.73404789,0.00681362,-,14.50980377,-0.00699775,-,-,78.80000305,34.51921844,694,-,-97.11286163,36.76852798,-76.01346588,4.70588255,0,0,-
Tue Oct 24 17:59:37 EDT 2017,59:37.6,-76.01346828,36.76853095,0,4,-29.79999924,0,-0.2681506,3.37103605,9.15542698,0.01390326,-,14.50980377,-0.01119394,-,-,78.80000305,34.51921844,677,-,-97.76902771,36.7685318,-76.01346588,4.70588255,0,0,-
Tue Oct 24 17:59:39 EDT 2017,59:39.3,-76.01346747,36.76853449,0.25,9,-29.70000076,96.1,0.2681506,1.68551803,8.38928318,-0.10830587,-,14.50980377,-0.12700769,-,-,78.80000305,34.34801865,678,-,-97.44094849,36.76853561,-76.01346588,4.70588255,0.55923408,0.62137121,0.9546538
Tue Oct 24 17:59:41 EDT 2017,59:41.0,-76.01345991,36.76853305,0.25,10,-29.5,96.1,-0.15322891,2.94965649,9.50019264,0.03314358,-,14.50980377,0.01449011,-,-,78.80000305,34.34801865,677,-,-96.78477478,36.7685318,-76.01345825,4.70588255,0.55923408,0,0.9546538
Tue Oct 24 17:59:43 EDT 2017,59:42.8,-76.01345462,36.76852828,0.25,11,-29.10000038,96.1,0.03830723,3.37103605,9.00219822,-0.00110728,-,14.11764717,0.00089981,-,-,78.80000305,34.34801865,673,-,-95.47244263,36.76852798,-76.01345825,4.31372547,0.55923408,0,-
Tue Oct 24 17:59:44 EDT 2017,59:44.5,-76.01345188,36.76852416,0.25,10,-28.89999962,96.1,0.5363012,6.09084892,8.19774628,0.05257839,-,21.96078491,0.04285165,-,-,78.80000305,34.34801865,661,-,-94.81626892,36.76852417,-76.01345062,10.1960783,0.55923408,0,-
Tue Oct 24 17:59:46 EDT 2017,59:46.2,-76.01345393,36.76851502,0.25,10,-30.70000076,96.1,-0.11492168,2.94965649,9.34696388,-0.00250137,-,14.90196133,-0.00047308,-,-,78.80000305,34.20663834,1679,-,-100.7217865,36.76851654,-76.01345062,6.66666698,0.55923408,6.21371174,40.82831192
Tue Oct 24 17:59:48 EDT 2017,59:47.9,-76.01344516,36.76850544,0.5,10,-31.20000076,96.1,0.57460839,2.79642749,9.23204136,-0.01545681,-,14.11764717,-0.01461027,-,-,78.80000305,34.06978226,851,-,-102.3622055,36.7685051,-76.01344299,4.70588255,1.11846817,6.83508301,8.85049438
Tue Oct 24 17:59:50 EDT 2017,59:49.7,-76.01341229,36.76849053,1.25,10,-30.79999924,116.6,0.5363012,4.32871675,8.81066227,0.0211646,-,18.8235302,0.00250693,-,-,78.80000305,33.91573715,624,-,-101.0498657,36.76848984,-76.01341248,8.23529434,2.79617047,3.10685587,8.85049438
Tue Oct 24 17:59:51 EDT 2017,59:51.5,-76.01339512,36.76847892,1.5,10,-30.79999924,123.8,0.61291564,6.32069254,8.35097599,0.08844095,-,30.98039246,0.04405808,-,-,78.80000305,33.77859879,1613,-,-101.0498657,36.76847839,-76.01339722,21.17647171,3.35540414,6.21371174,20.17517662
Tue Oct 24 17:59:53 EDT 2017,59:53.3,-76.01332499,36.76841104,5.5,9,-30.10000038,142,2.18351197,5.70777702,7.69975281,0.02105802,-,49.01960754,0.00240038,-,-,78.80000305,33.69178772,2286,-,-98.75328064,36.76840973,-76.01332855,43.13725662,12.30314922,16.15565109,121.4770279
Tue Oct 24 17:59:55 EDT 2017,59:55.1,-76.01326359,36.76819603,9.25,10,-29.89999962,171.9,0.5363012,4.71178913,8.23605347,-0.0036483,-,53.72549057,-0.03088783,-,-,80.59999847,33.64542389,1994,-,-98.09711456,36.76819611,-76.01325989,49.41176605,20.69165993,24.23347664,165.3953705
Tue Oct 24 17:59:57 EDT 2017,59:56.9,-76.0133553,36.76796168,13.25,10,-29.5,192.2,0.45968673,4.02225876,9.76834297,0.03486067,-,35.68627548,0.07825237,-,-,80.59999847,33.63891602,2428,-,-96.78477478,36.76796341,-76.01335907,32.54901886,29.6394043,32.31130219,178.4332886
Tue Oct 24 17:59:59 EDT 2017,59:58.7,-76.01346193,36.76769098,16,11,-29.89999962,196,-4.78840351,3.25611424,5.05655384,-0.19734651,-,27.05882454,0.05063603,-,-,80.59999847,33.6626358,2249,-,-98.09711456,36.76769257,-76.01345825,20,35.79098129,38.52501297,177.5512848
Tue Oct 24 18:00:00 EDT 2017,00:00.5,-76.0135347,36.76751959,18,9,-31.10000038,198.8,0.30645782,-2.33674097,9.61511421,0.04771181,-,22.74509811,0.0094917,-,-,80.59999847,33.69512939,1867,-,-102.0341187,36.7675209,-76.01353455,14.50980377,40.26485062,40.38912582,69.96083832
Tue Oct 24 18:00:02 EDT 2017,00:02.3,-76.01366284,36.76719902,18.75,3,-32,198.4,-0.11492168,-2.79642749,9.69172859,0.04731351,-,20,0.02866479,-,-,80.59999847,33.73627472,1818,-,-104.9868774,36.76720047,-76.01366425,12.15686321,41.94255447,42.25324249,72.87075043
Tue Oct 24 18:00:04 EDT 2017,00:04.1,-76.01380372,36.76687827,19,4,-34.59999847,198.7,1.03429508,-2.22181916,9.6534214,0.05540596,-,24.70588303,0.01560246,-,-,80.59999847,33.77702332,1840,-,-113.5170593,36.76688004,-76.01380157,13.72549057,42.50178909,42.25324249,72.87075043
Tue Oct 24 18:00:06 EDT 2017,00:05.9,-76.01395293,36.76655336,19.5,3,-34.40000153,200.1,0.8810662,-2.41335535,9.88326454,0.05995125,-,23.13725471,0.04130691,-,-,80.59999847,33.82330704,1947,-,-112.8609009,36.76655197,-76.01395416,14.90196133,43.62025452,43.49598312,46.41297531
Tue Oct 24 18:00:07 EDT 2017,00:07.8,-76.01403788,36.76639252,20,4,-34.20000076,202.2,1.07260239,-2.83473492,9.61511421,0.07995222,-,20,0.13980867,-,-,80.59999847,33.87503433,1987,-,-112.2047272,36.76639175,-76.01403809,12.15686321,44.73872757,44.73872757,46.49624252
Tue Oct 24 18:00:10 EDT 2017,00:09.8,-76.01431764,36.76588684,20.5,5,-33.40000153,205.3,0.65122288,-2.98796368,9.57680702,0.04379314,-,22.74509811,0.00421785,-,-,80.59999847,33.93214417,2081,-,-109.5800552,36.76588821,-76.01432037,14.90196133,45.85719299,45.9814682,40.34828186
Tue Oct 24 18:00:12 EDT 2017,00:11.9,-76.01453603,36.76554755,21.25,4,-35.09999847,209,0.22984336,-2.87304211,10.0364933,0.04990321,-,22.74509811,0.05332667,-,-,80.59999847,33.99746323,1697,-,-115.1574783,36.76554871,-76.014534,14.90196133,47.53489685,47.84558105,40.34828186
Tue Oct 24 18:00:14 EDT 2017,00:13.7,-76.01479259,36.76520687,21.25,4,-36.70000076,210.3,-0.34476504,-3.14119267,9.46188545,0.04022552,-,19.6078434,0.03297234,-,-,80.59999847,34.06217575,1676,-,-120.4068298,36.76520538,-76.0147934,10.58823586,47.53489685,47.84558105,-
Tue Oct 24 18:00:16 EDT 2017,00:15.5,-76.01502738,36.76486489,21.25,4,-36,207.1,0.34476504,-3.14119267,8.6957407,-0.03786778,29.91900063,16.47058868,0.03163469,-,-,78.80000305,34.12339401,1648,-,-118.1102371,36.76486588,-76.01502991,6.66666698,47.53489685,47.22420883,-
Tue Oct 24 18:00:17 EDT 2017,00:17.5,-76.01513178,36.7646995,21,4,-36.29999924,205.5,0.45968673,-3.60087943,9.42357826,0.04841763,29.91900063,15.29411793,-0.06014288,-,-,78.80000305,34.1811676,1615,-,-119.0944824,36.76469803,-76.01512909,5.88235283,46.97566223,46.60284042,-
Tue Oct 24 18:00:19 EDT 2017,00:19.3,-76.01531309,36.76436679,20,5,-35.70000076,204.1,0.15322891,-5.09486103,8.77235508,0.06250323,29.91900063,14.50980377,0.05762029,-,-,78.80000305,34.21836853,1484,-,-117.1259842,36.76436615,-76.01531219,5.09803915,44.73872757,42.25324249,-
Tue Oct 24 18:00:21 EDT 2017,00:21.1,-76.01545178,36.76409283,16,4,-35.70000076,200.6,0.34476504,-5.55454779,9.19373417,0.11450809,29.91900063,14.11764717,0.03671017,-,-,78.80000305,34.21532059,1192,-,-117.1259842,36.76409149,-76.01544952,4.70588255,35.79098129,33.55404282,-
Tue Oct 24 18:00:23 EDT 2017,00:22.9,-76.01553978,36.76389087,11.5,4,-35.59999847,197.5,0.80445176,-6.20577097,8.81066227,0.10637137,29.91900063,13.33333397,0.0768363,-,-,78.80000305,34.15555573,854,-,-116.7978973,36.76388931,-76.01554108,3.52941179,25.72476578,21.12662125,-
Tue Oct 24 18:00:25 EDT 2017,00:24.7,-76.01557684,36.7638325,3.25,3,-36,197,0.61291564,-4.59686708,9.38527107,0.08612865,29.91900063,14.11764717,0.06432237,-,-,78.80000305,34.03701782,748,-,-118.1102371,36.76383209,-76.01557922,4.31372547,7.2700429,8.07782555,-
Tue Oct 24 18:00:26 EDT 2017,00:26.6,-76.01557658,36.76382456,0.75,3,-36.79999924,194,0.30645782,-2.87304211,9.46188545,0.03013953,-,14.50980377,0.00882646,-,-,78.80000305,34.03701782,651,-,-120.7349091,36.76382446,-76.01557922,4.70588255,1.67770207,0,-
Tue Oct 24 18:00:28 EDT 2017,00:28.4,-76.0155789,36.7638192,0,3,-36.09999847,0,0.30645782,-2.9113493,9.30865574,0.01371169,-,14.11764717,-0.01251427,-,-,78.80000305,34.03701782,678,-,-118.4383164,36.76382065,-76.01557922,4.31372547,0,0,-
Tue Oct 24 18:00:30 EDT 2017,00:30.2,-76.01557892,36.76381667,0,3,-35.90000153,0,0.19153613,-2.83473492,9.53849983,0.0317101,-,14.11764717,0.01488855,-,-,78.80000305,34.03701782,663,-,-117.7821579,36.76381683,-76.01557922,4.31372547,0,0,-
Tue Oct 24 18:00:32 EDT 2017,00:32.0,-76.01557966,36.7638149,0,3,-35.59999847,0,0.2681506,-2.79642749,9.61511421,0.03214596,-,13.72549057,0.0214601,-,-,78.80000305,34.03701782,683,-,-116.7978973,36.76381302,-76.01557922,3.92156863,0,0,-
Tue Oct 24 18:00:34 EDT 2017,00:33.8,-76.01558016,36.76381563,0,3,-35.59999847,0,0.2681506,-2.94965649,9.23204136,0.03552154,-,13.33333397,-0.01143321,-,-,78.80000305,34.03701782,662,-,-116.7978973,36.76381683,-76.01557922,3.52941179,0,0,-
Tue Oct 24 18:00:35 EDT 2017,00:35.6,-76.01558099,36.76381534,0,3,-35.5,0,0.2681506,-2.83473492,9.50019264,0.0299812,-,13.72549057,0.01618825,-,-,78.80000305,34.03701782,683,-,-116.4698181,36.76381683,-76.01557922,3.92156863,0,0,-
Tue Oct 24 18:00:37 EDT 2017,00:37.4,-76.01558193,36.76381412,0,3,-35.40000153,0,0.22984336,-2.83473492,9.53849983,0.03362459,-,13.72549057,0.00853147,-,-,78.80000305,34.03701782,662,-,-116.1417389,36.76381302,-76.01557922,3.92156863,0,0,-
Tue Oct 24 18:00:39 EDT 2017,00:39.2,-76.01558215,36.7638142,0,3,-35.40000153,0,0.30645782,-2.83473492,9.50019264,0.03259603,-,13.33333397,0.01518169,-,-,78.80000305,34.03701782,660,-,-116.1417389,36.76381302,-76.01557922,3.52941179,0,0,-
Tue Oct 24 18:00:41 EDT 2017,00:41.0,-76.0155822,36.76381424,0,3,-35.40000153,0,0.2681506,-2.83473492,9.46188545,0.03090041,-,13.72549057,0.021363,-,-,78.80000305,34.03701782,669,-,-116.1417389,36.76381302,-76.01557922,3.92156863,0,0,-
Tue Oct 24 18:00:43 EDT 2017,00:42.8,-76.0155822,36.76381422,0,3,-35.40000153,0,0.2681506,-2.79642749,9.61511421,0.03434107,-,13.72549057,0.0177112,-,-,78.80000305,34.03701782,659,-,-116.1417389,36.76381302,-76.01557922,3.92156863,0,0,-
Tue Oct 24 18:00:44 EDT 2017,00:44.6,-76.0155822,36.76381422,0,3,-35.40000153,0,8.58081913,6.16746378,-8.35097599,0.39195985,-,13.72549057,0.37342888,-,-,80.59999847,34.03701782,663,-,-116.1417389,36.76381302,-76.01557922,3.92156863,0,0,-
Tue Oct 24 18:00:46 EDT 2017,00:46.4,-76.01558223,36.76381422,0,3,-35.40000153,0,-0.38307226,4.75009632,7.81467438,-0.04796201,-,13.72549057,-0.06664325,-,-,80.59999847,34.03701782,665,-,-116.1417389,36.76381302,-76.01557922,3.92156863,0,0,-
Tue Oct 24 18:00:48 EDT 2017,00:48.2,-76.01558219,36.76381422,0,3,-35.40000153,0,-1.49398184,5.47793341,8.15943909,0.01050144,-,13.72549057,0.01366242,-,-,80.59999847,34.03701782,652,-,-116.1417389,36.76381302,-76.01557922,3.92156863,0,0,-
Tue Oct 24 18:00:50 EDT 2017,00:50.0,-76.01558219,36.76381422,0,3,-35.40000153,0,0.30645782,7.89128876,6.32069254,0.09188452,-,13.72549057,0.11243119,-,-,80.59999847,34.03701782,670,-,-116.1417389,36.76381302,-76.01557922,3.92156863,0,0,-
Tue Oct 24 18:00:52 EDT 2017,00:51.8,-76.01558219,36.76381421,0,3,-35.40000153,0,-2.98796368,8.27436066,4.8267107,-0.02364645,-,13.72549057,-0.08426135,-,-,80.59999847,34.03701782,665,-,-116.1417389,36.76381302,-76.01557922,3.92156863,0,0,-
Tue Oct 24 18:00:53 EDT 2017,00:53.6,-76.01558219,36.76381422,0,3,-35.40000153,0,-1.76213241,7.85298157,5.01824665,-0.01417249,-,13.72549057,-0.03152568,-,-,80.59999847,34.03701782,662,-,-116.1417389,36.76381302,-76.01557922,3.92156863,0,0,-
Tue Oct 24 18:00:55 EDT 2017,00:55.4,-76.01558217,36.76381422,0,3,-35.40000153,0,5.09486103,2.33674097,8.00621033,0.01669994,-,13.72549057,-0.00340086,-,-,80.59999847,34.03701782,659,-,-116.1417389,36.76381302,-76.01557922,3.92156863,0,0,-
Tue Oct 24 18:00:57 EDT 2017,00:57.2,-76.01558284,36.76381689,0,3,-36.20000076,0,7.35498762,3.25611424,7.96790314,0.0865054,-,13.72549057,0.10071721,-,-,80.59999847,34.03701782,662,-,-118.7664032,36.76381683,-76.01557922,3.92156863,0,0,-
Tue Oct 24 18:00:59 EDT 2017,00:59.1,-76.01558175,36.76381693,0,3,-36.70000076,0,6.39730692,4.175488,5.66946983,-0.00030009,-,13.72549057,-0.0156715,-,-,80.59999847,34.03701782,665,-,-120.4068298,36.76381683,-76.01557922,3.92156863,0,0,-
Tue Oct 24 18:01:01 EDT 2017,01:00.9,-76.01558053,36.76381627,0.5,4,-36.90000153,194,-0.30645782,-2.79642749,8.31266785,-0.08642483,-,13.72549057,-0.0080125,-,-,80.59999847,34.03701782,670,-,-121.0629959,36.76381683,-76.01557922,3.92156863,1.11846817,0,-
Tue Oct 24 18:01:03 EDT 2017,01:02.7,-76.01558106,36.76381399,0,3,-36.29999924,0,0.2681506,-2.79642749,9.61511421,0.04027728,-,13.72549057,0.02511343,-,-,80.59999847,34.03701782,663,-,-119.0944824,36.76381302,-76.01557922,3.92156863,0,0,-
Tue Oct 24 18:01:04 EDT 2017,01:04.5,-76.01557983,36.76381501,0,3,-36.20000076,0,0.2681506,-2.7581203,9.73003578,0.05028969,-,13.72549057,0.03164203,-,-,80.59999847,34.03701782,656,-,-118.7664032,36.76381683,-76.01557922,3.92156863,0,0,-
Tue Oct 24 18:01:06 EDT 2017,01:06.3,-76.01557646,36.76381189,0,3,-35.40000153,0,0.22984336,-2.79642749,9.6534214,0.03868327,-,13.72549057,0.0240337,-,-,80.59999847,34.03701782,665,-,-116.1417389,36.76381302,-76.01557922,3.92156863,0,0,-
Tue Oct 24 18:01:08 EDT 2017,01:08.1,-76.01557309,36.76381026,0,3,-35.09999847,0,0.2681506,-2.79642749,9.69172859,0.04760998,-,13.72549057,0.02896142,-,-,80.59999847,34.03701782,662,-,-115.1574783,36.7638092,-76.01557159,3.92156863,0,0,-
Tue Oct 24 18:01:10 EDT 2017,01:09.9,-76.0155743,36.76380986,0,3,-35.20000076,0,0.2681506,-2.79642749,9.61511421,0.03616837,-,13.72549057,0.0214601,-,-,80.59999847,34.03701782,663,-,-115.4855652,36.7638092,-76.01557159,3.92156863,0,0,-
Tue Oct 24 18:01:11 EDT 2017,01:11.7,-76.01557653,36.76380919,0,3,-35.5,0,0.22984336,-2.79642749,9.6534214,0.04376334,-,13.72549057,0.01488855,-,-,80.59999847,34.03701782,663,-,-116.4698181,36.7638092,-76.01557922,3.92156863,0,0,-
Tue Oct 24 18:01:13 EDT 2017,01:13.4,-76.0155774,36.76380847,0,3,-35.79999924,0,0.22984336,-2.83473492,9.6534214,0.04485649,-,13.72549057,0.01497124,-,-,80.59999847,34.03701782,654,-,-117.4540634,36.7638092,-76.01557922,3.92156863,0,0,-
Tue Oct 24 18:01:15 EDT 2017,01:15.0,-76.01557748,36.76380821,0,3,-35.79999924,0,0.19153613,-2.83473492,9.50019264,0.02980012,-,13.72549057,0.01114553,-,-,80.59999847,34.03701782,670,-,-117.4540634,36.7638092,-76.01557922,3.92156863,0,0,-
Tue Oct 24 18:01:17 EDT 2017,01:16.8,-76.01557744,36.76380819,0,3,-35.79999924,0,0.22984336,-2.83473492,9.53849983,0.03757469,-,13.72549057,0.01618825,-,-,80.59999847,34.03701782,672,-,-117.4540634,36.7638092,-76.01557922,3.92156863,0,0,-
Tue Oct 24 18:01:19 EDT 2017,01:18.6,-76.0155775,36.76380818,0,3,-35.79999924,0,0.22984336,-2.7581203,9.69172859,0.03692635,-,13.72549057,0.02778923,-,-,80.59999847,34.03701782,661,-,-117.4540634,36.7638092,-76.01557922,3.92156863,0,0,-
Tue Oct 24 18:01:20 EDT 2017,01:20.3,-76.01557748,36.76380817,0,3,-35.79999924,0,0.22984336,-2.79642749,9.57680702,0.03626627,-,13.72549057,0.01761374,-,-,80.59999847,34.03701782,661,-,-117.4540634,36.7638092,-76.01557922,3.92156863,0,0,-
Tue Oct 24 18:01:22 EDT 2017,01:22.0,-76.0155775,36.76380815,0,3,-35.79999924,0,0.15322891,-2.79642749,9.53849983,0.03226447,-,13.72549057,0.01371515,-,-,80.59999847,34.03701782,665,-,-117.4540634,36.7638092,-76.01557922,3.92156863,0,0,-
Tue Oct 24 18:01:24 EDT 2017,01:23.9,-76.01557751,36.76380813,0,3,-35.79999924,0,0.19153613,-2.83473492,9.61511421,0.03836216,-,13.72549057,0.02503156,-,-,80.59999847,34.03701782,652,-,-117.4540634,36.7638092,-76.01557922,3.92156863,0,0,-
Tue Oct 24 18:01:25 EDT 2017,01:25.6,-76.0155775,36.76380813,0,3,-35.79999924,0,0.22984336,-2.87304211,9.50019264,0.03100628,-,13.72549057,0.01235205,-,-,80.59999847,34.03701782,662,-,-117.4540634,36.7638092,-76.01557922,3.92156863,0,0,-
Tue Oct 24 18:01:27 EDT 2017,01:27.4,-76.01557752,36.76380811,0,3,-35.79999924,0,0.2681506,-2.79642749,9.69172859,0.03767365,-,13.72549057,0.0327138,-,-,80.59999847,34.03701782,661,-,-117.4540634,36.7638092,-76.01557922,3.92156863,0,0,-
Tue Oct 24 18:01:29 EDT 2017,01:29.1,-76.01557747,36.76380809,0,3,-35.79999924,0,0.22984336,-2.87304211,9.53849983,0.03474361,-,13.72549057,0.01609064,-,-,80.59999847,34.03701782,655,-,-117.4540634,36.7638092,-76.01557922,3.92156863,0,0,-
Tue Oct 24 18:01:31 EDT 2017,01:30.9,-76.01557742,36.76380808,0,3,-35.79999924,0,0.2681506,-2.87304211,9.53849983,0.03484124,-,13.72549057,0.02620689,-,-,80.59999847,34.03701782,672,-,-117.4540634,36.7638092,-76.01557922,3.92156863,0,0,-
Tue Oct 24 18:01:33 EDT 2017,01:32.6,-76.01557741,36.76380808,0,3,-35.79999924,0,0.19153613,-2.87304211,9.46188545,0.03482528,-,13.72549057,0.0214601,-,-,80.59999847,34.03701782,668,-,-117.4540634,36.7638092,-76.01557922,3.92156863,0,0,-
Tue Oct 24 18:01:34 EDT 2017,01:34.4,-76.01557742,36.76380807,0,3,-35.79999924,0,0.19153613,-2.87304211,9.50019264,0.03595221,-,13.72549057,0.01226915,-,-,80.59999847,34.03701782,663,-,-117.4540634,36.7638092,-76.01557922,3.92156863,0,0,-
Tue Oct 24 18:01:36 EDT 2017,01:36.2,-76.01557739,36.76380807,0,3,-35.79999924,0,0.19153613,-2.9113493,9.46188545,0.02832824,-,13.72549057,0.00967312,-,-,80.59999847,34.03701782,670,-,-117.4540634,36.7638092,-76.01557922,3.92156863,0,0,-
Tue Oct 24 18:01:38 EDT 2017,01:38.0,-76.01557736,36.76380804,0,3,-35.79999924,0,0.2681506,-2.79642749,9.73003578,0.05136114,-,13.72549057,0.0327138,-,-,80.59999847,34.03701782,657,-,-117.4540634,36.7638092,-76.01557922,3.92156863,0,0,-
Tue Oct 24 18:01:40 EDT 2017,01:39.8,-76.01557736,36.76380804,0,3,-35.79999924,0,0.22984336,-2.87304211,9.53849983,0.03416476,-,13.72549057,0.01226915,-,-,80.59999847,34.03701782,675,-,-117.4540634,36.7638092,-76.01557922,3.92156863,0,0,-
Tue Oct 24 18:01:42 EDT 2017,01:41.6,-76.01557733,36.76380804,0,3,-35.79999924,0,0.15322891,-2.83473492,9.73003578,0.05220264,-,13.72549057,0.03745323,-,-,80.59999847,34.03701782,665,-,-117.4540634,36.7638092,-76.01557922,3.92156863,0,0,-
Tue Oct 24 18:01:43 EDT 2017,01:43.4,-76.01557734,36.76380805,0,3,-35.79999924,0,0.22984336,-2.83473492,9.61511421,0.03692007,-,13.72549057,0.02620689,-,-,80.59999847,34.03701782,663,-,-117.4540634,36.7638092,-76.01557922,3.92156863,0,0,-
Tue Oct 24 18:01:45 EDT 2017,01:45.5,-76.01557735,36.76380806,0,3,-35.79999924,0,0.2681506,-2.83473492,9.69172859,0.03899061,-,13.72549057,0.02620689,-,-,80.59999847,34.03701782,669,-,-117.4540634,36.7638092,-76.01557922,3.92156863,0,0,-
Tue Oct 24 18:01:47 EDT 2017,01:47.3,-76.01557734,36.76380804,0,9,-35.79999924,0,0.2681506,-2.7581203,9.76834297,0.03934624,-,13.72549057,0.03539944,-,-,80.59999847,34.03701782,656,-,-117.4540634,36.7638092,-76.01557922,3.92156863,0,0,-
Tue Oct 24 18:01:49 EDT 2017,01:49.1,-76.01557732,36.76380804,0,9,-35.79999924,0,0.22984336,-2.83473492,9.57680702,0.0373674,-,13.72549057,0.02246047,-,-,80.59999847,34.03701782,664,-,-117.4540634,36.7638092,-76.01557922,3.92156863,0,0,-
Tue Oct 24 18:01:51 EDT 2017,01:50.9,-76.01557731,36.76380802,0,9,-35.79999924,0,0.15322891,-2.87304211,9.42357826,0.04089812,-,13.72549057,0.00472674,-,-,80.59999847,34.03701782,664,-,-117.4540634,36.7638092,-76.01557922,3.92156863,0,0,-
Tue Oct 24 18:01:53 EDT 2017,01:53.0,-76.01557729,36.76380801,0,9,-35.79999924,0,0.22984336,-2.83473492,9.53849983,0.03362459,-,13.72549057,0.01497124,-,-,80.59999847,34.03701782,656,-,-117.4540634,36.7638092,-76.01557922,3.92156863,0,0,-
Tue Oct 24 18:01:55 EDT 2017,01:54.8,-76.01557731,36.76380801,0,9,-35.79999924,0,0.22984336,-2.83473492,9.6534214,0.04485649,-,13.72549057,0.02620689,-,-,80.59999847,34.03701782,660,-,-117.4540634,36.7638092,-76.01557922,3.92156863,0,0,-
Tue Oct 24 18:01:56 EDT 2017,01:56.6,-76.01557731,36.763808,0,9,-35.79999924,0,0.19153613,-2.83473492,9.53849983,0.03664333,-,13.72549057,0.01609064,-,-,80.59999847,34.03701782,665,-,-117.4540634,36.7638092,-76.01557922,3.92156863,0,0,-
Tue Oct 24 18:01:58 EDT 2017,01:58.4,-76.01557728,36.76380799,0,9,-35.79999924,0,0.19153613,-2.83473492,9.57680702,0.03728503,-,13.72549057,0.01863287,-,-,80.59999847,34.03701782,667,-,-117.4540634,36.7638092,-76.01557922,3.92156863,0,0,-
Tue Oct 24 18:02:00 EDT 2017,02:00.1,-76.01557728,36.76380798,0,9,-35.79999924,0,0.22984336,-2.7581203,9.73003578,0.04213908,-,13.72549057,0.02521018,-,-,80.59999847,34.03701782,656,-,-117.4540634,36.7638092,-76.01557922,3.92156863,0,0,-
Tue Oct 24 18:02:02 EDT 2017,02:01.9,-76.01557725,36.76380796,0,9,-35.79999924,0,0.2681506,-2.79642749,9.6534214,0.04386002,-,13.72549057,0.021363,-,-,80.59999847,34.03701782,657,-,-117.4540634,36.7638092,-76.01557922,3.92156863,0,0,-
Tue Oct 24 18:02:04 EDT 2017,02:03.7,-76.01557726,36.76380796,0,9,-35.79999924,0,-0.07661445,0.19153613,10.26633644,0.06572872,-,22.74509811,0.04708632,-,-,80.59999847,34.03701782,660,-,-117.4540634,36.7638092,-76.01557922,11.37254906,0,0,-
Tue Oct 24 18:02:06 EDT 2017,02:05.6,-76.01559303,36.76375988,4,9,-35.5,195.4,-1.95366859,-1.34075296,9.95987892,0.0626139,-,26.66666794,0.04397044,-,-,80.59999847,33.92237091,1953,-,-116.4698181,36.76375961,-76.01559448,19.6078434,8.94774532,8.69919682,56.09403992
Tue Oct 24 18:02:07 EDT 2017,02:07.4,-76.01559981,36.76370667,5.75,9,-34.90000153,187,-3.02627087,-2.03028297,10.15141487,0.06902036,-,25.09803963,-0.01396779,-,-,80.59999847,33.83953857,1982,-,-114.5013199,36.76370621,-76.01560211,18.03921509,12.86238289,15.53427982,101.0245972
Tue Oct 24 18:02:09 EDT 2017,02:09.3,-76.01553884,36.76357854,8.5,3,-35.5,150.6,-3.56257224,-2.37504816,10.0364933,0.13013326,-,24.70588303,0.05284126,-,-,80.59999847,33.77695847,1564,-,-116.4698181,36.76358032,-76.01554108,16.07843208,19.01395798,19.88387871,93.37215424
Tue Oct 24 18:02:10 EDT 2017,02:11.1,-76.01545399,36.76351984,9.25,3,-34.79999924,133,-1.8770541,-1.30244577,9.6534214,0.03022248,-,50.58823776,0.06963511,-,-,80.59999847,33.73435211,1849,-,-114.1732254,36.76351929,-76.01545715,41.5686264,20.69165993,24.23347664,95.61837006
Tue Oct 24 18:02:13 EDT 2017,02:12.9,-76.01516111,36.76343548,9.25,5,-33.5,108.1,0.11492168,-1.30244577,10.18972206,0.06622392,-,49.80392075,0.019419,-,-,80.59999847,33.7252655,2345,-,-109.9081345,36.76343536,-76.01515961,46.27450943,20.69165993,31.68992996,168.4558563
Tue Oct 24 18:02:15 EDT 2017,02:14.8,-76.01472612,36.76346298,16,4,-32.29999924,89.1,0.19153613,-2.22181916,11.37724686,-0.0456103,-,29.01960754,0.18223287,-,-,80.59999847,33.74650574,2456,-,-105.9711227,36.76346207,-76.01472473,22.35294151,35.79098129,38.52501297,154.8403778
Tue Oct 24 18:02:16 EDT 2017,02:16.6,-76.01450616,36.76347432,17.5,5,-33.40000153,87.6,0.57460839,-2.60489154,8.92558384,-0.03139061,-,22.35294151,-0.05006618,-,-,80.59999847,33.78124237,1935,-,-109.5800552,36.76347351,-76.01450348,14.50980377,39.14638519,41.63187027,125.977272
Tue Oct 24 18:02:19 EDT 2017,02:18.6,-76.01383092,36.76347406,18.75,4,-32.79999924,93.3,0.68953007,-2.64319873,9.73003578,0.04919499,-,20.3921566,0.03054693,-,-,80.59999847,33.81567383,1845,-,-107.6115494,36.76347351,-76.01383209,10.1960783,41.94255447,41.63187027,125.977272
Tue Oct 24 18:02:20 EDT 2017,02:20.4,-76.01361299,36.76345256,18.75,5,-32.20000076,94.7,0.03830723,-2.41335535,9.42357826,0.01061803,-,24.70588303,-0.00804315,-,-,80.59999847,33.85251999,1882,-,-105.6430435,36.76345444,-76.01361084,16.07843208,41.94255447,42.25324249,21.26035309
Tue Oct 24 18:02:22 EDT 2017,02:22.2,-76.01317867,36.76340387,19,5,-31.29999924,97.7,0.22984336,-2.87304211,11.68370438,0.24570316,-,21.96078491,0.22712219,-,-,80.59999847,33.89444733,1911,-,-102.6902847,36.76340485,-76.01317596,12.94117641,42.50178909,43.49598312,46.89972305
Tue Oct 24 18:02:24 EDT 2017,02:24.0,-76.01271994,36.7633327,20,5,-31.10000038,99.3,0.07661445,-3.17949986,10.11310768,0.0996744,-,17.64705849,0.08104366,-,-,80.59999847,33.94139099,1955,-,-102.0341187,36.76333237,-76.0127182,8.62745094,44.73872757,44.73872757,47.80711746
Tue Oct 24 18:02:26 EDT 2017,02:25.9,-76.01227473,36.76327378,20,4,-30.5,101,0.11492168,-3.21780705,9.99818611,0.07055847,-,16.47058868,0.07109632,-,-,78.80000305,33.98793411,1933,-,-100.0656204,36.76327515,-76.0122757,7.84313726,44.73872757,44.73872757,47.80711746
Tue Oct 24 18:02:28 EDT 2017,02:27.7,-76.0118454,36.76320209,19.5,4,-30.89999962,102.3,0.49799395,-3.29442143,9.11711979,0.04931872,-,16.07843208,0.05374669,-,-,78.80000305,34.02607346,1863,-,-101.3779526,36.76320267,-76.01184845,6.66666698,43.62025452,42.8746109,-
Tue Oct 24 18:02:29 EDT 2017,02:29.5,-76.01163461,36.76316507,18.75,3,-30.79999924,104.3,0.22984336,-3.48595762,9.84495735,0.0838756,-,16.47058868,0.0293099,-,-,78.80000305,34.05857849,1804,-,-101.0498657,36.76316452,-76.01163483,7.05882359,41.94255447,41.63187027,-
Tue Oct 24 18:02:31 EDT 2017,02:31.3,-76.01123859,36.76307943,18.25,4,-30.39999962,105.9,1.49398184,-2.52827692,10.64940929,0.14508599,-,15.68627453,0.18757068,-,-,78.80000305,34.08551407,1749,-,-99.73753357,36.7630806,-76.0112381,5.88235283,40.82408524,40.38912582,-
Tue Oct 24 18:02:33 EDT 2017,02:33.1,-76.01086844,36.76298285,17.5,4,-31.5,109.2,0.68953007,-3.56257224,8.92558384,-0.01480436,-,15.29411793,-0.01750241,-,-,78.80000305,34.10432816,1684,-,-103.3464584,36.76298141,-76.01087189,5.88235283,39.14638519,38.52501297,-
Tue Oct 24 18:02:35 EDT 2017,02:34.9,-76.01053038,36.76286856,16.5,4,-31.29999924,112.2,-0.30645782,-3.715801,8.81066227,-0.00576335,-,15.68627453,-0.02443019,-,-,78.80000305,34.10987091,1559,-,-102.6902847,36.76286697,-76.01052856,6.27450991,36.90944672,35.41815948,-
Tue Oct 24 18:02:37 EDT 2017,02:36.7,-76.01021865,36.76276881,15.5,5,-30.89999962,111.7,-0.07661445,-2.37504816,9.6534214,0.03241414,-,23.92156982,0.01376031,-,-,78.80000305,34.11014557,1491,-,-101.3779526,36.76276779,-76.01021576,14.90196133,34.67251205,34.17541504,-
Tue Oct 24 18:02:38 EDT 2017,02:38.6,-76.01006312,36.76270864,15.5,4,-31.39999962,112.1,0.38307226,-3.02627087,10.41956615,0.1257183,-,15.29411793,0.08119185,-,-,78.80000305,34.11561966,1544,-,-103.0183716,36.76270676,-76.01006317,5.88235283,34.67251205,35.41815948,47.26726532
Tue Oct 24 18:02:40 EDT 2017,02:40.4,-76.00973472,36.76260722,15.75,4,-32.09999847,112.3,-0.22984336,-2.18351197,8.88727665,0.03987012,-,25.49019623,0.065175,-,-,78.80000305,34.12104416,1531,-,-105.3149567,36.76260757,-76.00973511,16.07843208,35.23174286,35.41815948,47.26726532
Tue Oct 24 18:02:42 EDT 2017,02:42.3,-76.00940175,36.76248201,16.25,4,-32,114.9,0.68953007,-3.14119267,9.38527107,0.03031296,-,16.07843208,0.06301688,-,-,78.80000305,34.12104416,1628,-,-104.9868774,36.76248169,-76.00939941,6.66666698,36.35021591,35.41815948,47.26726532
Tue Oct 24 18:02:44 EDT 2017,02:44.0,-76.00906529,36.76233692,16.5,4,-31.60000038,118.8,-1.07260239,-3.56257224,9.15542698,0.0297693,-,14.90196133,0.00773674,-,-,78.80000305,34.12900543,1585,-,-103.6745453,36.76233673,-76.00906372,5.49019623,36.90944672,36.03952789,-
Tue Oct 24 18:02:46 EDT 2017,02:45.9,-76.0087898,36.76222373,14,4,-32.40000153,115.3,0,-4.29040956,9.42357826,0.07448369,-,14.11764717,0.04142407,-,-,78.80000305,34.118927,1404,-,-106.2992172,36.76222229,-76.00878906,4.70588255,31.31710625,31.68992996,-
Tue Oct 24 18:02:48 EDT 2017,02:47.7,-76.00854008,36.76213629,11.75,4,-31.60000038,114.6,0,-4.29040956,9.27034855,0.05099686,-,14.50980377,0.04164382,-,-,78.80000305,34.08591843,1135,-,-103.6745453,36.76213455,-76.00853729,4.70588255,26.2840004,26.09758949,-
Tue Oct 24 18:02:49 EDT 2017,02:49.5,-76.00843892,36.76209265,10.5,4,-31.29999924,114.8,0.19153613,-3.17949986,8.92558384,-0.01495349,-,14.11764717,-0.03362343,-,-,78.80000305,34.03025818,1180,-,-102.6902847,36.76209259,-76.00843811,3.92156863,23.48783112,20.50524902,-
Tue Oct 24 18:02:51 EDT 2017,02:51.4,-76.00825922,36.76202398,8.5,4,-31.5,114.7,2.68150592,-3.10288548,8.92558384,0.05188796,-,13.72549057,0.00163136,-,-,78.80000305,33.96237564,822,-,-103.3464584,36.76202393,-76.00826263,3.92156863,19.01395798,17.39839363,-
Tue Oct 24 18:02:53 EDT 2017,02:53.2,-76.00813316,36.76194675,6.5,3,-31.29999924,136.9,2.9113493,-2.41335535,9.15542698,0.02875108,-,17.64705849,0.01009607,-,-,78.80000305,33.87988663,1041,-,-102.6902847,36.76194763,-76.00813293,6.66666698,14.54008579,13.67016602,-
Tue Oct 24 18:02:55 EDT 2017,02:54.9,-76.00813067,36.76183663,6.75,3,-32.59999847,184.5,1.14921677,-1.30244577,10.11310768,0.06499273,-,30.19607925,0.01425689,-,-,78.80000305,33.80058289,1496,-,-106.9553757,36.76183701,-76.00813293,20.7843132,15.09931946,14.29153728,10.29817772
Tue Oct 24 18:02:57 EDT 2017,02:56.7,-76.00821426,36.76168826,10,3,-32.20000076,203.7,0.2681506,-2.9113493,9.53849983,0.03597385,-,17.64705849,0.0173213,-,-,78.80000305,33.75198364,1743,-,-105.6430435,36.76168823,-76.00821686,14.50980377,22.36936378,21.74799156,155.4497986
Tue Oct 24 18:02:58 EDT 2017,02:58.6,-76.00826424,36.76160425,11,3,-32.40000153,203.5,0.30645782,-4.5202527,8.96389103,0.04283291,-,14.11764717,0.09720438,-,-,78.80000305,33.71125793,1316,-,-106.2992172,36.76160431,-76.00826263,4.70588255,24.60629845,23.61210442,56.06926727
Tue Oct 24 18:03:00 EDT 2017,03:00.4,-76.00835852,36.76145449,9,3,-33.70000076,203.9,0.07661445,-4.63517427,8.73404789,0.06612456,-,13.33333397,0.04884085,-,-,78.80000305,33.64600754,1060,-,-110.5643082,36.76145554,-76.00836182,3.52941179,20.13242531,17.39839363,56.06926727
Tue Oct 24 18:03:02 EDT 2017,03:02.2,-76.00841867,36.76135142,5.25,3,-34.29999924,204.9,0.19153613,-5.59285498,8.88727665,0.08958095,-,13.72549057,0.0527688,-,-,78.80000305,33.55404282,844,-,-112.5328064,36.76135254,-76.00841522,3.92156863,11.74391556,10.56331062,-
Tue Oct 24 18:03:04 EDT 2017,03:03.9,-76.00842942,36.76133198,0.5,3,-34.20000076,205.6,0.03830723,-2.83473492,9.53849983,0.03336161,-,14.50980377,0.01470812,-,-,78.80000305,33.42829132,626,-,-112.2047272,36.76133347,-76.00843048,4.70588255,1.11846817,1.86411357,-
Tue Oct 24 18:03:06 EDT 2017,03:05.7,-76.00842617,36.76133388,0,3,-34.29999924,0,0.03830723,-2.9113493,9.57680702,0.0344288,-,14.11764717,0.02069797,-,-,78.80000305,33.42829132,672,-,-112.5328064,36.76133347,-76.00842285,4.31372547,0,0,-
Tue Oct 24 18:03:07 EDT 2017,03:07.5,-76.00842727,36.76133425,0,3,-34.5,0,-0.11492168,-2.26012635,9.61511421,0.02591568,-,14.11764717,0.00725972,-,-,78.80000305,33.42829132,673,-,-113.1889801,36.76133347,-76.00843048,4.31372547,0,0,-
Tue Oct 24 18:03:09 EDT 2017,03:09.3,-76.00842753,36.76133244,0.5,3,-34.5,205.6,0,-1.68551803,9.88326454,0.04101425,-,21.17647171,0.03426406,-,-,78.80000305,33.30353165,1164,-,-113.1889801,36.76133347,-76.00843048,13.72549057,1.11846817,1.86411357,5.0323534
Tue Oct 24 18:03:11 EDT 2017,03:11.2,-76.008467,36.76128732,3.25,3,-33.70000076,206.1,-0.07661445,-2.94965649,9.46188545,0.04314144,-,13.72549057,0.02112394,-,-,78.80000305,33.20177078,1288,-,-110.5643082,36.76128769,-76.00846863,3.92156863,7.2700429,7.45645428,54.30295563
Tue Oct 24 18:03:13 EDT 2017,03:13.0,-76.00848936,36.76124789,2.75,4,-34.29999924,211.1,-0.76614451,-0.65122288,10.57279491,0.1016199,-,27.45098114,0.04974246,-,-,78.80000305,33.09593582,1494,-,-112.5328064,36.76124954,-76.00849152,19.2156868,6.15157461,6.21371174,54.30295563
Tue Oct 24 18:03:15 EDT 2017,03:14.8,-76.00854596,36.7611483,7.25,3,-35,203.3,0.07661445,-1.57059634,10.0364933,0.05456871,-,27.84313774,0.06285179,-,-,80.59999847,33.02733612,2100,-,-114.8293991,36.76114655,-76.00854492,20.3921566,16.21778679,15.53427982,115.9657211
Tue Oct 24 18:03:17 EDT 2017,03:16.7,-76.00863268,36.76099809,9.5,3,-35.5,204.1,0.03830723,-3.60087943,9.00219822,-0.00437385,-,15.29411793,-0.01130968,-,-,80.59999847,32.98102951,1663,-,-116.4698181,36.76099777,-76.00863647,6.66666698,21.25089455,21.12662125,119.0323257
Tue Oct 24 18:03:18 EDT 2017,03:18.3,-76.00867696,36.76092133,9.5,3,-36,204.8,0.42137951,-3.33272886,8.96389103,0.00798984,-,15.68627453,0.00091517,-,-,80.59999847,32.93267441,1594,-,-118.1102371,36.76092148,-76.00867462,6.27450991,21.25089455,20.50524902,119.0323257
Tue Oct 24 18:03:20 EDT 2017,03:20.1,-76.0087566,36.76077841,8.75,3,-35.20000076,204.2,-0.03830723,-3.44765043,9.23204136,0.02357322,-,14.50980377,0.02708385,-,-,80.59999847,32.87989426,1460,-,-115.4855652,36.76077652,-76.00875854,4.70588255,19.5731926,19.26250648,-
Tue Oct 24 18:03:22 EDT 2017,03:21.9,-76.00882654,36.76064937,7.5,3,-35.20000076,204.4,0.15322891,-3.48595762,9.27034855,0.04001343,-,14.11764717,0.01005831,-,-,80.59999847,32.81556702,1234,-,-115.4855652,36.76065063,-76.00882721,4.31372547,16.77702141,16.15565109,-
Tue Oct 24 18:03:24 EDT 2017,03:23.7,-76.00888275,36.76054327,6.25,3,-35.59999847,202.2,0.15322891,-3.21780705,9.42357826,0.03418809,-,13.72549057,0.01553491,-,-,80.59999847,32.74459457,1086,-,-116.7978973,36.76054382,-76.00888062,3.92156863,13.98085213,14.29153728,-
Tue Oct 24 18:03:25 EDT 2017,03:25.5,-76.0089083,36.76049247,5.75,3,-35.59999847,198.6,3.02627087,-3.52426481,9.42357826,0.08997971,-,13.72549057,0.07134564,-,-,80.59999847,32.66704941,960,-,-116.7978973,36.76049423,-76.00891113,3.92156863,12.86238289,12.42742348,-
Tue Oct 24 18:03:27 EDT 2017,03:27.3,-76.00897421,36.76041257,4.75,3,-35.59999847,220.9,1.60890353,-4.32871675,9.19373417,0.07568302,-,13.72549057,0.04912445,-,-,80.59999847,32.57591629,884,-,-116.7978973,36.76041412,-76.00897217,3.92156863,10.62544727,8.69919682,-
Tue Oct 24 18:03:29 EDT 2017,03:29.1,-76.00904339,36.76041513,3.25,3,-35.90000153,280.9,0.22984336,-3.75410819,9.50019264,0.0605517,-,13.72549057,0.01276635,-,-,80.59999847,32.47605896,834,-,-117.7821579,36.76041412,-76.00904083,3.92156863,7.2700429,6.21371174,-
Tue Oct 24 18:03:31 EDT 2017,03:30.9,-76.00909298,36.76042549,1.5,3,-34.90000153,291.4,0.19153613,-3.14119267,9.6534214,0.04367713,-,14.11764717,0.0353626,-,-,80.59999847,32.36523056,680,-,-114.5013199,36.76042557,-76.00909424,4.31372547,3.35540414,3.10685587,-
Tue Oct 24 18:03:33 EDT 2017,03:32.7,-76.00909294,36.7604301,0,4,-34.70000076,0,0,-2.87304211,9.53849983,0.03447336,-,13.72549057,0.01582029,-,-,80.59999847,32.36523056,681,-,-113.8451462,36.76042938,-76.00909424,4.31372547,0,0,-
Tue Oct 24 18:03:34 EDT 2017,03:34.5,-76.00909242,36.7604306,0,3,-34.5,0,0,-2.79642749,9.57680702,0.03508568,-,14.11764717,0.01737379,-,-,80.59999847,32.36523056,612,-,-113.1889801,36.76042938,-76.00909424,4.31372547,0,0,-
Tue Oct 24 18:03:36 EDT 2017,03:36.3,-76.00909387,36.76043034,0,3,-34.5,0,-0.19153613,-2.79642749,9.57680702,0.03618377,-,14.11764717,0.01518921,-,-,80.59999847,32.36523056,0,-,-113.1889801,36.76042938,-76.00909424,4.31372547,0,0,-
Tue Oct 24 18:03:38 EDT 2017,03:38.1,-76.00909272,36.76043043,0,3,-34.5,0,0.80445176,-2.7581203,9.73003578,0.04041943,-,17.64705849,0.03453696,-,-,80.59999847,32.36523056,0,-,-113.1889801,36.76042938,-76.00909424,8.23529434,0,0,-
Tue Oct 24 18:03:40 EDT 2017,03:39.9,-76.00909161,36.76042952,0,3,-34.79999924,0,0,-2.7581203,9.57680702,0.03491247,-,17.64705849,0.01625581,-,-,80.59999847,32.36523056,0,-,-114.1732254,36.76042938,-76.00909424,8.23529434,0,0,-
Tue Oct 24 18:03:42 EDT 2017,03:41.7,-76.00908869,36.76042965,0,3,-34.90000153,0,0.03830723,-2.79642749,9.53849983,0.03225607,-,17.64705849,0.01360225,-,-,80.59999847,32.36523056,0,-,-114.5013199,36.76042938,-76.00908661,8.23529434,0,0,-
Tue Oct 24 18:03:43 EDT 2017,03:43.5,-76.00908785,36.76042967,0,3,-34.90000153,0,0,-2.79642749,9.53849983,0.03224856,-,17.64705849,0.01359473,-,-,80.59999847,32.36523056,0,-,-114.5013199,36.76042938,-76.00908661,8.23529434,0,0,-
Tue Oct 24 18:03:45 EDT 2017,03:45.3,-76.00908777,36.76042961,0,4,-35,0,0.03830723,-2.7581203,9.53849983,0.03264347,-,17.64705849,0.01360225,-,-,80.59999847,32.36523056,0,-,-114.8293991,36.76042938,-76.00908661,8.23529434,0,0,-
Tue Oct 24 18:03:47 EDT 2017,03:47.1,-76.00908767,36.76042962,0,5,-35,0,0.03830723,-2.79642749,9.53849983,0.0327828,-,17.64705849,0.01360225,-,-,80.59999847,32.36523056,0,-,-114.8293991,36.76042938,-76.00908661,8.23529434,0,0,-
Tue Oct 24 18:03:49 EDT 2017,03:48.9,-76.00908764,36.76042962,0,5,-35,0,0,-2.79642749,9.53849983,0.03374919,-,17.64705849,0.0173438,-,-,80.59999847,32.36523056,0,-,-114.8293991,36.76042938,-76.00908661,8.23529434,0,0,-
Tue Oct 24 18:03:51 EDT 2017,03:50.8,-76.00908755,36.76042962,0,6,-35,0,0.03830723,-2.7581203,9.57680702,0.03491622,-,17.64705849,0.0173438,-,-,80.59999847,32.36523056,0,-,-114.8293991,36.76042938,-76.00908661,8.23529434,0,0,-
Tue Oct 24 18:03:52 EDT 2017,03:52.6,-76.00908752,36.76042962,0,6,-35,0,0,-2.79642749,9.57680702,0.03428122,-,17.64705849,0.01359473,-,-,80.59999847,32.36523056,0,-,-114.8293991,36.76042938,-76.00908661,8.23529434,0,0,-
Tue Oct 24 18:03:54 EDT 2017,03:54.4,-76.00908745,36.76042963,0,7,-35,0,0,-2.79642749,9.53849983,0.03318927,-,17.64705849,0.01360225,-,-,80.59999847,32.36523056,0,-,-114.8293991,36.76042938,-76.00908661,8.23529434,0,0,-
Tue Oct 24 18:03:56 EDT 2017,03:56.2,-76.00908736,36.76042964,0,8,-35,0,0,-2.79642749,9.53849983,0.03224856,-,17.64705849,0.00985446,-,-,80.59999847,32.36523056,0,-,-114.8293991,36.76042938,-76.00908661,8.23529434,0,0,-
Tue Oct 24 18:03:58 EDT 2017,03:58.1,-76.00908733,36.76042964,0,8,-35,0,0,-2.79642749,9.57680702,0.03599638,-,17.64705849,0.01359473,-,-,80.59999847,32.36523056,0,-,-114.8293991,36.76042938,-76.00908661,8.23529434,0,0,-
Tue Oct 24 18:04:00 EDT 2017,03:59.9,-76.0090873,36.76042964,0,8,-35,0,0,-2.79642749,9.57680702,0.03599638,-,17.64705849,0.01359473,-,-,80.59999847,32.36523056,0,-,-114.8293991,36.76042938,-76.00908661,8.23529434,0,0,-
Tue Oct 24 18:04:02 EDT 2017,04:01.8,-76.00908726,36.76042965,0,9,-35,0,0,-2.79642749,9.53849983,0.03224856,-,17.64705849,0.01360225,-,-,80.59999847,32.36523056,0,-,-114.8293991,36.76042938,-76.00908661,8.23529434,0,0,-
Tue Oct 24 18:04:04 EDT 2017,04:03.6,-76.00908722,36.76042965,0,10,-35,0,0,-2.79642749,9.53849983,0.03224856,-,17.64705849,0.0147006,-,-,80.59999847,32.36523056,0,-,-114.8293991,36.76042938,-76.00908661,8.23529434,0,0,-
Tue Oct 24 18:04:05 EDT 2017,04:05.4,-76.00908721,36.76042965,0,10,-35,0,0,-2.79642749,9.53849983,0.03224856,-,17.64705849,0.01359473,-,-,80.59999847,32.36523056,0,-,-114.8293991,36.76042938,-76.00908661,8.23529434,0,0,-
Tue Oct 24 18:04:07 EDT 2017,04:07.2,-76.00908715,36.76042964,0,8,-35,0,0.03830723,-2.79642749,9.53849983,0.03225607,-,17.64705849,0.01360225,-,-,80.59999847,32.36523056,0,-,-114.8293991,36.76042938,-76.00908661,8.23529434,0,0,-
Tue Oct 24 18:04:09 EDT 2017,04:09.0,-76.0090871,36.76042964,0,9,-35,0,0.03830723,-2.83473492,9.53849983,0.03159395,-,17.64705849,0.01470812,-,-,80.59999847,32.36523056,0,-,-114.8293991,36.76042938,-76.00908661,8.23529434,0,0,-
Tue Oct 24 18:04:10 EDT 2017,04:10.8,-76.0090871,36.76042965,0,10,-35,0,0.03830723,-2.79642749,9.53849983,0.03225607,-,17.64705849,0.01360225,-,-,80.59999847,32.36523056,0,-,-114.8293991,36.76042938,-76.00908661,8.23529434,0,0,-
Tue Oct 24 18:04:13 EDT 2017,04:12.6,-76.00908709,36.76042965,0,10,-35,0,0.03830723,-2.83473492,9.50019264,0.03044816,-,17.64705849,0.01359473,-,-,80.59999847,32.36523056,0,-,-114.8293991,36.76042938,-76.00908661,8.23529434,0,0,-
Tue Oct 24 18:04:14 EDT 2017,04:14.5,-76.00908708,36.76042965,0,10,-35,0,0,-2.79642749,9.53849983,0.03224856,-,17.64705849,0.01359473,-,-,80.59999847,32.36523056,0,-,-114.8293991,36.76042938,-76.00908661,8.23529434,0,0,-
Tue Oct 24 18:04:16 EDT 2017,04:16.4,-76.00908706,36.76042965,0,10,-35,0,0,-2.79642749,9.53849983,0.03224856,-,17.64705849,0.0147006,-,-,80.59999847,32.36523056,0,-,-114.8293991,36.76042938,-76.00908661,8.23529434,0,0,-
Tue Oct 24 18:04:18 EDT 2017,04:18.2,-76.00908705,36.76042965,0,11,-35,0,0,-2.79642749,9.53849983,0.03224856,-,17.64705849,0.01359473,-,-,80.59999847,32.36523056,0,-,-114.8293991,36.76042938,-76.00908661,8.23529434,0,0,-
Tue Oct 24 18:04:20 EDT 2017,04:20.3,-76.00908702,36.76042967,0,11,-35,0,0.03830723,-2.79642749,9.53849983,0.03225607,-,17.64705849,0.01360225,-,-,80.59999847,32.36523056,0,-,-114.8293991,36.76042938,-76.00908661,8.23529434,0,0,-
Tue Oct 24 18:04:22 EDT 2017,04:22.1,-76.00908695,36.76042968,0,12,-35,0,0.03830723,-2.83473492,9.53849983,0.03269528,-,17.64705849,0.01470812,-,-,80.59999847,32.36523056,0,-,-114.8293991,36.76042938,-76.00908661,8.23529434,0,0,-
Tue Oct 24 18:04:23 EDT 2017,04:23.9,-76.00908691,36.76042968,0,13,-35,0,0.03830723,-2.83473492,9.50019264,0.02961916,-,17.64705849,0.01360225,-,-,80.59999847,32.36523056,0,-,-114.8293991,36.76042938,-76.00908661,8.23529434,0,0,-
Tue Oct 24 18:04:25 EDT 2017,04:25.7,-76.00908687,36.76042969,0,12,-35,0,0,-2.79642749,9.53849983,0.03224856,-,17.64705849,0.01359473,-,-,80.59999847,32.36523056,0,-,-114.8293991,36.76042938,-76.00908661,8.23529434,0,0,-
Tue Oct 24 18:04:27 EDT 2017,04:27.5,-76.00908683,36.76042969,0,11,-35,0,0.03830723,-2.83473492,9.53849983,0.03225607,-,17.64705849,0.01470812,-,-,80.59999847,32.36523056,0,-,-114.8293991,36.76042938,-76.00908661,8.23529434,0,0,-
Tue Oct 24 18:04:29 EDT 2017,04:29.3,-76.00908679,36.76042971,0,12,-35,0,0,-2.79642749,9.53849983,0.03224856,-,17.64705849,0.01359473,-,-,80.59999847,32.36523056,0,-,-114.8293991,36.76042938,-76.00908661,8.23529434,0,0,-
Tue Oct 24 18:04:31 EDT 2017,04:31.0,-76.00908677,36.76042972,0,12,-34.90000153,0,0,-2.79642749,9.53849983,0.03225261,-,17.64705849,0.01359473,-,-,80.59999847,32.36523056,0,-,-114.5013199,36.76042938,-76.00908661,8.23529434,0,0,-
Tue Oct 24 18:04:33 EDT 2017,04:32.8,-76.00908675,36.76042972,0,12,-34.90000153,0,0.03830723,-2.79642749,9.53849983,0.03131378,-,17.64705849,0.01360225,-,-,80.59999847,32.36523056,0,-,-114.5013199,36.76042938,-76.00908661,8.23529434,0,0,-
Tue Oct 24 18:04:34 EDT 2017,04:34.6,-76.00908673,36.76042972,0,13,-34.90000153,0,0,-2.79642749,9.53849983,0.03224856,-,17.64705849,0.01360225,-,-,80.59999847,32.36523056,0,-,-114.5013199,36.76042938,-76.00908661,8.23529434,0,0,-
Tue Oct 24 18:04:36 EDT 2017,04:36.4,-76.00908672,36.76042973,0,12,-34.90000153,0,0.03830723,-2.79642749,9.53849983,0.03131565,-,17.64705849,0.01360225,-,-,80.59999847,32.36523056,0,-,-114.5013199,36.76042938,-76.00908661,8.23529434,0,0,-
Tue Oct 24 18:04:38 EDT 2017,04:38.3,-76.00908669,36.76042973,0,13,-34.90000153,0,0,-2.79642749,9.53849983,0.03224856,-,17.64705849,0.01359473,-,-,80.59999847,32.36523056,0,-,-114.5013199,36.76042938,-76.00908661,8.23529434,0,0,-
Tue Oct 24 18:04:40 EDT 2017,04:40.2,-76.00908667,36.76042974,0,11,-34.90000153,0,0.03830723,-2.83473492,9.53849983,0.03336161,-,17.64705849,0.0147006,-,-,80.59999847,32.36523056,0,-,-114.5013199,36.76042938,-76.00908661,8.23529434,0,0,-
Tue Oct 24 18:04:41 EDT 2017,04:42.0,-76.00908666,36.76042973,0,12,-34.90000153,0,0.03830723,-2.79642749,9.53849983,0.03225607,-,17.64705849,0.01360225,-,-,80.59999847,32.36523056,0,-,-114.5013199,36.76042938,-76.00908661,8.23529434,0,0,-
Tue Oct 24 18:04:44 EDT 2017,04:43.8,-76.00908667,36.76042973,0,10,-34.90000153,0,0,-2.79642749,9.53849983,0.03224856,-,17.64705849,0.01359473,-,-,80.59999847,32.36523056,0,-,-114.5013199,36.76042938,-76.00908661,8.23529434,0,0,-
Tue Oct 24 18:04:46 EDT 2017,04:45.6,-76.00908664,36.76042973,0,9,-34.90000153,0,0,-2.79642749,9.53849983,0.03224856,-,17.64705849,0.01359473,-,-,80.59999847,32.36523056,0,-,-114.5013199,36.76042938,-76.00908661,8.23529434,0,0,-
Tue Oct 24 18:04:47 EDT 2017,04:47.4,-76.00908664,36.76042973,0,9,-34.90000153,0,0,-2.7581203,9.57680702,0.03478938,-,17.64705849,0.01625581,-,-,80.59999847,32.36523056,0,-,-114.5013199,36.76042938,-76.00908661,8.23529434,0,0,-
Tue Oct 24 18:04:49 EDT 2017,04:49.3,-76.00908662,36.76042973,0,6,-34.90000153,0,0,-2.7581203,9.61511421,0.03772721,-,17.64705849,0.02001754,-,-,80.59999847,32.36523056,0,-,-114.5013199,36.76042938,-76.00908661,8.23529434,0,0,-
Tue Oct 24 18:04:51 EDT 2017,04:51.1,-76.00908661,36.76042975,0,5,-34.90000153,0,0,-2.7581203,9.57680702,0.03491171,-,17.64705849,0.01625581,-,-,80.59999847,32.36523056,0,-,-114.5013199,36.76042938,-76.00908661,8.23529434,0,0,-
Tue Oct 24 18:04:53 EDT 2017,04:52.9,-76.00908658,36.76042976,0,4,-34.90000153,0,0,-2.7581203,9.61511421,0.03866178,-,17.64705849,0.02001007,-,-,80.59999847,32.36523056,0,-,-114.5013199,36.76042938,-76.00908661,8.23529434,0,0,-
Tue Oct 24 18:04:55 EDT 2017,04:54.7,-76.00908656,36.76042975,0,4,-34.90000153,0,0,-2.7581203,9.61511421,0.03866178,-,17.64705849,0.02001007,-,-,80.59999847,32.36523056,0,-,-114.5013199,36.76042938,-76.00908661,8.23529434,0,0,-
Tue Oct 24 18:04:57 EDT 2017,04:56.6,-76.00908652,36.76042974,0,5,-34.90000153,0,0.03830723,-2.7581203,9.57680702,0.03397641,-,17.64705849,0.01251025,-,-,80.59999847,32.36523056,0,-,-114.5013199,36.76042938,-76.00908661,8.23529434,0,0,-
Tue Oct 24 18:04:58 EDT 2017,04:58.4,-76.00908651,36.76042974,0,5,-34.90000153,0,0,-2.7581203,9.57680702,0.03518438,-,17.64705849,0.0173513,-,-,80.59999847,32.36523056,0,-,-114.5013199,36.76042938,-76.00908661,8.23529434,0,0,-
Tue Oct 24 18:05:00 EDT 2017,05:00.2,-76.00908649,36.76042973,0,6,-34.90000153,0,0,-2.79642749,9.53849983,0.03224856,-,17.64705849,0.01360225,-,-,80.59999847,32.36523056,0,-,-114.5013199,36.76042938,-76.00908661,8.23529434,0,0,-
Tue Oct 24 18:05:02 EDT 2017,05:02.0,-76.00908649,36.76042973,0,6,-34.90000153,0,0.03830723,-2.79642749,9.53849983,0.03225607,-,17.64705849,0.01360225,-,-,80.59999847,32.36523056,0,-,-114.5013199,36.76042938,-76.00908661,8.23529434,0,0,-
Tue Oct 24 18:05:04 EDT 2017,05:03.9,-76.00908645,36.76042973,0,7,-34.90000153,0,0,-2.79642749,9.53849983,0.03224856,-,17.64705849,0.0184456,-,-,80.59999847,32.36523056,0,-,-114.5013199,36.76042938,-76.00908661,8.23529434,0,0,-
Tue Oct 24 18:05:05 EDT 2017,05:05.7,-76.00908645,36.76042973,0,7,-34.90000153,0,0,-2.79642749,9.53849983,0.03224856,-,17.64705849,0.01359473,-,-,80.59999847,32.36523056,0,-,-114.5013199,36.76042938,-76.00908661,8.23529434,0,0,-
Tue Oct 24 18:05:08 EDT 2017,05:07.5,-76.00908644,36.76042972,0,9,-34.90000153,0,0.03830723,-2.79642749,9.53849983,0.03225607,-,17.64705849,0.01360225,-,-,80.59999847,32.36523056,0,-,-114.5013199,36.76042938,-76.00908661,8.23529434,0,0,-
Tue Oct 24 18:05:09 EDT 2017,05:09.4,-76.00908643,36.76042971,0,8,-34.90000153,0,0,-2.79642749,9.53849983,0.03224856,-,17.64705849,0.01359473,-,-,80.59999847,32.36523056,0,-,-114.5013199,36.76042938,-76.00908661,8.23529434,0,0,-
Tue Oct 24 18:05:11 EDT 2017,05:11.2,-76.00908641,36.76042972,0,9,-34.90000153,0,0.03830723,-2.79642749,9.53849983,0.03225607,-,17.64705849,0.0098469,-,-,80.59999847,32.36523056,0,-,-114.5013199,36.76042938,-76.00908661,8.23529434,0,0,-
Tue Oct 24 18:05:13 EDT 2017,05:13.1,-76.0090864,36.76042971,0,8,-34.90000153,0,0,-2.79642749,9.53849983,0.03346378,-,17.64705849,0.01359473,-,-,80.59999847,32.36523056,0,-,-114.5013199,36.76042938,-76.00908661,8.23529434,0,0,-
Tue Oct 24 18:05:15 EDT 2017,05:14.9,-76.0090864,36.76042972,0,7,-34.90000153,0,0.03830723,-2.79642749,9.53849983,0.03225607,-,17.64705849,0.01360225,-,-,80.59999847,32.36523056,0,-,-114.5013199,36.76042938,-76.00908661,8.23529434,0,0,-
Tue Oct 24 18:05:17 EDT 2017,05:16.7,-76.0090864,36.76042972,0,7,-34.90000153,0,0,-2.79642749,9.53849983,0.03131378,-,17.64705849,0.0098469,-,-,80.59999847,32.36523056,0,-,-114.5013199,36.76042938,-76.00908661,8.23529434,0,0,-
Tue Oct 24 18:05:18 EDT 2017,05:18.6,-76.00908639,36.76042973,0,7,-34.90000153,0,0,-2.79642749,9.53849983,0.03224856,-,17.64705849,0.01359473,-,-,80.59999847,32.36523056,0,-,-114.5013199,36.76042938,-76.00908661,8.23529434,0,0,-
Tue Oct 24 18:05:20 EDT 2017,05:20.4,-76.00908636,36.76042974,0,8,-34.90000153,0,0,-2.79642749,9.53849983,0.03224856,-,17.64705849,0.0098469,-,-,80.59999847,32.36523056,0,-,-114.5013199,36.76042938,-76.00908661,8.23529434,0,0,-
Tue Oct 24 18:05:22 EDT 2017,05:22.3,-76.00908629,36.76042974,0,9,-34.90000153,0,0,-2.79642749,9.50019264,0.02850193,-,17.64705849,0.0098469,-,-,80.59999847,32.36523056,0,-,-114.5013199,36.76042938,-76.00908661,8.23529434,0,0,-
Tue Oct 24 18:05:24 EDT 2017,05:24.1,-76.00908622,36.76042975,0,10,-34.90000153,0,0,-2.79642749,9.53849983,0.03224856,-,17.64705849,0.01359473,-,-,80.59999847,32.36523056,0,-,-114.5013199,36.76042938,-76.00908661,8.23529434,0,0,-
Tue Oct 24 18:05:26 EDT 2017,05:25.9,-76.00908614,36.76042975,0,11,-35,0,0.03830723,-2.79642749,9.53849983,0.03225607,-,17.64705849,0.01360225,-,-,80.59999847,32.36523056,0,-,-114.8293991,36.76042938,-76.00908661,8.23529434,0,0,-
Tue Oct 24 18:05:28 EDT 2017,05:27.8,-76.0090861,36.76042976,0,10,-34.90000153,0,0.03830723,-2.79642749,9.53849983,0.03225607,-,17.64705849,0.01360225,-,-,80.59999847,32.36523056,0,-,-114.5013199,36.76042938,-76.00908661,8.23529434,0,0,-
Tue Oct 24 18:05:29 EDT 2017,05:29.6,-76.00908608,36.76042976,0,10,-35,0,0,-2.83473492,9.53849983,0.0333541,-,17.64705849,0.01359473,-,-,80.59999847,32.36523056,0,-,-114.8293991,36.76042938,-76.00908661,8.23529434,0,0,-
Tue Oct 24 18:05:31 EDT 2017,05:31.5,-76.00908603,36.76042977,0,9,-35,0,0.03830723,-2.79642749,9.53849983,0.03225607,-,17.64705849,0.01360225,-,-,80.59999847,32.36523056,0,-,-114.8293991,36.76042938,-76.00908661,8.23529434,0,0,-
Tue Oct 24 18:05:33 EDT 2017,05:33.3,-76.00908598,36.76042978,0,7,-34.90000153,0,0.03830723,-2.83473492,9.53849983,0.03336161,-,17.64705849,0.01470812,-,-,80.59999847,32.36523056,0,-,-114.5013199,36.76042938,-76.00908661,8.23529434,0,0,-
Tue Oct 24 18:05:35 EDT 2017,05:35.1,-76.00908595,36.76042979,0,7,-34.90000153,0,0,-2.79642749,9.53849983,0.03186759,-,17.64705849,0.01095688,-,-,80.59999847,32.36523056,0,-,-114.5013199,36.76042938,-76.00908661,8.23529434,0,0,-
Tue Oct 24 18:05:37 EDT 2017,05:37.0,-76.00908597,36.76042978,0,8,-34.90000153,0,0.03830723,-2.83473492,9.53849983,0.03269528,-,17.64705849,0.01470812,-,-,80.59999847,32.36523056,0,-,-114.5013199,36.76042938,-76.00908661,8.23529434,0,0,-
Tue Oct 24 18:05:39 EDT 2017,05:38.9,-76.00908594,36.76042979,0,8,-34.90000153,0,0.03830723,-2.79642749,9.53849983,0.03269228,-,17.64705849,0.01360225,-,-,80.59999847,32.36523056,0,-,-114.5013199,36.76042938,-76.00908661,8.23529434,0,0,-
Tue Oct 24 18:05:41 EDT 2017,05:40.7,-76.0090859,36.7604298,0,7,-34.90000153,0,0,-2.79642749,9.53849983,0.03336161,-,17.64705849,0.01470812,-,-,80.59999847,32.36523056,0,-,-114.5013199,36.76042938,-76.00908661,8.23529434,0,0,-
Tue Oct 24 18:05:42 EDT 2017,05:42.5,-76.00908588,36.7604298,0,7,-34.90000153,0,0,-2.79642749,9.53849983,0.03224856,-,17.64705849,0.01359473,-,-,80.59999847,32.36523056,0,-,-114.5013199,36.76042938,-76.00908661,8.23529434,0,0,-
Tue Oct 24 18:05:44 EDT 2017,05:44.4,-76.00908584,36.76042981,0,5,-34.90000153,0,0,-2.79642749,9.53849983,0.03224856,-,17.64705849,0.01359473,-,-,80.59999847,32.36523056,0,-,-114.5013199,36.76042938,-76.00908661,8.23529434,0,0,-
Tue Oct 24 18:05:46 EDT 2017,05:46.2,-76.00908583,36.76042981,0,5,-34.90000153,0,0,-2.83473492,9.53849983,0.03186759,-,17.64705849,0.01095688,-,-,80.59999847,32.36523056,0,-,-114.5013199,36.76042938,-76.00908661,8.23529434,0,0,-
Tue Oct 24 18:05:48 EDT 2017,05:48.0,-76.00908584,36.7604298,0,6,-34.90000153,0,0.03830723,-2.79642749,9.53849983,0.03225607,-,17.64705849,0.01360225,-,-,80.59999847,32.36523056,0,-,-114.5013199,36.76042938,-76.00908661,8.23529434,0,0,-
Tue Oct 24 18:05:50 EDT 2017,05:49.9,-76.00908586,36.7604298,0,7,-34.90000153,0,0,-2.83473492,9.53849983,0.0333541,-,17.64705849,0.0147006,-,-,80.59999847,32.36523056,0,-,-114.5013199,36.76042938,-76.00908661,8.23529434,0,0,-
Tue Oct 24 18:05:51 EDT 2017,05:51.7,-76.00908586,36.7604298,0,7,-34.90000153,0,0,-2.79642749,9.53849983,0.03224856,-,17.64705849,0.01360225,-,-,80.59999847,32.36523056,0,-,-114.5013199,36.76042938,-76.00908661,8.23529434,0,0,-
Tue Oct 24 18:05:54 EDT 2017,05:53.6,-76.00908585,36.7604298,0,7,-34.90000153,0,0.03830723,-2.79642749,9.50019264,0.02850956,-,17.64705849,0.00985446,-,-,80.59999847,32.36523056,0,-,-114.5013199,36.76042938,-76.00908661,8.23529434,0,0,-
Tue Oct 24 18:05:55 EDT 2017,05:55.4,-76.00908585,36.7604298,0,6,-34.90000153,0,0.03830723,-2.83473492,9.53849983,0.03271483,-,17.64705849,0.01470812,-,-,80.59999847,32.36523056,0,-,-114.5013199,36.76042938,-76.00908661,8.23529434,0,0,-
Tue Oct 24 18:05:57 EDT 2017,05:57.2,-76.00908581,36.76042981,0,5,-34.90000153,0,0.03830723,-2.79642749,9.57680702,0.03282264,-,17.64705849,0.01360225,-,-,80.59999847,32.36523056,0,-,-114.5013199,36.76042938,-76.00908661,8.23529434,0,0,-
Tue Oct 24 18:05:59 EDT 2017,05:59.1,-76.00908575,36.76042981,0,6,-34.90000153,0,0,-2.79642749,9.53849983,0.03224856,-,17.64705849,0.01359473,-,-,80.59999847,32.36523056,0,-,-114.5013199,36.76042938,-76.00908661,8.23529434,0,0,-
Tue Oct 24 18:06:01 EDT 2017,06:00.9,-76.0090857,36.76042982,0,5,-34.90000153,0,0,-2.79642749,9.53849983,0.03247417,-,17.64705849,0.01359473,-,-,80.59999847,32.36523056,0,-,-114.5013199,36.76042938,-76.00908661,8.23529434,0,0,-
Tue Oct 24 18:06:03 EDT 2017,06:02.8,-76.00908567,36.76042983,0,6,-34.90000153,0,0.03830723,-2.79642749,9.53849983,0.03225607,-,17.64705849,0.0173438,-,-,80.59999847,32.36523056,0,-,-114.5013199,36.76042938,-76.00908661,8.23529434,0,0,-
Tue Oct 24 18:06:05 EDT 2017,06:04.8,-76.00908563,36.76042983,0,7,-34.90000153,0,0,-2.79642749,9.53849983,0.03224856,-,17.64705849,0.01359473,-,-,80.59999847,32.36523056,0,-,-114.5013199,36.76042938,-76.00908661,8.23529434,0,0,-
Tue Oct 24 18:06:06 EDT 2017,06:06.7,-76.00908562,36.76042984,0,8,-34.90000153,0,0,-2.79642749,9.53849983,0.03224856,-,17.64705849,0.01359473,-,-,80.59999847,32.36523056,0,-,-114.5013199,36.76042938,-76.00908661,8.23529434,0,0,-
Tue Oct 24 18:06:08 EDT 2017,06:08.4,-76.0090856,36.76042984,0,9,-34.90000153,0,0.03830723,-2.79642749,9.53849983,0.03225607,-,17.64705849,0.0173513,-,-,80.59999847,32.36523056,0,-,-114.5013199,36.76042938,-76.00908661,8.23529434,0,0,-
Tue Oct 24 18:06:10 EDT 2017,06:10.2,-76.00908555,36.76042985,0,11,-34.90000153,0,0,-2.79642749,9.53849983,0.03224856,-,17.64705849,0.01359473,-,-,80.59999847,32.36523056,0,-,-114.5013199,36.76042938,-76.00908661,8.23529434,0,0,-
Tue Oct 24 18:06:12 EDT 2017,06:12.1,-76.0090855,36.76042985,0,13,-34.90000153,0,0,-2.79642749,9.53849983,0.03224856,-,17.64705849,0.01359473,-,-,80.59999847,32.36523056,0,-,-114.5013199,36.76042938,-76.00908661,8.23529434,0,0,-
Tue Oct 24 18:06:14 EDT 2017,06:13.8,-76.00908545,36.76042986,0,15,-34.90000153,0,0,-2.79642749,9.53849983,0.03224856,-,17.64705849,0.01359473,-,-,80.59999847,32.36523056,0,-,-114.5013199,36.76042938,-76.00908661,8.23529434,0,0,-
Tue Oct 24 18:06:15 EDT 2017,06:15.7,-76.00908544,36.76042986,0,15,-34.90000153,0,0,-2.79642749,9.53849983,0.03224856,-,17.64705849,0.0098469,-,-,80.59999847,32.36523056,0,-,-114.5013199,36.76042938,-76.00908661,8.23529434,0,0,-
Tue Oct 24 18:06:17 EDT 2017,06:17.5,-76.00908539,36.76042987,0,13,-34.90000153,0,0,-2.79642749,9.53849983,0.03224856,-,17.64705849,0.0173438,-,-,80.59999847,32.36523056,0,-,-114.5013199,36.76042938,-76.00908661,8.23529434,0,0,-
Tue Oct 24 18:06:19 EDT 2017,06:19.5,-76.00908536,36.76042987,0,11,-34.90000153,0,0.03830723,-2.79642749,9.53849983,0.03291637,-,17.64705849,0.01360225,-,-,80.59999847,32.36523056,0,-,-114.5013199,36.76042938,-76.00908661,8.23529434,0,0,-
Tue Oct 24 18:06:21 EDT 2017,06:21.3,-76.00908533,36.76042988,0,9,-34.90000153,0,0,-2.79642749,9.53849983,0.03224856,-,17.64705849,0.01250271,-,-,80.59999847,32.36523056,0,-,-114.5013199,36.76042938,-76.00908661,8.23529434,0,0,-
Tue Oct 24 18:06:23 EDT 2017,06:23.1,-76.0090853,36.76042989,0,8,-34.90000153,0,0,-2.79642749,9.53849983,0.03170463,-,17.64705849,0.01251025,-,-,80.59999847,32.36523056,0,-,-114.5013199,36.76042938,-76.00908661,8.23529434,0,0,-
Tue Oct 24 18:06:25 EDT 2017,06:24.9,-76.00908524,36.7604299,0,8,-34.90000153,0,0.03830723,-2.79642749,9.50019264,0.02850956,-,17.64705849,0.00985446,-,-,80.59999847,32.36523056,0,-,-114.5013199,36.76042938,-76.00908661,8.23529434,0,0,-
Tue Oct 24 18:06:26 EDT 2017,06:26.7,-76.00908522,36.7604299,0,8,-34.90000153,0,0,-2.79642749,9.53849983,0.03224856,-,17.64705849,0.01359473,-,-,80.59999847,32.36523056,0,-,-114.5013199,36.76042938,-76.00908661,8.23529434,0,0,-
Tue Oct 24 18:06:28 EDT 2017,06:28.5,-76.00908519,36.76042991,0,10,-34.90000153,0,0,-2.79642749,9.53849983,0.03131568,-,17.64705849,0.01359473,-,-,80.59999847,32.36523056,0,-,-114.5013199,36.76042938,-76.00908661,8.23529434,0,0,-
Tue Oct 24 18:06:30 EDT 2017,06:30.4,-76.00908514,36.76042992,0,9,-34.90000153,0,0,-2.79642749,9.53849983,0.03224856,-,17.64705849,0.01359473,-,-,80.59999847,32.36523056,0,-,-114.5013199,36.76042938,-76.00908661,8.23529434,0,0,-
Tue Oct 24 18:06:31 EDT 2017,06:32.2,-76.0090851,36.76042993,0,9,-34.90000153,0,0,-2.79642749,9.53849983,0.02972168,-,17.64705849,0.0098469,-,-,80.59999847,32.36523056,0,-,-114.5013199,36.76042938,-76.00908661,8.23529434,0,0,-
Tue Oct 24 18:06:34 EDT 2017,06:34.0,-76.00908508,36.76042994,0,9,-34.90000153,0,0.03830723,-2.79642749,9.53849983,0.03225607,-,17.64705849,0.01360225,-,-,80.59999847,32.36523056,0,-,-114.5013199,36.76042938,-76.00908661,8.23529434,0,0,-
Tue Oct 24 18:06:36 EDT 2017,06:35.9,-76.00908507,36.76042995,0,10,-34.90000153,0,0.03830723,-2.79642749,9.50019264,0.02850956,-,17.64705849,0.00985446,-,-,80.59999847,32.36523056,0,-,-114.5013199,36.76042938,-76.00908661,8.23529434,0,0,-
Tue Oct 24 18:06:37 EDT 2017,06:37.7,-76.00908506,36.76042995,0,11,-34.90000153,0,0,-2.79642749,9.53849983,0.03224856,-,17.64705849,0.01359473,-,-,80.59999847,32.36523056,0,-,-114.5013199,36.76042938,-76.00908661,8.23529434,0,0,-
Tue Oct 24 18:06:39 EDT 2017,06:39.5,-76.00908504,36.76042996,0,12,-34.90000153,0,0,-2.79642749,9.53849983,0.03172637,-,17.64705849,0.01359473,-,-,80.59999847,32.36523056,0,-,-114.5013199,36.76042938,-76.00908661,8.23529434,0,0,-
Tue Oct 24 18:06:41 EDT 2017,06:41.3,-76.00908501,36.76042997,0,10,-34.90000153,0,0.03830723,-2.79642749,9.53849983,0.03225607,-,17.64705849,0.0098469,-,-,80.59999847,32.36523056,0,-,-114.5013199,36.76042938,-76.00908661,8.23529434,0,0,-
Tue Oct 24 18:06:43 EDT 2017,06:43.2,-76.00908499,36.76042997,0,10,-34.90000153,0,0.03830723,-2.79642749,9.53849983,0.03097554,-,17.64705849,0.01360225,-,-,80.59999847,32.36523056,0,-,-114.5013199,36.76042938,-76.00908661,8.23529434,0,0,-
Tue Oct 24 18:06:45 EDT 2017,06:45.0,-76.00908498,36.76042997,0,9,-34.90000153,0,0.03830723,-2.79642749,9.57680702,0.03600389,-,17.64705849,0.01360225,-,-,80.59999847,32.36523056,0,-,-114.5013199,36.76042938,-76.00908661,8.23529434,0,0,-
Tue Oct 24 18:06:47 EDT 2017,06:46.8,-76.00908497,36.76042998,0,8,-34.90000153,0,0,-2.79642749,9.53849983,0.03224856,-,17.64705849,0.01359473,-,-,80.59999847,32.36523056,0,-,-114.5013199,36.76042938,-76.00908661,8.23529434,0,0,-
Tue Oct 24 18:06:49 EDT 2017,06:48.6,-76.00908495,36.76042998,0,7,-34.90000153,0,0,-2.79642749,9.53849983,0.03224856,-,17.64705849,0.01359473,-,-,80.59999847,32.36523056,0,-,-114.5013199,36.76042938,-76.00908661,8.23529434,0,0,-
Tue Oct 24 18:06:50 EDT 2017,06:50.5,-76.00908493,36.76042999,0,7,-34.90000153,0,0.03830723,-2.79642749,9.53849983,0.03225607,-,17.64705849,0.01360225,-,-,80.59999847,32.36523056,0,-,-114.5013199,36.76042938,-76.00908661,8.23529434,0,0,-
Tue Oct 24 18:06:52 EDT 2017,06:52.3,-76.00908489,36.76043,0,6,-34.90000153,0,0,-2.79642749,9.53849983,0.03224856,-,17.64705849,0.01359473,-,-,80.59999847,32.36523056,0,-,-114.5013199,36.76042938,-76.00908661,8.23529434,0,0,-
Tue Oct 24 18:06:54 EDT 2017,06:54.2,-76.00908485,36.76043001,0,6,-34.90000153,0,0,-2.79642749,9.53849983,0.03167197,-,17.64705849,0.00985446,-,-,80.59999847,32.36523056,0,-,-114.5013199,36.76042938,-76.00908661,8.23529434,0,0,-
Tue Oct 24 18:06:56 EDT 2017,06:56.0,-76.00908481,36.76043001,0,6,-34.90000153,0,0.03830723,-2.79642749,9.50019264,0.03037903,-,17.64705849,0.0098469,-,-,80.59999847,32.36523056,0,-,-114.5013199,36.76042938,-76.00908661,8.23529434,0,0,-
Tue Oct 24 18:06:58 EDT 2017,06:57.8,-76.00908477,36.76043002,0,6,-34.90000153,0,0.03830723,-2.79642749,9.53849983,0.03225607,-,17.64705849,0.01360225,-,-,80.59999847,32.36523056,0,-,-114.5013199,36.76042938,-76.00908661,8.23529434,0,0,-
Tue Oct 24 18:06:59 EDT 2017,06:59.6,-76.00908476,36.76043002,0,7,-34.90000153,0,0,-2.79642749,9.53849983,0.03224856,-,17.64705849,0.01359473,-,-,80.59999847,32.36523056,0,-,-114.5013199,36.76042938,-76.00908661,8.23529434,0,0,-
Tue Oct 24 18:07:01 EDT 2017,07:01.5,-76.00908474,36.76043003,0,7,-34.90000153,0,0,-2.79642749,9.53849983,0.03224856,-,17.64705849,0.01359473,-,-,80.59999847,32.36523056,0,-,-114.5013199,36.76042938,-76.00908661,8.23529434,0,0,-
Tue Oct 24 18:07:03 EDT 2017,07:03.3,-76.00908473,36.76043003,0,6,-34.90000153,0,0,-2.79642749,9.53849983,0.03225231,-,17.64705849,0.01359473,-,-,80.59999847,32.36523056,0,-,-114.5013199,36.76042938,-76.00908661,8.23529434,0,0,-
Tue Oct 24 18:07:05 EDT 2017,07:05.1,-76.00908474,36.76043004,0,7,-34.90000153,0,0,-2.83473492,9.53849983,0.03280509,-,17.64705849,0.0147006,-,-,80.59999847,32.36523056,0,-,-114.5013199,36.76042938,-76.00908661,8.23529434,0,0,-
Tue Oct 24 18:07:07 EDT 2017,07:06.9,-76.00908473,36.76043004,0,8,-34.90000153,0,0.03830723,-2.79642749,9.50019264,0.03037903,-,17.64705849,0.00985446,-,-,80.59999847,32.36523056,0,-,-114.5013199,36.76042938,-76.00908661,8.23529434,0,0,-
Tue Oct 24 18:07:09 EDT 2017,07:08.7,-76.00908473,36.76043004,0,9,-34.90000153,0,0.03830723,-2.79642749,9.53849983,0.03225607,-,17.64705849,0.01360225,-,-,80.59999847,32.36523056,0,-,-114.5013199,36.76042938,-76.00908661,8.23529434,0,0,-
Tue Oct 24 18:07:10 EDT 2017,07:10.5,-76.00908474,36.76043004,0,9,-34.90000153,0,0.03830723,-2.79642749,9.53849983,0.03225607,-,17.64705849,0.0173438,-,-,80.59999847,32.36523056,0,-,-114.5013199,36.76042938,-76.00908661,8.23529434,0,0,-
Tue Oct 24 18:07:12 EDT 2017,07:12.3,-76.00908474,36.76043004,0,8,-34.90000153,0,0,-2.79642749,9.53849983,0.03224856,-,17.64705849,0.0173438,-,-,80.59999847,32.36523056,0,-,-114.5013199,36.76042938,-76.00908661,8.23529434,0,0,-
Tue Oct 24 18:07:14 EDT 2017,07:14.2,-76.00908475,36.76043004,0,7,-34.90000153,0,0.03830723,-2.79642749,9.53849983,0.03225607,-,17.64705849,0.01360225,-,-,80.59999847,32.36523056,0,-,-114.5013199,36.76042938,-76.00908661,8.23529434,0,0,-
Tue Oct 24 18:07:16 EDT 2017,07:16.0,-76.00908473,36.76043005,0,7,-34.90000153,0,0,-2.7581203,9.53849983,0.0327828,-,17.64705849,0.01360225,-,-,80.59999847,32.36523056,0,-,-114.5013199,36.76042938,-76.00908661,8.23529434,0,0,-
Tue Oct 24 18:07:18 EDT 2017,07:17.9,-76.00908474,36.76043005,0,7,-34.90000153,0,0.03830723,-2.79642749,9.50019264,0.02850956,-,17.64705849,0.00985446,-,-,80.59999847,32.36523056,0,-,-114.5013199,36.76042938,-76.00908661,8.23529434,0,0,-
Tue Oct 24 18:07:19 EDT 2017,07:19.7,-76.00908474,36.76043005,0,7,-34.90000153,0,0.03830723,-2.79642749,9.53849983,0.03225607,-,17.64705849,0.01360225,-,-,80.59999847,32.36523056,0,-,-114.5013199,36.76042938,-76.00908661,8.23529434,0,0,-
Tue Oct 24 18:07:21 EDT 2017,07:21.5,-76.00908473,36.76043006,0,8,-34.90000153,0,0.03830723,-2.79642749,9.53849983,0.03131756,-,17.64705849,0.01360225,-,-,80.59999847,32.36523056,0,-,-114.5013199,36.76042938,-76.00908661,8.23529434,0,0,-
Tue Oct 24 18:07:23 EDT 2017,07:23.4,-76.00908472,36.76043007,0,9,-34.90000153,0,0,-2.79642749,9.53849983,0.03224856,-,17.64705849,0.01360225,-,-,80.59999847,32.36523056,0,-,-114.5013199,36.76042938,-76.00908661,8.23529434,0,0,-
Tue Oct 24 18:07:25 EDT 2017,07:25.2,-76.00908468,36.76043008,0,8,-34.90000153,0,0.03830723,-2.79642749,9.53849983,0.03225306,-,17.64705849,0.01360225,-,-,80.59999847,32.36523056,0,-,-114.5013199,36.76042938,-76.00908661,8.23529434,0,0,-
Tue Oct 24 18:07:27 EDT 2017,07:27.0,-76.00908466,36.76043008,0,7,-34.90000153,0,0.03830723,-2.79642749,9.53849983,0.03225607,-,17.64705849,0.01360225,-,-,80.59999847,32.36523056,0,-,-114.5013199,36.76042938,-76.00908661,8.23529434,0,0,-
Tue Oct 24 18:07:29 EDT 2017,07:28.8,-76.00908463,36.76043009,0,5,-34.90000153,0,0,-2.79642749,9.53849983,0.03264159,-,17.64705849,0.01250271,-,-,80.59999847,32.36523056,0,-,-114.5013199,36.76042938,-76.00908661,8.23529434,0,0,-
Tue Oct 24 18:07:30 EDT 2017,07:30.7,-76.00908461,36.7604301,0,5,-34.90000153,0,0,-2.79642749,9.57680702,0.03599638,-,17.64705849,0.01359473,-,-,80.59999847,32.36523056,0,-,-114.5013199,36.76042938,-76.00908661,8.23529434,0,0,-
Tue Oct 24 18:07:32 EDT 2017,07:32.5,-76.00908457,36.7604301,0,5,-34.90000153,0,0.03830723,-2.79642749,9.53849983,0.03170839,-,17.64705849,0.01250271,-,-,80.59999847,32.36523056,0,-,-114.5013199,36.76042938,-76.00908661,8.23529434,0,0,-
Tue Oct 24 18:07:34 EDT 2017,07:34.4,-76.00908453,36.76043011,0,6,-34.90000153,0,0,-2.79642749,9.53849983,0.03224856,-,17.64705849,0.01359473,-,-,80.59999847,32.36523056,0,-,-114.5013199,36.76042938,-76.00908661,8.23529434,0,0,-
Tue Oct 24 18:07:36 EDT 2017,07:36.2,-76.0090845,36.76043011,0,7,-34.90000153,0,0,-2.7581203,9.53849983,0.03115696,-,17.64705849,0.01250271,-,-,80.59999847,32.36523056,0,-,-114.5013199,36.76042938,-76.00908661,8.23529434,0,0,-
Tue Oct 24 18:07:38 EDT 2017,07:38.0,-76.00908448,36.76043012,0,7,-34.90000153,0,0.03830723,-2.7581203,9.53849983,0.03481547,-,17.64705849,0.0173438,-,-,80.59999847,32.36523056,0,-,-114.5013199,36.76042938,-76.00908661,8.23529434,0,0,-
Tue Oct 24 18:07:39 EDT 2017,07:39.9,-76.00908448,36.76043012,0,7,-34.90000153,0,0,-2.79642749,9.57680702,0.03599638,-,17.64705849,0.01251025,-,-,80.59999847,32.36523056,0,-,-114.5013199,36.76042938,-76.00908661,8.23529434,0,0,-
Tue Oct 24 18:07:41 EDT 2017,07:41.7,-76.0090845,36.76043011,0,8,-34.90000153,0,0,-2.7581203,9.53849983,0.03170463,-,17.64705849,0.01250271,-,-,80.59999847,32.36523056,0,-,-114.5013199,36.76042938,-76.00908661,8.23529434,0,0,-
Tue Oct 24 18:07:43 EDT 2017,07:43.5,-76.00908447,36.76043012,0,8,-34.90000153,0,0.03830723,-2.79642749,9.53849983,0.03225607,-,17.64705849,0.01360225,-,-,80.59999847,32.36523056,0,-,-114.5013199,36.76042938,-76.00908661,8.23529434,0,0,-
Tue Oct 24 18:07:45 EDT 2017,07:45.3,-76.00908445,36.76043012,0,8,-34.90000153,0,0,-2.79642749,9.53849983,0.03225231,-,17.64705849,0.01359473,-,-,80.59999847,32.36523056,0,-,-114.5013199,36.76042938,-76.00908661,8.23529434,0,0,-
Tue Oct 24 18:07:47 EDT 2017,07:47.1,-76.00908444,36.76043012,0,8,-34.90000153,0,0,-2.79642749,9.53849983,0.03197753,-,17.64705849,0.01250271,-,-,80.59999847,32.36523056,0,-,-114.5013199,36.76042938,-76.00908661,8.23529434,0,0,-
Tue Oct 24 18:07:49 EDT 2017,07:48.8,-76.0090844,36.76043014,0,8,-34.90000153,0,0.03830723,-2.79642749,9.53849983,0.03225607,-,17.64705849,0.01359473,-,-,80.59999847,32.36523056,0,-,-114.5013199,36.76042938,-76.00908661,8.23529434,0,0,-
Tue Oct 24 18:07:50 EDT 2017,07:50.6,-76.0090844,36.76043014,0,7,-34.90000153,0,0,-2.79642749,9.50019264,0.02850193,-,17.64705849,0.00985446,-,-,80.59999847,32.36523056,0,-,-114.5013199,36.76042938,-76.00908661,8.23529434,0,0,-
Tue Oct 24 18:07:52 EDT 2017,07:52.4,-76.00908443,36.76043014,0,8,-34.90000153,0,0.03830723,-2.79642749,9.53849983,0.03131568,-,17.64705849,0.01360225,-,-,80.59999847,32.36523056,0,-,-114.5013199,36.76042938,-76.00908661,8.23529434,0,0,-
Tue Oct 24 18:07:54 EDT 2017,07:54.2,-76.00908447,36.76043013,0,8,-34.90000153,0,0.03830723,-2.79642749,9.53849983,0.03075444,-,17.64705849,0.01360225,-,-,80.59999847,32.36523056,0,-,-114.5013199,36.76042938,-76.00908661,8.23529434,0,0,-
Tue Oct 24 18:07:56 EDT 2017,07:56.0,-76.00908448,36.76043013,0,9,-34.90000153,0,0,-2.79642749,9.53849983,0.03224856,-,17.64705849,0.01360225,-,-,80.59999847,32.36523056,0,-,-114.5013199,36.76042938,-76.00908661,8.23529434,0,0,-
Tue Oct 24 18:07:58 EDT 2017,07:57.9,-76.0090845,36.76043013,0,10,-34.90000153,0,0,-2.79642749,9.53849983,0.03150376,-,17.64705849,0.01359473,-,-,80.59999847,32.36523056,0,-,-114.5013199,36.76042938,-76.00908661,8.23529434,0,0,-
Tue Oct 24 18:07:59 EDT 2017,07:59.7,-76.0090845,36.76043014,0,10,-34.90000153,0,0,-2.83473492,9.53849983,0.03186846,-,17.64705849,0.00985446,-,-,80.59999847,32.36523056,0,-,-114.5013199,36.76042938,-76.00908661,8.23529434,0,0,-
Tue Oct 24 18:08:01 EDT 2017,08:01.5,-76.0090845,36.76043014,0,11,-35,0,0,-2.79642749,9.53849983,0.03037902,-,17.64705849,0.0098469,-,-,80.59999847,32.36523056,0,-,-114.8293991,36.76042938,-76.00908661,8.23529434,0,0,-
Tue Oct 24 18:08:03 EDT 2017,08:03.3,-76.00908446,36.76043014,0,7,-35,0,0.03830723,-2.79642749,9.53849983,0.03225607,-,17.64705849,0.01360225,-,-,80.59999847,32.36523056,0,-,-114.8293991,36.76042938,-76.00908661,8.23529434,0,0,-
Tue Oct 24 18:08:05 EDT 2017,08:05.2,-76.00908441,36.76043014,0,4,-35,0,0,-2.83473492,9.50019264,0.03159308,-,17.64705849,0.01095688,-,-,80.59999847,32.36523056,0,-,-114.8293991,36.76042938,-76.00908661,8.23529434,0,0,-
Tue Oct 24 18:08:07 EDT 2017,08:07.0,-76.00908438,36.76043017,0,4,-34.90000153,0,0.03830723,-2.79642749,9.53849983,0.03225607,-,17.64705849,0.01360225,-,-,80.59999847,32.36523056,0,-,-114.5013199,36.76042938,-76.00908661,8.23529434,0,0,-
Tue Oct 24 18:08:09 EDT 2017,08:08.9,-76.00908437,36.76043021,0,3,-34.90000153,0,0,-2.79642749,9.53849983,0.03224856,-,17.64705849,0.0173438,-,-,80.59999847,32.36523056,0,-,-114.5013199,36.76042938,-76.00908661,8.23529434,0,0,-
Tue Oct 24 18:08:11 EDT 2017,08:10.7,-76.00908435,36.76043023,0,3,-34.90000153,0,0,-2.79642749,9.50019264,0.02850193,-,17.64705849,0.0098469,-,-,80.59999847,32.36523056,0,-,-114.5013199,36.76042938,-76.00908661,8.23529434,0,0,-
Tue Oct 24 18:08:12 EDT 2017,08:12.5,-76.00908433,36.76043024,0,3,-34.90000153,0,0,-2.79642749,9.53849983,0.03075446,-,17.64705849,0.00985446,-,-,80.59999847,32.36523056,0,-,-114.5013199,36.76042938,-76.00908661,8.23529434,0,0,-
Tue Oct 24 18:08:14 EDT 2017,08:14.3,-76.00908433,36.76043026,0,3,-34.90000153,0,0.03830723,-2.79642749,9.53849983,0.03159496,-,17.64705849,0.01096442,-,-,80.59999847,32.36523056,0,-,-114.5013199,36.76042938,-76.00908661,8.23529434,0,0,-
Tue Oct 24 18:08:16 EDT 2017,08:16.2,-76.00908432,36.76043026,0,3,-35,0,0.03830723,-2.79642749,9.53849983,0.03225607,-,17.64705849,0.01360225,-,-,80.59999847,32.36523056,0,-,-114.8293991,36.76042938,-76.00908661,8.23529434,0,0,-
Tue Oct 24 18:08:18 EDT 2017,08:18.1,-76.00908431,36.76043027,0,3,-34.90000153,0,0.03830723,-2.79642749,9.53849983,0.03225607,-,17.64705849,0.0173438,-,-,80.59999847,32.36523056,0,-,-114.5013199,36.76042938,-76.00908661,8.23529434,0,0,-
Tue Oct 24 18:08:20 EDT 2017,08:20.1,-76.00908428,36.76043028,0,3,-34.90000153,0,0,-2.79642749,9.53849983,0.03224856,-,17.64705849,0.01359473,-,-,80.59999847,32.36523056,0,-,-114.5013199,36.76042938,-76.00908661,8.23529434,0,0,-
Tue Oct 24 18:08:22 EDT 2017,08:21.9,-76.00908426,36.76043027,0,3,-34.90000153,0,0,-2.79642749,9.53849983,0.03299962,-,17.64705849,0.0173438,-,-,80.59999847,32.36523056,0,-,-114.5013199,36.76042938,-76.00908661,8.23529434,0,0,-
Tue Oct 24 18:08:24 EDT 2017,08:23.7,-76.00908425,36.76043025,0,3,-34.90000153,0,0,-2.79642749,9.53849983,0.03224856,-,17.64705849,0.01360225,-,-,80.59999847,32.36523056,0,-,-114.5013199,36.76042938,-76.00908661,8.23529434,0,0,-
Tue Oct 24 18:08:25 EDT 2017,08:25.6,-76.00908423,36.76043024,0,3,-34.90000153,0,0,-2.79642749,9.53849983,0.03203324,-,17.64705849,0.01360225,-,-,80.59999847,32.36523056,0,-,-114.5013199,36.76042938,-76.00908661,8.23529434,0,0,-
Tue Oct 24 18:08:27 EDT 2017,08:27.4,-76.00908422,36.76043024,0,3,-34.90000153,0,0,-2.79642749,9.53849983,0.03172337,-,17.64705849,0.01359473,-,-,80.59999847,32.36523056,0,-,-114.5013199,36.76042938,-76.00908661,8.23529434,0,0,-
Tue Oct 24 18:08:29 EDT 2017,08:29.3,-76.00908417,36.76043024,0,3,-34.90000153,0,0.03830723,-2.79642749,9.53849983,0.03225607,-,17.64705849,0.01360225,-,-,80.59999847,32.36523056,0,-,-114.5013199,36.76042938,-76.00908661,8.23529434,0,0,-
Tue Oct 24 18:08:31 EDT 2017,08:31.1,-76.00908412,36.76043024,0,3,-34.90000153,0,0.03830723,-2.79642749,9.53849983,0.03225607,-,17.64705849,0.01360225,-,-,80.59999847,32.36523056,0,-,-114.5013199,36.76042938,-76.00908661,8.23529434,0,0,-
Tue Oct 24 18:08:33 EDT 2017,08:32.9,-76.00908412,36.76043022,0,3,-34.90000153,0,0,-2.79642749,9.53849983,0.0327813,-,17.64705849,0.0173438,-,-,80.59999847,32.36523056,0,-,-114.5013199,36.76042938,-76.00908661,8.23529434,0,0,-
Tue Oct 24 18:08:34 EDT 2017,08:34.7,-76.00908411,36.76043021,0,3,-34.90000153,0,0.03830723,-2.79642749,9.53849983,0.03225607,-,17.64705849,0.01360225,-,-,80.59999847,32.36523056,0,-,-114.5013199,36.76042938,-76.00908661,8.23529434,0,0,-
Tue Oct 24 18:08:36 EDT 2017,08:36.5,-76.00908409,36.76043021,0,3,-34.90000153,0,0.03830723,-2.79642749,9.53849983,0.03225607,-,17.64705849,0.01360225,-,-,80.59999847,32.36523056,0,-,-114.5013199,36.76042938,-76.00908661,8.23529434,0,0,-
Tue Oct 24 18:08:38 EDT 2017,08:38.3,-76.0090841,36.7604302,0,3,-34.90000153,0,0,-2.79642749,9.53849983,0.03234395,-,17.64705849,0.01359473,-,-,80.59999847,32.36523056,0,-,-114.5013199,36.76042938,-76.00908661,8.23529434,0,0,-
Tue Oct 24 18:08:40 EDT 2017,08:40.1,-76.00908413,36.76043023,0,3,-34.90000153,0,0.03830723,-2.79642749,9.53849983,0.03225607,-,17.64705849,0.01360225,-,-,80.59999847,32.36523056,0,-,-114.5013199,36.76042938,-76.00908661,8.23529434,0,0,-
Tue Oct 24 18:08:42 EDT 2017,08:41.9,-76.00908414,36.76043021,0,3,-34.90000153,0,0.03830723,-2.7581203,9.50019264,0.03188674,-,17.64705849,0.00875839,-,-,80.59999847,32.36523056,0,-,-114.5013199,36.76042938,-76.00908661,8.23529434,0,0,-
Tue Oct 24 18:08:43 EDT 2017,08:43.7,-76.00908415,36.76043022,0,3,-34.90000153,0,0,-2.79642749,9.57680702,0.03599638,-,17.64705849,0.0173438,-,-,80.59999847,32.36523056,0,-,-114.5013199,36.76042938,-76.00908661,8.23529434,0,0,-
Tue Oct 24 18:08:45 EDT 2017,08:45.5,-76.00908415,36.76043024,0,3,-34.90000153,0,0,-2.79642749,9.53849983,0.03224856,-,17.64705849,0.01360225,-,-,80.59999847,32.36523056,0,-,-114.5013199,36.76042938,-76.00908661,8.23529434,0,0,-
Tue Oct 24 18:08:47 EDT 2017,08:47.3,-76.00908412,36.76043022,0,3,-34.90000153,0,0,-2.79642749,9.53849983,0.03224856,-,17.64705849,0.01359473,-,-,80.59999847,32.36523056,0,-,-114.5013199,36.76042938,-76.00908661,8.23529434,0,0,-
Tue Oct 24 18:08:49 EDT 2017,08:49.2,-76.00908411,36.7604302,0,3,-34.90000153,0,0.03830723,-2.79642749,9.53849983,0.03225607,-,17.64705849,0.01360225,-,-,80.59999847,32.36523056,0,-,-114.5013199,36.76042938,-76.00908661,8.23529434,0,0,-
Tue Oct 24 18:08:51 EDT 2017,08:51.0,-76.00908406,36.76043019,0,3,-34.90000153,0,0,-2.79642749,9.53849983,0.03224856,-,17.64705849,0.01359473,-,-,80.59999847,32.36523056,0,-,-114.5013199,36.76042938,-76.00908661,8.23529434,0,0,-
Tue Oct 24 18:08:52 EDT 2017,08:52.8,-76.00908405,36.76043019,0,3,-34.90000153,0,0.03830723,-2.79642749,9.57680702,0.03600389,-,17.64705849,0.01360225,-,-,80.59999847,32.36523056,0,-,-114.5013199,36.76042938,-76.00908661,8.23529434,0,0,-
Tue Oct 24 18:08:54 EDT 2017,08:54.6,-76.00908402,36.7604302,0,3,-34.90000153,0,0,-2.79642749,9.53849983,0.03269528,-,17.64705849,0.01470812,-,-,80.59999847,32.36523056,0,-,-114.5013199,36.76042938,-76.00908661,8.23529434,0,0,-
Tue Oct 24 18:08:56 EDT 2017,08:56.5,-76.00908396,36.7604302,0,3,-34.90000153,0,0.03830723,-2.79642749,9.53849983,0.03225607,-,17.64705849,0.01360225,-,-,80.59999847,32.36523056,0,-,-114.5013199,36.76042938,-76.00908661,8.23529434,0,0,-
Tue Oct 24 18:08:58 EDT 2017,08:58.3,-76.00908391,36.76043021,0,3,-34.90000153,0,0,-2.79642749,9.50019264,0.02850193,-,17.64705849,0.01360225,-,-,80.59999847,32.36523056,0,-,-114.5013199,36.76042938,-76.00908661,8.23529434,0,0,-
Tue Oct 24 18:09:00 EDT 2017,09:00.2,-76.0090839,36.7604302,0,3,-34.90000153,0,0,-2.79642749,9.53849983,0.03224856,-,17.64705849,0.01359473,-,-,80.59999847,32.36523056,0,-,-114.5013199,36.76042938,-76.00908661,8.23529434,0,0,-
Tue Oct 24 18:09:02 EDT 2017,09:02.0,-76.00908387,36.7604302,0,3,-34.90000153,0,0,-2.79642749,9.53849983,0.03224856,-,17.64705849,0.01359473,-,-,80.59999847,32.36523056,0,-,-114.5013199,36.76042938,-76.00908661,8.23529434,0,0,-
Tue Oct 24 18:09:03 EDT 2017,09:03.8,-76.00908386,36.76043021,0,3,-34.90000153,0,0.03830723,-2.79642749,9.50019264,0.02850956,-,17.64705849,0.01360225,-,-,80.59999847,32.36523056,0,-,-114.5013199,36.76042938,-76.00908661,8.23529434,0,0,-
Tue Oct 24 18:09:05 EDT 2017,09:05.6,-76.00908383,36.7604302,0,9,-34.90000153,0,0,-2.79642749,9.53849983,0.03224856,-,17.64705849,0.01360225,-,-,80.59999847,32.36523056,0,-,-114.5013199,36.76042938,-76.00908661,8.23529434,0,0,-
Tue Oct 24 18:09:07 EDT 2017,09:07.4,-76.00908383,36.76043022,0,9,-34.90000153,0,0,-2.83473492,9.50019264,0.02961165,-,17.64705849,0.01095688,-,-,80.59999847,32.36523056,0,-,-114.5013199,36.76042938,-76.00908661,8.23529434,0,0,-
Tue Oct 24 18:09:09 EDT 2017,09:09.2,-76.00908383,36.76043023,0,9,-34.90000153,0,0.03830723,-2.79642749,9.53849983,0.03225607,-,17.64705849,0.01360225,-,-,80.59999847,32.36523056,0,-,-114.5013199,36.76042938,-76.00908661,8.23529434,0,0,-
Tue Oct 24 18:09:11 EDT 2017,09:11.1,-76.00908382,36.76043023,0,9,-34.90000153,0,0,-2.79642749,9.50019264,0.02850193,-,17.64705849,0.01359473,-,-,80.59999847,32.36523056,0,-,-114.5013199,36.76042938,-76.00908661,8.23529434,0,0,-
Tue Oct 24 18:09:13 EDT 2017,09:12.9,-76.00908383,36.76043023,0,4,-34.90000153,0,0.03830723,-2.79642749,9.53849983,0.03225607,-,17.64705849,0.01360225,-,-,80.59999847,32.36523056,0,-,-114.5013199,36.76042938,-76.00908661,8.23529434,0,0,-
Tue Oct 24 18:09:15 EDT 2017,09:14.8,-76.00908381,36.76043023,0,3,-34.90000153,0,0.03830723,-2.79642749,9.53849983,0.03225607,-,17.64705849,0.01360225,-,-,80.59999847,32.36523056,0,-,-114.5013199,36.76042938,-76.00908661,8.23529434,0,0,-
Tue Oct 24 18:09:16 EDT 2017,09:16.5,-76.00908378,36.76043023,0,3,-34.90000153,0,0,-2.83473492,9.50019264,0.02961165,-,17.64705849,0.00985446,-,-,80.59999847,32.36523056,0,-,-114.5013199,36.76042938,-76.00908661,8.23529434,0,0,-
Tue Oct 24 18:09:18 EDT 2017,09:18.4,-76.00908378,36.76043024,0,3,-34.90000153,0,0,-2.79642749,9.53849983,0.0325287,-,17.64705849,0.01359473,-,-,80.59999847,32.36523056,0,-,-114.5013199,36.76042938,-76.00908661,8.23529434,0,0,-
Tue Oct 24 18:09:20 EDT 2017,09:20.2,-76.00908378,36.76043024,0,3,-34.90000153,0,0,-2.79642749,9.53849983,0.03187135,-,17.64705849,0.01096442,-,-,80.59999847,32.36523056,0,-,-114.5013199,36.76042938,-76.00908661,8.23529434,0,0,-
Tue Oct 24 18:09:22 EDT 2017,09:22.1,-76.0090838,36.76043025,0,4,-34.90000153,0,0.03830723,-2.79642749,9.50019264,0.02850956,-,17.64705849,0.00985446,-,-,80.59999847,32.36523056,0,-,-114.5013199,36.76042938,-76.00908661,8.23529434,0,0,-
Tue Oct 24 18:09:24 EDT 2017,09:23.8,-76.00908378,36.76043027,0,3,-34.90000153,0,0,-2.79642749,9.50019264,0.02850193,-,17.64705849,0.01359473,-,-,80.59999847,32.36523056,0,-,-114.5013199,36.76042938,-76.00908661,8.23529434,0,0,-
Tue Oct 24 18:09:25 EDT 2017,09:25.6,-76.0090838,36.76043028,0,3,-34.90000153,0,0,-2.83473492,9.53849983,0.0333541,-,17.64705849,0.01359473,-,-,80.59999847,32.36523056,0,-,-114.5013199,36.76042938,-76.00908661,8.23529434,0,0,-
Tue Oct 24 18:09:27 EDT 2017,09:27.5,-76.0090838,36.76043032,0,3,-34.90000153,0,0.03830723,-2.79642749,9.50019264,0.02850956,-,17.64705849,0.00985446,-,-,80.59999847,32.36523056,0,-,-114.5013199,36.76042938,-76.00908661,8.23529434,0,0,-
Tue Oct 24 18:09:29 EDT 2017,09:29.3,-76.00908383,36.76043034,0,3,-34.90000153,0,0,-2.79642749,9.53849983,0.03225231,-,17.64705849,0.01359473,-,-,80.59999847,32.36523056,0,-,-114.5013199,36.76042938,-76.00908661,8.23529434,0,0,-
Tue Oct 24 18:09:31 EDT 2017,09:31.1,-76.00908385,36.76043038,0,3,-34.90000153,0,0.03830723,-2.79642749,9.53849983,0.03225607,-,17.64705849,0.01359473,-,-,80.59999847,32.36523056,0,-,-114.5013199,36.76042938,-76.00908661,8.23529434,0,0,-
Tue Oct 24 18:09:33 EDT 2017,09:32.9,-76.00908388,36.7604304,0,3,-34.90000153,0,0.03830723,-2.79642749,9.53849983,0.03225607,-,17.64705849,0.01360225,-,-,80.59999847,32.36523056,0,-,-114.5013199,36.76042938,-76.00908661,8.23529434,0,0,-
Tue Oct 24 18:09:35 EDT 2017,09:34.8,-76.00908391,36.76043042,0,3,-34.90000153,0,0,-2.79642749,9.53849983,0.03224856,-,17.64705849,0.01359473,-,-,80.59999847,32.36523056,0,-,-114.5013199,36.76042938,-76.00908661,8.23529434,0,0,-
Tue Oct 24 18:09:36 EDT 2017,09:36.6,-76.00908391,36.76043044,0,3,-34.90000153,0,0.03830723,-2.79642749,9.53849983,0.03225607,-,17.64705849,0.01359473,-,-,80.59999847,32.36523056,0,-,-114.5013199,36.76042938,-76.00908661,8.23529434,0,0,-
Tue Oct 24 18:09:38 EDT 2017,09:38.4,-76.00908393,36.76043046,0,3,-34.90000153,0,0.03830723,-2.79642749,9.53849983,0.03225607,-,17.64705849,0.01360225,-,-,80.59999847,32.36523056,0,-,-114.5013199,36.76042938,-76.00908661,8.23529434,0,0,-
Tue Oct 24 18:09:40 EDT 2017,09:40.2,-76.00908393,36.76043048,0,3,-34.90000153,0,0.03830723,-2.79642749,9.53849983,0.03225607,-,17.64705849,0.01360225,-,-,80.59999847,32.36523056,0,-,-114.5013199,36.76042938,-76.00908661,8.23529434,0,0,-
Tue Oct 24 18:09:42 EDT 2017,09:42.1,-76.00908393,36.76043048,0,3,-34.90000153,0,0,-2.79642749,9.50019264,0.02850193,-,17.64705849,0.0098469,-,-,80.59999847,32.36523056,0,-,-114.5013199,36.76042938,-76.00908661,8.23529434,0,0,-
Tue Oct 24 18:09:44 EDT 2017,09:43.9,-76.00908396,36.7604305,0,3,-34.90000153,0,0,-2.79642749,9.53849983,0.03224856,-,17.64705849,0.01359473,-,-,80.59999847,32.36523056,0,-,-114.5013199,36.76042938,-76.00908661,8.23529434,0,0,-
Tue Oct 24 18:09:45 EDT 2017,09:45.7,-76.00908396,36.76043049,0,3,-34.90000153,0,0.03830723,-2.79642749,9.53849983,0.03159204,-,17.64705849,0.01359473,-,-,80.59999847,32.36523056,0,-,-114.5013199,36.76042938,-76.00908661,8.23529434,0,0,-
Tue Oct 24 18:09:47 EDT 2017,09:47.5,-76.00908393,36.76043047,0,3,-34.90000153,0,0,-2.79642749,9.53849983,0.03150224,-,17.64705849,0.01359473,-,-,80.59999847,32.36523056,0,-,-114.5013199,36.76042938,-76.00908661,8.23529434,0,0,-
Tue Oct 24 18:09:49 EDT 2017,09:49.4,-76.00908389,36.76043044,0,3,-34.90000153,0,0.03830723,-2.79642749,9.53849983,0.03225607,-,17.64705849,0.01360225,-,-,80.59999847,32.36523056,0,-,-114.5013199,36.76042938,-76.00908661,8.23529434,0,0,-
Tue Oct 24 18:09:51 EDT 2017,09:51.2,-76.00908386,36.76043039,0,3,-34.90000153,0,0.03830723,-2.79642749,9.53849983,0.03126136,-,17.64705849,0.01359473,-,-,80.59999847,32.36523056,0,-,-114.5013199,36.76042938,-76.00908661,8.23529434,0,0,-
Tue Oct 24 18:09:52 EDT 2017,09:53.0,-76.00908384,36.76043039,0,3,-34.90000153,0,0,-2.79642749,9.53849983,0.03225156,-,17.64705849,0.01360225,-,-,80.59999847,32.36523056,0,-,-114.5013199,36.76042938,-76.00908661,8.23529434,0,0,-
Tue Oct 24 18:09:55 EDT 2017,09:54.9,-76.00908383,36.76043036,0,3,-34.90000153,0,0,-2.79642749,9.53849983,0.03224856,-,17.64705849,0.0098469,-,-,80.59999847,32.36523056,0,-,-114.5013199,36.76042938,-76.00908661,8.23529434,0,0,-
Tue Oct 24 18:09:56 EDT 2017,09:56.7,-76.00908384,36.76043036,0,3,-34.90000153,0,0,-2.79642749,9.53849983,0.03224856,-,17.64705849,0.0147006,-,-,80.59999847,32.36523056,0,-,-114.5013199,36.76042938,-76.00908661,8.23529434,0,0,-
Tue Oct 24 18:09:59 EDT 2017,09:58.6,-76.00908386,36.76043035,0,3,-34.90000153,0,0.03830723,-2.79642749,9.53849983,0.03225607,-,17.64705849,0.01360225,-,-,80.59999847,32.36523056,0,-,-114.5013199,36.76042938,-76.00908661,8.23529434,0,0,-
Tue Oct 24 18:10:00 EDT 2017,10:00.4,-76.00908386,36.76043035,0,3,-34.90000153,0,0.03830723,-2.79642749,9.53849983,0.03225607,-,17.64705849,0.01359473,-,-,80.59999847,32.36523056,0,-,-114.5013199,36.76042938,-76.00908661,8.23529434,0,0,-
Tue Oct 24 18:10:02 EDT 2017,10:02.3,-76.00908385,36.76043036,0,3,-34.90000153,0,0.03830723,-2.79642749,9.53849983,0.03225607,-,17.64705849,0.01359473,-,-,80.59999847,32.36523056,0,-,-114.5013199,36.76042938,-76.00908661,8.23529434,0,0,-
Tue Oct 24 18:10:04 EDT 2017,10:04.1,-76.00908384,36.76043036,0,3,-34.90000153,0,0,-2.79642749,9.53849983,0.03224856,-,17.64705849,0.01360225,-,-,80.59999847,32.36523056,0,-,-114.5013199,36.76042938,-76.00908661,8.23529434,0,0,-
Tue Oct 24 18:10:06 EDT 2017,10:05.9,-76.00908383,36.76043036,0,3,-34.90000153,0,0.03830723,-2.79642749,9.53849983,0.03225607,-,17.64705849,0.01360225,-,-,80.59999847,32.36523056,0,-,-114.5013199,36.76042938,-76.00908661,8.23529434,0,0,-
Tue Oct 24 18:10:08 EDT 2017,10:07.7,-76.00908383,36.76043036,0,3,-34.90000153,0,0.03830723,-2.79642749,9.50019264,0.0318134,-,17.64705849,0.01359473,-,-,80.59999847,32.36523056,0,-,-114.5013199,36.76042938,-76.00908661,8.23529434,0,0,-
Tue Oct 24 18:10:10 EDT 2017,10:09.6,-76.00908382,36.76043033,0,3,-34.90000153,0,0,-2.79642749,9.53849983,0.03224856,-,17.64705849,0.01360225,-,-,80.59999847,32.36523056,0,-,-114.5013199,36.76042938,-76.00908661,8.23529434,0,0,-
Tue Oct 24 18:10:11 EDT 2017,10:11.4,-76.00908381,36.76043032,0,3,-34.90000153,0,0.03830723,-2.79642749,9.53849983,0.03225607,-,17.64705849,0.0098469,-,-,80.59999847,32.36523056,0,-,-114.5013199,36.76042938,-76.00908661,8.23529434,0,0,-
Tue Oct 24 18:10:13 EDT 2017,10:13.2,-76.0090838,36.7604303,0,3,-34.90000153,0,0.03830723,-2.79642749,9.53849983,0.03225607,-,17.64705849,0.0147006,-,-,80.59999847,32.36523056,0,-,-114.5013199,36.76042938,-76.00908661,8.23529434,0,0,-
Tue Oct 24 18:10:15 EDT 2017,10:15.1,-76.00908377,36.76043027,0,3,-34.90000153,0,0,-2.79642749,9.50019264,0.02850193,-,17.64705849,0.0147006,-,-,80.59999847,32.36523056,0,-,-114.5013199,36.76042938,-76.00908661,8.23529434,0,0,-
Tue Oct 24 18:10:17 EDT 2017,10:16.9,-76.00908376,36.76043025,0,3,-34.90000153,0,0.03830723,-2.79642749,9.50019264,0.02850956,-,17.64705849,0.00985446,-,-,80.59999847,32.36523056,0,-,-114.5013199,36.76042938,-76.00908661,8.23529434,0,0,-
Tue Oct 24 18:10:19 EDT 2017,10:18.7,-76.00908372,36.76043024,0,3,-34.90000153,0,0.03830723,-2.79642749,9.53849983,0.03150526,-,17.64705849,0.01359473,-,-,80.59999847,32.36523056,0,-,-114.5013199,36.76042938,-76.00908661,8.23529434,0,0,-
Tue Oct 24 18:10:21 EDT 2017,10:20.7,-76.00908369,36.76043023,0,3,-34.90000153,0,0,-2.79642749,9.53849983,0.03225156,-,17.64705849,0.01359473,-,-,80.59999847,32.36523056,0,-,-114.5013199,36.76042938,-76.00908661,8.23529434,0,0,-
Tue Oct 24 18:10:22 EDT 2017,10:22.5,-76.00908368,36.76043022,0,3,-34.90000153,0,0.03830723,-2.79642749,9.53849983,0.03225607,-,17.64705849,0.01359473,-,-,80.59999847,32.36523056,0,-,-114.5013199,36.76042938,-76.00908661,8.23529434,0,0,-
Tue Oct 24 18:10:24 EDT 2017,10:24.3,-76.00908365,36.76043021,0,3,-34.90000153,0,0,-2.79642749,9.53849983,0.03224856,-,17.64705849,0.01360225,-,-,80.59999847,32.36523056,0,-,-114.5013199,36.76042938,-76.00908661,8.23529434,0,0,-
Tue Oct 24 18:10:26 EDT 2017,10:26.1,-76.00908363,36.76043019,0,3,-34.90000153,0,0,-2.79642749,9.53849983,0.03224856,-,17.64705849,0.00985446,-,-,80.59999847,32.36523056,0,-,-114.5013199,36.76042938,-76.00908661,8.23529434,0,0,-
Tue Oct 24 18:10:28 EDT 2017,10:28.0,-76.00908363,36.76043017,0,3,-34.90000153,0,0.03830723,-2.79642749,9.53849983,0.03247417,-,17.64705849,0.01360225,-,-,80.59999847,32.36523056,0,-,-114.5013199,36.76042938,-76.00908661,8.23529434,0,0,-
Tue Oct 24 18:10:30 EDT 2017,10:29.8,-76.0090836,36.76043013,0,3,-34.90000153,0,0,-2.83473492,9.53849983,0.0333541,-,17.64705849,0.0147006,-,-,80.59999847,32.36523056,0,-,-114.5013199,36.76042938,-76.00908661,8.23529434,0,0,-
Tue Oct 24 18:10:32 EDT 2017,10:31.6,-76.00908355,36.76043011,0,3,-34.90000153,0,0.03830723,-2.79642749,9.53849983,0.03056329,-,17.64705849,0.01360225,-,-,80.59999847,32.36523056,0,-,-114.5013199,36.76042938,-76.00908661,8.23529434,0,0,-
Tue Oct 24 18:10:33 EDT 2017,10:33.5,-76.00908354,36.76043011,0,3,-34.90000153,0,0,-2.79642749,9.53849983,0.03224856,-,17.64705849,0.01359473,-,-,80.59999847,32.36523056,0,-,-114.5013199,36.76042938,-76.00908661,8.23529434,0,0,-
Tue Oct 24 18:10:35 EDT 2017,10:35.3,-76.00908349,36.76043008,0,3,-34.90000153,0,0.03830723,-2.79642749,9.53849983,0.03037903,-,17.64705849,0.01360225,-,-,80.59999847,32.36523056,0,-,-114.5013199,36.76042938,-76.00908661,8.23529434,0,0,-
Tue Oct 24 18:10:37 EDT 2017,10:37.2,-76.00908347,36.76043005,0,3,-34.90000153,0,0,-2.79642749,9.53849983,0.03224856,-,17.64705849,0.01360225,-,-,80.59999847,32.36523056,0,-,-114.5013199,36.76042938,-76.00908661,8.23529434,0,0,-
Tue Oct 24 18:10:39 EDT 2017,10:39.0,-76.00908345,36.76043006,0,3,-34.90000153,0,0,-2.79642749,9.53849983,0.03224856,-,17.64705849,0.01360225,-,-,80.59999847,32.36523056,0,-,-114.5013199,36.76042938,-76.00908661,8.23529434,0,0,-
Tue Oct 24 18:10:41 EDT 2017,10:40.9,-76.00908338,36.76043003,0,3,-34.90000153,0,0,-2.79642749,9.53849983,0.03224856,-,17.64705849,0.01360225,-,-,80.59999847,32.36523056,0,-,-114.5013199,36.76042938,-76.00908661,8.23529434,0,0,-
Tue Oct 24 18:10:42 EDT 2017,10:42.7,-76.00908337,36.76043003,0,3,-34.90000153,0,0.03830723,-2.79642749,9.53849983,0.03225607,-,17.64705849,0.01360225,-,-,80.59999847,32.36523056,0,-,-114.5013199,36.76042938,-76.00908661,8.23529434,0,0,-
Tue Oct 24 18:10:44 EDT 2017,10:44.5,-76.00908335,36.76043001,0,3,-34.90000153,0,0.03830723,-2.79642749,9.53849983,0.03225607,-,17.64705849,0.01360225,-,-,80.59999847,32.36523056,0,-,-114.5013199,36.76042938,-76.00908661,8.23529434,0,0,-
Tue Oct 24 18:10:46 EDT 2017,10:46.4,-76.00908334,36.76043,0,3,-34.90000153,0,0,-2.79642749,9.53849983,0.0325287,-,17.64705849,0.01470812,-,-,80.59999847,32.36523056,0,-,-114.5013199,36.76042938,-76.00908661,8.23529434,0,0,-
Tue Oct 24 18:10:47 EDT 2017,10:48.2,-76.00908332,36.76043,0,3,-34.90000153,0,0,-2.79642749,9.53849983,0.03224856,-,17.64705849,0.01359473,-,-,80.59999847,32.36523056,0,-,-114.5013199,36.76042938,-76.00908661,8.23529434,0,0,-
Tue Oct 24 18:10:50 EDT 2017,10:50.0,-76.00908331,36.76042998,0,3,-34.90000153,0,0,-2.79642749,9.53849983,0.03225231,-,17.64705849,0.01360225,-,-,80.59999847,32.36523056,0,-,-114.5013199,36.76042938,-76.00908661,8.23529434,0,0,-
Tue Oct 24 18:10:52 EDT 2017,10:51.9,-76.00908329,36.76042997,0,3,-34.90000153,0,0.03830723,-2.79642749,9.53849983,0.03225607,-,17.64705849,0.01360225,-,-,80.59999847,32.36523056,0,-,-114.5013199,36.76042938,-76.00908661,8.23529434,0,0,-
Tue Oct 24 18:10:53 EDT 2017,10:53.7,-76.00908329,36.76042996,0,3,-34.90000153,0,0.03830723,-2.79642749,9.53849983,0.03225607,-,17.64705849,0.01359473,-,-,80.59999847,32.36523056,0,-,-114.5013199,36.76042938,-76.00908661,8.23529434,0,0,-
Tue Oct 24 18:10:55 EDT 2017,10:55.5,-76.00908326,36.76042994,0,3,-34.90000153,0,0,-2.79642749,9.50019264,0.02850193,-,17.64705849,0.01360225,-,-,80.59999847,32.36523056,0,-,-114.5013199,36.76042938,-76.00908661,8.23529434,0,0,-
Tue Oct 24 18:10:57 EDT 2017,10:57.3,-76.00908325,36.76042993,0,3,-34.90000153,0,0.03830723,-2.79642749,9.53849983,0.03225607,-,17.64705849,0.01359473,-,-,80.59999847,32.36523056,0,-,-114.5013199,36.76042938,-76.00908661,8.23529434,0,0,-
Tue Oct 24 18:10:59 EDT 2017,10:59.2,-76.00908327,36.76042993,0,3,-34.90000153,0,0,-2.79642749,9.53849983,0.03225076,-,17.64705849,0.00985446,-,-,80.59999847,32.36523056,0,-,-114.5013199,36.76042938,-76.00908661,8.23529434,0,0,-
Tue Oct 24 18:11:00 EDT 2017,11:01.0,-76.00908328,36.76042993,0,3,-34.90000153,0,0,-2.79642749,9.57680702,0.03225264,-,17.64705849,0.01360225,-,-,80.59999847,32.36523056,0,-,-114.5013199,36.76042938,-76.00908661,8.23529434,0,0,-
Tue Oct 24 18:11:03 EDT 2017,11:02.8,-76.00908332,36.76042991,0,3,-34.90000153,0,0.03830723,-2.79642749,9.53849983,0.03131565,-,17.64705849,0.01359473,-,-,80.59999847,32.36523056,0,-,-114.5013199,36.76042938,-76.00908661,8.23529434,0,0,-
Tue Oct 24 18:11:05 EDT 2017,11:04.6,-76.00908333,36.76042992,0,3,-34.90000153,0,0,-2.79642749,9.53849983,0.03224856,-,17.64705849,0.01360225,-,-,80.59999847,32.36523056,0,-,-114.5013199,36.76042938,-76.00908661,8.23529434,0,0,-
Tue Oct 24 18:11:06 EDT 2017,11:06.4,-76.00908333,36.76042991,0,3,-34.90000153,0,0,-2.83473492,9.50019264,0.03186759,-,17.64705849,0.01095688,-,-,80.59999847,32.36523056,0,-,-114.5013199,36.76042938,-76.00908661,8.23529434,0,0,-
Tue Oct 24 18:11:08 EDT 2017,11:08.2,-76.00908332,36.76042989,0,3,-34.90000153,0,0,-2.79642749,9.53849983,0.03224856,-,17.64705849,0.01360225,-,-,80.59999847,32.36523056,0,-,-114.5013199,36.76042938,-76.00908661,8.23529434,0,0,-
Tue Oct 24 18:11:10 EDT 2017,11:10.0,-76.0090833,36.76042987,0,3,-34.90000153,0,0,-2.79642749,9.53849983,0.0322518,-,17.64705849,0.01359473,-,-,80.59999847,32.36523056,0,-,-114.5013199,36.76042938,-76.00908661,8.23529434,0,0,-
Tue Oct 24 18:11:12 EDT 2017,11:11.8,-76.00908328,36.76042985,0,3,-34.90000153,0,0,-2.79642749,9.50019264,0.02850193,-,17.64705849,0.0098469,-,-,80.59999847,32.36523056,0,-,-114.5013199,36.76042938,-76.00908661,8.23529434,0,0,-
Tue Oct 24 18:11:14 EDT 2017,11:13.6,-76.00908328,36.76042984,0,3,-34.90000153,0,-0.15322891,-2.94965649,9.38527107,0.02603298,-,17.64705849,0.00330575,-,-,80.59999847,32.36523056,0,-,-114.5013199,36.76042938,-76.00908661,8.23529434,0,0,-
Tue Oct 24 18:11:15 EDT 2017,11:15.4,-76.00908328,36.76042984,0,3,-34.90000153,0,-0.03830723,-2.7581203,9.53849983,0.03116447,-,17.64705849,0.01251025,-,-,80.59999847,32.36523056,0,-,-114.5013199,36.76042938,-76.00908661,8.23529434,0,0,-
Tue Oct 24 18:11:17 EDT 2017,11:17.2,-76.00908327,36.76042984,0,3,-34.90000153,0,0.03830723,-2.79642749,9.53849983,0.03745894,-,15.68627453,0.01360225,-,-,80.59999847,32.36523056,760,-,-114.5013199,36.76042938,-76.00908661,6.27450991,0,0,-
Tue Oct 24 18:11:19 EDT 2017,11:19.0,-76.00908328,36.76042983,0,3,-34.90000153,0,0.03830723,-2.7581203,9.57680702,0.03491622,-,15.68627453,0.02167668,-,-,80.59999847,32.36523056,881,-,-114.5013199,36.76042938,-76.00908661,5.88235283,0,0,-
Tue Oct 24 18:11:21 EDT 2017,11:20.9,-76.00908327,36.76042982,0,3,-34.90000153,0,0,-2.68150592,9.73003578,0.04782492,-,15.68627453,0.02001007,-,-,80.59999847,32.36523056,816,-,-114.5013199,36.76042938,-76.00908661,6.27450991,0,0,-
Tue Oct 24 18:11:23 EDT 2017,11:22.7,-76.00908328,36.76042982,0,3,-34.90000153,0,0,-2.7581203,9.57680702,0.04105471,-,16.47058868,0.01625581,-,-,80.59999847,32.36523056,838,-,-114.5013199,36.76042938,-76.00908661,6.66666698,0,0,-
Tue Oct 24 18:11:24 EDT 2017,11:24.5,-76.00908327,36.76042982,0,3,-34.90000153,0,0.34476504,-1.30244577,10.0364933,0.05126506,-,19.6078434,0.03261776,-,-,80.59999847,32.36523056,868,-,-114.5013199,36.76042938,-76.00908661,10.1960783,0,0,-
Tue Oct 24 18:11:26 EDT 2017,11:26.3,-76.00910723,36.76046288,1.5,3,-34.40000153,309.3,2.18351197,-2.41335535,9.38527107,0.03159374,-,22.35294151,0.01293972,-,-,78.80000305,32.25523758,1180,-,-112.8609009,36.76046371,-76.0091095,13.72549057,3.35540414,3.10685587,13.69789791
Tue Oct 24 18:11:28 EDT 2017,11:28.1,-76.00912045,36.76049849,2.25,4,-35.5,7.9,0.34476504,-0.9576807,9.92157173,0.03568143,-,26.66666794,0.01400863,-,-,78.80000305,32.1577034,1661,-,-116.4698181,36.76049805,-76.00911713,17.64705849,5.03310633,6.21371174,19.61393929
Tue Oct 24 18:11:30 EDT 2017,11:29.8,-76.00907931,36.76057372,4.5,3,-35.29999924,24.2,-0.15322891,-1.8770541,9.50019264,0.02634269,-,26.66666794,-0.01239827,-,-,78.80000305,32.08872223,1945,-,-115.8136444,36.76057434,-76.00907898,19.2156868,10.06621265,13.67016602,91.38800812
Tue Oct 24 18:11:32 EDT 2017,11:31.6,-76.00898733,36.76071257,7.75,3,-34.20000076,25.6,-1.76213241,8.31266785,1.49398184,0.44271463,-,15.68627453,-0.12021751,-,-,78.80000305,32.03641891,1485,-,-112.2047272,36.76071167,-76.00898743,8.23529434,17.33625603,18.01976395,88.48001862
Tue Oct 24 18:11:33 EDT 2017,11:33.5,-76.00894961,36.76077399,8,4,-33.29999924,25.2,2.7581203,5.24809027,7.89128876,0.00146557,-,16.86274529,0.00648683,-,-,78.80000305,31.98220634,1363,-,-109.2519684,36.76077271,-76.00894928,7.45098066,17.89549065,17.39839363,88.48001862
Tue Oct 24 18:11:35 EDT 2017,11:35.3,-76.00886398,36.76091023,8.25,4,-35.5,25.9,2.06859016,3.21780705,8.88727665,0.00529855,-,16.47058868,-0.01336445,-,-,78.80000305,31.9283905,1358,-,-116.4698181,36.76091003,-76.00886536,7.05882359,18.45472336,17.39839363,-
Tue Oct 24 18:11:37 EDT 2017,11:37.1,-76.00878721,36.7610437,8,3,-35.79999924,24.9,-0.68953007,-3.56257224,9.23204136,0.04134008,-,15.68627453,0.01151507,-,-,78.80000305,31.87497139,1322,-,-117.4540634,36.76104355,-76.00878906,6.27450991,17.89549065,17.39839363,-
Tue Oct 24 18:11:39 EDT 2017,11:38.9,-76.00872298,36.76114348,6.25,4,-34.90000153,22.4,0.2681506,-4.175488,9.34696388,0.05492169,-,16.07843208,0.03494982,-,-,78.80000305,31.80828667,1116,-,-114.5013199,36.76114273,-76.0087204,6.27450991,13.98085213,13.67016602,-
Tue Oct 24 18:11:41 EDT 2017,11:40.7,-76.00868173,36.76120166,3.5,3,-34,33.7,2.37504816,-2.87304211,9.00219822,0.01221597,-,17.25490189,0.02479341,-,-,78.80000305,31.71940994,1031,-,-111.5485535,36.76119995,-76.00868225,8.23529434,7.82927656,7.45645428,-
Tue Oct 24 18:11:42 EDT 2017,11:42.5,-76.00866314,36.76122581,3,4,-34,33.8,0.22984336,-3.25611424,9.34696388,0.02866554,-,16.47058868,0.01107007,-,-,78.80000305,31.62666321,1007,-,-111.5485535,36.76122665,-76.00865936,7.05882359,6.71080828,6.21371174,-
Tue Oct 24 18:11:44 EDT 2017,11:44.3,-76.00859092,36.76120072,3,3,-33.40000153,112.3,-2.45166254,-1.30244577,9.73003578,0.06393015,-,25.88235283,0.0496189,-,-,78.80000305,31.53684044,948,-,-109.5800552,36.76119995,-76.0085907,17.64705849,6.71080828,6.83508301,7.50205946
Tue Oct 24 18:11:46 EDT 2017,11:46.1,-76.00852401,36.76117774,3,4,-32.5,109.7,-2.60489154,-1.34075296,10.18972206,0.09978729,-,28.23529434,0.08115657,-,-,78.80000305,31.47009659,1853,-,-106.6272965,36.76117706,-76.00852203,20,6.71080828,13.04879475,73.92505646
Tue Oct 24 18:11:48 EDT 2017,11:47.9,-76.00837965,36.76123572,5.75,4,-32.79999924,62.4,-2.41335535,-1.49398184,9.84495735,0.08638114,-,32.15686417,0.04479592,-,-,78.80000305,31.42841721,2243,-,-107.6115494,36.76123428,-76.00837708,24.70588303,12.86238289,19.88387871,101.1841812
Tue Oct 24 18:11:50 EDT 2017,11:49.7,-76.00825933,36.76143103,11.5,3,-33.79999924,24.3,-0.22984336,-3.25611424,9.42357826,0.03560644,-,16.07843208,0.01695381,-,-,78.80000305,31.40485764,1892,-,-110.8923874,36.76143265,-76.00826263,7.45098066,25.72476578,24.85484695,110.9434433
Tue Oct 24 18:11:51 EDT 2017,11:51.5,-76.00819385,36.76152539,11.5,3,-34.29999924,24.2,-0.2681506,-4.63517427,9.04050541,0.05498821,-,14.50980377,0.04303453,-,-,78.80000305,31.381464,1424,-,-112.5328064,36.7615242,-76.00819397,4.70588255,25.72476578,24.85484695,110.9434433
Tue Oct 24 18:11:53 EDT 2017,11:53.3,-76.00809915,36.76167823,9,3,-34.79999924,23.9,-0.07661445,-4.67348194,9.0788126,0.05991465,-,15.29411793,0.04825873,-,-,78.80000305,31.3339138,1057,-,-114.1732254,36.76167679,-76.00810242,5.49019623,20.13242531,18.01976395,-
Tue Oct 24 18:11:55 EDT 2017,11:55.1,-76.008037,36.76177844,5.5,3,-34.90000153,22.9,0.11492168,-4.5202527,9.11711979,0.05843967,-,15.68627453,0.03286894,-,-,78.80000305,31.26246262,955,-,-114.5013199,36.76177979,-76.00803375,5.88235283,12.30314922,11.18468189,-
Tue Oct 24 18:11:57 EDT 2017,11:56.9,-76.00801393,36.76182409,1.75,3,-35.70000076,23.8,-0.07661445,-2.18351197,10.11310768,0.07368153,-,16.47058868,0.03147192,-,-,78.80000305,31.16736412,780,-,-117.1259842,36.76182556,-76.00801086,6.66666698,3.91463828,4.34959841,-
Tue Oct 24 18:11:59 EDT 2017,11:58.7,-76.0080151,36.76182984,0,3,-35.5,0,-0.07661445,-2.87304211,9.57680702,0.03738092,-,16.47058868,0.01476827,-,-,78.80000305,31.16736412,806,-,-116.4698181,36.76182938,-76.00801849,7.05882359,0,0,-
Tue Oct 24 18:12:00 EDT 2017,12:00.5,-76.00801436,36.76182982,0,3,-35.29999924,0,-0.11492168,-2.83473492,9.57680702,0.03716522,-,16.07843208,0.02225898,-,-,78.80000305,31.16736412,825,-,-115.8136444,36.76182938,-76.00801086,6.66666698,0,0,-
Tue Oct 24 18:12:02 EDT 2017,12:02.4,-76.00801265,36.76183312,0,3,-35.09999847,0,-0.15322891,-2.79642749,9.6534214,0.03378695,-,15.68627453,0.02496457,-,-,78.80000305,31.16736412,812,-,-115.1574783,36.76183319,-76.00801086,6.27450991,0,0,-
Tue Oct 24 18:12:04 EDT 2017,12:04.2,-76.00801085,36.76183521,0,3,-35.09999847,0,-0.15322891,-2.83473492,9.6534214,0.04470783,-,15.68627453,0.02605819,-,-,78.80000305,31.16736412,796,-,-115.1574783,36.76183701,-76.00801086,5.88235283,0,0,-
Tue Oct 24 18:12:06 EDT 2017,12:06.0,-76.00800947,36.76183617,0,3,-35.09999847,0,-0.11492168,-2.79642749,9.57680702,0.03606385,-,15.68627453,0.02600614,-,-,78.80000305,31.16736412,796,-,-115.1574783,36.76183701,-76.00801086,5.88235283,0,0,-
Tue Oct 24 18:12:08 EDT 2017,12:07.8,-76.00800888,36.76183781,0,3,-35.20000076,0,-1.80043972,-5.82269859,9.50019264,0.15045916,-,15.68627453,0.15096585,-,-,78.80000305,31.16736412,803,-,-115.4855652,36.76183701,-76.00801086,5.88235283,0,0,-
Tue Oct 24 18:12:09 EDT 2017,12:09.6,-76.00800843,36.76183828,0,4,-35.09999847,0,-0.5363012,-8.50420475,5.20978308,0.03709787,-,15.68627453,0.0856986,-,-,78.80000305,31.16736412,807,-,-115.1574783,36.76183701,-76.00801086,5.88235283,0,0,-
Tue Oct 24 18:12:11 EDT 2017,12:11.4,-76.00800797,36.76183842,0,3,-35.09999847,0,-0.30645782,-8.31266785,5.5162406,0.04094525,-,15.68627453,0.01779361,-,-,78.80000305,31.16736412,799,-,-115.1574783,36.76183701,-76.00801086,5.88235283,0,0,-
Tue Oct 24 18:12:13 EDT 2017,12:13.2,-76.00800783,36.76183868,0,3,-35.09999847,0,-0.38307226,-8.35097599,5.63116217,0.04646796,-,15.68627453,0.02781897,-,-,78.80000305,31.16736412,812,-,-115.1574783,36.76183701,-76.00801086,5.88235283,0,0,-
Tue Oct 24 18:12:15 EDT 2017,12:15.0,-76.00800802,36.76183867,0,3,-35.09999847,0,-0.42137951,-8.42759037,5.7843914,0.04650129,-,15.29411793,0.00482534,-,-,78.80000305,31.16736412,798,-,-115.1574783,36.76183701,-76.00801086,5.88235283,0,0,-
Tue Oct 24 18:12:17 EDT 2017,12:16.8,-76.00800792,36.76183868,0,4,-35.09999847,0,-0.34476504,-8.27436066,5.28639746,0.02052528,-,15.29411793,0.00609254,-,-,78.80000305,31.16736412,771,-,-115.1574783,36.76183701,-76.00801086,5.49019623,0,0,-
Tue Oct 24 18:12:18 EDT 2017,12:18.6,-76.00800797,36.76183867,0,4,-35.09999847,0,-0.34476504,-8.27436066,5.47793341,0.03764001,-,14.90196133,0.0125102,-,-,78.80000305,31.16736412,731,-,-115.1574783,36.76183701,-76.00801086,5.49019623,0,0,-
Tue Oct 24 18:12:20 EDT 2017,12:20.4,-76.00800838,36.76183883,0,4,-35.09999847,0,-0.34476504,-8.38928318,5.7843914,0.04471701,-,14.90196133,0.03970116,-,-,78.80000305,31.16736412,704,-,-115.1574783,36.76183701,-76.00801086,5.09803915,0,0,-
Tue Oct 24 18:12:22 EDT 2017,12:22.4,-76.00800863,36.76183887,0,3,-35.09999847,0,-0.42137951,-8.38928318,5.09486103,0.02044922,-,14.50980377,0.00179135,-,-,78.80000305,31.16736412,668,-,-115.1574783,36.76183701,-76.00801086,4.70588255,0,0,-
Tue Oct 24 18:12:24 EDT 2017,12:24.2,-76.00800891,36.76183896,0,3,-35.20000076,0,-0.38307226,-8.46589756,5.13316822,0.04806207,-,14.50980377,0.0103303,-,-,78.80000305,31.16736412,656,-,-115.4855652,36.76184082,-76.00801086,5.09803915,0,0,-
Tue Oct 24 18:12:26 EDT 2017,12:26.0,-76.00800913,36.76183901,0,3,-35.20000076,0,-0.38307226,-8.35097599,5.55454779,0.04212528,-,14.50980377,0.02347482,-,-,80.59999847,31.16736412,680,-,-115.4855652,36.76184082,-76.00801086,4.70588255,0,0,-
Tue Oct 24 18:12:27 EDT 2017,12:27.8,-76.00800923,36.76183907,0,3,-35.20000076,0,-0.30645782,-8.42759037,5.55454779,0.04836577,-,14.50980377,0.02971748,-,-,80.59999847,31.16736412,673,-,-115.4855652,36.76184082,-76.00801086,4.70588255,0,0,-
Tue Oct 24 18:12:29 EDT 2017,12:29.6,-76.00800923,36.76183906,0,9,-35.20000076,0,-0.42137951,-8.38928318,5.09486103,0.04897071,-,14.50980377,0.00179135,-,-,80.59999847,31.16736412,663,-,-115.4855652,36.76184082,-76.00801086,4.70588255,0,0,-
Tue Oct 24 18:12:31 EDT 2017,12:31.4,-76.00800923,36.76183907,0,9,-35.20000076,0,-0.30645782,-8.35097599,5.89931297,0.06172222,-,14.50980377,0.04307852,-,-,80.59999847,31.16736412,656,-,-115.4855652,36.76184082,-76.00801086,4.70588255,0,0,-
Tue Oct 24 18:12:33 EDT 2017,12:33.2,-76.00800923,36.7618391,0,9,-35.20000076,0,-0.42137951,-8.42759037,5.05655384,0.02177304,-,14.50980377,0.00311562,-,-,80.59999847,31.16736412,664,-,-115.4855652,36.76184082,-76.00801086,4.70588255,0,0,-
Tue Oct 24 18:12:35 EDT 2017,12:35.1,-76.00800922,36.76183913,0,9,-35.20000076,0,-0.42137951,-8.46589756,5.20978308,0.03321129,-,14.50980377,0.01455778,-,-,80.59999847,31.16736412,673,-,-115.4855652,36.76184082,-76.00801086,4.70588255,0,0,-
Tue Oct 24 18:12:37 EDT 2017,12:36.8,-76.00800923,36.76183915,0,9,-35.20000076,0,-0.42137951,-8.35097599,5.63116217,0.04662377,-,14.50980377,0.03068023,-,-,80.59999847,31.16736412,666,-,-115.4855652,36.76184082,-76.00801086,4.70588255,0,0,-
Tue Oct 24 18:12:39 EDT 2017,12:38.6,-76.00800924,36.76183915,0,9,-35.20000076,0,-0.45968673,-8.50420475,5.66946983,0.04747264,-,14.50980377,0.04423354,-,-,80.59999847,31.16736412,645,-,-115.4855652,36.76184082,-76.00801086,4.70588255,0,0,-
Tue Oct 24 18:12:40 EDT 2017,12:40.5,-76.00800925,36.76183916,0,9,-35.20000076,0,-0.2681506,-8.27436066,5.86100578,0.05298454,-,14.50980377,0.03093178,-,-,80.59999847,31.16736412,666,-,-115.4855652,36.76184082,-76.00801086,4.70588255,0,0,-
Tue Oct 24 18:12:42 EDT 2017,12:42.3,-76.00800925,36.76183913,0,9,-35.20000076,0,-0.42137951,-8.42759037,5.43962622,0.04579584,-,14.50980377,0.03625389,-,-,80.59999847,31.16736412,662,-,-115.4855652,36.76184082,-76.00801086,4.70588255,0,0,-
Tue Oct 24 18:12:44 EDT 2017,12:44.1,-76.00800926,36.76183912,0,9,-35.20000076,0,-0.2681506,-8.31266785,5.7843914,0.05169338,-,14.50980377,0.01977074,-,-,80.59999847,31.16736412,656,-,-115.4855652,36.76184082,-76.00801086,4.70588255,0,0,-
Tue Oct 24 18:12:46 EDT 2017,12:45.9,-76.00800925,36.76183911,0,9,-35.20000076,0,-0.34476504,-8.27436066,5.66946983,0.0440498,-,14.50980377,0.03620971,-,-,80.59999847,31.16736412,675,-,-115.4855652,36.76184082,-76.00801086,4.70588255,0,0,-
Tue Oct 24 18:12:47 EDT 2017,12:47.7,-76.00800924,36.76183911,0,9,-35.20000076,0,-0.2681506,-8.35097599,5.7843914,0.05489999,-,14.50980377,0.03625389,-,-,80.59999847,31.16736412,654,-,-115.4855652,36.76184082,-76.00801086,4.70588255,0,0,-
Tue Oct 24 18:12:49 EDT 2017,12:49.5,-76.00800923,36.76183912,0,9,-35.20000076,0,-0.2681506,-8.31266785,5.93762016,0.05043331,-,14.50980377,0.03898168,-,-,80.59999847,31.16736412,663,-,-115.4855652,36.76184082,-76.00801086,4.70588255,0,0,-
Tue Oct 24 18:12:51 EDT 2017,12:51.3,-76.00800922,36.76183913,0,9,-35.20000076,0,-0.22984336,-8.35097599,5.93762016,0.04668047,-,14.50980377,0.04513182,-,-,80.59999847,31.16736412,661,-,-115.4855652,36.76184082,-76.00801086,4.70588255,0,0,-
Tue Oct 24 18:12:53 EDT 2017,12:53.0,-76.00800921,36.76183913,0,9,-35.20000076,0,-0.38307226,-8.31266785,5.40131903,0.04213098,-,14.50980377,0.00049584,-,-,80.59999847,31.16736412,660,-,-115.4855652,36.76184082,-76.00801086,4.70588255,0,0,-
Tue Oct 24 18:12:55 EDT 2017,12:54.8,-76.0080092,36.76183913,0,9,-35.20000076,0,-0.2681506,-8.31266785,5.86100578,0.04449598,-,14.50980377,0.02058589,-,-,80.59999847,31.16736412,669,-,-115.4855652,36.76184082,-76.00801086,4.70588255,0,0,-
Tue Oct 24 18:12:56 EDT 2017,12:56.6,-76.0080092,36.76183914,0,9,-35.20000076,0,-0.34476504,-8.42759037,5.55454779,0.04849166,-,14.50980377,0.0197034,-,-,80.59999847,31.16736412,665,-,-115.4855652,36.76184082,-76.00801086,4.70588255,0,0,-
Tue Oct 24 18:12:58 EDT 2017,12:58.4,-76.00800921,36.76183915,0,9,-35.20000076,0,-0.2681506,-8.27436066,5.89931297,0.04387954,-,14.50980377,0.03659977,-,-,80.59999847,31.16736412,669,-,-115.4855652,36.76184082,-76.00801086,4.70588255,0,0,-
Tue Oct 24 18:13:00 EDT 2017,13:00.2,-76.0080092,36.76183917,0,9,-35.20000076,0,-0.22984336,-8.31266785,5.86100578,0.05607682,-,14.50980377,0.03743112,-,-,80.59999847,31.16736412,657,-,-115.4855652,36.76184082,-76.00801086,4.70588255,0,0,-
Tue Oct 24 18:13:02 EDT 2017,13:01.9,-76.00800918,36.76183918,0,9,-35.20000076,0,-0.38307226,-8.35097599,5.5162406,0.03996938,-,14.50980377,0.00967301,-,-,80.59999847,31.16736412,659,-,-115.4855652,36.76184082,-76.00801086,4.70588255,0,0,-
Tue Oct 24 18:13:04 EDT 2017,13:03.7,-76.00800918,36.76183918,0,9,-35.20000076,0,1.95366859,-8.73404789,5.09486103,0.07088367,-,22.35294151,0.06408573,-,-,80.59999847,31.16736412,659,-,-115.4855652,36.76184082,-76.00801086,12.54901981,0,0,-
Tue Oct 24 18:13:05 EDT 2017,13:05.5,-76.00800351,36.7618479,1.75,9,-35,27.7,2.26012635,-8.58081913,7.69975281,0.21659392,-,28.23529434,0.19800299,-,-,80.59999847,31.08168602,1706,-,-114.8293991,36.76184845,-76.00800323,20.7843132,3.91463828,6.83508301,46.6024971
Tue Oct 24 18:13:07 EDT 2017,13:07.3,-76.00798481,36.76195089,5.75,9,-37.40000153,6.5,1.37906015,-6.62715054,7.54652357,0.07054451,-,29.41176605,0.03754883,-,-,80.59999847,31.02495384,2101,-,-122.7034149,36.76195145,-76.00798798,21.56862831,12.86238289,14.91290855,97.73781586
Tue Oct 24 18:13:09 EDT 2017,13:09.1,-76.00805466,36.7620925,8.75,9,-38,331.9,2.14520478,-6.70376492,7.77636719,0.08819133,-,50.98039246,0.06448,-,-,80.59999847,30.98817253,1751,-,-124.6719132,36.76209259,-76.00805664,39.60784531,19.5731926,20.50524902,109.8464203
Tue Oct 24 18:13:11 EDT 2017,13:10.9,-76.0082605,36.7622237,12,10,-37.5,303.1,1.22583127,-8.42759037,5.63116217,0.07375504,-,38.82352829,0.05828385,-,-,80.59999847,30.97546196,2047,-,-123.0314941,36.76222229,-76.00826263,40.39215851,26.84323311,27.34033203,154.0607605
Tue Oct 24 18:13:13 EDT 2017,13:12.7,-76.00855254,36.76236856,15.25,10,-37.59999847,300,-0.2681506,-8.31266785,5.7843914,0.04983898,-,19.6078434,0.03304615,-,-,80.59999847,30.98657417,2576,-,-123.3595734,36.76236725,-76.00855255,12.94117641,34.11327744,34.17541504,153.6271668
Tue Oct 24 18:13:14 EDT 2017,13:14.5,-76.00872597,36.76242081,15.75,9,-37.90000153,294.7,-0.61291564,-8.19774628,6.09084892,0.04839072,-,15.68627453,0.04329051,-,-,80.59999847,31.00190735,1589,-,-124.3438339,36.76242065,-76.00872803,6.27450991,35.23174286,35.41815948,47.06016541
Tue Oct 24 18:13:16 EDT 2017,13:16.3,-76.00905193,36.76252897,15.5,9,-36.70000076,294.8,0.68953007,-8.61912632,5.7843914,0.06592487,-,36.47058868,0.03324563,-,-,78.80000305,31.01284981,1491,-,-120.4068298,36.76252747,-76.00904846,19.2156868,34.67251205,34.17541504,47.06016541
Tue Oct 24 18:13:18 EDT 2017,13:18.2,-76.00938631,36.76264641,16.5,10,-36.40000153,294.1,0.42137951,-8.61912632,6.16746378,0.05912316,-,27.84313774,-0.00478741,-,-,78.80000305,31.03652954,1725,-,-119.4225769,36.76264572,-76.00938416,21.56862831,36.90944672,37.90364456,107.8388062
Tue Oct 24 18:13:20 EDT 2017,13:20.0,-76.00975031,36.76276508,18,9,-35.79999924,293.8,-0.42137951,-7.62313843,5.74608421,0.03924677,-,20,0.0136022,-,-,78.80000305,31.06855965,1777,-,-117.4540634,36.76276398,-76.00975037,13.33333397,40.26485062,40.38912582,121.4824753
Tue Oct 24 18:13:22 EDT 2017,13:21.8,-76.01012523,36.7628943,18,10,-35,293,-0.45968673,-7.73806,5.82269859,0.00727552,-,16.07843208,-0.01138685,-,-,78.80000305,31.10037041,1765,-,-114.8293991,36.76289368,-76.01012421,6.66666698,40.26485062,40.38912582,121.4824753
Tue Oct 24 18:13:23 EDT 2017,13:23.6,-76.01031221,36.76295526,17.75,10,-35.70000076,292.2,-0.9576807,-7.89128876,5.17147589,-0.01429862,-,16.07843208,-0.03296838,-,-,78.80000305,31.12773705,1697,-,-117.1259842,36.76295471,-76.01031494,6.66666698,39.705616,39.14638519,-
Tue Oct 24 18:13:25 EDT 2017,13:25.4,-76.01067533,36.76307084,17.25,10,-36.20000076,291.3,0.80445176,-8.15943909,7.04852962,0.12116903,-,29.01960754,0.10254551,-,-,78.80000305,31.15070534,1647,-,-118.7664032,36.76306915,-76.01067352,13.72549057,38.58715057,37.90364456,-
Tue Oct 24 18:13:27 EDT 2017,13:27.2,-76.01103343,36.76316446,17.25,10,-36.09999847,290,0.76614451,-8.31266785,5.59285498,0.05798966,-,48.23529434,0.02463695,-,-,78.80000305,31.17981911,2437,-,-118.4383164,36.76316452,-76.0110321,44.70588303,38.58715057,39.76775742,51.39179611
Tue Oct 24 18:13:29 EDT 2017,13:29.0,-76.01143894,36.76328063,19.25,11,-36.59999847,289,0.19153613,-8.04451752,5.24809027,-0.00169879,-,34.50980377,0.01070775,-,-,78.80000305,31.2254715,2546,-,-120.0787354,36.76327896,-76.01143646,28.23529434,43.0610199,44.73872757,146.0297699
Tue Oct 24 18:13:31 EDT 2017,13:30.8,-76.01187983,36.76339283,21,11,-36.20000076,287.5,-0.2681506,-8.04451752,5.93762016,0.04277822,-,22.35294151,-0.05306667,-,-,78.80000305,31.28124428,2110,-,-118.7664032,36.7633934,-76.01187897,14.50980377,46.97566223,47.84558105,118.1664047
Tue Oct 24 18:13:32 EDT 2017,13:32.7,-76.01210507,36.76344894,21.5,11,-35.40000153,287,-0.15322891,-7.89128876,5.28639746,-0.01264381,28.04999924,21.96078491,0.11084574,-,-,78.80000305,31.33664322,1648,-,-116.1417389,36.76345062,-76.01210785,11.37254906,48.09413147,47.84558105,118.1664047
Tue Oct 24 18:13:34 EDT 2017,13:34.5,-76.01258285,36.76349881,21.25,11,-33.70000076,283.7,-0.80445176,-8.19774628,5.7843914,0.0362872,28.04999924,15.29411793,0.01026984,-,-,78.80000305,31.38960075,1689,-,-110.5643082,36.76350021,-76.01258087,5.88235283,47.53489685,47.22420883,-
Tue Oct 24 18:13:36 EDT 2017,13:36.3,-76.01303689,36.76356574,20.75,11,-34.5,282.4,-0.49799395,-7.77636719,5.97592735,0.02001518,28.04999924,15.29411793,0.04874629,-,-,78.80000305,31.43807983,1531,-,-113.1889801,36.76356506,-76.01303864,5.49019623,46.41642761,45.9814682,-
Tue Oct 24 18:13:38 EDT 2017,13:38.1,-76.01349452,36.76358742,20,11,-34,279.3,-0.80445176,-7.85298157,5.36301184,0.04749744,28.04999924,15.29411793,0.00366298,-,-,78.80000305,31.47800636,1460,-,-111.5485535,36.76358795,-76.0134964,5.49019623,44.73872757,43.49598312,-
Tue Oct 24 18:13:40 EDT 2017,13:39.9,-76.01393353,36.7636114,19,11,-34,277.5,-0.84275901,-7.96790314,5.70777702,0.02180344,28.04999924,14.90196133,0.00314599,-,-,78.80000305,31.51151657,1452,-,-111.5485535,36.76361084,-76.01393127,5.49019623,42.50178909,41.63187027,-
Tue Oct 24 18:13:41 EDT 2017,13:41.7,-76.01413094,36.76363172,18.5,11,-34.20000076,277.3,-0.76614451,-7.62313843,5.59285498,0.02336755,28.04999924,14.90196133,-0.03272384,-,-,78.80000305,31.53867722,1389,-,-112.2047272,36.76362991,-76.01412964,5.09803915,41.38331985,39.76775742,-
Tue Oct 24 18:13:43 EDT 2017,13:43.5,-76.01451199,36.76368428,17.5,11,-33.40000153,277.1,-1.57059634,-6.74207211,5.86100578,-0.05638385,28.04999924,15.29411793,0.10068948,-,-,78.80000305,31.55750656,1284,-,-109.5800552,36.76368332,-76.01451111,5.88235283,39.14638519,37.28227234,-
Tue Oct 24 18:13:45 EDT 2017,13:45.3,-76.01485539,36.76372356,15.25,11,-34.40000153,274.8,-2.60489154,-7.96790314,6.55053568,0.07549056,28.04999924,14.11764717,0.05005493,-,-,78.80000305,31.55591011,1383,-,-112.8609009,36.76372528,-76.01485443,4.70588255,34.11327744,31.06855965,-
Tue Oct 24 18:13:47 EDT 2017,13:47.1,-76.01511779,36.76374715,11.25,11,-35.79999924,273.2,-2.87304211,-8.27436066,5.47793341,0.07209724,28.04999924,14.11764717,0.00296344,-,-,78.80000305,31.52598572,1072,-,-117.4540634,36.76374817,-76.01512146,4.31372547,25.16553307,22.36936378,-
Tue Oct 24 18:13:49 EDT 2017,13:48.9,-76.01528834,36.7636985,7.5,11,-35.70000076,264.3,-2.7581203,-8.1211319,5.82269859,0.08546387,28.04999924,14.11764717,0.05708639,-,-,78.80000305,31.46599579,954,-,-117.1259842,36.76369858,-76.01528931,4.31372547,16.77702141,13.04879475,-
Tue Oct 24 18:13:50 EDT 2017,13:50.7,-76.01532514,36.76371001,4.75,11,-35.59999847,263.6,1.34075296,-9.88326454,3.60087943,0.09992844,28.04999924,25.88235283,0.0812977,-,-,78.80000305,31.38427353,943,-,-116.7978973,36.76371002,-76.01532745,17.64705849,10.62544727,6.21371174,-
Tue Oct 24 18:13:52 EDT 2017,13:52.5,-76.01537434,36.76382016,4.75,9,-36.5,315.1,0.80445176,-10.34295177,2.83473492,0.10987672,28.04999924,32.54901886,0.09665491,-,-,78.80000305,31.32512474,2000,-,-119.7506561,36.76382065,-76.01537323,24.70588303,10.62544727,13.04879475,74.71670532
Tue Oct 24 18:13:54 EDT 2017,13:54.3,-76.01541858,36.76393814,8.75,10,-35.40000153,351,1.11090958,-9.30865574,3.98395157,0.0727821,28.04999924,50.98039246,0.05081761,-,-,78.80000305,31.2923336,2460,-,-116.1417389,36.7639389,-76.01541901,46.27450943,19.5731926,21.12662125,116.8766098
Tue Oct 24 18:13:56 EDT 2017,13:56.1,-76.01531803,36.76414152,12.5,9,-33.79999924,18.8,1.18752408,-8.42759037,4.63517427,0.00688976,28.04999924,40.7843132,0.03133138,-,-,78.80000305,31.28564072,2177,-,-110.8923874,36.76414108,-76.01531982,37.25490189,27.96170425,29.20444679,182.2637787
Tue Oct 24 18:13:58 EDT 2017,13:57.9,-76.01518298,36.76440033,16,9,-34.20000076,23.3,0.5363012,-8.81066227,5.13316822,0.05899832,28.04999924,30.98039246,0.06437965,-,-,78.80000305,31.29884338,2707,-,-112.2047272,36.76440048,-76.0151825,23.52941132,35.79098129,35.41815948,137.8122101
Tue Oct 24 18:14:00 EDT 2017,13:59.7,-76.01500913,36.76467757,17.5,10,-34.79999924,27.2,0.11492168,-8.19774628,5.32470465,0.01552659,28.04999924,28.23529434,-0.02602687,-,-,78.80000305,31.3258152,2268,-,-114.1732254,36.76467896,-76.01500702,20.7843132,39.14638519,39.76775742,127.430481
Tue Oct 24 18:14:01 EDT 2017,14:01.5,-76.01490882,36.76482821,18.5,10,-35,28.3,-0.49799395,-8.73404789,5.01824665,0.05044397,28.04999924,22.35294151,0.00046527,-,-,78.80000305,31.36247826,1898,-,-114.8293991,36.76482773,-76.01490784,14.11764717,41.38331985,42.8746109,116.4933167
Tue Oct 24 18:14:03 EDT 2017,14:03.4,-76.01468135,36.76511669,19.5,10,-35.59999847,32.9,-0.34476504,-8.46589756,5.89931297,0.07143098,28.04999924,20.3921566,0.00818332,-,-,78.80000305,31.40087509,1921,-,-116.7978973,36.76511765,-76.01467896,12.15686321,43.62025452,43.49598312,23.43013382
Tue Oct 24 18:14:05 EDT 2017,14:05.2,-76.01443516,36.76541474,19.75,10,-35.70000076,32.7,-0.11492168,-8.38928318,6.01423454,0.08137492,28.04999924,19.6078434,0.09266827,-,-,78.80000305,31.44099045,1919,-,-117.1259842,36.76541519,-76.01443481,10.58823586,44.17948914,44.11735535,24.067173
Tue Oct 24 18:14:07 EDT 2017,14:07.0,-76.01418794,36.76572596,20.25,11,-35.5,32.1,-0.38307226,-8.27436066,5.70777702,0.0444178,28.04999924,17.64705849,0.02576811,-,-,77,31.48085213,1931,-,-116.4698181,36.76572418,-76.01419067,8.62745094,45.29796219,44.11735535,24.067173
Tue Oct 24 18:14:09 EDT 2017,14:08.8,-76.01399745,36.7660546,19.75,11,-35.20000076,27.3,-0.49799395,-7.66144562,5.17147589,-0.0373829,28.04999924,18.03921509,-0.05606053,-,-,77,31.52046585,1916,-,-115.4855652,36.76605606,-76.01399994,9.01960754,44.17948914,44.11735535,-
Tue Oct 24 18:14:10 EDT 2017,14:10.6,-76.0139004,36.76620825,19.5,10,-35,25.8,-0.76614451,-7.62313843,5.63116217,0.02912593,28.04999924,16.47058868,-0.03041556,-,-,77,31.55788803,1900,-,-114.8293991,36.76620865,-76.01390076,7.84313726,43.62025452,43.49598312,-
Tue Oct 24 18:14:12 EDT 2017,14:12.4,-76.01372679,36.76653295,19,10,-35.09999847,22.1,-0.80445176,-8.08282471,5.93762016,0.04464084,28.04999924,15.68627453,0.02599127,-,-,77,31.5912075,1822,-,-115.1574783,36.7665329,-76.01372528,6.27450991,42.50178909,42.25324249,-
Tue Oct 24 18:14:14 EDT 2017,14:14.2,-76.01359636,36.76683505,18,9,-35.20000076,19.5,-1.07260239,-7.85298157,6.16746378,0.06554607,28.04999924,15.68627453,0.0240784,-,-,77,31.61660194,1730,-,-115.4855652,36.76683426,-76.01359558,5.88235283,40.26485062,39.76775742,-
Tue Oct 24 18:14:16 EDT 2017,14:16.0,-76.01347184,36.76714429,16.75,10,-35.70000076,16.9,-1.14921677,-8.1211319,5.89931297,0.04889148,28.04999924,15.29411793,-0.00252853,-,-,77,31.63221741,1618,-,-117.1259842,36.76714325,-76.01347351,5.49019623,37.46868134,36.66090012,-
Tue Oct 24 18:14:18 EDT 2017,14:17.8,-76.01340493,36.76741243,15.25,10,-35.09999847,15.4,-1.72382522,-8.54251194,5.74608421,0.06927279,28.04999924,14.90196133,0.06443699,-,-,77,31.63815117,1484,-,-115.1574783,36.76741409,-76.01340485,5.09803915,34.11327744,33.55404282,-
Tue Oct 24 18:14:19 EDT 2017,14:19.7,-76.01335768,36.7675295,14,10,-35.09999847,16,-0.9576807,-7.77636719,5.63116217,0.0025661,28.04999924,14.11764717,-0.01609789,-,-,77,31.63066101,1284,-,-115.1574783,36.76752853,-76.01335907,4.31372547,31.31710625,29.20444679,-
Tue Oct 24 18:14:21 EDT 2017,14:21.6,-76.01328532,36.76774462,12,9,-35.09999847,17.5,-1.57059634,-7.92959595,5.89931297,0.05714464,28.04999924,14.90196133,0.02046623,-,-,77,31.61178207,1363,-,-115.1574783,36.76774597,-76.01328278,5.09803915,26.84323311,25.47621918,-
Tue Oct 24 18:14:23 EDT 2017,14:23.4,-76.013208,36.76792948,10.25,9,-36.29999924,18.4,-2.94965649,-7.62313843,6.20577097,0.06515318,28.04999924,13.72549057,0.06053069,-,-,77,31.57781792,1251,-,-119.0944824,36.76792908,-76.01320648,3.92156863,22.9285965,20.50524902,-
Tue Oct 24 18:14:25 EDT 2017,14:25.2,-76.01316413,36.76804512,5.75,9,-36.70000076,18,-0.42137951,-8.27436066,5.55454779,0.03579384,28.04999924,19.2156868,0.01714125,-,-,77,31.51943207,886,-,-120.4068298,36.76804352,-76.01316071,7.84313726,12.86238289,12.42742348,-
Tue Oct 24 18:14:27 EDT 2017,14:26.9,-76.01311644,36.76813966,6,9,-35.40000153,19.5,0.30645782,-8.81066227,5.05655384,0.04729377,28.04999924,26.27450943,0.0325291,-,-,77,31.46517944,1807,-,-116.1417389,36.76813889,-76.01311493,19.6078434,13.42161655,13.67016602,16.09848976
Tue Oct 24 18:14:29 EDT 2017,14:28.7,-76.01304768,36.76828573,9,9,-35.20000076,19.8,0.15322891,-7.73806,6.74207211,0.06531352,28.04999924,18.4313736,0.03754148,-,-,77,31.42820168,1798,-,-115.4855652,36.76828384,-76.01304626,7.84313726,20.13242531,19.26250648,100.1043243
Tue Oct 24 18:14:30 EDT 2017,14:30.5,-76.01302013,36.76836771,9,10,-35.09999847,16.2,0,-6.81868649,7.77636719,0.08714116,28.04999924,15.68627453,0.06860036,-,-,77,31.39520264,1548,-,-115.1574783,36.76836777,-76.01302338,5.88235283,20.13242531,20.50524902,27.92007828
Tue Oct 24 18:14:32 EDT 2017,14:32.4,-76.01304957,36.76852598,8.75,9,-35,347.6,0,-7.01022243,7.81467438,0.08915359,28.04999924,16.86274529,0.01217865,-,-,77,31.36052895,1503,-,-114.8293991,36.76852417,-76.01304626,7.45098066,19.5731926,19.88387871,27.92007828
Tue Oct 24 18:14:34 EDT 2017,14:34.1,-76.01317906,36.76864058,9,9,-34.70000076,313.2,0.30645782,-7.431602,6.97191525,0.05820662,28.04999924,19.2156868,0.07211442,-,-,77,31.32606506,1500,-,-113.8451462,36.76864243,-76.01317596,9.4117651,20.13242531,19.88387871,-
Tue Oct 24 18:14:36 EDT 2017,14:35.9,-76.01334207,36.76873101,8.5,10,-35.09999847,302,0.57460839,-8.15943909,6.35899973,0.11135874,28.04999924,24.70588303,0.18039864,-,-,78.80000305,31.29738808,1713,-,-115.1574783,36.76873016,-76.01334381,17.25490189,19.01395798,21.74799156,40.05028534
Tue Oct 24 18:14:37 EDT 2017,14:37.7,-76.01347577,36.76876053,10.5,10,-35,293.7,0.68953007,-8.19774628,5.32470465,0.01793367,28.04999924,29.80392265,0.02779671,-,-,78.80000305,31.28001022,1974,-,-114.8293991,36.76876068,-76.01347351,19.6078434,23.48783112,25.47621918,81.10912323
Tue Oct 24 18:14:39 EDT 2017,14:39.5,-76.01374495,36.76884228,12,11,-34,291.9,-0.03830723,-8.84896946,6.12915611,0.04494239,28.04999924,23.92156982,0.0976632,-,-,78.80000305,31.27383423,1753,-,-111.5485535,36.76884079,-76.01374817,17.64705849,26.84323311,29.20444679,104.7005386
Tue Oct 24 18:14:41 EDT 2017,14:41.3,-76.01406846,36.76889926,13.75,12,-33.09999847,287.9,0.9576807,-8.31266785,5.55454779,0.0511422,28.04999924,45.09804153,0.0241454,-,-,78.80000305,31.27691269,1915,-,-108.5957947,36.76889801,-76.0140686,37.25490189,30.75787354,32.31130219,88.81022644
Tue Oct 24 18:14:43 EDT 2017,14:43.1,-76.01440583,36.7689807,15.75,11,-32.70000076,286.9,0.30645782,-8.58081913,4.5202527,0.00813919,28.04999924,36.47058868,-0.01043031,-,-,78.80000305,31.29284096,2117,-,-107.2834702,36.76898193,-76.0144043,41.17647171,35.23174286,36.66090012,126.2713471
Tue Oct 24 18:14:45 EDT 2017,14:44.9,-76.01482165,36.76903322,18,12,-32.90000153,285.3,-0.11492168,-9.0788126,6.51222849,0.15799111,28.04999924,25.49019623,0.03678375,-,-,78.80000305,31.32334137,2390,-,-107.9396362,36.76903152,-76.01482391,14.50980377,40.26485062,41.63187027,145.2388153
Tue Oct 24 18:14:46 EDT 2017,14:46.7,-76.01502623,36.7690599,18.75,12,-32.5,285.2,0.03830723,-8.19774628,6.16746378,0.03706107,28.04999924,25.88235283,0.07150225,-,-,80.59999847,31.35731506,1899,-,-106.6272965,36.76905823,-76.01502991,18.03921509,41.94255447,42.8746109,47.27095032
Tue Oct 24 18:14:48 EDT 2017,14:48.5,-76.01541752,36.76922337,19.5,12,-32.59999847,289.2,-0.11492168,-8.19774628,5.63116217,0.03288037,28.04999924,22.35294151,0.01422675,-,-,80.59999847,31.39655495,1954,-,-106.9553757,36.76922226,-76.01541901,13.72549057,43.62025452,44.73872757,72.71411896
Tue Oct 24 18:14:50 EDT 2017,14:50.3,-76.01584105,36.76933445,20.25,13,-32.59999847,289.1,-0.38307226,-8.6957407,5.20978308,0.04129127,28.04999924,21.96078491,0.03441896,-,-,80.59999847,31.43920326,2025,-,-106.9553757,36.76933289,-76.01583862,13.72549057,45.29796219,45.9814682,47.48937225
Tue Oct 24 18:14:52 EDT 2017,14:52.1,-76.01629174,36.76945167,20.75,13,-32.70000076,289,-0.07661445,-8.77235508,5.43962622,0.07122093,28.04999924,23.52941132,0.0143472,-,-,80.59999847,31.48340988,1944,-,-107.2834702,36.76945114,-76.01628876,13.33333397,46.41642761,46.60284042,24.97117043
Tue Oct 24 18:14:54 EDT 2017,14:53.9,-76.01670885,36.76965208,21.25,12,-32.79999924,293,-0.34476504,-8.19774628,5.24809027,0.01184744,28.04999924,21.96078491,0.00211116,-,-,80.59999847,31.53097534,1658,-,-107.6115494,36.76965332,-76.01670837,14.90196133,47.53489685,47.84558105,60.55389786
Tue Oct 24 18:14:56 EDT 2017,14:55.7,-76.01714453,36.76983692,21.75,12,-32.5,295.1,-0.57460839,-7.39329481,3.98395157,-0.03755797,28.04999924,19.6078434,-0.04257821,-,-,80.59999847,31.58006477,1710,-,-106.6272965,36.76983643,-76.01714325,10.98039246,48.65336227,48.46695328,29.67154884
Tue Oct 24 18:14:57 EDT 2017,14:57.5,-76.01736161,36.76992042,21.75,10,-32.40000153,298.2,-0.42137951,-8.50420475,5.20978308,0.03653604,28.04999924,22.74509811,0.0434953,-,-,78.80000305,31.63066673,1700,-,-106.2992172,36.76992035,-76.0173645,14.50980377,48.65336227,49.0883255,29.94585991
Tue Oct 24 18:14:59 EDT 2017,14:59.3,-76.01780485,36.77009971,22,10,-31.39999962,300.7,-0.45968673,-8.31266785,4.5202527,-0.0004799,28.04999924,22.35294151,-0.03398672,-,-,78.80000305,31.68276787,1784,-,-103.0183716,36.77009964,-76.01780701,13.72549057,49.21259689,49.70969391,29.44799805
Tue Oct 24 18:15:01 EDT 2017,15:01.1,-76.01823346,36.77030611,22.5,10,-31,303.1,-0.11492168,-8.27436066,5.74608421,0.04596323,28.04999924,22.35294151,0.027314,-,-,78.80000305,31.73635483,1775,-,-101.7060394,36.77030563,-76.01823425,13.72549057,50.33106613,50.33106613,29.48793411
Tue Oct 24 18:15:03 EDT 2017,15:02.9,-76.01865551,36.77055641,23,9,-31.89999962,304.8,-0.30645782,-8.73404789,6.35899973,0.06230684,28.04999924,20.7843132,0.10211644,-,-,78.80000305,31.79319572,1802,-,-104.6587906,36.7705574,-76.01865387,11.76470566,51.44953156,51.57381058,59.85654068
Tue Oct 24 18:15:05 EDT 2017,15:04.7,-76.019075,36.77079317,23.25,10,-32.59999847,304.4,-0.19153613,-8.84896946,5.97592735,0.02769858,28.04999924,24.70588303,0.07999866,-,-,78.80000305,31.84971046,1832,-,-106.9553757,36.77079391,-76.01907349,16.47058868,52.00876617,51.57381058,59.85654068
Tue Oct 24 18:15:06 EDT 2017,15:06.5,-76.0192927,36.77091436,23.25,10,-33.20000076,304.7,-1.07260239,-8.08282471,5.47793341,0.02031976,28.04999924,16.86274529,-0.00127497,-,-,78.80000305,31.90767479,1829,-,-108.9238892,36.77091599,-76.01929474,7.45098066,52.00876617,52.19517899,30.05834389
Tue Oct 24 18:15:08 EDT 2017,15:08.3,-76.01973567,36.77115012,23.25,10,-32.29999924,304.7,-0.49799395,-7.89128876,5.17147589,0.03978764,28.04999924,18.4313736,0.04988059,-,-,78.80000305,31.96354675,1795,-,-105.9711227,36.77114868,-76.01973724,7.84313726,52.00876617,51.57381058,30.05834389
Tue Oct 24 18:15:10 EDT 2017,15:10.1,-76.02017206,36.77138683,23,10,-31.70000076,304.7,-0.5363012,-8.23605347,5.93762016,0.05542964,28.04999924,19.2156868,0.03678375,-,-,78.80000305,32.0173378,1785,-,-104.0026245,36.77138519,-76.02017212,10.1960783,51.44953156,50.95243835,-
Tue Oct 24 18:15:12 EDT 2017,15:11.9,-76.02060792,36.771631,23,9,-30.89999962,305.3,-0.57460839,-7.77636719,5.74608421,0.03047609,28.04999924,16.86274529,-0.01229791,-,-,78.80000305,32.07082748,1779,-,-101.3779526,36.77162933,-76.02060699,8.23529434,51.44953156,50.95243835,-
Tue Oct 24 18:15:14 EDT 2017,15:13.7,-76.02102509,36.77187554,23,10,-31.5,305.1,-0.38307226,-8.50420475,5.86100578,0.07255334,28.04999924,22.74509811,0.05391325,-,-,78.80000305,32.12401581,1771,-,-103.3464584,36.77187729,-76.02102661,16.47058868,51.44953156,50.95243835,-
Tue Oct 24 18:15:15 EDT 2017,15:15.5,-76.02123466,36.77199356,23,10,-31.39999962,304.6,0.03830723,-8.31266785,5.43962622,0.07996255,28.04999924,27.84313774,0.08716629,-,-,78.80000305,32.1786499,1860,-,-103.0183716,36.77199173,-76.0212326,18.4313736,51.44953156,51.57381058,29.04344177
Tue Oct 24 18:15:17 EDT 2017,15:17.3,-76.02166703,36.77223469,23.5,10,-31.70000076,304.3,-0.5363012,-8.35097599,5.89931297,0.06268698,28.04999924,17.64705849,0.08101548,-,-,77,32.23645782,1831,-,-104.0026245,36.77223587,-76.02166748,9.4117651,52.56800079,52.81655121,59.92913055
Tue Oct 24 18:15:19 EDT 2017,15:19.1,-76.02209379,36.77250155,23.5,9,-31.89999962,305.4,-0.45968673,-8.54251194,6.05254173,0.08724254,28.04999924,19.6078434,0.13037184,-,-,77,32.29220963,1799,-,-104.6587906,36.7725029,-76.02209473,10.1960783,52.56800079,52.19517899,59.92913055
Tue Oct 24 18:15:21 EDT 2017,15:20.9,-76.02252169,36.77273898,23.25,10,-31.5,305.4,-0.5363012,-8.35097599,6.43561411,0.07035776,28.04999924,16.47058868,0.10929247,-,-,77,32.34591675,1799,-,-103.3464584,36.77273941,-76.02252197,9.01960754,52.00876617,51.57381058,-
Tue Oct 24 18:15:23 EDT 2017,15:23.0,-76.02294533,36.77297488,23,9,-29.79999924,305.3,-0.11492168,-8.58081913,6.09084892,0.01299049,28.04999924,21.17647171,0.07308889,-,-,77,32.39933014,1780,-,-97.76902771,36.77297592,-76.02294159,12.94117641,51.44953156,51.57381058,-
Tue Oct 24 18:15:25 EDT 2017,15:24.8,-76.02336295,36.77321972,23.25,9,-29.29999924,305.7,-0.5363012,-8.35097599,5.47793341,0.0267069,28.04999924,22.35294151,0.01989043,-,-,77,32.45244217,1800,-,-96.1286087,36.77322006,-76.02336121,13.72549057,52.00876617,51.57381058,-
Tue Oct 24 18:15:26 EDT 2017,15:26.6,-76.02357366,36.77334923,23.25,9,-28.70000076,306,-0.15322891,-7.96790314,5.55454779,0.00922537,28.04999924,21.96078491,-0.00943631,-,-,77,32.50526428,1802,-,-94.16011047,36.77334976,-76.02357483,14.11764717,52.00876617,51.57381058,-
Tue Oct 24 18:15:28 EDT 2017,15:28.4,-76.02400007,36.77359692,23.25,9,-27.79999924,305.8,-0.38307226,-7.77636719,5.82269859,0.01005661,28.04999924,19.6078434,-0.0155785,-,-,77,32.55950928,1841,-,-91.20734406,36.77359772,-76.02400208,10.98039246,52.00876617,52.19517899,29.69651604
Tue Oct 24 18:15:30 EDT 2017,15:30.2,-76.02442889,36.77383236,23.5,9,-27.20000076,304.1,-0.30645782,-8.38928318,7.31668043,0.08616745,28.04999924,20.7843132,0.03940021,-,-,77,32.61345291,1804,-,-89.23884583,36.77383423,-76.02442932,12.15686321,52.56800079,52.19517899,29.69651604
Tue Oct 24 18:15:32 EDT 2017,15:32.0,-76.02488081,36.77406501,23.5,10,-26.70000076,301.9,-0.19153613,-7.73806,6.58884287,0.05518693,28.04999924,16.86274529,0.03158287,-,-,77,32.667099,1797,-,-87.59842682,36.77406311,-76.02487946,7.84313726,52.56800079,52.19517899,-
Tue Oct 24 18:15:34 EDT 2017,15:33.8,-76.02535856,36.77421092,23.25,9,-27.70000076,291.5,-0.11492168,-7.92959595,6.93360806,0.1001718,28.04999924,20.7843132,0.06422912,-,-,77,32.71875763,1786,-,-90.87926483,36.77421188,-76.02536011,11.37254906,52.00876617,51.57381058,-
Tue Oct 24 18:15:35 EDT 2017,15:35.6,-76.02559072,36.77427658,23,10,-28.39999962,291.2,-0.11492168,-7.50821638,6.74207211,0.06762244,28.04999924,20.3921566,0.02906522,-,-,77,32.77013397,1773,-,-93.17584991,36.77427673,-76.02558899,12.94117641,51.44953156,51.57381058,-
Tue Oct 24 18:15:37 EDT 2017,15:37.4,-76.02608772,36.77434955,23,10,-29.39999962,281.7,-0.22984336,-7.81467438,6.51222849,0.05620915,28.04999924,20,0.03756353,-,-,77,32.81954193,1766,-,-96.45669556,36.77434921,-76.0260849,10.98039246,51.44953156,50.95243835,-
Tue Oct 24 18:15:39 EDT 2017,15:39.2,-76.02660344,36.77437438,22.75,10,-30,275.9,0.19153613,-7.24006605,6.93360806,0.03838381,28.04999924,22.74509811,0.0224157,-,-,77,32.86868286,1789,-,-98.42519379,36.77437592,-76.0266037,14.50980377,50.89030075,50.95243835,-
Tue Oct 24 18:15:41 EDT 2017,15:41.0,-76.02712303,36.77432072,23,9,-30,263.4,-0.11492168,-7.24006605,5.66946983,0.00021771,28.04999924,21.56862831,-0.0194301,-,-,77,32.91923904,1799,-,-98.42519379,36.77432251,-76.0271225,12.94117641,51.44953156,51.57381058,29.91191673
Tue Oct 24 18:15:43 EDT 2017,15:42.8,-76.02763109,36.77426589,23,11,-30.20000076,261.9,0.03830723,-8.65743351,6.39730692,0.11631614,28.04999924,23.13725471,0.08694175,-,-,77,32.96952057,1815,-,-99.08136749,36.77426529,-76.02763367,13.72549057,51.44953156,51.57381058,29.91191673
Tue Oct 24 18:15:44 EDT 2017,15:44.6,-76.02788407,36.7742123,23,10,-30.89999962,258.3,-0.57460839,-7.46990919,5.17147589,-0.02013005,28.04999924,17.64705849,0.03067273,-,-,77,33.02120209,1830,-,-101.3779526,36.77421188,-76.02788544,12.94117641,51.44953156,52.19517899,29.5304966
Tue Oct 24 18:15:46 EDT 2017,15:46.4,-76.02839397,36.77409147,23.5,10,-32,255.1,-0.65122288,-8.42759037,5.13316822,0.02708107,28.04999924,16.86274529,0.05083933,-,-,77,33.07260513,1817,-,-104.9868774,36.77408981,-76.02839661,7.45098066,52.56800079,52.19517899,29.5304966
Tue Oct 24 18:15:48 EDT 2017,15:48.3,-76.02890038,36.77399667,23.25,11,-31.10000038,255.8,-0.34476504,-8.27436066,4.06056595,0.02973263,28.04999924,23.52941132,0.04325401,-,-,77,33.12373734,1792,-,-102.0341187,36.77399826,-76.02890015,14.90196133,52.00876617,52.19517899,-
Tue Oct 24 18:15:50 EDT 2017,15:50.1,-76.02939775,36.77392899,23.5,11,-31.20000076,259.2,-0.76614451,-9.61511421,4.55855989,0.12492299,28.04999924,22.35294151,0.1434375,-,-,77,33.17459106,1852,-,-102.3622055,36.7739296,-76.02939606,14.11764717,52.56800079,52.19517899,-
Tue Oct 24 18:15:52 EDT 2017,15:52.2,-76.02992427,36.77391475,23.75,10,-30.79999924,265.6,-0.72783732,-8.81066227,4.32871675,0.04359899,28.04999924,22.35294151,0.01274382,-,-,77,33.22683334,1848,-,-101.0498657,36.77391434,-76.02992249,14.11764717,53.12723541,52.81655121,29.72176933
Tue Oct 24 18:15:54 EDT 2017,15:54.0,-76.03045272,36.77387059,24.5,11,-30.79999924,269,-0.38307226,-8.58081913,6.58884287,0.06588618,28.04999924,21.56862831,0.06300257,-,-,77,33.28044128,1876,-,-101.0498657,36.77387238,-76.03044891,12.94117641,54.80493546,53.43792343,25.19015884
Tue Oct 24 18:15:56 EDT 2017,15:55.9,-76.03099035,36.77391571,24,11,-30.60000038,274.2,-0.91937345,-8.38928318,5.89931297,0.06863827,28.04999924,19.6078434,0.03139051,-,-,77,33.33377075,1879,-,-100.3936997,36.77391434,-76.0309906,12.54901981,53.68646622,53.43792343,25.19015884
Tue Oct 24 18:15:57 EDT 2017,15:57.6,-76.0312589,36.77396516,24.25,11,-30.20000076,275.5,-0.38307226,-7.96790314,5.89931297,-0.00040872,28.04999924,20.7843132,-0.04898254,-,-,77,33.38681412,1852,-,-99.08136749,36.77396393,-76.03125763,11.76470566,54.24570084,53.43792343,-
Tue Oct 24 18:15:59 EDT 2017,15:59.4,-76.03180157,36.77400146,24,11,-30.10000038,276.2,-0.45968673,-8.38928318,5.82269859,0.02138078,28.04999924,21.17647171,0.02797484,-,-,77,33.43957901,1858,-,-98.75328064,36.77400208,-76.03179932,12.54901981,53.68646622,53.43792343,-
Tue Oct 24 18:16:01 EDT 2017,16:01.2,-76.03234841,36.77404674,24,11,-30.5,276.6,-0.30645782,-7.66144562,5.09486103,0.02513938,28.04999924,20.7843132,0.02318406,-,-,77,33.49206924,1857,-,-100.0656204,36.77404785,-76.03234863,12.15686321,53.68646622,53.43792343,-
Tue Oct 24 18:16:03 EDT 2017,16:03.0,-76.03288006,36.77409307,24,11,-30.39999962,276.8,-0.30645782,-8.23605347,5.66946983,0.03273972,28.04999924,22.35294151,0.02006985,-,-,77,33.54428482,1852,-,-99.73753357,36.77409363,-76.03288269,13.33333397,53.68646622,53.43792343,-
Tue Oct 24 18:16:04 EDT 2017,16:04.7,-76.03315403,36.77411821,24,11,-30.5,276.8,-0.76614451,-8.15943909,4.67348194,0.03617069,28.04999924,19.2156868,-0.03797543,-,-,77,33.59622574,1860,-,-100.0656204,36.77411652,-76.03315735,7.45098066,53.68646622,53.43792343,-
Tue Oct 24 18:16:06 EDT 2017,16:06.4,-76.03368935,36.77418351,23.75,10,-30.79999924,278.4,-0.57460839,-9.30865574,5.13316822,0.0852295,28.04999924,22.35294151,0.05700696,-,-,77,33.64789963,1840,-,-101.0498657,36.77418518,-76.03369141,13.72549057,53.12723541,53.43792343,-
Tue Oct 24 18:16:08 EDT 2017,16:08.2,-76.03422337,36.77426319,24,11,-30.70000076,280,-0.76614451,-8.19774628,3.56257224,-0.02995414,28.04999924,20.7843132,-0.00983688,-,-,77,33.69929886,1859,-,-100.7217865,36.77426147,-76.03422546,11.76470566,53.68646622,53.43792343,-
Tue Oct 24 18:16:10 EDT 2017,16:10.0,-76.03473424,36.77442428,24.25,11,-31.89999962,287,-0.45968673,-8.88727665,5.40131903,0.08016759,28.04999924,23.92156982,0.11248606,-,-,77,33.75204468,1869,-,-104.6587906,36.77442551,-76.03473663,15.29411793,54.24570084,54.05929184,30.14580536
Tue Oct 24 18:16:11 EDT 2017,16:11.7,-76.03499605,36.77449049,24.25,11,-31.89999962,287.2,-0.65122288,-8.77235508,3.83072281,-0.00297642,28.04999924,24.70588303,-0.00780481,-,-,77,33.80451965,1918,-,-104.6587906,36.77449036,-76.03499603,16.47058868,54.24570084,54.05929184,30.14580536
Tue Oct 24 18:16:13 EDT 2017,16:13.4,-76.03542364,36.77478015,24.25,10,-31.70000076,300.9,-0.5363012,-8.1211319,5.43962622,0.01688749,28.04999924,21.17647171,-0.00177159,-,-,77,33.85832214,1923,-,-104.0026245,36.77478027,-76.03542328,14.90196133,54.24570084,54.68066406,30.51315308
Tue Oct 24 18:16:15 EDT 2017,16:15.2,-76.03587295,36.77507339,24.75,9,-32.09999847,306.2,-0.57460839,-8.27436066,6.16746378,0.02916304,28.04999924,16.86274529,0.0539783,-,-,77,33.91344833,1910,-,-105.3149567,36.77507401,-76.03587341,7.45098066,55.36417389,55.30203629,30.22673988
Tue Oct 24 18:16:17 EDT 2017,16:17.1,-76.03630778,36.77533863,24.25,9,-32.90000153,306.4,-0.45968673,-7.89128876,5.59285498,0.00607127,28.04999924,19.2156868,-0.01259148,-,-,77,33.96510315,1874,-,-107.9396362,36.77533722,-76.03630829,10.58823586,54.24570084,54.05929184,30.22673988
Tue Oct 24 18:16:19 EDT 2017,16:18.9,-76.03674228,36.77560314,24,9,-32.90000153,306.3,-0.80445176,-7.89128876,5.59285498,0.02709811,28.04999924,16.86274529,-0.01029931,-,-,77,34.01490784,1862,-,-107.9396362,36.77560425,-76.03674316,7.45098066,53.68646622,53.43792343,-
Tue Oct 24 18:16:20 EDT 2017,16:20.7,-76.03695664,36.77572173,23.75,9,-32.09999847,306.5,-0.65122288,-8.00621033,5.55454779,0.0145238,28.04999924,16.47058868,-0.01890894,-,-,77,34.06128693,1815,-,-105.3149567,36.7757225,-76.03695679,7.05882359,53.12723541,52.19517899,-
Tue Oct 24 18:16:22 EDT 2017,16:22.6,-76.03737753,36.77597613,23.25,9,-32.70000076,306.5,-0.65122288,-8.31266785,6.35899973,0.08793455,28.04999924,15.68627453,0.10706874,-,-,77,34.10426712,1764,-,-107.2834702,36.77597427,-76.0373764,6.27450991,52.00876617,50.95243835,-
Tue Oct 24 18:16:24 EDT 2017,16:24.5,-76.03778512,36.77622145,22.5,9,-31.39999962,306.9,-1.37906015,-7.54652357,7.16345167,0.08584404,28.04999924,15.68627453,0.08172096,-,-,77,34.14387512,1719,-,-103.0183716,36.77622223,-76.03778839,5.88235283,50.33106613,49.70969391,-
Tue Oct 24 18:16:26 EDT 2017,16:26.2,-76.03817339,36.77644147,20.75,10,-31.10000038,303.8,-2.10689759,-7.62313843,5.36301184,-0.00691324,28.04999924,14.90196133,-0.05286526,-,-,77,34.16912079,1550,-,-102.0341187,36.77643967,-76.03816986,5.49019623,46.41642761,44.11735535,-
Tue Oct 24 18:16:28 EDT 2017,16:28.0,-76.03850078,36.77661678,17.25,9,-30.89999962,304.3,-2.10689759,-8.04451752,6.09084892,0.04386687,28.04999924,14.90196133,0.05110793,-,-,77,34.17855453,1332,-,-101.3779526,36.77661514,-76.03849792,4.70588255,38.58715057,37.90364456,-
Tue Oct 24 18:16:30 EDT 2017,16:29.8,-76.03875572,36.77676052,13.5,9,-30.20000076,306.8,-2.98796368,-7.39329481,6.74207211,0.08346742,28.04999924,13.72549057,0.06483114,-,-,77,34.16915512,1350,-,-99.08136749,36.7767601,-76.03875732,4.31372547,30.19863892,30.44718933,-
Tue Oct 24 18:16:31 EDT 2017,16:31.6,-76.03885155,36.77681613,11,9,-30.39999962,306.6,-3.21780705,-7.66144562,6.28238535,0.08398563,28.04999924,13.72549057,0.09042463,-,-,77,34.13326263,1111,-,-99.73753357,36.77681732,-76.03884888,3.92156863,24.60629845,19.88387871,-
Tue Oct 24 18:16:33 EDT 2017,16:33.4,-76.03896738,36.7768853,5.5,9,-30.29999924,305.5,-2.37504816,-7.89128876,6.20577097,0.07060486,28.04999924,14.11764717,0.03804873,-,-,77,34.07107544,836,-,-99.40944672,36.77688599,-76.03897095,3.92156863,12.30314922,9.32056808,-
Tue Oct 24 18:16:35 EDT 2017,16:35.2,-76.03899978,36.77690377,1,9,-29.70000076,303.8,0.8810662,6.66545773,7.92959595,0.07876569,28.04999924,14.50980377,-0.05615752,-,-,77,33.99055862,663,-,-97.44094849,36.77690506,-76.03900146,4.70588255,2.23693633,1.86411357,-
Tue Oct 24 18:16:37 EDT 2017,16:37.0,-76.03900029,36.77689857,0,9,-29.89999962,0,0.34476504,5.7843914,7.81467438,0.0019346,-,14.11764717,-0.00795092,-,-,77,33.99055862,702,-,-98.09711456,36.77689743,-76.03900146,4.31372547,0,0,-
Tue Oct 24 18:16:39 EDT 2017,16:38.8,-76.03900095,36.77689391,0,9,-30.29999924,0,0.11492168,5.55454779,7.85298157,-0.00041503,-,14.11764717,-0.01908003,-,-,77,33.99055862,670,-,-99.40944672,36.77689362,-76.03900146,4.31372547,0,0,-
Tue Oct 24 18:16:40 EDT 2017,16:40.6,-76.03900032,36.77689065,0,9,-30.39999962,0,0.03830723,4.5202527,6.70376492,-0.15679443,-,14.11764717,0.00618357,-,-,77,33.99055862,672,-,-99.73753357,36.7768898,-76.03900146,4.31372547,0,0,-
Tue Oct 24 18:16:42 EDT 2017,16:42.4,-76.03900164,36.77688838,0,9,-30.39999962,0,0.34476504,5.97592735,7.58483076,0.00189735,-,13.72549057,-0.01276148,-,-,77,33.99055862,670,-,-99.73753357,36.7768898,-76.03900146,4.31372547,0,0,-
Tue Oct 24 18:16:44 EDT 2017,16:44.3,-76.03900187,36.77688838,0,9,-30.20000076,0,0.30645782,5.97592735,7.54652357,0.00098716,-,14.11764717,-0.02187625,-,-,77,33.99055862,658,-,-99.08136749,36.7768898,-76.03900146,4.31372547,0,0,-
Tue Oct 24 18:16:46 EDT 2017,16:46.1,-76.03900335,36.77688807,0,9,-30,0,0.34476504,6.05254173,7.50821638,0.00270557,-,14.11764717,-0.01595833,-,-,78.80000305,33.99055862,663,-,-98.42519379,36.7768898,-76.03900146,4.31372547,0,0,-
Tue Oct 24 18:16:48 EDT 2017,16:47.9,-76.0390051,36.77688755,0,9,-29.89999962,0,0.2681506,6.16746378,7.35498762,-0.00121534,-,13.72549057,-0.0208316,-,-,78.80000305,33.99055862,672,-,-98.09711456,36.77688599,-76.03900146,3.92156863,0,0,-
Tue Oct 24 18:16:49 EDT 2017,16:49.7,-76.0390055,36.7768876,0,9,-29.89999962,0,0.2681506,6.20577097,7.31668043,-0.00216681,-,14.11764717,-0.02415651,-,-,78.80000305,33.99055862,666,-,-98.09711456,36.77688599,-76.03900909,4.31372547,0,0,-
Tue Oct 24 18:16:51 EDT 2017,16:51.5,-76.03900551,36.77688747,0,9,-29.89999962,0,0.2681506,6.24407816,7.35498762,0.00584728,-,14.11764717,-0.01281558,-,-,78.80000305,33.99055862,652,-,-98.09711456,36.77688599,-76.03900909,4.31372547,0,0,-
Tue Oct 24 18:16:53 EDT 2017,16:53.3,-76.03900544,36.77688747,0,9,-30,0,0.30645782,6.24407816,7.31668043,0.00152662,-,13.72549057,-0.01579553,-,-,78.80000305,33.99055862,658,-,-98.42519379,36.77688599,-76.03900909,3.92156863,0,0,-
Tue Oct 24 18:16:55 EDT 2017,16:55.1,-76.03900546,36.77688745,0,9,-30,0,0.2681506,6.28238535,7.27837324,-0.00052387,-,14.11764717,-0.01887006,-,-,78.80000305,33.99055862,667,-,-98.42519379,36.77688599,-76.03900909,4.70588255,0,0,-
Tue Oct 24 18:16:57 EDT 2017,16:56.9,-76.03900544,36.77688745,0,9,-30,0,0.22984336,6.51222849,6.93360806,0.00640838,-,14.11764717,-0.02973122,-,-,78.80000305,33.99055862,667,-,-98.42519379,36.77688599,-76.03900909,4.70588255,0,0,-
Tue Oct 24 18:16:58 EDT 2017,16:58.7,-76.03900684,36.77688832,0.25,9,-29.89999962,303.8,-0.15322891,7.54652357,6.58884287,0.04033524,-,24.31372643,0.02168415,-,-,78.80000305,33.907341,726,-,-98.09711456,36.7768898,-76.03900909,13.72549057,0.55923408,0.62137121,0.89848578
Tue Oct 24 18:17:00 EDT 2017,17:00.5,-76.03905269,36.77691331,3,9,-29.5,306.8,0.57460839,5.86100578,8.38928318,0.02084592,-,26.66666794,0.04520481,-,-,78.80000305,33.84463501,1953,-,-96.78477478,36.77691269,-76.03905487,18.03921509,6.71080828,8.69919682,60.8556366
Tue Oct 24 18:17:02 EDT 2017,17:02.3,-76.03916158,36.77697242,6.75,9,-29.89999962,303.4,-1.14921677,3.94564438,9.84495735,0.10648924,-,23.13725471,-0.02407832,-,-,78.80000305,33.8007431,2083,-,-98.09711456,36.77697372,-76.03916168,15.68627453,15.09931946,16.15565109,96.94846344
Tue Oct 24 18:17:04 EDT 2017,17:04.1,-76.03934349,36.77696743,8.5,10,-31,263.4,0.91937345,5.43962622,9.69172859,0.05030937,-,17.64705849,0.05539612,-,-,78.80000305,33.76629257,1533,-,-101.7060394,36.77696609,-76.03934479,8.62745094,19.01395798,19.88387871,81.4703598
Tue Oct 24 18:17:06 EDT 2017,17:05.9,-76.0395136,36.7768713,9.5,9,-31.89999962,229.9,0.2681506,4.40533113,8.08282471,-0.04223514,-,16.07843208,0.00366303,-,-,78.80000305,33.73662186,1624,-,-104.6587906,36.77687073,-76.03951263,6.66666698,21.25089455,21.74799156,41.94107056
Tue Oct 24 18:17:08 EDT 2017,17:07.7,-76.03964722,36.77673387,9.25,9,-32.20000076,215.5,0.99598789,4.71178913,9.15542698,0.07351524,-,15.68627453,-0.06143453,-,-,78.80000305,33.70402908,1598,-,-105.6430435,36.7767334,-76.03964996,5.88235283,20.69165993,20.50524902,41.94107056
Tue Oct 24 18:17:09 EDT 2017,17:09.5,-76.0397006,36.77666787,9,10,-32.79999924,215,2.14520478,4.29040956,8.50420475,0.02293894,-,14.90196133,-0.00437353,-,-,78.80000305,33.66854858,1489,-,-107.6115494,36.77666855,-76.03970337,5.09803915,20.13242531,19.26250648,-
Tue Oct 24 18:17:11 EDT 2017,17:11.3,-76.03981905,36.77653336,9,11,-32.70000076,215.7,2.06859016,2.94965649,9.53849983,0.05836803,-,17.64705849,0.03972312,-,-,78.80000305,33.62562561,1297,-,-107.2834702,36.77653503,-76.03981781,7.45098066,20.13242531,16.15565109,-
Tue Oct 24 18:17:13 EDT 2017,17:13.1,-76.03997683,36.77654038,6.5,10,-32.20000076,259.6,1.26413846,4.06056595,8.42759037,0.06459568,-,26.27450943,-0.03740451,-,-,78.80000305,33.58290863,1387,-,-105.6430435,36.77653885,-76.03997803,17.64705849,14.54008579,16.15565109,-
Tue Oct 24 18:17:15 EDT 2017,17:14.9,-76.04013052,36.77657161,7.25,10,-32,281,0.72783732,4.59686708,8.08282471,-0.03023517,-,23.92156982,0.00242321,-,-,78.80000305,33.55555725,1704,-,-104.9868774,36.77657318,-76.04013062,16.07843208,16.21778679,22.36936378,136.8196411
Tue Oct 24 18:17:17 EDT 2017,17:16.7,-76.04033188,36.77675512,10.5,10,-32.20000076,308.5,-0.5363012,4.94163227,8.04451752,0.01800399,-,19.2156868,-0.04480406,-,-,77,33.53590012,1959,-,-105.6430435,36.77675629,-76.04032898,9.8039217,23.48783112,25.47621918,68.03289032
Tue Oct 24 18:17:18 EDT 2017,17:18.6,-76.04042676,36.77680942,10.75,11,-32.20000076,305.7,-0.9576807,4.5202527,8.08282471,-0.03193676,-,19.2156868,-0.05061248,-,-,77,33.51935577,1504,-,-105.6430435,36.77680969,-76.04042816,10.1960783,24.04706573,26.71896172,36.42695618
Tue Oct 24 18:17:20 EDT 2017,17:20.4,-76.04070889,36.77692312,12.5,11,-32.59999847,298.9,0.15322891,4.90332508,8.81066227,0.00986022,-,19.6078434,-0.05013043,-,-,77,33.50439453,1567,-,-106.9553757,36.77692413,-76.04071045,10.58823586,27.96170425,27.34033203,18.19452667
Tue Oct 24 18:17:22 EDT 2017,17:22.2,-76.04100017,36.77691203,12.75,10,-32.70000076,276.4,-1.22583127,4.75009632,10.30464458,0.18238324,-,20,0.01505393,-,-,77,33.49100876,1622,-,-107.2834702,36.77691269,-76.04100037,10.98039246,28.52093697,27.96170425,17.94721985
Tue Oct 24 18:17:24 EDT 2017,17:24.0,-76.04130213,36.77689149,13.25,9,-32.59999847,264.6,2.64319873,6.70376492,8.27436066,0.0105361,-,20.3921566,-0.09386787,-,-,77,33.48067856,1682,-,-106.9553757,36.7768898,-76.04130554,11.37254906,29.6394043,29.20444679,36.05288696
Tue Oct 24 18:17:26 EDT 2017,17:25.8,-76.04157831,36.77686773,12.25,11,-32.40000153,263.6,0.57460839,5.28639746,7.92959595,-0.00775898,-,20.3921566,0.02732142,-,-,75.19999695,33.47338486,1738,-,-106.2992172,36.77686691,-76.0415802,11.76470566,27.40246773,30.44718933,36.47639084
Tue Oct 24 18:17:27 EDT 2017,17:27.6,-76.04171755,36.77685259,12.25,11,-32.40000153,263.1,0.30645782,5.86100578,8.23605347,0.04991251,-,18.8235302,0.05238469,-,-,75.19999695,33.46762085,1795,-,-106.2992172,36.77685165,-76.04171753,9.4117651,27.40246773,31.06855965,17.93032265
Tue Oct 24 18:17:29 EDT 2017,17:29.4,-76.04202458,36.77677832,13.75,11,-32.5,258.3,0.65122288,5.66946983,7.77636719,0.00224823,-,17.64705849,0.02024191,-,-,75.19999695,33.46336746,1811,-,-106.6272965,36.77677917,-76.04202271,8.62745094,30.75787354,31.68992996,18.12734795
Tue Oct 24 18:17:31 EDT 2017,17:31.2,-76.04229811,36.7765856,14.75,11,-32.09999847,241.8,-1.34075296,3.715801,8.96389103,0.05211607,-,16.47058868,-0.00111451,-,-,75.19999695,33.45764923,1796,-,-105.3149567,36.77658463,-76.04229736,7.45098066,32.9948082,31.06855965,18.12734795
Tue Oct 24 18:17:33 EDT 2017,17:33.1,-76.04255059,36.77641316,14,10,-32.20000076,231.2,-0.42137951,4.29040956,8.65743351,0.00487339,-,16.07843208,0.04177566,-,-,75.19999695,33.45196152,1761,-,-105.6430435,36.77641296,-76.04254913,6.66666698,31.31710625,31.06855965,-
Tue Oct 24 18:17:35 EDT 2017,17:34.9,-76.04277805,36.77621988,13.75,10,-33.20000076,225.3,-0.38307226,4.29040956,8.61912632,0.00121641,-,18.8235302,-0.02695162,-,-,75.19999695,33.44334793,1731,-,-108.9238892,36.77621841,-76.04277802,9.8039217,30.75787354,29.82581711,-
Tue Oct 24 18:17:36 EDT 2017,17:36.7,-76.04288121,36.77612758,13.75,11,-33.40000153,226.2,-1.8770541,2.9113493,9.46188545,0.0582257,-,17.25490189,0.0924518,-,-,75.19999695,33.43624878,1761,-,-109.5800552,36.77612686,-76.04288483,8.23529434,30.75787354,30.44718933,17.60150337
Tue Oct 24 18:17:38 EDT 2017,17:38.5,-76.04302243,36.77593602,13,11,-35.09999847,215.2,-0.84275901,4.5202527,8.23605347,-0.01641351,-,20,-0.03813408,-,-,75.19999695,33.42918015,1736,-,-115.1574783,36.77593613,-76.04302216,10.98039246,29.08017159,30.44718933,17.60150337
Tue Oct 24 18:17:40 EDT 2017,17:40.3,-76.04322773,36.77572837,14.25,12,-36.20000076,219.7,0.15322891,4.48194551,9.04050541,0.0477137,-,17.25490189,0.02906522,-,-,75.19999695,33.4236145,1789,-,-118.7664032,36.77573013,-76.04322815,8.23529434,31.87634087,31.06855965,18.54056358
Tue Oct 24 18:17:42 EDT 2017,17:42.1,-76.04337351,36.77548321,14.5,10,-35.90000153,206.3,-0.49799395,4.40533113,8.88727665,0.02038866,-,18.8235302,0.01275134,-,-,75.19999695,33.41661072,1773,-,-117.7821579,36.77548218,-76.04337311,9.8039217,32.43557358,30.44718933,18.54056358
Tue Oct 24 18:17:44 EDT 2017,17:44.0,-76.04347596,36.77527704,13.25,10,-36,203.4,-0.30645782,4.09887314,8.31266785,0.00970412,-,19.2156868,-0.05438093,-,-,75.19999695,33.41110229,1779,-,-118.1102371,36.77527618,-76.04347229,10.1960783,29.6394043,31.06855965,17.99272537
Tue Oct 24 18:17:46 EDT 2017,17:45.8,-76.04357103,36.77503017,13.75,10,-35.5,198.4,0,4.59686708,8.15943909,-0.02633792,-,19.6078434,-0.04501181,-,-,75.19999695,33.40707016,1810,-,-116.4698181,36.77503204,-76.04357147,11.37254906,30.75787354,31.68992996,18.01856041
Tue Oct 24 18:17:47 EDT 2017,17:47.6,-76.04361154,36.77492031,13.25,11,-35.70000076,197.5,-1.14921677,4.32871675,8.6957407,0.02079052,-,16.86274529,-0.01168009,-,-,75.19999695,33.4045105,1835,-,-117.1259842,36.77492142,-76.04360962,7.05882359,29.6394043,32.31130219,18.33170319
Tue Oct 24 18:17:49 EDT 2017,17:49.3,-76.04367008,36.77468947,13,11,-36.29999924,192.8,0.2681506,4.36702394,8.46589756,-0.00957805,-,16.47058868,0.02370583,-,-,75.19999695,33.40196228,1845,-,-119.0944824,36.77468872,-76.04367065,7.45098066,29.08017159,32.31130219,18.33170319
Tue Oct 24 18:17:51 EDT 2017,17:51.1,-76.04366935,36.77440769,14,11,-36.20000076,184.3,0.49799395,4.36702394,8.50420475,0.01781417,-,16.86274529,-0.02383597,-,-,75.19999695,33.39942551,1849,-,-118.7664032,36.77440643,-76.04367065,7.45098066,31.31710625,32.31130219,-
Tue Oct 24 18:17:53 EDT 2017,17:52.8,-76.04370956,36.77415252,14.25,10,-36.09999847,186.5,1.72382522,-0.76614451,10.34295177,0.05763561,-,16.07843208,0.07208595,-,-,75.19999695,33.39545822,1832,-,-118.4383164,36.77415085,-76.0437088,7.45098066,31.87634087,31.68992996,-
Tue Oct 24 18:17:54 EDT 2017,17:54.6,-76.04373244,36.77401588,14,10,-35.59999847,187.4,0.84275901,-0.8810662,10.0364933,0.04960936,-,16.07843208,0.03096143,-,-,75.19999695,33.39007187,1788,-,-116.7978973,36.77401733,-76.04373169,6.27450991,31.31710625,31.06855965,-
Tue Oct 24 18:17:56 EDT 2017,17:56.3,-76.04377442,36.77378792,13.5,11,-35.09999847,187.5,0.57460839,-0.76614451,9.61511421,0.00398362,-,15.68627453,-0.01467989,-,-,73.40000153,33.38040543,1699,-,-115.1574783,36.77378845,-76.04377747,6.27450991,30.19863892,29.20444679,-
Tue Oct 24 18:17:58 EDT 2017,17:58.1,-76.04380304,36.77350298,14.75,11,-34.70000076,183.2,1.26413846,-1.18752408,10.18972206,0.0386057,-,15.29411793,0.0540073,-,-,73.40000153,33.36648941,1599,-,-113.8451462,36.77350235,-76.04380035,5.88235283,32.9948082,27.34033203,-
Tue Oct 24 18:18:00 EDT 2017,17:59.9,-76.0439375,36.77331975,13,12,-34.79999924,193.5,0.80445176,-1.99197578,10.07480049,0.05919997,-,14.90196133,0.06855039,-,-,73.40000153,33.34692001,1443,-,-114.1732254,36.77331924,-76.04393768,5.09803915,29.08017159,24.85484695,-
Tue Oct 24 18:18:01 EDT 2017,18:01.7,-76.04400751,36.77326667,10.75,10,-34.90000153,205.6,-2.06859016,-0.99598789,9.88326454,0.04516403,-,14.50980377,0.05066507,-,-,73.40000153,33.31604385,1158,-,-114.5013199,36.77326584,-76.04400635,3.92156863,24.04706573,19.88387871,-
Tue Oct 24 18:18:03 EDT 2017,18:03.5,-76.04404175,36.77312555,8.5,10,-34.09999847,189.6,-0.9576807,0,10.26633644,0.06950591,-,20,0.05142,-,-,73.40000153,33.28104019,1392,-,-111.8766327,36.77312469,-76.04404449,10.1960783,19.01395798,18.01976395,-
Tue Oct 24 18:18:05 EDT 2017,18:05.3,-76.04397096,36.77297312,8,9,-34.09999847,151.7,-0.8810662,-0.19153613,10.76433086,0.12012392,-,20.7843132,0.10150016,-,-,73.40000153,33.24903488,1496,-,-111.8766327,36.77297211,-76.0439682,12.15686321,17.89549065,19.26250648,27.20043564
Tue Oct 24 18:18:07 EDT 2017,18:07.1,-76.0438157,36.77284897,9.5,10,-34.90000153,135.3,1.57059634,-1.95366859,9.27034855,0.03097456,-,15.29411793,-0.02073816,-,-,73.40000153,33.22283554,1631,-,-114.5013199,36.77285004,-76.04381561,5.88235283,21.25089455,21.74799156,55.61982346
Tue Oct 24 18:18:09 EDT 2017,18:08.9,-76.04364696,36.77278674,7.25,9,-34.5,124.4,4.09887314,-0.9576807,9.69172859,0.09609872,-,14.50980377,0.07746667,-,-,73.40000153,33.18263245,1272,-,-113.1889801,36.77278519,-76.04364777,5.09803915,16.21778679,15.53427982,55.61982346
Tue Oct 24 18:18:11 EDT 2017,18:10.7,-76.04358829,36.77267873,6.5,10,-33.5,160.6,3.21780705,0.38307226,9.30865574,0.03567198,-,23.13725471,0.02203512,-,-,73.40000153,33.13697815,1152,-,-109.9081345,36.77267838,-76.04358673,14.90196133,14.54008579,13.04879475,-
Tue Oct 24 18:18:12 EDT 2017,18:12.5,-76.0436086,36.77262429,6,10,-32.70000076,182.8,1.76213241,-0.07661445,9.92157173,0.04623038,-,20.3921566,0.04433577,-,-,73.40000153,33.10137177,1465,-,-107.2834702,36.77262497,-76.04360962,13.33333397,13.42161655,17.39839363,86.93144989
Tue Oct 24 18:18:14 EDT 2017,18:14.3,-76.04372464,36.77249343,8.25,10,-32.79999924,211.1,-1.53228903,-1.76213241,10.38125896,0.10367435,-,15.29411793,0.05168119,-,-,73.40000153,33.07013321,1524,-,-107.6115494,36.77249527,-76.04372406,5.49019623,18.45472336,19.26250648,39.56344223
Tue Oct 24 18:18:16 EDT 2017,18:16.1,-76.04382038,36.77234823,8.5,10,-32.79999924,200.5,-1.14921677,0.76614451,9.50019264,-0.00239968,-,22.74509811,-0.02106532,-,-,73.40000153,33.0376358,1399,-,-107.6115494,36.7723465,-76.04382324,13.33333397,19.01395798,18.64113617,39.56344223
Tue Oct 24 18:18:18 EDT 2017,18:18.2,-76.04381735,36.77218512,9,10,-33.70000076,174.9,-1.76213241,0.11492168,10.34295177,0.08858353,-,22.74509811,0.05900447,-,-,73.40000153,33.00947189,1567,-,-110.5643082,36.77218628,-76.04381561,12.15686321,20.13242531,20.50524902,41.11948013
Tue Oct 24 18:18:19 EDT 2017,18:19.4,-76.04377985,36.77210778,9,9,-34.5,162.7,-1.14921677,-0.30645782,11.37724686,0.18508011,-,20.7843132,0.16647846,-,-,73.40000153,32.98700714,1735,-,-113.1889801,36.77210617,-76.04377747,12.15686321,20.13242531,22.9907341,52.15802002
Tue Oct 24 18:18:21 EDT 2017,18:21.2,-76.04364922,36.77194419,10.75,11,-34.59999847,147,0.72783732,-0.42137951,9.46188545,0.02753519,-,15.29411793,0.05728846,-,-,73.40000153,32.9674263,1831,-,-113.5170593,36.77194595,-76.04364777,5.49019623,24.04706573,24.23347664,35.29480362
Tue Oct 24 18:18:23 EDT 2017,18:23.2,-76.04347137,36.77179609,11.25,11,-35.40000153,140.1,-0.57460839,-0.15322891,9.69172859,0.08635949,-,18.03921509,-0.00986001,-,-,73.40000153,32.94654083,1381,-,-116.1417389,36.77179718,-76.04347229,8.23529434,25.16553307,23.61210442,35.29480362
Tue Oct 24 18:18:25 EDT 2017,18:25.0,-76.04325328,36.77172565,10.75,10,-36.29999924,121.4,-0.68953007,0.07661445,10.18972206,0.06434673,-,19.2156868,0.04146808,-,-,73.40000153,32.92575455,1366,-,-119.0944824,36.7717247,-76.04325104,9.4117651,24.04706573,23.61210442,-
Tue Oct 24 18:18:27 EDT 2017,18:26.8,-76.04300321,36.7716635,11.5,10,-35.09999847,104.3,1.03429508,-0.45968673,9.53849983,-0.00185448,-,18.03921509,-0.02051998,-,-,73.40000153,32.90643692,1409,-,-115.1574783,36.77166367,-76.0430069,9.4117651,25.72476578,24.23347664,18.03507423
Tue Oct 24 18:18:29 EDT 2017,18:28.7,-76.04276127,36.77166278,11.25,10,-34.09999847,93.6,0.49799395,-0.57460839,10.57279491,0.09954041,-,17.25490189,0.08090956,-,-,73.40000153,32.88858414,1433,-,-111.8766327,36.77166367,-76.04276276,8.23529434,25.16553307,24.85484695,17.94813728
Tue Oct 24 18:18:30 EDT 2017,18:30.5,-76.04263752,36.77166564,11.25,10,-33.09999847,93,0,-0.49799395,10.22802925,0.06284755,-,16.07843208,0.04420426,-,-,73.40000153,32.87081146,1440,-,-108.5957947,36.77166748,-76.04264069,6.27450991,25.16553307,24.85484695,17.94813728
Tue Oct 24 18:18:32 EDT 2017,18:32.3,-76.04238859,36.77166274,11,10,-32.90000153,91.1,0.42137951,-0.65122288,9.88326454,0.02184402,-,15.68627453,0.01091154,-,-,73.40000153,32.85311508,1434,-,-107.9396362,36.77166367,-76.04238892,7.05882359,24.60629845,24.85484695,-
Tue Oct 24 18:18:34 EDT 2017,18:34.1,-76.04214549,36.77170351,11.25,10,-33.5,78.9,1.03429508,-0.84275901,11.14740276,0.07098835,-,15.29411793,0.14483118,-,-,73.40000153,32.83549881,1408,-,-109.9081345,36.77170181,-76.04214478,5.88235283,25.16553307,24.85484695,-
Tue Oct 24 18:18:36 EDT 2017,18:35.9,-76.04192546,36.77175988,10.75,9,-35,73.8,1.03429508,-0.72783732,9.76834297,0.0296283,-,14.90196133,0.02688321,-,-,73.40000153,32.81522751,1370,-,-114.8293991,36.77175903,-76.04192352,5.49019623,24.04706573,23.61210442,-
Tue Oct 24 18:18:38 EDT 2017,18:37.7,-76.04169967,36.77182294,10.5,10,-34.20000076,66.6,-0.45968673,-0.45968673,10.0364933,0.04423195,-,14.90196133,0.0255822,-,-,73.40000153,32.7936821,1323,-,-112.2047272,36.77182388,-76.04170227,5.09803915,23.48783112,22.9907341,-
Tue Oct 24 18:18:39 EDT 2017,18:39.5,-76.04160298,36.77187613,10.25,9,-34.20000076,60.5,-0.45968673,-1.14921677,10.07480049,0.03828039,-,14.50980377,0.0350678,-,-,73.40000153,32.77087021,1220,-,-112.2047272,36.77187729,-76.04160309,4.70588255,22.9285965,22.36936378,-
Tue Oct 24 18:18:41 EDT 2017,18:41.3,-76.04143614,36.77199184,9.25,4,-34.20000076,44.7,0.65122288,-2.9113493,10.18972206,0.02934503,-,13.72549057,0.01839316,-,-,73.40000153,32.74273682,1149,-,-112.2047272,36.77199173,-76.04143524,3.92156863,20.69165993,19.88387871,-
Tue Oct 24 18:18:43 EDT 2017,18:43.2,-76.04131372,36.77209658,8,5,-35.20000076,44.2,2.14520478,-2.22181916,9.50019264,0.03119858,-,14.11764717,0.02608793,-,-,73.40000153,32.6998291,1076,-,-115.4855652,36.77209473,-76.04131317,4.31372547,17.89549065,13.04879475,-
Tue Oct 24 18:18:45 EDT 2017,18:45.0,-76.04125559,36.77212951,3.75,4,-34.59999847,54.7,4.175488,-0.42137951,8.84896946,0.01733816,-,16.47058868,-0.00418208,-,-,73.40000153,32.64495087,917,-,-113.5170593,36.77212906,-76.04125214,7.05882359,8.3885107,7.45645428,-
Tue Oct 24 18:18:47 EDT 2017,18:46.8,-76.04118644,36.77211372,3,4,-34.59999847,105.4,1.26413846,-0.80445176,9.6534214,0.02955256,-,13.72549057,0.00514424,-,-,73.40000153,32.58626938,875,-,-113.5170593,36.7721138,-76.04118347,3.92156863,6.71080828,5.59234095,-
Tue Oct 24 18:18:49 EDT 2017,18:48.6,-76.04115949,36.77208526,1.75,4,-35,139.8,1.30244577,-0.38307226,9.50019264,0.01607444,-,14.11764717,-0.00611458,-,-,73.40000153,32.52380371,688,-,-114.8293991,36.7720871,-76.04116058,4.31372547,3.91463828,3.72822714,-
Tue Oct 24 18:18:50 EDT 2017,18:50.4,-76.04116091,36.77208528,0.5,4,-35.5,139.8,1.18752408,-0.07661445,9.84495735,0.02552237,-,14.11764717,0.0078125,-,-,73.40000153,32.45758438,703,-,-116.4698181,36.7720871,-76.04116058,4.70588255,1.11846817,1.86411357,-
Tue Oct 24 18:18:52 EDT 2017,18:52.2,-76.04115473,36.7720875,0.25,4,-35.90000153,139.8,1.22583127,0,9.73003578,0.02701027,-,14.11764717,0.00079314,-,-,73.40000153,32.39031219,691,-,-117.7821579,36.7720871,-76.04115295,4.70588255,0.55923408,1.24274242,-
Tue Oct 24 18:18:54 EDT 2017,18:54.0,-76.04114851,36.77208977,0,4,-36.09999847,0,1.30244577,-0.30645782,9.80665016,0.02792031,-,14.90196133,0.00926494,-,-,73.40000153,32.32199097,708,-,-118.4383164,36.77209091,-76.04114532,4.70588255,0,0.62137121,-
Tue Oct 24 18:18:56 EDT 2017,18:55.8,-76.04114885,36.77208884,0,4,-36,0,1.34075296,0.19153613,9.80665016,0.02634618,-,14.90196133,0.0094917,-,-,73.40000153,32.32199097,735,-,-118.1102371,36.7720871,-76.04114532,4.70588255,0,0,-
Tue Oct 24 18:18:58 EDT 2017,18:57.6,-76.04113916,36.77209171,0.5,5,-36,139.8,1.26413846,-0.68953007,9.53849983,0.00234127,-,14.50980377,-0.01632279,-,-,73.40000153,32.25663376,1000,-,-118.1102371,36.77209091,-76.0411377,5.09803915,1.11846817,1.86411357,5.82208014
Tue Oct 24 18:18:59 EDT 2017,18:59.4,-76.041134,36.77209727,0.5,4,-37,139.8,1.22583127,-0.30645782,9.80665016,0.02779743,-,14.11764717,0.00826661,-,-,73.40000153,32.19155121,686,-,-121.3910751,36.77209854,-76.0411377,4.70588255,1.11846817,1.86411357,5.82208014
Tue Oct 24 18:19:01 EDT 2017,19:01.2,-76.04112077,36.77209304,0.5,4,-36.29999924,139.8,1.26413846,-0.45968673,9.73003578,0.0256296,-,13.72549057,0.01026228,-,-,73.40000153,32.19155121,666,-,-119.0944824,36.77209473,-76.04112244,4.31372547,1.11846817,0,-
Tue Oct 24 18:19:03 EDT 2017,19:03.0,-76.04112557,36.77208074,0.5,4,-36.20000076,139.8,1.34075296,-0.42137951,9.57680702,0.00568503,-,14.90196133,0.00790334,-,-,73.40000153,32.19155121,657,-,-118.7664032,36.77207947,-76.04112244,5.09803915,1.11846817,0,-
Tue Oct 24 18:19:05 EDT 2017,19:04.8,-76.04113488,36.7720882,0.5,5,-35.59999847,139.8,1.41736746,-0.49799395,9.53849983,0.01702129,-,13.33333397,-0.00433526,-,-,73.40000153,32.19155121,742,-,-116.7978973,36.7720871,-76.0411377,3.52941179,1.11846817,0,-
Tue Oct 24 18:19:07 EDT 2017,19:06.7,-76.04113629,36.77208134,0,4,-35.5,0,1.26413846,-0.45968673,9.76834297,0.02414995,-,14.11764717,0.00936321,-,-,73.40000153,32.19155121,0,-,-116.4698181,36.77207947,-76.0411377,4.31372547,0,0,-
