GPS Time, Device Time, Longitude, Latitude,GPS Speed (Meters/second), Horizontal Dilution of Precision, Altitude, Bearing, G(x), G(y), G(z), G(calibrated), 1/4 mile time(s),Absolute Throttle Position B(%),Acceleration Sensor(Total)(g),Acceleration Sensor(X axis)(g),Acceleration Sensor(Y axis)(g),Acceleration Sensor(Z axis)(g),Accelerator PedalPosition D(%),Accelerator PedalPosition E(%),Accelerator PedalPosition F(%),Actual engine % torque(%),Ambient air temp(°F),Average trip speed(whilst moving only)(mph),Barometric pressure (from vehicle)(psi),Drivers demand engine % torque(%),Engine RPM(rpm),Fuel pressure(psi),GPS Altitude(ft),GPS Latitude(°),GPS Longitude(°),Relative Throttle Position(%),Speed (GPS)(mph),Speed (OBD)(mph),Torque(Nm)
Sun Nov 26 15:17:51 EST 2017,17:51.4,-76.04392398,36.77296273,0,3,-24.20000076,0,8.23605347,1.03429508,4.63517427,-0.01186472,-,-,-0.02076152,0.84736669,0.0976229,0.38030469,-,-,-,-,60.79999924,-,14.64881134,-,656,-,-79.39633179,36.77296448,-76.04392242,-,0,0,-
Sun Nov 26 15:17:52 EST 2017,17:52.4,-76.04392398,36.77296274,0,3,-24.20000076,0,8.6957407,1.45567465,4.59686708,0.00222391,-,-,0.04062528,0.92546505,0.07809832,0.36858991,-,-,-,-,60.79999924,-,14.64881134,-,652,-,-79.39633179,36.77296448,-76.04392242,-,0,0,-
Sun Nov 26 15:17:53 EST 2017,17:53.4,-76.04392398,36.77296285,0,3,-24.29999924,0,7.96790314,1.83874691,3.98395157,0.00642171,-,-,-0.00168752,0.89422578,0.16791138,0.31001619,-,-,-,-,60.79999924,-,14.64881134,-,705,-,-79.72440338,36.77296448,-76.04392242,-,0,0,-
Sun Nov 26 15:17:54 EST 2017,17:54.4,-76.04392396,36.77296285,0,4,-24.29999924,0,8.04451752,3.98395157,4.09887314,-0.00528784,-,14.90196133,-0.02211808,0.80050778,0.35144243,0.33735061,14.11764717,14.11764717,-,-,60.79999924,-,14.64881134,-,705,-,-79.72440338,36.77296448,-76.04392242,5.09803915,0,0,-
Sun Nov 26 15:17:55 EST 2017,17:55.4,-76.04392391,36.7729627,0,4,-24.29999924,0,6.09084892,7.431602,3.86903,-0.00074597,-,14.90196133,0.05264559,0.65993077,0.71850449,0.29439652,14.11764717,14.11764717,-,-,60.79999924,-,14.64881134,-,705,-,-79.72440338,36.77296448,-76.04392242,5.09803915,0,0,-
Sun Nov 26 15:17:56 EST 2017,17:56.4,-76.04392815,36.77296489,0.75,4,-24.10000038,302.7,-7.73806,6.66545773,1.95366859,0.01554343,-,14.90196133,0.01018677,-0.65993077,0.72631437,0.1381999,14.11764717,14.11764717,-,-,60.79999924,2.48548484,14.64881134,-,1016,-,-79.06824493,36.77296448,-76.04393005,5.09803915,1.67770207,2.48548484,-
Sun Nov 26 15:17:57 EST 2017,17:57.4,-76.04394638,36.77298859,1.5,4,-28.29999924,319.5,-8.61912632,-4.78840351,2.22181916,0.02864337,-,19.6078434,0.01589545,-0.96060938,-0.28115395,0.07181631,30.19607925,30.58823586,-,-,62.59999847,2.48548484,14.64881134,-,1016,-,-92.84776306,36.77298737,-76.04394531,10.1960783,3.35540414,2.48548484,-
Sun Nov 26 15:17:58 EST 2017,17:58.4,-76.04395429,36.7730046,2,4,-29.39999962,314.8,-3.90733719,-7.66144562,2.52827692,0.02157981,-,19.6078434,-0.02942462,-0.4685899,-0.80441266,0.17334414,30.19607925,30.58823586,-,-,62.59999847,2.48548484,14.64881134,-,1016,-,-96.45669556,36.77300644,-76.04395294,10.1960783,4.47387266,2.48548484,-
Sun Nov 26 15:17:59 EST 2017,17:59.4,-76.04396163,36.77302589,2,4,-32,328.2,-4.29040956,-8.08282471,2.03028297,0.04737346,-,19.6078434,0.05218163,-0.40220633,-0.92546505,0.19677362,30.19607925,30.58823586,-,-,62.59999847,5.28165531,14.64881134,-,1498,-,-104.9868774,36.77302551,-76.04396057,10.1960783,4.47387266,8.07782555,-
Sun Nov 26 15:18:00 EST 2017,18:00.4,-76.04396697,36.7730628,2.75,4,-35,349.6,-9.57680702,-2.60489154,2.14520478,0.0588771,-,22.74509811,0.02663795,-0.94108468,-0.34363261,0.12258022,38.4313736,38.4313736,-,-,62.59999847,5.28165531,14.64881134,-,1498,-,-114.8293991,36.77306366,-76.0439682,14.11764717,6.15157461,8.07782555,-
Sun Nov 26 15:18:00 EST 2017,18:01.4,-76.04396697,36.7730628,2.75,4,-35,349.6,4.59686708,7.77636719,3.10288548,-0.06315141,-,22.74509811,-0.01996712,0.417826,0.82003236,0.23582277,38.4313736,38.4313736,-,-,62.59999847,5.28165531,14.64881134,-,1498,-,-114.8293991,36.77306366,-76.0439682,14.11764717,6.15157461,8.07782555,-
Sun Nov 26 15:18:02 EST 2017,18:02.4,-76.04390477,36.77318515,6.75,3,-35.5,23.9,8.84896946,-0.8810662,4.06056595,-0.00213868,-,25.88235283,-0.04763569,0.85908157,-0.01561966,0.31001619,38.4313736,38.4313736,-,-,62.59999847,8.90632057,14.64881134,-,1927,-,-116.4698181,36.77318573,-76.04390717,16.47058868,15.09931946,16.15565109,82.49267578
Sun Nov 26 15:18:03 EST 2017,18:03.4,-76.04386647,36.77324901,7.75,4,-34.29999924,25.7,8.84896946,-2.18351197,4.32871675,0.03107747,-,25.49019623,-0.02959751,0.85517663,-0.18743597,0.317826,38.82352829,39.2156868,-,-,62.59999847,11.18468189,14.64881134,-,1728,-,-112.5328064,36.77325058,-76.04386902,17.25490189,17.33625603,18.01976395,82.49267578
Sun Nov 26 15:18:04 EST 2017,18:04.4,-76.04382808,36.77331802,8.5,4,-33.90000153,23.2,8.92558384,-1.80043972,4.75009632,0.02582036,-,23.52941132,-0.03968993,0.81222248,-0.22258021,0.36078009,36.47058868,36.07843018,-,-,62.59999847,13.04879475,14.64881134,-,1694,-,-111.2204742,36.77331924,-76.04383087,15.29411793,19.01395798,20.50524902,97.45049286
Sun Nov 26 15:18:05 EST 2017,18:05.4,-76.04378202,36.77338971,9,4,-34.90000153,23.3,9.69172859,-0.57460839,3.37103605,0.0057609,-,23.52941132,-0.00400583,0.90594047,-0.10933765,0.29830143,35.29411697,35.29411697,-,-,60.79999924,14.49866199,14.64881134,-,1797,-,-114.5013199,36.77338791,-76.0437851,14.90196133,20.13242531,21.74799156,97.45049286
Sun Nov 26 15:18:06 EST 2017,18:06.4,-76.04374129,36.77347858,9.5,4,-35.79999924,21.9,8.42759037,0.07661445,3.90733719,0.01064134,-,22.74509811,0.02593176,0.90984541,0.02733441,0.37249482,33.72549057,32.94117737,-,-,60.79999924,16.77702141,14.64881134,-,1857,-,-117.4540634,36.77347946,-76.04373932,12.54901981,21.25089455,24.23347664,51.02422714
Sun Nov 26 15:18:07 EST 2017,18:07.4,-76.04370501,36.77356692,10.25,10,-35.59999847,19.9,8.61912632,-1.41736746,4.71178913,0.00819395,-,18.4313736,0.03821776,0.89813066,-0.11324256,0.40763909,31.76470566,31.76470566,-,-,60.79999924,17.67455864,14.64881134,-,1547,-,-116.7978973,36.7735672,-76.0437088,9.01960754,22.9285965,24.85484695,65.28384399
Sun Nov 26 15:18:08 EST 2017,18:08.4,-76.04366928,36.77367324,11.25,10,-35.79999924,17,8.58081913,-1.37906015,4.67348194,0.0171325,-,18.4313736,0.02055595,0.88641596,-0.15619664,0.38030469,29.80392265,30.19607925,-,-,60.79999924,18.39258766,14.64881134,-,1449,-,-117.4540634,36.77367401,-76.04367065,9.4117651,25.16553307,24.85484695,65.28384399
Sun Nov 26 15:18:09 EST 2017,18:09.4,-76.04363118,36.77377536,11.25,10,-36.09999847,16.3,7.92959595,-1.41736746,4.55855989,0.01231259,-,16.07843208,-0.03887991,0.81612742,-0.10543273,0.39592433,14.11764717,14.50980377,-,-,60.79999924,19.4696312,14.64881134,-,1424,-,-118.4383164,36.77377701,-76.04363251,7.05882359,25.16553307,24.85484695,65.28384399
Sun Nov 26 15:18:10 EST 2017,18:10.4,-76.04360655,36.77388941,11,10,-36.29999924,13.8,8.1211319,-1.34075296,3.37103605,0.02460157,-,20,0.00970329,0.87860614,-0.1952458,0.35687518,28.62745094,29.41176605,-,-,60.79999924,19.83608055,14.64881134,-,1396,-,-119.0944824,36.77388763,-76.04360962,10.98039246,24.60629845,24.23347664,-
Sun Nov 26 15:18:11 EST 2017,18:11.4,-76.04358724,36.77399032,10.75,9,-36.70000076,10.7,9.27034855,-2.06859016,5.17147589,0.04062569,-,18.8235302,0.03971579,0.92156017,-0.13667206,0.36078009,29.80392265,30.19607925,-,-,60.79999924,20.15017891,14.64881134,-,1415,-,-120.4068298,36.77399063,-76.04358673,9.4117651,24.04706573,24.23347664,-
Sun Nov 26 15:18:12 EST 2017,18:12.4,-76.04356561,36.77409185,11,10,-37.70000076,7.8,8.27436066,-1.41736746,4.75009632,0.01352467,-,18.8235302,0.01900734,0.86298645,-0.15229172,0.41935381,30.19607925,30.19607925,-,-,60.79999924,20.42239952,14.64881134,-,1408,-,-123.6876679,36.77409363,-76.04356384,9.4117651,24.60629845,24.23347664,-
Sun Nov 26 15:18:13 EST 2017,18:13.4,-76.04354487,36.77418159,10.75,9,-37.20000076,5.5,8.58081913,-1.45567465,4.97993946,0.02651197,-,18.4313736,0.02175882,0.90984541,-0.08200324,0.35687518,30.19607925,30.19607925,-,-,60.79999924,20.87076187,14.64881134,-,1404,-,-122.0472488,36.77418137,-76.04354858,9.4117651,24.04706573,24.23347664,-
Sun Nov 26 15:18:14 EST 2017,18:14.4,-76.04353407,36.77428816,10.75,9,-37.5,4,8.42759037,-0.11492168,4.48194551,-0.00791562,-,18.4313736,-0.00173337,0.89422578,-0.07028849,0.33735061,30.19607925,30.19607925,-,-,59,21.05757904,14.64881134,-,1402,-,-123.0314941,36.77428818,-76.04353333,9.4117651,24.04706573,24.23347664,-
Sun Nov 26 15:18:15 EST 2017,18:15.4,-76.04352777,36.774388,11,9,-36.5,3.4,8.50420475,0.5363012,4.63517427,0.00316232,-,18.8235302,-0.01573345,0.85517663,0.07809832,0.38030469,30.58823586,30.58823586,-,-,59,21.22473145,14.64881134,-,1402,-,-119.7506561,36.77438736,-76.0435257,9.4117651,24.60629845,24.23347664,-
Sun Nov 26 15:18:16 EST 2017,18:16.4,-76.04352198,36.77448906,10.75,9,-36.90000153,1.3,8.38928318,1.37906015,4.8267107,-0.00182036,-,18.8235302,-0.01307069,0.84736669,0.1444819,0.3842096,30.58823586,30.98039246,-,-,59,21.51128006,14.64881134,-,1404,-,-121.0629959,36.77449036,-76.0435257,9.8039217,24.04706573,24.23347664,-
Sun Nov 26 15:18:17 EST 2017,18:17.4,-76.04352208,36.77458177,10.5,9,-37,1.5,8.38928318,1.9153614,5.09486103,0.01207493,-,20.3921566,0.01974829,0.85517663,0.1952458,0.41935381,32.54901886,32.54901886,-,-,59,21.63501358,14.64881134,-,1418,-,-121.3910751,36.77458191,-76.0435257,11.37254906,23.48783112,24.23347664,-
Sun Nov 26 15:18:18 EST 2017,18:18.4,-76.04351301,36.77468341,10.75,10,-36.79999924,3.3,7.85298157,2.71981311,4.71178913,0.00238236,-,20.3921566,-0.02582321,0.80050778,0.27724904,0.38030469,32.15686417,32.15686417,-,-,59,21.74799156,14.64881134,-,1416,-,-120.7349091,36.77468491,-76.04351044,11.37254906,24.04706573,24.23347664,-
Sun Nov 26 15:18:19 EST 2017,18:19.4,-76.04348236,36.77478384,11.25,10,-37.29999924,9.9,7.96790314,1.76213241,4.25210238,-0.00550542,-,19.6078434,-0.02342969,0.8747012,0.12886222,0.31392109,31.37254906,31.76470566,-,-,59,21.99654198,14.64881134,-,1445,-,-122.3753281,36.77478409,-76.04347992,10.58823586,25.16553307,24.85484695,20.11782837
Sun Nov 26 15:18:20 EST 2017,18:20.4,-76.04346332,36.77488496,11.25,10,-37.5,9.8,7.54652357,1.57059634,4.8267107,-0.02355631,-,18.8235302,-0.10656112,0.77317333,0.1952458,0.30220634,30.19607925,30.58823586,-,-,59,22.10647583,14.64881134,-,1453,-,-123.0314941,36.77488327,-76.04346466,9.8039217,25.16553307,24.85484695,20.11782837
Sun Nov 26 15:18:21 EST 2017,18:21.4,-76.04343417,36.7749891,11.5,10,-38.09999847,11.9,8.31266785,1.45567465,4.78840351,0.00809288,-,19.2156868,0.01030759,0.89813066,0.13667206,0.34125552,30.19607925,30.19607925,-,-,59,22.23128128,14.64881134,-,1472,-,-124.9999924,36.77499008,-76.04343414,10.1960783,25.72476578,25.47621918,23.99336243
Sun Nov 26 15:18:22 EST 2017,18:22.4,-76.0434085,36.77508789,11.25,10,-38.29999924,13.4,8.65743351,1.41736746,4.67348194,0.01016004,-,19.2156868,-0.03788019,0.85127175,0.17962612,0.31001619,30.19607925,30.19607925,-,-,59,22.4979229,14.64881134,-,1510,-,-125.6561661,36.77508926,-76.04341125,9.8039217,25.16553307,26.09758949,21.53710556
Sun Nov 26 15:18:23 EST 2017,18:23.4,-76.04337315,36.77518667,11.25,10,-38.5,15.9,7.62313843,1.68551803,5.13316822,-0.00379683,-,19.2156868,-0.03951516,0.80050778,0.20696054,0.38811451,30.19607925,30.19607925,-,-,59,22.61791229,14.64881134,-,1519,-,-126.3123398,36.77518845,-76.04337311,6.27450991,25.16553307,26.09758949,21.53710556
Sun Nov 26 15:18:24 EST 2017,18:24.4,-76.04332877,36.7752729,11,10,-38.5,18.4,8.88727665,2.14520478,4.8267107,0.01156997,-,17.64705849,-0.00521689,0.83174706,0.25772443,0.38030469,29.80392265,30.19607925,-,-,59,22.71011353,14.64881134,-,1506,-,-126.3123398,36.77527237,-76.04332733,7.84313726,24.60629845,25.47621918,21.53710556
Sun Nov 26 15:18:25 EST 2017,18:25.4,-76.04328953,36.77537226,11.25,11,-38.70000076,19.8,7.66144562,1.60890353,4.63517427,-0.05359274,-,19.2156868,-0.05933152,0.78879303,0.21477039,0.364685,29.80392265,30.19607925,-,-,59,22.89658737,14.64881134,-,1508,-,-126.9685059,36.77537155,-76.04328918,10.1960783,25.16553307,26.09758949,23.97418213
Sun Nov 26 15:18:26 EST 2017,18:26.4,-76.04324193,36.77547126,11.5,11,-38.5,22.2,9.19373417,0.49799395,4.40533113,0.00413081,-,19.6078434,-0.06927905,0.8083176,0.15619664,0.3334457,30.19607925,30.19607925,-,-,57.20000076,22.9907341,14.64881134,-,1516,-,-126.3123398,36.77547073,-76.04324341,10.58823586,25.72476578,26.09758949,23.97418213
Sun Nov 26 15:18:27 EST 2017,18:27.4,-76.04317346,36.77554923,11.25,10,-38.59999847,26.1,8.23605347,1.8770541,4.97993946,0.02332254,-,16.07843208,-0.00958265,0.82003236,0.21477039,0.411544,14.11764717,14.11764717,-,-,57.20000076,23.09725571,14.64881134,-,1521,-,-126.6404114,36.77555084,-76.04317474,6.66666698,25.16553307,26.71896172,22.0801487
Sun Nov 26 15:18:28 EST 2017,18:28.4,-76.04311518,36.7756466,11.25,10,-38.29999924,26.7,8.15943909,1.41736746,4.09887314,0.01681502,-,19.2156868,-0.0195701,0.85908157,0.15619664,0.34516042,30.98039246,30.98039246,-,-,57.20000076,23.18059921,14.64881134,-,1498,-,-125.6561661,36.77564621,-76.04311371,9.4117651,25.16553307,26.09758949,22.0801487
Sun Nov 26 15:18:29 EST 2017,18:29.4,-76.04304834,36.77573577,11,10,-38.5,31,7.92959595,1.41736746,4.09887314,-0.05967981,-,19.2156868,0.00118191,0.85517663,0.12886222,0.40373418,28.23529434,30.98039246,-,-,57.20000076,23.33412361,14.64881134,-,1517,-,-126.3123398,36.77573395,-76.04304504,10.1960783,24.60629845,26.09758949,22.0801487
Sun Nov 26 15:18:30 EST 2017,18:30.4,-76.04296588,36.77585597,12,10,-39,31.8,8.1211319,1.37906015,4.13718033,0.00640283,-,17.64705849,-0.04869377,0.79660285,0.20696054,0.37639979,26.66666794,28.23529434,-,-,57.20000076,23.4209137,14.64881134,-,1521,-,-127.9527588,36.77585602,-76.04296875,8.23529434,26.84323311,26.71896172,23.47286797
Sun Nov 26 15:18:31 EST 2017,18:31.4,-76.04288666,36.77596428,12,10,-39.40000153,33.2,7.12514448,1.41736746,4.25210238,-0.03188425,-,16.07843208,0.01930673,0.81612742,0.18353106,0.4818325,14.11764717,14.11764717,-,-,57.20000076,23.56663895,14.64881134,-,1498,-,-129.2650909,36.77596283,-76.04288483,6.27450991,26.84323311,26.09758949,23.47286797
Sun Nov 26 15:18:32 EST 2017,18:32.4,-76.04282758,36.77604969,11.75,10,-39.90000153,33.4,8.6957407,1.45567465,5.47793341,0.03892126,-,16.07843208,0.06460901,0.90984541,0.16400647,0.42716369,18.4313736,14.50980377,-,-,57.20000076,23.61210442,14.64881134,-,1474,-,-130.9055176,36.77605057,-76.04282379,6.27450991,26.2840004,25.47621918,23.47286797
Sun Nov 26 15:18:33 EST 2017,18:33.4,-76.04274622,36.77613163,11.5,9,-40.59999847,37.4,7.96790314,1.60890353,5.20978308,0.00319374,-,15.68627453,-0.01444763,0.78879303,0.17962612,0.4623079,23.52941132,23.92156982,-,-,57.20000076,23.64100647,14.64881134,-,1435,-,-133.2020874,36.77613068,-76.0427475,5.88235283,25.72476578,24.85484695,-
Sun Nov 26 15:18:34 EST 2017,18:34.4,-76.04266838,36.77620653,11.25,9,-39.79999924,39.3,8.46589756,1.83874691,5.05655384,0.01413274,-,16.07843208,-0.00160346,0.81612742,0.19915071,0.43887842,25.88235283,25.88235283,-,-,57.20000076,23.69495583,14.64881134,-,1419,-,-130.5774231,36.77620697,-76.0426712,6.66666698,25.16553307,24.85484695,-
Sun Nov 26 15:18:35 EST 2017,18:35.4,-76.04258213,36.77628363,11.5,4,-40,42.3,7.62313843,2.60489154,4.36702394,-0.00203022,-,15.68627453,-0.01523754,0.8083176,0.28505886,0.3842096,25.88235283,25.88235283,-,-,57.20000076,23.70666122,14.64881134,-,1426,-,-131.2335968,36.77628326,-76.04257965,6.27450991,25.72476578,24.23347664,-
Sun Nov 26 15:18:36 EST 2017,18:36.4,-76.04249825,36.77635313,11,4,-39.79999924,44.3,8.00621033,3.14119267,4.63517427,0.0043058,-,16.47058868,-0.00363055,0.80441266,0.35925224,0.364685,27.05882454,27.45098114,-,-,57.20000076,23.71787071,14.64881134,-,1416,-,-130.5774231,36.77635193,-76.04249573,6.66666698,24.60629845,24.23347664,-
Sun Nov 26 15:18:37 EST 2017,18:37.4,-76.04240795,36.77642332,11.25,4,-39.79999924,45.9,7.85298157,2.68150592,4.86501789,-0.00045389,-,16.47058868,-0.02692811,0.78879303,0.2928687,0.38811451,27.05882454,27.45098114,-,-,57.20000076,23.7286129,14.64881134,-,1411,-,-130.5774231,36.77642441,-76.04240417,7.05882359,25.16553307,24.23347664,-
Sun Nov 26 15:18:38 EST 2017,18:38.4,-76.04231031,36.77649462,11.5,4,-39.90000153,49.4,8.08282471,3.06457806,4.75009632,-0.00477072,-,16.47058868,-0.0311555,0.80441266,0.30458343,0.34516042,27.05882454,27.45098114,-,-,57.20000076,23.74880791,14.64881134,-,1398,-,-130.9055176,36.77649307,-76.04231262,7.05882359,25.72476578,24.23347664,-
Sun Nov 26 15:18:39 EST 2017,18:39.4,-76.04221264,36.77653814,11,4,-39.90000153,53.7,7.96790314,2.64319873,5.05655384,-0.01187104,-,16.86274529,-0.00402881,0.82784218,0.14057697,0.43497351,27.45098114,27.45098114,-,-,57.20000076,23.75831032,14.64881134,-,1397,-,-130.9055176,36.77653885,-76.04221344,7.45098066,24.60629845,24.23347664,-
Sun Nov 26 15:18:40 EST 2017,18:40.4,-76.04211541,36.77658906,10.75,5,-39.90000153,55.5,7.54652357,2.37504816,4.21379519,0.00960381,-,17.25490189,0.00211111,0.82003236,0.28505886,0.39982924,27.45098114,27.84313774,-,-,57.20000076,23.7762413,14.64881134,-,1404,-,-130.9055176,36.77658844,-76.04211426,7.45098066,24.04706573,24.23347664,-
Sun Nov 26 15:18:41 EST 2017,18:41.4,-76.04200217,36.77663973,10.75,5,-40.29999924,57.8,7.85298157,3.02627087,4.48194551,-0.00903672,-,17.64705849,-0.02770464,0.80050778,0.30848834,0.35687518,28.23529434,28.62745094,-,-,57.20000076,23.78470802,14.64881134,-,1419,-,-132.2178497,36.77663803,-76.04199982,7.84313726,24.04706573,24.23347664,-
Sun Nov 26 15:18:42 EST 2017,18:42.4,-76.04188186,36.77669259,11.25,5,-40.20000076,59.1,8.23605347,3.17949986,4.90332508,-0.00120296,-,17.25490189,-0.00708995,0.82393724,0.31239328,0.35687518,28.23529434,28.23529434,-,-,57.20000076,23.79286766,14.64881134,-,1423,-,-131.8897705,36.77669144,-76.04188538,8.23529434,25.16553307,24.23347664,-
Sun Nov 26 15:18:43 EST 2017,18:43.4,-76.04176905,36.77673836,11.75,4,-39.20000076,61.3,7.85298157,2.41335535,4.5202527,0.00491999,-,17.64705849,-0.0157413,0.83565199,0.20696054,0.37639979,28.23529434,28.62745094,-,-,57.20000076,23.83012962,14.64881134,-,1443,-,-128.6089325,36.77673721,-76.04177094,8.23529434,26.2840004,24.85484695,24.05547142
Sun Nov 26 15:18:44 EST 2017,18:44.4,-76.04164821,36.77675955,11,4,-40.09999847,70.4,8.38928318,1.18752408,5.13316822,-0.00282962,-,17.64705849,-0.02787727,0.82003236,0.20305562,0.38030469,28.23529434,28.62745094,-,-,57.20000076,23.84779739,14.64881134,-,1448,-,-131.561676,36.7767601,-76.04164886,8.23529434,24.60629845,24.85484695,24.05547142
Sun Nov 26 15:18:45 EST 2017,18:45.4,-76.0415268,36.77679127,11,4,-40.70000076,72.9,7.31668043,3.25611424,4.36702394,-0.05115432,-,17.64705849,-0.06738742,0.77317333,0.31629819,0.31392109,28.23529434,28.62745094,-,-,57.20000076,23.86486626,14.64881134,-,1456,-,-133.5301819,36.77679062,-76.04152679,8.23529434,24.60629845,24.85484695,24.05547142
Sun Nov 26 15:18:46 EST 2017,18:46.4,-76.04140643,36.77681838,11.25,4,-40.5,74.4,7.46990919,3.29442143,3.98395157,0.00693623,-,17.64705849,-0.07365853,0.76145858,0.33582276,0.30611128,27.84313774,27.84313774,-,-,57.20000076,23.89172363,14.64881134,-,1466,-,-132.8740234,36.77681732,-76.04140472,8.62745094,25.16553307,25.47621918,24.05547142
Sun Nov 26 15:18:47 EST 2017,18:47.4,-76.04128256,36.77683175,11.25,3,-40.09999847,80.3,8.00621033,3.86903,5.47793341,0.0240129,-,15.68627453,-0.00013734,0.79269797,0.30458343,0.42716369,24.31372643,20.7843132,-,-,57.20000076,23.93281364,14.64881134,-,1454,-,-131.561676,36.77683258,-76.04128265,5.88235283,25.16553307,24.85484695,19.97836685
Sun Nov 26 15:18:48 EST 2017,18:48.4,-76.04115545,36.7768374,11.25,4,-40.20000076,83.9,7.04852962,2.7581203,4.44363832,-0.03193729,-,15.68627453,-0.0733456,0.76145858,0.30067852,0.3334457,25.49019623,24.70588303,-,-,57.20000076,23.93758583,14.64881134,-,1420,-,-131.8897705,36.7768364,-76.04115295,5.88235283,25.16553307,24.23347664,19.97836685
Sun Nov 26 15:18:49 EST 2017,18:49.4,-76.04103423,36.77683349,11,3,-40,88.1,7.24006605,4.25210238,4.36702394,-0.01625651,-,16.07843208,-0.05078128,0.73802912,0.42173091,0.32173091,25.88235283,25.88235283,-,-,57.20000076,23.93712997,14.64881134,-,1397,-,-131.2335968,36.77683258,-76.04103088,6.66666698,24.60629845,23.61210442,19.97836685
Sun Nov 26 15:18:50 EST 2017,18:50.4,-76.04090453,36.77682829,11,3,-39.79999924,92.5,8.15943909,4.71178913,5.70777702,0.01169669,-,16.07843208,0.02295283,0.76926845,0.48030469,0.37249482,25.88235283,25.88235283,-,-,57.20000076,23.9322052,14.64881134,-,1374,-,-130.5774231,36.77682877,-76.04090118,6.66666698,24.60629845,23.61210442,-
Sun Nov 26 15:18:51 EST 2017,18:51.4,-76.04078445,36.77682261,10.75,4,-40.20000076,93.6,6.81868649,5.17147589,4.32871675,0.00062068,-,16.07843208,0.02228137,0.73802912,0.49982923,0.39982924,26.27450943,26.27450943,-,-,57.20000076,23.91815376,14.64881134,-,1360,-,-131.8897705,36.77682114,-76.04078674,6.27450991,24.04706573,22.9907341,-
Sun Nov 26 15:18:51 EST 2017,18:52.4,-76.04078445,36.77682261,10.75,4,-40.20000076,93.6,5.82269859,5.66946983,5.74608421,-0.00894872,-,15.68627453,-0.06637356,0.56621277,0.44516042,0.49354723,26.27450943,26.27450943,-,-,57.20000076,23.90451622,14.64881134,-,1352,-,-131.8897705,36.77682114,-76.04078674,6.27450991,24.04706573,22.9907341,-
Sun Nov 26 15:18:53 EST 2017,18:53.4,-76.04056683,36.77676122,10.5,4,-40.20000076,109.9,6.7803793,5.05655384,4.78840351,0.00978732,-,16.47058868,-0.07327976,0.72240943,0.417826,0.30220634,26.66666794,27.05882454,-,-,57.20000076,23.89127159,14.64881134,-,1345,-,-131.8897705,36.7767601,-76.04056549,6.66666698,23.48783112,22.9907341,-
Sun Nov 26 15:18:54 EST 2017,18:54.4,-76.04045886,36.77671029,10.5,3,-39.20000076,117.3,7.08683681,4.55855989,4.32871675,-0.01779257,-,16.47058868,-0.05458256,0.72631437,0.42563587,0.32954079,26.66666794,26.66666794,-,-,57.20000076,23.86590576,14.64881134,-,1348,-,-128.6089325,36.77671051,-76.04045868,6.66666698,23.48783112,22.9907341,-
Sun Nov 26 15:18:55 EST 2017,18:55.4,-76.04035914,36.7766663,10.25,4,-39.29999924,118.9,7.96790314,1.45567465,5.13316822,-0.00257066,-,16.07843208,-0.03521951,0.81222248,0.09371798,0.411544,25.88235283,25.88235283,-,-,55.40000153,23.85375023,14.64881134,-,1330,-,-128.9370117,36.77666473,-76.0403595,5.49019623,22.9285965,22.9907341,-
Sun Nov 26 15:18:56 EST 2017,18:56.4,-76.04026937,36.77660667,10,4,-39,125.2,7.89128876,0.30645782,6.43561411,0.03262173,-,14.50980377,-0.05758936,0.76145858,0.01561966,0.45449808,14.11764717,14.50980377,-,-,55.40000153,23.83341408,14.64881134,-,1259,-,-127.9527588,36.77660751,-76.04026794,4.70588255,22.36936378,22.36936378,-
Sun Nov 26 15:18:57 EST 2017,18:57.4,-76.04018755,36.77655678,9.5,4,-38.59999847,127.4,7.50821638,0.15322891,5.63116217,-0.02416813,-,14.50980377,0.08263046,0.85127175,-0.02733441,0.56774062,14.11764717,14.11764717,-,-,55.40000153,23.72809601,14.64881134,-,1050,-,-126.6404114,36.77655792,-76.04018402,4.31372547,21.25089455,18.64113617,-
Sun Nov 26 15:18:58 EST 2017,18:58.4,-76.04011122,36.77650433,9.25,5,-39.20000076,128.9,7.24006605,-0.07661445,7.24006605,0.04707998,-,13.72549057,0.00839524,0.72631437,0.00780983,0.59897995,14.11764717,14.11764717,-,-,55.40000153,23.61210442,14.64881134,-,1007,-,-128.6089325,36.77650452,-76.04010773,3.92156863,20.69165993,14.91290855,-
Sun Nov 26 15:18:59 EST 2017,18:59.4,-76.04005815,36.77647963,7,4,-39.09999847,128.1,7.431602,1.18752408,7.20175886,0.05424418,-,13.72549057,-0.00718216,0.6638357,-0.10543273,0.63021934,14.11764717,14.11764717,-,-,55.40000153,23.4426403,14.64881134,-,900,-,-128.280838,36.77647781,-76.04006195,3.52941179,15.65855312,10.56331062,-
Sun Nov 26 15:19:00 EST 2017,19:00.4,-76.03999829,36.77644335,6.75,5,-38.59999847,130.2,6.97191525,-0.42137951,7.20175886,0.04295697,-,14.11764717,0.03715903,0.7575537,0.03904916,0.60678977,14.11764717,14.11764717,-,-,55.40000153,23.21379089,14.64881134,-,801,-,-126.6404114,36.77644348,-76.04000092,4.31372547,15.09931946,5.59234095,-
Sun Nov 26 15:19:01 EST 2017,19:01.4,-76.04002678,36.77646642,1.75,4,-38.59999847,123.5,8.6957407,-0.57460839,4.8267107,0.0177981,-,14.50980377,-0.02771252,0.84346181,0.05076391,0.38030469,14.11764717,14.11764717,-,-,55.40000153,22.93567657,14.64881134,-,656,-,-126.6404114,36.77646637,-76.0400238,4.31372547,3.91463828,1.24274242,-
Sun Nov 26 15:19:02 EST 2017,19:02.4,-76.04003098,36.77645722,1,4,-39.09999847,122,9.23204136,0.5363012,3.33272886,0.01113489,-,14.11764717,0.01666119,0.95670444,0.04685899,0.23972771,14.11764717,20,-,-,55.40000153,22.93567657,14.64881134,-,793,-,-128.280838,36.77645874,-76.04003143,4.31372547,2.23693633,0,-
Sun Nov 26 15:19:03 EST 2017,19:03.4,-76.04002817,36.77645724,0.75,4,-39.29999924,126.9,9.57680702,0,3.40934324,0.01507762,-,20.7843132,-0.05018666,0.88641596,0.01952458,0.23972771,37.25490189,35.29411697,-,-,55.40000153,22.69558334,14.64881134,-,1421,-,-128.9370117,36.77645874,-76.04003143,11.76470566,1.67770207,3.72822714,-
Sun Nov 26 15:19:04 EST 2017,19:04.4,-76.04000486,36.77644006,2.75,4,-38.79999924,126.6,9.38527107,0.19153613,3.33272886,0.01609523,-,21.96078491,-0.0274928,0.91375035,-0.00390492,0.23191786,38.82352829,39.60784531,-,-,55.40000153,22.31631851,14.64881134,-,1855,-,-127.2965851,36.77643967,-76.04000854,12.54901981,6.15157461,8.07782555,48.25534439
Sun Nov 26 15:19:05 EST 2017,19:05.4,-76.03996835,36.77642062,3.75,4,-39,122.9,9.11711979,-0.45968673,3.63918662,0.02076882,-,23.92156982,0.00211111,0.92936999,-0.04685899,0.27096704,40.39215851,40.7843132,-,-,57.20000076,22.18968773,14.64881134,-,1840,-,-127.9527588,36.77642059,-76.0399704,15.29411793,8.3885107,11.80605221,68.04754639
Sun Nov 26 15:19:06 EST 2017,19:06.4,-76.03991729,36.77638654,5.25,4,-39.20000076,126,9.04050541,-0.22984336,3.83072281,0.01274805,-,24.70588303,-0.01343405,0.90203559,-0.0976229,0.28658667,38.82352829,38.82352829,-,-,57.20000076,22.08826637,14.64881134,-,1921,-,-128.6089325,36.77638626,-76.03991699,16.47058868,11.74391556,13.67016602,68.04754639
Sun Nov 26 15:19:07 EST 2017,19:07.4,-76.03984821,36.77635127,6.5,4,-39.70000076,122.8,9.00219822,-0.9576807,3.79241538,0.00397008,-,25.09803963,-0.02812845,0.88251102,-0.12495731,0.28658667,38.82352829,38.82352829,-,-,57.20000076,22.01847076,14.64881134,-,2089,-,-130.2493439,36.77635193,-76.03984833,17.25490189,14.54008579,16.15565109,66.97335052
Sun Nov 26 15:19:08 EST 2017,19:08.4,-76.03977874,36.77630478,7.75,4,-39.59999847,124.9,9.11711979,-1.34075296,4.44363832,0.02697024,-,22.35294151,0.03828388,0.91765523,-0.10933765,0.37249482,36.07843018,35.68627548,-,-,57.20000076,21.97920036,14.64881134,-,1567,-,-129.9212494,36.77630615,-76.03977966,14.11764717,17.33625603,18.64113617,79.67612457
Sun Nov 26 15:19:09 EST 2017,19:09.4,-76.03969642,36.77625424,8.75,4,-39.70000076,123.5,8.65743351,-0.03830723,3.67749381,-0.0221622,-,21.56862831,-0.04146319,0.86689138,-0.15229172,0.27877685,34.11764908,34.50980377,-,-,57.20000076,21.95511436,14.64881134,-,1545,-,-130.2493439,36.77625275,-76.03969574,12.54901981,19.5731926,19.88387871,79.67612457
Sun Nov 26 15:19:10 EST 2017,19:10.4,-76.03961335,36.77620938,8.75,4,-39.5,123.1,8.27436066,0.19153613,4.71178913,0.00312944,-,19.2156868,-0.01937558,0.86298645,0.06247865,0.36078009,30.19607925,30.58823586,-,-,57.20000076,21.94569969,14.64881134,-,1631,-,-129.5931702,36.77621078,-76.03961182,10.58823586,19.5731926,21.12662125,60.07840729
Sun Nov 26 15:19:10 EST 2017,19:11.4,-76.03961335,36.77620938,8.75,4,-39.5,123.1,7.92959595,0.11492168,5.55454779,-0.00442205,-,19.6078434,0.10803997,0.94498962,-0.06638357,0.47402263,30.58823586,30.58823586,-,-,57.20000076,21.94821167,14.64881134,-,1696,-,-129.5931702,36.77621078,-76.03961182,10.1960783,19.5731926,22.36936378,24.44091988
Sun Nov 26 15:19:12 EST 2017,19:12.4,-76.03942555,36.77610547,10,4,-39.20000076,122.6,7.69975281,0.76614451,5.5162406,0.00999455,-,18.4313736,0.03259559,0.87860614,0.08590815,0.43497351,29.01960754,29.01960754,-,-,57.20000076,21.9528389,14.64881134,-,1731,-,-128.6089325,36.77610397,-76.03942871,9.01960754,22.36936378,22.36936378,14.81131172
Sun Nov 26 15:19:13 EST 2017,19:13.4,-76.03932607,36.77605925,10.25,4,-39.79999924,121,8.65743351,-0.65122288,4.86501789,-0.00156994,-,18.4313736,0.01929181,0.86689138,-0.0234295,0.43497351,28.62745094,28.62745094,-,-,57.20000076,21.96412277,14.64881134,-,1764,-,-130.5774231,36.7760582,-76.03932953,9.01960754,22.9285965,22.9907341,14.81131172
Sun Nov 26 15:19:14 EST 2017,19:14.4,-76.03922019,36.77601217,10.5,4,-39.29999924,120.6,8.19774628,0.84275901,4.67348194,0.00980729,-,18.8235302,0.07167312,0.90984541,-0.08981306,0.45840299,28.62745094,28.62745094,-,-,57.20000076,21.9751606,14.64881134,-,1776,-,-128.9370117,36.77601242,-76.03922272,9.4117651,23.48783112,22.9907341,14.53662395
Sun Nov 26 15:19:15 EST 2017,19:15.4,-76.03911974,36.77596832,10.25,4,-39,119.4,8.00621033,-0.15322891,5.09486103,0.00628889,-,18.8235302,-0.02302347,0.86298645,-0.06247865,0.35297027,28.62745094,28.62745094,-,-,57.20000076,21.98596382,14.64881134,-,1790,-,-127.9527588,36.77596664,-76.03912354,9.8039217,22.9285965,22.9907341,14.53662395
Sun Nov 26 15:19:16 EST 2017,19:16.4,-76.03901991,36.77591768,10.5,4,-39.09999847,121.3,8.1211319,1.26413846,4.21379519,0.01835424,-,18.03921509,0.02166175,0.88251102,0.05076391,0.411544,28.62745094,29.01960754,-,-,57.20000076,22.01984215,14.64881134,-,1385,-,-128.280838,36.77591705,-76.03901672,8.62745094,23.48783112,23.61210442,15.76543045
Sun Nov 26 15:19:17 EST 2017,19:17.4,-76.03891424,36.7758719,10.5,4,-39.40000153,118.5,8.65743351,-0.2681506,4.09887314,-0.00419325,-,18.03921509,0.07813213,0.95279956,0,0.40373418,29.01960754,29.01960754,-,-,57.20000076,22.03625679,14.64881134,-,1377,-,-129.2650909,36.77587128,-76.03891754,8.62745094,23.48783112,23.61210442,15.76543045
Sun Nov 26 15:19:18 EST 2017,19:18.4,-76.03880918,36.77582352,10.5,4,-39.90000153,119.1,7.431602,1.37906015,4.175488,0.00977504,-,18.4313736,0.02802674,0.88251102,0.12495731,0.411544,29.80392265,30.19607925,-,-,57.20000076,22.05867767,14.64881134,-,1395,-,-130.9055176,36.77582169,-76.03881073,9.4117651,23.48783112,24.23347664,32.30028534
Sun Nov 26 15:19:19 EST 2017,19:19.4,-76.03870543,36.77577712,10.75,4,-40.20000076,119.6,8.35097599,0.99598789,4.63517427,-0.0075039,-,17.64705849,0.01407634,0.8747012,0.12886222,0.39592433,28.62745094,28.62745094,-,-,57.20000076,22.08064651,14.64881134,-,1401,-,-131.8897705,36.77577591,-76.03870392,8.23529434,24.04706573,24.23347664,32.30028534
Sun Nov 26 15:19:20 EST 2017,19:20.4,-76.03860287,36.77572076,10.75,4,-40,120.8,8.08282471,2.7581203,4.40533113,-0.0112704,-,17.64705849,-0.01297789,0.81612742,0.18353106,0.42325872,28.62745094,29.01960754,-,-,57.20000076,22.10217285,14.64881134,-,1417,-,-131.2335968,36.7757225,-76.03860474,8.23529434,24.04706573,24.23347664,32.30028534
Sun Nov 26 15:19:21 EST 2017,19:21.4,-76.03850117,36.77566477,11,4,-40.59999847,122.8,7.27837324,3.715801,4.67348194,-0.00781281,-,16.47058868,-0.04003954,0.74193406,0.37877685,0.37639979,27.05882454,27.45098114,-,-,57.20000076,22.12327576,14.64881134,-,1421,-,-133.2020874,36.77566528,-76.03849792,7.05882359,24.60629845,24.23347664,32.30028534
Sun Nov 26 15:19:22 EST 2017,19:22.4,-76.03839661,36.77559765,11.25,4,-40.20000076,125.6,7.62313843,4.32871675,5.13316822,0.00570183,-,16.47058868,0.03590038,0.77707827,0.44125551,0.42325872,27.05882454,27.45098114,-,-,57.20000076,22.14396477,14.64881134,-,1421,-,-131.8897705,36.77559662,-76.03839874,7.05882359,25.16553307,24.23347664,-
Sun Nov 26 15:19:23 EST 2017,19:23.4,-76.03830183,36.77552606,11.25,3,-39.90000153,132.2,7.50821638,4.06056595,4.67348194,0.0120188,-,16.47058868,0.00909862,0.79269797,0.3397277,0.42325872,26.66666794,27.05882454,-,-,57.20000076,22.17028236,14.64881134,-,1427,-,-130.9055176,36.77552795,-76.03829956,7.05882359,25.16553307,24.85484695,19.72312737
Sun Nov 26 15:19:24 EST 2017,19:24.4,-76.03822195,36.77544842,11,3,-39.70000076,137,7.69975281,3.52426481,4.25210238,0.00203298,-,16.47058868,-0.03619267,0.76145858,0.32020313,0.39592433,27.05882454,27.84313774,-,-,57.20000076,22.1901226,14.64881134,-,1419,-,-130.2493439,36.77544785,-76.03822327,7.05882359,24.60629845,24.23347664,19.72312737
Sun Nov 26 15:19:25 EST 2017,19:25.4,-76.03814464,36.77537705,10.75,4,-40.29999924,139.4,7.66144562,3.60087943,4.63517427,-0.0254979,-,17.25490189,-0.0652547,0.76145858,0.30848834,0.34516042,28.23529434,28.62745094,-,-,57.20000076,22.22867584,14.64881134,-,1414,-,-132.2178497,36.77537537,-76.03814697,7.84313726,24.04706573,24.23347664,19.72312737
Sun Nov 26 15:19:26 EST 2017,19:26.4,-76.03807652,36.7752929,10.75,4,-39.90000153,144.7,7.16345167,3.67749381,4.29040956,-0.00102244,-,17.25490189,-0.00873567,0.72631437,0.49201941,0.36078009,28.23529434,28.23529434,-,-,55.40000153,22.24741173,14.64881134,-,1421,-,-130.9055176,36.77529144,-76.03807831,7.84313726,24.04706573,24.23347664,-
Sun Nov 26 15:19:27 EST 2017,19:27.4,-76.03802296,36.7752064,11,4,-40.90000153,153,7.16345167,4.5202527,3.98395157,-0.02270937,-,17.25490189,-0.0386656,0.65993077,0.49201941,0.39592433,28.23529434,28.23529434,-,-,55.40000153,22.26580048,14.64881134,-,1417,-,-134.1863556,36.77520752,-76.0380249,8.23529434,24.60629845,24.23347664,-
Sun Nov 26 15:19:28 EST 2017,19:28.4,-76.03797918,36.7751068,11.25,4,-40.59999847,159.3,7.69975281,3.715801,4.55855989,0.02564365,-,17.25490189,0.02293044,0.76536351,0.42173091,0.4310686,28.23529434,28.23529434,-,-,55.40000153,22.28955269,14.64881134,-,1430,-,-133.2020874,36.77510834,-76.03797913,8.23529434,25.16553307,24.85484695,19.41357613
Sun Nov 26 15:19:29 EST 2017,19:29.4,-76.03794168,36.77501511,11.25,4,-40,163.5,8.00621033,4.13718033,4.78840351,0.01391425,-,16.07843208,0.05392044,0.79269797,0.46468499,0.4154489,27.05882454,26.66666794,-,-,55.40000153,22.31287575,14.64881134,-,1441,-,-131.2335968,36.77501678,-76.03794098,6.66666698,25.16553307,24.85484695,19.41357613
Sun Nov 26 15:19:30 EST 2017,19:30.4,-76.03792288,36.77491337,11.25,4,-39.20000076,169.5,8.08282471,4.25210238,5.28639746,0.00905159,-,16.07843208,-0.04288106,0.73412424,0.41392109,0.35297027,26.27450943,26.66666794,-,-,55.40000153,22.33577538,14.64881134,-,1432,-,-128.6089325,36.77491379,-76.03792572,6.27450991,25.16553307,24.85484695,19.41357613
Sun Nov 26 15:19:31 EST 2017,19:31.4,-76.03791332,36.77481734,11.25,3,-39.5,175,7.08683681,4.71178913,5.40131903,-0.01012165,-,15.29411793,0.02377289,0.81222248,0.41001618,0.36858991,26.27450943,26.66666794,-,-,55.40000153,22.35826683,14.64881134,-,1430,-,-129.5931702,36.77481842,-76.03791046,5.88235283,25.16553307,24.85484695,19.41357613
Sun Nov 26 15:19:32 EST 2017,19:32.4,-76.03791538,36.7747127,11.25,3,-40.09999847,181.2,6.81868649,3.83072281,4.36702394,0.01347713,-,15.68627453,0.03513415,0.80050778,0.43344569,0.39201942,25.09803963,25.09803963,-,-,55.40000153,22.37486267,14.64881134,-,1390,-,-131.561676,36.77471161,-76.03791809,5.88235283,25.16553307,24.23347664,-
Sun Nov 26 15:19:33 EST 2017,19:33.4,-76.03792836,36.77461693,11,4,-40.79999924,185.5,7.92959595,3.75410819,5.09486103,-0.03582907,-,15.68627453,0.06384199,0.86298645,0.39439651,0.38030469,25.49019623,25.88235283,-,-,55.40000153,22.39116478,14.64881134,-,1394,-,-133.8582611,36.77461624,-76.03792572,5.88235283,24.60629845,24.23347664,-
Sun Nov 26 15:19:34 EST 2017,19:34.4,-76.03795202,36.77452213,10.75,3,-40.40000153,191.3,8.31266785,4.5202527,4.94163227,0.06486721,-,15.29411793,0.03697513,0.77317333,0.47639978,0.39982924,25.09803963,25.88235283,-,-,55.40000153,22.40178299,14.64881134,-,1386,-,-132.5459442,36.77452087,-76.03794861,5.88235283,24.04706573,23.61210442,-
Sun Nov 26 15:19:35 EST 2017,19:35.4,-76.03798806,36.77443006,10.75,3,-41,196.5,7.12514448,2.48996973,5.24809027,-0.00454039,-,15.68627453,0.02199028,0.78098321,0.43344569,0.39592433,25.88235283,25.88235283,-,-,55.40000153,22.42247009,14.64881134,-,1367,-,-134.5144348,36.77442932,-76.03798676,6.27450991,24.04706573,23.61210442,-
Sun Nov 26 15:19:36 EST 2017,19:36.4,-76.03803202,36.77434185,10.75,3,-41.79999924,201.2,8.19774628,1.53228903,5.43962622,0.0133797,-,16.07843208,0.07232078,0.87860614,0.38268176,0.38030469,26.66666794,26.66666794,-,-,55.40000153,22.43255424,14.64881134,-,1370,-,-137.1390991,36.77434158,-76.03803253,6.66666698,24.04706573,23.61210442,-
Sun Nov 26 15:19:37 EST 2017,19:37.4,-76.03808167,36.77425384,10.75,4,-41.40000153,205.1,7.46990919,3.715801,5.13316822,0.05179132,-,16.47058868,-0.00376839,0.77707827,0.35534734,0.411544,26.66666794,27.05882454,-,-,55.40000153,22.44246483,14.64881134,-,1372,-,-135.8267822,36.77425385,-76.03807831,7.05882359,24.04706573,23.61210442,-
Sun Nov 26 15:19:38 EST 2017,19:38.4,-76.03814213,36.774172,10.75,4,-41.70000076,208.8,8.08282471,1.99197578,5.13316822,0.01594728,-,18.4313736,-0.01647012,0.85517663,0.18353106,0.34906533,29.41176605,29.41176605,-,-,55.40000153,22.45221329,14.64881134,-,1374,-,-136.8110199,36.77417374,-76.03813934,9.01960754,24.04706573,23.61210442,-
Sun Nov 26 15:19:39 EST 2017,19:39.4,-76.03820589,36.7740931,10.75,3,-41.90000153,212.4,7.77636719,2.94965649,4.75009632,-0.00530245,-,17.64705849,-0.05054819,0.80050778,0.22648512,0.35687518,28.62745094,28.62745094,-,-,55.40000153,22.46179962,14.64881134,-,1391,-,-137.4671936,36.77409363,-76.03820801,8.23529434,24.04706573,23.61210442,-
Sun Nov 26 15:19:40 EST 2017,19:40.4,-76.03827635,36.77401149,11,4,-41.70000076,214.5,8.46589756,1.11090958,4.90332508,0.0191625,-,17.64705849,0.01299243,0.86298645,0.17572121,0.39982924,27.05882454,27.45098114,-,-,55.40000153,22.49060631,14.64881134,-,1404,-,-136.8110199,36.7740097,-76.03827667,8.23529434,24.60629845,24.23347664,17.56830978
Sun Nov 26 15:19:41 EST 2017,19:41.4,-76.03835477,36.77393271,11,3,-41.79999924,218.1,8.1211319,1.68551803,4.8267107,-0.02044536,-,16.86274529,-0.08203125,0.78488815,0.11714748,0.36078009,27.05882454,27.45098114,-,-,55.40000153,22.50466156,14.64881134,-,1414,-,-137.1390991,36.77393341,-76.03835297,7.45098066,24.60629845,24.23347664,17.56830978
Sun Nov 26 15:19:42 EST 2017,19:42.4,-76.03843422,36.77385572,11.25,4,-42.29999924,219.5,8.31266785,3.33272886,5.47793341,0.08916777,-,15.68627453,-0.05884503,0.78488815,0.22258021,0.36858991,25.09803963,25.09803963,-,-,55.40000153,22.51849365,14.64881134,-,1403,-,-138.7795258,36.77385712,-76.03843689,6.27450991,25.16553307,24.23347664,17.56830978
Sun Nov 26 15:19:43 EST 2017,19:43.4,-76.03851621,36.77378363,11,4,-42,222.2,8.38928318,1.60890353,4.86501789,-0.01603561,-,15.68627453,-0.07152785,0.76536351,0.26553428,0.35297027,25.49019623,25.88235283,-,-,55.40000153,22.53210449,14.64881134,-,1399,-,-137.7952728,36.77378464,-76.03851318,5.88235283,24.60629845,24.23347664,-
Sun Nov 26 15:19:44 EST 2017,19:44.4,-76.03859983,36.77371874,10.75,3,-42.5,224.9,8.15943909,1.64721072,4.5202527,0.008894,-,16.07843208,0.02010725,0.83174706,0.30067852,0.40763909,25.88235283,26.27450943,-,-,55.40000153,22.5454998,14.64881134,-,1385,-,-139.4356995,36.77371979,-76.03859711,6.27450991,24.04706573,24.23347664,-
Sun Nov 26 15:19:45 EST 2017,19:45.4,-76.03869016,36.77365193,10.75,4,-41.90000153,227.1,7.58483076,2.26012635,4.36702394,-0.03098286,-,16.47058868,-0.03026606,0.80441266,0.20696054,0.39982924,26.27450943,26.66666794,-,-,55.40000153,22.56203651,14.64881134,-,1388,-,-137.4671936,36.77365112,-76.03868866,6.66666698,24.04706573,23.61210442,-
Sun Nov 26 15:19:46 EST 2017,19:46.4,-76.03877902,36.77358965,10.75,4,-42,229,8.46589756,2.22181916,5.01824665,-0.01711428,-,15.68627453,0.07354382,0.87079626,0.23429495,0.4818325,26.27450943,26.66666794,-,-,57.20000076,22.57011414,14.64881134,-,1384,-,-137.7952728,36.77359009,-76.03878021,6.27450991,24.04706573,23.61210442,-
Sun Nov 26 15:19:47 EST 2017,19:47.4,-76.03887575,36.77353122,10.75,4,-42.20000076,232.2,7.85298157,2.71981311,4.90332508,0.00531773,-,15.68627453,-0.05780798,0.80050778,0.26162934,0.32173091,25.88235283,26.27450943,-,-,57.20000076,22.58590126,14.64881134,-,1378,-,-138.4514465,36.77353287,-76.03887939,5.88235283,24.04706573,23.61210442,-
Sun Nov 26 15:19:48 EST 2017,19:48.4,-76.0389729,36.77347558,10.5,4,-41.70000076,235,8.04451752,2.45166254,4.97993946,-0.0183406,-,16.47058868,-0.07427644,0.78488815,0.15619664,0.364685,27.05882454,27.05882454,-,-,57.20000076,22.59361649,14.64881134,-,1383,-,-136.8110199,36.77347565,-76.03897095,7.05882359,23.48783112,23.61210442,-
Sun Nov 26 15:19:49 EST 2017,19:49.4,-76.03906878,36.77342169,10.5,5,-41.59999847,235.1,8.65743351,0.91937345,4.90332508,0.00601573,-,16.47058868,0.02746252,0.84346181,0.31239328,0.39592433,26.66666794,26.66666794,-,-,57.20000076,22.60121727,14.64881134,-,1379,-,-136.4829407,36.77342224,-76.03907013,6.66666698,23.48783112,23.61210442,-
Sun Nov 26 15:19:50 EST 2017,19:50.4,-76.0391752,36.77337883,10.75,4,-41.5,239,7.66144562,2.14520478,5.28639746,-0.00727338,-,16.47058868,-0.02594071,0.78098321,0.2186753,0.43887842,26.66666794,26.66666794,-,-,57.20000076,22.62065315,14.64881134,-,1384,-,-136.1548615,36.77338028,-76.03917694,6.66666698,24.04706573,24.23347664,24.34572792
Sun Nov 26 15:19:51 EST 2017,19:51.4,-76.03928371,36.77333534,10.75,4,-40.20000076,241.5,7.73806,0.68953007,4.63517427,0.01130482,-,16.47058868,-0.05297,0.82003236,-0.0234295,0.37249482,26.66666794,26.66666794,-,-,57.20000076,22.63242531,14.64881134,-,1381,-,-131.8897705,36.7733345,-76.03928375,7.05882359,24.04706573,24.23347664,24.34572792
Sun Nov 26 15:19:52 EST 2017,19:52.4,-76.03938455,36.77328743,10.75,4,-40.20000076,240,8.23605347,0.03830723,4.90332508,-0.01593699,-,17.25490189,-0.00350034,0.86689138,0.05076391,0.38811451,27.84313774,28.23529434,-,-,57.20000076,22.63952446,14.64881134,-,1384,-,-131.8897705,36.77328873,-76.03938293,7.84313726,24.04706573,23.61210442,24.34572792
Sun Nov 26 15:19:53 EST 2017,19:53.4,-76.03948665,36.77324162,10.5,4,-40.09999847,240.2,7.77636719,0.19153613,4.5202527,-0.00159768,-,17.64705849,-0.05664265,0.81222248,-0.1444819,0.35687518,28.23529434,28.62745094,-,-,57.20000076,22.64652252,14.64881134,-,1377,-,-131.561676,36.77324295,-76.03948975,8.23529434,23.48783112,23.61210442,24.34572792
Sun Nov 26 15:19:54 EST 2017,19:54.4,-76.03959625,36.77319545,10.75,4,-39.90000153,240.7,8.46589756,-1.57059634,4.13718033,-0.00722635,-,17.64705849,0.0656333,0.89813066,-0.21477039,0.4310686,28.23529434,28.62745094,-,-,57.20000076,22.66462517,14.64881134,-,1393,-,-130.9055176,36.77319717,-76.03959656,8.23529434,24.04706573,24.23347664,-
Sun Nov 26 15:19:55 EST 2017,19:55.4,-76.03970279,36.77314798,10.75,4,-39.5,240.7,7.50821638,-1.18752408,4.40533113,0.0173562,-,16.47058868,-0.0073435,0.86689138,-0.1444819,0.36078009,26.27450943,28.62745094,-,-,57.20000076,22.67567253,14.64881134,-,1406,-,-129.5931702,36.77314758,-76.03970337,7.05882359,24.04706573,24.23347664,23.96478462
Sun Nov 26 15:19:56 EST 2017,19:56.4,-76.03980817,36.77309551,10.75,4,-40.5,238.3,7.66144562,-2.18351197,4.78840351,0.01537482,-,16.07843208,-0.00417441,0.84736669,-0.17572121,0.39201942,26.66666794,26.66666794,-,-,57.20000076,22.69730949,14.64881134,-,1398,-,-132.8740234,36.77309418,-76.03981018,6.66666698,24.04706573,24.23347664,23.96478462
Sun Nov 26 15:19:57 EST 2017,19:57.4,-76.03991015,36.77304736,10.5,4,-40.79999924,236.5,8.92558384,-2.06859016,6.24407816,0.02978413,-,16.47058868,0.13427304,0.88251102,-0.37487194,0.50526196,27.05882454,27.45098114,-,-,57.20000076,22.70790291,14.64881134,-,1405,-,-133.8582611,36.7730484,-76.03990936,7.05882359,23.48783112,24.23347664,23.96478462
Sun Nov 26 15:19:58 EST 2017,19:58.4,-76.04000282,36.77295856,11,4,-40.59999847,229.3,8.04451752,-2.22181916,4.25210238,-0.02621013,-,17.25490189,-0.05738699,0.80441266,-0.21477039,0.34125552,28.23529434,28.23529434,-,-,57.20000076,22.71835327,14.64881134,-,1417,-,-133.2020874,36.77295685,-76.04000092,7.84313726,24.60629845,24.23347664,-
Sun Nov 26 15:19:59 EST 2017,19:59.4,-76.04009563,36.77289595,11,4,-40.40000153,227.8,7.85298157,-2.26012635,4.90332508,0.01404305,-,17.25490189,-0.00547765,0.81222248,-0.23429495,0.42325872,27.84313774,28.23529434,-,-,57.20000076,22.74722481,14.64881134,-,1420,-,-132.5459442,36.77289581,-76.04009247,7.84313726,24.60629845,24.85484695,23.75873756
Sun Nov 26 15:20:00 EST 2017,20:00.4,-76.0401781,36.77280992,11,4,-40.5,222.4,7.96790314,-0.9576807,3.83072281,0.0172611,-,16.47058868,-0.07040277,0.77707827,-0.13276714,0.39201942,26.66666794,27.05882454,-,-,57.20000076,22.7613678,14.64881134,-,1422,-,-132.8740234,36.77280807,-76.04017639,6.66666698,24.60629845,24.85484695,23.75873756
Sun Nov 26 15:20:01 EST 2017,20:01.4,-76.04025798,36.77273942,11,4,-40.70000076,220.5,8.81066227,-0.99598789,4.86501789,0.03064512,-,16.47058868,0.05136194,0.90984541,-0.05466883,0.42325872,26.66666794,26.66666794,-,-,57.20000076,22.77532387,14.64881134,-,1423,-,-133.5301819,36.77273941,-76.04026031,6.66666698,24.60629845,24.85484695,23.75873756
Sun Nov 26 15:20:02 EST 2017,20:02.4,-76.04033361,36.77266115,11,5,-40.90000153,218.7,7.81467438,-0.9576807,4.67348194,0.00529939,-,16.47058868,-0.01704441,0.83565199,-0.0976229,0.40763909,26.66666794,27.05882454,-,-,57.20000076,22.78498077,14.64881134,-,1415,-,-134.1863556,36.7726593,-76.04033661,6.66666698,24.60629845,24.23347664,23.75873756
Sun Nov 26 15:20:03 EST 2017,20:03.4,-76.04039023,36.77257853,11,5,-41,215.2,8.08282471,-1.11090958,4.78840351,0.00250046,-,16.47058868,-0.02671651,0.84346181,-0.10933765,0.37249482,26.66666794,27.05882454,-,-,57.20000076,22.80391502,14.64881134,-,1402,-,-134.5144348,36.77257919,-76.04039001,6.66666698,24.60629845,24.23347664,-
Sun Nov 26 15:20:04 EST 2017,20:04.4,-76.04044868,36.77248522,11,4,-40.29999924,212.1,7.66144562,-1.22583127,5.13316822,0.00953791,-,15.29411793,-0.06760832,0.8083176,-0.11714748,0.34906533,26.66666794,26.66666794,-,-,57.20000076,22.8132,14.64881134,-,1394,-,-132.2178497,36.77248383,-76.04045105,5.49019623,24.60629845,24.23347664,-
Sun Nov 26 15:20:05 EST 2017,20:05.4,-76.0405029,36.77240738,10.75,4,-40.70000076,208.6,8.23605347,-2.29843354,4.36702394,0.04847884,-,14.90196133,-0.04873388,0.81222248,-0.17962612,0.36078009,22.35294151,23.52941132,-,-,57.20000076,22.81835365,14.64881134,-,1345,-,-133.5301819,36.77240753,-76.04050446,5.09803915,24.04706573,23.61210442,-
Sun Nov 26 15:20:06 EST 2017,20:06.4,-76.04056048,36.7723303,10.5,4,-41,206.1,8.1211319,-1.76213241,5.7843914,0.05111736,-,15.29411793,-0.07993092,0.74193406,-0.22258021,0.39592433,25.09803963,25.88235283,-,-,57.20000076,22.82450676,14.64881134,-,1360,-,-134.5144348,36.77233124,-76.04055786,5.88235283,23.48783112,22.9907341,-
Sun Nov 26 15:20:07 EST 2017,20:07.4,-76.04061027,36.77224472,10.5,4,-41.09999847,203.2,8.77235508,1.8770541,4.5202527,-0.00785496,-,18.03921509,-0.03660444,0.83174706,0.14057697,0.364685,28.62745094,29.80392265,-,-,57.20000076,22.82949066,14.64881134,-,1384,-,-134.842514,36.7722435,-76.04061127,9.01960754,23.48783112,23.61210442,-
Sun Nov 26 15:20:08 EST 2017,20:08.4,-76.0406593,36.77215344,10.5,4,-41.70000076,202.9,8.15943909,3.02627087,4.86501789,0.03256672,-,17.25490189,0.00417984,0.86689138,0.19134088,0.36858991,27.45098114,27.45098114,-,-,57.20000076,22.83441544,14.64881134,-,1383,-,-136.8110199,36.77215195,-76.04065704,7.84313726,23.48783112,23.61210442,-
Sun Nov 26 15:20:09 EST 2017,20:09.4,-76.04070256,36.77207271,10.75,4,-41.70000076,204.2,7.73806,3.75410819,4.67348194,-0.02731349,-,16.86274529,-0.01484256,0.84346181,0.21477039,0.36078009,27.05882454,27.05882454,-,-,57.20000076,22.84407616,14.64881134,-,1390,-,-136.8110199,36.77207184,-76.04070282,7.05882359,24.04706573,23.61210442,-
Sun Nov 26 15:20:10 EST 2017,20:10.4,-76.0407626,36.77199069,10.75,4,-42,206.9,8.04451752,3.98395157,4.94163227,0.0398995,-,16.86274529,0.0097864,0.8083176,0.35144243,0.39201942,27.05882454,27.45098114,-,-,57.20000076,22.8526516,14.64881134,-,1384,-,-137.7952728,36.77199173,-76.04076385,7.45098066,24.04706573,24.23347664,22.03792191
Sun Nov 26 15:20:11 EST 2017,20:11.4,-76.04082144,36.77190445,11,4,-41.59999847,208.9,8.00621033,3.48595762,4.78840351,0.00077494,-,16.07843208,-0.04809248,0.77317333,0.32020313,0.35297027,26.27450943,26.66666794,-,-,57.20000076,22.86112404,14.64881134,-,1393,-,-136.4829407,36.77190399,-76.04082489,6.66666698,24.60629845,24.23347664,22.03792191
Sun Nov 26 15:20:12 EST 2017,20:12.4,-76.04089969,36.77182291,11,3,-41.79999924,217.2,8.54251194,2.9113493,4.5202527,0.03183934,-,16.47058868,0.02927279,0.87079626,0.29677361,0.36078009,26.27450943,26.66666794,-,-,57.20000076,22.87775612,14.64881134,-,1392,-,-137.1390991,36.77182388,-76.04090118,6.66666698,24.60629845,24.23347664,22.03792191
Sun Nov 26 15:20:13 EST 2017,20:13.4,-76.0409787,36.77175238,10.75,4,-42.59999847,222.6,7.92959595,2.64319873,6.09084892,0.01220236,-,16.07843208,0.04291028,0.96060938,0.17962612,0.26315722,26.66666794,26.66666794,-,-,57.20000076,22.88218117,14.64881134,-,1389,-,-139.7637787,36.7717514,-76.04097748,6.66666698,24.04706573,23.61210442,22.03792191
Sun Nov 26 15:20:14 EST 2017,20:14.4,-76.0410621,36.77168663,10.75,4,-43.09999847,223.1,6.89530087,3.63918662,5.47793341,-0.02591214,-,16.07843208,-0.01415356,0.83174706,0.34753752,0.29830143,26.66666794,26.66666794,-,-,57.20000076,22.89087105,14.64881134,-,1378,-,-141.4041901,36.77168655,-76.0410614,6.66666698,24.04706573,23.61210442,-
Sun Nov 26 15:20:15 EST 2017,20:15.4,-76.04115251,36.771617,10.75,4,-42.70000076,225.9,6.81868649,3.75410819,5.05655384,0.00003321,-,16.47058868,-0.05349378,0.69507504,0.38268176,0.4154489,26.66666794,26.66666794,-,-,55.40000153,22.89513779,14.64881134,-,1374,-,-140.0918732,36.77161789,-76.04115295,6.66666698,24.04706573,23.61210442,-
Sun Nov 26 15:20:16 EST 2017,20:16.4,-76.04124557,36.77156025,10.75,4,-42.90000153,229.8,8.19774628,4.06056595,4.55855989,0.00433305,-,16.47058868,0.04226622,0.83565199,0.41392109,0.364685,26.66666794,26.66666794,-,-,55.40000153,22.89935493,14.64881134,-,1363,-,-140.7480316,36.77156067,-76.04124451,6.66666698,24.04706573,23.61210442,-
Sun Nov 26 15:20:17 EST 2017,20:17.4,-76.04133676,36.77150031,10.75,3,-42.79999924,233,7.96790314,3.60087943,4.78840351,0.00464802,-,16.47058868,0.01656357,0.81222248,0.36706212,0.38811451,26.66666794,26.66666794,-,-,55.40000153,22.90764427,14.64881134,-,1358,-,-140.4199524,36.77149963,-76.04133606,6.66666698,24.04706573,23.61210442,-
Sun Nov 26 15:20:18 EST 2017,20:18.4,-76.04143632,36.77144353,10.75,4,-42.70000076,235.2,8.54251194,3.25611424,5.24809027,0.00080546,-,16.47058868,-0.07177439,0.73802912,0.32801294,0.35687518,26.66666794,27.05882454,-,-,55.40000153,22.91171646,14.64881134,-,1359,-,-140.0918732,36.77144241,-76.04143524,7.05882359,24.04706573,23.61210442,-
Sun Nov 26 15:20:19 EST 2017,20:19.4,-76.04154022,36.77139759,10.5,4,-43.29999924,240,7.92959595,2.68150592,4.29040956,-0.01962345,-,16.47058868,-0.01385173,0.79660285,0.30848834,0.39201942,26.66666794,26.66666794,-,-,55.40000153,22.9197216,14.64881134,-,1374,-,-142.0603638,36.77139664,-76.04154205,6.66666698,23.48783112,23.61210442,-
Sun Nov 26 15:20:20 EST 2017,20:20.4,-76.04164707,36.77134004,10.75,5,-43.29999924,240.5,8.08282471,2.68150592,4.5202527,0.0038624,-,16.47058868,-0.0038373,0.8083176,0.32801294,0.38030469,26.66666794,26.66666794,-,-,55.40000153,22.92365265,14.64881134,-,1381,-,-142.0603638,36.77133942,-76.04164886,6.66666698,24.04706573,23.61210442,-
Sun Nov 26 15:20:21 EST 2017,20:21.4,-76.04176791,36.77131252,10.75,4,-43.40000153,248,8.00621033,2.87304211,4.59686708,0.00397786,-,16.47058868,-0.05823723,0.78098321,0.1952458,0.38811451,26.66666794,27.05882454,-,-,55.40000153,22.93105316,14.64881134,-,1399,-,-142.3884583,36.77131271,-76.04177094,6.66666698,24.04706573,24.23347664,29.58229256
Sun Nov 26 15:20:22 EST 2017,20:22.4,-76.04188725,36.77128732,11,4,-43.59999847,250.3,7.35498762,2.37504816,6.05254173,0.05420665,-,16.47058868,0.17214845,0.96451426,0.30067852,0.49354723,26.66666794,27.05882454,-,-,55.40000153,22.93837166,14.64881134,-,1404,-,-143.0446167,36.77128601,-76.04188538,6.66666698,24.60629845,24.23347664,29.58229256
Sun Nov 26 15:20:23 EST 2017,20:23.4,-76.04200483,36.77125735,11,4,-43.29999924,253,6.66545773,2.98796368,4.48194551,-0.1074065,-,17.25490189,0.02001754,0.81222248,0.35534734,0.40373418,28.23529434,28.23529434,-,-,55.40000153,22.94560814,14.64881134,-,1400,-,-142.0603638,36.77125549,-76.04200745,6.66666698,24.60629845,24.23347664,29.58229256
Sun Nov 26 15:20:24 EST 2017,20:24.4,-76.04212449,36.77123776,11,4,-43.20000076,257.8,8.04451752,2.37504816,4.175488,-0.00669643,-,17.25490189,-0.05839116,0.70678979,0.34753752,0.4154489,28.23529434,28.62745094,-,-,55.40000153,22.95983696,14.64881134,-,1412,-,-141.7322846,36.77123642,-76.04212189,7.84313726,24.60629845,24.23347664,-
Sun Nov 26 15:20:25 EST 2017,20:25.4,-76.04225078,36.77121931,11.25,5,-43.20000076,259.8,7.46990919,2.79642749,5.17147589,0.00540156,-,16.07843208,0.02529947,0.80441266,0.44125551,0.35687518,26.66666794,28.23529434,-,-,55.40000153,22.96683693,14.64881134,-,1406,-,-141.7322846,36.77122116,-76.04225159,6.66666698,25.16553307,24.23347664,-
Sun Nov 26 15:20:26 EST 2017,20:26.4,-76.04238062,36.7712049,11.5,5,-43.79999924,260.4,8.46589756,0.9576807,3.94564438,-0.02360045,-,15.68627453,0.01095687,0.85908157,0.13276714,0.4154489,25.49019623,25.49019623,-,-,57.20000076,22.97375679,14.64881134,-,1404,-,-143.7007904,36.7712059,-76.04238129,6.27450991,25.72476578,24.23347664,-
Sun Nov 26 15:20:27 EST 2017,20:27.4,-76.0424999,36.77120431,11.25,5,-44,263.6,8.58081913,0.57460839,5.13316822,0.01577537,-,15.29411793,0.01469308,0.90594047,0.05466883,0.35297027,24.70588303,25.09803963,-,-,57.20000076,22.98737526,14.64881134,-,1384,-,-144.3569489,36.7712059,-76.04250336,5.49019623,25.16553307,24.23347664,-
Sun Nov 26 15:20:28 EST 2017,20:28.4,-76.04262502,36.77121223,10.75,4,-43.90000153,269.5,9.04050541,1.22583127,5.09486103,0.0134574,-,15.29411793,-0.01335672,0.89813066,0.03514424,0.30611128,23.92156982,23.92156982,-,-,57.20000076,22.9907341,14.64881134,-,1373,-,-144.0288696,36.77121353,-76.04262543,5.49019623,24.04706573,23.61210442,-
Sun Nov 26 15:20:29 EST 2017,20:29.4,-76.04274428,36.77122242,10.75,4,-44,271.3,7.27837324,-0.91937345,3.715801,-0.02064598,-,14.90196133,-0.06764918,0.85127175,-0.0234295,0.27877685,22.35294151,22.35294151,-,-,57.20000076,22.9940567,14.64881134,-,1352,-,-144.3569489,36.77122116,-76.0427475,5.09803915,24.04706573,23.61210442,-
Sun Nov 26 15:20:30 EST 2017,20:30.4,-76.04286945,36.77122197,10.5,4,-43.59999847,272.1,8.77235508,-1.60890353,5.70777702,0.01462408,-,14.90196133,0.02909492,0.86298645,0.07809832,0.45449808,21.96078491,22.35294151,-,-,57.20000076,22.99402237,14.64881134,-,1308,-,-143.0446167,36.77122116,-76.04286957,5.09803915,23.48783112,22.9907341,-
Sun Nov 26 15:20:31 EST 2017,20:31.4,-76.04298617,36.77122057,10.5,4,-43.09999847,271.1,8.23605347,0.5363012,4.94163227,0.00565271,-,14.90196133,-0.01905675,0.83955687,0.05466883,0.40373418,21.56862831,21.96078491,-,-,57.20000076,22.9940052,14.64881134,-,1318,-,-141.4041901,36.77122116,-76.04298401,5.09803915,23.48783112,22.9907341,-
Sun Nov 26 15:20:32 EST 2017,20:32.4,-76.04309858,36.7712236,10.25,4,-44.20000076,270.8,8.04451752,3.29442143,5.59285498,0.04906712,-,14.90196133,0.03589297,0.84346181,0.27334413,0.43497351,23.92156982,25.49019623,-,-,57.20000076,22.9907341,14.64881134,-,1308,-,-145.0131226,36.77122498,-76.04309845,4.70588255,22.9285965,22.36936378,-
Sun Nov 26 15:20:33 EST 2017,20:33.4,-76.04320812,36.77122672,10,4,-44.29999924,271.3,6.24407816,6.01423454,4.48194551,0.01191037,-,16.47058868,-0.01047665,0.67555046,0.54668826,0.37249482,26.66666794,26.66666794,-,-,57.20000076,22.98429298,14.64881134,-,1329,-,-145.3412018,36.77122498,-76.04320526,6.66666698,22.36936378,22.36936378,-
Sun Nov 26 15:20:34 EST 2017,20:34.4,-76.04332123,36.77125032,10.25,3,-43.79999924,278,4.97993946,6.24407816,4.48194551,-0.05099135,-,15.29411793,-0.0147341,0.57402265,0.66774058,0.34125552,25.49019623,25.09803963,-,-,57.20000076,22.98112488,14.64881134,-,1300,-,-143.7007904,36.77125168,-76.0433197,5.88235283,22.9285965,22.36936378,-
Sun Nov 26 15:20:35 EST 2017,20:35.4,-76.04343371,36.77126072,10.25,4,-44.40000153,281,6.12915611,5.70777702,4.32871675,0.02966452,-,18.03921509,-0.03210882,0.60526198,0.62869149,0.317826,29.41176605,29.41176605,-,-,55.40000153,22.97480011,14.64881134,-,1300,-,-145.6692963,36.77125931,-76.04343414,9.01960754,22.9285965,21.74799156,-
Sun Nov 26 15:20:36 EST 2017,20:36.4,-76.04354725,36.77128575,10.5,4,-44.09999847,288.1,7.431602,4.8267107,4.175488,0.00638937,-,16.86274529,-0.00614529,0.72631437,0.54278332,0.30611128,27.45098114,27.45098114,-,-,55.40000153,22.96865463,14.64881134,-,1319,-,-144.6850281,36.77128601,-76.04354858,7.45098066,23.48783112,22.36936378,21.31672287
Sun Nov 26 15:20:37 EST 2017,20:37.4,-76.0436354,36.77132644,9.75,4,-43.70000076,295.2,7.92959595,1.60890353,4.59686708,0.00920748,-,16.86274529,0.01545222,0.8747012,0.17572121,0.3842096,27.45098114,27.45098114,-,-,55.40000153,22.96876526,14.64881134,-,1335,-,-143.3727112,36.77132797,-76.04363251,7.45098066,21.81012726,22.9907341,21.31672287
Sun Nov 26 15:20:38 EST 2017,20:38.4,-76.04374112,36.77139015,10.5,4,-43.59999847,303.2,7.81467438,1.72382522,4.63517427,0.00711588,-,16.86274529,-0.05696622,0.79660285,0.17572121,0.37249482,25.49019623,25.09803963,-,-,55.40000153,22.97199821,14.64881134,-,1352,-,-143.0446167,36.77138901,-76.04373932,7.45098066,23.48783112,23.61210442,39.86406708
Sun Nov 26 15:20:39 EST 2017,20:39.4,-76.0438318,36.77144426,10.5,4,-44,305.3,9.04050541,1.11090958,3.94564438,0.03678536,-,15.29411793,0.0122088,0.92156017,0.11324256,0.30220634,25.09803963,25.49019623,-,-,55.40000153,22.97527695,14.64881134,-,1351,-,-144.3569489,36.77144241,-76.04383087,5.88235283,23.48783112,22.9907341,39.86406708
Sun Nov 26 15:20:40 EST 2017,20:40.4,-76.04392582,36.7715037,10.5,4,-44.09999847,307.2,8.00621033,1.45567465,4.75009632,-0.00331691,-,15.68627453,-0.04968078,0.83174706,0.1718163,0.32563588,26.27450943,26.27450943,-,-,55.40000153,22.97535324,14.64881134,-,1336,-,-144.6850281,36.77150345,-76.04392242,5.88235283,23.48783112,22.9907341,39.86406708
Sun Nov 26 15:20:41 EST 2017,20:41.4,-76.04401473,36.77156364,10.5,4,-44.09999847,308.8,8.31266785,2.56658411,5.28639746,0.00874681,-,16.07843208,0.00785042,0.86689138,0.19134088,0.37639979,25.49019623,25.49019623,-,-,55.40000153,22.97542953,14.64881134,-,1331,-,-144.6850281,36.77156448,-76.04401398,6.66666698,23.48783112,22.9907341,-
Sun Nov 26 15:20:42 EST 2017,20:42.4,-76.0440991,36.77162958,10.25,5,-44,310.9,8.46589756,2.83473492,4.55855989,0.01951168,-,15.68627453,-0.06764105,0.76536351,0.28505886,0.34906533,26.27450943,25.49019623,-,-,55.40000153,22.97550392,14.64881134,-,1323,-,-144.3569489,36.77162933,-76.0440979,5.88235283,22.9285965,22.9907341,-
Sun Nov 26 15:20:43 EST 2017,20:43.4,-76.04418382,36.77169801,10.25,4,-43.70000076,312.1,8.46589756,3.67749381,5.24809027,0.10134524,-,16.86274529,0.02234853,0.78488815,0.45297024,0.37249482,26.66666794,27.05882454,-,-,55.40000153,22.97254562,14.64881134,-,1327,-,-143.3727112,36.771698,-76.04418182,7.05882359,22.9285965,22.36936378,-
Sun Nov 26 15:20:44 EST 2017,20:44.4,-76.04424477,36.77179131,10.25,4,-42.40000153,318.4,7.31668043,4.48194551,4.21379519,-0.00386705,-,16.47058868,-0.05355019,0.73802912,0.35144243,0.37639979,26.27450943,26.66666794,-,-,55.40000153,22.96972084,14.64881134,-,1316,-,-139.1076202,36.77178955,-76.04424286,7.05882359,22.9285965,22.36936378,-
Sun Nov 26 15:20:45 EST 2017,20:45.4,-76.04431212,36.77185312,9.5,4,-42.70000076,319,6.93360806,5.17147589,4.44363832,0.00603182,-,15.68627453,-0.02469612,0.59745216,0.58964235,0.39592433,25.09803963,25.09803963,-,-,55.40000153,22.96683693,14.64881134,-,1309,-,-140.0918732,36.7718544,-76.04431152,5.88235283,21.25089455,22.36936378,-
Sun Nov 26 15:20:46 EST 2017,20:46.4,-76.04439341,36.77191052,9.5,5,-42.90000153,315.5,6.81868649,4.40533113,4.44363832,0.01360802,-,15.68627453,-0.05629495,0.69507504,0.44906533,0.35297027,25.49019623,25.49019623,-,-,55.40000153,22.96397781,14.64881134,-,1306,-,-140.7480316,36.77191162,-76.04439545,5.88235283,21.25089455,22.36936378,-
Sun Nov 26 15:20:47 EST 2017,20:47.4,-76.0444177,36.77201592,10,4,-43.5,335,5.70777702,5.97592735,4.71178913,-0.01130629,-,15.68627453,0.01702876,0.62869149,0.64431113,0.37249482,25.49019623,25.49019623,-,-,55.40000153,22.9581871,14.64881134,-,1304,-,-142.7165375,36.77201462,-76.04441833,5.88235283,22.36936378,21.74799156,-
Sun Nov 26 15:20:48 EST 2017,20:48.4,-76.04445261,36.77210156,10,4,-43.70000076,340.5,6.20577097,4.71178913,4.09887314,-0.02868317,-,16.07843208,-0.03834819,0.65993077,0.51154399,0.37639979,25.88235283,26.27450943,-,-,55.40000153,22.9524498,14.64881134,-,1277,-,-143.3727112,36.77210236,-76.04444885,5.88235283,22.36936378,21.74799156,-
Sun Nov 26 15:20:49 EST 2017,20:49.4,-76.04447111,36.77218673,9.5,4,-44,349.6,7.24006605,4.02225876,3.83072281,0.0033035,-,16.07843208,-0.00314061,0.77707827,0.51544887,0.25144243,26.27450943,26.27450943,-,-,55.40000153,22.94676971,14.64881134,-,1268,-,-144.3569489,36.77218628,-76.04447174,6.27450991,21.25089455,21.74799156,-
Sun Nov 26 15:20:50 EST 2017,20:50.4,-76.04447218,36.77226945,9.5,4,-45.09999847,355.6,7.27837324,4.59686708,4.94163227,-0.00328889,-,16.86274529,-0.03474513,0.71850449,0.47639978,0.3334457,27.45098114,26.27450943,-,-,55.40000153,22.94676971,14.64881134,-,1288,-,-147.9658814,36.7722702,-76.04447174,7.05882359,21.25089455,21.74799156,-
Sun Nov 26 15:20:51 EST 2017,20:51.4,-76.04446284,36.77236894,10.25,4,-45.40000153,1,6.70376492,5.5162406,4.32871675,0.00787711,-,15.68627453,-0.01078509,0.68336034,0.56230789,0.34125552,25.88235283,25.88235283,-,-,55.40000153,22.94114113,14.64881134,-,1288,-,-148.9501343,36.77236938,-76.04446411,6.27450991,22.9285965,21.74799156,-
Sun Nov 26 15:20:52 EST 2017,20:52.4,-76.04444428,36.77246016,10.25,4,-45.5,9,5.97592735,6.01423454,3.63918662,0.00396902,-,15.68627453,-0.05916933,0.60916686,0.6130718,0.27096704,25.49019623,25.88235283,-,-,55.40000153,22.93847084,14.64881134,-,1288,-,-149.2782135,36.77246094,-76.04444122,5.88235283,22.9285965,22.36936378,27.7928791
Sun Nov 26 15:20:53 EST 2017,20:53.4,-76.04440518,36.77255374,10.25,4,-45.79999924,16.5,5.40131903,5.66946983,3.48595762,-0.01844072,-,15.68627453,-0.12595965,0.55059314,0.57792759,0.25534737,25.49019623,25.88235283,-,-,55.40000153,22.93319893,14.64881134,-,1294,-,-150.2624664,36.77255249,-76.04440308,6.27450991,22.9285965,22.36936378,27.7928791
Sun Nov 26 15:20:54 EST 2017,20:54.4,-76.04435339,36.77265174,10.25,4,-46,23.5,7.27837324,2.9113493,4.86501789,-0.0258326,-,15.68627453,-0.06716654,0.72631437,0.32801294,0.3842096,25.88235283,25.88235283,-,-,55.40000153,22.93060112,14.64881134,-,1295,-,-150.9186401,36.77265167,-76.04434967,6.27450991,22.9285965,22.36936378,27.7928791
Sun Nov 26 15:20:55 EST 2017,20:55.4,-76.04429676,36.7727412,10,3,-46.90000153,29.1,8.08282471,1.68551803,5.24809027,0.01629138,-,15.68627453,-0.00236792,0.82393724,0.1718163,0.43497351,29.01960754,29.01960754,-,-,55.40000153,22.9280262,14.64881134,-,1331,-,-153.8713989,36.77273941,-76.04429626,6.27450991,22.36936378,22.36936378,-
Sun Nov 26 15:20:56 EST 2017,20:56.4,-76.04423076,36.77281913,10.25,4,-47.09999847,32.2,8.04451752,0.65122288,3.98395157,0.00673866,-,17.64705849,-0.02250825,0.87079626,0.04295408,0.34125552,28.23529434,28.62745094,-,-,55.40000153,22.9280262,14.64881134,-,1329,-,-154.5275574,36.77281952,-76.0442276,8.23529434,22.9285965,22.36936378,-
Sun Nov 26 15:20:57 EST 2017,20:57.4,-76.04416321,36.77289491,10.25,5,-46.59999847,32.9,8.23605347,-0.57460839,3.94564438,0.00722622,-,16.07843208,-0.04120857,0.82393724,-0.26162934,0.31392109,27.84313774,27.84313774,-,-,55.40000153,22.9285984,14.64881134,-,1329,-,-152.8871307,36.77289581,-76.04416656,6.66666698,22.9285965,22.9907341,28.5855484
Sun Nov 26 15:20:58 EST 2017,20:58.4,-76.04409593,36.77296954,10.5,4,-45.5,34.4,8.15943909,-0.80445176,4.63517427,-0.00211896,-,16.47058868,-0.01541569,0.85517663,-0.22258021,0.3334457,26.66666794,26.66666794,-,-,55.40000153,22.92887688,14.64881134,-,1339,-,-149.2782135,36.77296829,-76.0440979,6.66666698,23.48783112,22.9907341,28.5855484
Sun Nov 26 15:20:59 EST 2017,20:59.4,-76.04403985,36.77305227,10.5,4,-45.59999847,31.8,8.08282471,-1.53228903,4.09887314,-0.04406428,-,16.47058868,-0.02558824,0.85127175,-0.19915071,0.32954079,26.66666794,26.66666794,-,-,55.40000153,22.92915726,14.64881134,-,1338,-,-149.6062927,36.77305222,-76.04403687,6.66666698,23.48783112,22.9907341,28.5855484
Sun Nov 26 15:21:00 EST 2017,21:00.4,-76.04398377,36.77313519,10.5,4,-46.09999847,29.6,8.1211319,-0.91937345,5.24809027,-0.00211,-,16.47058868,0.01355709,0.82784218,-0.1952458,0.45059317,26.66666794,26.66666794,-,-,55.40000153,22.92943192,14.64881134,-,1335,-,-151.2467194,36.77313614,-76.04398346,6.66666698,23.48783112,22.9907341,-
Sun Nov 26 15:21:01 EST 2017,21:01.4,-76.0439283,36.77321411,10.25,4,-46.59999847,28.5,8.46589756,-1.41736746,4.59686708,0.01974208,-,16.47058868,-0.00708992,0.86298645,-0.1444819,0.36858991,26.66666794,26.66666794,-,-,55.40000153,22.93247986,14.64881134,-,1339,-,-152.8871307,36.77321243,-76.04393005,6.66666698,22.9285965,23.61210442,21.49150085
Sun Nov 26 15:21:02 EST 2017,21:02.4,-76.04387374,36.77329619,10.5,3,-45.70000076,25.9,8.31266785,-1.37906015,4.8267107,0.01661882,-,16.86274529,0.05070138,0.91765523,-0.08590815,0.40373418,27.45098114,27.84313774,-,-,55.40000153,22.9355011,14.64881134,-,1359,-,-149.9343872,36.77329636,-76.04387665,7.45098066,23.48783112,23.61210442,21.49150085
Sun Nov 26 15:21:03 EST 2017,21:03.4,-76.04382444,36.7733878,10.75,3,-45.09999847,23.5,8.6957407,-0.99598789,4.59686708,0.02865665,-,16.86274529,0.06878598,0.91375035,-0.05857374,0.45059317,27.45098114,27.45098114,-,-,55.40000153,22.94146156,14.64881134,-,1368,-,-147.9658814,36.77338791,-76.04382324,7.45098066,24.04706573,23.61210442,21.49150085
Sun Nov 26 15:21:04 EST 2017,21:04.4,-76.04377908,36.77347623,10.5,3,-44.70000076,22.4,9.00219822,-1.83874691,3.10288548,-0.0047978,-,16.86274529,-0.11755917,0.74193406,-0.02733441,0.37639979,27.05882454,27.05882454,-,-,55.40000153,22.94440269,14.64881134,-,1365,-,-146.6535492,36.77347565,-76.04377747,7.05882359,23.48783112,23.61210442,-
Sun Nov 26 15:21:05 EST 2017,21:05.4,-76.04373176,36.77356227,10.5,4,-44.59999847,21.2,8.92558384,-1.53228903,5.05655384,0.0109865,-,16.47058868,0.05767084,0.90984541,-0.15619664,0.4154489,27.05882454,27.05882454,-,-,55.40000153,22.94731903,14.64881134,-,1369,-,-146.3254547,36.77356339,-76.04373169,7.05882359,23.48783112,23.61210442,-
Sun Nov 26 15:21:06 EST 2017,21:06.4,-76.04369067,36.77365427,10.75,4,-44.5,18.9,8.38928318,-1.68551803,4.32871675,0.00591227,-,16.47058868,-0.02214143,0.85517663,-0.1718163,0.34125552,27.05882454,27.45098114,-,-,55.40000153,22.95021057,14.64881134,-,1369,-,-145.9973755,36.77365494,-76.04369354,7.05882359,24.04706573,23.61210442,-
Sun Nov 26 15:21:07 EST 2017,21:07.4,-76.04365408,36.7737473,10.75,4,-44.5,17.3,8.27436066,-1.41736746,4.40533113,-0.01458263,-,16.47058868,-0.01697451,0.82784218,-0.13667206,0.411544,27.05882454,27.45098114,-,-,55.40000153,22.9530735,14.64881134,-,1366,-,-145.9973755,36.77374649,-76.0436554,7.05882359,24.04706573,23.61210442,-
Sun Nov 26 15:21:08 EST 2017,21:08.4,-76.04362467,36.77384252,10.75,4,-44.70000076,14.8,8.19774628,-1.49398184,4.90332508,0.01041339,-,16.47058868,-0.02594076,0.84346181,-0.15619664,0.36078009,27.05882454,27.45098114,-,-,55.40000153,22.95591545,14.64881134,-,1367,-,-146.6535492,36.77384186,-76.04362488,7.05882359,24.04706573,23.61210442,-
Sun Nov 26 15:21:09 EST 2017,21:09.4,-76.0435933,36.77393766,10.75,3,-43.90000153,12.6,8.27436066,-1.76213241,4.06056595,0.03006642,-,16.47058868,-0.0996708,0.78488815,-0.11324256,0.32563588,27.05882454,27.45098114,-,-,55.40000153,22.9587326,14.64881134,-,1364,-,-144.0288696,36.77393723,-76.04359436,7.05882359,24.04706573,23.61210442,-
Sun Nov 26 15:21:10 EST 2017,21:10.4,-76.04357559,36.7740297,10.5,3,-43.79999924,10,7.27837324,-0.45968673,3.98395157,0.04014426,-,16.47058868,-0.01506707,0.86689138,-0.14057697,0.34516042,27.05882454,27.45098114,-,-,55.40000153,22.96152496,14.64881134,-,1358,-,-143.7007904,36.77402878,-76.0435791,7.05882359,23.48783112,23.61210442,-
Sun Nov 26 15:21:11 EST 2017,21:11.4,-76.0435583,36.77412273,10.5,4,-43.70000076,8.7,8.31266785,-1.53228903,5.09486103,0.02505964,-,16.86274529,0.00699463,0.86689138,-0.14057697,0.39201942,27.45098114,27.45098114,-,-,55.40000153,22.96164703,14.64881134,-,1348,-,-143.3727112,36.77412415,-76.04355621,7.45098066,23.48783112,22.9907341,-
Sun Nov 26 15:21:12 EST 2017,21:12.4,-76.04354567,36.77421793,10.25,4,-43.70000076,5.4,8.35097599,-0.38307226,5.05655384,0.00489491,-,16.86274529,-0.09059008,0.78879303,-0.14057697,0.32954079,27.84313774,28.23529434,-,-,55.40000153,22.96177101,14.64881134,-,1338,-,-143.3727112,36.77421951,-76.04354858,7.45098066,22.9285965,22.9907341,-
Sun Nov 26 15:21:13 EST 2017,21:13.4,-76.04354042,36.77431172,10.25,4,-43.40000153,4,8.50420475,-0.49799395,4.94163227,0.0058282,-,17.64705849,-0.03213246,0.82784218,0.03123933,0.39982924,29.01960754,29.01960754,-,-,55.40000153,22.95927238,14.64881134,-,1307,-,-142.3884583,36.77431107,-76.04354095,8.23529434,22.9285965,22.36936378,-
Sun Nov 26 15:21:14 EST 2017,21:14.4,-76.04353754,36.77439791,10,4,-43.5,3.5,8.77235508,0.57460839,4.5202527,0.00308976,-,17.64705849,-0.0198425,0.85908157,0.07809832,0.364685,29.01960754,29.01960754,-,-,55.40000153,22.95679283,14.64881134,-,1297,-,-142.7165375,36.7743988,-76.04354095,8.23529434,22.36936378,22.36936378,-
Sun Nov 26 15:21:15 EST 2017,21:15.4,-76.04353063,36.77448453,9.75,4,-43.5,2.3,8.31266785,1.34075296,4.21379519,-0.00740936,-,18.4313736,-0.03084051,0.85127175,0.09371798,0.35297027,30.58823586,30.98039246,-,-,55.40000153,22.95189857,14.64881134,-,1297,-,-142.7165375,36.77448273,-76.04353333,9.4117651,21.81012726,22.36936378,-
Sun Nov 26 15:21:16 EST 2017,21:16.4,-76.04352319,36.77457065,9.75,4,-44,2.5,8.38928318,1.64721072,4.55855989,0.00050398,-,19.6078434,-0.08374495,0.82393724,0.16791138,0.26315722,32.54901886,32.94117737,-,-,55.40000153,22.94948006,14.64881134,-,1312,-,-144.3569489,36.77457047,-76.0435257,10.58823586,21.81012726,22.36936378,-
Sun Nov 26 15:21:17 EST 2017,21:17.4,-76.0435177,36.77465722,9.75,5,-44.09999847,3.3,8.15943909,2.10689759,4.48194551,-0.01130684,-,18.8235302,0.02675685,0.84736669,0.19134088,0.44668823,32.54901886,32.54901886,-,-,55.40000153,22.94965172,14.64881134,-,1339,-,-144.6850281,36.7746582,-76.04351807,10.1960783,21.81012726,22.9907341,-
Sun Nov 26 15:21:18 EST 2017,21:18.4,-76.04351148,36.77473469,9.5,5,-44.70000076,4,8.04451752,1.72382522,4.78840351,-0.03728595,-,18.03921509,-0.01461021,0.87860614,0.19134088,0.30220634,29.80392265,29.80392265,-,-,55.40000153,22.94981956,14.64881134,-,1343,-,-146.6535492,36.7747345,-76.04351044,9.01960754,21.25089455,22.9907341,18.60294342
Sun Nov 26 15:21:19 EST 2017,21:19.4,-76.04347836,36.77484358,10.75,4,-44.29999924,10,8.1211319,1.76213241,4.48194551,-0.0167394,-,18.03921509,-0.03721436,0.82784218,0.17962612,0.35687518,29.01960754,29.41176605,-,-,55.40000153,22.94998741,14.64881134,-,1355,-,-145.3412018,36.77484512,-76.04347992,8.62745094,24.04706573,22.9907341,18.60294342
Sun Nov 26 15:21:20 EST 2017,21:20.4,-76.04345159,36.77493695,10.75,5,-44.29999924,10.1,8.42759037,1.83874691,4.75009632,0.00899373,-,17.64705849,0.00414188,0.85908157,0.18743597,0.3842096,29.01960754,29.01960754,-,-,55.40000153,22.95537186,14.64881134,-,1365,-,-145.3412018,36.77493668,-76.0434494,8.23529434,24.04706573,23.61210442,19.89991188
Sun Nov 26 15:21:21 EST 2017,21:21.4,-76.04342325,36.77503078,10.5,5,-44.40000153,11.9,7.77636719,1.26413846,4.29040956,-0.00355972,-,16.47058868,-0.08521996,0.79269797,0.12886222,0.33735061,28.23529434,28.23529434,-,-,55.40000153,22.9580307,14.64881134,-,1377,-,-145.6692963,36.77503204,-76.04342651,7.05882359,23.48783112,23.61210442,19.89991188
Sun Nov 26 15:21:22 EST 2017,21:22.4,-76.04339239,36.77512771,10.75,5,-44.29999924,15.2,7.92959595,1.57059634,5.36301184,0.0134785,-,16.07843208,-0.01078509,0.8083176,0.16010156,0.44668823,26.27450943,26.66666794,-,-,55.40000153,22.96567917,14.64881134,-,1377,-,-145.3412018,36.77512741,-76.043396,6.66666698,24.04706573,24.85484695,64.21022797
Sun Nov 26 15:21:23 EST 2017,21:23.4,-76.04335445,36.77521187,10.5,5,-44.20000076,17.5,8.15943909,2.26012635,4.78840351,0.00294635,-,16.47058868,-0.02809704,0.82393724,0.1952458,0.37639979,26.66666794,26.66666794,-,-,55.40000153,22.97084999,14.64881134,-,1365,-,-145.0131226,36.77521133,-76.04335785,6.66666698,23.48783112,23.61210442,64.21022797
Sun Nov 26 15:21:24 EST 2017,21:24.4,-76.04332306,36.77529551,10.25,5,-44.40000153,19,8.84896946,2.10689759,5.20978308,0.08756369,-,16.07843208,-0.03433423,0.80050778,0.20305562,0.39982924,26.27450943,26.27450943,-,-,55.40000153,22.97340393,14.64881134,-,1359,-,-145.6692963,36.77529526,-76.0433197,6.66666698,22.9285965,23.61210442,64.21022797
Sun Nov 26 15:21:25 EST 2017,21:25.4,-76.04328487,36.77537554,10.25,6,-44.5,19.5,7.24006605,2.26012635,4.67348194,-0.00871858,-,16.07843208,-0.04830891,0.78098321,0.23039004,0.39201942,26.27450943,26.27450943,-,-,55.40000153,22.9759388,14.64881134,-,1356,-,-145.9973755,36.77537537,-76.04328156,6.27450991,22.9285965,23.61210442,64.21022797
Sun Nov 26 15:21:26 EST 2017,21:26.4,-76.04323441,36.77546369,10.25,5,-44.20000076,21.9,7.58483076,2.26012635,4.55855989,0.0062377,-,16.07843208,-0.10264161,0.77707827,0.1718163,0.31392109,26.27450943,26.27450943,-,-,55.40000153,22.97599792,14.64881134,-,1343,-,-145.0131226,36.7754631,-76.04323578,6.27450991,22.9285965,22.9907341,-
Sun Nov 26 15:21:27 EST 2017,21:27.4,-76.04318074,36.77556421,10.25,5,-44.40000153,25,8.27436066,2.06859016,4.59686708,0.00579806,-,16.07843208,-0.04214003,0.78879303,0.1444819,0.42325872,26.27450943,26.66666794,-,-,55.40000153,22.97611427,14.64881134,-,1335,-,-145.6692963,36.7755661,-76.04318237,6.27450991,22.9285965,22.9907341,-
Sun Nov 26 15:21:28 EST 2017,21:28.4,-76.04312729,36.77564005,10.25,5,-44.20000076,26.9,7.69975281,1.18752408,4.29040956,-0.07436967,-,16.86274529,0.02128084,0.87860614,0.19915071,0.38030469,26.27450943,26.66666794,-,-,55.40000153,22.97617149,14.64881134,-,1336,-,-145.0131226,36.77563858,-76.04312897,7.45098066,22.9285965,22.9907341,-
Sun Nov 26 15:21:29 EST 2017,21:29.4,-76.04308022,36.77571625,10.25,5,-44.09999847,28.1,7.96790314,2.37504816,4.8267107,0.00101098,-,16.86274529,-0.04186129,0.82784218,0.16400647,0.35297027,27.45098114,27.84313774,-,-,55.40000153,22.97622681,14.64881134,-,1337,-,-144.6850281,36.77571487,-76.04308319,7.45098066,22.9285965,22.9907341,-
Sun Nov 26 15:21:30 EST 2017,21:30.4,-76.04301151,36.77580472,10.5,5,-44.09999847,30.5,8.04451752,2.68150592,4.8267107,0.01224274,-,16.86274529,0.04642306,0.90984541,0.02733441,0.4154489,27.45098114,27.84313774,-,-,55.40000153,22.97633934,14.64881134,-,1341,-,-144.6850281,36.77580643,-76.04301453,7.45098066,23.48783112,22.9907341,-
Sun Nov 26 15:21:31 EST 2017,21:31.4,-76.04295084,36.77587473,10.25,5,-43.79999924,31.8,8.50420475,0.68953007,4.44363832,0.01545061,-,16.86274529,-0.03143121,0.84346181,0.1444819,0.35297027,27.45098114,27.45098114,-,-,55.40000153,22.97878456,14.64881134,-,1351,-,-143.7007904,36.77587509,-76.04295349,7.45098066,22.9285965,23.61210442,20.42903519
Sun Nov 26 15:21:32 EST 2017,21:32.4,-76.04288505,36.77596286,10.5,4,-44,34.2,7.39329481,1.34075296,4.63517427,-0.0810461,-,16.86274529,-0.00554669,0.87860614,0.01952458,0.364685,27.45098114,27.45098114,-,-,55.40000153,22.98121071,14.64881134,-,1358,-,-144.3569489,36.77596283,-76.04288483,7.45098066,23.48783112,23.61210442,20.42903519
Sun Nov 26 15:21:33 EST 2017,21:33.4,-76.04281878,36.77602919,10.5,4,-43.40000153,36.2,8.35097599,0.8810662,4.29040956,0.02000915,-,16.86274529,-0.02006053,0.82784218,0.12886222,0.40763909,27.45098114,27.45098114,-,-,55.40000153,22.9860096,14.64881134,-,1377,-,-142.3884583,36.77602768,-76.04281616,7.05882359,23.48783112,23.61210442,20.42903519
Sun Nov 26 15:21:34 EST 2017,21:34.4,-76.04273064,36.77611247,10.75,4,-41.59999847,39.8,8.27436066,1.57059634,4.63517427,0.00727226,-,16.86274529,0.003815,0.83565199,0.23429495,0.40373418,27.45098114,27.45098114,-,-,55.40000153,22.98838043,14.64881134,-,1386,-,-136.4829407,36.7761116,-76.04273224,7.45098066,24.04706573,23.61210442,20.42903519
Sun Nov 26 15:21:35 EST 2017,21:35.4,-76.0426521,36.77618818,10.75,4,-41.20000076,39.2,8.31266785,2.48996973,4.75009632,0.02303033,-,16.86274529,0.0463502,0.86689138,0.30458343,0.39982924,27.45098114,27.45098114,-,-,55.40000153,22.99307823,14.64881134,-,1395,-,-135.1706085,36.7761879,-76.04264832,7.05882359,24.04706573,24.23347664,-
Sun Nov 26 15:21:36 EST 2017,21:36.4,-76.04257254,36.77626595,11,4,-41,41,8.1211319,2.98796368,4.63517427,0.00007859,-,16.47058868,-0.04045292,0.77707827,0.34363261,0.34516042,27.45098114,27.45098114,-,-,55.40000153,23.00237083,14.64881134,-,1404,-,-134.5144348,36.77626419,-76.04257202,7.05882359,24.60629845,24.23347664,20.6389904
Sun Nov 26 15:21:37 EST 2017,21:37.4,-76.04247854,36.77634108,11.25,4,-40.90000153,44.4,7.66144562,2.22181916,4.67348194,0.01191049,-,15.29411793,-0.00986001,0.82393724,0.23429495,0.39592433,27.45098114,27.05882454,-,-,55.40000153,23.00696373,14.64881134,-,1399,-,-134.1863556,36.77634048,-76.04248047,5.49019623,25.16553307,24.23347664,20.6389904
Sun Nov 26 15:21:38 EST 2017,21:38.4,-76.04238923,36.77641195,11,4,-41.40000153,46.4,8.08282471,2.83473492,4.97993946,0.01155887,-,16.47058868,-0.00989088,0.83565199,0.26943922,0.35687518,26.66666794,27.05882454,-,-,55.40000153,23.0115242,14.64881134,-,1384,-,-135.8267822,36.77641296,-76.04238892,6.66666698,24.60629845,24.23347664,20.6389904
Sun Nov 26 15:21:39 EST 2017,21:39.4,-76.04229203,36.77647698,11.25,4,-41,51.1,8.38928318,2.98796368,4.40533113,-0.00864991,-,16.47058868,-0.06679859,0.73802912,0.28896379,0.39201942,26.66666794,26.66666794,-,-,55.40000153,23.01595688,14.64881134,-,1387,-,-134.5144348,36.77647781,-76.04228973,6.66666698,25.16553307,23.61210442,-
Sun Nov 26 15:21:40 EST 2017,21:40.4,-76.04219229,36.77654113,11,4,-40.70000076,53.5,7.96790314,1.8770541,5.01824665,-0.0186521,-,16.47058868,-0.14088248,0.7302193,0.15229172,0.32563588,26.66666794,26.66666794,-,-,55.40000153,23.01814651,14.64881134,-,1383,-,-133.5301819,36.77654266,-76.04219055,6.66666698,24.60629845,23.61210442,-
Sun Nov 26 15:21:41 EST 2017,21:41.4,-76.04209438,36.77659426,10.75,4,-40.79999924,56,7.96790314,2.52827692,4.86501789,0.00098765,-,16.47058868,0.01968086,0.83565199,0.28115395,0.411544,26.66666794,27.05882454,-,-,55.40000153,23.0203228,14.64881134,-,1390,-,-133.8582611,36.77659607,-76.04209137,6.66666698,24.04706573,23.61210442,-
Sun Nov 26 15:21:42 EST 2017,21:42.4,-76.04200058,36.77663935,10.5,5,-40.90000153,57.3,7.96790314,2.52827692,4.8267107,-0.01800129,-,16.47058868,-0.0703289,0.76926845,0.20305562,0.38030469,26.66666794,26.66666794,-,-,55.40000153,23.02462769,14.64881134,-,1387,-,-134.1863556,36.77663803,-76.04199982,6.66666698,23.48783112,23.61210442,-
Sun Nov 26 15:21:43 EST 2017,21:43.4,-76.04188635,36.77668158,10.75,4,-40.79999924,62.5,7.31668043,2.9113493,4.94163227,0.00177423,-,16.47058868,-0.02408615,0.80050778,0.33582276,0.34516042,26.66666794,27.05882454,-,-,55.40000153,23.02900887,14.64881134,-,1388,-,-133.8582611,36.77667999,-76.04188538,6.66666698,24.04706573,24.23347664,20.88684654
Sun Nov 26 15:21:44 EST 2017,21:44.4,-76.04177825,36.77672583,11,4,-40.59999847,63.2,7.77636719,3.29442143,4.55855989,0.00198226,-,16.07843208,-0.03154932,0.81612742,0.24991462,0.35687518,26.27450943,26.27450943,-,-,55.40000153,23.03111267,14.64881134,-,1395,-,-133.2020874,36.77672577,-76.04177856,6.66666698,24.60629845,23.61210442,20.88684654
Sun Nov 26 15:21:45 EST 2017,21:45.4,-76.04166069,36.77675459,10.75,4,-40.29999924,70,8.46589756,2.7581203,4.75009632,0.00661104,-,16.07843208,0.02906528,0.86298645,0.28115395,0.3842096,26.27450943,26.66666794,-,-,55.40000153,23.03973198,14.64881134,-,1389,-,-132.2178497,36.77675629,-76.04166412,6.27450991,24.04706573,24.23347664,20.88684654
Sun Nov 26 15:21:46 EST 2017,21:46.4,-76.04155667,36.77677515,10.5,4,-39.79999924,75,8.04451752,2.71981311,4.75009632,0.01086528,-,16.07843208,-0.03984885,0.78098321,0.29677361,0.37249482,26.27450943,26.66666794,-,-,55.40000153,23.04177475,14.64881134,-,1384,-,-130.5774231,36.77677536,-76.04155731,6.27450991,23.48783112,23.61210442,20.88684654
Sun Nov 26 15:21:47 EST 2017,21:47.4,-76.04143697,36.7768016,10.75,3,-39.59999847,76.5,7.54652357,2.56658411,5.01824665,-0.021133,-,16.07843208,-0.07738046,0.8083176,0.2186753,0.28658667,26.27450943,26.27450943,-,-,55.40000153,23.04380608,14.64881134,-,1385,-,-129.9212494,36.77680206,-76.04143524,6.27450991,24.04706573,23.61210442,-
Sun Nov 26 15:21:48 EST 2017,21:48.4,-76.04131449,36.77681639,10.75,4,-39.90000153,79.7,8.08282471,2.7581203,4.48194551,-0.00354558,-,16.07843208,-0.0521647,0.76145858,0.28896379,0.3842096,26.27450943,26.66666794,-,-,55.40000153,23.04782104,14.64881134,-,1383,-,-130.9055176,36.77681732,-76.04131317,6.27450991,24.04706573,23.61210442,-
Sun Nov 26 15:21:49 EST 2017,21:49.4,-76.04119127,36.77682243,11,3,-40.40000153,83,7.66144562,2.87304211,4.32871675,-0.00315478,-,16.07843208,-0.04501175,0.78098321,0.33191785,0.33735061,26.27450943,26.66666794,-,-,55.40000153,23.0498085,14.64881134,-,1372,-,-132.5459442,36.77682114,-76.0411911,6.27450991,24.60629845,23.61210442,-
Sun Nov 26 15:21:50 EST 2017,21:50.4,-76.04107737,36.77683014,10.75,4,-40.40000153,86.5,7.27837324,3.48595762,4.94163227,-0.0162332,-,16.07843208,-0.03505346,0.74193406,0.35534734,0.40373418,26.27450943,26.66666794,-,-,55.40000153,23.05373955,14.64881134,-,1364,-,-132.5459442,36.77682877,-76.04107666,6.27450991,24.04706573,23.61210442,-
Sun Nov 26 15:21:51 EST 2017,21:51.4,-76.04095149,36.77682089,10.5,3,-39.90000153,91,7.20175886,4.59686708,4.36702394,-0.00129096,-,15.29411793,0.05663159,0.78098321,0.4685899,0.43497351,25.49019623,25.88235283,-,-,55.40000153,23.0535202,14.64881134,-,1349,-,-130.9055176,36.77682114,-76.04095459,5.49019623,23.48783112,22.9907341,-
Sun Nov 26 15:21:52 EST 2017,21:52.4,-76.04083738,36.77680598,10.5,3,-40,96.6,6.85699368,5.32470465,4.44363832,0.01365535,-,15.68627453,-0.01502063,0.67555046,0.5349735,0.37639979,25.88235283,25.88235283,-,-,55.40000153,23.05330086,14.64881134,-,1338,-,-131.2335968,36.77680588,-76.04084015,6.27450991,23.48783112,22.9907341,-
Sun Nov 26 15:21:53 EST 2017,21:53.4,-76.04072156,36.7767866,10.25,3,-38.70000076,101.6,6.4739213,5.47793341,4.48194551,-0.00387431,-,15.68627453,-0.05112692,0.6638357,0.52716368,0.32563588,25.88235283,25.88235283,-,-,55.40000153,23.05308533,14.64881134,-,1330,-,-126.9685059,36.7767868,-76.04071808,6.27450991,22.9285965,22.9907341,-
Sun Nov 26 15:21:54 EST 2017,21:54.4,-76.04061229,36.77675804,10.25,4,-39,107.4,6.32069254,4.55855989,5.01824665,0.01323584,-,17.64705849,0.10735815,0.78488815,0.51154399,0.48964232,25.88235283,26.66666794,-,-,55.40000153,23.04838753,14.64881134,-,1333,-,-127.9527588,36.77675629,-76.04061127,8.23529434,22.9285965,22.36936378,-
Sun Nov 26 15:21:55 EST 2017,21:55.4,-76.04050846,36.77671769,10.25,4,-38.90000153,113.9,8.31266785,4.175488,5.05655384,0.03838225,-,18.03921509,0.02835323,0.79660285,0.3904916,0.41935381,29.41176605,30.19607925,-,-,55.40000153,23.04606247,14.64881134,-,1356,-,-127.6246796,36.77671814,-76.04051208,9.01960754,22.9285965,22.36936378,-
Sun Nov 26 15:21:56 EST 2017,21:56.4,-76.04040493,36.77668108,10.25,5,-38.79999924,113.9,7.77636719,2.41335535,4.94163227,0.00029652,-,14.90196133,-0.0121975,0.79269797,0.24600971,0.43497351,14.11764717,14.11764717,-,-,55.40000153,23.04587364,14.64881134,-,1313,-,-127.2965851,36.77667999,-76.04040527,5.49019623,22.9285965,22.9907341,32.30290604
Sun Nov 26 15:21:57 EST 2017,21:57.4,-76.04031732,36.77661522,10.25,4,-38.70000076,123.2,7.69975281,0.49799395,5.40131903,0.00125575,-,14.50980377,-0.01764996,0.77707827,0.11324256,0.48964232,14.11764717,14.11764717,-,-,55.40000153,23.04339409,14.64881134,-,1269,-,-126.9685059,36.77661514,-76.04031372,4.70588255,22.9285965,22.36936378,32.30290604
Sun Nov 26 15:21:58 EST 2017,21:58.4,-76.0402253,36.77656297,10,4,-39.09999847,124.9,8.31266785,-1.64721072,4.55855989,0.05877579,-,14.11764717,-0.03357607,0.69507504,-0.0976229,0.56383568,14.11764717,14.11764717,-,-,55.40000153,23.03481865,14.64881134,-,1181,-,-128.280838,36.77656174,-76.04022217,4.31372547,22.36936378,20.50524902,32.30290604
Sun Nov 26 15:21:59 EST 2017,21:59.4,-76.04013949,36.77651425,9.25,4,-38.5,126.4,7.62313843,-0.22984336,6.70376492,0.03149002,-,13.72549057,-0.00556204,0.75364876,-0.00780983,0.54821604,14.11764717,14.11764717,-,-,55.40000153,22.99282074,14.64881134,-,924,-,-126.3123398,36.77651596,-76.04013824,3.92156863,20.69165993,15.53427982,-
Sun Nov 26 15:22:00 EST 2017,22:00.4,-76.04008332,36.77647607,7.75,4,-38.09999847,128.4,7.01022243,-0.03830723,6.89530087,0.02261862,-,14.11764717,0.00269717,0.71459961,-0.00390492,0.60288489,14.11764717,14.11764717,-,-,55.40000153,22.95332718,14.64881134,-,895,-,-124.9999924,36.77647781,-76.04008484,3.92156863,17.33625603,11.18468189,-
Sun Nov 26 15:22:01 EST 2017,22:01.4,-76.04003409,36.77644828,6.5,4,-38.09999847,130.4,6.7803793,-1.95366859,7.01022243,0.0413175,-,13.72549057,0.04709361,0.7575537,0.10543273,0.61459965,14.11764717,14.11764717,-,-,55.40000153,22.90167046,14.64881134,-,756,-,-124.9999924,36.7764473,-76.04003143,3.92156863,14.54008579,7.45645428,-
Sun Nov 26 15:22:02 EST 2017,22:02.4,-76.03998636,36.77641246,6,5,-38,130.8,7.85298157,0.42137951,5.66946983,0.0201573,-,14.11764717,-0.04269774,0.74583894,0.05076391,0.49745214,14.11764717,14.11764717,-,-,55.40000153,22.84003639,14.64881134,-,723,-,-124.6719132,36.77641296,-76.03998566,4.31372547,13.42161655,4.34959841,-
Sun Nov 26 15:22:03 EST 2017,22:03.4,-76.0399486,36.77637933,5.75,5,-38.09999847,131.8,8.31266785,-0.19153613,4.40533113,0.00298448,-,14.11764717,-0.066864,0.81222248,0.09371798,0.34906533,14.11764717,14.11764717,-,-,55.40000153,22.84003639,14.64881134,-,703,-,-124.9999924,36.77637863,-76.03994751,4.31372547,12.86238289,0,-
Sun Nov 26 15:22:04 EST 2017,22:04.4,-76.04001756,36.77643125,0.5,4,-37.29999924,131.8,9.57680702,0.84275901,2.68150592,0.02304015,-,15.29411793,0.00205788,0.96060938,0.08981306,0.16943921,32.54901886,34.11764908,-,-,55.40000153,22.76646423,14.64881134,-,983,-,-122.3753281,36.77643204,-76.04001617,11.76470566,1.11846817,0.62137121,0.94586718
Sun Nov 26 15:22:05 EST 2017,22:05.4,-76.04000945,36.77642312,1,4,-36.70000076,144.4,9.00219822,0.5363012,3.40934324,0.00413998,-,22.35294151,-0.01153349,0.91375035,0.08200324,0.26706213,40.39215851,40.39215851,-,-,55.40000153,22.70978355,14.64881134,-,1599,-,-120.4068298,36.77642441,-76.04000854,12.94117641,2.23693633,5.59234095,0.94586718
Sun Nov 26 15:22:06 EST 2017,22:06.4,-76.03997657,36.77639485,3,4,-37.29999924,131.3,9.34696388,-0.5363012,2.56658411,0.0275756,-,24.70588303,0.08654857,0.99575359,0.01952458,0.3334457,41.5686264,41.96078491,-,-,55.40000153,22.62198639,14.64881134,-,1838,-,-122.3753281,36.77639389,-76.03997803,16.07843208,6.71080828,10.56331062,59.95833206
Sun Nov 26 15:22:07 EST 2017,22:07.4,-76.03993517,36.77636067,4.75,4,-36.20000076,132.1,8.92558384,-0.07661445,3.67749381,0.01143838,-,25.49019623,-0.01671843,0.90984541,-0.02733441,0.27096704,41.5686264,41.5686264,-,-,55.40000153,22.59476089,14.64881134,-,2027,-,-118.7664032,36.77635956,-76.03993225,16.86274529,10.62544727,14.29153728,80.03108215
Sun Nov 26 15:22:08 EST 2017,22:08.4,-76.03989428,36.77633342,4.75,5,-35.29999924,130.9,8.84896946,-0.45968673,3.63918662,-0.00453675,-,25.09803963,-0.03329191,0.89813066,-0.03123933,0.25534737,38.82352829,38.82352829,-,-,55.40000153,22.57378769,14.64881134,-,2093,-,-115.8136444,36.77633286,-76.0398941,16.86274529,10.62544727,16.15565109,80.03108215
Sun Nov 26 15:22:09 EST 2017,22:09.4,-76.03984435,36.77629663,5,5,-35.09999847,129.4,8.58081913,0.03830723,4.175488,0.00713072,-,20,0.01407636,0.90984541,-0.10933765,0.3334457,36.07843018,37.25490189,-,-,55.40000153,22.55698586,14.64881134,-,1508,-,-115.1574783,36.77629852,-76.0398407,11.37254906,11.18468189,17.39839363,65.40684509
Sun Nov 26 15:22:10 EST 2017,22:10.4,-76.03972803,36.77623077,8.5,4,-35.5,124.2,8.23605347,-1.07260239,4.29040956,-0.01704206,-,21.96078491,-0.04673898,0.83955687,-0.10933765,0.33735061,35.29411697,36.07843018,-,-,55.40000153,22.5397377,14.64881134,-,1564,-,-116.4698181,36.77622986,-76.03972626,13.33333397,19.01395798,20.50524902,80.83396149
Sun Nov 26 15:22:11 EST 2017,22:11.4,-76.03963465,36.77619133,9.25,4,-36.59999847,123.6,8.73404789,-1.57059634,4.36702394,0.0053344,-,21.17647171,-0.00617601,0.89032084,-0.14057697,0.317826,32.94117737,32.94117737,-,-,55.40000153,22.5351944,14.64881134,-,1666,-,-120.0787354,36.77619171,-76.0396347,12.54901981,20.69165993,21.12662125,80.83396149
Sun Nov 26 15:22:12 EST 2017,22:12.4,-76.03954601,36.7761337,10,4,-36.20000076,122.4,7.96790314,-0.61291564,4.13718033,-0.06368548,-,20.7843132,0.05457177,0.92156017,-0.18743597,0.37639979,31.37254906,31.37254906,-,-,55.40000153,22.53612137,14.64881134,-,1774,-,-118.7664032,36.77613449,-76.03954315,11.76470566,22.36936378,22.9907341,46.31542206
Sun Nov 26 15:22:13 EST 2017,22:13.4,-76.03944362,36.77608455,10.5,4,-35.79999924,121,9.00219822,-1.26413846,4.8267107,0.01299368,-,18.4313736,0.04953894,0.91765523,-0.12886222,0.39201942,27.45098114,26.66666794,-,-,55.40000153,22.53756905,14.64881134,-,1792,-,-117.4540634,36.7760849,-76.03944397,9.4117651,23.48783112,22.9907341,18.03808594
Sun Nov 26 15:22:14 EST 2017,22:14.4,-76.03934891,36.77604558,10.5,4,-36.20000076,120,7.85298157,0.11492168,4.175488,0.00440073,-,17.25490189,-0.09298421,0.80050778,0.01171475,0.32563588,26.66666794,26.66666794,-,-,55.40000153,22.54098129,14.64881134,-,1787,-,-118.7664032,36.77604675,-76.03935242,7.84313726,23.48783112,23.61210442,18.03808594
Sun Nov 26 15:22:15 EST 2017,22:15.4,-76.03924777,36.77600564,10.5,4,-36.40000153,119.6,7.85298157,0.5363012,5.01824665,-0.00081543,-,16.07843208,-0.04810851,0.80050778,0.05466883,0.411544,26.66666794,26.66666794,-,-,55.40000153,22.54773903,14.64881134,-,1404,-,-119.4225769,36.77600479,-76.03924561,6.66666698,23.48783112,23.61210442,16.32320023
Sun Nov 26 15:22:16 EST 2017,22:16.4,-76.03914254,36.77596276,10.5,4,-36.79999924,119.6,8.46589756,-0.49799395,4.75009632,0.01312082,-,16.07843208,-0.00881257,0.86298645,-0.05076391,0.3842096,26.66666794,26.66666794,-,-,55.40000153,22.54773903,14.64881134,-,1345,-,-120.7349091,36.77596283,-76.03913879,6.66666698,23.48783112,23.61210442,16.32320023
Sun Nov 26 15:22:16 EST 2017,22:17.4,-76.03914254,36.77596276,10.5,4,-36.79999924,119.6,8.81066227,0.11492168,4.8267107,-0.0011456,-,16.07843208,-0.01771992,0.84736669,0.01561966,0.39592433,26.66666794,26.66666794,-,-,55.40000153,22.55051422,14.64881134,-,1339,-,-120.7349091,36.77596283,-76.03913879,6.66666698,23.48783112,22.9907341,16.32320023
Sun Nov 26 15:22:18 EST 2017,22:18.4,-76.03893147,36.77587221,10.5,5,-37.59999847,118.8,8.42759037,-0.42137951,4.29040956,0.0014732,-,16.07843208,-0.08365335,0.8083176,0.03514424,0.32954079,26.66666794,26.66666794,-,-,55.40000153,22.55189133,14.64881134,-,1338,-,-123.3595734,36.77587128,-76.0389328,6.66666698,23.48783112,22.9907341,-
Sun Nov 26 15:22:19 EST 2017,22:19.4,-76.03883395,36.77582297,10.25,5,-37.5,120,8.04451752,1.18752408,5.43962622,0.01806082,-,16.07843208,0.06564046,0.90203559,0.0234295,0.46621281,26.66666794,26.66666794,-,-,55.40000153,22.5532589,14.64881134,-,1336,-,-123.0314941,36.77582169,-76.03883362,6.66666698,22.9285965,22.9907341,-
Sun Nov 26 15:22:20 EST 2017,22:20.4,-76.03873276,36.77579005,10.5,4,-38,119.4,8.61912632,1.49398184,5.17147589,0.05487794,-,16.07843208,-0.01288514,0.82784218,0.13667206,0.41935381,26.66666794,26.66666794,-,-,55.40000153,22.55461693,14.64881134,-,1334,-,-124.6719132,36.77579117,-76.03873444,6.66666698,23.48783112,22.9907341,-
Sun Nov 26 15:22:21 EST 2017,22:21.4,-76.03863167,36.77573718,10.25,3,-37.5,121.2,7.04852962,2.87304211,4.25210238,-0.01510159,-,16.07843208,-0.05329229,0.81222248,0.20305562,0.34125552,26.66666794,26.66666794,-,-,55.40000153,22.55596542,14.64881134,-,1335,-,-123.0314941,36.77573776,-76.03863525,6.66666698,22.9285965,22.9907341,-
Sun Nov 26 15:22:22 EST 2017,22:22.4,-76.03853048,36.7756827,10.5,4,-37.79999924,122.6,7.96790314,3.56257224,4.78840351,0.00419332,-,16.86274529,-0.00842015,0.82784218,0.32020313,0.34125552,27.45098114,27.45098114,-,-,55.40000153,22.55864143,14.64881134,-,1346,-,-124.0157471,36.77568436,-76.03852844,7.05882359,23.48783112,22.9907341,-
Sun Nov 26 15:22:23 EST 2017,22:23.4,-76.03842689,36.7756269,10.5,4,-38.59999847,124.2,7.66144562,3.37103605,4.5202527,-0.00939136,-,16.47058868,0.00265907,0.83565199,0.31239328,0.35687518,27.45098114,27.45098114,-,-,55.40000153,22.55996704,14.64881134,-,1349,-,-126.6404114,36.77562714,-76.03842926,7.05882359,23.48783112,22.9907341,-
Sun Nov 26 15:22:24 EST 2017,22:24.4,-76.03833634,36.77557562,10.25,4,-38.70000076,122.4,7.50821638,3.79241538,4.36702394,0.00081264,-,16.47058868,-0.06340376,0.74583894,0.35925224,0.33735061,27.45098114,27.45098114,-,-,55.40000153,22.56318665,14.64881134,-,1368,-,-126.9685059,36.77557373,-76.03833771,7.05882359,22.9285965,23.61210442,17.16378784
Sun Nov 26 15:22:25 EST 2017,22:25.4,-76.0382569,36.77549981,10.75,3,-38,133.5,7.46990919,4.21379519,4.8267107,-0.01109289,-,16.47058868,-0.00872027,0.75364876,0.46078008,0.34906533,27.45098114,27.45098114,-,-,55.40000153,22.56638336,14.64881134,-,1367,-,-124.6719132,36.77550125,-76.03825378,7.05882359,24.04706573,23.61210442,17.16378784
Sun Nov 26 15:22:26 EST 2017,22:26.4,-76.03817636,36.77542216,10.75,4,-38.20000076,138.8,7.431602,4.86501789,4.97993946,0.00129387,-,16.47058868,-0.02794008,0.74193406,0.42173091,0.364685,27.05882454,27.45098114,-,-,55.40000153,22.56956291,14.64881134,-,1364,-,-125.3280869,36.77542114,-76.03817749,7.05882359,24.04706573,23.61210442,17.16378784
Sun Nov 26 15:22:27 EST 2017,22:27.4,-76.03810275,36.77534774,10.5,4,-38.20000076,141,7.08683681,3.48595762,4.67348194,-0.00941594,-,16.47058868,-0.03218764,0.74193406,0.49201941,0.27877685,27.05882454,27.45098114,-,-,55.40000153,22.57272148,14.64881134,-,1358,-,-125.3280869,36.77534866,-76.0381012,7.05882359,23.48783112,23.61210442,17.16378784
Sun Nov 26 15:22:28 EST 2017,22:28.4,-76.03804628,36.77526363,10.5,4,-38.29999924,149.2,7.54652357,4.44363832,4.36702394,0.01655889,-,16.47058868,-0.00210029,0.76926845,0.45297024,0.34516042,27.05882454,27.45098114,-,-,55.40000153,22.5789814,14.64881134,-,1362,-,-125.6561661,36.77526474,-76.03804779,7.05882359,23.48783112,23.61210442,-
Sun Nov 26 15:22:29 EST 2017,22:29.4,-76.0380018,36.77518077,10.75,4,-37.5,154.5,7.20175886,3.98395157,4.21379519,-0.00335761,-,16.47058868,-0.02457879,0.76926845,0.42563587,0.32173091,27.05882454,27.45098114,-,-,55.40000153,22.5789814,14.64881134,-,1363,-,-123.0314941,36.77518082,-76.03800201,7.05882359,24.04706573,23.61210442,-
Sun Nov 26 15:22:30 EST 2017,22:30.4,-76.03795982,36.77508722,10.75,3,-38.40000153,160.6,7.58483076,4.29040956,4.5202527,0.01642718,-,16.47058868,0.00103706,0.77317333,0.4373506,0.36078009,27.45098114,27.45098114,-,-,55.40000153,22.58516884,14.64881134,-,1372,-,-125.9842606,36.77508545,-76.03795624,7.05882359,24.04706573,23.61210442,-
Sun Nov 26 15:22:31 EST 2017,22:31.4,-76.03793189,36.77499638,10.75,4,-38.59999847,165.7,7.54652357,3.25611424,5.09486103,0.01727951,-,16.47058868,-0.0139291,0.76926845,0.33191785,0.41935381,27.05882454,27.45098114,-,-,55.40000153,22.58823395,14.64881134,-,1381,-,-126.6404114,36.77499771,-76.03793335,7.05882359,24.04706573,23.61210442,-
Sun Nov 26 15:22:32 EST 2017,22:32.4,-76.03791557,36.77489893,10.75,4,-39.20000076,170.7,7.77636719,4.29040956,5.05655384,0.06079322,-,16.47058868,0.02645964,0.76536351,0.37096703,0.47402263,27.05882454,27.05882454,-,-,55.40000153,22.58823395,14.64881134,-,1381,-,-128.6089325,36.77489853,-76.03791809,6.66666698,24.04706573,23.61210442,-
Sun Nov 26 15:22:33 EST 2017,22:33.4,-76.03790816,36.7748015,11,3,-38.90000153,175.9,7.08683681,4.29040956,4.55855989,-0.01369071,-,16.47058868,0.05083933,0.77707827,0.49982923,0.39982924,27.05882454,27.05882454,-,-,55.40000153,22.59313011,14.64881134,-,1402,-,-127.6246796,36.77480316,-76.03791046,6.66666698,24.60629845,24.23347664,16.78113556
Sun Nov 26 15:22:34 EST 2017,22:34.4,-76.03791508,36.77470601,11,4,-40.29999924,181.5,7.85298157,4.21379519,5.17147589,0.0172416,-,15.68627453,-0.05936395,0.69897997,0.40611124,0.38030469,25.88235283,25.88235283,-,-,55.40000153,22.59799957,14.64881134,-,1394,-,-132.2178497,36.77470779,-76.03791809,5.09803915,24.60629845,24.23347664,16.78113556
Sun Nov 26 15:22:35 EST 2017,22:35.4,-76.03792686,36.77460862,11,3,-39.79999924,186.2,7.16345167,4.5202527,4.71178913,-0.01621487,-,14.90196133,-0.07613263,0.7302193,0.30458343,0.37639979,20,20,-,-,55.40000153,22.60099792,14.64881134,-,1327,-,-130.5774231,36.77460861,-76.03792572,5.09803915,24.60629845,23.61210442,16.78113556
Sun Nov 26 15:22:36 EST 2017,22:36.4,-76.03795269,36.77451388,10.5,4,-40.09999847,192.2,7.81467438,5.09486103,4.71178913,0.04796457,-,14.90196133,0.00323727,0.81222248,0.40611124,0.32563588,22.35294151,22.74509811,-,-,55.40000153,22.60214806,14.64881134,-,1355,-,-131.561676,36.77451324,-76.03795624,5.09803915,23.48783112,22.9907341,16.78113556
Sun Nov 26 15:22:37 EST 2017,22:37.4,-76.03798332,36.77441907,10.75,4,-39.59999847,195.6,7.27837324,4.44363832,4.78840351,-0.00406352,-,14.90196133,-0.03560708,0.71069467,0.39830142,0.4154489,22.74509811,22.74509811,-,-,55.40000153,22.60329247,14.64881134,-,1322,-,-129.9212494,36.77441788,-76.03798676,4.70588255,24.04706573,22.9907341,-
Sun Nov 26 15:22:38 EST 2017,22:38.4,-76.03802601,36.77433963,10.25,4,-39.79999924,201.7,9.0788126,4.175488,5.63116217,0.02130657,-,16.86274529,0.16965285,0.92546505,0.42563587,0.47402263,27.05882454,27.05882454,-,-,55.40000153,22.60192108,14.64881134,-,1337,-,-130.5774231,36.77433777,-76.0380249,7.05882359,22.9285965,22.36936378,-
Sun Nov 26 15:22:39 EST 2017,22:39.4,-76.03808072,36.77425862,10.25,3,-40,206,8.77235508,3.02627087,4.63517427,-0.04292517,-,16.47058868,-0.11696284,0.69897997,0.27334413,0.364685,26.66666794,26.66666794,-,-,55.40000153,22.60192108,14.64881134,-,1323,-,-131.2335968,36.77425766,-76.03807831,6.66666698,22.9285965,22.36936378,-
Sun Nov 26 15:22:40 EST 2017,22:40.4,-76.03813407,36.774177,10.25,4,-40.5,209,8.61912632,2.29843354,4.44363832,0.00583288,-,16.47058868,-0.04869379,0.76926845,0.23429495,0.40763909,26.66666794,26.66666794,-,-,55.40000153,22.60237694,14.64881134,-,1319,-,-132.8740234,36.77417755,-76.03813171,6.66666698,22.9285965,22.9907341,-
Sun Nov 26 15:22:40 EST 2017,22:41.4,-76.03813407,36.774177,10.25,4,-40.5,209,8.38928318,1.45567465,4.29040956,0.00003628,-,16.47058868,-0.02775167,0.85517663,0.14838681,0.33735061,26.66666794,26.66666794,-,-,55.40000153,22.60237694,14.64881134,-,1319,-,-132.8740234,36.77417755,-76.03813171,6.66666698,22.9285965,22.9907341,-
Sun Nov 26 15:22:42 EST 2017,22:42.4,-76.03826088,36.77402816,10.5,4,-40.5,215.5,7.431602,1.22583127,5.13316822,-0.0125617,-,16.47058868,-0.04010319,0.83565199,0.11714748,0.35687518,26.66666794,26.66666794,-,-,55.40000153,22.60462189,14.64881134,-,1336,-,-132.8740234,36.77402878,-76.03826141,6.66666698,23.48783112,22.9907341,15.81695175
Sun Nov 26 15:22:43 EST 2017,22:43.4,-76.03833227,36.77395529,10.5,4,-41,217.3,8.42759037,1.64721072,5.47793341,-0.00142448,-,16.47058868,-0.01066169,0.82393724,0.1718163,0.41935381,26.66666794,26.66666794,-,-,55.40000153,22.60573387,14.64881134,-,1348,-,-134.5144348,36.7739563,-76.03833008,6.66666698,23.48783112,22.9907341,15.81695175
Sun Nov 26 15:22:44 EST 2017,22:44.4,-76.03840879,36.77388433,10.5,4,-41,219.6,8.35097599,1.99197578,4.75009632,0.01917702,-,16.47058868,0.01347434,0.85908157,0.13667206,0.41935381,26.66666794,26.66666794,-,-,55.40000153,22.60862732,14.64881134,-,1358,-,-134.5144348,36.77388382,-76.03840637,6.66666698,23.48783112,23.61210442,15.81695175
Sun Nov 26 15:22:45 EST 2017,22:45.4,-76.03848764,36.77381032,10.5,4,-41.20000076,221,8.27436066,2.10689759,4.21379519,0.00591603,-,16.47058868,-0.07114993,0.76145858,0.25772443,0.364685,26.27450943,26.66666794,-,-,55.40000153,22.6115036,14.64881134,-,1364,-,-135.1706085,36.77381134,-76.0384903,6.66666698,23.48783112,23.61210442,18.96453667
Sun Nov 26 15:22:46 EST 2017,22:46.4,-76.03857206,36.7737437,10.75,3,-41.90000153,223.4,7.73806,1.64721072,5.01824665,-0.01246491,-,14.90196133,0.00952188,0.83955687,0.15229172,0.43887842,23.52941132,26.66666794,-,-,55.40000153,22.61436081,14.64881134,-,1361,-,-137.4671936,36.77374268,-76.03857422,5.09803915,24.04706573,23.61210442,18.96453667
Sun Nov 26 15:22:47 EST 2017,22:47.4,-76.03865646,36.773674,10.5,3,-41.70000076,225.6,8.15943909,2.26012635,4.71178913,0.01170903,-,14.90196133,-0.0168581,0.80050778,0.22648512,0.42325872,23.92156982,23.92156982,-,-,55.40000153,22.61543274,14.64881134,-,1339,-,-136.8110199,36.77367401,-76.03865814,5.09803915,23.48783112,22.9907341,18.96453667
Sun Nov 26 15:22:48 EST 2017,22:48.4,-76.03874009,36.77360944,10.5,4,-41.59999847,226,7.04852962,2.64319873,3.83072281,-0.11999482,-,14.90196133,0.07632606,0.89422578,0.23429495,0.45059317,23.92156982,23.92156982,-,-,55.40000153,22.61579704,14.64881134,-,1312,-,-136.4829407,36.77360916,-76.03874207,5.09803915,23.48783112,22.36936378,-
Sun Nov 26 15:22:49 EST 2017,22:49.4,-76.03882802,36.77355542,10.25,4,-41.90000153,230.3,7.85298157,2.79642749,4.48194551,-0.02102899,-,14.90196133,-0.03484001,0.78879303,0.30458343,0.364685,23.92156982,24.70588303,-,-,55.40000153,22.61510277,14.64881134,-,1297,-,-137.4671936,36.77355576,-76.03882599,4.70588255,22.9285965,22.36936378,-
Sun Nov 26 15:22:50 EST 2017,22:50.4,-76.0389214,36.77350329,10.25,4,-42.40000153,233.2,8.15943909,2.37504816,4.36702394,0.02345786,-,16.07843208,-0.02571364,0.83174706,0.2421048,0.34516042,26.66666794,27.05882454,-,-,55.40000153,22.6144104,14.64881134,-,1356,-,-139.1076202,36.77350235,-76.03892517,6.66666698,22.9285965,22.36936378,-
Sun Nov 26 15:22:50 EST 2017,22:51.4,-76.0389214,36.77350329,10.25,4,-42.40000153,233.2,7.92959595,1.41736746,4.59686708,-0.00838124,-,16.07843208,-0.05425179,0.8083176,0.1444819,0.36858991,26.66666794,26.66666794,-,-,55.40000153,22.61372185,14.64881134,-,1313,-,-139.1076202,36.77350235,-76.03892517,6.66666698,22.9285965,22.36936378,-
Sun Nov 26 15:22:52 EST 2017,22:52.4,-76.03910391,36.77340475,10,5,-42.29999924,235.3,8.92558384,0.80445176,5.09486103,0.01438606,-,16.07843208,-0.00481046,0.87860614,0.04295408,0.364685,26.27450943,26.66666794,-,-,55.40000153,22.61409378,14.64881134,-,1311,-,-138.7795258,36.77340317,-76.03910065,6.66666698,22.36936378,22.9907341,-
Sun Nov 26 15:22:53 EST 2017,22:53.4,-76.03920981,36.77335816,10.5,4,-41,238.2,8.35097599,-0.11492168,4.44363832,0.05597875,-,16.07843208,-0.01690466,0.89422578,0.06638357,0.30220634,26.27450943,26.66666794,-,-,55.40000153,22.61514091,14.64881134,-,1325,-,-134.5144348,36.77335739,-76.03920746,6.66666698,23.48783112,22.9907341,20.79756737
Sun Nov 26 15:22:54 EST 2017,22:54.4,-76.03931189,36.77331173,10.5,5,-40.5,239,8.31266785,0.34476504,4.32871675,-0.01585058,-,16.07843208,0.01199024,0.86689138,0.04685899,0.41935381,26.27450943,26.66666794,-,-,55.40000153,22.61618423,14.64881134,-,1323,-,-132.8740234,36.77331161,-76.03931427,6.66666698,23.48783112,22.9907341,20.79756737
Sun Nov 26 15:22:54 EST 2017,22:55.4,-76.03931189,36.77331173,10.5,5,-40.5,239,8.04451752,-0.07661445,4.44363832,-0.02527004,-,16.07843208,-0.03229806,0.84736669,0.04295408,0.364685,26.27450943,26.66666794,-,-,55.40000153,22.61722183,14.64881134,-,1314,-,-132.8740234,36.77331161,-76.03931427,6.66666698,23.48783112,22.9907341,20.79756737
Sun Nov 26 15:22:56 EST 2017,22:56.4,-76.03951313,36.77321404,10.25,4,-40.5,239,7.96790314,-0.15322891,4.75009632,-0.03526837,-,16.47058868,-0.00237551,0.85908157,-0.08200324,0.39982924,26.66666794,27.05882454,-,-,57.20000076,22.61585808,14.64881134,-,1314,-,-132.8740234,36.77321243,-76.03951263,7.05882359,22.9285965,22.36936378,-
Sun Nov 26 15:22:57 EST 2017,22:57.4,-76.03961652,36.77317603,10.25,4,-40.59999847,239.4,8.27436066,-1.8770541,5.28639746,0.02854027,-,16.86274529,-0.00844324,0.87079626,-0.1718163,0.34125552,27.05882454,27.45098114,-,-,57.20000076,22.61688614,14.64881134,-,1321,-,-133.2020874,36.77317429,-76.03961945,7.45098066,22.9285965,22.9907341,-
Sun Nov 26 15:22:58 EST 2017,22:58.4,-76.03971202,36.77312237,10.25,3,-40,237.9,7.39329481,-1.37906015,4.67348194,0.01942115,-,16.86274529,-0.05306672,0.83174706,-0.07809832,0.34516042,27.45098114,27.45098114,-,-,57.20000076,22.61791229,14.64881134,-,1327,-,-131.2335968,36.77312088,-76.039711,7.45098066,22.9285965,22.9907341,22.59008789
Sun Nov 26 15:22:59 EST 2017,22:59.4,-76.03981098,36.77307592,10.25,4,-40,237.8,7.73806,-2.18351197,5.09486103,0.00157424,-,16.86274529,-0.05035537,0.80441266,-0.17572121,0.37249482,27.45098114,27.45098114,-,-,57.20000076,22.62163544,14.64881134,-,1341,-,-131.2335968,36.7730751,-76.03981018,7.45098066,22.9285965,23.61210442,21.22618866
Sun Nov 26 15:23:00 EST 2017,23:00.4,-76.03990325,36.7730259,10,3,-40.59999847,234.7,8.81066227,-3.60087943,4.29040956,0.00734026,-,17.25490189,-0.15449762,0.70288485,-0.13667206,0.34906533,27.45098114,27.45098114,-,-,57.20000076,22.62432861,14.64881134,-,1348,-,-133.2020874,36.77302551,-76.03990173,7.45098066,22.36936378,23.61210442,21.22618866
Sun Nov 26 15:23:01 EST 2017,23:01.4,-76.04000013,36.77297148,10.5,4,-40.5,231.7,7.54652357,-2.22181916,4.32871675,-0.00090487,-,16.86274529,-0.00814315,0.85127175,-0.21477039,0.36078009,27.05882454,27.45098114,-,-,57.20000076,22.62700462,14.64881134,-,1356,-,-132.8740234,36.77297211,-76.04000092,7.45098066,23.48783112,23.61210442,21.22618866
Sun Nov 26 15:23:02 EST 2017,23:02.4,-76.040089,36.77289718,10.5,4,-41.40000153,227.9,8.00621033,-2.45166254,4.86501789,0.01321665,-,16.86274529,-0.00772024,0.82784218,-0.28115395,0.36858991,27.05882454,27.45098114,-,-,57.20000076,22.63231468,14.64881134,-,1365,-,-135.8267822,36.77289581,-76.04009247,7.45098066,23.48783112,23.61210442,-
Sun Nov 26 15:23:03 EST 2017,23:03.4,-76.04017059,36.77282315,10.75,3,-41.09999847,223,8.46589756,-1.9153614,4.44363832,0.03294563,-,16.86274529,-0.00565406,0.86298645,-0.1952458,0.35297027,27.05882454,27.05882454,-,-,57.20000076,22.63494873,14.64881134,-,1370,-,-134.842514,36.77282333,-76.04016876,7.45098066,24.04706573,23.61210442,-
Sun Nov 26 15:23:04 EST 2017,23:04.4,-76.04024189,36.77275219,10.75,3,-40.90000153,219.5,8.31266785,-1.68551803,5.70777702,0.0238898,-,16.86274529,0.05652333,0.86298645,-0.20305562,0.47402263,26.66666794,27.05882454,-,-,57.20000076,22.63756943,14.64881134,-,1374,-,-134.1863556,36.77275085,-76.04024506,7.45098066,24.04706573,23.61210442,-
Sun Nov 26 15:23:05 EST 2017,23:05.4,-76.04030883,36.77266672,10.5,4,-41,215.2,8.46589756,-1.68551803,4.5202527,0.0242838,-,16.86274529,0.00934058,0.85127175,-0.19915071,0.40373418,26.66666794,26.66666794,-,-,57.20000076,22.64276505,14.64881134,-,1375,-,-134.5144348,36.77266693,-76.04030609,7.05882359,23.48783112,23.61210442,-
Sun Nov 26 15:23:06 EST 2017,23:06.4,-76.04037583,36.77258831,10.5,4,-40.79999924,214.6,7.431602,-0.42137951,4.8267107,-0.01324327,-,16.07843208,-0.02657535,0.81612742,-0.10543273,0.41935381,25.88235283,26.27450943,-,-,57.20000076,22.64534378,14.64881134,-,1371,-,-133.8582611,36.77258682,-76.04037476,6.66666698,23.48783112,23.61210442,-
Sun Nov 26 15:23:07 EST 2017,23:07.4,-76.04044057,36.77250577,10.5,4,-40.90000153,212,7.85298157,-1.57059634,5.01824665,0.00553191,-,16.07843208,0.04129958,0.8747012,-0.17962612,0.43497351,25.88235283,25.88235283,-,-,57.20000076,22.64790916,14.64881134,-,1353,-,-134.1863556,36.77250671,-76.04044342,6.66666698,23.48783112,23.61210442,-
Sun Nov 26 15:23:08 EST 2017,23:08.4,-76.04049704,36.77241891,10.5,4,-40.29999924,208.5,8.23605347,-2.7581203,5.24809027,0.01136526,-,16.07843208,0.10891408,0.94498962,-0.20305562,0.44278333,25.88235283,25.88235283,-,-,57.20000076,22.64971733,14.64881134,-,1334,-,-132.2178497,36.77241898,-76.04049683,6.66666698,23.48783112,22.9907341,-
Sun Nov 26 15:23:09 EST 2017,23:09.4,-76.04054847,36.77233606,10.25,4,-40.79999924,207,8.50420475,-1.76213241,4.175488,-0.0090309,-,16.07843208,0.0488845,0.88251102,-0.23429495,0.4154489,25.88235283,26.27450943,-,-,57.20000076,22.65061569,14.64881134,-,1342,-,-133.8582611,36.77233505,-76.04055023,6.66666698,22.9285965,22.9907341,-
Sun Nov 26 15:23:10 EST 2017,23:10.4,-76.04059436,36.77224309,10.5,5,-40.70000076,204.4,8.1211319,2.64319873,4.94163227,-0.04516499,-,17.25490189,0.01051147,0.76536351,0.1718163,0.53650135,27.45098114,27.45098114,-,-,57.20000076,22.65150642,14.64881134,-,1356,-,-133.5301819,36.7722435,-76.04059601,7.84313726,23.48783112,22.9907341,-
Sun Nov 26 15:23:11 EST 2017,23:11.4,-76.04063731,36.77215377,10.5,4,-40,203.4,8.1211319,2.94965649,5.05655384,0.00945009,-,17.25490189,-0.08528669,0.76926845,0.23039004,0.33735061,27.84313774,27.84313774,-,-,57.20000076,22.65239525,14.64881134,-,1354,-,-131.2335968,36.77215195,-76.04063416,7.84313726,23.48783112,22.9907341,-
Sun Nov 26 15:23:12 EST 2017,23:12.4,-76.04069515,36.77206932,10.75,4,-40.29999924,204.6,8.04451752,2.94965649,4.48194551,0.00346549,-,17.25490189,-0.04372638,0.78098321,0.30848834,0.35687518,27.84313774,27.84313774,-,-,57.20000076,22.65739441,14.64881134,-,1372,-,-132.2178497,36.77206802,-76.04069519,7.84313726,24.04706573,23.61210442,22.57945442
Sun Nov 26 15:23:13 EST 2017,23:13.4,-76.0407473,36.77198824,10.75,4,-40.5,207.5,7.24006605,3.29442143,4.48194551,0.00334059,-,16.86274529,-0.01841136,0.79660285,0.31239328,0.38030469,27.05882454,27.45098114,-,-,57.20000076,22.65987396,14.64881134,-,1374,-,-132.8740234,36.77198792,-76.0407486,7.45098066,24.04706573,23.61210442,22.57945442
Sun Nov 26 15:23:14 EST 2017,23:14.4,-76.04081348,36.77191034,10.75,3,-40.70000076,212.2,7.92959595,2.94965649,4.21379519,-0.00886023,-,16.86274529,-0.08970965,0.76536351,0.25381953,0.32173091,27.05882454,27.05882454,-,-,57.20000076,22.66234207,14.64881134,-,1381,-,-133.5301819,36.77191162,-76.04081726,7.45098066,24.04706573,23.61210442,22.57945442
Sun Nov 26 15:23:15 EST 2017,23:15.4,-76.04088197,36.77183033,10.75,4,-41.70000076,214.9,7.89128876,2.94965649,5.17147589,0.02770308,-,16.47058868,0.0179885,0.83955687,0.31629819,0.38030469,26.66666794,26.66666794,-,-,57.20000076,22.67043877,14.64881134,-,1394,-,-136.8110199,36.77183151,-76.0408783,7.05882359,24.04706573,24.23347664,21.83254051
Sun Nov 26 15:23:16 EST 2017,23:16.4,-76.04095745,36.77175962,10.75,4,-42.20000076,218.2,7.69975281,3.715801,4.67348194,0.01221597,-,15.29411793,-0.03416832,0.79269797,0.27724904,0.37639979,23.92156982,23.13725471,-,-,57.20000076,22.67285919,14.64881134,-,1358,-,-138.4514465,36.77175903,-76.04095459,5.49019623,24.04706573,23.61210442,21.83254051
Sun Nov 26 15:23:17 EST 2017,23:17.4,-76.04103781,36.77169267,10.75,4,-42.70000076,222.6,7.35498762,3.21780705,4.63517427,0.00224672,-,15.29411793,0.01301504,0.85908157,0.24600971,0.37639979,24.70588303,25.09803963,-,-,57.20000076,22.67527008,14.64881134,-,1337,-,-140.0918732,36.77169418,-76.04103851,5.88235283,24.04706573,23.61210442,21.83254051
Sun Nov 26 15:23:18 EST 2017,23:18.4,-76.04111803,36.77162636,10.5,4,-42.90000153,224.8,7.89128876,3.63918662,4.67348194,0.00450079,-,15.29411793,0.0050076,0.82784218,0.2928687,0.38811451,25.49019623,26.27450943,-,-,57.20000076,22.67687988,14.64881134,-,1341,-,-140.7480316,36.77162552,-76.04111481,5.88235283,23.48783112,22.9907341,-
Sun Nov 26 15:23:19 EST 2017,23:19.4,-76.04120656,36.77156216,10.5,3,-42.29999924,228.1,8.23605347,3.75410819,5.20978308,0.03343245,-,16.47058868,0.03642318,0.76536351,0.42954078,0.45059317,26.66666794,26.66666794,-,-,57.20000076,22.67767525,14.64881134,-,1338,-,-138.7795258,36.77156067,-76.04120636,7.05882359,23.48783112,22.9907341,-
Sun Nov 26 15:23:20 EST 2017,23:20.4,-76.04129576,36.77150314,10.5,4,-42.5,230.1,7.89128876,3.63918662,4.29040956,0.01753038,-,16.86274529,-0.02389073,0.82393724,0.34753752,0.29049161,26.66666794,27.05882454,-,-,57.20000076,22.67926216,14.64881134,-,1330,-,-139.4356995,36.77150345,-76.04129791,7.05882359,23.48783112,22.9907341,-
Sun Nov 26 15:23:21 EST 2017,23:21.4,-76.0413901,36.77145012,10.25,4,-42.90000153,233.6,7.431602,3.48595762,4.44363832,-0.00176332,-,16.47058868,-0.03619267,0.74193406,0.36315718,0.39592433,26.66666794,27.05882454,-,-,57.20000076,22.68004799,14.64881134,-,1327,-,-140.7480316,36.77145004,-76.04138947,7.05882359,22.9285965,22.9907341,-
Sun Nov 26 15:23:22 EST 2017,23:22.4,-76.04148326,36.77139515,10.5,5,-43.20000076,233.4,7.50821638,3.44765043,4.175488,-0.01540966,-,16.47058868,-0.01168014,0.79269797,0.34753752,0.37639979,26.66666794,27.05882454,-,-,57.20000076,22.68083,14.64881134,-,1330,-,-141.7322846,36.77139664,-76.04148102,7.05882359,23.48783112,22.9907341,-
Sun Nov 26 15:23:23 EST 2017,23:23.4,-76.04157932,36.77133824,10.5,5,-43.09999847,234.1,7.77636719,1.95366859,4.8267107,0.00406955,-,16.86274529,-0.06536081,0.8083176,0.28115395,0.27487195,27.05882454,27.05882454,-,-,57.20000076,22.68394279,14.64881134,-,1366,-,-141.4041901,36.77133942,-76.0415802,7.45098066,23.48783112,23.61210442,21.56861877
Sun Nov 26 15:23:24 EST 2017,23:24.4,-76.04170003,36.77131697,10.75,4,-43.20000076,245.2,7.62313843,3.10288548,5.40131903,0.01263405,-,16.86274529,0.02804901,0.81222248,0.31239328,0.44668823,27.05882454,27.05882454,-,-,57.20000076,22.68626022,14.64881134,-,1373,-,-141.7322846,36.77131653,-76.04170227,7.45098066,24.04706573,23.61210442,21.56861877
Sun Nov 26 15:23:25 EST 2017,23:25.4,-76.04181287,36.77128235,11,4,-43.29999924,248.2,7.69975281,3.60087943,6.20577097,0.01520982,-,16.86274529,0.01918696,0.80050778,0.22258021,0.48964232,27.05882454,27.45098114,-,-,57.20000076,22.6901207,14.64881134,-,1389,-,-142.0603638,36.7712822,-76.04180908,7.45098066,24.60629845,24.23347664,23.51248741
Sun Nov 26 15:23:26 EST 2017,23:26.4,-76.04193046,36.77125312,11,4,-43.20000076,251.7,7.35498762,3.75410819,3.60087943,-0.03039892,-,16.86274529,0.22953214,0.92546505,0.24991462,0.66926843,27.05882454,27.05882454,-,-,57.20000076,22.69778061,14.64881134,-,1403,-,-141.7322846,36.77125168,-76.04193115,7.05882359,24.60629845,24.23347664,23.51248741
Sun Nov 26 15:23:27 EST 2017,23:27.4,-76.04204973,36.77123327,10.75,4,-43.29999924,256.7,8.35097599,3.25611424,4.94163227,0.01524212,-,18.03921509,0.04370736,0.85127175,0.33191785,0.40373418,29.01960754,29.80392265,-,-,57.20000076,22.70158005,14.64881134,-,1432,-,-142.0603638,36.7712326,-76.04205322,9.01960754,24.04706573,24.23347664,23.51248741
Sun Nov 26 15:23:28 EST 2017,23:28.4,-76.04217105,36.77121138,11,3,-43.09999847,260.4,7.62313843,3.10288548,4.63517427,-0.01089342,-,17.64705849,-0.03678656,0.77707827,0.31629819,0.37249482,25.09803963,25.09803963,-,-,57.20000076,22.70536423,14.64881134,-,1416,-,-141.4041901,36.77120972,-76.04216766,8.23529434,24.60629845,24.23347664,23.51248741
Sun Nov 26 15:23:29 EST 2017,23:29.4,-76.04229918,36.77119961,11.25,4,-43,262,7.08683681,2.45166254,4.8267107,-0.00060531,-,15.29411793,-0.03376555,0.74193406,0.33582276,0.41935381,24.70588303,24.70588303,-,-,57.20000076,22.71287346,14.64881134,-,1407,-,-141.0761108,36.77119827,-76.04229736,5.49019623,25.16553307,24.23347664,-
Sun Nov 26 15:23:30 EST 2017,23:30.4,-76.04242048,36.77119798,11,4,-43.20000076,266.3,7.81467438,0.68953007,2.98796368,0.01768799,-,16.07843208,0.09008874,0.91375035,-0.01561966,0.49354723,26.27450943,24.70588303,-,-,57.20000076,22.71507835,14.64881134,-,1378,-,-141.7322846,36.77119827,-76.04241943,6.66666698,24.60629845,23.61210442,-
Sun Nov 26 15:23:31 EST 2017,23:31.4,-76.0425433,36.77120873,10.75,4,-43.40000153,270.9,8.15943909,-0.30645782,3.75410819,-0.01376107,-,16.07843208,-0.13338456,0.78488815,0.05076391,0.26315722,25.88235283,26.27450943,-,-,57.20000076,22.7172699,14.64881134,-,1385,-,-142.3884583,36.77120972,-76.0425415,6.66666698,24.04706573,23.61210442,-
Sun Nov 26 15:23:32 EST 2017,23:32.4,-76.0426663,36.77120747,10.75,3,-43.09999847,272,9.69172859,-0.11492168,5.24809027,0.05481279,-,15.68627453,0.11612853,0.85908157,-0.11324256,0.60288489,26.27450943,26.27450943,-,-,57.20000076,22.72464943,14.64881134,-,1394,-,-141.4041901,36.7712059,-76.04266357,6.27450991,24.04706573,24.23347664,21.4222126
Sun Nov 26 15:23:33 EST 2017,23:33.4,-76.04278198,36.77121127,10.75,3,-43.29999924,271.7,9.34696388,-1.64721072,4.97993946,0.11157435,-,15.68627453,-0.18445395,0.69117016,-0.12495731,0.31392109,25.88235283,25.88235283,-,-,57.20000076,22.72831154,14.64881134,-,1395,-,-142.0603638,36.77120972,-76.04278564,6.27450991,24.04706573,24.23347664,21.4222126
Sun Nov 26 15:23:34 EST 2017,23:34.4,-76.04290968,36.77121094,11,4,-43.20000076,271.3,8.77235508,0.03830723,5.09486103,0.00928114,-,15.29411793,0.01241234,0.85908157,0.00780983,0.43497351,25.09803963,22.74509811,-,-,57.20000076,22.73195457,14.64881134,-,1398,-,-141.7322846,36.77120972,-76.04290771,5.88235283,24.60629845,24.23347664,21.4222126
Sun Nov 26 15:23:35 EST 2017,23:35.4,-76.04303444,36.77121252,10.75,4,-43.59999847,270.7,7.58483076,1.41736746,4.40533113,-0.00896368,-,14.90196133,0.0329133,0.86689138,0.26943922,0.39201942,21.96078491,22.74509811,-,-,57.20000076,22.73769379,14.64881134,-,1369,-,-143.0446167,36.77121353,-76.04303741,5.09803915,24.04706573,23.61210442,21.4222126
Sun Nov 26 15:23:36 EST 2017,23:36.4,-76.04315727,36.77120672,10.75,4,-43.09999847,270.9,6.81868649,4.32871675,4.86501789,0.0071355,-,15.68627453,0.0919768,0.76145858,0.64040625,0.34906533,23.52941132,23.92156982,-,-,55.40000153,22.73830223,14.64881134,-,1368,-,-141.4041901,36.7712059,-76.04315948,5.88235283,24.04706573,22.9907341,-
Sun Nov 26 15:23:37 EST 2017,23:37.4,-76.043277,36.77121411,10.75,4,-43,274.6,6.93360806,7.39329481,4.09887314,0.1335029,-,16.47058868,0.12844659,0.77317333,0.6130718,0.44668823,27.05882454,27.45098114,-,-,55.40000153,22.73890686,14.64881134,-,1376,-,-141.0761108,36.77121353,-76.04327393,7.05882359,24.04706573,22.9907341,-
Sun Nov 26 15:23:38 EST 2017,23:38.4,-76.04339709,36.77123743,10.5,3,-43.90000153,283.1,5.74608421,5.7843914,4.78840351,-0.02620801,-,16.86274529,-0.06086568,0.60135704,0.57011771,0.34125552,27.84313774,28.23529434,-,-,55.40000153,22.7401104,14.64881134,-,1367,-,-144.0288696,36.77123642,-76.043396,7.45098066,23.48783112,22.9907341,-
Sun Nov 26 15:23:39 EST 2017,23:39.4,-76.04351347,36.77126467,10.75,4,-43.40000153,287,6.24407816,6.4739213,3.86903,-0.01180156,-,16.86274529,-0.03162023,0.57792759,0.65212095,0.32173091,27.84313774,27.84313774,-,-,55.40000153,22.74218559,14.64881134,-,1365,-,-142.3884583,36.77126312,-76.04351044,7.45098066,24.04706573,23.61210442,-
Sun Nov 26 15:23:40 EST 2017,23:40.4,-76.04360763,36.77132162,10.75,4,-44.29999924,300.5,7.96790314,2.60489154,4.75009632,0.01379738,-,16.86274529,-0.03612935,0.78488815,0.31629819,0.36078009,26.66666794,27.05882454,-,-,55.40000153,22.74425125,14.64881134,-,1390,-,-145.3412018,36.77132034,-76.04360962,7.84313726,24.04706573,23.61210442,21.53759003
Sun Nov 26 15:23:41 EST 2017,23:41.4,-76.04370796,36.77137401,10.5,4,-44.59999847,302.5,8.31266785,0.45968673,4.63517427,0.02410613,-,16.47058868,-0.0283405,0.84736669,0.04685899,0.37249482,26.66666794,27.05882454,-,-,55.40000153,22.74982452,14.64881134,-,1388,-,-146.3254547,36.77137375,-76.0437088,7.05882359,23.48783112,24.23347664,21.37511253
Sun Nov 26 15:23:42 EST 2017,23:42.4,-76.04379749,36.77143828,10.75,4,-45.20000076,306.5,9.19373417,1.03429508,5.13316822,0.02038726,-,16.07843208,0.03997992,0.89813066,0.01952458,0.42325872,25.49019623,25.49019623,-,-,55.40000153,22.7533226,14.64881134,-,1395,-,-148.2939606,36.7714386,-76.04380035,6.66666698,24.04706573,24.23347664,21.37511253
Sun Nov 26 15:23:43 EST 2017,23:43.4,-76.04389426,36.77150183,10.75,4,-45.59999847,308.2,8.15943909,1.18752408,4.36702394,0.00741361,-,15.29411793,0.01272122,0.87079626,0.19915071,0.37639979,24.70588303,25.09803963,-,-,55.40000153,22.75680542,14.64881134,-,1392,-,-149.6062927,36.77150345,-76.04389191,5.49019623,24.04706573,24.23347664,21.37511253
Sun Nov 26 15:23:44 EST 2017,23:44.4,-76.04398794,36.77157272,10.75,4,-46.20000076,310.5,7.77636719,2.22181916,4.48194551,0.01649558,-,15.29411793,-0.01324847,0.77707827,0.3397277,0.40373418,25.09803963,25.09803963,-,-,55.40000153,22.75881577,14.64881134,-,1354,-,-151.5747986,36.77157211,-76.04399109,5.49019623,24.04706573,23.61210442,21.37511253
Sun Nov 26 15:23:45 EST 2017,23:45.4,-76.04407652,36.77164175,10.5,4,-46.5,312.2,7.58483076,3.56257224,4.40533113,-0.00745239,-,15.29411793,-0.10045924,0.67555046,0.33191785,0.39201942,25.09803963,25.09803963,-,-,55.40000153,22.76134872,14.64881134,-,1348,-,-152.5590515,36.77164078,-76.04407501,5.49019623,23.48783112,22.9907341,-
Sun Nov 26 15:23:46 EST 2017,23:46.4,-76.04416559,36.77170551,10.5,3,-46.40000153,314.5,6.93360806,3.715801,3.98395157,-0.00733927,-,16.47058868,0.03904783,0.78098321,0.48030469,0.38811451,26.66666794,26.66666794,-,-,55.40000153,22.76188469,14.64881134,-,1348,-,-152.2309723,36.77170563,-76.04416656,7.05882359,23.48783112,22.9907341,-
Sun Nov 26 15:23:47 EST 2017,23:47.4,-76.04424615,36.77177932,10.5,4,-45.29999924,318.6,7.77636719,3.25611424,4.67348194,-0.00922844,-,16.07843208,-0.03974554,0.69117016,0.44906533,0.39201942,26.66666794,26.66666794,-,-,55.40000153,22.76241493,14.64881134,-,1339,-,-148.6220398,36.77177811,-76.04424286,6.66666698,23.48783112,22.9907341,-
Sun Nov 26 15:23:48 EST 2017,23:48.4,-76.04431774,36.77185028,10.25,4,-45.59999847,321,7.92959595,4.48194551,4.48194551,0.00934372,-,16.47058868,-0.00461881,0.74193406,0.45297024,0.3842096,26.66666794,27.05882454,-,-,55.40000153,22.76294708,14.64881134,-,1340,-,-149.6062927,36.77185059,-76.04431915,6.66666698,22.9285965,22.9907341,-
Sun Nov 26 15:23:49 EST 2017,23:49.4,-76.04437568,36.77192759,10,5,-46,325.5,6.85699368,5.05655384,4.32871675,0.0213553,-,16.47058868,0.00647166,0.76926845,0.49592432,0.317826,27.05882454,27.05882454,-,-,55.40000153,22.76347351,14.64881134,-,1346,-,-150.9186401,36.77192688,-76.04437256,7.05882359,22.36936378,22.9907341,-
Sun Nov 26 15:23:50 EST 2017,23:50.4,-76.04442745,36.77201757,10.5,4,-46,331.4,6.51222849,5.13316822,4.32871675,-0.00389283,-,16.47058868,-0.02593289,0.62088162,0.58573741,0.36858991,27.05882454,27.05882454,-,-,55.40000153,22.76452065,14.64881134,-,1343,-,-150.9186401,36.77201843,-76.04442596,7.05882359,23.48783112,22.9907341,-
Sun Nov 26 15:23:51 EST 2017,23:51.4,-76.04445258,36.77210512,10,4,-46.40000153,339.9,5.93762016,6.12915611,4.59686708,-0.0178782,-,16.47058868,-0.00317123,0.62478656,0.56621277,0.4310686,27.05882454,27.45098114,-,-,55.40000153,22.76503944,14.64881134,-,1338,-,-152.2309723,36.77210617,-76.04444885,7.05882359,22.36936378,22.9907341,-
Sun Nov 26 15:23:52 EST 2017,23:52.4,-76.04446781,36.77219604,9.5,4,-46.09999847,348.9,6.28238535,5.43962622,4.13718033,-0.01128932,-,14.90196133,-0.06015107,0.67164552,0.50373417,0.32173091,26.66666794,26.27450943,-,-,55.40000153,22.76555824,14.64881134,-,1330,-,-151.2467194,36.77219772,-76.04446411,5.09803915,21.25089455,22.9907341,-
Sun Nov 26 15:23:53 EST 2017,23:53.4,-76.04446908,36.77229111,10,4,-44.90000153,359,7.08683681,4.8267107,5.63116217,0.0646866,-,14.90196133,-0.04597091,0.71850449,0.49982923,0.27877685,24.31372643,24.31372643,-,-,55.40000153,22.76465034,14.64881134,-,1321,-,-147.3097229,36.77228928,-76.04447174,5.09803915,22.36936378,22.36936378,-
Sun Nov 26 15:23:54 EST 2017,23:54.4,-76.04446954,36.77238319,10.5,5,-44.5,0.5,6.74207211,4.55855989,4.36702394,-0.0171091,-,14.90196133,-0.02015396,0.67164552,0.55059314,0.35297027,24.31372643,22.35294151,-,-,55.40000153,22.76375008,14.64881134,-,1311,-,-145.9973755,36.77238464,-76.04447174,5.09803915,23.48783112,22.36936378,-
Sun Nov 26 15:23:55 EST 2017,23:55.4,-76.04444384,36.772488,10.75,4,-44.40000153,6.8,6.01423454,4.90332508,3.98395157,-0.00866439,-,14.50980377,0.00653231,0.66774058,0.56621277,0.39592433,25.49019623,26.27450943,-,-,55.40000153,22.76285172,14.64881134,-,1282,-,-145.6692963,36.77248764,-76.04444122,4.70588255,24.04706573,22.36936378,-
Sun Nov 26 15:23:56 EST 2017,23:56.4,-76.04439611,36.77258171,10.5,4,-44.09999847,16.1,6.66545773,6.28238535,3.83072281,0.00271122,-,16.47058868,-0.02507951,0.66774058,0.51544887,0.38811451,24.70588303,24.31372643,-,-,55.40000153,22.76054573,14.64881134,-,1285,-,-144.6850281,36.77258301,-76.04439545,7.05882359,23.48783112,21.74799156,-
Sun Nov 26 15:23:57 EST 2017,23:57.4,-76.04434738,36.77265055,10,4,-44.09999847,23.9,7.16345167,3.40934324,4.63517427,-0.04438168,-,14.50980377,0.02795995,0.76536351,0.41392109,0.44668823,21.17647171,20.7843132,-,-,55.40000153,22.75737,14.64881134,-,1238,-,-144.6850281,36.77265167,-76.04434967,4.70588255,22.36936378,21.74799156,-
Sun Nov 26 15:23:58 EST 2017,23:58.4,-76.04428403,36.77273001,10,4,-44.20000076,28.9,7.66144562,2.14520478,4.55855989,0.00329928,-,14.50980377,0.01241982,0.78488815,0.22648512,0.49745214,14.11764717,14.11764717,-,-,55.40000153,22.75368881,14.64881134,-,1222,-,-145.0131226,36.77273178,-76.04428101,4.70588255,22.36936378,21.12662125,-
Sun Nov 26 15:23:59 EST 2017,23:59.4,-76.04422177,36.77280526,9.75,4,-43.90000153,32.7,6.05254173,4.32871675,6.7803793,0.01027212,-,14.11764717,-0.04978511,0.63259637,0.41001618,0.4779276,14.11764717,14.11764717,-,-,55.40000153,22.74582291,14.64881134,-,1131,-,-144.0288696,36.77280426,-76.04421997,4.31372547,21.81012726,19.26250648,-
Sun Nov 26 15:24:00 EST 2017,24:00.4,-76.04416578,36.77285955,8.5,4,-43.90000153,37.1,0.91937345,8.27436066,5.24809027,-0.00780846,-,14.11764717,-0.02494648,0.16010156,0.77707827,0.46621281,14.11764717,14.11764717,-,-,55.40000153,22.73101616,14.64881134,-,946,-,-144.0288696,36.77285767,-76.04416656,3.92156863,19.01395798,16.15565109,-
Sun Nov 26 15:24:01 EST 2017,24:01.4,-76.04410642,36.77289875,7.25,4,-43.29999924,46.3,-8.88727665,2.94965649,3.29442143,0.07163467,-,13.72549057,0.00392145,-0.89422578,0.28505886,0.25534737,14.11764717,14.11764717,-,-,55.40000153,22.71069908,14.64881134,-,1120,-,-142.0603638,36.77289963,-76.04410553,3.92156863,16.21778679,13.67016602,-
Sun Nov 26 15:24:02 EST 2017,24:02.4,-76.04403851,36.77292798,6.25,3,-42.59999847,64.8,-7.69975281,-5.20978308,3.79241538,0.0394787,-,13.72549057,0.01548231,-0.85517663,-0.39830142,0.27487195,14.11764717,14.50980377,-,-,55.40000153,22.68769264,14.64881134,-,1016,-,-139.7637787,36.77292633,-76.04403687,3.92156863,13.98085213,12.42742348,-
Sun Nov 26 15:24:03 EST 2017,24:03.4,-76.04397181,36.77292736,6,4,-42.40000153,89,-9.80665016,0.22984336,3.21780705,0.04167126,-,16.47058868,0.03915795,-1.00746834,-0.0741934,0.1421048,26.66666794,27.45098114,-,-,55.40000153,22.66340446,14.64881134,-,1001,-,-139.1076202,36.77292633,-76.0439682,6.66666698,13.42161655,11.80605221,-
Sun Nov 26 15:24:03 EST 2017,24:04.4,-76.04397181,36.77292736,6,4,-42.40000153,89,5.43962622,4.25210238,4.02225876,-0.03513316,-,17.25490189,-0.02188405,0.55840296,0.60526198,0.42716369,23.52941132,27.45098114,-,-,55.40000153,22.64199066,14.64881134,-,1210,-,-139.1076202,36.77292633,-76.0439682,7.84313726,13.42161655,13.04879475,11.36521339
Sun Nov 26 15:24:04 EST 2017,24:05.4,-76.04391325,36.77290867,5.75,4,-42.90000153,111.3,8.65743351,1.76213241,5.5162406,0.00348358,-,13.72549057,-0.02339844,0.82003236,0.16400647,0.40373418,14.11764717,14.11764717,-,-,55.40000153,22.62205315,14.64881134,-,1068,-,-140.7480316,36.77290726,-76.04391479,3.92156863,12.86238289,13.67016602,11.36521339
Sun Nov 26 15:24:06 EST 2017,24:06.4,-76.04379347,36.7728483,6,4,-43,121.3,7.89128876,0.22984336,5.17147589,-0.00657435,-,13.72549057,0.00117424,0.80050778,0.06247865,0.49745214,14.11764717,14.11764717,-,-,55.40000153,22.60082626,14.64881134,-,890,-,-141.0761108,36.77285004,-76.04379272,3.92156863,13.42161655,13.04879475,11.36521339
Sun Nov 26 15:24:07 EST 2017,24:07.4,-76.04373498,36.77281801,6,4,-43.29999924,120.7,8.15943909,1.11090958,6.16746378,0.03532364,-,13.33333397,0.03636427,0.78879303,-0.00390492,0.57164556,14.11764717,14.11764717,-,-,55.40000153,22.57557106,14.64881134,-,857,-,-142.0603638,36.77281952,-76.04373169,3.13725495,13.42161655,11.18468189,11.36521339
Sun Nov 26 15:24:08 EST 2017,24:08.4,-76.04368463,36.7727935,5.5,5,-43.29999924,119.3,7.431602,0.30645782,6.12915611,0.01025283,-,13.33333397,-0.01720737,0.7575537,0.03123933,0.52478653,14.11764717,14.11764717,-,-,55.40000153,22.5062294,14.64881134,-,788,-,-142.0603638,36.77279282,-76.04368591,3.52941179,12.30314922,5.59234095,-
