GPS Time, Device Time, Longitude, Latitude,GPS Speed (Meters/second), Horizontal Dilution of Precision, Altitude, Bearing, G(x), G(y), G(z), G(calibrated), 1/4 mile time(s),Absolute Throttle Position B(%),Acceleration Sensor(Total)(g),Acceleration Sensor(X axis)(g),Acceleration Sensor(Y axis)(g),Acceleration Sensor(Z axis)(g),Accelerator PedalPosition D(%),Accelerator PedalPosition E(%),Accelerator PedalPosition F(%),Actual engine % torque(%),Ambient air temp(°F),Average trip speed(whilst moving only)(mph),Barometric pressure (from vehicle)(psi),Drivers demand engine % torque(%),Engine RPM(rpm),Fuel pressure(psi),GPS Altitude(ft),GPS Latitude(°),GPS Longitude(°),Relative Throttle Position(%),Speed (GPS)(mph),Speed (OBD)(mph),Torque(Nm)
Sun Nov 19 01:35:26 EST 2017,35:25.8,-76.04959287,36.83859731,7.5,4,-31.5,311.8,-1.30244577,8.92558384,2.22181916,-0.03403574,-,16.47058868,-0.00898974,-0.15229172,0.94108468,0.16943921,29.41176605,-,-,-,64.40000153,22.68004799,14.35873604,-,1440,-,-103.3464584,36.83859634,-76.04959106,7.05882359,16.77702141,19.26250648,-
Sun Nov 19 01:35:27 EST 2017,35:26.6,-76.04967159,36.83862706,8.25,3,-32.20000076,298.2,-1.76213241,9.46188545,2.64319873,0.03642362,-,16.47058868,-0.06412902,-0.11714748,0.89813066,0.13429496,29.41176605,-,-,-,64.40000153,22.59531593,14.35873604,-,1636,-,-105.6430435,36.83862686,-76.04967499,7.05882359,18.45472336,21.74799156,-
Sun Nov 19 01:35:29 EST 2017,35:28.8,-76.04989892,36.83865883,10.5,3,-32.5,277.8,-0.57460839,9.50019264,1.26413846,-0.00229061,-,32.94117737,-0.02095622,-0.05857374,0.96841919,0.02886223,44.70588303,-,-,-,66.19999695,22.68004799,14.35873604,-,1820,-,-106.6272965,36.83865738,-76.04989624,22.35294151,23.48783112,23.61210442,72.29727936
Sun Nov 19 01:35:31 EST 2017,35:30.9,-76.05019136,36.83866558,13.5,4,-32.40000153,270.8,0.65122288,9.34696388,1.37906015,-0.0156008,-,52.94117737,-0.03427097,0.06638357,0.95279956,0.04057698,44.70588303,-,-,-,66.19999695,23.37311554,14.35873604,-,2360,-,-106.2992172,36.83866501,-76.05019379,48.23529434,30.19863892,31.68992996,146.9290161
Sun Nov 19 01:35:33 EST 2017,35:33.0,-76.05056354,36.8386695,17,3,-32.5,271.5,0,9.95987892,1.9153614,0.0528813,-,52.94117737,0.03423455,0,1.0152781,0.09524581,44.70588303,-,-,-,66.19999695,24.49977684,14.35873604,-,2951,-,-106.6272965,36.83866882,-76.05056,38.03921509,38.02791595,39.14638519,149.7645569
Sun Nov 19 01:35:36 EST 2017,35:35.2,-76.05122418,36.83869211,20.5,3,-32.70000076,271.2,-0.03830723,9.50019264,1.72382522,0.01093772,-,42.74509811,-0.01054597,0.01561966,0.96451426,0.11867531,44.70588303,-,-,-,66.19999695,25.84904099,14.35873604,-,2538,-,-107.9396362,36.83869171,-76.05122375,32.15686417,45.85719299,44.73872757,143.0485535
Sun Nov 19 01:35:38 EST 2017,35:37.3,-76.05171565,36.83869646,22,3,-33.09999847,270.5,0.38307226,9.11711979,2.41335535,-0.00807007,-,27.84313774,-0.03749968,0.03904916,0.92936999,0.14600971,37.25490189,-,-,-,66.19999695,27.30149651,14.35873604,-,2132,-,-108.5957947,36.83869553,-76.05171204,20,49.21259689,49.0883255,138.1240845
Sun Nov 19 01:35:40 EST 2017,35:39.5,-76.05223474,36.83869939,23,3,-33.5,269.9,0.91937345,9.00219822,3.10288548,-0.00584936,-,18.4313736,-0.03534605,0.11714748,0.91375035,0.18505886,24.70588303,-,-,-,66.19999695,28.69272995,14.35873604,-,2213,-,-109.9081345,36.83869934,-76.05223846,8.23529434,51.44953156,50.95243835,59.27588654
Sun Nov 19 01:35:42 EST 2017,35:42.0,-76.05275027,36.83870534,22.75,3,-33,270.6,0.03830723,10.22802925,2.60489154,0.09490174,-,41.5686264,-0.04589094,0.01171475,0.92546505,0.13039005,24.70588303,-,-,-,64.40000153,29.89485741,14.35873604,-,1762,-,-108.2677155,36.83870697,-76.05274963,31.37254906,50.89030075,50.33106613,59.27588654
Sun Nov 19 01:35:44 EST 2017,35:44.0,-76.05327055,36.83871483,23.5,3,-32.59999847,271.7,0.68953007,9.34696388,2.41335535,0.00555372,-,32.54901886,-0.00161104,0.03904916,0.96841919,0.1381999,24.70588303,-,-,-,64.40000153,31.10126305,14.35873604,-,1863,-,-106.9553757,36.8387146,-76.05326843,25.09803963,52.56800079,52.81655121,-
Sun Nov 19 01:35:46 EST 2017,35:46.1,-76.05381649,36.838732,24.5,3,-32.90000153,271.9,0.9576807,8.00621033,3.10288548,-0.10029644,-,17.64705849,-0.02500908,0.08200324,0.90984541,0.23972771,14.11764717,-,-,-,64.40000153,32.31130219,14.35873604,-,1943,-,-107.9396362,36.83873367,-76.05381775,16.47058868,54.80493546,55.30203629,109.5153809
Sun Nov 19 01:35:49 EST 2017,35:48.7,-76.05466139,36.8387432,25,5,-32.90000153,271.1,0.5363012,9.11711979,2.98796368,0.00052573,-,16.86274529,-0.0201306,0.05466883,0.92936999,0.20458345,14.11764717,-,-,-,64.40000153,33.40610123,14.35873604,-,1907,-,-107.9396362,36.8387413,-76.05466461,10.1960783,55.92340851,55.30203629,109.5153809
Sun Nov 19 01:35:51 EST 2017,35:50.9,-76.05522563,36.83875735,25.25,6,-33,271.5,-0.03830723,8.46589756,2.52827692,-0.02502247,-,16.86274529,-0.09177383,-0.03514424,0.84736669,0.22410804,14.11764717,-,-,-,64.40000153,34.31663513,14.35873604,-,1864,-,-108.2677155,36.83875656,-76.05522919,10.1960783,56.48263931,53.43792343,-
Sun Nov 19 01:35:53 EST 2017,35:52.9,-76.05576461,36.83874042,24.25,4,-33.09999847,267.4,-1.72382522,8.96389103,3.52426481,0.01643658,-,16.86274529,0.01783114,-0.19915071,0.92936999,0.26315722,14.11764717,-,-,-,64.40000153,35.1750145,14.35873604,-,1902,-,-108.5957947,36.8387413,-76.05576324,10.1960783,54.24570084,54.05929184,26.70034409
Sun Nov 19 01:35:55 EST 2017,35:55.0,-76.05628442,36.8386663,24,4,-33.79999924,261.1,-1.8770541,9.42357826,3.25611424,0.01285423,-,31.37254906,0.03454439,-0.19134088,0.96060938,0.23191786,41.5686264,-,-,-,64.40000153,35.98774719,14.35873604,-,1925,-,-110.8923874,36.83866501,-76.05628204,23.92156982,53.68646622,54.68066406,35.35043716
Sun Nov 19 01:35:57 EST 2017,35:57.1,-76.05678034,36.83846936,24.5,4,-32.59999847,245.8,0.15322891,8.42759037,3.29442143,-0.05848062,-,16.86274529,-0.07716543,0.01561966,0.85908157,0.23582277,28.62745094,-,-,-,64.40000153,36.78517532,14.35873604,-,1963,-,-106.9553757,36.83847046,-76.05677795,9.8039217,54.80493546,55.92340851,51.10618591
Sun Nov 19 01:35:59 EST 2017,35:59.1,-76.05723586,36.83822025,24.25,4,-33.20000076,236.6,1.30244577,9.27034855,2.22181916,-0.00022072,-,25.88235283,0.01833323,0.17962612,0.97232407,0.1421048,28.62745094,-,-,-,64.40000153,37.52126312,14.35873604,-,2034,-,-108.9238892,36.83821869,-76.05723572,10.98039246,54.24570084,55.92340851,51.10618591
Sun Nov 19 01:36:02 EST 2017,36:01.3,-76.05795617,36.83784905,25.5,5,-33.5,238.1,1.68551803,8.23605347,2.98796368,-0.00455482,-,20.3921566,-0.09021271,0.1718163,0.83955687,0.20458345,14.11764717,-,-,-,64.40000153,38.22583771,14.35873604,-,1970,-,-109.9081345,36.83784866,-76.05795288,20,57.04187393,56.54477692,26.71088219
Sun Nov 19 01:36:04 EST 2017,36:03.4,-76.05847744,36.83766257,25.75,3,-34,245.5,0.42137951,8.38928318,3.25611424,-0.02951201,-,16.86274529,-0.04695505,0.05466883,0.89422578,0.22410804,23.13725471,-,-,-,64.40000153,38.90227509,14.35873604,-,1983,-,-111.5485535,36.83766174,-76.05847931,7.45098066,57.60110855,57.16614914,25.46983719
Sun Nov 19 01:36:06 EST 2017,36:05.4,-76.05898629,36.83747019,25.5,4,-33.90000153,244.7,1.22583127,9.30865574,3.02627087,-0.00344273,-,26.27450943,0.07029825,0.12495731,1.01918304,0.20067854,23.13725471,-,-,-,64.40000153,39.51063919,14.35873604,-,1977,-,-111.2204742,36.83747101,-76.05898285,18.8235302,57.04187393,56.54477692,25.46983719
Sun Nov 19 01:36:08 EST 2017,36:07.6,-76.05951577,36.83727628,25.75,3,-33.90000153,245.1,0.8810662,9.88326454,3.29442143,0.08475596,-,18.8235302,0.06612004,0.08981306,1.00746834,0.23582277,30.58823586,-,-,-,64.40000153,40.09915543,14.35873604,-,1975,-,-111.2204742,36.83727646,-76.05951691,7.45098066,57.60110855,57.16614914,27.42351913
Sun Nov 19 01:36:10 EST 2017,36:09.8,-76.06003878,36.83708775,25.5,3,-34.20000076,245.8,1.07260239,8.81066227,3.56257224,-0.00972325,-,16.86274529,-0.01790629,0.06638357,0.92156017,0.23191786,16.47058868,-,-,-,64.40000153,40.62966156,14.35873604,-,1972,-,-112.2047272,36.83708954,-76.06003571,8.23529434,57.04187393,56.54477692,27.42351913
Sun Nov 19 01:36:12 EST 2017,36:12.0,-76.06054791,36.83689044,25,4,-34,244.7,2.26012635,8.42759037,2.7581203,-0.04818267,-,16.86274529,-0.0256901,0.18743597,0.90594047,0.20458345,27.84313774,-,-,-,64.40000153,41.10758972,14.35873604,-,1938,-,-111.5485535,36.83689117,-76.06054688,7.45098066,55.92340851,55.92340851,-
Sun Nov 19 01:36:15 EST 2017,36:14.2,-76.06133243,36.83663806,24.75,4,-33.59999847,250,1.49398184,8.61912632,2.83473492,-0.03711328,-,20.7843132,-0.06232098,0.15229172,0.87860614,0.1889638,29.41176605,-,-,-,64.40000153,41.53772354,14.35873604,-,1922,-,-110.2362137,36.8366394,-76.0613327,11.76470566,55.36417389,55.30203629,-
Sun Nov 19 01:36:17 EST 2017,36:16.4,-76.06187855,36.83649936,24.75,3,-33.09999847,253.7,1.41736746,9.15542698,3.02627087,0.01249993,-,19.2156868,-0.02730453,0.13276714,0.91765523,0.19286871,28.23529434,-,-,-,64.40000153,41.94255447,14.35873604,-,1916,-,-108.5957947,36.83649826,-76.06188202,10.1960783,55.36417389,55.30203629,-
Sun Nov 19 01:36:18 EST 2017,36:18.5,-76.06215206,36.83643974,24.75,3,-33,255,1.41736746,9.11711979,2.98796368,0.00529599,-,19.6078434,-0.00294935,0.14838681,0.94108468,0.19286871,28.23529434,-,-,-,64.40000153,42.3242569,14.35873604,-,1911,-,-108.2677155,36.83644104,-76.06214905,10.58823586,55.36417389,55.30203629,-
Sun Nov 19 01:36:21 EST 2017,36:20.6,-76.06295938,36.83628967,24.5,4,-32.90000153,257.8,1.18752408,9.27034855,2.79642749,0.01344335,-,22.74509811,0.01054927,0.1444819,0.96060938,0.17724904,28.23529434,-,-,-,64.40000153,42.65022659,14.35873604,-,1887,-,-107.9396362,36.83628845,-76.06295776,14.11764717,54.80493546,54.05929184,-
Sun Nov 19 01:36:23 EST 2017,36:22.8,-76.06348745,36.83621926,24,3,-31.39999962,261.4,1.26413846,9.30865574,2.79642749,-0.00156075,-,22.74509811,-0.00052662,0.12886222,0.9488945,0.18505886,32.94117737,-,-,-,64.40000153,42.94178772,14.35873604,-,1871,-,-103.0183716,36.83621979,-76.06348419,14.11764717,53.68646622,53.43792343,-
Sun Nov 19 01:36:25 EST 2017,36:25.0,-76.06401484,36.83616518,23.75,4,-30.29999924,263.4,1.07260239,8.92558384,2.71981311,-0.01505662,-,28.23529434,-0.05908014,0.15229172,0.89813066,0.13429496,38.4313736,-,-,-,64.40000153,43.20164871,14.35873604,-,1843,-,-99.40944672,36.83616638,-76.06401825,20.7843132,53.12723541,52.81655121,-
Sun Nov 19 01:36:28 EST 2017,36:27.2,-76.06482232,36.83611683,24.25,3,-27.5,266.8,1.80043972,8.50420475,2.37504816,-0.06241465,-,23.52941132,-0.09161424,0.1952458,0.84736669,0.16162936,33.33333206,-,-,-,64.40000153,43.48004913,14.35873604,-,1908,-,-90.22309875,36.83611679,-76.06481934,15.68627453,54.24570084,54.05929184,48.36476898
Sun Nov 19 01:36:30 EST 2017,36:29.4,-76.0653677,36.83612254,24.25,3,-27.29999924,271,1.14921677,8.81066227,2.60489154,-0.03714055,-,22.35294151,-0.05581808,0.11714748,0.89813066,0.1655343,32.54901886,-,-,-,64.40000153,43.74453354,14.35873604,-,1910,-,-89.56692505,36.83612442,-76.06536865,12.54901981,54.24570084,54.05929184,48.36476898
Sun Nov 19 01:36:32 EST 2017,36:31.4,-76.06590378,36.83615078,24,4,-27.39999962,274,0.2681506,8.46589756,2.56658411,-0.07881224,-,20.3921566,-0.018186,0.06638357,0.92936999,0.20848836,32.54901886,-,-,-,64.40000153,43.98095703,14.35873604,-,1854,-,-89.8950119,36.83615112,-76.06590271,11.37254906,53.68646622,53.43792343,-
Sun Nov 19 01:36:34 EST 2017,36:33.6,-76.06642854,36.83618612,23.75,4,-27.79999924,274.8,1.26413846,8.84896946,2.64319873,0.05262291,-,22.74509811,-0.04948006,0.12886222,0.90203559,0.16943921,32.54901886,-,-,-,64.40000153,44.19132996,14.35873604,-,1870,-,-91.20734406,36.83618546,-76.06642914,14.90196133,53.12723541,52.81655121,-
Sun Nov 19 01:36:36 EST 2017,36:35.6,-76.0669555,36.8362352,24,4,-28.60000038,276.7,0.84275901,8.73404789,2.83473492,0.02185944,-,22.35294151,-0.08100118,0.12495731,0.86689138,0.17724904,32.54901886,-,-,-,64.40000153,44.40636444,14.35873604,-,1875,-,-93.83202362,36.83623505,-76.06695557,14.11764717,53.68646622,53.43792343,24.40238762
Sun Nov 19 01:36:38 EST 2017,36:37.7,-76.06749158,36.83630003,24,4,-29.10000038,278.2,0.84275901,8.92558384,2.98796368,-0.01458136,-,17.25490189,-0.03635892,0.08590815,0.90984541,0.20458345,32.54901886,-,-,-,64.40000153,44.6257515,14.35873604,-,1888,-,-95.47244263,36.8362999,-76.06748962,7.45098066,53.68646622,54.05929184,26.92516518
Sun Nov 19 01:36:40 EST 2017,36:39.7,-76.06802901,36.83637421,24,4,-29.5,279.2,0.76614451,9.0788126,2.94965649,-0.01169193,-,23.92156982,-0.04814057,0.05857374,0.90594047,0.18505886,32.54901886,-,-,-,64.40000153,44.82157516,14.35873604,-,1852,-,-96.78477478,36.83637238,-76.06803131,14.90196133,53.68646622,53.43792343,26.92516518
Sun Nov 19 01:36:42 EST 2017,36:41.9,-76.06857102,36.83644965,24.5,4,-29.89999962,279.4,0.72783732,9.30865574,2.9113493,0.01598549,-,21.17647171,-0.00267392,0.0741934,0.9488945,0.19677362,30.58823586,-,-,-,64.40000153,45.03590393,14.35873604,-,1909,-,-98.09711456,36.83644867,-76.068573,12.54901981,54.80493546,54.68066406,54.11301041
Sun Nov 19 01:36:44 EST 2017,36:43.9,-76.06912034,36.8365166,25,4,-30.39999962,279.4,0.5363012,9.50019264,3.02627087,0.03683573,-,23.13725471,0.01818343,0.05466883,0.96841919,0.20848836,30.58823586,-,-,-,64.40000153,45.26755524,14.35873604,-,1948,-,-99.73753357,36.83651733,-76.06912231,15.68627453,55.92340851,55.92340851,49.18328094
Sun Nov 19 01:36:46 EST 2017,36:45.9,-76.06967365,36.83658846,25,4,-30.60000038,278.9,0.91937345,9.38527107,2.83473492,0.02277619,-,22.35294151,0.00411908,0.09371798,0.95670444,0.1889638,30.58823586,-,-,-,64.40000153,45.48955154,14.35873604,-,1984,-,-100.3936997,36.83658981,-76.06967163,14.11764717,55.92340851,55.92340851,49.18328094
Sun Nov 19 01:36:48 EST 2017,36:47.9,-76.07023665,36.83666407,25.25,4,-30.89999962,279.3,0.61291564,9.11711979,3.17949986,0.00524443,-,16.86274529,-0.03301572,0.07809832,0.90594047,0.22801295,30.58823586,-,-,-,64.40000153,45.71516418,14.35873604,-,1964,-,-101.3779526,36.83666229,-76.07023621,6.66666698,56.48263931,56.54477692,26.92538452
Sun Nov 19 01:36:50 EST 2017,36:49.9,-76.07078797,36.83673871,25,4,-30.70000076,279.4,0.42137951,8.81066227,3.10288548,-0.00421033,-,21.17647171,-0.04650686,0.04295408,0.89813066,0.21629821,30.58823586,-,-,-,64.40000153,45.90690231,14.35873604,-,1918,-,-100.7217865,36.83673859,-76.07078552,12.15686321,55.92340851,55.30203629,26.92538452
Sun Nov 19 01:36:52 EST 2017,36:51.9,-76.07133112,36.83681607,24.75,4,-31,279.1,0.8810662,9.00219822,3.06457806,-0.00143469,-,20.3921566,-0.02614438,0.08981306,0.91765523,0.21239327,30.58823586,-,-,-,64.40000153,46.09112167,14.35873604,-,1936,-,-101.7060394,36.83681488,-76.07133484,11.76470566,55.36417389,55.30203629,-
Sun Nov 19 01:36:55 EST 2017,36:54.1,-76.07214536,36.83692334,24.75,4,-31.20000076,279.1,0.84275901,9.42357826,3.10288548,-0.01552598,-,20.7843132,-0.04488393,0.09371798,0.89032084,0.23191786,29.80392265,-,-,-,64.40000153,46.26825714,14.35873604,-,1917,-,-102.3622055,36.83692169,-76.07214355,11.76470566,55.36417389,55.30203629,-
Sun Nov 19 01:36:57 EST 2017,36:56.1,-76.07269863,36.83699648,24.75,4,-31.60000038,279.3,0.80445176,8.88727665,3.02627087,-0.00650736,-,23.13725471,-0.03759481,0.05076391,0.91375035,0.19677362,29.80392265,-,-,-,64.40000153,46.42697906,14.35873604,-,1905,-,-103.6745453,36.83699799,-76.0727005,14.50980377,55.36417389,54.68066406,-
Sun Nov 19 01:36:59 EST 2017,36:58.2,-76.07324166,36.83706498,24.75,4,-31.89999962,279.2,0.8810662,8.92558384,2.7581203,-0.0071106,-,23.52941132,-0.04315212,0.08981306,0.90984541,0.18115395,29.80392265,-,-,-,64.40000153,46.5913353,14.35873604,-,1922,-,-104.6587906,36.83706665,-76.07324219,14.90196133,55.36417389,55.30203629,26.93578529
Sun Nov 19 01:37:01 EST 2017,37:00.4,-76.07379824,36.83714031,25,4,-32.29999924,279.5,0.72783732,8.6957407,2.9113493,-0.0432834,-,23.13725471,-0.07461441,0.05076391,0.8747012,0.19677362,31.76470566,-,-,-,64.40000153,46.76100922,14.35873604,-,1942,-,-105.9711227,36.83713913,-76.07379913,15.29411793,55.92340851,55.92340851,26.65371323
Sun Nov 19 01:37:03 EST 2017,37:02.5,-76.07435472,36.83721208,25.5,4,-32.09999847,279.2,0.65122288,9.23204136,2.83473492,-0.00702231,-,22.35294151,-0.01297795,0.06638357,0.94108468,0.1889638,31.76470566,-,-,-,64.40000153,46.93571472,14.35873604,-,1960,-,-105.3149567,36.83721161,-76.07435608,13.72549057,57.04187393,56.54477692,24.80271149
Sun Nov 19 01:37:05 EST 2017,37:04.6,-76.07491794,36.83728559,25.5,4,-32.40000153,279,0.68953007,9.04050541,3.14119267,-0.02017291,-,17.64705849,-0.00950563,0.06247865,0.92936999,0.23582277,31.76470566,-,-,-,64.40000153,47.10429382,14.35873604,-,1971,-,-106.2992172,36.83728409,-76.07492065,7.45098066,57.04187393,56.54477692,24.80271149
Sun Nov 19 01:37:07 EST 2017,37:06.8,-76.0754766,36.83735024,25.25,4,-32.70000076,278.8,0.72783732,8.6957407,2.64319873,-0.05157256,-,24.31372643,-0.07025506,0.0741934,0.88641596,0.16943921,34.11764908,-,-,-,64.40000153,47.26706314,14.35873604,-,1966,-,-107.2834702,36.83734894,-76.0754776,16.07843208,56.48263931,56.54477692,-
Sun Nov 19 01:37:09 EST 2017,37:08.8,-76.07604106,36.83742061,25.5,4,-32.70000076,278.8,0.72783732,9.00219822,2.87304211,-0.01489037,-,21.17647171,-0.02827762,0.08981306,0.92546505,0.18115395,34.11764908,-,-,-,64.40000153,47.43484497,14.35873604,-,2006,-,-107.2834702,36.83742142,-76.07604218,12.94117641,57.04187393,57.16614914,24.57888603
Sun Nov 19 01:37:11 EST 2017,37:10.8,-76.07661148,36.83750114,25.75,4,-32.20000076,279,0.72783732,9.42357826,2.87304211,0.02599901,-,20.3921566,0.00734309,0.0741934,0.96060938,0.19286871,34.11764908,-,-,-,64.40000153,47.59703064,14.35873604,-,1985,-,-105.6430435,36.83750153,-76.07661438,11.76470566,57.60110855,57.16614914,24.57888603
Sun Nov 19 01:37:13 EST 2017,37:12.8,-76.077178,36.83756868,25.5,5,-32,279,0.91937345,8.81066227,2.9113493,0.00571865,-,20,0.00936327,0.07028849,0.96060938,0.20067854,34.11764908,-,-,-,64.40000153,47.75390625,14.35873604,-,1983,-,-104.9868774,36.83757019,-76.07717896,11.37254906,57.04187393,57.16614914,-
Sun Nov 19 01:37:15 EST 2017,37:14.9,-76.07774213,36.83763583,25.5,5,-31.89999962,279.2,0.91937345,8.73404789,3.21780705,-0.02756059,-,20,-0.04430099,0.06247865,0.90203559,0.20848836,34.11764908,-,-,-,64.40000153,47.89569092,14.35873604,-,1973,-,-104.6587906,36.83763504,-76.07774353,10.98039246,57.04187393,56.54477692,-
Sun Nov 19 01:37:17 EST 2017,37:17.0,-76.07830199,36.83770802,25.25,5,-31.89999962,279.1,0.76614451,9.42357826,3.21780705,0.03706783,-,20,0.01841569,0.07809832,0.96060938,0.22801295,34.11764908,-,-,-,64.40000153,48.03298187,14.35873604,-,1951,-,-104.6587906,36.83770752,-76.07830048,10.98039246,56.48263931,56.54477692,-
Sun Nov 19 01:37:19 EST 2017,37:19.1,-76.07886012,36.83777921,25,5,-31.89999962,278.7,0.8810662,9.34696388,2.98796368,0.02332288,-,20.3921566,-0.02255509,0.10152781,0.92156017,0.20848836,34.11764908,-,-,-,64.40000153,48.15626907,14.35873604,-,1934,-,-104.6587906,36.83778,-76.07885742,10.98039246,55.92340851,55.92340851,-
Sun Nov 19 01:37:22 EST 2017,37:21.1,-76.07968358,36.83788538,25,3,-32.90000153,279.4,0.72783732,9.27034855,2.94965649,0.01344335,-,24.70588303,-0.00521691,0.0741934,0.94498962,0.20067854,34.11764908,-,-,-,64.40000153,48.26620483,14.35873604,-,1966,-,-107.9396362,36.83788681,-76.0796814,16.07843208,55.92340851,55.30203629,-
Sun Nov 19 01:37:24 EST 2017,37:23.3,-76.08023731,36.83797011,25.25,3,-32.09999847,279.5,0.76614451,9.04050541,2.60489154,-0.00577288,-,25.09803963,-0.01855912,0.08981306,0.93327487,0.1889638,34.90196228,-,-,-,64.40000153,48.39163208,14.35873604,-,1968,-,-105.3149567,36.83797073,-76.08023834,16.47058868,56.48263931,56.54477692,53.95560455
Sun Nov 19 01:37:26 EST 2017,37:25.4,-76.08080804,36.83804568,25.75,4,-32.29999924,279.3,0.49799395,8.6957407,2.83473492,-0.04729223,-,25.09803963,-0.06597323,0.05076391,0.88641596,0.1889638,34.90196228,-,-,-,64.40000153,48.5318718,14.35873604,-,2003,-,-105.9711227,36.83804703,-76.08081055,16.86274529,57.60110855,57.78752136,49.90332031
Sun Nov 19 01:37:28 EST 2017,37:27.5,-76.08138528,36.83812748,26.25,3,-32.90000153,279.2,0.72783732,9.27034855,3.06457806,0.01704788,-,23.52941132,-0.00161116,0.0741934,0.94498962,0.21239327,34.90196228,-,-,-,64.40000153,48.67712021,14.35873604,-,2037,-,-107.9396362,36.83812714,-76.08138275,16.07843208,58.71957779,58.40889359,24.473526
Sun Nov 19 01:37:30 EST 2017,37:29.5,-76.08196889,36.83820444,26.5,4,-33.59999847,279,0.65122288,9.23204136,3.14119267,0.01528168,-,23.52941132,-0.00922073,0.04685899,0.94498962,0.19286871,34.90196228,-,-,-,64.40000153,48.82716751,14.35873604,-,2091,-,-110.2362137,36.83820343,-76.08197021,15.68627453,59.27880859,59.03026199,26.4673233
Sun Nov 19 01:37:32 EST 2017,37:31.7,-76.08255916,36.83827833,26.75,4,-33.5,278.8,0.91937345,9.0788126,2.94965649,-0.02419697,-,21.96078491,-0.02207907,0.09371798,0.92546505,0.20067854,31.37254906,-,-,-,64.40000153,48.98180389,14.35873604,-,2084,-,-109.9081345,36.83827972,-76.08255768,13.33333397,59.83804321,59.65163422,26.97005844
Sun Nov 19 01:37:34 EST 2017,37:33.7,-76.08314008,36.83835256,26.75,5,-33.79999924,279,0.68953007,9.23204136,2.98796368,-0.0110739,-,23.13725471,-0.02558048,0.06638357,0.92156017,0.20848836,31.37254906,-,-,-,64.40000153,49.13208008,14.35873604,-,2103,-,-110.8923874,36.8383522,-76.08313751,14.90196133,59.83804321,59.65163422,26.97005844
Sun Nov 19 01:37:36 EST 2017,37:35.8,-76.08374286,36.83843312,27,3,-32.79999924,279.2,0.84275901,8.58081913,2.94965649,-0.01943228,-,23.13725471,-0.07883701,0.06247865,0.87079626,0.19286871,32.15686417,-,-,-,64.40000153,49.28681564,14.35873604,-,2122,-,-107.6115494,36.83843231,-76.08374023,14.90196133,60.39727783,60.27300644,27.97949409
Sun Nov 19 01:37:38 EST 2017,37:37.9,-76.0843377,36.83850171,27,5,-33.40000153,279.1,0.68953007,9.11711979,2.9113493,-0.00286728,-,22.74509811,-0.02153311,0.07028849,0.92936999,0.19677362,29.41176605,-,-,-,64.40000153,49.43731308,14.35873604,-,2123,-,-109.5800552,36.83850098,-76.08433533,14.90196133,60.39727783,60.27300644,27.97949409
Sun Nov 19 01:37:40 EST 2017,37:40.0,-76.084944,36.83858881,27.25,5,-34.5,279.6,0.91937345,9.42357826,3.14119267,0.03589898,-,20.7843132,0.01292465,0.08590815,0.96060938,0.20848836,29.41176605,-,-,-,64.40000153,49.58374023,14.35873604,-,2095,-,-113.1889801,36.83858871,-76.08494568,11.76470566,60.95651245,60.27300644,-
Sun Nov 19 01:37:42 EST 2017,37:42.0,-76.0855505,36.83865685,27,5,-33.90000153,279.1,1.26413846,9.53849983,2.68150592,0.01296417,-,22.74509811,0.01855047,0.12886222,0.97232407,0.17334414,29.41176605,-,-,-,64.40000153,49.72626495,14.35873604,-,2086,-,-111.2204742,36.83865738,-76.0855484,14.50980377,60.39727783,60.27300644,-
Sun Nov 19 01:37:45 EST 2017,37:44.2,-76.08645204,36.83876038,27.25,5,-34,279.1,0.76614451,8.81066227,3.14119267,-0.02430356,-,22.74509811,-0.01740152,0.08981306,0.93327487,0.19286871,32.15686417,-,-,-,64.40000153,49.86503983,14.35873604,-,2095,-,-111.5485535,36.83876038,-76.08644867,14.11764717,60.95651245,60.27300644,-
Sun Nov 19 01:37:47 EST 2017,37:46.2,-76.08705974,36.83884282,27.25,5,-34.40000153,279.1,0.80445176,8.81066227,2.94965649,-0.03033137,-,23.92156982,-0.04900661,0.08200324,0.89813066,0.20067854,32.15686417,-,-,-,64.40000153,50.00020599,14.35873604,-,2102,-,-112.8609009,36.8388443,-76.08705902,16.07843208,60.95651245,60.27300644,-
Sun Nov 19 01:37:49 EST 2017,37:48.3,-76.08765475,36.83890666,27.25,3,-34,277.5,0.99598789,8.77235508,2.79642749,-0.03696287,-,24.70588303,-0.06833685,0.0976229,0.88251102,0.18115395,32.15686417,-,-,-,64.40000153,50.13191223,14.35873604,-,2105,-,-111.5485535,36.83890533,-76.08765411,16.47058868,60.95651245,60.27300644,-
Sun Nov 19 01:37:52 EST 2017,37:51.6,-76.08855717,36.83897467,27.25,3,-33.20000076,275.7,0.80445176,9.04050541,2.87304211,-0.00967156,-,24.70588303,-0.02922025,0.08200324,0.92156017,0.19286871,32.15686417,-,-,-,64.40000153,50.26027679,14.35873604,-,2098,-,-108.9238892,36.838974,-76.08855438,16.47058868,60.95651245,60.27300644,-
Sun Nov 19 01:37:54 EST 2017,37:53.6,-76.08916411,36.83901482,27,3,-32.90000153,274.5,0.9576807,8.15943909,3.44765043,-0.07279015,-,24.70588303,-0.09147987,0.0976229,0.83174706,0.25144243,32.15686417,-,-,-,64.40000153,50.38543701,14.35873604,-,2100,-,-107.9396362,36.83901596,-76.08916473,16.47058868,60.39727783,60.27300644,-
Sun Nov 19 01:37:56 EST 2017,37:55.8,-76.08976855,36.83905911,26.5,3,-30.89999962,273.6,1.30244577,8.84896946,3.17949986,-0.03919922,-,16.07843208,-0.03202211,0.13276714,0.90203559,0.22410804,18.8235302,-,-,-,64.40000153,50.49216461,14.35873604,-,2001,-,-101.3779526,36.83905792,-76.08976746,6.66666698,59.27880859,59.03026199,-
Sun Nov 19 01:37:58 EST 2017,37:58.0,-76.09033935,36.83909101,25.5,3,-30.29999924,272.6,1.03429508,8.50420475,3.10288548,0.0051285,-,17.25490189,-0.07088707,0.10543273,0.86689138,0.21629821,16.07843208,-,-,-,64.40000153,50.56597519,14.35873604,-,1968,-,-99.40944672,36.83909225,-76.09033966,7.84313726,57.04187393,56.54477692,-
Sun Nov 19 01:38:01 EST 2017,38:00.2,-76.09118187,36.8391053,25,3,-30.39999962,269.7,1.07260239,7.73806,2.52827692,-0.1439988,-,20.7843132,-0.15443446,0.05466883,0.80441266,0.15381955,30.19607925,-,-,-,64.40000153,50.63051987,14.35873604,-,1928,-,-99.73753357,36.8391037,-76.09117889,12.15686321,55.92340851,55.92340851,-
Sun Nov 19 01:38:03 EST 2017,38:02.3,-76.09175268,36.8390909,25.25,3,-32,268.9,1.30244577,8.58081913,2.9113493,-0.02598616,-,21.17647171,-0.0665125,0.13276714,0.8747012,0.19677362,30.19607925,-,-,-,64.40000153,50.69353485,14.35873604,-,1936,-,-104.9868774,36.83909225,-76.0917511,12.15686321,56.48263931,55.92340851,-
Sun Nov 19 01:38:05 EST 2017,38:04.5,-76.09232949,36.83906579,25.25,4,-33.40000153,267.8,1.03429508,8.92558384,2.9113493,-0.01818681,-,18.4313736,0.00889452,0.08200324,0.95670444,0.20848836,28.23529434,-,-,-,64.40000153,50.76237106,14.35873604,-,1962,-,-109.5800552,36.83906555,-76.09233093,7.84313726,56.48263931,56.54477692,25.07471085
Sun Nov 19 01:38:07 EST 2017,38:06.7,-76.09289771,36.83903213,25.25,3,-33.20000076,266.6,0.68953007,9.38527107,3.37103605,0.03797358,-,20.3921566,0.01932175,0.07028849,0.95670444,0.24363261,28.62745094,-,-,-,64.40000153,50.82238007,14.35873604,-,1947,-,-108.9238892,36.83903122,-76.09289551,11.76470566,56.48263931,55.92340851,25.07471085
Sun Nov 19 01:38:09 EST 2017,38:08.9,-76.09346406,36.83898703,25.25,4,-33.5,264.7,0.91937345,8.1211319,2.98796368,0.00859656,-,19.6078434,-0.05140839,0.06638357,0.89422578,0.20848836,28.23529434,-,-,-,64.40000153,50.88815689,14.35873604,-,1948,-,-109.9081345,36.83898544,-76.09346771,10.58823586,56.48263931,56.54477692,24.98968506
Sun Nov 19 01:38:11 EST 2017,38:11.0,-76.09401212,36.83892658,25,4,-32.79999924,262.3,1.37906015,9.00219822,2.79642749,0.01945647,-,19.6078434,-0.0285289,0.14057697,0.91765523,0.18505886,28.23529434,-,-,-,64.40000153,50.93831635,14.35873604,-,1928,-,-107.6115494,36.83892822,-76.0940094,10.58823586,55.92340851,55.30203629,24.98968506
Sun Nov 19 01:38:13 EST 2017,38:13.1,-76.09455511,36.83885813,24.5,3,-32.70000076,261.2,1.14921677,9.0788126,2.68150592,-0.0288394,-,25.88235283,-0.07811672,0.11714748,0.88251102,0.1381999,37.25490189,-,-,-,64.40000153,50.98036575,14.35873604,-,1892,-,-107.2834702,36.83885956,-76.09455872,16.86274529,54.80493546,54.68066406,-
Sun Nov 19 01:38:16 EST 2017,38:15.3,-76.09536381,36.83875594,24.5,4,-31.79999924,261.2,0.80445176,8.77235508,2.83473492,-0.03767383,-,22.74509811,-0.05635154,0.08200324,0.89422578,0.1889638,32.54901886,-,-,-,64.40000153,51.02148056,14.35873604,-,1921,-,-104.3307037,36.83875656,-76.09536743,13.72549057,54.80493546,54.68066406,-
Sun Nov 19 01:38:17 EST 2017,38:17.3,-76.09563388,36.83871894,24.5,3,-31.39999962,260.6,0.72783732,8.42759037,3.25611424,-0.05704373,-,22.74509811,-0.03959459,0.07028849,0.91765523,0.17334414,32.54901886,-,-,-,64.40000153,51.06169128,14.35873604,-,1919,-,-103.0183716,36.83871841,-76.09563446,14.11764717,54.80493546,54.68066406,-
Sun Nov 19 01:38:20 EST 2017,38:19.5,-76.09644011,36.8385986,24.5,3,-31.60000038,258.9,0.84275901,8.65743351,2.9113493,-0.04579982,-,22.35294151,-0.06465091,0.08590815,0.88251102,0.19677362,32.15686417,-,-,-,64.40000153,51.10102463,14.35873604,-,1936,-,-103.6745453,36.83860016,-76.09644318,14.11764717,54.80493546,54.68066406,-
Sun Nov 19 01:38:21 EST 2017,38:21.5,-76.09671184,36.83855507,24.5,3,-31.70000076,258.2,1.07260239,8.73404789,2.98796368,-0.01805762,-,19.6078434,-0.05236597,0.10933765,0.89032084,0.20458345,32.15686417,-,-,-,64.40000153,51.14619827,14.35873604,-,1944,-,-104.0026245,36.83855438,-76.09671021,10.98039246,54.80493546,55.30203629,24.4795723
Sun Nov 19 01:38:24 EST 2017,38:23.7,-76.09753073,36.83840728,24.75,3,-31.29999924,255.9,1.18752408,9.04050541,3.02627087,-0.00166768,-,19.6078434,-0.01751018,0.11324256,0.92936999,0.19677362,28.62745094,-,-,-,64.40000153,51.18379593,14.35873604,-,1906,-,-102.6902847,36.83840561,-76.09753418,10.98039246,55.36417389,54.68066406,24.4795723
Sun Nov 19 01:38:26 EST 2017,38:25.8,-76.0980736,36.83829376,24.75,3,-31.70000076,255,1.11090958,9.19373417,3.02627087,-0.01910513,-,17.25490189,-0.00653692,0.11324256,0.9371798,0.20848836,28.62745094,-,-,-,64.40000153,51.22714996,14.35873604,-,1903,-,-104.0026245,36.83829498,-76.09807587,7.45098066,55.36417389,55.30203629,25.02983093
Sun Nov 19 01:38:28 EST 2017,38:27.9,-76.09860419,36.83817798,24.5,3,-31.39999962,254.3,1.03429508,8.73404789,3.02627087,-0.03286904,-,20,-0.02182945,0.06247865,0.91765523,0.23191786,28.62745094,-,-,-,64.40000153,51.26312256,14.35873604,-,1891,-,-103.0183716,36.83817673,-76.09860229,10.98039246,54.80493546,54.68066406,25.02983093
Sun Nov 19 01:38:31 EST 2017,38:30.1,-76.09938854,36.83796992,24.75,3,-32.5,251.5,1.14921677,8.77235508,3.02627087,-0.0297232,-,19.6078434,-0.04650686,0.11714748,0.89422578,0.20848836,28.62745094,-,-,-,64.40000153,51.2983551,14.35873604,-,1899,-,-106.6272965,36.83797073,-76.09938812,10.98039246,55.36417389,54.68066406,-
Sun Nov 19 01:38:33 EST 2017,38:32.3,-76.09991283,36.83782201,25,3,-33.40000153,250.8,1.26413846,8.96389103,3.14119267,-0.0160899,-,19.6078434,-0.02563529,0.0741934,0.90984541,0.23972771,28.62745094,-,-,-,64.40000153,51.33921051,14.35873604,-,1925,-,-109.5800552,36.83782196,-76.09991455,10.58823586,55.92340851,55.30203629,24.62005806
Sun Nov 19 01:38:35 EST 2017,38:34.5,-76.10043421,36.83766092,25,3,-34.09999847,249.7,0.9576807,8.73404789,3.10288548,-0.01596643,-,20.7843132,-0.02375787,0.0741934,0.92546505,0.20067854,29.41176605,-,-,-,64.40000153,51.38551331,14.35873604,-,1948,-,-111.8766327,36.83766174,-76.10043335,12.54901981,55.92340851,55.92340851,24.67018509
Sun Nov 19 01:38:37 EST 2017,38:36.6,-76.10095836,36.83749825,25.25,3,-34.70000076,248.7,0.9576807,9.38527107,2.7581203,0.02092868,-,21.17647171,0.01497882,0.10543273,0.96451426,0.19677362,29.41176605,-,-,-,64.40000153,51.43089294,14.35873604,-,1948,-,-113.8451462,36.83749771,-76.10095978,11.76470566,56.48263931,55.92340851,24.67018509
Sun Nov 19 01:38:39 EST 2017,38:38.7,-76.10148286,36.83733042,25.25,3,-34.20000076,248.4,0.57460839,9.11711979,2.79642749,0.01252613,-,25.49019623,-0.0103225,0.03904916,0.9488945,0.17724904,35.68627548,-,-,-,64.40000153,51.47537231,14.35873604,-,2017,-,-112.2047272,36.83732986,-76.10148621,17.25490189,56.48263931,55.92340851,-
Sun Nov 19 01:38:41 EST 2017,38:40.9,-76.10201304,36.83716138,25.5,4,-33.90000153,248.1,0.49799395,9.0788126,3.06457806,-0.00291407,-,20.7843132,-0.02157989,0.05076391,0.92546505,0.21239327,31.37254906,-,-,-,64.40000153,51.52507401,14.35873604,-,1967,-,-111.2204742,36.83716202,-76.10201263,10.58823586,57.04187393,56.54477692,24.80493164
Sun Nov 19 01:38:44 EST 2017,38:43.1,-76.10280118,36.83691079,25,3,-33.79999924,247.9,0.72783732,9.34696388,3.06457806,0.00529365,-,22.74509811,-0.02954252,0.07809832,0.92156017,0.19286871,32.15686417,-,-,-,64.40000153,51.56777573,14.35873604,-,1941,-,-110.8923874,36.83691025,-76.10279846,14.50980377,55.92340851,55.92340851,24.80493164
Sun Nov 19 01:38:46 EST 2017,38:45.3,-76.10332577,36.83674881,25.25,4,-33.70000076,248.5,0.68953007,9.19373417,2.83473492,0.00223267,-,22.74509811,-0.05056426,0.07809832,0.89813066,0.19677362,32.54901886,-,-,-,64.40000153,51.6156311,14.35873604,-,1974,-,-110.5643082,36.83675003,-76.10332489,14.11764717,56.48263931,56.54477692,24.86491203
Sun Nov 19 01:38:48 EST 2017,38:47.5,-76.10385801,36.83657753,25.5,4,-33.70000076,248.2,0.65122288,9.0788126,2.9113493,0.00005993,-,23.13725471,-0.02551784,0.06638357,0.92546505,0.19677362,32.94117737,-,-,-,64.40000153,51.66257858,14.35873604,-,1982,-,-110.5643082,36.83657837,-76.10385895,14.90196133,57.04187393,56.54477692,24.86491203
Sun Nov 19 01:38:50 EST 2017,38:49.5,-76.10439113,36.83640104,25.75,3,-32.79999924,247.7,0.72783732,9.15542698,2.68150592,-0.00569302,-,23.52941132,-0.02083166,0.08981306,0.93327487,0.18115395,32.94117737,-,-,-,64.40000153,51.71449661,14.35873604,-,2014,-,-107.6115494,36.83640289,-76.10439301,14.90196133,57.60110855,57.16614914,24.34759712
Sun Nov 19 01:38:53 EST 2017,38:52.0,-76.10520819,36.83614198,26,3,-32.59999847,248.3,0.45968673,8.54251194,2.9113493,0.00913223,-,23.52941132,-0.00939785,0.04295408,0.94498962,0.19286871,32.94117737,-,-,-,64.40000153,51.77125549,14.35873604,-,2027,-,-106.9553757,36.83614349,-76.10520935,15.29411793,58.16034317,57.78752136,26.4389534
Sun Nov 19 01:38:55 EST 2017,38:54.2,-76.10575419,36.83596498,26.25,3,-32.09999847,248,0.42137951,8.88727665,2.83473492,-0.04499836,-,23.13725471,-0.05976149,0.07028849,0.88641596,0.20458345,32.15686417,-,-,-,64.40000153,51.83271027,14.35873604,-,2051,-,-105.3149567,36.8359642,-76.10575104,14.90196133,58.71957779,58.40889359,21.64167595
Sun Nov 19 01:38:57 EST 2017,38:56.4,-76.10630457,36.83578869,26.5,3,-32.20000076,248.2,0.76614451,9.11711979,2.64319873,0.00891088,-,23.13725471,0.00391391,0.11324256,0.95670444,0.18115395,32.54901886,-,-,-,64.40000153,51.89874649,14.35873604,-,2067,-,-105.6430435,36.83578873,-76.10630798,14.50980377,59.27880859,59.03026199,24.48558235
Sun Nov 19 01:38:59 EST 2017,38:58.5,-76.10685902,36.83561221,26.5,4,-31.89999962,248.2,0.76614451,8.42759037,2.9113493,0.00366435,-,25.49019623,-0.08744109,0.07809832,0.85908157,0.19677362,32.54901886,-,-,-,64.40000153,51.96357727,14.35873604,-,2064,-,-104.6587906,36.83561325,-76.1068573,18.03921509,59.27880859,59.03026199,24.48558235
Sun Nov 19 01:39:01 EST 2017,39:00.6,-76.1074224,36.83543526,27,4,-31.60000038,248.1,0.65122288,9.00219822,2.98796368,-0.01184112,-,17.64705849,-0.03050999,0.06638357,0.91765523,0.20458345,32.54901886,-,-,-,64.40000153,52.0384407,14.35873604,-,2120,-,-103.6745453,36.83543396,-76.10742188,7.45098066,60.39727783,60.27300644,52.27038193
Sun Nov 19 01:39:03 EST 2017,39:02.7,-76.10798704,36.83525755,27,3,-31.29999924,248.4,0.99598789,9.15542698,2.94965649,0.00475729,-,21.96078491,0.00770657,0.08200324,0.95670444,0.20458345,30.98039246,-,-,-,64.40000153,52.11196136,14.35873604,-,2084,-,-102.6902847,36.83525848,-76.10798645,13.33333397,60.39727783,60.27300644,52.27038193
Sun Nov 19 01:39:05 EST 2017,39:04.8,-76.10855324,36.83508227,27,3,-31.29999924,248.6,0.72783732,9.0788126,3.21780705,0.00367391,-,20.7843132,-0.02389855,0.06638357,0.91375035,0.23582277,30.98039246,-,-,-,64.40000153,52.18418121,14.35873604,-,2091,-,-102.6902847,36.83508301,-76.10855103,12.94117641,60.39727783,60.27300644,-
Sun Nov 19 01:39:07 EST 2017,39:06.9,-76.10911553,36.83490126,27,3,-31.5,248.1,0.68953007,9.38527107,3.17949986,-0.00974105,-,21.56862831,-0.06715839,0.09371798,0.87079626,0.22020312,30.19607925,-,-,-,64.40000153,52.25513458,14.35873604,-,2080,-,-103.3464584,36.8348999,-76.1091156,12.54901981,60.39727783,60.27300644,-
Sun Nov 19 01:39:09 EST 2017,39:09.0,-76.10967353,36.83472381,26.75,3,-31.79999924,248,0.91937345,8.58081913,2.83473492,-0.05504894,-,21.96078491,-0.08070237,0.0976229,0.86689138,0.1889638,30.19607925,-,-,-,64.40000153,52.31945419,14.35873604,-,2074,-,-104.3307037,36.83472443,-76.10967255,12.94117641,59.83804321,59.65163422,-
Sun Nov 19 01:39:11 EST 2017,39:11.0,-76.11022777,36.83454188,26.75,3,-31.60000038,248,0.65122288,9.15542698,3.06457806,0.01658511,-,22.74509811,-0.01325625,0.06638357,0.93327487,0.21239327,30.19607925,-,-,-,64.40000153,52.38266373,14.35873604,-,2073,-,-103.6745453,36.83454132,-76.11022949,18.03921509,59.83804321,59.65163422,-
Sun Nov 19 01:39:14 EST 2017,39:13.1,-76.11106501,36.83427122,26.5,3,-30.20000076,248.2,1.03429508,9.27034855,2.94965649,0.01626074,-,26.66666794,-0.00239856,0.10543273,0.94498962,0.20067854,37.25490189,-,-,-,64.40000153,52.44478989,14.35873604,-,2064,-,-99.08136749,36.83427048,-76.11106873,18.03921509,59.27880859,59.65163422,-
Sun Nov 19 01:39:16 EST 2017,39:15.5,-76.11162902,36.83409029,27.25,4,-30.70000076,247.9,0.68953007,8.42759037,2.9113493,-0.0385003,-,20,-0.1219883,0.05857374,0.82393724,0.19677362,32.15686417,-,-,-,64.40000153,52.51113129,14.35873604,-,2082,-,-100.7217865,36.83409119,-76.11162567,9.01960754,60.95651245,60.27300644,24.92311668
Sun Nov 19 01:39:18 EST 2017,39:17.6,-76.11219127,36.83390976,27.25,4,-30.70000076,247.9,0.8810662,9.23204136,3.10288548,0.01587075,-,23.13725471,-0.00278867,0.08981306,0.94108468,0.21629821,30.58823586,-,-,-,64.40000153,52.5763588,14.35873604,-,2105,-,-100.7217865,36.83390808,-76.11219025,14.90196133,60.95651245,60.27300644,24.92311668
Sun Nov 19 01:39:20 EST 2017,39:19.8,-76.11275292,36.83372542,27.25,4,-30.70000076,247.8,0.99598789,9.19373417,2.68150592,-0.02330118,-,23.52941132,-0.05412272,0.10933765,0.90203559,0.16162936,34.11764908,-,-,-,64.40000153,52.6404953,14.35873604,-,2090,-,-100.7217865,36.83372498,-76.11275482,13.72549057,60.95651245,60.27300644,-
Sun Nov 19 01:39:22 EST 2017,39:21.8,-76.1133145,36.83353915,27.25,4,-30.79999924,247.8,1.03429508,8.92558384,3.33272886,-0.0040918,-,17.25490189,-0.02894522,0.10933765,0.90984541,0.22020312,34.11764908,-,-,-,64.40000153,52.70870972,14.35873604,-,2099,-,-101.0498657,36.83353806,-76.11331177,8.23529434,60.95651245,60.89437866,24.90770531
Sun Nov 19 01:39:24 EST 2017,39:23.9,-76.11388369,36.83335505,27,3,-31.10000038,248.1,0.99598789,8.65743351,3.33272886,-0.02992243,-,17.25490189,-0.08281278,0.0741934,0.86298645,0.20067854,34.11764908,-,-,-,64.40000153,52.77071381,14.35873604,-,2085,-,-102.0341187,36.83335495,-76.11388397,10.1960783,60.39727783,60.27300644,24.90770531
Sun Nov 19 01:39:26 EST 2017,39:25.9,-76.11444475,36.8331736,26.75,4,-31,248,0.99598789,9.34696388,3.29442143,0.0343383,-,16.47058868,-0.03434213,0.13276714,0.89813066,0.22801295,34.11764908,-,-,-,64.40000153,52.82160568,14.35873604,-,2029,-,-101.7060394,36.83317184,-76.11444855,6.66666698,59.83804321,59.03026199,-
Sun Nov 19 01:39:28 EST 2017,39:27.9,-76.11498514,36.83300951,25.75,3,-30.29999924,249.3,1.49398184,9.15542698,3.02627087,0.01366568,-,16.86274529,-0.02800286,0.1444819,0.90594047,0.22020312,34.11764908,-,-,-,64.40000153,52.85663986,14.35873604,-,1961,-,-99.40944672,36.83300781,-76.1149826,7.45098066,57.60110855,57.16614914,-
Sun Nov 19 01:39:30 EST 2017,39:29.9,-76.11551716,36.83285147,25.25,4,-30.70000076,250.8,1.60890353,8.6957407,2.41335535,-0.01197709,-,25.49019623,-0.0652547,0.16400647,0.88641596,0.14600971,34.11764908,-,-,-,64.40000153,52.88614273,14.35873604,-,1952,-,-100.7217865,36.83285141,-76.11551666,17.25490189,56.48263931,56.54477692,-
Sun Nov 19 01:39:32 EST 2017,39:32.1,-76.11606386,36.8327188,25.5,3,-30.89999962,254.2,1.53228903,9.11711979,3.17949986,0.01558012,-,16.86274529,-0.02126803,0.15619664,0.90984541,0.22410804,34.11764908,-,-,-,64.40000153,52.92011261,14.35873604,-,2018,-,-101.3779526,36.8327179,-76.11606598,7.84313726,57.04187393,57.16614914,23.08122253
Sun Nov 19 01:39:34 EST 2017,39:34.1,-76.11661999,36.83261642,25.5,3,-31.79999924,257.4,1.64721072,9.00219822,2.56658411,-0.01436679,-,24.31372643,-0.06616929,0.16791138,0.88251102,0.15381955,34.11764908,-,-,-,64.40000153,52.92011261,14.35873604,-,1963,-,-104.3307037,36.8326149,-76.11662292,15.29411793,57.04187393,57.16614914,23.08122253
Sun Nov 19 01:39:36 EST 2017,39:36.1,-76.11717165,36.83254384,25.25,3,-32.20000076,261.9,1.49398184,9.30865574,2.68150592,0.00776371,-,21.96078491,-0.00050372,0.15229172,0.9488945,0.17334414,34.11764908,-,-,-,64.40000153,52.94865417,14.35873604,-,2014,-,-105.6430435,36.83254242,-76.11717224,10.98039246,56.48263931,56.54477692,-
Sun Nov 19 01:39:39 EST 2017,39:38.6,-76.11801892,36.83248201,25.5,4,-31.60000038,266.6,1.57059634,9.0788126,3.14119267,0.00682608,-,16.86274529,-0.00736661,0.16010156,0.92546505,0.22020312,34.11764908,-,-,-,64.40000153,52.97674942,14.35873604,-,2014,-,-103.6745453,36.83248138,-76.1180191,12.54901981,57.04187393,56.54477692,-
Sun Nov 19 01:39:41 EST 2017,39:40.6,-76.11859325,36.83247751,25.25,3,-31.5,269.9,1.53228903,8.58081913,3.06457806,-0.03914589,-,16.86274529,-0.05782416,0.15619664,0.8747012,0.21239327,34.11764908,-,-,-,64.40000153,53.00440598,14.35873604,-,1962,-,-103.3464584,36.83247757,-76.11859131,10.58823586,56.48263931,56.54477692,-
Sun Nov 19 01:39:43 EST 2017,39:42.6,-76.11916217,36.8324935,25.25,3,-31.89999962,272.6,1.26413846,9.23204136,2.83473492,0.01184738,-,22.74509811,-0.04927139,0.14057697,0.89813066,0.17724904,34.11764908,-,-,-,64.40000153,53.0268631,14.35873604,-,1943,-,-104.6587906,36.83249283,-76.11916351,14.50980377,56.48263931,55.92340851,-
Sun Nov 19 01:39:45 EST 2017,39:44.8,-76.11972415,36.83253262,25.25,3,-32.09999847,275.3,1.11090958,9.30865574,2.83473492,-0.00895098,-,22.35294151,-0.0012979,0.11324256,0.9488945,0.1889638,32.15686417,-,-,-,64.40000153,53.05371475,14.35873604,-,1953,-,-105.3149567,36.83253098,-76.11972046,13.72549057,56.48263931,56.54477692,27.36205673
Sun Nov 19 01:39:48 EST 2017,39:47.0,-76.12057527,36.8326187,25.5,3,-32.59999847,276.8,0.45968673,9.61511421,3.06457806,0.01771258,-,21.96078491,0.01337647,0.05466883,0.95279956,0.23972771,31.76470566,-,-,-,64.40000153,53.08016205,14.35873604,-,1967,-,-106.9553757,36.83261871,-76.12057495,13.33333397,57.04187393,56.54477692,27.36205673
Sun Nov 19 01:39:49 EST 2017,39:49.0,-76.12085747,36.8326424,25.5,3,-32.59999847,275.9,0.68953007,9.00219822,2.7581203,-0.01702046,-,23.52941132,-0.03734116,0.07028849,0.91765523,0.18115395,31.76470566,-,-,-,64.40000153,53.11088562,14.35873604,-,1978,-,-106.9553757,36.8326416,-76.12085724,15.29411793,57.04187393,57.16614914,24.76819229
Sun Nov 19 01:39:53 EST 2017,39:52.3,-76.12200783,36.83273973,25.75,3,-32.59999847,276.2,0.91937345,9.30865574,2.7581203,0.00176281,-,23.52941132,-0.00556209,0.09371798,0.9488945,0.18115395,31.76470566,-,-,-,64.40000153,53.14578629,14.35873604,-,1996,-,-106.9553757,36.83274078,-76.12200928,15.29411793,57.60110855,57.78752136,24.76819229
Sun Nov 19 01:39:55 EST 2017,39:54.4,-76.12258354,36.83279568,25.75,4,-33.09999847,276.8,0.61291564,8.73404789,3.06457806,-0.00770919,-,23.52941132,-0.01837257,0.03904916,0.93327487,0.20067854,31.76470566,-,-,-,64.40000153,53.18016815,14.35873604,-,2002,-,-108.5957947,36.83279419,-76.12258148,12.54901981,57.60110855,57.78752136,-
Sun Nov 19 01:39:57 EST 2017,39:56.4,-76.12315555,36.83284636,25.75,3,-32.79999924,276.2,0.9576807,8.58081913,3.10288548,-0.04575837,-,22.35294151,-0.05733033,0.05076391,0.89032084,0.20458345,31.76470566,-,-,-,64.40000153,53.21404648,14.35873604,-,1999,-,-107.6115494,36.8328476,-76.12315369,14.11764717,57.60110855,57.78752136,-
Sun Nov 19 01:39:59 EST 2017,39:58.4,-76.12372651,36.83289211,26,3,-32.90000153,275.7,0.84275901,9.19373417,2.83473492,0.00347257,-,22.74509811,-0.01519112,0.08590815,0.9371798,0.1889638,31.76470566,-,-,-,64.40000153,53.24742889,14.35873604,-,2010,-,-107.9396362,36.83289337,-76.12372589,14.50980377,58.16034317,57.78752136,-
Sun Nov 19 01:40:01 EST 2017,40:00.4,-76.12430438,36.83293885,26,3,-32.70000076,275.8,0.99598789,9.04050541,2.87304211,-0.00870734,-,22.35294151,-0.02737513,0.10152781,0.92156017,0.19286871,31.76470566,-,-,-,64.40000153,53.28032684,14.35873604,-,2006,-,-107.2834702,36.83293915,-76.12430573,13.72549057,58.16034317,57.78752136,-
Sun Nov 19 01:40:02 EST 2017,40:02.4,-76.12459194,36.83295992,26,3,-32.90000153,276,0.84275901,8.88727665,3.02627087,-0.02012879,-,21.56862831,-0.07671911,0.0976229,0.86298645,0.21239327,31.76470566,-,-,-,64.40000153,53.31275558,14.35873604,-,2016,-,-107.9396362,36.83295822,-76.12459564,12.94117641,58.16034317,57.78752136,-
Sun Nov 19 01:40:05 EST 2017,40:04.6,-76.12545894,36.83303939,26,3,-32.59999847,276.5,0.99598789,8.96389103,2.79642749,0.00132456,-,20.7843132,-0.03711928,0.10152781,0.91375035,0.18505886,29.80392265,-,-,-,64.40000153,53.34471512,14.35873604,-,2013,-,-106.9553757,36.83303833,-76.12545776,12.15686321,58.16034317,57.78752136,-
Sun Nov 19 01:40:07 EST 2017,40:06.8,-76.12603332,36.83309663,26,4,-32.70000076,276.9,0.72783732,9.34696388,3.29442143,0.0319702,-,20.7843132,-0.00929003,0.07028849,0.9371798,0.21239327,29.80392265,-,-,-,64.40000153,53.37622833,14.35873604,-,2003,-,-107.2834702,36.83309555,-76.12602997,11.76470566,58.16034317,57.78752136,-
Sun Nov 19 01:40:09 EST 2017,40:09.0,-76.12660891,36.83315044,25.75,3,-33.09999847,276.4,0.61291564,9.19373417,3.25611424,0.00561319,-,20.7843132,-0.00347748,0.06247865,0.9371798,0.23191786,29.41176605,-,-,-,64.40000153,53.40291595,14.35873604,-,1994,-,-108.5957947,36.83314896,-76.1266098,11.76470566,57.60110855,57.16614914,-
Sun Nov 19 01:40:11 EST 2017,40:11.0,-76.1271819,36.83320321,25.75,3,-33.29999924,276.4,0.57460839,8.38928318,3.06457806,-0.0686692,-,22.35294151,-0.04063582,0.03904916,0.90984541,0.20067854,29.41176605,-,-,-,64.40000153,53.42923355,14.35873604,-,1981,-,-109.2519684,36.83320236,-76.12718201,13.72549057,57.60110855,57.16614914,-
Sun Nov 19 01:40:14 EST 2017,40:13.2,-76.12803963,36.83327972,25.5,3,-33.79999924,275.6,0.84275901,9.15542698,2.9113493,0.01258476,-,20.7843132,-0.01657883,0.08590815,0.93327487,0.19677362,26.66666794,-,-,-,64.40000153,53.45518494,14.35873604,-,1996,-,-110.8923874,36.83327866,-76.1280365,11.76470566,57.04187393,57.16614914,-
Sun Nov 19 01:40:16 EST 2017,40:15.4,-76.12860271,36.8333267,25.5,3,-33.90000153,275.8,0.80445176,9.34696388,2.45166254,0.0090279,-,20.7843132,-0.01122474,0.08200324,0.95279956,0.14991464,26.66666794,-,-,-,64.40000153,53.47649384,14.35873604,-,1965,-,-111.2204742,36.83332825,-76.12860107,16.07843208,57.04187393,56.54477692,-
Sun Nov 19 01:40:18 EST 2017,40:17.4,-76.12917044,36.83337515,25.5,3,-34.29999924,276.2,0.99598789,8.81066227,2.68150592,0.00348855,-,23.13725471,-0.06463459,0.0976229,0.88641596,0.18115395,32.15686417,-,-,-,64.40000153,53.50176239,14.35873604,-,2001,-,-112.5328064,36.83337402,-76.12917328,14.11764717,57.04187393,57.16614914,27.63658524
Sun Nov 19 01:40:20 EST 2017,40:19.4,-76.12973712,36.83342621,25.5,3,-34.5,276.7,0.76614451,9.27034855,2.94965649,0.02226442,-,20.7843132,-0.00491785,0.07809832,0.94498962,0.20067854,32.15686417,-,-,-,64.40000153,53.52669144,14.35873604,-,2013,-,-113.1889801,36.83342743,-76.12973785,11.76470566,57.04187393,57.16614914,27.63658524
Sun Nov 19 01:40:22 EST 2017,40:21.6,-76.13030465,36.83347811,25.5,3,-34.59999847,276.6,0.34476504,9.42357826,3.02627087,0.02853972,-,22.35294151,0.00988468,0.03514424,0.96060938,0.20848836,32.15686417,-,-,-,64.40000153,53.55128098,14.35873604,-,1973,-,-113.5170593,36.83347702,-76.13030243,14.11764717,57.04187393,57.16614914,-
Sun Nov 19 01:40:24 EST 2017,40:23.6,-76.13087348,36.83353135,25.75,3,-34.79999924,276,0.84275901,9.23204136,2.9113493,0.00950247,-,22.74509811,-0.02825407,0.09371798,0.91765523,0.20458345,32.15686417,-,-,-,64.40000153,53.57553864,14.35873604,-,1984,-,-114.1732254,36.83353043,-76.13087463,14.11764717,57.60110855,57.16614914,-
Sun Nov 19 01:40:26 EST 2017,40:25.6,-76.13145603,36.83357248,26,3,-33.90000153,276,0.57460839,9.30865574,3.14119267,0.00716596,-,22.74509811,0.01240481,0.06247865,0.96060938,0.21239327,32.15686417,-,-,-,64.40000153,53.60362244,14.35873604,-,2001,-,-111.2204742,36.83357239,-76.13145447,14.11764717,58.16034317,57.78752136,27.22440338
Sun Nov 19 01:40:28 EST 2017,40:27.6,-76.13203687,36.83362005,26,3,-34.20000076,275.8,0.68953007,9.0788126,3.02627087,-0.00384921,-,21.56862831,-0.02161108,0.07028849,0.92546505,0.20848836,32.15686417,-,-,-,64.40000153,53.63132858,14.35873604,-,2004,-,-112.2047272,36.83361816,-76.1320343,12.94117641,58.16034317,57.78752136,27.22440338
Sun Nov 19 01:40:30 EST 2017,40:29.8,-76.13261214,36.83366747,26,3,-34.5,275.9,0.80445176,9.27034855,3.02627087,0.01644421,-,21.56862831,-0.00221503,0.08200324,0.94498962,0.20848836,30.98039246,-,-,-,64.40000153,53.65867233,14.35873604,-,2009,-,-113.1889801,36.83366776,-76.13261414,12.94117641,58.16034317,57.78752136,-
Sun Nov 19 01:40:32 EST 2017,40:32.0,-76.13319248,36.83372328,26,3,-34.70000076,276,0.57460839,9.73003578,3.06457806,0.06052977,-,21.96078491,-0.0083125,0.08200324,0.94108468,0.20067854,30.98039246,-,-,-,64.40000153,53.6856575,14.35873604,-,2021,-,-113.8451462,36.83372498,-76.13319397,13.33333397,58.16034317,57.78752136,-
Sun Nov 19 01:40:34 EST 2017,40:34.0,-76.13377234,36.8337706,26,3,-34.29999924,276.2,0.91937345,9.42357826,2.87304211,0.02651142,-,21.96078491,0.04134354,0.11324256,0.98013395,0.23191786,30.98039246,-,-,-,64.40000153,53.71229553,14.35873604,-,2011,-,-112.5328064,36.83377075,-76.1337738,13.33333397,58.16034317,57.78752136,-
Sun Nov 19 01:40:37 EST 2017,40:36.2,-76.13463482,36.83384924,25.5,3,-32,276.4,0.45968673,9.6534214,2.98796368,0.01915147,-,21.96078491,0.0315163,0.04685899,0.98403883,0.20458345,30.98039246,-,-,-,64.40000153,53.73457718,14.35873604,-,1994,-,-104.9868774,36.83385086,-76.13463593,12.94117641,57.04187393,57.16614914,-
Sun Nov 19 01:40:39 EST 2017,40:38.2,-76.13519611,36.83389916,25.25,3,-30.79999924,276.5,0.57460839,8.6957407,2.87304211,-0.02043299,-,21.56862831,-0.03987267,0.05466883,0.90984541,0.20067854,30.98039246,-,-,-,64.40000153,53.75259018,14.35873604,-,1959,-,-101.0498657,36.83390045,-76.13519287,12.94117641,56.48263931,56.54477692,-
Sun Nov 19 01:40:41 EST 2017,40:40.3,-76.13575177,36.83394784,24.75,3,-29.70000076,276,0.72783732,8.92558384,3.02627087,-0.01741898,-,20.3921566,-0.02457879,0.0741934,0.90984541,0.20848836,29.80392265,-,-,-,64.40000153,53.7624588,14.35873604,-,1928,-,-97.44094849,36.83394623,-76.13574982,11.37254906,55.36417389,55.30203629,-
Sun Nov 19 01:40:43 EST 2017,40:42.5,-76.13630038,36.83399562,24.5,3,-29.20000076,275.9,0.61291564,8.61912632,2.71981311,-0.05757201,-,22.74509811,-0.00888197,0.04685899,0.9488945,0.18115395,32.94117737,-,-,-,64.40000153,53.7682724,14.35873604,-,1899,-,-95.80052948,36.83399582,-76.13629913,14.50980377,54.80493546,54.68066406,-
Sun Nov 19 01:40:45 EST 2017,40:44.7,-76.13684305,36.83404052,24.5,3,-29.20000076,276.3,0.57460839,8.81066227,2.52827692,-0.02984558,-,28.62745094,-0.08408641,0.0976229,0.87079626,0.1655343,37.64706039,-,-,-,64.40000153,53.7740097,14.35873604,-,1936,-,-95.80052948,36.8340416,-76.13684082,20.7843132,54.80493546,54.68066406,-
Sun Nov 19 01:40:47 EST 2017,40:46.9,-76.13740692,36.83408232,25.25,3,-29.29999924,275.9,0.72783732,9.04050541,2.83473492,-0.01235259,-,26.27450943,-0.03102164,0.0741934,0.92156017,0.1889638,36.86274719,-,-,-,64.40000153,53.79132462,14.35873604,-,1972,-,-96.1286087,36.83408356,-76.1374054,18.03921509,56.48263931,56.54477692,75.32950592
Sun Nov 19 01:40:49 EST 2017,40:49.0,-76.13797537,36.83413364,25.75,3,-29.60000038,276.3,0.65122288,8.81066227,3.21780705,0.07212153,-,16.07843208,0.0581396,0.10933765,0.99575359,0.23972771,16.07843208,-,-,-,64.40000153,53.81614685,14.35873604,-,1994,-,-97.11286163,36.83413315,-76.1379776,6.66666698,57.60110855,57.78752136,50.92277527
Sun Nov 19 01:40:52 EST 2017,40:51.0,-76.13882,36.83420751,25,3,-30.89999962,275.8,0.76614451,8.96389103,3.17949986,-0.008331,-,20.3921566,-0.04424511,0.10152781,0.90984541,0.17334414,16.07843208,-,-,-,64.40000153,53.82915878,14.35873604,-,1883,-,-101.3779526,36.83420563,-76.13881683,11.37254906,55.92340851,55.92340851,50.92277527
Sun Nov 19 01:40:54 EST 2017,40:53.2,-76.13938282,36.83425773,25,4,-31.10000038,276.6,0.72783732,8.04451752,3.29442143,-0.04150245,-,17.25490189,-0.06160524,0.0741934,0.87860614,0.22020312,22.74509811,-,-,-,64.40000153,53.84200287,14.35873604,-,1934,-,-102.0341187,36.83425903,-76.13938141,9.01960754,55.92340851,55.92340851,-
Sun Nov 19 01:40:56 EST 2017,40:55.4,-76.139949,36.83430654,25,4,-31.79999924,276.1,0.91937345,8.88727665,3.29442143,-0.01028472,-,16.47058868,-0.05196351,0.08590815,0.88641596,0.22410804,25.09803963,-,-,-,64.40000153,53.85469437,14.35873604,-,1931,-,-104.3307037,36.83430481,-76.13994598,7.05882359,55.92340851,55.92340851,-
Sun Nov 19 01:40:58 EST 2017,40:57.4,-76.1405011,36.83435757,25,3,-32.90000153,276.2,1.22583127,9.95987892,3.17949986,-0.00368191,-,16.86274529,0.05575756,0.14838681,0.98403883,0.25144243,25.09803963,-,-,-,64.40000153,53.86346436,14.35873604,-,1918,-,-107.9396362,36.83435822,-76.14050293,7.45098066,55.92340851,55.30203629,-
Sun Nov 19 01:41:00 EST 2017,40:59.6,-76.14105217,36.83441156,24.75,3,-34,276.5,0.57460839,9.34696388,3.25611424,0.02965683,-,18.4313736,-0.01187316,0.06638357,0.92936999,0.22801295,27.45098114,-,-,-,64.40000153,53.86838913,14.35873604,-,1915,-,-111.5485535,36.83441162,-76.14105225,9.8039217,55.36417389,54.68066406,-
Sun Nov 19 01:41:02 EST 2017,41:01.6,-76.14160369,36.83446315,24.75,3,-33.90000153,276.2,0.5363012,9.0788126,2.9113493,-0.00757879,-,18.8235302,0.00344262,0.10152781,0.95279956,0.19677362,27.45098114,-,-,-,64.40000153,53.87325668,14.35873604,-,1904,-,-111.2204742,36.83446503,-76.14160156,9.8039217,55.36417389,54.68066406,-
Sun Nov 19 01:41:04 EST 2017,41:03.6,-76.14214995,36.8345098,24.5,3,-34,276.1,0.65122288,8.81066227,2.94965649,-0.03155118,-,18.8235302,-0.05022682,0.06638357,0.89813066,0.20067854,27.45098114,-,-,-,64.40000153,53.8780632,14.35873604,-,1895,-,-111.5485535,36.8345108,-76.14215088,9.8039217,54.80493546,54.68066406,-
Sun Nov 19 01:41:06 EST 2017,41:05.8,-76.14269505,36.83455637,24.25,3,-33,275.7,0.80445176,9.04050541,2.9113493,-0.00936621,-,21.96078491,-0.06594872,0.0976229,0.88251102,0.1889638,31.76470566,-,-,-,64.40000153,53.87913513,14.35873604,-,1873,-,-108.2677155,36.83455658,-76.14269257,12.94117641,54.24570084,54.05929184,-
Sun Nov 19 01:41:08 EST 2017,41:07.9,-76.14323259,36.83460466,24.25,3,-32.5,276.2,0.84275901,9.38527107,2.64319873,0.01662773,-,23.13725471,-0.02227413,0.08981306,0.92936999,0.1889638,33.33333206,-,-,-,64.40000153,53.87653732,14.35873604,-,1888,-,-106.6272965,36.83460617,-76.14323425,14.50980377,54.24570084,53.43792343,-
Sun Nov 19 01:41:10 EST 2017,41:10.1,-76.1437712,36.83465109,24.25,3,-32.79999924,276.4,0.76614451,8.88727665,2.87304211,-0.00745178,-,24.31372643,-0.04437284,0.07809832,0.90594047,0.19286871,34.11764908,-,-,-,64.40000153,53.88123703,14.35873604,-,1914,-,-107.6115494,36.83465195,-76.14376831,15.68627453,54.24570084,54.68066406,49.41624069
Sun Nov 19 01:41:13 EST 2017,41:12.3,-76.14459763,36.83472723,24.75,3,-32.29999924,276.3,0.5363012,9.34696388,2.7581203,0.0139187,-,22.74509811,-0.00467253,0.07809832,0.9488945,0.1889638,32.54901886,-,-,-,64.40000153,53.88949966,14.35873604,-,1915,-,-105.9711227,36.83472824,-76.14459991,14.50980377,55.36417389,55.30203629,24.81630325
Sun Nov 19 01:41:15 EST 2017,41:14.4,-76.14515433,36.8347695,25,3,-33,275.8,0.5363012,8.50420475,2.79642749,-0.06680751,-,22.35294151,-0.07088713,0.05076391,0.88251102,0.18505886,32.54901886,-,-,-,64.40000153,53.90125656,14.35873604,-,1944,-,-108.2677155,36.8347702,-76.14515686,13.72549057,55.92340851,55.92340851,24.65352631
Sun Nov 19 01:41:17 EST 2017,41:16.5,-76.14570917,36.83481403,25.25,3,-33.20000076,275.5,0.9576807,8.96389103,3.14119267,-0.01457652,-,20,-0.02652833,0.0976229,0.91375035,0.22020312,32.54901886,-,-,-,64.40000153,53.91287613,14.35873604,-,1956,-,-108.9238892,36.83481216,-76.14570618,10.98039246,56.48263931,55.92340851,24.65352631
Sun Nov 19 01:41:19 EST 2017,41:18.7,-76.14626575,36.83486504,25,3,-33.20000076,276.7,0.68953007,8.42759037,3.02627087,0.01551229,-,20.3921566,-0.00996795,0.05466883,0.94498962,0.1889638,29.80392265,-,-,-,64.40000153,53.92436981,14.35873604,-,1931,-,-108.9238892,36.83486557,-76.14626312,11.76470566,55.92340851,55.92340851,-
Sun Nov 19 01:41:21 EST 2017,41:20.7,-76.1468206,36.83491712,24.75,3,-33.59999847,276.3,0.57460839,9.0788126,3.10288548,0.01102505,-,20.7843132,-0.01988926,0.05857374,0.92546505,0.21629821,29.80392265,-,-,-,64.40000153,53.93219757,14.35873604,-,1918,-,-110.2362137,36.83491898,-76.14682007,11.76470566,55.36417389,55.30203629,-
Sun Nov 19 01:41:23 EST 2017,41:22.7,-76.14737084,36.83496305,24.75,3,-33.70000076,276,0.91937345,9.15542698,3.17949986,-0.0434006,-,20.7843132,-0.00727444,0.09371798,0.93327487,0.22410804,29.80392265,-,-,-,64.40000153,53.93993378,14.35873604,-,1915,-,-110.5643082,36.83496475,-76.14736938,11.76470566,55.36417389,55.30203629,-
Sun Nov 19 01:41:25 EST 2017,41:24.8,-76.14792234,36.83501288,24.75,3,-33.70000076,276.1,0.68953007,9.0788126,3.06457806,-0.02708882,-,20.7843132,-0.02583889,0.06247865,0.92156017,0.20848836,29.80392265,-,-,-,64.40000153,53.94409561,14.35873604,-,1911,-,-110.5643082,36.83501434,-76.1479187,11.76470566,55.36417389,54.68066406,-
Sun Nov 19 01:41:27 EST 2017,41:26.8,-76.14846289,36.83506101,24.5,4,-33.59999847,276.1,0.99598789,9.0788126,2.98796368,-0.04140062,-,21.17647171,-0.02009167,0.10152781,0.92546505,0.20458345,29.80392265,-,-,-,64.40000153,53.94821167,14.35873604,-,1906,-,-110.2362137,36.83506012,-76.14846039,12.54901981,54.80493546,54.68066406,-
Sun Nov 19 01:41:29 EST 2017,41:28.8,-76.14900904,36.83510865,24.5,3,-33.09999847,276.3,1.03429508,8.96389103,2.94965649,-0.0495816,-,21.56862831,-0.03195906,0.10543273,0.91375035,0.20067854,29.80392265,-,-,-,64.40000153,53.95227814,14.35873604,-,1896,-,-108.5957947,36.83510971,-76.1490097,12.94117641,54.80493546,54.68066406,-
Sun Nov 19 01:41:31 EST 2017,41:30.8,-76.14955549,36.83515542,24.5,3,-33.09999847,276.3,0.9576807,8.92558384,2.87304211,0.0094301,-,21.56862831,0.01461043,0.05857374,0.96060938,0.22020312,29.80392265,-,-,-,64.40000153,53.95630264,14.35873604,-,1910,-,-108.5957947,36.83515549,-76.14955902,13.33333397,54.80493546,54.68066406,-
Sun Nov 19 01:41:33 EST 2017,41:32.8,-76.15009853,36.83520611,24.5,3,-33.09999847,276.4,1.03429508,9.42357826,2.64319873,-0.00795229,-,25.88235283,0.00357947,0.10543273,0.96060938,0.16943921,29.80392265,-,-,-,64.40000153,53.96028519,14.35873604,-,1905,-,-108.5957947,36.83520508,-76.15010071,18.03921509,54.80493546,54.68066406,-
Sun Nov 19 01:41:35 EST 2017,41:34.9,-76.1506549,36.83525752,25,3,-32.90000153,276.8,1.07260239,9.0788126,2.37504816,-0.01816303,-,25.88235283,-0.03683407,0.10933765,0.92546505,0.1421048,29.80392265,-,-,-,64.40000153,53.97101212,14.35873604,-,1953,-,-107.9396362,36.83525848,-76.15065765,19.6078434,55.92340851,55.92340851,53.85298538
Sun Nov 19 01:41:37 EST 2017,41:36.9,-76.15122357,36.83531976,25.5,3,-33.20000076,278.3,0.76614451,8.92558384,2.7581203,-0.02550769,-,21.56862831,-0.04705912,0.10152781,0.90203559,0.1889638,29.80392265,-,-,-,64.40000153,53.98837662,14.35873604,-,1974,-,-108.9238892,36.83531952,-76.15122223,11.76470566,57.04187393,57.16614914,53.52966309
Sun Nov 19 01:41:39 EST 2017,41:38.9,-76.1517841,36.83540359,25.5,3,-33.40000153,280.9,1.26413846,8.46589756,2.29843354,-0.07753712,-,21.56862831,-0.09622841,0.12886222,0.86298645,0.13429496,29.80392265,-,-,-,64.40000153,54.00219727,14.35873604,-,1961,-,-109.5800552,36.83540344,-76.1517868,12.94117641,57.04187393,56.54477692,53.52966309
Sun Nov 19 01:41:41 EST 2017,41:40.9,-76.15234262,36.835503,25.25,3,-32.79999924,283.1,1.14921677,8.92558384,2.83473492,-0.01920885,-,19.6078434,-0.03788024,0.11714748,0.90984541,0.1889638,29.80392265,-,-,-,64.40000153,54.01586533,14.35873604,-,1966,-,-107.6115494,36.83550262,-76.15234375,10.58823586,56.48263931,56.54477692,-
Sun Nov 19 01:41:43 EST 2017,41:42.9,-76.15289378,36.83562232,25.25,3,-32.5,286.4,1.26413846,8.65743351,2.83473492,-0.04348665,-,22.74509811,-0.0266459,0.12886222,0.91765523,0.19677362,29.80392265,-,-,-,64.40000153,54.02606583,14.35873604,-,1947,-,-106.6272965,36.83562088,-76.15289307,13.72549057,56.48263931,55.92340851,-
Sun Nov 19 01:41:45 EST 2017,41:44.9,-76.15343056,36.83576326,25.25,3,-32.09999847,289,1.03429508,9.19373417,3.06457806,0.01248455,-,17.25490189,-0.00617605,0.10543273,0.9371798,0.21239327,29.80392265,-,-,-,64.40000153,54.03946304,14.35873604,-,1964,-,-105.3149567,36.83576202,-76.15342712,10.58823586,56.48263931,56.54477692,27.1407814
Sun Nov 19 01:41:47 EST 2017,41:46.9,-76.15396438,36.83592117,25.25,3,-32.29999924,291,1.07260239,9.42357826,2.83473492,-0.0133174,-,23.13725471,0.00941617,0.10933765,0.96060938,0.1889638,29.80392265,-,-,-,64.40000153,54.04942703,14.35873604,-,1932,-,-105.9711227,36.83592224,-76.15396118,13.72549057,56.48263931,55.92340851,27.1407814
Sun Nov 19 01:41:49 EST 2017,41:48.9,-76.15448545,36.83609591,25,4,-32.40000153,292.8,1.26413846,9.04050541,2.71981311,-0.00774056,-,25.49019623,-0.07910208,0.13667206,0.87079626,0.1655343,29.80392265,-,-,-,64.40000153,54.05929184,14.35873604,-,1954,-,-106.2992172,36.83609772,-76.15448761,17.25490189,55.92340851,55.92340851,-
Sun Nov 19 01:41:52 EST 2017,41:51.2,-76.15526543,36.83640295,25.75,4,-32.5,297.5,1.34075296,9.30865574,2.56658411,-0.01615988,-,25.49019623,-0.04819668,0.15229172,0.90203559,0.16162936,29.80392265,-,-,-,64.40000153,54.07555771,14.35873604,-,1999,-,-106.6272965,36.83640289,-76.15526581,16.47058868,57.60110855,57.16614914,53.99840546
Sun Nov 19 01:41:55 EST 2017,41:54.5,-76.15601659,36.83675981,26.25,4,-33,301.5,1.53228903,9.04050541,2.60489154,0.01067597,-,25.49019623,-0.01709875,0.13667206,0.9371798,0.16162936,29.80392265,-,-,-,64.40000153,54.07555771,14.35873604,-,2046,-,-108.2677155,36.83676147,-76.15601349,16.47058868,58.71957779,58.40889359,53.99840546
Sun Nov 19 01:41:56 EST 2017,41:56.5,-76.15627202,36.83688553,26.5,4,-32.79999924,302.4,1.26413846,8.6957407,2.87304211,0.00275292,-,23.13725471,-0.05728177,0.12886222,0.88641596,0.19286871,32.54901886,-,-,-,64.40000153,54.10136795,14.35873604,-,2086,-,-107.6115494,36.83688736,-76.15627289,14.50980377,59.27880859,59.03026199,35.59263992
Sun Nov 19 01:41:59 EST 2017,41:58.7,-76.15700428,36.83729524,26.5,4,-32.90000153,305.8,1.26413846,9.19373417,2.79642749,0.00701314,-,22.74509811,-0.03452387,0.12495731,0.90594047,0.20848836,31.37254906,-,-,-,64.40000153,54.12690353,14.35873604,-,2085,-,-107.9396362,36.83729553,-76.15700531,14.11764717,59.27880859,59.03026199,35.59263992
Sun Nov 19 01:42:01 EST 2017,42:00.7,-76.15747465,36.83758118,26.25,4,-32.29999924,307.9,1.30244577,9.15542698,3.17949986,-0.00237361,-,16.86274529,-0.01514459,0.08981306,0.91375035,0.25534737,31.37254906,-,-,-,64.40000153,54.14897919,14.35873604,-,2056,-,-105.9711227,36.83758163,-76.15747833,7.84313726,58.71957779,58.40889359,-
Sun Nov 19 01:42:03 EST 2017,42:02.7,-76.15792064,36.83787224,25.5,4,-32.70000076,309.2,0.49799395,9.11711979,3.63918662,-0.00731951,-,16.47058868,0.00230143,0.05076391,0.92936999,0.27096704,31.37254906,-,-,-,64.40000153,54.16126251,14.35873604,-,1943,-,-107.2834702,36.83787155,-76.15792084,6.66666698,57.04187393,56.54477692,-
Sun Nov 19 01:42:05 EST 2017,42:04.7,-76.15834057,36.83815199,24.25,4,-32.20000076,307.6,1.37906015,9.73003578,3.21780705,-0.08313696,-,21.17647171,-0.20435144,0.09371798,0.71850449,0.22801295,31.37254906,-,-,-,64.40000153,54.1575737,14.35873604,-,1856,-,-105.6430435,36.83815384,-76.15834045,12.54901981,54.24570084,53.43792343,-
Sun Nov 19 01:42:07 EST 2017,42:07.0,-76.15876991,36.83841185,23.75,4,-31.79999924,306.6,1.14921677,9.23204136,2.37504816,-0.00223613,-,25.49019623,-0.01635387,0,0.94108468,0.18505886,35.68627548,-,-,-,64.40000153,54.15076447,14.35873604,-,1891,-,-104.3307037,36.83841324,-76.1587677,17.64705849,53.12723541,52.81655121,-
Sun Nov 19 01:42:09 EST 2017,42:09.0,-76.1591959,36.83867437,24,4,-31.20000076,307.1,1.41736746,9.92157173,1.99197578,0.0606249,-,26.27450943,-0.19510394,-0.01952458,0.75364876,0.18115395,35.68627548,-,-,-,64.40000153,54.15029907,14.35873604,-,1909,-,-102.3622055,36.83867264,-76.15919495,18.4313736,53.68646622,54.05929184,48.44909668
Sun Nov 19 01:42:11 EST 2017,42:11.0,-76.15963296,36.8389352,24.25,4,-30.79999924,306.6,1.14921677,8.73404789,2.68150592,-0.04232448,-,25.88235283,-0.0610038,0.11714748,0.89032084,0.17334414,35.68627548,-,-,-,64.40000153,54.15296936,14.35873604,-,1917,-,-101.0498657,36.83893585,-76.15962982,18.03921509,54.24570084,54.68066406,26.74262238
Sun Nov 19 01:42:13 EST 2017,42:13.0,-76.16007513,36.83920393,24.75,4,-30,306.7,0.80445176,8.92558384,2.60489154,0.02391014,-,26.27450943,-0.04833296,0.08200324,0.90984541,0.1655343,35.68627548,-,-,-,64.40000153,54.15871429,14.35873604,-,1941,-,-98.42519379,36.83920288,-76.16007233,18.03921509,55.36417389,55.30203629,26.72519875
Sun Nov 19 01:42:15 EST 2017,42:15.0,-76.16052138,36.83947314,25,4,-29.60000038,307.1,0.84275901,9.0788126,3.17949986,0.00333315,-,16.07843208,-0.02049662,0.06247865,0.91765523,0.23582277,35.68627548,-,-,-,64.40000153,54.16749191,14.35873604,-,1949,-,-97.11286163,36.83947372,-76.16052246,6.27450991,55.92340851,55.92340851,26.92812729
Sun Nov 19 01:42:17 EST 2017,42:17.0,-76.16096657,36.83974124,24.5,4,-29.20000076,307,0.9576807,9.27034855,3.21780705,0.02405125,-,20.7843132,-0.00346217,0.08200324,0.94108468,0.21629821,35.68627548,-,-,-,64.40000153,54.16695404,14.35873604,-,1828,-,-95.80052948,36.83974075,-76.16096497,12.15686321,54.80493546,54.05929184,26.92812729
Sun Nov 19 01:42:19 EST 2017,42:19.0,-76.16138848,36.84000754,24,3,-28.20000076,306.9,0.68953007,8.65743351,2.87304211,-0.00009492,-,20.3921566,-0.0671911,0.07028849,0.88251102,0.19286871,35.68627548,-,-,-,64.40000153,54.16336441,14.35873604,-,1859,-,-92.51969147,36.84000778,-76.16139221,11.76470566,53.68646622,53.43792343,-
Sun Nov 19 01:42:21 EST 2017,42:21.1,-76.16182893,36.8402626,24,4,-28.39999962,306.8,0.49799395,8.50420475,2.29843354,0.01826382,-,27.05882454,-0.01564819,0.08590815,0.95279956,0.13039005,35.68627548,-,-,-,64.40000153,54.15980911,14.35873604,-,1858,-,-93.17584991,36.84026337,-76.16182709,18.8235302,53.68646622,53.43792343,-
Sun Nov 19 01:42:24 EST 2017,42:23.2,-76.16248337,36.84066129,24.75,4,-29.39999962,307.4,0.84275901,9.57680702,2.7581203,0.00562184,-,21.96078491,0.0198829,0.08590815,0.97622901,0.18115395,30.98039246,-,-,-,64.40000153,54.16538239,14.35873604,-,1929,-,-96.45669556,36.8406601,-76.16248322,14.11764717,55.36417389,55.30203629,82.31278992
Sun Nov 19 01:42:26 EST 2017,42:25.3,-76.16292816,36.8409341,25,4,-29.60000038,308,0.99598789,8.23605347,2.98796368,-0.00101842,-,16.86274529,0.00326001,0.10152781,0.94498962,0.22020312,30.98039246,-,-,-,64.40000153,54.17089844,14.35873604,-,1914,-,-97.11286163,36.84093475,-76.16292572,7.45098066,55.92340851,55.30203629,82.31278992
Sun Nov 19 01:42:28 EST 2017,42:27.3,-76.16335072,36.84121343,24.75,4,-29.5,309.3,0.38307226,8.73404789,3.60087943,0.00215423,-,15.68627453,-0.03091141,0.03514424,0.89422578,0.27096704,30.98039246,-,-,-,64.40000153,54.17336273,14.35873604,-,1894,-,-96.78477478,36.84121323,-76.16335297,6.27450991,55.36417389,54.68066406,-
Sun Nov 19 01:42:30 EST 2017,42:29.3,-76.16379451,36.84146688,24.25,4,-29.70000076,307.3,0.91937345,9.11711979,2.71981311,-0.0261789,-,19.2156868,-0.02530648,0.09371798,0.92936999,0.17724904,30.98039246,-,-,-,64.40000153,54.17281342,14.35873604,-,1840,-,-97.44094849,36.841465,-76.16379547,8.62745094,54.24570084,54.05929184,-
Sun Nov 19 01:42:32 EST 2017,42:31.3,-76.16424272,36.84173588,24.75,4,-30,307.3,0.80445176,9.27034855,2.87304211,0.01172453,-,24.31372643,-0.02524386,0.08200324,0.92936999,0.18115395,30.98039246,-,-,-,64.40000153,54.17523956,14.35873604,-,1972,-,-98.42519379,36.84173584,-76.16424561,16.07843208,55.36417389,54.68066406,26.15281487
Sun Nov 19 01:42:34 EST 2017,42:33.4,-76.16468578,36.84201878,25.5,3,-30.79999924,307.8,0.68953007,9.15542698,3.56257224,0.0067976,-,16.86274529,0.00257536,0.06638357,0.93327487,0.25925228,30.98039246,-,-,-,64.40000153,54.18652725,14.35873604,-,1962,-,-101.0498657,36.84201813,-76.16468811,7.45098066,57.04187393,56.54477692,79.4788208
Sun Nov 19 01:42:36 EST 2017,42:35.6,-76.1651286,36.84229488,25,4,-30.89999962,307,0.65122288,8.92558384,2.7581203,-0.02639383,-,23.52941132,-0.04506767,0.06638357,0.90984541,0.18115395,33.33333206,-,-,-,64.40000153,54.19475937,14.35873604,-,1925,-,-101.3779526,36.8422966,-76.16513062,14.50980377,55.92340851,55.92340851,79.4788208
Sun Nov 19 01:42:38 EST 2017,42:37.7,-76.16558129,36.84256899,25.25,4,-32,306.8,0.61291564,8.84896946,3.33272886,0.07100677,-,16.86274529,0.01088129,0.12886222,0.9371798,0.25534737,18.03921509,-,-,-,64.40000153,54.20584106,14.35873604,-,2010,-,-104.9868774,36.84256744,-76.16558075,8.23529434,56.48263931,56.54477692,24.50984192
Sun Nov 19 01:42:40 EST 2017,42:39.7,-76.16603543,36.84284219,25.25,4,-31.39999962,306.6,0.68953007,8.77235508,2.9113493,-0.00073524,-,24.70588303,-0.02382044,0.06638357,0.93327487,0.17724904,18.03921509,-,-,-,64.40000153,54.21390533,14.35873604,-,1929,-,-103.0183716,36.8428421,-76.16603851,15.68627453,56.48263931,55.92340851,24.50984192
Sun Nov 19 01:42:42 EST 2017,42:41.7,-76.16648084,36.84311225,25,4,-32,306,0.8810662,9.69172859,2.9113493,0.0544582,-,22.74509811,0.035812,0.08981306,0.98794377,0.19677362,18.03921509,-,-,-,64.40000153,54.22189331,14.35873604,-,1977,-,-104.9868774,36.84311295,-76.16648102,16.07843208,55.92340851,55.92340851,-
Sun Nov 19 01:42:44 EST 2017,42:43.9,-76.16694667,36.84337362,25.25,4,-33.20000076,304.4,1.11090958,9.04050541,2.7581203,-0.02250095,-,24.70588303,-0.0232344,0.11324256,0.92936999,0.17724904,36.07843018,-,-,-,64.40000153,54.22981262,14.35873604,-,1946,-,-108.9238892,36.84337234,-76.16694641,14.90196133,56.48263931,55.92340851,-
Sun Nov 19 01:42:46 EST 2017,42:46.0,-76.16741268,36.84363006,25.25,4,-32.20000076,303.1,1.11090958,8.92558384,3.21780705,0.0031891,-,16.86274529,-0.03828474,0.08981306,0.90203559,0.22020312,36.07843018,-,-,-,64.40000153,54.24052429,14.35873604,-,2002,-,-105.6430435,36.84363174,-76.1674118,7.45098066,56.48263931,56.54477692,24.19411469
Sun Nov 19 01:42:48 EST 2017,42:48.0,-76.16789189,36.84387608,25.5,4,-31.79999924,301.4,0.49799395,9.0788126,3.06457806,-0.00291407,-,23.92156982,-0.02157989,0.05076391,0.92546505,0.21239327,36.07843018,-,-,-,64.40000153,54.25114441,14.35873604,-,1964,-,-104.3307037,36.84387589,-76.16789246,16.07843208,57.04187393,56.54477692,24.19411469
Sun Nov 19 01:42:51 EST 2017,42:50.2,-76.16863383,36.84421516,25.5,4,-31.70000076,298.5,0.65122288,9.34696388,3.37103605,0.0340454,-,16.86274529,0.02299018,0.07028849,0.96060938,0.24363261,22.35294151,-,-,-,64.40000153,54.26451874,14.35873604,-,2000,-,-104.0026245,36.84421539,-76.16863251,7.84313726,57.04187393,57.16614914,26.79792976
Sun Nov 19 01:42:52 EST 2017,42:52.2,-76.16889112,36.84431657,25.5,4,-31.29999924,297.2,1.07260239,8.50420475,3.14119267,-0.05041665,-,16.86274529,-0.06909869,0.10933765,0.86689138,0.22020312,22.35294151,-,-,-,64.40000153,54.27209473,14.35873604,-,1944,-,-102.6902847,36.84431839,-76.16889191,6.66666698,57.04187393,55.92340851,26.79792976
Sun Nov 19 01:42:55 EST 2017,42:54.4,-76.16964929,36.84460249,24.5,4,-32.09999847,295.5,0.65122288,9.15542698,2.87304211,0.00982271,-,21.17647171,-0.00808172,0.08200324,0.94498962,0.1889638,30.98039246,-,-,-,64.40000153,54.27394867,14.35873604,-,1903,-,-105.3149567,36.84460068,-76.16964722,12.54901981,54.80493546,54.68066406,-
Sun Nov 19 01:42:57 EST 2017,42:56.6,-76.17015885,36.84477796,24.75,5,-31.60000038,294.1,0.57460839,9.23204136,2.94965649,0.00868624,-,22.74509811,-0.00997566,0.05857374,0.94108468,0.20067854,32.54901886,-,-,-,64.40000153,54.27579117,14.35873604,-,1906,-,-103.6745453,36.84477615,-76.17015839,14.50980377,55.36417389,54.68066406,-
Sun Nov 19 01:42:59 EST 2017,42:58.6,-76.17066933,36.844946,24.75,4,-31.5,292.6,0.9576807,9.11711979,2.7581203,-0.01747486,-,22.74509811,-0.06157272,0.10933765,0.89422578,0.16162936,32.54901886,-,-,-,64.40000153,54.28041458,14.35873604,-,1920,-,-103.3464584,36.84494781,-76.17066956,14.50980377,55.36417389,55.30203629,24.583601
Sun Nov 19 01:43:01 EST 2017,43:00.8,-76.17118742,36.84511383,25,4,-31.5,291.7,1.11090958,8.92558384,3.02627087,-0.01362848,-,18.03921509,-0.03229801,0.11324256,0.90984541,0.20848836,28.23529434,-,-,-,64.40000153,54.28778076,14.35873604,-,1936,-,-103.3464584,36.84511566,-76.17118835,7.84313726,55.92340851,55.92340851,27.35403442
Sun Nov 19 01:43:03 EST 2017,43:02.9,-76.17171073,36.84527554,24.75,4,-31.60000038,291.3,1.34075296,8.81066227,3.14119267,-0.00599738,-,16.86274529,-0.00683647,0.1210524,0.93327487,0.21629821,21.17647171,-,-,-,64.40000153,54.28953552,14.35873604,-,1922,-,-103.6745453,36.84527588,-76.17170715,7.84313726,55.36417389,54.68066406,27.35403442
Sun Nov 19 01:43:06 EST 2017,43:05.1,-76.17245834,36.84552189,24.5,4,-31.10000038,290.9,0.76614451,9.42357826,2.83473492,0.02516586,-,22.74509811,0.00650963,0.07809832,0.96060938,0.1889638,33.72549057,-,-,-,64.40000153,54.28850937,14.35873604,-,1879,-,-100.0656204,36.84544373,-76.17219543,14.11764717,54.80493546,54.05929184,-
Sun Nov 19 01:43:08 EST 2017,43:07.2,-76.17298752,36.84566934,24.75,3,-31.70000076,288.6,1.26413846,8.88727665,3.29442143,-0.00626385,-,17.64705849,-0.01943788,0.12886222,0.90594047,0.25144243,33.72549057,-,-,-,64.40000153,54.29024506,14.35873604,-,1929,-,-104.0026245,36.84566879,-76.17298889,13.72549057,55.36417389,54.68066406,24.22704506
Sun Nov 19 01:43:10 EST 2017,43:09.4,-76.17351608,36.84578719,24.5,4,-32,286.2,1.03429508,8.92558384,3.02627087,-0.0225293,-,23.13725471,-0.03318143,0.10543273,0.90984541,0.20848836,14.11764717,-,-,-,64.40000153,54.29196548,14.35873604,-,1891,-,-104.9868774,36.84578705,-76.17351532,16.07843208,54.80493546,54.68066406,24.22704506
Sun Nov 19 01:43:12 EST 2017,43:11.4,-76.17404191,36.84589591,24.25,4,-32.70000076,284.2,0.45968673,9.19373417,2.71981311,-0.01162092,-,25.09803963,-0.0299436,0.07028849,0.93327487,0.15381955,14.11764717,-,-,-,64.40000153,54.29366684,14.35873604,-,1891,-,-107.2834702,36.84589767,-76.17404175,16.47058868,54.24570084,54.68066406,-
Sun Nov 19 01:43:14 EST 2017,43:13.6,-76.17458293,36.84598743,24.75,3,-33.59999847,281.3,1.03429508,9.00219822,2.98796368,-0.0083859,-,21.96078491,-0.02705357,0.10543273,0.91765523,0.20458345,30.98039246,-,-,-,64.40000153,54.29807281,14.35873604,-,1910,-,-110.2362137,36.84598923,-76.17458344,14.90196133,55.36417389,55.30203629,27.21311188
Sun Nov 19 01:43:16 EST 2017,43:15.8,-76.17513393,36.84606041,25,3,-34.79999924,279.1,0.99598789,9.23204136,3.14119267,0.00956033,-,16.86274529,-0.0166098,0.08590815,0.92546505,0.22020312,17.25490189,-,-,-,64.40000153,54.30244064,14.35873604,-,1946,-,-114.1732254,36.84606171,-76.17513275,7.45098066,55.92340851,55.30203629,27.21311188
Sun Nov 19 01:43:18 EST 2017,43:17.9,-76.17567874,36.84611617,24.5,3,-34.70000076,277,0.68953007,9.0788126,2.79642749,-0.01008058,-,21.56862831,-0.02874882,0.07028849,0.92546505,0.18505886,17.25490189,-,-,-,64.40000153,54.30138779,14.35873604,-,1888,-,-113.8451462,36.84611511,-76.17568207,12.54901981,54.80493546,54.05929184,-
Sun Nov 19 01:43:20 EST 2017,43:20.0,-76.17621942,36.8461506,24.5,3,-35.09999847,273.8,1.22583127,9.15542698,2.83473492,0.00394487,-,20.7843132,0.02860545,0.11324256,0.98794377,0.16162936,17.25490189,-,-,-,64.40000153,54.30302048,14.35873604,-,1933,-,-115.1574783,36.84614944,-76.17621613,11.37254906,54.80493546,54.68066406,24.5893364
Sun Nov 19 01:43:22 EST 2017,43:22.0,-76.17677687,36.84616962,24.5,3,-34,271.6,1.14921677,8.50420475,3.14119267,-0.04946673,-,16.86274529,-0.07385616,0.08981306,0.86689138,0.21239327,17.25490189,-,-,-,64.40000153,54.30464172,14.35873604,-,1895,-,-111.5485535,36.84616852,-76.17677307,8.23529434,54.80493546,54.68066406,24.5893364
Sun Nov 19 01:43:24 EST 2017,43:24.0,-76.17732868,36.84617763,24.25,3,-33.09999847,270.8,0.38307226,8.73404789,2.94965649,-0.04046631,-,25.88235283,-0.059145,0.03904916,0.89032084,0.20067854,17.25490189,-,-,-,64.40000153,54.3035965,14.35873604,-,1872,-,-108.5957947,36.84617615,-76.17733002,17.64705849,54.24570084,54.05929184,-
Sun Nov 19 01:43:26 EST 2017,43:26.0,-76.17788308,36.84617736,24.5,3,-33.40000153,269.9,0.38307226,9.27034855,2.87304211,0.01486474,-,24.31372643,-0.02828547,0.05466883,0.92936999,0.17724904,17.25490189,-,-,-,64.40000153,54.30519867,14.35873604,-,1914,-,-109.5800552,36.84617615,-76.17787933,16.47058868,54.80493546,54.68066406,26.82455444
Sun Nov 19 01:43:29 EST 2017,43:28.2,-76.17873038,36.84616576,25,3,-33.5,269.6,0.30645782,9.69172859,2.7581203,0.04664594,-,23.13725471,0.02799706,0.03123933,0.98794377,0.18115395,34.50980377,-,-,-,64.40000153,54.31205368,14.35873604,-,1962,-,-109.9081345,36.8461647,-76.17873383,12.94117641,55.92340851,55.92340851,53.23425293
Sun Nov 19 01:43:31 EST 2017,43:30.3,-76.17928971,36.84616003,25,3,-33.40000153,269.4,0.80445176,9.34696388,2.83473492,0.02004835,-,23.92156982,-0.00063338,0.08200324,0.95279956,0.1889638,33.72549057,-,-,-,66.19999695,54.31885529,14.35873604,-,1958,-,-109.5800552,36.84616089,-76.17929077,14.11764717,55.92340851,55.92340851,53.23425293
Sun Nov 19 01:43:33 EST 2017,43:32.5,-76.17985452,36.84615753,25.25,3,-32.5,270,0.61291564,8.84896946,2.94965649,-0.02812052,-,23.92156982,-0.03206152,0.07809832,0.91765523,0.19677362,33.72549057,-,-,-,66.19999695,54.32559586,14.35873604,-,1963,-,-106.6272965,36.84615707,-76.17985535,13.72549057,56.48263931,55.92340851,-
Sun Nov 19 01:43:37 EST 2017,43:36.3,-76.18098814,36.84615982,25.25,3,-30.60000038,269.6,0.99598789,8.73404789,2.87304211,-0.03826398,-,23.92156982,-0.05694193,0.10152781,0.89032084,0.19286871,33.72549057,-,-,-,66.19999695,54.32559586,14.35873604,-,1973,-,-100.3936997,36.84616089,-76.1809845,13.72549057,56.48263931,56.54477692,-
Sun Nov 19 01:43:39 EST 2017,43:38.3,-76.18155527,36.8461587,25.5,3,-29,269.8,0.65122288,8.54251194,2.64319873,-0.06705773,-,25.88235283,-0.04223561,0.05466883,0.92156017,0.15381955,36.47058868,-,-,-,66.19999695,54.33748245,14.35873604,-,1999,-,-95.14435577,36.84615707,-76.1815567,17.64705849,57.04187393,57.16614914,44.26731873
Sun Nov 19 01:43:41 EST 2017,43:40.5,-76.18213492,36.84615739,26,3,-28.29999924,269.9,0.34476504,9.57680702,2.52827692,0.02928716,-,25.88235283,0.01063226,0.03514424,0.97622901,0.15772445,35.68627548,-,-,-,66.19999695,54.35185623,14.35873604,-,2025,-,-92.84776306,36.84615707,-76.18213654,17.64705849,58.16034317,57.78752136,26.67500305
Sun Nov 19 01:43:43 EST 2017,43:42.7,-76.18272971,36.84615618,26.25,3,-28.10000038,269.8,1.14921677,8.96389103,2.98796368,-0.01072466,-,22.35294151,-0.03117125,0.05076391,0.90984541,0.22801295,20,-,-,-,66.19999695,54.37126923,14.35873604,-,2053,-,-92.19160461,36.84615707,-76.18273163,15.68627453,58.71957779,59.03026199,49.53052139
Sun Nov 19 01:43:45 EST 2017,43:44.7,-76.18331456,36.84615205,26.25,3,-28.5,269.6,0.8810662,7.85298157,3.02627087,-0.11842006,-,16.86274529,-0.13712537,0.08981306,0.80050778,0.20848836,20,-,-,-,66.19999695,54.3879509,14.35873604,-,2017,-,-93.50393677,36.84615326,-76.18331146,7.45098066,58.71957779,58.40889359,49.53052139
Sun Nov 19 01:43:47 EST 2017,43:46.7,-76.18389769,36.84615125,25.5,3,-28.70000076,269.9,0.99598789,8.84896946,2.87304211,-0.02719283,-,16.86274529,-0.05305861,0.10152781,0.88641596,0.21629821,20,-,-,-,66.19999695,54.39938736,14.35873604,-,1975,-,-94.16011047,36.84614944,-76.18389893,9.01960754,57.04187393,57.16614914,-
Sun Nov 19 01:43:49 EST 2017,43:48.8,-76.18446882,36.84615254,25.25,3,-29.89999962,270.6,1.22583127,8.96389103,3.25611424,-0.000835,-,16.86274529,-0.01950013,0.12495731,0.91375035,0.23191786,20,-,-,-,66.19999695,54.40818024,14.35873604,-,1950,-,-98.09711456,36.84615326,-76.18447113,7.45098066,56.48263931,56.54477692,-
Sun Nov 19 01:43:51 EST 2017,43:50.8,-76.18502219,36.84616354,25,3,-30.60000038,271.7,0.76614451,8.65743351,3.60087943,-0.02201116,-,16.47058868,-0.03064378,0.07809832,0.89813066,0.25534737,20,-,-,-,66.19999695,54.41182709,14.35873604,-,1918,-,-100.3936997,36.8461647,-76.18502045,7.05882359,55.92340851,55.30203629,-
Sun Nov 19 01:43:53 EST 2017,43:52.8,-76.18556851,36.84617907,24.5,3,-32,271.2,0.5363012,8.58081913,3.21780705,-0.04522043,-,18.8235302,-0.06390078,0.05466883,0.8747012,0.22801295,20,-,-,-,66.19999695,54.41292191,14.35873604,-,1865,-,-104.9868774,36.84617996,-76.18556976,9.8039217,54.80493546,54.68066406,-
Sun Nov 19 01:43:55 EST 2017,43:54.9,-76.18611842,36.84617911,24.5,3,-32.90000153,269.4,0.9576807,9.00219822,3.17949986,-0.00290626,-,16.86274529,-0.07303274,0.12495731,0.85908157,0.22410804,20,-,-,-,66.19999695,54.41400146,14.35873604,-,1915,-,-107.9396362,36.84617996,-76.18611908,7.45098066,54.80493546,54.68066406,-
Sun Nov 19 01:43:57 EST 2017,43:57.0,-76.18667089,36.84617483,24.5,3,-33,269.6,0.84275901,9.42357826,2.83473492,0.01559491,-,25.09803963,-0.02118229,0.1210524,0.92936999,0.18115395,20,-,-,-,66.19999695,54.41507721,14.35873604,-,1891,-,-108.2677155,36.84617615,-76.1866684,16.86274529,54.80493546,54.68066406,-
Sun Nov 19 01:43:59 EST 2017,43:59.0,-76.1872216,36.84618008,24.75,3,-32.90000153,270.7,0.99598789,9.46188545,3.17949986,0.01310401,-,19.6078434,-0.02846607,0.09371798,0.90203559,0.24753754,20,-,-,-,66.19999695,54.41614532,14.35873604,-,1899,-,-107.9396362,36.84617996,-76.18722534,10.1960783,55.36417389,54.68066406,-
Sun Nov 19 01:44:01 EST 2017,44:01.0,-76.1877674,36.84619308,24.25,3,-32.59999847,271.8,0.45968673,8.96389103,3.29442143,0.00661048,-,16.86274529,-0.02503255,0.04685899,0.91375035,0.23582277,20,-,-,-,66.19999695,54.41471863,14.35873604,-,1881,-,-106.9553757,36.84619141,-76.18776703,7.45098066,54.24570084,54.05929184,-
Sun Nov 19 01:44:04 EST 2017,44:03.1,-76.18855572,36.84621397,23.25,3,-31.29999924,270.8,0.5363012,9.15542698,3.06457806,-0.01264745,-,18.8235302,-0.01397558,0.05466883,0.93327487,0.21239327,27.05882454,-,-,-,66.19999695,54.40587616,14.35873604,-,1805,-,-102.6902847,36.84621429,-76.18855286,9.4117651,52.00876617,52.19517899,-
Sun Nov 19 01:44:06 EST 2017,44:05.2,-76.18907162,36.84620878,22.5,3,-30.39999962,269.6,0.80445176,9.04050541,3.10288548,-0.00485731,-,18.4313736,-0.03386031,0.0976229,0.90594047,0.22020312,27.05882454,-,-,-,66.19999695,54.38970566,14.35873604,-,1752,-,-99.73753357,36.84621048,-76.18907166,7.45098066,50.33106613,50.33106613,-
Sun Nov 19 01:44:08 EST 2017,44:07.2,-76.18956627,36.84620101,22,3,-30.20000076,269.2,0.8810662,9.0788126,2.9113493,0.00628703,-,18.4313736,-0.02364065,0.08981306,0.92546505,0.19677362,27.05882454,-,-,-,66.19999695,54.36875153,14.35873604,-,1734,-,-99.08136749,36.84620285,-76.18956757,8.62745094,49.21259689,49.0883255,-
Sun Nov 19 01:44:09 EST 2017,44:09.4,-76.18980841,36.84619743,21.75,3,-29.79999924,269.4,0.91937345,8.77235508,2.9113493,-0.02197699,-,21.17647171,-0.0200528,0.08590815,0.93327487,0.18505886,29.41176605,-,-,-,66.19999695,54.3455162,14.35873604,-,1675,-,-97.76902771,36.84619904,-76.18981171,13.33333397,48.65336227,48.46695328,-
Sun Nov 19 01:44:12 EST 2017,44:11.4,-76.19054614,36.8462003,21.75,3,-29.5,270.7,1.18752408,9.34696388,2.94965649,-0.0422249,-,21.96078491,-0.06961522,0.07028849,0.88251102,0.18505886,29.41176605,-,-,-,66.19999695,54.32246399,14.35873604,-,1676,-,-96.78477478,36.84619904,-76.19054413,13.33333397,48.65336227,48.46695328,-
Sun Nov 19 01:44:14 EST 2017,44:13.4,-76.19102537,36.8462077,21.75,3,-29.89999962,271.5,0.91937345,9.34696388,2.71981311,-0.02027179,-,21.56862831,-0.00292628,0.09371798,0.95279956,0.17724904,29.41176605,-,-,-,66.19999695,54.29959106,14.35873604,-,1750,-,-98.09711456,36.84620667,-76.19102478,12.94117641,48.65336227,48.46695328,-
Sun Nov 19 01:44:16 EST 2017,44:15.5,-76.19151851,36.84621946,22.25,3,-30.39999962,272.3,0.80445176,9.50019264,3.29442143,0.01629474,-,16.47058868,0.0264522,0.07028849,0.97232407,0.22020312,25.09803963,-,-,-,66.19999695,54.27931213,14.35873604,-,1712,-,-99.73753357,36.84621811,-76.19152069,7.05882359,49.77183151,49.0883255,26.89550781
Sun Nov 19 01:44:18 EST 2017,44:17.6,-76.1920076,36.84624119,21.75,3,-30.5,273.1,0.9576807,9.15542698,2.83473492,-0.00997397,-,18.8235302,-0.01781313,0.0976229,0.93327487,0.1889638,25.09803963,-,-,-,66.19999695,54.25678635,14.35873604,-,1686,-,-100.0656204,36.846241,-76.19200897,9.8039217,48.65336227,48.46695328,26.89550781
Sun Nov 19 01:44:20 EST 2017,44:19.7,-76.19250162,36.84627109,22.25,3,-31.29999924,274.4,1.53228903,9.50019264,2.9113493,0.04384524,-,16.47058868,0.03682059,0.18353106,0.97232407,0.20848836,25.49019623,-,-,-,66.19999695,54.23682785,14.35873604,-,1757,-,-102.6902847,36.84627151,-76.19250488,8.23529434,49.77183151,49.0883255,26.87520027
Sun Nov 19 01:44:22 EST 2017,44:21.7,-76.1929993,36.84632097,22.75,4,-31.89999962,277,2.22181916,10.07480049,3.02627087,0.09105633,-,19.6078434,0.08807821,0.28505886,0.99184865,0.24363261,25.49019623,-,-,-,66.19999695,54.21941376,14.35873604,-,1732,-,-104.6587906,36.84632111,-76.19300079,9.8039217,50.89030075,49.70969391,24.48529053
Sun Nov 19 01:44:24 EST 2017,44:23.9,-76.19350058,36.84641317,22.75,4,-31.89999962,283.3,2.7581203,8.84896946,1.53228903,-0.02333975,-,24.31372643,0.03322349,0.30067852,0.96451426,0.1147704,36.86274719,-,-,-,66.19999695,54.20452118,14.35873604,-,1749,-,-104.6587906,36.84641266,-76.19350433,14.11764717,50.89030075,50.33106613,27.00664902
Sun Nov 19 01:44:27 EST 2017,44:26.1,-76.19414538,36.84670109,22,3,-28.29999924,305.2,2.7581203,8.08282471,2.22181916,-0.08943108,-,25.09803963,-0.09370785,0.24991462,0.85127175,0.08353106,36.86274719,-,-,-,66.19999695,54.18499374,14.35873604,-,1724,-,-92.84776306,36.84670258,-76.1941452,17.25490189,49.21259689,49.0883255,27.00664902
Sun Nov 19 01:44:29 EST 2017,44:28.3,-76.19449806,36.84698011,22.25,3,-27.60000038,317.4,2.10689759,8.23605347,1.99197578,-0.09093612,-,24.31372643,-0.10963208,0.21477039,0.83955687,0.10305563,34.90196228,-,-,-,66.19999695,54.16561127,14.35873604,-,1731,-,-90.55118561,36.84698105,-76.19449615,15.68627453,49.77183151,49.0883255,-
Sun Nov 19 01:44:31 EST 2017,44:30.3,-76.1947806,36.84732555,23,4,-28.60000038,327.5,1.68551803,7.62313843,2.22181916,-0.1535539,-,16.47058868,-0.17793156,0.20696054,0.7575537,0.1421048,34.90196228,-,-,-,64.40000153,54.15343857,14.35873604,-,1773,-,-93.83202362,36.84732437,-76.19477844,7.05882359,51.44953156,50.95243835,74.12115479
Sun Nov 19 01:44:33 EST 2017,44:32.3,-76.1950393,36.84769211,23.25,4,-30.20000076,329.4,1.26413846,9.27034855,3.17949986,0.00882701,-,16.86274529,0.01953131,0.11324256,0.96841919,0.19677362,34.90196228,-,-,-,64.40000153,54.14370728,14.35873604,-,1790,-,-99.08136749,36.84769058,-76.19503784,7.45098066,52.00876617,51.57381058,26.95910835
Sun Nov 19 01:44:35 EST 2017,44:34.5,-76.19528971,36.84806814,23.5,3,-31.5,329.9,1.37906015,9.42357826,2.79642749,0.05494118,-,17.64705849,0.03816632,0.18743597,0.98013395,0.18505886,31.76470566,-,-,-,64.40000153,54.13638306,14.35873604,-,1801,-,-103.3464584,36.84806824,-76.19528961,7.45098066,52.56800079,52.19517899,27.17102242
Sun Nov 19 01:44:37 EST 2017,44:36.5,-76.19552021,36.84844333,23.5,3,-31.5,334.6,2.45166254,8.96389103,1.95366859,-0.0003932,-,24.70588303,-0.02608954,0.21086545,0.92936999,0.09915072,31.76470566,-,-,-,64.40000153,54.12910843,14.35873604,-,1836,-,-103.3464584,36.84844208,-76.19551849,16.86274529,52.56800079,52.19517899,27.17102242
Sun Nov 19 01:44:39 EST 2017,44:38.5,-76.19568937,36.84884835,24.25,3,-31.29999924,345.4,1.64721072,10.53448772,2.18351197,0.05524209,-,25.88235283,0.10983568,0.16791138,1.07385194,0.12258022,31.76470566,-,-,-,64.40000153,54.12652969,14.35873604,-,1879,-,-102.6902847,36.84885025,-76.19568634,18.03921509,54.24570084,53.43792343,53.30004883
Sun Nov 19 01:44:41 EST 2017,44:40.7,-76.19577328,36.84928678,25,3,-31.10000038,353.6,1.49398184,9.19373417,2.94965649,-0.00410961,-,24.31372643,-0.02419561,0.16791138,0.91765523,0.18505886,32.54901886,-,-,-,64.40000153,54.13090134,14.35873604,-,1940,-,-102.0341187,36.84928513,-76.19577026,17.25490189,55.92340851,55.30203629,80.86095428
Sun Nov 19 01:44:43 EST 2017,44:42.9,-76.19580383,36.8497364,25.25,3,-30.5,358.2,0.65122288,8.88727665,2.83473492,-0.02777648,-,23.13725471,-0.04645085,0.06638357,0.90594047,0.1889638,33.33333206,-,-,-,64.40000153,54.13753891,14.35873604,-,1981,-,-100.0656204,36.84973526,-76.19580078,14.90196133,56.48263931,55.92340851,24.27028084
Sun Nov 19 01:44:46 EST 2017,44:45.1,-76.19579992,36.85041845,25.5,3,-31.10000038,359.6,1.37906015,9.27034855,3.14119267,0.00684464,-,17.25490189,0.00796384,0.14057697,0.94498962,0.22020312,18.8235302,-,-,-,64.40000153,54.14871597,14.35873604,-,1982,-,-102.0341187,36.85041809,-76.19580078,7.84313726,57.04187393,57.16614914,49.21255493
Sun Nov 19 01:44:48 EST 2017,44:47.1,-76.19578095,36.85087094,25,3,-30.5,2.1,1.41736746,8.50420475,3.17949986,-0.00918426,-,16.86274529,-0.06297207,0.1444819,0.86689138,0.22410804,18.8235302,-,-,-,64.40000153,54.15523911,14.35873604,-,1954,-,-100.0656204,36.85087204,-76.19577789,7.45098066,55.92340851,55.92340851,49.21255493
Sun Nov 19 01:44:50 EST 2017,44:49.1,-76.19577102,36.85131923,24.75,3,-31.20000076,2.9,0.57460839,9.00219822,2.94965649,-0.01356548,-,19.6078434,-0.06306984,0.05857374,0.88641596,0.19677362,18.8235302,-,-,-,64.40000153,54.15943909,14.35873604,-,1931,-,-102.3622055,36.85131836,-76.19577026,10.58823586,55.36417389,55.30203629,-
Sun Nov 19 01:44:52 EST 2017,44:51.3,-76.19574336,36.85176828,25.25,3,-31.39999962,3,0.76614451,9.04050541,3.14119267,-0.00227511,-,22.74509811,-0.02094069,0.07809832,0.92156017,0.22020312,14.11764717,-,-,-,64.40000153,54.16361237,14.35873604,-,1928,-,-103.0183716,36.85176849,-76.19573975,15.29411793,56.48263931,55.30203629,-
Sun Nov 19 01:44:54 EST 2017,44:53.4,-76.19571048,36.85221545,25,3,-30.5,3,0.57460839,9.23204136,2.87304211,0.00456529,-,22.74509811,0.04157063,0.04685899,0.99575359,0.20067854,14.11764717,-,-,-,64.40000153,54.17001343,14.35873604,-,1942,-,-100.0656204,36.85221481,-76.19570923,14.11764717,55.92340851,55.92340851,24.29244423
Sun Nov 19 01:44:56 EST 2017,44:55.4,-76.19569932,36.85266544,25,3,-29.89999962,2.7,0.57460839,9.19373417,2.9113493,0.0060254,-,23.13725471,-0.01487355,0.05857374,0.9371798,0.19677362,14.11764717,-,-,-,64.40000153,54.1763649,14.35873604,-,1942,-,-98.09711456,36.85266495,-76.1957016,12.54901981,55.92340851,55.92340851,24.29244423
Sun Nov 19 01:44:58 EST 2017,44:57.4,-76.19567564,36.85311822,25.25,3,-30,2.4,0.49799395,9.61511421,3.52426481,0.06413239,-,23.13725471,0.0454894,0.05076391,0.98013395,0.25925228,14.11764717,-,-,-,64.40000153,54.18491364,14.35873604,-,1983,-,-98.42519379,36.8531189,-76.19567871,14.11764717,56.48263931,56.54477692,26.80033493
Sun Nov 19 01:45:00 EST 2017,44:59.4,-76.1956455,36.85357621,25.5,3,-30.39999962,2.5,1.07260239,9.57680702,2.60489154,0.03658849,-,27.45098114,0.01876767,0.08981306,0.98013395,0.16162936,14.11764717,-,-,-,64.40000153,54.19340134,14.35873604,-,1999,-,-99.73753357,36.85357666,-76.19564819,20.3921566,57.04187393,56.54477692,26.80033493
Sun Nov 19 01:45:02 EST 2017,45:01.6,-76.19561162,36.85403966,26,3,-29.70000076,3.2,0.22984336,8.96389103,2.33674097,-0.00688535,-,26.27450943,-0.0550992,0.0234295,0.91375035,0.1381999,36.86274719,-,-,-,64.40000153,54.20628357,14.35873604,-,2060,-,-97.44094849,36.85403824,-76.19561005,18.4313736,58.16034317,57.78752136,52.62639618
Sun Nov 19 01:45:04 EST 2017,45:03.8,-76.19556947,36.85451141,26.25,3,-28.20000076,3.1,0.57460839,8.6957407,2.37504816,-0.06025094,-,25.49019623,-0.07762858,0.07028849,0.88251102,0.15772445,35.68627548,-,-,-,64.40000153,54.22129059,14.35873604,-,2046,-,-92.51969147,36.85451126,-76.1955719,17.64705849,58.71957779,58.40889359,24.69000816
Sun Nov 19 01:45:06 EST 2017,45:05.8,-76.19554334,36.85499042,26.5,3,-26.70000076,2.5,0.38307226,9.88326454,2.60489154,0.06160527,-,28.23529434,-0.03620857,0.05466883,0.94498962,0.1655343,35.68627548,-,-,-,64.40000153,54.23840714,14.35873604,-,2063,-,-87.59842682,36.85499191,-76.19554138,21.17647171,59.27880859,59.03026199,24.52190399
Sun Nov 19 01:45:08 EST 2017,45:07.8,-76.19551582,36.85546748,26.75,3,-26,3,0.65122288,9.34696388,2.94965649,0.02031976,-,23.92156982,0.00166188,0.06638357,0.95279956,0.20067854,35.68627548,-,-,-,64.40000153,54.25540161,14.35873604,-,2070,-,-85.30183411,36.85546875,-76.19551849,16.07843208,59.83804321,59.03026199,24.52190399
Sun Nov 19 01:45:11 EST 2017,45:10.0,-76.19547313,36.85619239,26.5,3,-25.39999962,2.6,0.45968673,8.73404789,2.68150592,-0.04848516,-,21.56862831,-0.06716656,0.04685899,0.89032084,0.17334414,32.54901886,-,-,-,64.40000153,54.27446747,14.35873604,-,2067,-,-83.33333588,36.85619354,-76.19547272,11.76470566,59.27880859,59.65163422,27.12409401
Sun Nov 19 01:45:13 EST 2017,45:12.2,-76.19544706,36.85666503,26.75,3,-24.70000076,2.3,0.80445176,9.00219822,2.79642749,-0.08822654,-,22.74509811,-0.22505474,0.03904916,0.76536351,0.01324257,32.15686417,-,-,-,64.40000153,54.29121399,14.35873604,-,2065,-,-81.03675079,36.85666656,-76.19544983,14.11764717,59.83804321,59.03026199,27.12409401
Sun Nov 19 01:45:15 EST 2017,45:14.9,-76.1954193,36.85713946,26.75,3,-24.89999962,3.3,0.5363012,7.31668043,3.83072281,-0.13734835,-,17.25490189,-0.15606013,0.05466883,0.74583894,0.29049161,14.11764717,-,-,-,64.40000153,54.31002426,14.35873604,-,2070,-,-81.69290924,36.85713959,-76.19541931,8.23529434,59.83804321,59.65163422,24.80916786
Sun Nov 19 01:45:18 EST 2017,45:17.2,-76.19536589,36.85785904,26.25,3,-27.29999924,3.5,0.99598789,9.04050541,3.25611424,-0.01260427,-,16.47058868,-0.01490447,0.10152781,0.92156017,0.23191786,14.50980377,14.50980377,-,-,64.40000153,54.32652664,14.35873604,-,2037,-,-89.56692505,36.85786057,-76.19536591,7.05882359,58.71957779,59.03026199,24.80916786
Sun Nov 19 01:45:20 EST 2017,45:19.4,-76.19532998,36.85832829,26,3,-27.89999962,3.2,0.91937345,8.96389103,3.17949986,-0.0069524,-,17.25490189,-0.00925147,0.1210524,0.92936999,0.22020312,14.50980377,14.50980377,-,-,64.40000153,54.34075165,14.35873604,-,2009,-,-91.53543091,36.85832977,-76.19532776,8.23529434,58.16034317,58.40889359,-
Sun Nov 19 01:45:22 EST 2017,45:21.5,-76.19528726,36.85879817,26,4,-29,3.9,0.80445176,8.84896946,3.10288548,-0.00557451,-,18.8235302,-0.00393694,0.05466883,0.9488945,0.19677362,27.84313774,14.50980377,-,-,64.40000153,54.35271835,14.35873604,-,1994,-,-95.14435577,36.85879898,-76.19528961,9.8039217,58.16034317,57.78752136,-
Sun Nov 19 01:45:24 EST 2017,45:23.7,-76.19524062,36.85926996,26,3,-30.20000076,3.8,0.72783732,9.23204136,3.17949986,0.01709372,-,20,-0.00156531,0.0741934,0.94108468,0.22410804,28.23529434,14.50980377,-,-,64.40000153,54.36460495,14.35873604,-,2000,-,-99.08136749,36.85926819,-76.19524384,10.98039246,58.16034317,57.78752136,-
Sun Nov 19 01:45:26 EST 2017,45:25.7,-76.1952076,36.85973695,26,4,-29.89999962,3.3,0.8810662,8.84896946,3.06457806,-0.0221861,-,19.6078434,-0.02900022,0.07028849,0.91765523,0.20848836,28.23529434,14.50980377,-,-,64.40000153,54.37640762,14.35873604,-,2015,-,-98.09711456,36.8597374,-76.19520569,10.58823586,58.16034317,57.78752136,-
Sun Nov 19 01:45:28 EST 2017,45:27.9,-76.19517659,36.86020702,25.75,3,-30,2.7,0.8810662,8.73404789,3.33272886,-0.00764921,-,16.47058868,-0.04251446,0.08981306,0.89032084,0.23972771,18.03921509,14.50980377,-,-,64.40000153,54.38813019,14.35873604,-,1984,-,-98.42519379,36.8602066,-76.19517517,7.05882359,57.60110855,57.78752136,-
Sun Nov 19 01:45:31 EST 2017,45:30.1,-76.19513967,36.86088581,25,3,-30.5,2.7,0.91937345,8.92558384,2.9113493,-0.00174775,-,19.6078434,0.03110942,0.11714748,0.98013395,0.19677362,28.23529434,14.50980377,-,-,64.40000153,54.39339066,14.35873604,-,1938,-,-100.0656204,36.86088562,-76.19513702,10.98039246,55.92340851,55.92340851,-
Sun Nov 19 01:45:33 EST 2017,45:32.6,-76.19511655,36.86134087,25,3,-30.79999924,3.1,0.65122288,8.73404789,2.9113493,-0.00863846,-,19.2156868,-0.03173053,0.06638357,0.91765523,0.20067854,28.23529434,14.50980377,-,-,66.19999695,54.39860916,14.35873604,-,1939,-,-101.0498657,36.86133957,-76.19511414,9.4117651,55.92340851,55.92340851,-
Sun Nov 19 01:45:36 EST 2017,45:35.6,-76.19508726,36.8620162,25,3,-32.20000076,2.2,0.76614451,9.00219822,2.9113493,-0.01166815,-,19.2156868,-0.03206152,0.07809832,0.91765523,0.19677362,28.23529434,14.50980377,-,-,66.19999695,54.40167999,14.35873604,-,1922,-,-105.6430435,36.86201477,-76.19508362,9.4117651,55.92340851,55.30203629,-
Sun Nov 19 01:45:38 EST 2017,45:37.6,-76.19506532,36.86246163,25,3,-32.09999847,2.4,1.18752408,9.04050541,2.64319873,-0.01032464,-,21.56862831,-0.03392348,0.11714748,0.92546505,0.14991464,28.23529434,14.50980377,-,-,66.19999695,54.40683746,14.35873604,-,1936,-,-105.3149567,36.86246109,-76.19506836,12.15686321,55.92340851,55.92340851,27.88626862
Sun Nov 19 01:45:40 EST 2017,45:39.8,-76.19503673,36.86291111,25.25,3,-32,2.9,0.91937345,9.19373417,2.87304211,0.00533724,-,21.17647171,-0.01332584,0.09371798,0.9371798,0.19286871,30.19607925,14.50980377,-,-,66.19999695,54.41196442,14.35873604,-,1944,-,-104.9868774,36.86291122,-76.19503784,12.15686321,56.48263931,55.92340851,27.88626862
Sun Nov 19 01:45:42 EST 2017,45:42.0,-76.19501488,36.86337153,25.5,3,-32.59999847,2.4,0.91937345,8.65743351,3.06457806,-0.04015023,-,21.56862831,-0.01834148,0.05857374,0.9371798,0.18505886,30.58823586,14.50980377,-,-,66.19999695,54.41914368,14.35873604,-,1960,-,-106.9553757,36.8633728,-76.19501495,12.94117641,57.04187393,56.54477692,24.89352226
Sun Nov 19 01:45:44 EST 2017,45:44.0,-76.19499498,36.8638305,25.5,3,-32.29999924,2.5,0.91937345,9.11711979,3.06457806,0.00393713,-,20.7843132,-0.01472635,0.09371798,0.92936999,0.21239327,30.58823586,14.50980377,-,-,66.19999695,54.42835999,14.35873604,-,1976,-,-105.9711227,36.86383057,-76.19499207,12.54901981,57.04187393,57.16614914,24.65876007
Sun Nov 19 01:45:47 EST 2017,45:46.2,-76.19495959,36.86452316,25.5,3,-31.79999924,2.7,1.07260239,8.6957407,2.87304211,-0.01351033,-,19.6078434,-0.04096988,0.10152781,0.90594047,0.19677362,29.01960754,14.50980377,-,-,66.19999695,54.43751907,14.35873604,-,1971,-,-104.3307037,36.86452484,-76.19496155,9.4117651,57.04187393,57.16614914,24.65876007
Sun Nov 19 01:45:49 EST 2017,45:48.3,-76.19494198,36.8649841,25.5,3,-31.79999924,2.6,0.91937345,9.19373417,2.98796368,0.00887883,-,20.3921566,-0.00978302,0.09371798,0.9371798,0.20458345,29.01960754,14.50980377,-,-,66.19999695,54.44454575,14.35873604,-,1968,-,-104.3307037,36.8649826,-76.19493866,11.37254906,57.04187393,56.54477692,-
Sun Nov 19 01:45:51 EST 2017,45:50.5,-76.19491455,36.86544522,25.25,3,-32,2.7,0.9576807,9.11711979,2.98796368,0.00250407,-,16.86274529,-0.00523992,0.08981306,0.94108468,0.20848836,27.05882454,14.50980377,-,-,64.40000153,54.45151901,14.35873604,-,1960,-,-104.9868774,36.86544418,-76.19491577,7.45098066,56.48263931,56.54477692,-
Sun Nov 19 01:45:53 EST 2017,45:52.5,-76.19488674,36.86589434,25.25,3,-32.40000153,2.7,0.8810662,9.0788126,2.83473492,-0.00732034,-,20.7843132,-0.03410514,0.08200324,0.91765523,0.1889638,27.05882454,14.50980377,-,-,64.40000153,54.45639801,14.35873604,-,1953,-,-106.2992172,36.86589432,-76.19488525,12.15686321,56.48263931,55.92340851,-
Sun Nov 19 01:45:55 EST 2017,45:54.7,-76.19485454,36.86634311,25.25,4,-33.20000076,2.7,0.84275901,9.38527107,3.10288548,-0.00804285,-,18.03921509,0.01163585,0.08590815,0.95670444,0.21629821,27.45098114,14.50980377,-,-,64.40000153,54.46123886,14.35873604,-,1944,-,-108.9238892,36.86634445,-76.19485474,9.8039217,56.48263931,55.92340851,-
Sun Nov 19 01:45:57 EST 2017,45:56.8,-76.19482626,36.86678306,25,4,-33.70000076,2.5,0.72783732,9.0788126,2.94965649,0.00170026,-,20.7843132,-0.00077856,0.04685899,0.9488945,0.20848836,29.41176605,14.50980377,-,-,64.40000153,54.46604538,14.35873604,-,1934,-,-110.5643082,36.86678314,-76.19482422,11.76470566,55.92340851,55.92340851,-
Sun Nov 19 01:46:00 EST 2017,45:59.0,-76.19477832,36.86746283,25,3,-33.79999924,2.3,0.61291564,9.15542698,3.14119267,0.00765342,-,21.17647171,-0.01100883,0.06247865,0.93327487,0.22020312,30.98039246,14.50980377,-,-,64.40000153,54.46878815,14.35873604,-,1930,-,-110.8923874,36.86746216,-76.19477844,12.15686321,55.92340851,55.30203629,-
Sun Nov 19 01:46:02 EST 2017,46:01.0,-76.19476549,36.86791284,25,6,-33.59999847,1.7,0.5363012,9.04050541,2.83473492,-0.01365215,-,21.96078491,-0.02752418,0.0976229,0.92546505,0.18115395,30.98039246,14.50980377,-,-,64.40000153,54.47151184,14.35873604,-,1935,-,-110.2362137,36.86791229,-76.19476318,13.33333397,55.92340851,55.30203629,-
Sun Nov 19 01:46:04 EST 2017,46:03.2,-76.19476623,36.86836353,25,5,-33.09999847,0.2,1.18752408,9.19373417,2.79642749,0.05310047,-,22.74509811,-0.0126379,0.1210524,0.9371798,0.18505886,32.54901886,14.50980377,-,-,64.40000153,54.47624207,14.35873604,-,1943,-,-108.5957947,36.86836243,-76.19476318,14.11764717,55.92340851,55.92340851,27.11927795
Sun Nov 19 01:46:06 EST 2017,46:05.3,-76.1947718,36.86883297,25.5,5,-32.79999924,358.4,0.68953007,9.42357826,3.02627087,0.00084021,-,19.6078434,0.01171881,0.07028849,0.96060938,0.20848836,28.23529434,14.50980377,-,-,64.40000153,54.48295593,14.35873604,-,1954,-,-107.6115494,36.86883163,-76.19477081,11.76470566,57.04187393,56.54477692,25.42374802
Sun Nov 19 01:46:08 EST 2017,46:07.5,-76.19480749,36.86927811,25.25,5,-32.29999924,354.9,1.03429508,8.54251194,3.02627087,-0.05117887,-,20.7843132,-0.03727776,0.07028849,0.90203559,0.22801295,14.11764717,14.50980377,-,-,64.40000153,54.48962784,14.35873604,-,1956,-,-105.9711227,36.86927795,-76.19480896,12.94117641,56.48263931,56.54477692,25.42374802
Sun Nov 19 01:46:10 EST 2017,46:09.7,-76.19488488,36.86971544,25,4,-31.39999962,353.2,0.9576807,8.54251194,3.02627087,-0.05203205,-,20.3921566,-0.0707147,0.0976229,0.87079626,0.20848836,28.23529434,14.50980377,-,-,64.40000153,54.49425125,14.35873604,-,1946,-,-103.0183716,36.86971664,-76.19488525,11.76470566,55.92340851,55.92340851,-
Sun Nov 19 01:46:12 EST 2017,46:11.9,-76.19495854,36.87015792,25.25,4,-30.20000076,351.4,1.14921677,9.00219822,2.98796368,0.00431759,-,20.3921566,0.00215685,0.05076391,0.95670444,0.19286871,29.01960754,14.50980377,-,-,64.40000153,54.49885178,14.35873604,-,1940,-,-99.08136749,36.87015915,-76.19496155,11.76470566,56.48263931,55.92340851,-
Sun Nov 19 01:46:14 EST 2017,46:14.0,-76.19504468,36.87060481,25,4,-30.70000076,349.4,0.76614451,9.15542698,2.98796368,0.00382102,-,18.4313736,-0.04910288,0.09371798,0.89422578,0.20848836,28.23529434,14.50980377,-,-,64.40000153,54.50341415,14.35873604,-,1943,-,-100.7217865,36.87060547,-76.19504547,8.62745094,55.92340851,55.92340851,-
Sun Nov 19 01:46:17 EST 2017,46:16.2,-76.19522459,36.87127227,25,3,-28.89999962,346.2,0.68953007,9.27034855,2.79642749,0.00854754,-,19.6078434,-0.01011438,0.07028849,0.94498962,0.18505886,27.45098114,14.50980377,-,-,64.40000153,54.50795364,14.35873604,-,1941,-,-94.81626892,36.87127304,-76.19522095,10.98039246,55.92340851,55.92340851,-
Sun Nov 19 01:46:19 EST 2017,46:18.2,-76.19538171,36.87170735,25,3,-31.5,344,0.68953007,8.96389103,3.10288548,-0.01150286,-,19.2156868,0.00710059,0.05466883,0.9488945,0.23191786,27.45098114,14.50980377,-,-,64.40000153,54.5124588,14.35873604,-,1929,-,-103.3464584,36.87170792,-76.19538116,10.1960783,55.92340851,55.92340851,-
Sun Nov 19 01:46:21 EST 2017,46:20.4,-76.19555494,36.87213021,24.75,3,-30.79999924,341.4,1.07260239,9.00219822,2.94965649,-0.00917006,-,21.17647171,-0.02783804,0.10933765,0.91765523,0.20067854,30.58823586,14.50980377,-,-,64.40000153,54.51496506,14.35873604,-,1920,-,-101.0498657,36.87213135,-76.19555664,12.15686321,55.36417389,55.30203629,-
Sun Nov 19 01:46:23 EST 2017,46:22.6,-76.1957399,36.87254707,24.75,3,-31.29999924,340,0.80445176,9.00219822,2.98796368,0.00785581,-,20.7843132,-0.03642226,0.10933765,0.90594047,0.20848836,29.41176605,14.50980377,-,-,64.40000153,54.51745605,14.35873604,-,1930,-,-102.6902847,36.87254715,-76.19573975,12.15686321,55.36417389,55.30203629,-
Sun Nov 19 01:46:25 EST 2017,46:24.8,-76.19593756,36.87296936,24.75,4,-30.39999962,339.3,0.9576807,9.23204136,2.33674097,-0.00534135,-,22.74509811,-0.02400803,0.0976229,0.94108468,0.1381999,32.54901886,14.50980377,-,-,64.40000153,54.51993179,14.35873604,-,1923,-,-99.73753357,36.87297058,-76.19593811,14.11764717,55.36417389,55.30203629,-
Sun Nov 19 01:46:27 EST 2017,46:26.8,-76.19615592,36.87339025,24.75,4,-29.89999962,336.4,0.65122288,9.80665016,3.56257224,0.08464867,-,22.74509811,0.02886502,0.06638357,0.98013395,0.20458345,32.54901886,14.50980377,-,-,64.40000153,54.52239227,14.35873604,-,1922,-,-98.09711456,36.8733902,-76.19615936,14.11764717,55.36417389,55.30203629,-
Sun Nov 19 01:46:29 EST 2017,46:29.0,-76.19638267,36.87379401,24.75,4,-30,333.8,0.61291564,9.11711979,2.9113493,-0.00080307,-,22.74509811,-0.02206347,0.06247865,0.92936999,0.19677362,32.15686417,14.50980377,-,-,64.40000153,54.52483368,14.35873604,-,1920,-,-98.42519379,36.87379456,-76.19638062,14.11764717,55.36417389,55.30203629,-
Sun Nov 19 01:46:31 EST 2017,46:31.0,-76.19664002,36.87418823,24.25,4,-28.39999962,332.4,0.76614451,9.34696388,2.64319873,0.01323503,-,25.09803963,-0.04965666,0.07028849,0.90594047,0.17724904,32.15686417,14.50980377,-,-,64.40000153,54.52532196,14.35873604,-,1895,-,-93.17584991,36.87418747,-76.19664001,16.47058868,54.24570084,54.68066406,-
Sun Nov 19 01:46:34 EST 2017,46:33.0,-76.19704353,36.87476725,24.5,4,-26.70000076,329.4,0.84275901,9.46188545,3.17949986,-0.02840257,-,25.49019623,-0.07427644,0.0741934,0.8747012,0.19286871,32.15686417,14.50980377,-,-,64.40000153,54.52580643,14.35873604,-,1906,-,-87.59842682,36.8747673,-76.19704437,17.64705849,54.80493546,54.68066406,-
Sun Nov 19 01:46:36 EST 2017,46:35.2,-76.19734525,36.87514003,24.5,4,-27.60000038,326.7,1.14921677,8.88727665,3.17949986,-0.0117231,-,23.52941132,-0.08929905,-0.00390492,0.87079626,0.1655343,33.33333206,14.50980377,-,-,64.40000153,54.52821732,14.35873604,-,1902,-,-90.55118561,36.87514114,-76.19734192,15.29411793,54.80493546,55.30203629,27.39585495
Sun Nov 19 01:46:38 EST 2017,46:37.2,-76.19766272,36.87550854,24.75,4,-28.20000076,325.3,1.07260239,9.95987892,2.98796368,0.08460563,-,21.56862831,-0.08662224,0.08981306,0.84736669,0.22801295,33.33333206,14.50980377,-,-,64.40000153,54.53061295,14.35873604,-,1926,-,-92.51969147,36.87550735,-76.19766235,12.94117641,55.36417389,55.30203629,27.39585495
Sun Nov 19 01:46:40 EST 2017,46:39.4,-76.19799174,36.87587299,24.5,4,-28.70000076,323.3,0.03830723,8.15943909,1.95366859,-0.12573427,-,22.74509811,-0.14444213,0.00390492,0.83174706,0.09915072,32.94117737,14.50980377,-,-,64.40000153,54.53107834,14.35873604,-,1894,-,-94.16011047,36.87587357,-76.19799042,12.54901981,54.80493546,54.68066406,-
Sun Nov 19 01:46:42 EST 2017,46:41.4,-76.19833175,36.87621768,24.5,4,-29.70000076,321.6,1.60890353,9.19373417,3.37103605,0.03057677,-,16.86274529,0.05487556,0.10152781,0.99575359,0.23191786,32.94117737,14.50980377,-,-,64.40000153,54.5315361,14.35873604,-,1920,-,-97.44094849,36.87621689,-76.19833374,6.66666698,54.80493546,54.68066406,-
Sun Nov 19 01:46:44 EST 2017,46:43.4,-76.19867881,36.87656058,24.25,3,-29.5,319.9,0.76614451,8.84896946,3.06457806,-0.02321237,-,19.6078434,-0.04188518,0.07809832,0.90203559,0.21239327,32.94117737,14.50980377,-,-,64.40000153,54.53008652,14.35873604,-,1869,-,-96.78477478,36.87656021,-76.19867706,10.58823586,54.24570084,54.05929184,-
Sun Nov 19 01:46:46 EST 2017,46:45.4,-76.19903904,36.87688659,24.5,4,-30.89999962,318.2,0.61291564,9.19373417,2.94965649,0.0052135,-,18.8235302,-0.01344957,0.06247865,0.9371798,0.20067854,32.94117737,14.50980377,-,-,64.40000153,54.5305481,14.35873604,-,1893,-,-101.3779526,36.87688828,-76.19903564,8.23529434,54.80493546,54.68066406,27.29886436
Sun Nov 19 01:46:48 EST 2017,46:47.4,-76.19941586,36.87719665,24.75,4,-32.09999847,315.6,1.11090958,8.96389103,3.21780705,-0.00357687,-,16.86274529,-0.02224292,0.11324256,0.91375035,0.22801295,32.94117737,14.50980377,-,-,64.40000153,54.53289795,14.35873604,-,1917,-,-105.3149567,36.87719727,-76.19941711,7.45098066,55.36417389,55.30203629,27.05978775
Sun Nov 19 01:46:50 EST 2017,46:49.4,-76.19981169,36.87750292,24.75,4,-33.59999847,313.9,0.84275901,9.0788126,3.14119267,0.00205433,-,18.4313736,-0.02959755,0.10933765,0.90203559,0.23972771,32.94117737,14.50980377,-,-,64.40000153,54.53524017,14.35873604,-,1913,-,-110.2362137,36.87750244,-76.19981384,9.01960754,55.36417389,55.30203629,27.05978775
Sun Nov 19 01:46:52 EST 2017,46:51.4,-76.20022289,36.87780057,24.75,3,-34.40000153,311.6,1.18752408,8.38928318,3.33272886,-0.00725183,-,16.86274529,0.00412656,0.0976229,0.94498962,0.22410804,32.94117737,14.50980377,-,-,64.40000153,54.53756332,14.35873604,-,1926,-,-112.8609009,36.87779999,-76.20022583,7.84313726,55.36417389,55.30203629,-
Sun Nov 19 01:46:54 EST 2017,46:53.4,-76.2006472,36.8780858,24.5,3,-35.5,309.8,0.45968673,9.76834297,3.25611424,0.02572676,-,20,0.05102083,0.04685899,0.99575359,0.23191786,32.94117737,14.50980377,-,-,64.40000153,54.53799438,14.35873604,-,1903,-,-116.4698181,36.87808609,-76.20064545,10.98039246,54.80493546,54.68066406,-
Sun Nov 19 01:46:56 EST 2017,46:55.6,-76.20108262,36.87835842,24.5,4,-35.79999924,307.4,0.76614451,9.23204136,2.94965649,0.01003349,-,21.56862831,-0.05416305,0.07809832,0.89813066,0.18505886,31.37254906,14.50980377,-,-,64.40000153,54.53842545,14.35873604,-,1915,-,-117.4540634,36.87835693,-76.20108032,12.94117641,54.80493546,54.68066406,-
Sun Nov 19 01:46:58 EST 2017,46:57.6,-76.20154026,36.87861627,24.5,3,-35.90000153,304.9,0.80445176,9.19373417,2.68150592,0.00067814,-,23.52941132,-0.0199983,0.08200324,0.9371798,0.17334414,31.37254906,14.50980377,-,-,64.40000153,54.53885269,14.35873604,-,1902,-,-117.7821579,36.87861633,-76.20153809,14.90196133,54.80493546,54.68066406,-
Sun Nov 19 01:47:00 EST 2017,46:59.6,-76.20200846,36.87885978,24.75,3,-34.90000153,303.5,1.14921677,8.88727665,2.71981311,-0.02636987,-,23.52941132,-0.0450437,0.11714748,0.90594047,0.17724904,31.37254906,14.50980377,-,-,64.40000153,54.5411377,14.35873604,-,1921,-,-114.5013199,36.87886047,-76.20201111,15.29411793,55.36417389,55.30203629,27.16561699
Sun Nov 19 01:47:02 EST 2017,47:01.6,-76.20248728,36.87910176,25,3,-33.5,301.8,0.30645782,9.53849983,2.9113493,0.03608638,-,23.52941132,-0.02892165,0.06247865,0.92936999,0.17334414,31.37254906,14.50980377,-,-,64.40000153,54.54526138,14.35873604,-,1939,-,-109.9081345,36.8791008,-76.20248413,15.29411793,55.92340851,55.92340851,27.02664757
Sun Nov 19 01:47:04 EST 2017,47:03.8,-76.20298269,36.87932994,25.25,3,-32.70000076,299.4,1.26413846,8.73404789,2.41335535,-0.04837066,-,23.92156982,-0.06705207,0.12886222,0.89032084,0.14600971,34.50980377,14.50980377,-,-,64.40000153,54.55121231,14.35873604,-,1953,-,-107.2834702,36.87932968,-76.20298004,15.29411793,56.48263931,56.54477692,27.13086319
Sun Nov 19 01:47:07 EST 2017,47:06.0,-76.20373973,36.87965993,25.75,3,-30.29999924,297.2,0.38307226,9.34696388,2.79642749,0.01042352,-,29.41176605,-0.02643429,0.04685899,0.92936999,0.18505886,37.25490189,14.50980377,-,-,64.40000153,54.55897141,14.35873604,-,2010,-,-99.40944672,36.87966156,-76.20374298,22.35294151,57.60110855,57.16614914,24.52997398
Sun Nov 19 01:47:08 EST 2017,47:08.1,-76.20400483,36.87975931,26,4,-30.20000076,295.5,0.80445176,8.84896946,2.98796368,0.01416366,-,21.56862831,-0.04407749,0.08200324,0.90203559,0.20458345,37.25490189,14.50980377,-,-,64.40000153,54.56852341,14.35873604,-,1999,-,-99.08136749,36.87976074,-76.20400238,11.76470566,58.16034317,57.78752136,24.59534454
Sun Nov 19 01:47:10 EST 2017,47:10.1,-76.2045306,36.87993993,25.25,3,-29.60000038,293.2,0.65122288,9.57680702,2.41335535,-0.00379959,-,25.88235283,-0.01113216,0.07028849,0.95279956,0.15381955,37.25490189,14.50980377,-,-,66.19999695,54.57435608,14.35873604,-,1965,-,-97.11286163,36.87994003,-76.20452881,18.03921509,56.48263931,56.54477692,24.59534454
Sun Nov 19 01:47:12 EST 2017,47:12.1,-76.20506161,36.88011192,25.5,3,-27.39999962,290.8,1.07260239,9.6534214,2.68150592,0.04613394,-,21.17647171,0.00040422,0.10933765,0.94498962,0.20848836,37.25490189,14.50980377,-,-,66.19999695,54.58197784,14.35873604,-,1987,-,-89.8950119,36.88011169,-76.20506287,14.90196133,57.04187393,57.16614914,26.98667336
Sun Nov 19 01:47:14 EST 2017,47:14.1,-76.20559468,36.88026488,25.25,3,-25.60000038,289.3,0.42137951,9.38527107,2.71981311,0.01599324,-,25.49019623,-0.00266616,0.04295408,0.95670444,0.17724904,37.25490189,14.50980377,-,-,66.19999695,54.58590698,14.35873604,-,1955,-,-83.98950195,36.88026428,-76.20559692,17.25490189,56.48263931,55.92340851,26.98667336
Sun Nov 19 01:47:16 EST 2017,47:16.1,-76.20612989,36.88040452,25.25,3,-23.79999924,287.9,0.72783732,8.15943909,2.60489154,-0.01404771,-,24.70588303,0.00928006,0.06638357,0.97622901,0.14600971,37.25490189,14.50980377,-,-,66.19999695,54.59164047,14.35873604,-,1973,-,-78.08398438,36.88040543,-76.20613098,16.47058868,56.48263931,56.54477692,26.80256081
Sun Nov 19 01:47:19 EST 2017,47:18.3,-76.2069537,36.88058416,25.5,3,-23,283.9,0.42137951,8.38928318,2.60489154,-0.05651163,-,24.70588303,-0.08619628,0.07028849,0.8747012,0.15381955,37.25490189,14.50980377,-,-,66.19999695,54.597332,14.35873604,-,1987,-,-75.45932007,36.88058472,-76.20695496,16.86274529,57.04187393,56.54477692,26.80256081
Sun Nov 19 01:47:21 EST 2017,47:20.4,-76.20751887,36.88068265,25.75,3,-22.60000038,281.5,1.18752408,9.80665016,3.10288548,0.03289169,-,24.31372643,-0.029629,0.13276714,0.91765523,0.18505886,37.25490189,14.50980377,-,-,66.19999695,54.60480118,14.35873604,-,1998,-,-74.14698029,36.8806839,-76.20751953,16.47058868,57.60110855,57.16614914,24.64348221
Sun Nov 19 01:47:23 EST 2017,47:22.5,-76.20809234,36.88077338,26,3,-22.39999962,280.7,0.76614451,8.77235508,3.40934324,-0.0231008,-,16.86274529,-0.03711136,0.07809832,0.89422578,0.24753754,20,14.50980377,-,-,66.19999695,54.61582565,14.35873604,-,2015,-,-73.49081421,36.88077164,-76.20809174,7.84313726,58.16034317,58.40889359,55.65385818
Sun Nov 19 01:47:25 EST 2017,47:24.6,-76.2086668,36.88085458,25.75,3,-23.5,279.8,0.68953007,8.58081913,2.94965649,-0.02544349,-,18.03921509,-0.0194301,0.08200324,0.92936999,0.20067854,20,14.50980377,-,-,66.19999695,54.62499619,14.35873604,-,1991,-,-77.09973907,36.88085556,-76.20866394,8.23529434,57.60110855,57.78752136,55.65385818
Sun Nov 19 01:47:27 EST 2017,47:26.6,-76.20923509,36.88093111,25.75,4,-24.29999924,279.8,0.80445176,9.80665016,3.17949986,0.0019158,-,19.6078434,-0.00952103,0.10543273,0.92546505,0.23582277,20,14.50980377,-,-,66.19999695,54.63231277,14.35873604,-,1983,-,-79.72440338,36.88093185,-76.20923615,10.58823586,57.60110855,57.16614914,-
Sun Nov 19 01:47:29 EST 2017,47:28.7,-76.20980973,36.88101858,25.75,4,-24.5,280.6,0.91937345,9.30865574,3.21780705,0.02735335,-,20,0.00869777,0.09371798,0.9488945,0.22801295,28.62745094,14.50980377,-,-,66.19999695,54.64138412,14.35873604,-,1988,-,-80.38057709,36.88101959,-76.20980835,9.01960754,57.60110855,57.78752136,27.40242958
Sun Nov 19 01:47:31 EST 2017,47:30.9,-76.21039047,36.88110761,25.75,4,-25,281.2,1.30244577,8.88727665,3.33272886,-0.00438839,-,16.07843208,-0.00755109,0.13276714,0.92546505,0.23191786,14.50980377,14.50980377,-,-,66.19999695,54.65039444,14.35873604,-,1983,-,-82.02099609,36.88110733,-76.21038818,6.66666698,57.60110855,57.78752136,27.40242958
Sun Nov 19 01:47:34 EST 2017,47:33.5,-76.21123035,36.88125112,25.5,4,-25,282.7,0.9576807,8.96389103,2.87304211,-0.00713704,-,16.07843208,-0.00817403,0.09371798,0.94498962,0.18505886,14.50980377,14.50980377,-,-,66.19999695,54.65581131,14.35873604,-,1978,-,-82.02099609,36.88125229,-76.21122742,6.66666698,57.04187393,56.54477692,-
Sun Nov 19 01:47:36 EST 2017,47:36.1,-76.21179888,36.88136069,26,4,-25,284.1,1.68551803,8.81066227,2.52827692,-0.03095716,-,16.07843208,0.06601269,0.12495731,1.01918304,0.18505886,14.50980377,14.50980377,-,-,66.19999695,54.65581131,14.35873604,-,2014,-,-82.02099609,36.8813591,-76.21179962,6.66666698,58.16034317,57.78752136,-
Sun Nov 19 01:47:39 EST 2017,47:38.2,-76.21264558,36.88154027,25.5,3,-25.10000038,286.9,1.11090958,8.77235508,3.37103605,-0.0163514,-,16.47058868,-0.03502183,0.11324256,0.89422578,0.24363261,18.03921509,14.50980377,-,-,66.19999695,54.66296387,14.35873604,-,2001,-,-82.34908295,36.88153839,-76.21264648,6.66666698,57.04187393,57.16614914,-
Sun Nov 19 01:47:41 EST 2017,47:40.2,-76.21317972,36.88167321,24.5,3,-24.10000038,288,1.26413846,9.73003578,2.33674097,0.0131747,-,20.3921566,0.02850903,0.12886222,0.99184865,0.1381999,18.03921509,14.50980377,-,-,64.40000153,54.66477966,14.35873604,-,1918,-,-79.06824493,36.88167191,-76.21318054,10.98039246,54.80493546,55.30203629,-
Sun Nov 19 01:47:43 EST 2017,47:42.2,-76.21368671,36.88182463,24,3,-23.29999924,290,0.84275901,10.26633644,3.21780705,0.02308488,-,20.7843132,0.03851901,0.0976229,0.98013395,0.22801295,18.03921509,14.50980377,-,-,64.40000153,54.66130447,14.35873604,-,1890,-,-76.44356537,36.88182449,-76.21368408,12.15686321,53.68646622,53.43792343,-
Sun Nov 19 01:47:45 EST 2017,47:44.2,-76.21418505,36.88197493,23.75,4,-22.29999924,290.6,1.8770541,8.58081913,3.17949986,-0.02560757,-,20,-0.04743549,0.19134088,0.8747012,0.22410804,18.03921509,14.50980377,-,-,64.40000153,54.65608978,14.35873604,-,1839,-,-73.16272736,36.88197327,-76.21418762,8.23529434,53.12723541,52.81655121,-
Sun Nov 19 01:47:47 EST 2017,47:46.3,-76.21467672,36.88211487,23.25,3,-22.60000038,291,0.9576807,8.27436066,2.7581203,-0.08656967,-,21.17647171,-0.10526413,0.0976229,0.84346181,0.18115395,30.19607925,14.50980377,-,-,64.40000153,54.64740753,14.35873604,-,1820,-,-74.14698029,36.88211441,-76.2146759,12.54901981,52.00876617,51.57381058,-
Sun Nov 19 01:47:49 EST 2017,47:48.4,-76.21516402,36.8822668,23.25,3,-23,291.4,0.80445176,6.70376492,2.64319873,-0.04495609,-,22.74509811,-0.01726172,0.07809832,0.92546505,0.22020312,30.19607925,14.50980377,-,-,64.40000153,54.640522,14.35873604,-,1801,-,-75.45932007,36.882267,-76.21516418,14.90196133,52.00876617,52.19517899,24.82549858
Sun Nov 19 01:47:51 EST 2017,47:50.4,-76.21565733,36.88241878,23.75,3,-24,291,0.61291564,9.23204136,3.06457806,-0.00088141,-,23.92156982,-0.00611464,0.06247865,0.94108468,0.21239327,30.19607925,14.50980377,-,-,64.40000153,54.63541031,14.35873604,-,1878,-,-78.74015808,36.88241959,-76.2156601,15.68627453,53.12723541,52.81655121,26.38047981
Sun Nov 19 01:47:53 EST 2017,47:52.5,-76.21616815,36.88257675,24.5,3,-24.70000076,290.9,0.61291564,9.00219822,2.9113493,-0.01452738,-,23.13725471,-0.04219579,0.0741934,0.90203559,0.21239327,32.94117737,14.50980377,-,-,64.40000153,54.63554001,14.35873604,-,1886,-,-81.03675079,36.88257599,-76.21617126,14.50980377,54.80493546,54.68066406,81.99487305
Sun Nov 19 01:47:55 EST 2017,47:54.6,-76.21669321,36.88273413,25,3,-26.29999924,290.8,0.61291564,9.11711979,2.7581203,-0.00802535,-,18.4313736,0.02596896,0.07809832,0.97622901,0.20458345,32.94117737,14.50980377,-,-,64.40000153,54.63912582,14.35873604,-,1914,-,-86.28608704,36.88273239,-76.21669006,9.4117651,55.92340851,55.92340851,50.30839539
Sun Nov 19 01:47:57 EST 2017,47:56.7,-76.21721594,36.88289883,25,4,-27.5,290.8,1.11090958,8.84896946,3.29442143,-0.01184112,-,17.64705849,-0.01056916,0.0976229,0.92936999,0.22410804,14.11764717,14.50980377,-,-,64.40000153,54.64269257,14.35873604,-,1936,-,-90.22309875,36.88290024,-76.21721649,10.98039246,55.92340851,55.92340851,50.30839539
Sun Nov 19 01:47:59 EST 2017,47:58.8,-76.21774507,36.88306097,25,3,-28.5,290.9,1.14921677,8.96389103,3.21780705,-0.00311673,-,20,-0.02178265,0.11714748,0.91375035,0.22801295,28.23529434,14.50980377,-,-,64.40000153,54.64623642,14.35873604,-,1939,-,-93.50393677,36.88306046,-76.21774292,10.98039246,55.92340851,55.92340851,-
Sun Nov 19 01:48:02 EST 2017,48:01.0,-76.2185269,36.88330526,25,4,-29.39999962,291.7,0.76614451,8.58081913,3.17949986,-0.04491907,-,19.6078434,-0.06359928,0.07809832,0.8747012,0.22410804,27.84313774,14.50980377,-,-,64.40000153,54.64976883,14.35873604,-,1939,-,-96.45669556,36.8833046,-76.21852875,10.58823586,55.92340851,55.92340851,-
Sun Nov 19 01:48:04 EST 2017,48:03.2,-76.21904423,36.88347069,24.75,4,-29.89999962,291.2,0.61291564,9.00219822,2.37504816,-0.02989042,-,23.52941132,-0.02959755,0.0741934,0.92546505,0.18115395,35.29411697,14.50980377,-,-,64.40000153,54.65156555,14.35873604,-,1925,-,-98.09711456,36.88347244,-76.21904755,13.72549057,55.36417389,55.30203629,-
Sun Nov 19 01:48:06 EST 2017,48:05.4,-76.21956651,36.88363164,25.25,3,-29.79999924,291,0.84275901,8.96389103,3.52426481,0.00499691,-,18.03921509,-0.0323532,0.08590815,0.90594047,0.22801295,16.47058868,14.50980377,-,-,64.40000153,54.6567688,14.35873604,-,1978,-,-97.76902771,36.88363266,-76.21956635,14.50980377,56.48263931,56.54477692,49.22151184
Sun Nov 19 01:48:08 EST 2017,48:07.4,-76.22008669,36.88379363,25.25,4,-28.89999962,290.6,1.26413846,8.65743351,2.98796368,0.00027188,-,22.35294151,-0.05723322,0.12886222,0.88251102,0.20458345,16.47058868,14.50980377,-,-,64.40000153,54.66193771,14.35873604,-,1958,-,-94.81626892,36.88379288,-76.22008514,14.50980377,56.48263931,56.54477692,49.22151184
Sun Nov 19 01:48:10 EST 2017,48:09.6,-76.2206139,36.88396026,25,3,-28.89999962,291.2,0.72783732,9.00219822,2.83473492,-0.01606691,-,19.2156868,-0.02988063,0.0741934,0.91375035,0.21629821,29.41176605,14.50980377,-,-,64.40000153,54.6653862,14.35873604,-,1948,-,-94.81626892,36.88396072,-76.22061157,9.4117651,55.92340851,55.92340851,-
Sun Nov 19 01:48:12 EST 2017,48:11.8,-76.22112989,36.88411967,24.5,3,-27.60000038,291.1,-0.07661445,9.27034855,2.79642749,0.00327555,-,25.49019623,-0.01258381,-0.00780983,0.94498962,0.18505886,35.68627548,14.50980377,-,-,64.40000153,54.66542816,14.35873604,-,1915,-,-90.55118561,36.88412094,-76.22113037,17.25490189,54.80493546,54.68066406,-
Sun Nov 19 01:48:14 EST 2017,48:13.8,-76.2216557,36.884264,24.75,3,-25.60000038,288.5,1.11090958,8.88727665,2.60489154,-0.01808479,-,23.92156982,-0.05892608,0.10933765,0.89813066,0.15772445,35.68627548,14.50980377,-,-,64.40000153,54.66716003,14.35873604,-,1934,-,-83.98950195,36.8842659,-76.2216568,15.68627453,55.36417389,55.30203629,24.48322868
Sun Nov 19 01:48:16 EST 2017,48:15.8,-76.22218315,36.88440321,24.5,3,-24.10000038,288.8,0.8810662,9.23204136,2.64319873,0.00200778,-,23.52941132,0.01905975,0.13667206,0.96841919,0.18505886,35.68627548,14.50980377,-,-,64.40000153,54.66719055,14.35873604,-,1886,-,-79.06824493,36.88440323,-76.22218323,13.72549057,54.80493546,54.68066406,24.48322868
Sun Nov 19 01:48:18 EST 2017,48:18.0,-76.22269259,36.88454797,24.25,3,-23.5,290.9,0.99598789,9.27034855,2.48996973,0.00856358,-,25.49019623,-0.02424258,0.08200324,0.9371798,0.15772445,36.07843018,14.50980377,-,-,64.40000153,54.66555023,14.35873604,-,1918,-,-77.09973907,36.88454819,-76.2226944,17.25490189,54.24570084,54.05929184,-
Sun Nov 19 01:48:21 EST 2017,48:20.2,-76.22346349,36.88478774,24.5,3,-23.70000076,290.8,0.57460839,9.50019264,3.25611424,-0.091775,-,23.13725471,0.0257459,0.05857374,0.96841919,0.23191786,14.11764717,14.50980377,-,-,64.40000153,54.66558838,14.35873604,-,1877,-,-77.75590515,36.88478851,-76.22346497,14.90196133,54.80493546,54.68066406,24.89822578
Sun Nov 19 01:48:23 EST 2017,48:22.2,-76.22397619,36.88494938,24.5,3,-24.29999924,290.6,0.91937345,9.19373417,3.25611424,-0.02444081,-,19.2156868,-0.07815805,0.07028849,0.86689138,0.20458345,14.11764717,14.50980377,-,-,64.40000153,54.66563034,14.35873604,-,1873,-,-79.72440338,36.88494873,-76.22397614,10.98039246,54.80493546,54.68066406,24.89822578
Sun Nov 19 01:48:25 EST 2017,48:24.4,-76.22448352,36.88510392,24.25,3,-25.29999924,290.9,1.18752408,8.61912632,3.14119267,-0.02169286,-,20.7843132,-0.0567397,0.1210524,0.87860614,0.22020312,29.41176605,14.50980377,-,-,64.40000153,54.66400528,14.35873604,-,1885,-,-83.00524902,36.88510513,-76.2244873,11.76470566,54.24570084,54.05929184,-
Sun Nov 19 01:48:27 EST 2017,48:26.4,-76.22499413,36.88527216,24.5,4,-26,292.6,1.95366859,8.92558384,2.79642749,0.00156365,-,17.25490189,-0.01229791,0.16010156,0.92546505,0.20458345,29.41176605,14.50980377,-,-,64.40000153,54.66238785,14.35873604,-,1883,-,-85.30183411,36.88527298,-76.22499084,8.62745094,54.80493546,54.05929184,-
Sun Nov 19 01:48:29 EST 2017,48:28.4,-76.22547837,36.88547408,24.5,3,-27.5,299,1.64721072,8.46589756,2.9113493,-0.03062621,-,16.86274529,-0.07177433,0.16791138,0.86298645,0.19677362,29.41176605,14.50980377,-,-,64.40000153,54.66243744,14.35873604,-,1895,-,-90.22309875,36.88547516,-76.22547913,10.1960783,54.80493546,54.68066406,27.06654739
Sun Nov 19 01:48:31 EST 2017,48:30.6,-76.2259408,36.88572241,24.75,3,-28.39999962,304.1,0.76614451,9.19373417,2.94965649,0.00632614,-,20,-0.0386418,0.08590815,0.91375035,0.18505886,29.41176605,14.50980377,-,-,64.40000153,54.66248322,14.35873604,-,1912,-,-93.17584991,36.88572311,-76.22594452,10.98039246,55.36417389,54.68066406,27.06654739
Sun Nov 19 01:48:33 EST 2017,48:32.7,-76.22640067,36.88597527,24.75,3,-28.20000076,305.6,1.03429508,9.23204136,2.87304211,0.01349913,-,22.35294151,-0.0084356,0.10543273,0.94108468,0.19286871,29.41176605,14.50980377,-,-,64.40000153,54.66418076,14.35873604,-,1956,-,-92.51969147,36.88597488,-76.22640228,14.11764717,55.36417389,55.30203629,24.09841728
Sun Nov 19 01:48:35 EST 2017,48:34.7,-76.22685086,36.8862512,25.25,4,-28.39999962,307.9,1.76213241,8.96389103,2.56658411,-0.01370734,-,21.56862831,0.00966556,0.15619664,0.95670444,0.18115395,29.41176605,14.50980377,-,-,64.40000153,54.6675148,14.35873604,-,1920,-,-93.17584991,36.88624954,-76.22685242,12.15686321,56.48263931,55.92340851,27.33485603
Sun Nov 19 01:48:37 EST 2017,48:36.7,-76.2272653,36.88655888,25,4,-28.70000076,312.7,1.30244577,9.15542698,2.68150592,0.00050199,-,24.31372643,-0.00692098,0.14838681,0.94498962,0.1655343,29.41176605,14.50980377,-,-,64.40000153,54.66918945,14.35873604,-,1936,-,-94.16011047,36.88655853,-76.2272644,16.07843208,55.92340851,55.30203629,27.33485603
Sun Nov 19 01:48:39 EST 2017,48:38.9,-76.22763784,36.88689783,25.25,4,-29.5,318,1.18752408,9.19373417,2.83473492,-0.02202618,-,21.96078491,-0.05722513,0.13667206,0.89032084,0.17724904,30.98039246,14.50980377,-,-,64.40000153,54.67248535,14.35873604,-,1975,-,-96.78477478,36.88689804,-76.22763824,14.11764717,56.48263931,55.92340851,26.57363129
Sun Nov 19 01:48:41 EST 2017,48:40.9,-76.22799448,36.88726143,25.5,4,-30.20000076,322.1,1.22583127,8.81066227,3.06457806,-0.02191573,-,16.86274529,-0.0549296,0.16010156,0.86689138,0.23972771,30.98039246,14.50980377,-,-,64.40000153,54.6774025,14.35873604,-,2016,-,-99.08136749,36.88726044,-76.22799683,7.45098066,57.04187393,56.54477692,23.98251915
Sun Nov 19 01:48:43 EST 2017,48:42.9,-76.22830859,36.88764024,25.25,3,-30,326.1,1.07260239,9.34696388,2.7581203,0.01841444,-,23.13725471,-0.00024411,0.10933765,0.95279956,0.18115395,30.98039246,14.50980377,-,-,64.40000153,54.68066406,14.35873604,-,1955,-,-98.42519379,36.88764191,-76.22830963,16.47058868,56.48263931,55.92340851,23.98251915
Sun Nov 19 01:48:45 EST 2017,48:45.1,-76.22860815,36.88803291,25.25,3,-30.39999962,329,0.84275901,8.81066227,2.87304211,-0.02698339,-,21.56862831,-0.02211808,0.07809832,0.92936999,0.19286871,32.15686417,14.50980377,-,-,64.40000153,54.68390656,14.35873604,-,1954,-,-99.73753357,36.88803101,-76.22860718,12.54901981,56.48263931,55.92340851,-
Sun Nov 19 01:48:48 EST 2017,48:47.1,-76.22902805,36.88863033,25.25,3,-31.20000076,330.2,0.9576807,9.00219822,2.87304211,-0.00047792,-,19.6078434,-0.03147842,0.0976229,0.91765523,0.19286871,32.15686417,14.50980377,-,-,64.40000153,54.6871376,14.35873604,-,1954,-,-102.3622055,36.88862991,-76.22902679,10.58823586,56.48263931,55.92340851,-
Sun Nov 19 01:48:49 EST 2017,48:49.1,-76.22916341,36.88882872,25,3,-31.10000038,330.6,0.91937345,9.11711979,3.02627087,-0.00968616,-,21.17647171,-0.02129927,0.07028849,0.93327487,0.18505886,32.15686417,14.50980377,-,-,64.40000153,54.69034958,14.35873604,-,1939,-,-102.0341187,36.88882828,-76.22916412,12.54901981,55.92340851,55.92340851,-
Sun Nov 19 01:48:52 EST 2017,48:51.3,-76.22958351,36.88943005,25.5,3,-30.89999962,330.5,0.91937345,8.54251194,2.7581203,-0.06115395,-,20.7843132,-0.07983971,0.09371798,0.87079626,0.18115395,29.80392265,14.50980377,-,-,64.40000153,54.69515228,14.35873604,-,1960,-,-101.3779526,36.889431,-76.22958374,12.15686321,57.04187393,56.54477692,26.91358376
Sun Nov 19 01:48:54 EST 2017,48:53.3,-76.22986934,36.88982685,25.5,3,-31.39999962,330.6,0.42137951,9.15542698,2.87304211,-0.00190902,-,22.74509811,-0.00041965,0.05076391,0.95279956,0.19677362,29.80392265,14.50980377,-,-,64.40000153,54.6999321,14.35873604,-,1966,-,-103.0183716,36.88982773,-76.22986603,14.50980377,57.04187393,56.54477692,26.91358376
Sun Nov 19 01:48:56 EST 2017,48:55.6,-76.2301557,36.89022924,25.75,3,-32.29999924,330.3,0.91937345,8.73404789,2.71981311,-0.00448126,-,22.74509811,-0.03229801,0.08200324,0.92546505,0.16943921,29.80392265,14.50980377,-,-,64.40000153,54.70628738,14.35873604,-,1987,-,-105.9711227,36.89022827,-76.23015594,14.11764717,57.60110855,57.16614914,27.24420929
Sun Nov 19 01:48:58 EST 2017,48:57.6,-76.23044163,36.89063612,26,3,-32.79999924,330.6,1.22583127,9.46188545,3.25611424,0.04665345,-,17.25490189,0.02800454,0.12495731,0.96451426,0.23191786,29.80392265,14.50980377,-,-,64.40000153,54.71421051,14.35873604,-,2011,-,-107.6115494,36.89063644,-76.23043823,7.84313726,58.16034317,57.78752136,23.23243904
Sun Nov 19 01:49:00 EST 2017,48:59.8,-76.23072667,36.89104783,25.75,3,-32.5,331,0.72783732,8.61912632,3.10288548,-0.05639976,-,21.96078491,-0.08316226,0.06638357,0.8747012,0.1655343,33.33333206,14.50980377,-,-,64.40000153,54.72208786,14.35873604,-,1999,-,-106.6272965,36.89104843,-76.23072815,10.58823586,57.60110855,57.78752136,23.23243904
Sun Nov 19 01:49:02 EST 2017,49:02.0,-76.23100688,36.89145078,25.5,4,-32.5,330.7,1.34075296,8.88727665,3.17949986,-0.00917006,-,17.25490189,-0.01527629,0.14057697,0.92546505,0.20458345,24.31372643,14.50980377,-,-,64.40000153,54.72834015,14.35873604,-,1963,-,-106.6272965,36.89144897,-76.23101044,7.45098066,57.04187393,57.16614914,-
Sun Nov 19 01:49:04 EST 2017,49:04.0,-76.23126247,36.89183188,24.75,4,-33,332.8,1.41736746,9.04050541,3.14119267,0.00524443,-,20.7843132,-0.01318667,0.1444819,0.93327487,0.18505886,24.31372643,14.50980377,-,-,64.40000153,54.72980118,14.35873604,-,1925,-,-108.2677155,36.89183044,-76.23126221,12.15686321,55.36417389,55.30203629,-
Sun Nov 19 01:49:07 EST 2017,49:06.2,-76.23162585,36.89243395,24.75,4,-32.59999847,334.6,0.99598789,9.38527107,2.87304211,0.02466565,-,21.17647171,0.00600922,0.10152781,0.95670444,0.19286871,30.19607925,14.50980377,-,-,64.40000153,54.73126221,14.35873604,-,1923,-,-106.9553757,36.89243317,-76.23162842,12.54901981,55.36417389,55.30203629,-
Sun Nov 19 01:49:09 EST 2017,49:08.2,-76.23185103,36.89284766,24.75,4,-32.70000076,336.4,1.14921677,9.27034855,2.87304211,0.01106842,-,21.17647171,-0.00341623,0.11714748,0.94498962,0.19286871,30.19607925,14.50980377,-,-,64.40000153,54.73270798,14.35873604,-,1924,-,-107.2834702,36.89284897,-76.23184967,12.54901981,55.36417389,55.30203629,-
Sun Nov 19 01:49:11 EST 2017,49:10.4,-76.23205934,36.89326111,24.75,3,-33.40000153,338.5,0.9576807,9.30865574,2.83473492,-0.01004429,-,21.17647171,-0.00614534,0.10933765,0.9488945,0.17334414,30.19607925,14.50980377,-,-,64.40000153,54.73414993,14.35873604,-,1922,-,-109.5800552,36.89326096,-76.23205566,12.15686321,55.36417389,55.30203629,-
Sun Nov 19 01:49:13 EST 2017,49:12.4,-76.23225423,36.89368159,24.75,3,-33.40000153,339.8,0.91937345,8.88727665,2.48996973,0.01754748,-,21.17647171,-0.05419531,0.09371798,0.90594047,0.15381955,30.19607925,14.50980377,-,-,64.40000153,54.73558426,14.35873604,-,1919,-,-109.5800552,36.89368057,-76.23225403,12.15686321,55.36417389,55.30203629,-
Sun Nov 19 01:49:15 EST 2017,49:14.5,-76.23243535,36.89410721,24.75,4,-32.5,340.8,0.99598789,9.30865574,2.79642749,0.01497555,-,21.17647171,-0.00368421,0.10152781,0.9488945,0.18505886,30.19607925,14.50980377,-,-,64.40000153,54.73701096,14.35873604,-,1924,-,-106.6272965,36.89410782,-76.23243713,12.54901981,55.36417389,55.30203629,-
Sun Nov 19 01:49:17 EST 2017,49:16.7,-76.2326149,36.89453311,25,4,-32.20000076,341.6,0.72783732,8.81066227,2.83473492,-0.03461558,-,21.17647171,-0.0166021,0.06247865,0.94108468,0.17724904,30.19607925,14.50980377,-,-,64.40000153,54.73999023,14.35873604,-,1931,-,-105.6430435,36.89453125,-76.23261261,12.54901981,55.92340851,55.92340851,25.50345802
Sun Nov 19 01:49:19 EST 2017,49:18.7,-76.23278804,36.89495612,25,4,-31.79999924,342,0.91937345,8.61912632,2.87304211,-0.02241693,-,21.17647171,-0.01964798,0.09371798,0.92546505,0.20848836,30.19607925,14.50980377,-,-,64.40000153,54.74295807,14.35873604,-,1943,-,-104.3307037,36.89495468,-76.23278809,12.54901981,55.92340851,55.92340851,25.50345802
Sun Nov 19 01:49:21 EST 2017,49:20.8,-76.23296186,36.89538959,25.25,4,-31.70000076,342.2,0.65122288,9.04050541,3.14119267,-0.00314015,-,19.2156868,-0.02180605,0.06638357,0.92156017,0.22020312,30.19607925,14.50980377,-,-,64.40000153,54.74745941,14.35873604,-,1956,-,-104.0026245,36.89538956,-76.23296356,11.76470566,56.48263931,56.54477692,25.60055733
Sun Nov 19 01:49:23 EST 2017,49:23.0,-76.23312911,36.89581349,25.25,4,-31.89999962,342,0.99598789,9.46188545,3.21780705,0.04281062,-,16.86274529,0.0241604,0.10152781,0.96451426,0.22801295,21.56862831,14.50980377,-,-,64.40000153,54.75039673,14.35873604,-,1938,-,-104.6587906,36.89581299,-76.23313141,7.84313726,56.48263931,55.92340851,25.60055733
Sun Nov 19 01:49:25 EST 2017,49:25.2,-76.23330343,36.89623685,24.5,3,-32.40000153,342,0.65122288,9.30865574,3.21780705,-0.00632325,-,17.25490189,-0.0354726,0.06247865,0.90594047,0.22410804,27.45098114,14.50980377,-,-,64.40000153,54.75022125,14.35873604,-,1891,-,-106.2992172,36.89623642,-76.23330688,7.05882359,54.80493546,54.68066406,-
Sun Nov 19 01:49:28 EST 2017,49:27.8,-76.233556,36.89686396,24.25,4,-33.09999847,341.5,1.03429508,8.38928318,3.21780705,0.00268488,-,17.25490189,-0.11613385,0.0741934,0.83565199,0.17724904,27.45098114,14.50980377,-,-,64.40000153,54.74850845,14.35873604,-,1888,-,-108.5957947,36.89686584,-76.23355865,7.05882359,54.24570084,54.05929184,-
Sun Nov 19 01:49:30 EST 2017,49:30.0,-76.23372552,36.89727267,24.25,4,-34.09999847,341.7,0.91937345,8.84896946,2.64319873,0.01797454,-,17.25490189,-0.05489736,0.0976229,0.89032084,0.20067854,27.45098114,14.50980377,-,-,64.40000153,54.74833679,14.35873604,-,1917,-,-111.8766327,36.89727402,-76.2337265,7.05882359,54.24570084,54.68066406,-
Sun Nov 19 01:49:33 EST 2017,49:32.0,-76.23397898,36.89789925,24.5,3,-33.79999924,342.1,0.99598789,9.00219822,2.87304211,0.00946767,-,21.96078491,-0.03107675,0.10152781,0.91765523,0.19286871,31.37254906,31.76470566,-,-,64.40000153,54.74817276,14.35873604,-,1907,-,-110.8923874,36.89789963,-76.23397827,13.72549057,54.80493546,54.68066406,-
Sun Nov 19 01:49:34 EST 2017,49:34.0,-76.23406126,36.89810969,24.75,3,-33.59999847,342.3,0.84275901,9.27034855,3.02627087,-0.01572342,-,21.96078491,-0.02304695,0.03904916,0.91765523,0.23191786,31.37254906,31.76470566,-,-,64.40000153,54.74800491,14.35873604,-,1937,-,-110.2362137,36.89810944,-76.23406219,12.94117641,55.36417389,54.68066406,-
Sun Nov 19 01:49:37 EST 2017,49:36.2,-76.23431535,36.89874228,24.75,3,-33.79999924,342,0.8810662,8.65743351,3.06457806,-0.02218852,-,21.56862831,-0.05920988,0.08981306,0.88251102,0.21239327,31.37254906,31.76470566,-,-,64.40000153,54.74936676,14.35873604,-,1925,-,-110.8923874,36.89874268,-76.23431396,12.94117641,55.36417389,55.30203629,27.10916901
Sun Nov 19 01:49:39 EST 2017,49:38.3,-76.23449345,36.89916812,24.75,3,-32.5,341.4,0.5363012,8.81066227,2.87304211,-0.00975445,-,21.96078491,-0.06399859,0.06247865,0.88251102,0.20458345,31.37254906,31.76470566,-,-,64.40000153,54.75072098,14.35873604,-,1937,-,-106.6272965,36.89916992,-76.23449707,13.33333397,55.36417389,55.30203629,27.10916901
Sun Nov 19 01:49:41 EST 2017,49:40.3,-76.23467929,36.89959889,25,4,-31.60000038,341.2,1.30244577,9.15542698,2.79642749,0.00424491,-,22.35294151,-0.00038912,0.07028849,0.95279956,0.19286871,31.37254906,31.76470566,-,-,64.40000153,54.75206757,14.35873604,-,1946,-,-103.6745453,36.89959717,-76.23468018,13.72549057,55.92340851,55.30203629,-
Sun Nov 19 01:49:43 EST 2017,49:42.5,-76.23487129,36.90002716,25.25,3,-31.89999962,339.9,0.72783732,9.04050541,3.10288548,-0.00384992,-,17.25490189,-0.02251606,0.0741934,0.92156017,0.21629821,23.92156982,31.76470566,-,-,64.40000153,54.75492859,14.35873604,-,1954,-,-104.6587906,36.90002823,-76.23487091,7.84313726,56.48263931,55.92340851,27.00709915
Sun Nov 19 01:49:45 EST 2017,49:44.5,-76.2350833,36.90044176,24.75,4,-31.5,336.3,0.49799395,8.65743351,3.06457806,-0.04345417,-,21.96078491,-0.05148077,0.04295408,0.89422578,0.21239327,23.92156982,31.76470566,-,-,64.40000153,54.7562561,14.35873604,-,1912,-,-103.3464584,36.90044022,-76.23508453,13.33333397,55.36417389,55.30203629,27.00709915
Sun Nov 19 01:49:47 EST 2017,49:46.5,-76.23533585,36.9008448,24.75,3,-31.5,331.2,0.34476504,9.34696388,2.79642749,0.01414853,-,21.96078491,0.02390704,0.03514424,0.98013395,0.19286871,23.92156982,31.76470566,-,-,64.40000153,54.75758362,14.35873604,-,1923,-,-103.3464584,36.90084457,-76.2353363,13.33333397,55.36417389,55.30203629,-
Sun Nov 19 01:49:49 EST 2017,49:48.5,-76.2356412,36.90122929,25,3,-31.5,326.5,0.61291564,9.00219822,3.37103605,0.00087476,-,17.25490189,-0.01778977,0.06247865,0.91765523,0.24363261,23.92156982,31.76470566,-,-,64.40000153,54.76040268,14.35873604,-,1935,-,-103.3464584,36.90122986,-76.23564148,8.23529434,55.92340851,55.92340851,27.06906509
Sun Nov 19 01:49:51 EST 2017,49:50.5,-76.23598561,36.90159178,24.75,4,-31.89999962,322.3,0.61291564,9.00219822,3.29442143,-0.00183117,-,20,-0.02049662,0.06247865,0.91765523,0.23582277,23.92156982,31.76470566,-,-,64.40000153,54.76021194,14.35873604,-,1902,-,-104.6587906,36.90159225,-76.2359848,10.1960783,55.36417389,54.68066406,27.06906509
Sun Nov 19 01:49:53 EST 2017,49:52.5,-76.23634208,36.90192282,24.5,4,-32.40000153,319.1,0.68953007,8.50420475,3.21780705,-0.05146593,-,20,-0.02158769,0.08590815,0.92546505,0.20458345,23.92156982,31.76470566,-,-,64.40000153,54.7600174,14.35873604,-,1893,-,-106.2992172,36.90192413,-76.23634338,11.37254906,54.80493546,54.68066406,-
Sun Nov 19 01:49:55 EST 2017,49:54.5,-76.23674264,36.90221797,24.25,4,-31.89999962,312.9,0.57460839,8.77235508,2.7581203,-0.00141127,-,25.09803963,-0.02634025,0.08590815,0.92546505,0.1889638,23.92156982,31.76470566,-,-,64.40000153,54.75833511,14.35873604,-,1879,-,-104.6587906,36.90221786,-76.23674011,13.72549057,54.24570084,54.05929184,-
Sun Nov 19 01:49:57 EST 2017,49:56.7,-76.23716572,36.90249649,24.25,3,-31.10000038,308.1,0.38307226,9.27034855,3.10288548,0.01628369,-,24.31372643,0.00647173,0.02733441,0.96451426,0.18505886,30.19607925,31.76470566,-,-,64.40000153,54.75665665,14.35873604,-,1932,-,-102.0341187,36.90249634,-76.23716736,16.86274529,54.24570084,54.05929184,-
Sun Nov 19 01:49:59 EST 2017,49:58.9,-76.23761859,36.9027573,24.5,3,-30.70000076,303.7,0.76614451,9.46188545,2.94965649,0.03230876,-,21.17647171,0.00721433,0.05857374,0.95279956,0.22020312,30.19607925,31.37254906,-,-,64.40000153,54.75647736,14.35873604,-,1893,-,-100.7217865,36.90275574,-76.23761749,12.15686321,54.80493546,54.68066406,24.92505264
Sun Nov 19 01:50:01 EST 2017,50:01.0,-76.23808696,36.90297853,24.25,4,-30.89999962,300.2,0.49799395,9.11711979,3.14119267,0.00329441,-,21.96078491,-0.036256,0.05076391,0.91765523,0.1889638,30.19607925,31.37254906,-,-,64.40000153,54.75333023,14.35873604,-,1861,-,-101.3779526,36.90297699,-76.23809052,13.33333397,54.24570084,53.43792343,24.92505264
Sun Nov 19 01:50:03 EST 2017,50:03.0,-76.23856655,36.90315156,23.75,3,-29,294.2,0.61291564,8.96389103,2.94965649,-0.01702344,-,22.35294151,-0.0356941,0.06247865,0.91375035,0.20067854,30.19607925,31.37254906,-,-,64.40000153,54.74872208,14.35873604,-,1838,-,-95.14435577,36.90315247,-76.23856354,14.11764717,53.12723541,52.81655121,-
Sun Nov 19 01:50:05 EST 2017,50:05.0,-76.23906018,36.9032947,23.5,4,-28.39999962,289.2,0.45968673,10.15141487,2.83473492,-0.00303726,-,24.31372643,0.07578012,0.04685899,1.03480268,0.1889638,30.19607925,31.37254906,-,-,64.40000153,54.74412918,14.35873604,-,1827,-,-93.17584991,36.90329361,-76.23905945,16.47058868,52.56800079,52.81655121,-
Sun Nov 19 01:50:08 EST 2017,50:07.2,-76.23983578,36.90345801,23.75,4,-27.20000076,283.6,0.03830723,8.31266785,1.99197578,-0.10963488,-,24.31372643,0.00295589,0.16400647,0.95279956,0.1655343,34.50980377,31.37254906,-,-,64.40000153,54.74103165,14.35873604,-,1867,-,-89.23884583,36.90345764,-76.23983765,16.07843208,53.12723541,53.43792343,26.99565125
Sun Nov 19 01:50:10 EST 2017,50:09.2,-76.24038419,36.90352515,24.25,4,-27.5,278.5,0.84275901,9.53849983,3.25611424,0.05000132,-,16.86274529,0.03135357,0.08590815,0.97232407,0.23191786,34.50980377,31.37254906,-,-,64.40000153,54.73942566,14.35873604,-,1895,-,-90.22309875,36.90352631,-76.24038696,8.23529434,54.24570084,54.05929184,24.44796944
Sun Nov 19 01:50:12 EST 2017,50:11.2,-76.24091799,36.90356033,24,4,-27.60000038,273.7,0.49799395,9.0788126,2.94965649,-0.00659245,-,20.7843132,-0.05074106,0.08981306,0.89813066,0.19286871,34.50980377,31.37254906,-,-,64.40000153,54.73635483,14.35873604,-,1863,-,-90.55118561,36.90356064,-76.24092102,11.37254906,53.68646622,53.43792343,24.44796944
Sun Nov 19 01:50:14 EST 2017,50:13.2,-76.24146932,36.90355781,24.25,3,-29.39999962,270.3,1.03429508,9.19373417,2.68150592,-0.01338091,-,22.74509811,-0.01002189,0.12495731,0.93327487,0.20458345,34.50980377,31.37254906,-,-,64.40000153,54.73476028,14.35873604,-,1883,-,-96.45669556,36.90355682,-76.24147034,16.07843208,54.24570084,54.05929184,26.9161129
Sun Nov 19 01:50:16 EST 2017,50:15.4,-76.24202068,36.9035462,24.5,3,-30.20000076,269.6,0.49799395,9.0788126,3.06457806,-0.00291407,-,22.74509811,-0.06430838,0.13667206,0.88641596,0.1655343,34.50980377,31.37254906,-,-,64.40000153,54.7346344,14.35873604,-,1887,-,-99.08136749,36.90354538,-76.24201965,16.07843208,54.80493546,54.68066406,27.1812973
Sun Nov 19 01:50:18 EST 2017,50:17.5,-76.24257422,36.90353461,24.5,3,-30.70000076,269.4,0.84275901,8.58081913,3.14119267,-0.06956671,-,24.31372643,-0.12266628,0.00780983,0.85127175,0.11086546,34.50980377,34.90196228,-,-,64.40000153,54.73450851,14.35873604,-,1892,-,-100.7217865,36.90353394,-76.2425766,14.11764717,54.80493546,54.68066406,27.1812973
Sun Nov 19 01:50:20 EST 2017,50:19.5,-76.24314593,36.90352331,25,3,-31.70000076,269.4,0.80445176,8.27436066,3.02627087,-0.05037917,-,17.64705849,-0.04461238,0.08981306,0.90203559,0.20067854,34.50980377,34.90196228,-,-,64.40000153,54.7372818,14.35873604,-,1927,-,-104.0026245,36.90352249,-76.2431488,8.62745094,55.92340851,55.92340851,46.50748825
Sun Nov 19 01:50:22 EST 2017,50:21.7,-76.24370783,36.90351568,25,3,-33.20000076,269.4,0.8810662,8.84896946,3.67749381,-0.00004965,-,16.86274529,-0.01871455,0.08981306,0.90203559,0.27487195,15.29411793,34.90196228,-,-,64.40000153,54.74005127,14.35873604,-,1930,-,-108.9238892,36.90351486,-76.24370575,7.45098066,55.92340851,55.92340851,46.50748825
Sun Nov 19 01:50:24 EST 2017,50:23.7,-76.24426447,36.90350884,25,3,-34.79999924,269.2,0.61291564,9.46188545,2.94965649,0.03122479,-,21.56862831,0.01257058,0.06247865,0.96451426,0.20067854,15.29411793,34.90196228,-,-,64.40000153,54.7413559,14.35873604,-,1915,-,-114.1732254,36.90350723,-76.2442627,15.29411793,55.92340851,55.30203629,-
Sun Nov 19 01:50:26 EST 2017,50:25.9,-76.24483466,36.90349887,25.25,3,-35.29999924,268.8,0.65122288,9.04050541,2.87304211,-0.0117467,-,24.70588303,-0.00955179,0.08981306,0.95279956,0.15381955,35.68627548,34.90196228,-,-,64.40000153,54.74409866,14.35873604,-,1941,-,-115.8136444,36.9034996,-76.2448349,15.29411793,56.48263931,55.92340851,27.2015934
Sun Nov 19 01:50:28 EST 2017,50:28.0,-76.24540753,36.90348793,25.5,3,-35.59999847,268.8,1.41736746,8.50420475,3.60087943,-0.01368579,-,19.2156868,-0.02354688,0.11324256,0.91375035,0.22410804,35.68627548,34.90196228,-,-,64.40000153,54.74971008,14.35873604,-,2008,-,-116.7978973,36.90348816,-76.2454071,17.64705849,57.04187393,57.16614914,48.16127777
Sun Nov 19 01:50:31 EST 2017,50:30.2,-76.24627271,36.9034832,25.5,3,-35.59999847,269.5,0.45968673,9.15542698,3.37103605,0.00258197,-,17.25490189,-0.00402886,0.04685899,0.93327487,0.24363261,27.05882454,34.90196228,-,-,64.40000153,54.75528717,14.35873604,-,1991,-,-116.7978973,36.90348434,-76.24626923,7.45098066,57.04187393,57.16614914,48.16127777
Sun Nov 19 01:50:33 EST 2017,50:32.2,-76.24684045,36.9034754,25.25,3,-35.09999847,269.2,0.91937345,8.96389103,2.68150592,-0.01337155,-,24.70588303,-0.03143115,0.14057697,0.92156017,0.16162936,27.05882454,34.90196228,-,-,64.40000153,54.75797653,14.35873604,-,1943,-,-115.1574783,36.90347672,-76.24684143,16.07843208,56.48263931,55.92340851,-
Sun Nov 19 01:50:35 EST 2017,50:34.2,-76.24741399,36.9034708,25.5,3,-35.20000076,269.9,0.84275901,9.42357826,2.71981311,0.00805902,-,24.70588303,-0.02015401,0.07028849,0.93327487,0.1889638,27.05882454,34.90196228,-,-,64.40000153,54.76208496,14.35873604,-,1979,-,-115.4855652,36.90346909,-76.24741364,16.47058868,57.04187393,56.54477692,26.93506622
Sun Nov 19 01:50:37 EST 2017,50:36.2,-76.24799215,36.90346246,26,3,-35,269.8,0.9576807,9.19373417,3.17949986,0.01543474,-,17.25490189,-0.00322486,0.0976229,0.9371798,0.22410804,27.05882454,34.90196228,-,-,64.40000153,54.76902771,14.35873604,-,2023,-,-114.8293991,36.90346146,-76.24799347,7.45098066,58.16034317,57.78752136,53.61558914
Sun Nov 19 01:50:39 EST 2017,50:38.2,-76.24856469,36.90346231,25.75,4,-35.59999847,270.6,1.14921677,8.92558384,2.64319873,-0.02489346,-,25.09803963,-0.04356683,0.11714748,0.90984541,0.16943921,27.05882454,34.90196228,-,-,64.40000153,54.77451324,14.35873604,-,1979,-,-116.7978973,36.90346146,-76.24856567,17.25490189,57.60110855,57.16614914,53.61558914
Sun Nov 19 01:50:41 EST 2017,50:40.2,-76.24914876,36.90348646,26.25,4,-36.09999847,273.5,1.18752408,8.81066227,2.26012635,-0.04592144,-,24.70588303,0.01147747,0.10933765,0.96841919,0.16943921,27.05882454,34.90196228,-,-,64.40000153,54.7828064,14.35873604,-,2042,-,-118.4383164,36.90348816,-76.24914551,16.86274529,58.71957779,58.40889359,53.71460342
Sun Nov 19 01:50:43 EST 2017,50:42.2,-76.24973525,36.90354308,26.5,3,-36.59999847,277.7,1.53228903,9.00219822,2.79642749,-0.00747699,-,19.6078434,0.02980634,0.12495731,0.98013395,0.1889638,27.05882454,34.90196228,-,-,64.40000153,54.79248428,14.35873604,-,2070,-,-120.0787354,36.90354156,-76.24973297,10.1960783,59.27880859,59.03026199,26.70926857
Sun Nov 19 01:50:45 EST 2017,50:44.2,-76.25031597,36.90364506,26.25,3,-37,282.4,1.72382522,9.11711979,2.9113493,0.01030272,-,18.8235302,-0.0083586,0.17572121,0.92936999,0.19677362,27.05882454,34.90196228,-,-,64.40000153,54.80070496,14.35873604,-,2036,-,-121.3910751,36.90364456,-76.25031281,9.8039217,58.71957779,58.40889359,26.70926857
Sun Nov 19 01:50:47 EST 2017,50:46.3,-76.25088144,36.90377834,26,3,-37,287.4,1.53228903,9.53849983,3.06457806,0.05215102,-,16.86274529,-0.01617544,0.17962612,0.91375035,0.21629821,27.05882454,34.90196228,-,-,64.40000153,54.80747223,14.35873604,-,2012,-,-121.3910751,36.90377808,-76.25088501,9.4117651,58.16034317,57.78752136,-
Sun Nov 19 01:50:49 EST 2017,50:48.3,-76.25141756,36.90394196,25.5,3,-36.40000153,291.4,1.34075296,9.19373417,3.25611424,0.02257091,-,16.47058868,-0.02846607,0.1718163,0.90203559,0.21629821,27.05882454,34.90196228,-,-,64.40000153,54.81281281,14.35873604,-,1984,-,-119.4225769,36.90394211,-76.25141907,7.05882359,57.04187393,57.16614914,-
Sun Nov 19 01:50:51 EST 2017,50:50.3,-76.25192844,36.90413125,24.75,3,-36.09999847,296.1,0.8810662,9.38527107,2.71981311,0.01910836,-,21.17647171,0.00045009,0.08981306,0.95670444,0.17724904,27.05882454,34.90196228,-,-,64.40000153,54.81391525,14.35873604,-,1922,-,-118.4383164,36.90413284,-76.25193024,13.72549057,55.36417389,55.30203629,-
Sun Nov 19 01:50:53 EST 2017,50:52.5,-76.25241987,36.90434899,24.75,3,-35.90000153,299.1,1.49398184,9.15542698,2.22181916,-0.00863677,-,24.31372643,-0.02730459,0.15229172,0.93327487,0.12648514,34.90196228,34.90196228,-,-,64.40000153,54.81361771,14.35873604,-,1929,-,-117.7821579,36.90435028,-76.25241852,16.07843208,55.36417389,54.68066406,-
Sun Nov 19 01:50:55 EST 2017,50:54.7,-76.25288432,36.90459672,25,3,-36,303.8,1.22583127,9.11711979,2.98796368,0.01082673,-,18.4313736,-0.02543172,0.12886222,0.91375035,0.21239327,27.45098114,34.90196228,-,-,64.40000153,54.81611252,14.35873604,-,1963,-,-118.1102371,36.90459824,-76.25288391,9.4117651,55.92340851,55.92340851,48.85184479
Sun Nov 19 01:50:57 EST 2017,50:56.8,-76.25333336,36.90486947,25,4,-35.70000076,308.1,1.07260239,9.15542698,2.87304211,-0.01043588,-,21.17647171,-0.01874565,0.08981306,0.92936999,0.20067854,30.58823586,34.90196228,-,-,64.40000153,54.81859207,14.35873604,-,1932,-,-117.1259842,36.90486908,-76.25333405,12.54901981,55.92340851,55.92340851,48.85184479
Sun Nov 19 01:50:59 EST 2017,50:58.8,-76.25375701,36.9051591,25,4,-34.40000153,309.9,0.38307226,9.15542698,3.02627087,0.00271332,-,20.7843132,-0.01595063,0.03904916,0.93327487,0.20848836,30.58823586,34.90196228,-,-,64.40000153,54.81967545,14.35873604,-,1928,-,-112.8609009,36.905159,-76.25375366,12.54901981,55.92340851,55.30203629,-
Sun Nov 19 01:51:01 EST 2017,51:01.0,-76.25418476,36.90544266,24.75,4,-33.90000153,309.4,0.84275901,9.11711979,2.79642749,-0.00510693,-,23.13725471,-0.03223494,0.08981306,0.91765523,0.19286871,33.33333206,34.90196228,-,-,64.40000153,54.82075119,14.35873604,-,1908,-,-111.2204742,36.90544128,-76.25418854,14.50980377,55.36417389,55.30203629,-
Sun Nov 19 01:51:03 EST 2017,51:03.1,-76.25460658,36.90572518,24.5,4,-33.20000076,309.7,1.64721072,9.00219822,2.22181916,-0.02184056,-,24.70588303,-0.03882434,0.13667206,0.91765523,0.12648514,34.50980377,34.90196228,-,-,64.40000153,54.82043839,14.35873604,-,1946,-,-108.9238892,36.90572357,-76.25460815,16.47058868,54.80493546,54.68066406,-
Sun Nov 19 01:51:06 EST 2017,51:05.2,-76.25523852,36.90616631,24.75,3,-31,312.6,0.80445176,9.34696388,3.10288548,0.01761214,-,16.86274529,-0.01940676,0.10543273,0.90594047,0.25925228,14.11764717,34.90196228,-,-,64.40000153,54.82151031,14.35873604,-,1931,-,-101.7060394,36.90616608,-76.25524139,7.84313726,55.36417389,55.30203629,25.48174858
Sun Nov 19 01:51:08 EST 2017,51:07.4,-76.25563598,36.9064603,23.75,4,-29.70000076,313.4,0.8810662,8.96389103,3.52426481,0.0049352,-,16.07843208,-0.01372796,0.08981306,0.91375035,0.25925228,14.11764717,34.90196228,-,-,64.40000153,54.8184433,14.35873604,-,1853,-,-97.44094849,36.90645981,-76.25563812,6.27450991,53.12723541,53.43792343,25.48174858
Sun Nov 19 01:51:10 EST 2017,51:09.5,-76.25600238,36.90673949,22.25,3,-29.39999962,313.1,0.38307226,8.92558384,3.21780705,-0.00283192,-,15.68627453,0.01687117,0.03514424,0.94108468,0.28268176,14.11764717,34.90196228,-,-,64.40000153,54.80850983,14.35873604,-,1731,-,-96.45669556,36.90673828,-76.25600433,5.88235283,49.77183151,50.33106613,-
Sun Nov 19 01:51:12 EST 2017,51:11.7,-76.25636278,36.90699999,21.25,4,-29.60000038,311.9,0.61291564,8.88727665,3.52426481,0.00323148,-,15.29411793,-0.02309381,0.06247865,0.90594047,0.25925228,14.11764717,34.90196228,-,-,64.40000153,54.79177094,14.35873604,-,1643,-,-97.11286163,36.9070015,-76.25636292,5.88235283,47.53489685,47.22420883,-
Sun Nov 19 01:51:14 EST 2017,51:13.8,-76.25670113,36.90723751,19.75,3,-28.20000076,311,1.45567465,9.23204136,4.48194551,0.07559544,-,14.90196133,-0.01129425,0.12495731,0.90594047,0.27487195,14.11764717,34.90196228,-,-,64.40000153,54.76688766,14.35873604,-,1521,-,-92.51969147,36.90723801,-76.25669861,5.49019623,44.17948914,43.49598312,-
Sun Nov 19 01:51:16 EST 2017,51:15.8,-76.25701526,36.90746597,18.5,4,-28.5,312,1.26413846,7.81467438,3.98395157,-0.01350728,-,14.50980377,-0.041702,0.11714748,0.86689138,0.29049161,14.11764717,34.90196228,-,-,64.40000153,54.73529053,14.35873604,-,1415,-,-93.50393677,36.90746689,-76.25701904,4.70588255,41.38331985,40.38912582,-
Sun Nov 19 01:51:18 EST 2017,51:17.9,-76.25728795,36.9076661,16.25,3,-29.20000076,311.6,1.34075296,8.58081913,3.56257224,-0.02040447,-,14.90196133,-0.05581803,0.10152781,0.86689138,0.25925228,14.11764717,34.90196228,-,-,64.40000153,54.69292831,14.35873604,-,1213,-,-95.80052948,36.90766525,-76.25728607,5.49019623,36.35021591,35.41815948,-
Sun Nov 19 01:51:20 EST 2017,51:20.1,-76.25753607,36.90785629,15,4,-29.70000076,312.9,2.52827692,8.84896946,2.64319873,0.00875053,-,16.47058868,0.00544022,0.27724904,0.92546505,0.17724904,14.11764717,34.90196228,-,-,64.40000153,54.64531326,14.35873604,-,1448,-,-97.44094849,36.90785599,-76.25753784,5.88235283,33.55404282,32.93267441,-
Sun Nov 19 01:51:23 EST 2017,51:22.1,-76.2577797,36.9082077,15,4,-31.39999962,338.5,5.05655384,8.35097599,2.64319873,0.07430343,-,14.50980377,0.05926385,0.51935381,0.86689138,0.21629821,14.11764717,34.90196228,-,-,64.40000153,54.59790802,14.35873604,-,1450,-,-103.0183716,36.90820694,-76.25778198,5.09803915,33.55404282,32.93267441,-
Sun Nov 19 01:51:24 EST 2017,51:24.1,-76.25777429,36.90833166,14,3,-32,356.9,3.90733719,8.88727665,1.9153614,0.05367261,-,19.2156868,0.00905326,0.39830142,0.90594047,0.09524581,14.11764717,34.90196228,-,-,64.40000153,54.54528809,14.35873604,-,1332,-,-104.9868774,36.90833282,-76.25777435,10.58823586,31.31710625,30.44718933,-
Sun Nov 19 01:51:27 EST 2017,51:26.3,-76.25754789,36.90865785,14,4,-31.5,38.6,3.44765043,9.61511421,2.87304211,0.10064059,-,16.86274529,0.07753748,0.35144243,0.98403883,0.16162936,16.86274529,34.90196228,-,-,64.40000153,54.49425125,14.35873604,-,1392,-,-103.3464584,36.90865707,-76.25754547,9.4117651,31.31710625,31.06855965,20.95660973
Sun Nov 19 01:51:30 EST 2017,51:29.4,-76.2570488,36.90869558,14,3,-32.20000076,94.3,4.75009632,9.34696388,2.22181916,0.06049404,-,16.86274529,0.04443068,0.42173091,0.93327487,0.10305563,16.86274529,34.90196228,-,-,64.40000153,54.44343567,14.35873604,-,1395,-,-105.6430435,36.90869522,-76.25704956,9.4117651,31.31710625,31.06855965,-
Sun Nov 19 01:51:32 EST 2017,51:31.5,-76.25676865,36.9085819,13.75,4,-31.89999962,119.2,4.13718033,9.27034855,1.99197578,0.05217892,-,16.86274529,0.06840044,0.38268176,0.97622901,0.10305563,16.86274529,34.90196228,-,-,64.40000153,54.39149857,14.35873604,-,1357,-,-104.6587906,36.90858078,-76.25676727,11.37254906,30.75787354,30.44718933,-
Sun Nov 19 01:51:34 EST 2017,51:33.7,-76.25665118,36.90834337,14.25,3,-31.89999962,158.5,2.7581203,9.19373417,2.48996973,0.02983028,-,23.92156982,0.0111756,0.28115395,0.9371798,0.15381955,35.68627548,34.90196228,-,-,64.40000153,54.3411293,14.35873604,-,1471,-,-104.6587906,36.90834427,-76.25665283,15.68627453,31.87634087,31.06855965,22.06145287
Sun Nov 19 01:51:36 EST 2017,51:35.7,-76.25663483,36.90806232,15.5,4,-31.39999962,178,0.45968673,8.6957407,2.48996973,-0.05777019,-,22.74509811,-0.07645477,0.04685899,0.88641596,0.15381955,35.68627548,34.90196228,-,-,64.40000153,54.29766464,14.35873604,-,1523,-,-103.0183716,36.90806198,-76.25663757,14.90196133,34.67251205,34.17541504,96.8577652
Sun Nov 19 01:51:38 EST 2017,51:37.7,-76.25662753,36.90776571,16.25,3,-31.89999962,180.4,1.18752408,10.22802925,2.29843354,0.09444815,-,24.70588303,0.03197477,0.06638357,0.99965847,0.14600971,35.68627548,34.90196228,-,-,64.40000153,54.25973511,14.35873604,-,1626,-,-104.6587906,36.90776443,-76.25662994,15.68627453,36.35021591,36.66090012,83.27021027
Sun Nov 19 01:51:40 EST 2017,51:39.8,-76.25663272,36.90745449,17,4,-32.5,180,0.61291564,8.92558384,2.56658411,-0.03222597,-,23.13725471,-0.05090182,0.06247865,0.90984541,0.16162936,35.68627548,34.90196228,-,-,64.40000153,54.22597122,14.35873604,-,1698,-,-106.6272965,36.90745544,-76.25662994,14.50980377,38.02791595,38.52501297,64.19733429
Sun Nov 19 01:51:42 EST 2017,51:42.0,-76.25663202,36.90713036,18,4,-32.59999847,179.6,1.30244577,9.0788126,2.7581203,-0.01893751,-,21.17647171,-0.04015878,0.0976229,0.90594047,0.20067854,30.58823586,34.90196228,-,-,64.40000153,54.19501114,14.35873604,-,1740,-,-106.9553757,36.9071312,-76.25662994,12.94117641,40.26485062,39.76775742,42.47492981
Sun Nov 19 01:51:45 EST 2017,51:44.2,-76.25664923,36.90669664,15.75,4,-33,183.1,0.68953007,8.96389103,3.48595762,0.00193024,-,15.68627453,-0.01673395,0.07028849,0.91375035,0.25534737,14.11764717,34.90196228,-,-,64.40000153,54.16550827,14.35873604,-,1762,-,-108.2677155,36.90669632,-76.25665283,6.27450991,35.23174286,40.38912582,19.7251606
Sun Nov 19 01:51:47 EST 2017,51:46.2,-76.25665995,36.90640044,16.25,4,-33.29999924,181.5,1.57059634,8.19774628,4.48194551,-0.01524556,-,15.29411793,-0.03391564,0.16010156,0.83565199,0.35687518,14.11764717,34.90196228,-,-,64.40000153,54.13348389,14.35873604,-,1695,-,-109.2519684,36.90639877,-76.25666046,5.88235283,36.35021591,39.14638519,19.7251606
Sun Nov 19 01:51:49 EST 2017,51:48.2,-76.25668441,36.90611711,15.5,5,-34.40000153,182.8,2.79642749,8.50420475,2.94965649,-0.02903301,-,14.50980377,-0.01461021,0.35534734,0.87079626,0.19286871,14.11764717,34.90196228,-,-,64.40000153,54.08969879,14.35873604,-,1481,-,-112.8609009,36.90611649,-76.25668335,5.09803915,34.67251205,33.55404282,-
Sun Nov 19 01:51:51 EST 2017,51:50.2,-76.25678927,36.90585379,14,4,-33.79999924,200.8,3.44765043,8.73404789,2.41335535,0.00728321,-,14.50980377,-0.01137913,0.35144243,0.89032084,0.14600971,14.11764717,34.90196228,-,-,64.40000153,54.03686523,14.35873604,-,1290,-,-110.8923874,36.90585327,-76.25679016,4.70588255,31.31710625,29.20444679,-
Sun Nov 19 01:51:53 EST 2017,51:52.4,-76.25702379,36.9057067,13,3,-35.5,235.6,2.71981311,10.0364933,2.56658411,0.09282444,-,20.7843132,0.11847746,0.37487194,1.02699292,0.13429496,33.72549057,34.90196228,-,-,64.40000153,53.98294067,14.35873604,-,1369,-,-116.4698181,36.90570831,-76.25702667,12.15686321,29.08017159,28.58307457,-
Sun Nov 19 01:51:55 EST 2017,51:54.6,-76.25732258,36.90564334,13.75,3,-35.09999847,261.7,3.83072281,9.53849983,2.14520478,0.02779311,-,21.17647171,0.07074723,0.3904916,0.97232407,0.11867531,33.72549057,34.90196228,-,-,64.40000153,53.93318176,14.35873604,-,1409,-,-115.1574783,36.90564346,-76.25732422,13.72549057,30.75787354,30.44718933,55.55685806
Sun Nov 19 01:51:57 EST 2017,51:56.6,-76.25762765,36.90570584,14.25,3,-35.90000153,288,4.63517427,9.04050541,1.76213241,0.07008988,-,21.17647171,0.02501667,0.45297024,0.89813066,0.09524581,33.72549057,34.90196228,-,-,64.40000153,53.88625336,14.35873604,-,1446,-,-117.7821579,36.9057045,-76.25762939,12.54901981,31.87634087,31.68992996,37.64881897
Sun Nov 19 01:51:59 EST 2017,51:58.6,-76.25787115,36.90587769,14.5,3,-35.5,317.5,4.63517427,9.34696388,1.45567465,0.09282357,-,21.96078491,0.09649488,0.4373506,0.99575359,0.03667206,33.72549057,34.90196228,-,-,64.40000153,53.83952332,14.35873604,-,1426,-,-116.4698181,36.90587616,-76.25787354,13.33333397,32.43557358,31.68992996,37.64881897
Sun Nov 19 01:52:01 EST 2017,52:00.6,-76.25797561,36.90613104,14.75,3,-34.40000153,346.7,4.75009632,9.6534214,1.68551803,0.12909561,-,20.3921566,0.11047482,0.4842096,0.98403883,0.07181631,33.72549057,34.90196228,-,-,64.40000153,53.79430008,14.35873604,-,1471,-,-112.8609009,36.90613174,-76.25797272,10.1960783,32.9948082,32.31130219,20.55273438
Sun Nov 19 01:52:03 EST 2017,52:02.6,-76.25793456,36.90639593,14.75,4,-34.79999924,8.1,4.44363832,9.11711979,1.37906015,0.06239468,-,23.13725471,0.04375117,0.45297024,0.92936999,0.04057698,33.72549057,34.90196228,-,-,64.40000153,53.74925613,14.35873604,-,1456,-,-114.1732254,36.90639496,-76.25793457,14.11764717,32.9948082,32.31130219,20.55273438
Sun Nov 19 01:52:05 EST 2017,52:04.8,-76.25769959,36.90660006,14.75,4,-34.09999847,43.5,5.63116217,9.69172859,1.18752408,0.16799456,-,20.7843132,-0.13774455,0.4685899,0.60135704,0.30220634,34.50980377,34.90196228,-,-,64.40000153,53.70571136,14.35873604,-,1495,-,-111.8766327,36.90660095,-76.25769806,12.15686321,32.9948082,32.93267441,20.65275955
Sun Nov 19 01:52:07 EST 2017,52:06.8,-76.25738092,36.90668704,15,3,-32.5,76.4,4.02225876,8.77235508,0.76614451,0.00583953,-,26.27450943,-0.01282331,0.41001618,0.89422578,-0.02190168,34.50980377,34.90196228,-,-,64.40000153,53.66234207,14.35873604,-,1486,-,-106.6272965,36.90668869,-76.25737762,18.03921509,33.55404282,32.93267441,20.65275955
Sun Nov 19 01:52:09 EST 2017,52:08.9,-76.25704722,36.90662981,15.5,3,-31.79999924,108,2.56658411,10.91755962,0.80445176,0.16517764,-,58.03921509,0.15989317,0.27334413,1.12071085,0.01714748,34.50980377,34.90196228,-,-,64.40000153,53.62174225,14.35873604,-,1579,-,-104.3307037,36.90663147,-76.25704956,51.37255096,34.67251205,34.17541504,40.70521927
Sun Nov 19 01:52:11 EST 2017,52:10.9,-76.256753,36.90646611,16,4,-31.10000038,127,0.38307226,9.38527107,1.95366859,-0.00300753,-,35.68627548,0.03729143,0.13667206,1.01137328,0.08353106,34.50980377,34.90196228,-,-,64.40000153,53.58906555,14.35873604,-,2241,-,-102.0341187,36.90646744,-76.25675201,33.33333206,35.79098129,37.90364456,94.90795898
Sun Nov 19 01:52:13 EST 2017,52:12.9,-76.25647254,36.90623521,17.5,5,-31.10000038,134.2,0.49799395,9.99818611,2.03028297,0.06022221,-,31.76470566,0.04157796,0.05076391,1.01918304,0.10696055,34.50980377,34.90196228,-,-,64.40000153,53.56554794,14.35873604,-,2402,-,-102.0341187,36.90623474,-76.25646973,24.70588303,39.14638519,42.25324249,115.5026856
Sun Nov 19 01:52:15 EST 2017,52:14.9,-76.25615536,36.90598739,19,5,-31.10000038,133.6,0.61291564,9.30865574,2.29843354,-0.0016132,-,27.84313774,0.02595409,0.08590815,0.98794377,0.16162936,34.50980377,34.90196228,-,-,64.40000153,53.54984665,14.35873604,-,2484,-,-102.0341187,36.90598679,-76.25615692,20,42.50178909,45.9814682,104.4411087
Sun Nov 19 01:52:17 EST 2017,52:16.9,-76.25580139,36.9057132,20.5,5,-31.10000038,133.9,1.14921677,8.54251194,2.64319873,0.00702825,-,25.09803963,-0.03642226,0.08590815,0.92936999,0.1381999,34.50980377,34.90196228,-,-,64.40000153,53.53677368,14.35873604,-,2088,-,-102.0341187,36.90571213,-76.25579834,18.03921509,45.85719299,47.22420883,42.38762665
Sun Nov 19 01:52:19 EST 2017,52:18.9,-76.25542223,36.90542959,21.75,4,-31.10000038,133.7,1.22583127,9.6534214,2.94965649,-0.01724124,-,23.92156982,0.03686475,0.12495731,0.98403883,0.20067854,34.50980377,34.90196228,-,-,64.40000153,53.52632141,14.35873604,-,1970,-,-102.0341187,36.90542984,-76.2554245,13.72549057,48.65336227,48.46695328,45.90352249
Sun Nov 19 01:52:21 EST 2017,52:20.9,-76.25506422,36.90516421,22,4,-30.79999924,132.5,0.57460839,9.6534214,2.9113493,-0.13255207,-,20.3921566,-0.1759664,0.08981306,0.68726522,0.34516042,34.50980377,34.90196228,-,-,64.40000153,53.51847076,14.35873604,-,1720,-,-101.0498657,36.90516281,-76.25506592,10.58823586,49.21259689,49.70969391,54.32685089
Sun Nov 19 01:52:23 EST 2017,52:22.9,-76.25467427,36.9048918,22.25,4,-30.89999962,130.2,1.68551803,9.61511421,3.63918662,-0.01306343,-,16.86274529,-0.00892816,0.0741934,0.93327487,0.22410804,34.50980377,34.90196228,-,-,64.40000153,53.51065063,14.35873604,-,1716,-,-101.3779526,36.90489197,-76.25467682,7.05882359,49.77183151,49.70969391,54.32685089
Sun Nov 19 01:52:25 EST 2017,52:24.9,-76.25428702,36.90464853,22.25,4,-31.60000038,127.3,0.15322891,7.54652357,2.33674097,-0.04436797,-,21.56862831,-0.19427024,0.01561966,0.76926845,0.1381999,34.50980377,34.90196228,-,-,64.40000153,53.50286102,14.35873604,-,1722,-,-103.6745453,36.90464783,-76.25428772,12.54901981,49.77183151,49.70969391,-
Sun Nov 19 01:52:27 EST 2017,52:27.0,-76.2538758,36.9044253,22.75,4,-31.60000038,123.4,1.68551803,10.07480049,3.17949986,0.04995942,-,18.4313736,0.00418745,0.1444819,0.86298645,0.39201942,34.50980377,34.90196228,-,-,64.40000153,53.49764633,14.35873604,-,1779,-,-103.6745453,36.90442657,-76.25387573,12.54901981,50.89030075,50.95243835,53.75786209
Sun Nov 19 01:52:29 EST 2017,52:29.0,-76.25343411,36.90420085,23.25,4,-32.40000153,121.4,0.72783732,9.30865574,3.21780705,0.05487528,-,17.64705849,0.00707029,0.0741934,0.9488945,0.22801295,34.50980377,34.90196228,-,-,64.40000153,53.49498749,14.35873604,-,1802,-,-106.2992172,36.90420151,-76.25343323,10.58823586,52.00876617,52.19517899,54.01660919
Sun Nov 19 01:52:31 EST 2017,52:31.0,-76.25296649,36.9040067,23.75,3,-32.90000153,117.9,1.07260239,9.23204136,2.71981311,0.04440221,-,23.92156982,0.04926994,0.07809832,0.98794377,0.24363261,34.50980377,34.90196228,-,-,64.40000153,53.49360657,14.35873604,-,1833,-,-107.9396362,36.90400696,-76.25296783,16.47058868,53.12723541,52.81655121,26.90763664
Sun Nov 19 01:52:33 EST 2017,52:33.0,-76.25248754,36.90382325,24.25,3,-33.20000076,115.3,0.68953007,9.11711979,3.02627087,0.00075048,-,21.56862831,-0.03515625,0.05076391,0.91375035,0.20458345,34.50980377,34.90196228,-,-,64.40000153,53.49475479,14.35873604,-,1889,-,-108.9238892,36.90382385,-76.25248718,12.94117641,54.24570084,54.05929184,53.68775558
Sun Nov 19 01:52:35 EST 2017,52:35.0,-76.25197833,36.90364836,24.5,3,-33.09999847,112.2,0.61291564,9.84495735,2.9113493,0.06738812,-,21.56862831,0.04874629,0.06247865,1.0035634,0.19677362,34.50980377,34.90196228,-,-,64.40000153,53.49716187,14.35873604,-,1918,-,-108.5957947,36.90364838,-76.25197601,12.94117641,54.80493546,54.68066406,26.75528336
Sun Nov 19 01:52:38 EST 2017,52:37.2,-76.25118982,36.9034489,24.75,4,-32.90000153,105.9,0.5363012,9.27034855,2.87304211,-0.02889964,-,21.17647171,-0.00414377,0.05076391,0.9488945,0.19677362,31.76470566,34.90196228,-,-,64.40000153,53.50081253,14.35873604,-,1928,-,-107.9396362,36.90345001,-76.25119019,9.01960754,55.36417389,55.30203629,27.01291084
Sun Nov 19 01:52:40 EST 2017,52:39.2,-76.25065868,36.90335299,24.5,3,-32.79999924,102.8,0.72783732,9.0788126,2.7581203,0.00740532,-,24.31372643,-0.01665641,0.08981306,0.94108468,0.16943921,31.76470566,34.90196228,-,-,64.40000153,53.50319672,14.35873604,-,1898,-,-107.6115494,36.90335464,-76.25065613,16.07843208,54.80493546,54.68066406,27.01291084
Sun Nov 19 01:52:41 EST 2017,52:41.4,-76.25038826,36.90330288,24.75,4,-32.90000153,102.1,0.49799395,9.95987892,2.98796368,0.08019632,-,24.31372643,0.06155892,0.05076391,1.0152781,0.20458345,33.33333206,34.90196228,-,-,64.40000153,53.50682449,14.35873604,-,1931,-,-107.9396362,36.90330124,-76.2503891,16.86274529,55.36417389,55.30203629,27.56295204
Sun Nov 19 01:52:44 EST 2017,52:43.4,-76.24954898,36.90319422,25,3,-32.20000076,97.8,0.11492168,8.88727665,3.25611424,-0.0160985,-,20.7843132,-0.05234987,0.03904916,0.88641596,0.23191786,33.33333206,34.90196228,-,-,64.40000153,53.51168823,14.35873604,-,1919,-,-105.6430435,36.90319443,-76.24954987,10.98039246,55.92340851,55.92340851,24.63872147
Sun Nov 19 01:52:46 EST 2017,52:46.1,-76.24899283,36.90316072,24.5,3,-33.09999847,93.3,0.99598789,8.81066227,2.87304211,-0.00377074,-,20,-0.0211745,0.11324256,0.91765523,0.22020312,31.37254906,34.90196228,-,-,64.40000153,53.51403427,14.35873604,-,1925,-,-108.5957947,36.9031601,-76.24899292,10.1960783,54.80493546,54.68066406,24.63872147
Sun Nov 19 01:52:49 EST 2017,52:48.5,-76.24817514,36.90315098,24.5,4,-32.59999847,90,0.9576807,9.15542698,2.68150592,-0.01930547,-,20,-0.04830089,0.08981306,0.89813066,0.20067854,31.37254906,34.90196228,-,-,64.40000153,53.51637268,14.35873604,-,1893,-,-106.9553757,36.90315247,-76.24817657,10.1960783,54.80493546,54.68066406,-
Sun Nov 19 01:52:50 EST 2017,52:50.5,-76.24789629,36.90315106,24.5,4,-33,89.6,0.72783732,9.53849983,3.10288548,-0.01124258,-,20,-0.04697106,0.08590815,0.89032084,0.22801295,31.37254906,34.90196228,-,-,64.40000153,53.51869965,14.35873604,-,1906,-,-108.2677155,36.90315247,-76.24789429,10.58823586,54.80493546,54.68066406,-
Sun Nov 19 01:52:53 EST 2017,52:52.7,-76.24706939,36.90315587,24.5,3,-32.5,89.3,0.45968673,8.92558384,2.87304211,-0.02403265,-,20.7843132,-0.04270571,0.04685899,0.90984541,0.19286871,29.80392265,34.90196228,-,-,64.40000153,53.5210228,14.35873604,-,1886,-,-106.6272965,36.90315628,-76.24707031,11.76470566,54.80493546,54.68066406,-
Sun Nov 19 01:52:55 EST 2017,52:54.9,-76.24652142,36.90316024,24.5,3,-32.09999847,89,0.76614451,8.65743351,2.94965649,-0.02140692,-,23.13725471,-0.06941023,0.10933765,0.87079626,0.20848836,32.94117737,34.90196228,-,-,64.40000153,53.52209473,14.35873604,-,1895,-,-105.3149567,36.9031601,-76.246521,14.50980377,54.80493546,54.05929184,-
Sun Nov 19 01:52:57 EST 2017,52:56.9,-76.2459699,36.90316917,24.5,3,-32.59999847,89.2,0.99598789,9.00219822,2.7581203,-0.01588523,-,25.09803963,-0.03455548,0.10152781,0.91765523,0.18115395,32.94117737,34.90196228,-,-,64.40000153,53.5243988,14.35873604,-,1895,-,-106.9553757,36.90316772,-76.24597168,16.86274529,54.80493546,54.68066406,25.07085609
Sun Nov 19 01:52:59 EST 2017,52:59.1,-76.24541979,36.9031713,24.5,4,-33.20000076,89.8,0.65122288,9.34696388,2.87304211,0.01488935,-,25.09803963,-0.01215894,0.09371798,0.9371798,0.19677362,32.94117737,34.90196228,-,-,64.40000153,53.52792358,14.35873604,-,1934,-,-108.9238892,36.90317154,-76.24542236,14.90196133,54.80493546,55.30203629,23.53211212
Sun Nov 19 01:53:02 EST 2017,53:01.2,-76.24458309,36.90318011,24.75,4,-33.20000076,89.2,1.03429508,9.34696388,3.14119267,-0.01915423,-,16.86274529,0.01102479,0.10543273,0.95279956,0.22020312,26.27450943,34.90196228,-,-,64.40000153,53.53266525,14.35873604,-,1950,-,-108.9238892,36.90317917,-76.24458313,7.05882359,55.36417389,55.92340851,29.00797844
Sun Nov 19 01:53:04 EST 2017,53:03.4,-76.24403748,36.9031837,24.25,4,-33.29999924,89.3,0.76614451,9.23204136,2.71981311,0.00317824,-,22.35294151,-0.06777199,0.07809832,0.87860614,0.20067854,32.15686417,34.90196228,-,-,64.40000153,53.53370667,14.35873604,-,1882,-,-109.2519684,36.90318298,-76.24403381,13.72549057,54.24570084,54.05929184,29.00797844
Sun Nov 19 01:53:06 EST 2017,53:05.7,-76.2434955,36.90319145,23.75,4,-33.79999924,89.4,0.38307226,9.23204136,2.48996973,0.02470703,-,22.35294151,-0.02417221,0.03904916,0.94108468,0.15381955,32.15686417,34.90196228,-,-,64.40000153,53.53351974,14.35873604,-,1853,-,-110.8923874,36.90319061,-76.24349213,14.50980377,53.12723541,53.43792343,-
Sun Nov 19 01:53:08 EST 2017,53:07.9,-76.24296221,36.90319882,23.75,3,-32.59999847,89.6,1.07260239,9.04050541,2.7581203,-0.01132202,-,22.74509811,-0.02999074,0.10933765,0.92156017,0.18115395,33.33333206,34.90196228,-,-,64.40000153,53.53210449,14.35873604,-,1858,-,-106.9553757,36.90319824,-76.2429657,14.11764717,53.12723541,52.81655121,-
Sun Nov 19 01:53:10 EST 2017,53:10.1,-76.24243448,36.90320202,23.75,4,-31.5,89.4,1.03429508,8.88727665,3.06457806,0.01760535,-,17.25490189,-0.03559916,0.10543273,0.90594047,0.21239327,14.11764717,34.90196228,-,-,64.40000153,53.53070068,14.35873604,-,1869,-,-103.3464584,36.90320206,-76.24243164,10.98039246,53.12723541,52.81655121,-
Sun Nov 19 01:53:13 EST 2017,53:12.3,-76.2416414,36.9032024,23.25,3,-31.10000038,89.8,0.99598789,8.54251194,2.7581203,-0.02494901,-,21.96078491,-0.05056426,0.07809832,0.89813066,0.19677362,32.15686417,34.90196228,-,-,64.40000153,53.52807999,14.35873604,-,1816,-,-102.0341187,36.90320206,-76.24163818,12.54901981,52.00876617,52.19517899,-
Sun Nov 19 01:53:15 EST 2017,53:14.3,-76.2411188,36.90320035,23.5,3,-31.10000038,90.5,1.64721072,8.84896946,2.37504816,0.00989679,-,26.27450943,-0.05074106,0.16791138,0.90203559,0.1421048,32.15686417,34.90196228,-,-,64.40000153,53.52547455,14.35873604,-,1811,-,-102.0341187,36.90320206,-76.24111938,17.25490189,52.56800079,52.19517899,-
Sun Nov 19 01:53:17 EST 2017,53:16.5,-76.24057715,36.90317445,24,4,-30.79999924,93.8,1.07260239,9.11711979,2.52827692,-0.01037902,-,25.88235283,0.00410388,0.11324256,0.96451426,0.15381955,35.68627548,34.90196228,-,-,64.40000153,53.52530289,14.35873604,-,1853,-,-101.0498657,36.90317535,-76.2405777,18.03921509,53.68646622,53.43792343,54.50848389
Sun Nov 19 01:53:19 EST 2017,53:18.7,-76.24002873,36.90312232,24.5,4,-29.5,98.1,1.18752408,8.96389103,2.48996973,-0.0249573,-,24.70588303,0.0584568,0.08590815,1.0035634,0.22410804,36.47058868,34.90196228,-,-,64.40000153,53.52755356,14.35873604,-,1913,-,-96.78477478,36.90312195,-76.24002838,15.68627453,54.80493546,54.68066406,48.99259949
Sun Nov 19 01:53:21 EST 2017,53:20.9,-76.23948666,36.90302485,25,4,-29.39999962,104,2.06859016,7.96790314,2.79642749,-0.09475613,-,16.86274529,-0.13695741,0.22258021,0.78879303,0.16943921,36.47058868,34.90196228,-,-,64.40000153,53.53221512,14.35873604,-,1934,-,-96.45669556,36.90302658,-76.23948669,6.27450991,55.92340851,55.92340851,49.97068787
Sun Nov 19 01:53:23 EST 2017,53:23.0,-76.23895896,36.90288993,24.5,4,-29.70000076,109.1,1.26413846,8.81066227,3.06457806,0.01593708,-,16.47058868,-0.04007135,0.12886222,0.89813066,0.21239327,25.49019623,34.90196228,-,-,64.40000153,53.53444672,14.35873604,-,1898,-,-97.44094849,36.90288925,-76.23896027,7.05882359,54.80493546,54.68066406,49.97068787
Sun Nov 19 01:53:26 EST 2017,53:25.1,-76.23819081,36.90261405,24.75,4,-30.29999924,115.5,1.37906015,8.73404789,2.87304211,-0.03326315,-,21.56862831,-0.06343634,0.15619664,0.88641596,0.15772445,25.49019623,34.90196228,-,-,64.40000153,53.53666687,14.35873604,-,1920,-,-99.40944672,36.90261459,-76.2381897,13.72549057,55.36417389,54.68066406,-
Sun Nov 19 01:53:28 EST 2017,53:27.2,-76.23770397,36.90239877,25,5,-29.89999962,119.2,1.80043972,9.0788126,2.7581203,-0.0041796,-,20.7843132,-0.01517557,0.18353106,0.92546505,0.18115395,29.80392265,34.90196228,-,-,64.40000153,53.54128265,14.35873604,-,1935,-,-98.09711456,36.90239716,-76.23770142,11.76470566,55.92340851,55.92340851,54.38107681
Sun Nov 19 01:53:29 EST 2017,53:29.3,-76.23747267,36.90226318,25.25,4,-30,123.6,1.72382522,8.65743351,2.87304211,-0.0179996,-,20,-0.05338094,0.17572121,0.88251102,0.19286871,29.80392265,34.90196228,-,-,64.40000153,53.54588318,14.35873604,-,1937,-,-98.42519379,36.90226364,-76.23747253,9.8039217,56.48263931,55.92340851,54.38107681
Sun Nov 19 01:53:31 EST 2017,53:31.5,-76.2370123,36.90198332,25.25,4,-30.60000038,128.6,1.41736746,8.27436066,2.94965649,-0.07396615,-,18.8235302,-0.06584255,0.11714748,0.87079626,0.21629821,27.45098114,34.90196228,-,-,64.40000153,53.55046082,14.35873604,-,1953,-,-100.3936997,36.90198517,-76.23701477,10.1960783,56.48263931,55.92340851,-
Sun Nov 19 01:53:34 EST 2017,53:33.7,-76.23639132,36.90151664,25,4,-30.60000038,133.7,1.45567465,8.54251194,3.02627087,-0.04533452,-,19.2156868,-0.0640149,0.14838681,0.87079626,0.20848836,27.45098114,34.90196228,-,-,64.40000153,53.55502701,14.35873604,-,1933,-,-100.3936997,36.90151596,-76.23638916,10.1960783,55.92340851,55.92340851,-
Sun Nov 19 01:53:36 EST 2017,53:35.9,-76.23606404,36.90116216,24.75,4,-30.70000076,141.7,1.49398184,8.92558384,2.68150592,-0.00921181,-,21.56862831,-0.05206813,0.12886222,0.89813066,0.17334414,30.98039246,34.90196228,-,-,64.40000153,53.55718994,14.35873604,-,1906,-,-100.7217865,36.90116119,-76.2360611,12.94117641,55.36417389,54.68066406,-
Sun Nov 19 01:53:38 EST 2017,53:37.9,-76.23575601,36.90079361,24.5,4,-30.60000038,146.8,1.37906015,9.38527107,2.60489154,0.02177304,-,21.56862831,0.00311563,0.14057697,0.95670444,0.1655343,30.98039246,34.90196228,-,-,64.40000153,53.55934143,14.35873604,-,1949,-,-100.3936997,36.90079498,-76.23575592,14.50980377,54.80493546,54.68066406,-
Sun Nov 19 01:53:40 EST 2017,53:39.9,-76.23548979,36.90039836,24.75,4,-31.10000038,151.7,1.57059634,9.30865574,2.79642749,0.02263933,-,23.13725471,0.00398219,0.16010156,0.9488945,0.18505886,30.98039246,34.90196228,-,-,64.40000153,53.56267548,14.35873604,-,1941,-,-102.0341187,36.90039825,-76.23548889,14.50980377,55.36417389,55.30203629,30.24641991
Sun Nov 19 01:53:42 EST 2017,53:42.1,-76.23527168,36.89999617,24.75,3,-29.5,156.7,1.34075296,8.73404789,2.68150592,-0.03968841,-,22.74509811,-0.06575271,0.13667206,0.88251102,0.17334414,32.54901886,34.90196228,-,-,64.40000153,53.56599045,14.35873604,-,1936,-,-96.78477478,36.89999771,-76.23527527,14.50980377,55.36417389,55.30203629,30.24641991
Sun Nov 19 01:53:45 EST 2017,53:44.1,-76.23500292,36.8993723,25,3,-28.70000076,161,0.99598789,8.65743351,3.29442143,-0.03131032,-,16.86274529,-0.04998587,0.10152781,0.88251102,0.23582277,32.54901886,34.90196228,-,-,64.40000153,53.57048035,14.35873604,-,1941,-,-94.16011047,36.8993721,-76.23500061,9.01960754,55.92340851,55.92340851,24.92959404
Sun Nov 19 01:53:46 EST 2017,53:46.1,-76.23491107,36.89916317,24.75,3,-28.20000076,161,0.8810662,9.19373417,3.10288548,-0.00234405,-,18.8235302,-0.00647549,0.08981306,0.9371798,0.21629821,32.54901886,34.90196228,-,-,64.40000153,53.57258987,14.35873604,-,1904,-,-92.51969147,36.89916229,-76.23490906,9.4117651,55.36417389,54.68066406,24.92959404
Sun Nov 19 01:53:49 EST 2017,53:48.3,-76.23466815,36.89854084,24.5,4,-27.79999924,162.4,0.45968673,9.53849983,2.87304211,0.01821481,-,25.09803963,-0.0002899,0.06638357,0.95670444,0.18115395,34.90196228,34.90196228,-,-,64.40000153,53.57351685,14.35873604,-,1887,-,-91.20734406,36.8985405,-76.23466492,16.07843208,54.80493546,54.05929184,-
Sun Nov 19 01:53:51 EST 2017,53:50.5,-76.23449834,36.89812116,24.5,4,-27.70000076,161.8,1.34075296,9.04050541,2.87304211,-0.00441188,-,23.13725471,-0.02307819,0.13667206,0.92156017,0.19286871,30.58823586,34.90196228,-,-,64.40000153,53.57561111,14.35873604,-,1900,-,-90.87926483,36.89812088,-76.23449707,15.29411793,54.80493546,54.68066406,24.93593597
Sun Nov 19 01:53:53 EST 2017,53:52.5,-76.23432906,36.8977006,24.75,4,-28.89999962,162,1.26413846,8.31266785,2.79642749,-0.02907231,-,21.56862831,-0.09642271,0.12886222,0.84736669,0.18505886,30.58823586,34.90196228,-,-,64.40000153,53.5788765,14.35873604,-,1906,-,-94.81626892,36.89770126,-76.23432922,13.33333397,55.36417389,55.30203629,25.00185776
Sun Nov 19 01:53:55 EST 2017,53:54.7,-76.2341603,36.89727466,25,4,-29.10000038,162.6,0.49799395,8.08282471,2.48996973,-0.11736012,-,21.96078491,-0.13606501,0.05076391,0.82393724,0.15381955,31.76470566,34.90196228,-,-,64.40000153,53.58213043,14.35873604,-,1916,-,-95.47244263,36.89727402,-76.23416138,13.33333397,55.92340851,55.30203629,25.00185776
Sun Nov 19 01:53:57 EST 2017,53:56.8,-76.23398805,36.89684519,25,5,-28.70000076,162.3,1.22583127,9.46188545,2.98796368,0.00934015,-,22.74509811,-0.01390589,0.11324256,0.92936999,0.20848836,32.54901886,34.90196228,-,-,64.40000153,53.58536911,14.35873604,-,1931,-,-94.16011047,36.89684677,-76.2339859,14.11764717,55.92340851,55.30203629,-
Sun Nov 19 01:53:59 EST 2017,53:58.9,-76.23381778,36.89641297,25,4,-28.29999924,161.8,0.80445176,9.23204136,3.06457806,0.01396459,-,23.13725471,0.01396354,0.08200324,0.96451426,0.20067854,32.54901886,34.90196228,-,-,64.40000153,53.58976364,14.35873604,-,1948,-,-92.84776306,36.8964119,-76.23381805,14.50980377,55.92340851,55.92340851,24.79449272
Sun Nov 19 01:54:01 EST 2017,54:01.0,-76.23363977,36.89598812,25.5,3,-28,162,0.76614451,9.80665016,2.68150592,0.0162261,-,25.09803963,0.02240078,0.08981306,0.97622901,0.1889638,34.90196228,34.90196228,-,-,64.40000153,53.59530258,14.35873604,-,1958,-,-91.86351776,36.89598846,-76.23364258,16.86274529,57.04187393,56.54477692,27.16961479
Sun Nov 19 01:54:04 EST 2017,54:03.1,-76.2333686,36.89532563,25.75,4,-28.60000038,162.4,0.9576807,9.0788126,2.48996973,-0.01326209,-,25.09803963,-0.03507718,0.0976229,0.92546505,0.15381955,34.90196228,34.90196228,-,-,64.40000153,53.60199356,14.35873604,-,1999,-,-94.16011047,36.89554977,-76.23345184,17.64705849,57.60110855,57.16614914,21.93555832
Sun Nov 19 01:54:06 EST 2017,54:05.2,-76.2331938,36.89487327,26.25,4,-27.60000038,162.7,0.76614451,8.88727665,3.40934324,-0.01576727,-,17.25490189,-0.02621489,0.07809832,0.90594047,0.24753754,34.90196228,34.90196228,-,-,64.40000153,53.61097717,14.35873604,-,2050,-,-90.55118561,36.89487457,-76.23319244,7.84313726,58.71957779,58.40889359,59.0318718
Sun Nov 19 01:54:08 EST 2017,54:07.2,-76.23302297,36.89443151,25.5,3,-27.89999962,162.4,0.72783732,8.54251194,3.33272886,-0.03067596,-,16.86274529,-0.04749155,0.0741934,0.88641596,0.23972771,34.90196228,34.90196228,-,-,64.40000153,53.61760712,14.35873604,-,1973,-,-91.53543091,36.89443207,-76.2330246,7.45098066,57.04187393,57.16614914,59.0318718
Sun Nov 19 01:54:10 EST 2017,54:09.4,-76.232856,36.89400709,25,4,-27.39999962,162.5,0.65122288,9.11711979,3.02627087,-0.01129852,-,23.92156982,-0.018186,0.06638357,0.92936999,0.20848836,33.72549057,34.90196228,-,-,64.40000153,53.62074661,14.35873604,-,1927,-,-89.8950119,36.89400864,-76.23285675,15.29411793,55.92340851,55.30203629,-
Sun Nov 19 01:54:12 EST 2017,54:11.6,-76.23267171,36.89357938,25,3,-27.5,160.3,0.84275901,8.77235508,2.79642749,-0.03851473,-,24.31372643,-0.07695056,0.08590815,0.87079626,0.19286871,34.11764908,34.90196228,-,-,64.40000153,53.6250267,14.35873604,-,1964,-,-90.22309875,36.89357758,-76.23267365,16.07843208,55.92340851,55.92340851,24.48036194
Sun Nov 19 01:54:14 EST 2017,54:13.6,-76.23246485,36.89315749,25.25,4,-26.5,158.7,0.84275901,8.96389103,2.87304211,-0.01762474,-,22.74509811,-0.02442237,0.10543273,0.92546505,0.1889638,34.11764908,34.90196228,-,-,64.40000153,53.63044357,14.35873604,-,1981,-,-86.94226074,36.89315796,-76.23246765,14.50980377,56.48263931,56.54477692,24.5734005
Sun Nov 19 01:54:16 EST 2017,54:15.6,-76.23225197,36.89273727,25.25,4,-25.5,157.7,0.49799395,8.61912632,3.17949986,-0.01903519,-,19.6078434,-0.06182479,0.05076391,0.87860614,0.22410804,34.11764908,34.90196228,-,-,64.40000153,53.63584137,14.35873604,-,1963,-,-83.6614151,36.89273834,-76.23225403,10.1960783,56.48263931,56.54477692,24.5734005
Sun Nov 19 01:54:18 EST 2017,54:17.6,-76.23202001,36.89232471,25.25,4,-25,156.3,0.45968673,8.84896946,2.98796368,-0.02777654,-,23.92156982,-0.03788024,0.08200324,0.90594047,0.21239327,34.11764908,34.90196228,-,-,64.40000153,53.64007187,14.35873604,-,1988,-,-82.02099609,36.89232635,-76.23201752,16.47058868,56.48263931,55.92340851,-
Sun Nov 19 01:54:20 EST 2017,54:19.8,-76.23177081,36.8919081,25.5,4,-24.89999962,154.3,1.14921677,11.30063248,3.79241538,0.23972195,-,18.4313736,0.22113898,0.11714748,1.15195024,0.28658667,14.11764717,34.90196228,-,-,64.40000153,53.64657593,14.35873604,-,2008,-,-81.69290924,36.89190674,-76.23177338,7.45098066,57.04187393,57.16614914,53.4352951
Sun Nov 19 01:54:22 EST 2017,54:22.0,-76.23151269,36.89149649,25.5,4,-25.29999924,153.2,1.53228903,9.50019264,2.14520478,-0.01566662,-,20.3921566,-0.07685959,0.04685899,0.85517663,0.24363261,32.15686417,34.90196228,-,-,64.40000153,53.64962387,14.35873604,-,1929,-,-83.00524902,36.89149475,-76.23151398,8.23529434,57.04187393,55.30203629,53.4352951
Sun Nov 19 01:54:24 EST 2017,54:24.1,-76.23124302,36.89110279,25,5,-25,151.8,0.5363012,10.57279491,2.9113493,0.13820642,-,21.17647171,0.01318071,0.13667206,0.96451426,0.17724904,30.98039246,34.90196228,-,-,64.40000153,53.65151978,14.35873604,-,1907,-,-82.02099609,36.89110184,-76.23123932,12.54901981,55.92340851,54.68066406,-
Sun Nov 19 01:54:27 EST 2017,54:26.3,-76.23084537,36.89052456,24.5,4,-25.70000076,151,0.91937345,9.34696388,3.02627087,-0.01503593,-,16.86274529,-0.03624017,0.07028849,0.90594047,0.22020312,29.01960754,34.90196228,-,-,64.40000153,53.65340424,14.35873604,-,1903,-,-84.31758881,36.89052582,-76.23084259,7.45098066,54.80493546,54.68066406,-
Sun Nov 19 01:54:29 EST 2017,54:28.3,-76.23057244,36.89014958,24.25,4,-25,149.9,0.5363012,8.50420475,2.94965649,-0.01410428,-,22.74509811,-0.08050321,0.05466883,0.86689138,0.20067854,29.01960754,34.90196228,-,-,64.40000153,53.6541481,14.35873604,-,1896,-,-82.02099609,36.89014816,-76.23057556,14.11764717,54.24570084,54.05929184,-
Sun Nov 19 01:54:31 EST 2017,54:30.4,-76.23030481,36.88976609,24.25,9,-24.60000038,150,0.8810662,9.30865574,3.06457806,-0.0306553,-,22.35294151,0.00685825,0.08590815,0.95670444,0.20067854,29.01960754,34.90196228,-,-,64.40000153,53.65488815,14.35873604,-,1879,-,-80.70866394,36.88976669,-76.23030853,13.72549057,54.24570084,54.05929184,-
Sun Nov 19 01:54:33 EST 2017,54:32.4,-76.23003233,36.88937525,24.5,9,-23.89999962,150.3,0.84275901,9.04050541,2.87304211,-0.00522256,-,22.35294151,-0.05160948,0.09371798,0.89422578,0.20067854,29.01960754,34.90196228,-,-,64.40000153,53.65676117,14.35873604,-,1889,-,-78.41207123,36.88937378,-76.23003387,13.72549057,54.80493546,54.68066406,27.16603088
Sun Nov 19 01:54:35 EST 2017,54:34.4,-76.22976445,36.88898319,24.5,10,-24.29999924,150.5,0.80445176,9.00219822,2.71981311,0.02282425,-,23.92156982,-0.03754725,0.08200324,0.91765523,0.17724904,29.01960754,34.90196228,-,-,64.40000153,53.65863037,14.35873604,-,1903,-,-79.72440338,36.88898468,-76.22976685,17.25490189,54.80493546,54.68066406,27.16603088
Sun Nov 19 01:54:37 EST 2017,54:36.5,-76.22949416,36.8885931,25,9,-24.5,150.9,0.65122288,8.96389103,2.94965649,-0.0167625,-,21.96078491,-0.03543305,0.06638357,0.91375035,0.20067854,31.76470566,34.90196228,-,-,64.40000153,53.66161728,14.35873604,-,1959,-,-80.38057709,36.88859177,-76.22949219,13.72549057,55.92340851,55.30203629,26.40082932
Sun Nov 19 01:54:39 EST 2017,54:38.5,-76.22921245,36.8882095,25,9,-24.89999962,150.5,0.80445176,8.96389103,2.68150592,-0.02372199,-,23.13725471,-0.0280578,0.05857374,0.92936999,0.17724904,31.76470566,34.90196228,-,-,64.40000153,53.66459274,14.35873604,-,1947,-,-81.69290924,36.8882103,-76.2292099,14.50980377,55.92340851,55.30203629,26.40082932
Sun Nov 19 01:54:41 EST 2017,54:40.7,-76.22892985,36.88781733,25.25,9,-26.10000038,149.6,0.68953007,8.46589756,2.9113493,-0.06570733,-,16.86274529,-0.08439461,0.07028849,0.86298645,0.19677362,30.58823586,34.90196228,-,-,64.40000153,53.66868591,14.35873604,-,1966,-,-85.62992096,36.88781738,-76.22892761,7.45098066,56.48263931,55.92340851,26.68199921
Sun Nov 19 01:54:43 EST 2017,54:42.9,-76.22863084,36.88743262,25,9,-27,148.1,0.19153613,9.42357826,2.87304211,-0.04034929,-,27.05882454,0.00479508,0.01952458,0.96060938,0.19286871,38.03921509,34.90196228,-,-,64.40000153,53.67276001,14.35873604,-,1947,-,-88.58267975,36.8874321,-76.22863007,18.8235302,55.92340851,55.92340851,26.68199921
Sun Nov 19 01:54:45 EST 2017,54:45.0,-76.2283082,36.88705487,25.75,4,-27.70000076,144.7,0.49799395,8.96389103,3.25611424,-0.00750834,-,16.86274529,0.04112372,0.04295408,0.99184865,0.21239327,28.23529434,34.90196228,-,-,64.40000153,53.68019104,14.35873604,-,2013,-,-90.87926483,36.88705444,-76.22830963,7.45098066,57.60110855,57.78752136,73.77239227
Sun Nov 19 01:54:47 EST 2017,54:47.1,-76.22794873,36.88668138,25.75,5,-28.10000038,141.8,0.45968673,9.00219822,2.9113493,-0.01160281,-,16.86274529,-0.03197482,0.04685899,0.92936999,0.1655343,28.23529434,34.90196228,-,-,64.40000153,53.68647003,14.35873604,-,1981,-,-92.19160461,36.8866806,-76.22795105,16.47058868,57.60110855,57.16614914,73.77239227
Sun Nov 19 01:54:50 EST 2017,54:49.6,-76.22733744,36.88619111,25.75,4,-28.29999924,133.9,0.72783732,8.50420475,3.29442143,0.00502058,-,16.86274529,-0.03584444,0.06638357,0.89032084,0.26315722,28.23529434,34.90196228,-,-,64.40000153,53.69272995,14.35873604,-,1989,-,-92.84776306,36.88619232,-76.2273407,16.47058868,57.60110855,57.16614914,-
Sun Nov 19 01:54:52 EST 2017,54:51.7,-76.22690615,36.88589114,25.25,4,-28.60000038,130,0.57460839,8.77235508,3.33272886,0.00515105,-,16.86274529,0.01622584,0.07809832,0.95279956,0.24363261,28.23529434,34.90196228,-,-,64.40000153,53.69784927,14.35873604,-,2002,-,-93.83202362,36.88589096,-76.22690582,16.47058868,56.48263931,56.54477692,-
Sun Nov 19 01:54:54 EST 2017,54:53.7,-76.2264469,36.88562135,25.25,4,-29.39999962,126.6,0.42137951,8.73404789,3.10288548,-0.03518778,-,25.88235283,0.00679005,0.10543273,0.96060938,0.18115395,28.23529434,34.90196228,-,-,64.40000153,53.70183563,14.35873604,-,1942,-,-96.45669556,36.88562012,-76.22644806,17.64705849,56.48263931,55.92340851,-
Sun Nov 19 01:54:56 EST 2017,54:55.9,-76.22596493,36.88537614,25.5,4,-29.60000038,122.6,0.34476504,9.34696388,2.60489154,0.01699818,-,21.17647171,-0.0099293,0.03514424,0.95279956,0.1655343,32.94117737,34.90196228,-,-,64.40000153,53.70803833,14.35873604,-,2019,-,-97.11286163,36.88537598,-76.22596741,10.1960783,57.04187393,57.16614914,53.06491852
Sun Nov 19 01:54:58 EST 2017,54:58.0,-76.22546669,36.8851471,25.25,4,-29.79999924,118.7,0.34476504,9.30865574,2.94965649,0.01247672,-,25.49019623,0.02616972,0.03514424,0.98013395,0.20067854,32.94117737,34.90196228,-,-,64.40000153,53.71310043,14.35873604,-,1987,-,-97.76902771,36.88514709,-76.22546387,16.86274529,56.48263931,56.54477692,53.06491852
Sun Nov 19 01:55:00 EST 2017,55:00.2,-76.22495875,36.8849525,25.25,4,-29.70000076,113.9,0.8810662,9.46188545,2.83473492,-0.02472775,-,23.13725471,0.01121343,0.08981306,0.96451426,0.1889638,32.54901886,34.90196228,-,-,64.40000153,53.71815109,14.35873604,-,1970,-,-97.44094849,36.88495255,-76.22496033,14.50980377,56.48263931,56.54477692,-
Sun Nov 19 01:55:03 EST 2017,55:02.2,-76.22417808,36.88470843,25,3,-28.79999924,110.8,1.60890353,10.38125896,3.17949986,0.13783854,-,23.13725471,-0.13752335,0.05076391,0.81612742,0.17334414,32.54901886,34.90196228,-,-,64.40000153,53.7220726,14.35873604,-,1897,-,-94.4881897,36.8847084,-76.2241745,14.50980377,55.92340851,55.92340851,-
Sun Nov 19 01:55:05 EST 2017,55:04.2,-76.22365248,36.88454617,25,3,-28.29999924,111.1,0.99598789,7.73806,2.71981311,-0.0761381,-,19.6078434,-0.21967828,0.11714748,0.7575537,0.0444819,32.54901886,34.90196228,-,-,64.40000153,53.72598267,14.35873604,-,1979,-,-92.84776306,36.88454437,-76.2236557,15.68627453,55.92340851,55.92340851,-
Sun Nov 19 01:55:07 EST 2017,55:06.2,-76.22313223,36.88438184,25,3,-28.29999924,111.5,0.45968673,9.27034855,2.98796368,0.04102916,-,25.09803963,-0.00569253,0.04685899,0.94498962,0.20458345,32.54901886,34.90196228,-,-,64.40000153,53.72877884,14.35873604,-,1932,-,-92.84776306,36.88438034,-76.22312927,16.86274529,55.92340851,55.30203629,-
Sun Nov 19 01:55:08 EST 2017,55:08.2,-76.22287102,36.88430032,25,4,-28.39999962,111.2,0.8810662,9.11711979,2.68150592,-0.00811154,-,23.52941132,-0.02677915,0.08981306,0.92936999,0.17334414,32.54901886,34.90196228,-,-,64.40000153,53.7326622,14.35873604,-,1934,-,-93.17584991,36.88430023,-76.22286987,14.90196133,55.92340851,55.92340851,27.10999489
Sun Nov 19 01:55:10 EST 2017,55:10.2,-76.22234527,36.88414635,25.25,4,-28.89999962,110.4,0.84275901,8.23605347,3.17949986,-0.05438043,-,16.07843208,-0.09248814,0.07028849,0.84736669,0.21629821,32.54901886,34.90196228,-,-,64.40000153,53.73762894,14.35873604,-,1949,-,-94.81626892,36.88414764,-76.22234344,6.66666698,56.48263931,56.54477692,27.34966469
Sun Nov 19 01:55:12 EST 2017,55:12.2,-76.2218088,36.88400015,25,4,-29.10000038,110,0.30645782,9.38527107,2.87304211,0.04986408,-,22.35294151,0.04805496,0.07809832,0.99575359,0.21629821,32.54901886,34.90196228,-,-,64.40000153,53.74148178,14.35873604,-,1931,-,-95.47244263,36.88399887,-76.22180939,13.33333397,55.92340851,55.92340851,27.34966469
Sun Nov 19 01:55:14 EST 2017,55:14.2,-76.22128079,36.88382372,25.5,3,-28.79999924,111.1,0.99598789,9.00219822,3.10288548,-0.00506783,-,17.25490189,-0.02373442,0.10152781,0.91765523,0.21629821,32.54901886,34.90196228,-,-,64.40000153,53.74751282,14.35873604,-,1977,-,-94.4881897,36.88382339,-76.22128296,7.84313726,57.04187393,57.16614914,54.21920013
Sun Nov 19 01:55:16 EST 2017,55:16.3,-76.22074471,36.88365816,25.75,4,-29.29999924,110.9,0.76614451,9.27034855,3.21780705,-0.01188993,-,18.03921509,0.00368578,0.07809832,0.94498962,0.22801295,32.54901886,34.90196228,-,-,64.40000153,53.75242996,14.35873604,-,1955,-,-96.1286087,36.88365936,-76.22074127,7.84313726,57.60110855,56.54477692,54.21920013
Sun Nov 19 01:55:19 EST 2017,55:18.5,-76.21994985,36.88342349,25.25,4,-29.5,110.8,0.76614451,8.96389103,2.9113493,0.0093023,-,22.35294151,-0.00386801,0.05857374,0.94498962,0.20848836,31.76470566,31.37254906,-,-,64.40000153,53.75624084,14.35873604,-,1941,-,-96.78477478,36.88342285,-76.21994781,13.33333397,56.48263931,55.92340851,-
Sun Nov 19 01:55:21 EST 2017,55:20.7,-76.21942029,36.88327735,25,4,-29.20000076,110.7,0.72783732,9.30865574,2.87304211,0.01758566,-,22.35294151,-0.00382972,0.0741934,0.9488945,0.19286871,31.76470566,31.37254906,-,-,64.40000153,53.76003265,14.35873604,-,1955,-,-95.80052948,36.88327789,-76.21942139,13.72549057,55.92340851,55.92340851,-
Sun Nov 19 01:55:23 EST 2017,55:22.7,-76.21889129,36.88311468,25.25,4,-29.70000076,110.9,1.03429508,9.00219822,2.7581203,0.01532692,-,22.35294151,-0.03413673,0.10543273,0.91765523,0.18115395,31.76470566,31.37254906,-,-,64.40000153,53.76490021,14.35873604,-,1955,-,-97.44094849,36.88311386,-76.21889496,13.72549057,56.48263931,56.54477692,25.014431
Sun Nov 19 01:55:25 EST 2017,55:24.9,-76.21835812,36.88294786,25.25,4,-30.70000076,110.9,1.07260239,9.6534214,2.98796368,-0.00224098,-,21.56862831,-0.014347,0.0976229,0.92936999,0.21239327,32.15686417,31.37254906,-,-,64.40000153,53.76975632,14.35873604,-,1955,-,-100.7217865,36.88294601,-76.2183609,12.94117641,56.48263931,56.54477692,25.014431
Sun Nov 19 01:55:27 EST 2017,55:27.1,-76.2178233,36.88278635,25.25,4,-30.60000038,111,0.5363012,10.45787334,2.9113493,0.12693006,-,24.70588303,0.10830852,0.05466883,1.06604207,0.19677362,34.11764908,31.37254906,-,-,64.40000153,53.77458572,14.35873604,-,1965,-,-100.3936997,36.8827858,-76.21782684,16.47058868,56.48263931,56.54477692,-
Sun Nov 19 01:55:30 EST 2017,55:29.3,-76.21704848,36.88254224,25.25,4,-31.5,111.6,0.42137951,9.84495735,2.64319873,0.05899137,-,24.70588303,0.06727872,0.06638357,1.01918304,0.20848836,34.11764908,31.37254906,-,-,64.40000153,53.7794075,14.35873604,-,1981,-,-103.3464584,36.88254166,-76.21704865,16.47058868,56.48263931,56.54477692,-
Sun Nov 19 01:55:32 EST 2017,55:31.4,-76.21649963,36.882356,25.5,4,-31.39999962,111.4,0.84275901,8.96389103,3.44765043,-0.00081247,-,17.64705849,-0.0168969,0.08590815,0.91375035,0.25144243,14.50980377,31.37254906,-,-,64.40000153,53.78420639,14.35873604,-,1991,-,-103.0183716,36.88235474,-76.21649933,14.50980377,57.04187393,56.54477692,-
Sun Nov 19 01:55:34 EST 2017,55:33.6,-76.21597912,36.88218672,25,4,-32,111.3,0.8810662,8.61912632,3.17949986,-0.04022312,-,17.64705849,-0.07168398,0.10152781,0.8747012,0.19286871,30.58823586,31.37254906,-,-,64.40000153,53.78683853,14.35873604,-,1926,-,-104.9868774,36.88218689,-76.21598053,7.45098066,55.92340851,55.30203629,-
Sun Nov 19 01:55:36 EST 2017,55:35.8,-76.21547112,36.88202438,24.5,4,-32.09999847,111.5,0.84275901,8.6957407,2.79642749,-0.04592139,-,24.31372643,-0.02569016,0.06247865,0.88641596,0.18505886,34.11764908,31.37254906,-,-,64.40000153,53.78731155,14.35873604,-,1952,-,-105.3149567,36.88202286,-76.21546936,16.07843208,54.80493546,54.05929184,-
Sun Nov 19 01:55:38 EST 2017,55:37.8,-76.21497293,36.88186861,24.5,4,-32.29999924,111.4,0.65122288,9.00219822,3.25611424,0.03170373,-,23.13725471,-0.02157209,0.06638357,0.91765523,0.23191786,34.11764908,31.37254906,-,-,64.40000153,53.78885269,14.35873604,-,1940,-,-105.9711227,36.88187027,-76.21497345,14.50980377,54.80493546,54.68066406,24.10059929
Sun Nov 19 01:55:40 EST 2017,55:40.0,-76.21445338,36.88170786,24.75,5,-32.70000076,111,0.76614451,9.38527107,2.9113493,0.02371758,-,22.35294151,-0.03669943,0.10543273,0.91375035,0.18505886,32.15686417,31.37254906,-,-,64.40000153,53.79145813,14.35873604,-,1947,-,-107.2834702,36.88170624,-76.21445465,13.72549057,55.36417389,55.30203629,26.96480751
Sun Nov 19 01:55:42 EST 2017,55:42.2,-76.21392405,36.88154953,25,5,-32.5,110.3,0.91937345,8.81066227,3.14119267,-0.02290201,-,17.25490189,-0.04157468,0.09371798,0.89813066,0.22020312,23.92156982,31.37254906,-,-,64.40000153,53.79512787,14.35873604,-,1963,-,-106.6272965,36.88154984,-76.21392059,7.84313726,55.92340851,55.92340851,24.63889122
Sun Nov 19 01:55:44 EST 2017,55:44.2,-76.21338541,36.8814142,25.25,3,-30.60000038,109.2,0.61291564,9.57680702,3.40934324,0.05712765,-,17.25490189,0.01436977,0.11324256,0.95279956,0.22801295,23.92156982,31.37254906,-,-,64.40000153,53.79985428,14.35873604,-,1951,-,-100.3936997,36.88141251,-76.21338654,7.84313726,56.48263931,56.54477692,24.96266174
Sun Nov 19 01:55:47 EST 2017,55:46.3,-76.21256825,36.88121123,25.25,3,-29.89999962,107,1.57059634,9.00219822,3.40934324,0.01092513,-,16.47058868,-0.00542395,0.16010156,0.91765523,0.24753754,16.47058868,31.37254906,-,-,64.40000153,53.80456161,14.35873604,-,1957,-,-98.09711456,36.88121033,-76.21257019,7.05882359,56.48263931,56.54477692,24.96266174
Sun Nov 19 01:55:49 EST 2017,55:48.5,-76.21203199,36.88108506,24.75,3,-31.10000038,105.9,1.14921677,8.92558384,2.79642749,-0.02037483,-,22.35294151,-0.03904662,0.11714748,0.90984541,0.18505886,33.72549057,31.37254906,-,-,64.40000153,53.80712891,14.35873604,-,1927,-,-102.0341187,36.88108444,-76.2120285,13.72549057,55.36417389,55.30203629,-
Sun Nov 19 01:55:51 EST 2017,55:50.7,-76.21149346,36.88097118,25,3,-31.70000076,104.6,0.72783732,9.11711979,2.71981311,0.01922154,-,23.92156982,0.03096143,0.03904916,0.99184865,0.17724904,33.33333206,31.37254906,-,-,64.40000153,53.81074524,14.35873604,-,1972,-,-104.0026245,36.88097,-76.21149445,15.68627453,55.92340851,55.92340851,24.3810482
Sun Nov 19 01:55:53 EST 2017,55:52.9,-76.21094608,36.88086035,25.25,4,-30.89999962,103.1,0.99598789,8.6957407,2.79642749,-0.04435724,-,23.52941132,-0.06303726,0.10152781,0.88641596,0.18505886,33.33333206,31.37254906,-,-,64.40000153,53.81541061,14.35873604,-,1962,-,-101.3779526,36.88085938,-76.21094513,15.29411793,56.48263931,56.54477692,24.90233803
Sun Nov 19 01:55:55 EST 2017,55:55.1,-76.2103911,36.88076202,25.25,4,-29.20000076,101.6,1.03429508,9.15542698,2.71981311,0.0110948,-,22.35294151,-0.02038763,0.10543273,0.93327487,0.17724904,31.37254906,31.37254906,-,-,64.40000153,53.81900406,14.35873604,-,1957,-,-95.80052948,36.88076019,-76.21038818,13.72549057,56.48263931,55.92340851,24.90233803
Sun Nov 19 01:55:58 EST 2017,55:57.3,-76.2095655,36.88064121,24.75,4,-28.20000076,100.1,0.72783732,8.92558384,2.87304211,-0.02230537,-,22.35294151,-0.04097784,0.0741934,0.90984541,0.19286871,31.37254906,31.37254906,-,-,64.40000153,53.82152557,14.35873604,-,1935,-,-92.51969147,36.88064194,-76.20956421,13.72549057,55.36417389,55.30203629,-
Sun Nov 19 01:56:00 EST 2017,55:59.5,-76.20902356,36.8805688,24.25,4,-27.89999962,99.7,1.26413846,7.431602,2.26012635,0.01612194,-,22.74509811,-0.06767378,0.10152781,0.88641596,0.16943921,32.54901886,31.37254906,-,-,64.40000153,53.82192612,14.35873604,-,1901,-,-91.53543091,36.88056946,-76.20902252,13.72549057,54.24570084,54.05929184,-
Sun Nov 19 01:56:02 EST 2017,56:01.5,-76.20848809,36.8804908,24.25,4,-27.20000076,99.8,0.72783732,9.57680702,2.68150592,0.03223126,-,25.88235283,0.01683372,0.0741934,0.97622901,0.17334414,32.54901886,31.37254906,-,-,64.40000153,53.82233047,14.35873604,-,1900,-,-89.23884583,36.88048935,-76.20848846,18.03921509,54.24570084,54.05929184,-
Sun Nov 19 01:56:04 EST 2017,56:03.5,-76.20794291,36.88040536,24.25,4,-26.5,100.5,1.11090958,9.92157173,3.17949986,0.08705693,-,17.64705849,0.00884915,0.06247865,0.96060938,0.20067854,32.54901886,31.37254906,-,-,64.40000153,53.8227272,14.35873604,-,1897,-,-86.94226074,36.88040543,-76.20793915,13.72549057,54.24570084,54.05929184,-
Sun Nov 19 01:56:06 EST 2017,56:05.6,-76.20740249,36.88031519,24.25,4,-25.79999924,101.2,0.5363012,9.73003578,1.68551803,0.02710384,-,25.09803963,0.14509772,0.1444819,1.08947158,0.22020312,34.11764908,31.37254906,-,-,64.40000153,53.82313156,14.35873604,-,1892,-,-84.64566803,36.88031387,-76.20740509,16.07843208,54.24570084,54.05929184,-
Sun Nov 19 01:56:10 EST 2017,56:09.3,-76.20633488,36.88010337,24.75,4,-25.39999962,105,1.37906015,9.0788126,3.10288548,0.00707489,-,25.09803963,-0.01630728,0.14057697,0.92936999,0.1889638,34.11764908,31.37254906,-,-,64.40000153,53.82313156,14.35873604,-,1933,-,-83.33333588,36.88010406,-76.20633698,16.07843208,55.36417389,55.30203629,-
Sun Nov 19 01:56:12 EST 2017,56:11.3,-76.20579814,36.87997973,25,4,-25.10000038,106.5,1.37906015,8.81066227,3.06457806,-0.00025634,-,16.86274529,-0.03842755,0.14057697,0.89813066,0.21239327,34.11764908,31.37254906,-,-,64.40000153,53.8266716,14.35873604,-,1919,-,-82.34908295,36.87997818,-76.20579529,7.45098066,55.92340851,55.92340851,25.46076965
Sun Nov 19 01:56:14 EST 2017,56:13.5,-76.20526324,36.87983086,25,4,-25.39999962,109,0.8810662,8.88727665,2.9113493,-0.02346718,-,20.7843132,-0.06630002,0.10543273,0.88251102,0.18505886,29.80392265,31.37254906,-,-,64.40000153,53.8302002,14.35873604,-,1938,-,-83.33333588,36.87982941,-76.20526123,11.76470566,55.92340851,55.92340851,25.46076965
Sun Nov 19 01:56:16 EST 2017,56:15.6,-76.2047333,36.87967014,25.5,4,-25.39999962,110.8,0.99598789,9.19373417,2.87304211,0.00610989,-,18.8235302,-0.02859173,0.11324256,0.91765523,0.19677362,27.84313774,31.37254906,-,-,64.40000153,53.8358078,14.35873604,-,1980,-,-83.33333588,36.87966919,-76.2047348,9.4117651,57.04187393,57.16614914,49.57631302
Sun Nov 19 01:56:18 EST 2017,56:17.7,-76.20421352,36.87948686,25.75,4,-25.60000038,113,1.11090958,9.15542698,2.83473492,-0.00037228,-,20.3921566,0.01180175,0.13276714,0.95279956,0.21239327,29.01960754,31.37254906,-,-,64.40000153,53.84244156,14.35873604,-,1997,-,-83.98950195,36.87948608,-76.204216,11.76470566,57.60110855,57.78752136,26.10424423
Sun Nov 19 01:56:20 EST 2017,56:19.9,-76.20367316,36.87927713,26,5,-26,114.9,1.37906015,8.88727665,2.7581203,-0.02207476,-,20.7843132,-0.04074716,0.14057697,0.90594047,0.18115395,29.80392265,31.37254906,-,-,64.40000153,53.85008621,14.35873604,-,2025,-,-85.30183411,36.87927628,-76.20367432,11.76470566,58.16034317,58.40889359,25.06100464
Sun Nov 19 01:56:22 EST 2017,56:22.1,-76.20313125,36.87905754,26.25,5,-26.5,117.1,1.26413846,8.84896946,2.68150592,-0.02248318,-,21.17647171,-0.09404465,0.11714748,0.85908157,0.16162936,29.41176605,31.37254906,-,-,64.40000153,53.85771179,14.35873604,-,2039,-,-86.94226074,36.87905884,-76.20313263,12.15686321,58.71957779,58.40889359,25.06100464
Sun Nov 19 01:56:25 EST 2017,56:24.2,-76.20235175,36.87867201,26.25,4,-27.10000038,121.6,1.03429508,8.6957407,2.87304211,-0.00908173,-,20.7843132,-0.04257821,0.0976229,0.90594047,0.19286871,29.41176605,31.37254906,-,-,64.40000153,53.86531067,14.35873604,-,2036,-,-88.91075897,36.87867355,-76.20235443,12.15686321,58.71957779,58.40889359,-
Sun Nov 19 01:56:27 EST 2017,56:26.2,-76.20185962,36.87840961,26.5,4,-27.5,124,1.11090958,8.58081913,3.10288548,-0.01672862,-,20.7843132,-0.06267905,0.11324256,0.8747012,0.21629821,29.41176605,31.37254906,-,-,64.40000153,53.87287903,14.35873604,-,2041,-,-90.22309875,36.87841034,-76.20185852,12.15686321,59.27880859,58.40889359,-
Sun Nov 19 01:56:29 EST 2017,56:28.2,-76.2013795,36.87813384,26.5,4,-27.5,125.7,1.22583127,9.11711979,3.37103605,0.00770386,-,17.25490189,-0.01793736,0.08981306,0.91375035,0.24753754,29.41176605,31.37254906,-,-,64.40000153,53.88042831,14.35873604,-,2036,-,-90.22309875,36.87813568,-76.20137787,7.84313726,59.27880859,58.40889359,-
Sun Nov 19 01:56:31 EST 2017,56:30.3,-76.20090986,36.87786034,25.75,4,-27.70000076,127.3,1.34075296,9.38527107,3.21780705,0.0395661,-,17.25490189,-0.0531633,0.1444819,0.86689138,0.25144243,29.41176605,31.37254906,-,-,64.40000153,53.88588715,14.35873604,-,1968,-,-90.87926483,36.87786102,-76.20091248,7.05882359,57.60110855,57.16614914,-
Sun Nov 19 01:56:33 EST 2017,56:32.3,-76.20047336,36.87757712,24.75,4,-27.29999924,130,1.26413846,9.30865574,2.68150592,0.01485306,-,23.13725471,-0.00380674,0.12886222,0.9488945,0.17334414,29.41176605,31.37254906,-,-,64.40000153,53.888237,14.35873604,-,1917,-,-89.56692505,36.87757874,-76.20046997,14.11764717,55.36417389,55.30203629,-
Sun Nov 19 01:56:35 EST 2017,56:34.4,-76.20006783,36.8772761,24.5,4,-27.20000076,132.9,1.07260239,8.81066227,2.33674097,-0.03291242,-,25.88235283,-0.06408826,0.10933765,0.89813066,0.1381999,36.47058868,31.37254906,-,-,64.40000153,53.88954926,14.35873604,-,1935,-,-89.23884583,36.87727737,-76.20006561,18.03921509,54.80493546,54.68066406,-
Sun Nov 19 01:56:37 EST 2017,56:36.4,-76.19967593,36.87696356,24.5,4,-27.29999924,134.9,0.9576807,9.34696388,2.33674097,-0.0113632,-,27.45098114,-0.04150303,0.10152781,0.92546505,0.12648514,36.47058868,31.37254906,-,-,64.40000153,53.8908577,14.35873604,-,1930,-,-89.56692505,36.87696457,-76.19967651,19.6078434,54.80493546,54.68066406,-
Sun Nov 19 01:56:39 EST 2017,56:38.4,-76.19929528,36.87663284,25,4,-28.70000076,136.5,0.68953007,9.42357826,2.41335535,0.01309836,-,25.88235283,-0.04785207,0.11714748,0.90984541,0.15381955,36.47058868,31.37254906,-,-,64.40000153,53.89318466,14.35873604,-,1947,-,-94.16011047,36.87663269,-76.19929504,17.64705849,55.92340851,55.30203629,26.52407265
Sun Nov 19 01:56:41 EST 2017,56:40.6,-76.19891434,36.87629988,24.75,4,-27.79999924,137.7,1.11090958,9.23204136,2.48996973,0.00026888,-,25.09803963,-0.01839588,0.11324256,0.94108468,0.15381955,35.68627548,31.37254906,-,-,64.40000153,53.89550781,14.35873604,-,1903,-,-91.20734406,36.87630081,-76.19891357,16.86274529,55.36417389,55.30203629,26.52407265
Sun Nov 19 01:56:43 EST 2017,56:42.8,-76.19855809,36.8759562,24.75,4,-26.89999962,140.1,0.68953007,9.23204136,2.06859016,-0.06033935,-,24.70588303,-0.06616929,0.11714748,0.87860614,0.19286871,34.50980377,31.37254906,-,-,64.40000153,53.89781952,14.35873604,-,1933,-,-88.2545929,36.87595749,-76.19855499,17.25490189,55.36417389,55.30203629,-
Sun Nov 19 01:56:45 EST 2017,56:45.0,-76.19822854,36.8755965,25,4,-26.39999962,143,1.14921677,9.0788126,3.02627087,-0.0271299,-,16.47058868,-0.01712975,0.11714748,0.92546505,0.20848836,24.31372643,31.37254906,-,-,64.40000153,53.9001236,14.35873604,-,1906,-,-86.61417389,36.87559509,-76.19822693,7.05882359,55.92340851,55.30203629,-
Sun Nov 19 01:56:48 EST 2017,56:47.2,-76.19777157,36.87506148,24.25,4,-25.70000076,145.3,1.14921677,9.15542698,3.21780705,0.01515162,-,16.47058868,0.03516362,0.11324256,1.01137328,0.08743597,14.11764717,31.37254906,-,-,64.40000153,53.90038681,14.35873604,-,1873,-,-84.31758881,36.87506104,-76.19776917,7.84313726,54.24570084,54.05929184,-
Sun Nov 19 01:56:50 EST 2017,56:49.2,-76.19748385,36.87470551,23.75,4,-26.10000038,147.3,1.11090958,9.57680702,2.94965649,0.0467425,-,20.3921566,-0.02479782,0.20696054,0.91375035,0.16943921,14.11764717,31.37254906,-,-,64.40000153,53.89861298,14.35873604,-,1838,-,-85.62992096,36.87470627,-76.19748688,9.8039217,53.12723541,52.81655121,-
Sun Nov 19 01:56:52 EST 2017,56:51.2,-76.19720867,36.87434449,24,4,-25.5,149.7,1.30244577,8.96389103,3.21780705,-0.00112283,-,18.4313736,-0.01978807,0.13276714,0.91375035,0.22801295,14.11764717,31.37254906,-,-,64.40000153,53.89785767,14.35873604,-,1864,-,-83.6614151,36.87434387,-76.19721222,9.4117651,53.68646622,53.43792343,26.9045105
Sun Nov 19 01:56:53 EST 2017,56:53.2,-76.19708524,36.87415201,24,4,-26.39999962,150.9,1.34075296,8.81066227,2.94965649,-0.02406454,-,16.86274529,-0.0872321,0.09371798,0.86298645,0.18115395,14.11764717,31.37254906,-,-,64.40000153,53.89812469,14.35873604,-,1865,-,-86.61417389,36.87415314,-76.19708252,7.45098066,53.68646622,54.05929184,27.0414257
Sun Nov 19 01:56:56 EST 2017,56:55.3,-76.19671998,36.87356131,24.25,3,-28.39999962,153.3,1.11090958,9.27034855,2.7581203,0.01140958,-,22.35294151,-0.02794007,0.11714748,0.92156017,0.18505886,14.11764717,31.37254906,-,-,64.40000153,53.89838409,14.35873604,-,1881,-,-93.17584991,36.87356186,-76.19671631,13.72549057,54.24570084,54.05929184,27.0414257
Sun Nov 19 01:56:58 EST 2017,56:57.3,-76.19648964,36.87316339,24.75,3,-28.5,155.4,1.22583127,8.92558384,2.9113493,-0.01585358,-,20.7843132,-0.03452387,0.12495731,0.90984541,0.19677362,14.11764717,31.37254906,-,-,64.40000153,53.90066528,14.35873604,-,1902,-,-93.50393677,36.87316513,-76.19648743,11.76470566,55.36417389,55.30203629,54.60089493
Sun Nov 19 01:57:00 EST 2017,56:59.3,-76.19628003,36.87275637,24.75,3,-28.60000038,157.5,0.9576807,9.04050541,2.87304211,-0.00910729,-,21.56862831,-0.02777526,0.0976229,0.92156017,0.19286871,14.11764717,31.37254906,-,-,64.40000153,53.90294266,14.35873604,-,1931,-,-93.83202362,36.87275696,-76.19628143,14.11764717,55.36417389,55.30203629,54.60089493
Sun Nov 19 01:57:02 EST 2017,57:01.3,-76.19607709,36.87234003,24.75,4,-28.20000076,159.3,1.22583127,9.6534214,2.52827692,-0.00082201,-,24.31372643,-0.03189601,0.13276714,0.91765523,0.17724904,14.11764717,31.37254906,-,-,64.40000153,53.9052124,14.35873604,-,1926,-,-92.51969147,36.87234116,-76.19607544,15.68627453,55.36417389,55.30203629,-
Sun Nov 19 01:57:04 EST 2017,57:03.3,-76.19589532,36.8719175,25,3,-28.5,161.5,1.45567465,8.88727665,3.02627087,-0.01769011,-,20.7843132,-0.00218434,0.13667206,0.95279956,0.16162936,14.11764717,31.37254906,-,-,64.40000153,53.90847397,14.35873604,-,1937,-,-93.50393677,36.87191772,-76.19589233,12.15686321,55.92340851,55.92340851,26.84110641
Sun Nov 19 01:57:06 EST 2017,57:05.3,-76.19574019,36.87149004,24.75,4,-29,164.4,0.76614451,9.61511421,3.40934324,-0.00115873,-,16.07843208,0.01911964,0.1210524,0.95279956,0.23972771,14.11764717,31.37254906,-,-,64.40000153,53.91072464,14.35873604,-,1915,-,-95.14435577,36.87149048,-76.19573975,7.05882359,55.36417389,55.30203629,26.84110641
Sun Nov 19 01:57:08 EST 2017,57:07.3,-76.19561166,36.87106717,24,3,-28.60000038,166.4,1.22583127,9.04050541,2.98796368,0.00759895,-,23.13725471,-0.02106538,0.12495731,0.92156017,0.20458345,14.11764717,31.37254906,-,-,64.40000153,53.9099617,14.35873604,-,1835,-,-93.83202362,36.87106705,-76.19561005,13.33333397,53.68646622,53.43792343,-
Sun Nov 19 01:57:10 EST 2017,57:09.3,-76.19549404,36.87065078,24,4,-28.5,167.7,1.07260239,8.92558384,2.52827692,-0.02905709,-,22.74509811,0.00672943,0.09371798,0.96060938,0.18505886,14.11764717,31.37254906,-,-,64.40000153,53.90920258,14.35873604,-,1892,-,-93.50393677,36.87065125,-76.19549561,11.76470566,53.68646622,53.43792343,-
Sun Nov 19 01:57:12 EST 2017,57:11.3,-76.19540103,36.87021807,24.25,4,-28,169.7,0.80445176,9.42357826,2.68150592,0.02110368,-,23.13725471,0.0024461,0.08200324,0.96060938,0.17334414,14.11764717,31.37254906,-,-,64.40000153,53.90944672,14.35873604,-,1902,-,-91.86351776,36.87021637,-76.19540405,14.90196133,54.24570084,54.05929184,26.71365356
Sun Nov 19 01:57:14 EST 2017,57:13.5,-76.19531533,36.86979103,24.5,3,-27.39999962,171.7,0.99598789,9.57680702,2.9113493,0.06159052,-,25.49019623,0.10353464,0.15619664,1.06213713,0.15381955,33.72549057,31.37254906,-,-,64.40000153,53.91068268,14.35873604,-,1904,-,-89.8950119,36.86978912,-76.1953125,17.64705849,54.80493546,54.68066406,27.0057869
Sun Nov 19 01:57:16 EST 2017,57:15.7,-76.19524758,36.86935668,24.75,3,-28,174.1,1.41736746,9.04050541,2.83473492,-0.00445086,-,21.96078491,-0.01487355,0.14057697,0.93327487,0.18115395,32.15686417,31.37254906,-,-,64.40000153,53.91191483,14.35873604,-,1888,-,-91.86351776,36.86935806,-76.19524384,13.33333397,55.36417389,54.68066406,27.0057869
Sun Nov 19 01:57:18 EST 2017,57:17.7,-76.19521315,36.86892191,24.75,4,-27.79999924,177,1.34075296,8.77235508,2.64319873,-0.03711629,-,22.35294151,-0.05004208,0.1210524,0.90594047,0.15772445,32.15686417,31.37254906,-,-,64.40000153,53.91314697,14.35873604,-,1907,-,-91.20734406,36.86892319,-76.19521332,13.33333397,55.36417389,54.68066406,-
Sun Nov 19 01:57:20 EST 2017,57:19.9,-76.19520415,36.86847548,25,3,-28,179.5,1.03429508,9.00219822,2.29843354,0.02933557,-,26.66666794,-0.04673093,0.10543273,0.91765523,0.13429496,36.86274719,31.37254906,-,-,64.40000153,53.91536713,14.35873604,-,1927,-,-91.86351776,36.86847687,-76.19520569,18.4313736,55.92340851,55.30203629,27.28588295
Sun Nov 19 01:57:22 EST 2017,57:22.1,-76.19520895,36.86801684,25.75,4,-28.20000076,181.4,0.84275901,9.27034855,3.33272886,0.02686924,-,17.25490189,-0.01620646,0.10152781,0.90984541,0.25925228,36.86274719,31.37254906,-,-,66.19999695,53.92154312,14.35873604,-,2013,-,-92.51969147,36.86801529,-76.19520569,8.23529434,57.60110855,57.78752136,98.58724976
Sun Nov 19 01:57:25 EST 2017,57:24.3,-76.19524469,36.86731274,26,4,-28.89999962,182.4,0.9576807,9.04050541,2.98796368,-0.00428835,-,23.92156982,-0.02417997,0.0976229,0.92156017,0.20458345,33.33333206,31.37254906,-,-,66.19999695,53.92769623,14.35873604,-,2006,-,-94.81626892,36.86731339,-76.19524384,16.07843208,58.16034317,57.78752136,98.58724976
Sun Nov 19 01:57:27 EST 2017,57:26.3,-76.19526983,36.86684381,26.25,4,-28.79999924,182.5,0.61291564,9.11711979,3.17949986,-0.02483715,-,25.09803963,-0.01341858,0.06247865,0.92936999,0.22410804,33.33333206,31.37254906,-,-,66.19999695,53.93482208,14.35873604,-,2042,-,-94.4881897,36.86684418,-76.19526672,16.86274529,58.71957779,58.40889359,24.51347542
Sun Nov 19 01:57:29 EST 2017,57:28.5,-76.19529385,36.866363,26.5,4,-28.79999924,182.7,0.84275901,8.73404789,3.25611424,-0.02694505,-,21.56862831,-0.00095419,0.08200324,0.94108468,0.22410804,30.58823586,31.37254906,-,-,66.19999695,53.94389725,14.35873604,-,2062,-,-94.4881897,36.86636353,-76.19529724,12.54901981,59.27880859,59.65163422,54.3795433
Sun Nov 19 01:57:31 EST 2017,57:30.7,-76.19532882,36.86588008,26.75,4,-29.89999962,182.9,0.91937345,9.11711979,3.44765043,-0.00018692,-,17.25490189,0.00546293,0.08590815,0.93327487,0.26315722,14.11764717,31.37254906,-,-,66.19999695,53.95294189,14.35873604,-,2064,-,-98.09711456,36.86587906,-76.19532776,7.84313726,59.83804321,59.65163422,54.3795433
Sun Nov 19 01:57:33 EST 2017,57:32.9,-76.19536248,36.86540113,26.25,4,-31.60000038,182.9,1.11090958,8.50420475,2.83473492,-0.06022608,-,18.8235302,-0.0789115,0.11324256,0.86689138,0.1889638,30.98039246,31.37254906,-,-,66.19999695,53.95901108,14.35873604,-,1999,-,-103.6745453,36.86540222,-76.19536591,9.01960754,58.71957779,57.78752136,-
Sun Nov 19 01:57:35 EST 2017,57:34.9,-76.1953952,36.86493719,25.5,4,-33.29999924,183.2,1.11090958,8.77235508,3.14119267,-0.02444702,-,16.86274529,-0.02142395,0.11714748,0.90984541,0.23972771,30.98039246,31.37254906,-,-,66.19999695,53.96309662,14.35873604,-,1970,-,-109.2519684,36.86493683,-76.19539642,7.84313726,57.04187393,56.54477692,-
Sun Nov 19 01:57:38 EST 2017,57:37.1,-76.19545959,36.86425464,25,4,-33.59999847,184.2,0.99598789,8.65743351,3.17949986,-0.0353893,-,21.56862831,-0.05406626,0.10152781,0.88251102,0.22410804,24.70588303,31.37254906,-,-,66.19999695,53.96618652,14.35873604,-,1931,-,-110.2362137,36.864254,-76.19545746,13.33333397,55.92340851,55.92340851,-
Sun Nov 19 01:57:40 EST 2017,57:39.3,-76.19549996,36.86380796,24.5,3,-33.40000153,184.2,0.68953007,9.80665016,3.29442143,0.00362646,-,20,-0.01785191,0.07028849,0.92546505,0.22020312,23.92156982,31.37254906,-,-,66.19999695,53.96829224,14.35873604,-,1912,-,-109.5800552,36.86380768,-76.19550323,10.58823586,54.80493546,55.30203629,-
Sun Nov 19 01:57:42 EST 2017,57:41.3,-76.19554574,36.86337293,24.25,4,-33.79999924,184.6,0.57460839,9.11711979,2.7581203,-0.01959703,-,26.66666794,-0.02693595,0.05857374,0.92936999,0.18115395,23.92156982,31.37254906,-,-,66.19999695,53.96843338,14.35873604,-,1867,-,-110.8923874,36.8633728,-76.19554901,18.03921509,54.24570084,54.05929184,-
Sun Nov 19 01:57:44 EST 2017,57:43.5,-76.19558247,36.86293254,24.75,4,-34.09999847,183.7,0.45968673,9.34696388,2.52827692,0.00715214,-,26.66666794,-0.01151028,0.04685899,0.95279956,0.15772445,37.25490189,31.37254906,-,-,66.19999695,53.97052383,14.35873604,-,1931,-,-111.8766327,36.86293411,-76.19557953,18.8235302,55.36417389,55.30203629,56.27515793
Sun Nov 19 01:57:46 EST 2017,57:45.5,-76.19561425,36.86247701,25.5,4,-34.29999924,183,0.84275901,8.88727665,3.21780705,-0.01368368,-,19.6078434,-0.02371098,0.08590815,0.91375035,0.23191786,37.25490189,31.37254906,-,-,66.19999695,53.9745636,14.35873604,-,1993,-,-112.5328064,36.86247635,-76.19561768,8.23529434,57.04187393,56.54477692,48.12587357
Sun Nov 19 01:57:47 EST 2017,57:47.5,-76.19562988,36.86225014,25.25,4,-34.20000076,182.8,0.80445176,9.00219822,3.06457806,-0.00816643,-,16.86274529,-0.02683403,0.08200324,0.91765523,0.21239327,37.25490189,31.37254906,-,-,66.19999695,53.97761154,14.35873604,-,1991,-,-112.2047272,36.86225128,-76.19563293,7.45098066,56.48263931,55.92340851,48.12587357
Sun Nov 19 01:57:50 EST 2017,57:49.7,-76.1956743,36.86157536,25,4,-34.5,183.1,0.5363012,9.15542698,2.87304211,-0.00132519,-,24.31372643,-0.0811922,0.04295408,0.87079626,0.1889638,37.25490189,31.37254906,-,-,66.19999695,53.98065186,14.35873604,-,1925,-,-113.1889801,36.86157608,-76.19567108,16.07843208,55.92340851,55.92340851,-
Sun Nov 19 01:57:52 EST 2017,57:51.9,-76.19570226,36.86112072,25,4,-34.40000153,183,0.42137951,8.92558384,2.9113493,-0.02301341,-,25.49019623,-0.04168613,0.04295408,0.90984541,0.19677362,35.29411697,31.37254906,-,-,66.19999695,53.98368454,14.35873604,-,1964,-,-112.8609009,36.86112213,-76.1957016,17.25490189,55.92340851,55.92340851,-
Sun Nov 19 01:57:54 EST 2017,57:53.9,-76.19572451,36.8606618,25.5,4,-33.79999924,181.7,0.61291564,9.04050541,3.10288548,-0.00466949,-,20.3921566,-0.02333594,0.06247865,0.92156017,0.21629821,35.29411697,31.37254906,-,-,66.19999695,53.98863983,14.35873604,-,1972,-,-110.8923874,36.86066055,-76.19572449,10.98039246,57.04187393,57.16614914,49.66436386
Sun Nov 19 01:57:56 EST 2017,57:56.0,-76.1957278,36.86020072,25.25,4,-33.5,181.4,0.57460839,9.27034855,3.14119267,0.01166819,-,21.56862831,-0.00350045,0.03904916,0.9488945,0.20067854,31.37254906,31.37254906,-,-,66.19999695,53.99164963,14.35873604,-,1948,-,-109.9081345,36.86019897,-76.19572449,12.94117641,56.48263931,55.92340851,49.66436386
Sun Nov 19 01:57:59 EST 2017,57:58.1,-76.19574807,36.85952606,25.25,4,-32.59999847,180.9,0.8810662,8.81066227,2.7581203,-0.0248563,-,24.70588303,-0.05609286,0.07028849,0.89422578,0.19286871,34.11764908,31.37254906,-,-,66.19999695,53.99164963,14.35873604,-,1951,-,-106.9553757,36.85952759,-76.19574738,17.25490189,56.48263931,55.92340851,49.66436386
Sun Nov 19 01:58:01 EST 2017,58:00.3,-76.19576201,36.85906471,25.5,4,-32.90000153,181.7,1.03429508,8.96389103,2.9113493,-0.0132745,-,23.13725471,-0.03316564,0.10543273,0.91375035,0.19677362,32.54901886,31.37254906,-,-,66.19999695,53.9956131,14.35873604,-,1992,-,-107.9396362,36.85906601,-76.19576263,14.50980377,57.04187393,56.54477692,-
Sun Nov 19 01:58:03 EST 2017,58:02.3,-76.19578942,36.85861125,25.5,3,-32.70000076,182.9,0.61291564,9.34696388,2.83473492,0.01661247,-,21.56862831,-0.01717632,0.09371798,0.92936999,0.20458345,32.54901886,31.37254906,-,-,66.19999695,53.99956512,14.35873604,-,1976,-,-107.2834702,36.85861206,-76.19579315,12.94117641,57.04187393,56.54477692,-
Sun Nov 19 01:58:05 EST 2017,58:04.5,-76.19582322,36.85816198,25,3,-31.10000038,182.9,0.8810662,9.53849983,3.02627087,0.04303402,-,21.56862831,-0.00559278,0.07028849,0.94108468,0.21239327,30.19607925,31.37254906,-,-,66.19999695,54.0025444,14.35873604,-,1957,-,-102.0341187,36.85816193,-76.19582367,12.94117641,55.92340851,55.92340851,-
Sun Nov 19 01:58:07 EST 2017,58:06.6,-76.19585087,36.85771826,24.5,3,-29,183.1,0.5363012,10.15141487,2.79642749,0.09373897,-,21.56862831,-0.02718694,0,0.93327487,0.17334414,30.19607925,31.37254906,-,-,66.19999695,54.00358963,14.35873604,-,1920,-,-95.14435577,36.85771942,-76.19585419,15.68627453,54.80493546,54.68066406,-
Sun Nov 19 01:58:09 EST 2017,58:09.0,-76.19588069,36.85727987,24.5,3,-27.5,182.6,1.60890353,9.53849983,3.60087943,0.09990871,-,21.56862831,0.15070726,0.12495731,1.0816617,0.27096704,30.19607925,31.37254906,-,-,66.19999695,54.00463867,14.35873604,-,1912,-,-90.22309875,36.85728073,-76.19587708,15.68627453,54.80493546,54.68066406,-
Sun Nov 19 01:58:11 EST 2017,58:11.1,-76.19590732,36.85684846,24,4,-27.10000038,182.7,1.03429508,9.04050541,2.7581203,-0.01460622,-,21.56862831,-0.04625884,0.10933765,0.89813066,0.20067854,30.19607925,31.37254906,-,-,66.19999695,54.0028038,14.35873604,-,1849,-,-88.91075897,36.85684967,-76.19590759,15.68627453,53.68646622,52.81655121,-
Sun Nov 19 01:58:14 EST 2017,58:13.3,-76.19595008,36.85620214,24,4,-28.20000076,183.1,0.57460839,9.0788126,2.60489154,0.0067224,-,23.92156982,-0.03508509,0.05857374,0.92546505,0.1655343,33.72549057,31.37254906,-,-,66.19999695,54.00098038,14.35873604,-,1899,-,-92.51969147,36.85620117,-76.19595337,16.07843208,53.68646622,52.81655121,-
Sun Nov 19 01:58:16 EST 2017,58:15.4,-76.19597556,36.85576877,24.5,4,-28.60000038,182.9,1.18752408,8.96389103,3.40934324,0.00407648,-,16.86274529,0.03332686,0.0976229,0.96060938,0.26706213,19.2156868,31.37254906,-,-,66.19999695,54.00106812,14.35873604,-,1900,-,-93.83202362,36.85577011,-76.19597626,8.23529434,54.80493546,54.05929184,49.48691177
Sun Nov 19 01:58:18 EST 2017,58:17.6,-76.19599322,36.85532993,24,4,-29.5,182.6,0.65122288,9.00219822,2.87304211,-0.0154587,-,20,-0.03412884,0.06638357,0.91765523,0.19286871,29.01960754,31.37254906,-,-,66.19999695,54.00020599,14.35873604,-,1855,-,-96.78477478,36.85533142,-76.19599152,10.98039246,53.68646622,53.43792343,49.48691177
Sun Nov 19 01:58:20 EST 2017,58:19.8,-76.19601122,36.85489853,24.25,4,-30,182.5,0.91937345,8.92558384,2.98796368,-0.02207044,-,16.86274529,0.03114642,0.0976229,0.97232407,0.22801295,18.4313736,31.37254906,-,-,66.19999695,54.00029755,14.35873604,-,1861,-,-98.42519379,36.85490036,-76.1960144,7.45098066,54.24570084,54.05929184,25.14608955
Sun Nov 19 01:58:22 EST 2017,58:22.0,-76.19604021,36.85446461,24.25,4,-32,183.2,1.07260239,9.11711979,3.37103605,0.01587844,-,15.68627453,0.01100204,0.08200324,0.94108468,0.25925228,21.17647171,31.37254906,-,-,66.19999695,54.00228882,14.35873604,-,1878,-,-104.9868774,36.85446548,-76.19603729,6.27450991,54.24570084,55.30203629,51.35972595
Sun Nov 19 01:58:24 EST 2017,58:24.0,-76.19606018,36.85402543,24.25,4,-34.40000153,182.2,0.91937345,8.61912632,3.21780705,-0.03849047,-,19.2156868,-0.05716848,0.09371798,0.87860614,0.22801295,21.17647171,31.37254906,-,-,66.19999695,54.00142288,14.35873604,-,1844,-,-112.8609009,36.85402679,-76.19606018,9.8039217,54.24570084,53.43792343,51.35972595
Sun Nov 19 01:58:26 EST 2017,58:26.2,-76.19608599,36.853596,24.25,4,-34.70000076,182.9,0.76614451,9.27034855,3.02627087,-0.00251938,-,18.03921509,-0.01041495,0.10933765,0.92546505,0.23191786,26.66666794,31.37254906,-,-,66.19999695,54.00056458,14.35873604,-,1861,-,-113.8451462,36.85359573,-76.19608307,9.01960754,54.24570084,53.43792343,-
Sun Nov 19 01:58:29 EST 2017,58:28.4,-76.19613212,36.85294724,24,4,-35.90000153,183,0.72783732,8.92558384,3.06457806,-0.01288781,-,18.8235302,-0.0348321,0.0741934,0.90984541,0.21239327,28.23529434,31.37254906,-,-,66.19999695,53.99970627,14.35873604,-,1855,-,-117.7821579,36.85294724,-76.19612885,9.01960754,53.68646622,53.43792343,-
Sun Nov 19 01:58:31 EST 2017,58:30.5,-76.19614847,36.852515,23.75,4,-36.59999847,182.5,0.72783732,9.11711979,2.87304211,-0.0252269,-,19.6078434,-0.06080069,0.10933765,0.87860614,0.21239327,29.01960754,31.37254906,-,-,66.19999695,53.99790955,14.35873604,-,1844,-,-120.0787354,36.85251617,-76.19615173,10.1960783,53.12723541,52.81655121,-
Sun Nov 19 01:58:33 EST 2017,58:32.6,-76.19616516,36.85208428,23.75,4,-35.59999847,182.9,0.91937345,8.88727665,2.94965649,-0.01900059,-,20,-0.04054834,0.09371798,0.90594047,0.20067854,29.01960754,31.37254906,-,-,66.19999695,53.99517441,14.35873604,-,1823,-,-116.7978973,36.85208511,-76.19616699,10.98039246,53.12723541,52.19517899,-
Sun Nov 19 01:58:35 EST 2017,58:34.7,-76.19619008,36.85165607,23.5,4,-35.70000076,183,0.80445176,9.38527107,3.17949986,-0.01235996,-,21.96078491,-0.04489192,0.08590815,0.89813066,0.21239327,31.76470566,31.37254906,-,-,66.19999695,53.99245071,14.35873604,-,1815,-,-117.1259842,36.85165787,-76.19618988,12.94117641,52.56800079,52.19517899,-
Sun Nov 19 01:58:37 EST 2017,58:36.8,-76.19621552,36.85123237,23.5,4,-35.79999924,182.8,0.5363012,9.38527107,2.68150592,0.00602688,-,24.31372643,-0.00317117,0.05466883,0.95670444,0.17334414,31.76470566,31.37254906,-,-,66.19999695,53.98972702,14.35873604,-,1816,-,-117.4540634,36.85123062,-76.19621277,16.07843208,52.56800079,52.19517899,-
Sun Nov 19 01:58:39 EST 2017,58:39.0,-76.19624965,36.85080933,23.75,4,-35.59999847,182.8,0.91937345,9.30865574,2.60489154,0.01280293,-,23.92156982,-0.00986777,0.09371798,0.9488945,0.1655343,34.50980377,31.37254906,-,-,66.19999695,53.987957,14.35873604,-,1852,-,-116.7978973,36.850811,-76.19625092,15.68627453,53.12723541,52.81655121,26.75083351
Sun Nov 19 01:58:42 EST 2017,58:41.2,-76.19629142,36.85015989,24.25,4,-35.59999847,182.9,0.65122288,9.53849983,2.87304211,-0.01810084,-,21.17647171,-0.05754079,0.08200324,0.88641596,0.20848836,30.19607925,31.37254906,-,-,66.19999695,53.98806381,14.35873604,-,1884,-,-116.7978973,36.85015869,-76.19628906,13.33333397,54.24570084,54.05929184,49.15892029
Sun Nov 19 01:58:44 EST 2017,58:43.2,-76.19632025,36.84972417,24.5,4,-36.59999847,183.7,1.53228903,8.73404789,2.9113493,-0.02960986,-,16.86274529,-0.04828485,0.15619664,0.89032084,0.19677362,30.19607925,31.37254906,-,-,66.19999695,53.98817444,14.35873604,-,1880,-,-120.0787354,36.84972382,-76.19631958,7.45098066,54.80493546,54.05929184,49.15892029
Sun Nov 19 01:58:46 EST 2017,58:45.2,-76.19638618,36.84930107,23.75,4,-36.90000153,188.6,2.06859016,9.30865574,2.56658411,0.02563542,-,20,-0.02713983,0.22258021,0.90984541,0.16162936,30.19607925,31.37254906,-,-,66.19999695,53.98641205,14.35873604,-,1830,-,-121.0629959,36.84930038,-76.19638824,10.1960783,53.12723541,52.81655121,-
Sun Nov 19 01:58:48 EST 2017,58:47.2,-76.19654006,36.8488972,23.5,3,-36.40000153,197.6,2.45166254,8.81066227,2.64319873,-0.01059109,-,22.74509811,-0.05826153,0.25381953,0.8747012,0.1381999,30.19607925,31.37254906,-,-,66.19999695,53.98372269,14.35873604,-,1827,-,-119.4225769,36.84889603,-76.19654083,13.72549057,52.56800079,52.19517899,-
Sun Nov 19 01:58:50 EST 2017,58:49.4,-76.19675809,36.84851193,23.75,4,-36.09999847,205.2,2.71981311,9.30865574,2.60489154,0.02559796,-,16.47058868,0.02395914,0.27724904,0.9488945,0.1655343,24.31372643,31.37254906,-,-,66.19999695,53.98197174,14.35873604,-,1823,-,-118.4383164,36.84851074,-76.19675446,8.23529434,53.12723541,52.81655121,27.29861641
Sun Nov 19 01:58:52 EST 2017,58:51.6,-76.19705691,36.84817438,22.75,4,-36.40000153,216,2.06859016,9.38527107,3.06457806,0.04726905,-,16.47058868,-0.03647769,0.27724904,0.8747012,0.19286871,14.11764717,31.37254906,-,-,66.19999695,53.97836685,14.35873604,-,1787,-,-119.4225769,36.84817505,-76.19705963,7.05882359,50.89030075,51.57381058,27.29861641
Sun Nov 19 01:58:54 EST 2017,58:53.6,-76.1973962,36.84789236,21.5,4,-35.5,224.8,1.80043972,8.50420475,3.40934324,-0.01656875,-,15.68627453,-0.04785201,0.18353106,0.86689138,0.24753754,14.11764717,31.37254906,-,-,66.19999695,53.97012711,14.35873604,-,1660,-,-116.4698181,36.84789276,-76.19739532,5.88235283,48.09413147,48.46695328,-
Sun Nov 19 01:58:56 EST 2017,58:55.8,-76.19774052,36.84765888,19.75,3,-34.70000076,232.6,-0.22984336,8.73404789,4.13718033,0.00443244,-,14.90196133,0.02870923,-0.0234295,0.94108468,0.31392109,14.11764717,31.37254906,-,-,66.19999695,53.95449448,14.35873604,-,1539,-,-113.8451462,36.84766006,-76.19773865,5.49019623,44.17948914,43.49598312,-
Sun Nov 19 01:58:58 EST 2017,58:58.0,-76.19805283,36.84744621,18.25,4,-35.5,227.4,-0.42137951,8.84896946,3.02627087,-0.02670532,-,16.47058868,0.08400373,-0.04685899,1.0035634,0.30611128,25.88235283,31.37254906,-,-,66.19999695,53.93427658,14.35873604,-,1392,-,-116.4698181,36.84744644,-76.19805145,5.88235283,40.82408524,40.38912582,-
Sun Nov 19 01:59:00 EST 2017,59:00.0,-76.1983033,36.84719473,17.75,4,-36.5,216.5,-0.80445176,10.41956615,2.98796368,0.12698513,-,24.31372643,0.03912858,-0.0234295,0.98403883,0.23191786,25.88235283,31.37254906,-,-,66.19999695,53.91412354,14.35873604,-,1402,-,-119.7506561,36.84719467,-76.19830322,15.68627453,39.705616,40.38912582,-
Sun Nov 19 01:59:02 EST 2017,59:02.2,-76.19849188,36.8468884,18.25,4,-34.40000153,203.5,-1.07260239,10.45787334,2.79642749,0.04961117,-,30.19607925,0.10927872,-0.10933765,1.06604207,0.18505886,44.70588303,31.37254906,-,-,66.19999695,53.89587402,14.35873604,-,1454,-,-112.8609009,36.8468895,-76.19849396,22.35294151,40.82408524,41.63187027,54.01092148
Sun Nov 19 01:59:05 EST 2017,59:04.4,-76.19857131,36.84637999,19,4,-30.79999924,180.6,0.15322891,9.30865574,2.71981311,0.07392626,-,33.33333206,0.13871039,-0.16791138,1.0816617,0.21239327,42.74509811,31.37254906,-,-,66.19999695,53.87859726,14.35873604,-,1575,-,-101.0498657,36.84637833,-76.19857025,25.88235283,42.50178909,42.25324249,22.91809464
Sun Nov 19 01:59:07 EST 2017,59:06.4,-76.19849109,36.84604555,19.25,3,-28.5,166.1,-0.38307226,8.96389103,2.9113493,-0.0207937,-,28.23529434,-0.03814195,-0.03904916,0.91375035,0.19677362,42.74509811,31.37254906,-,-,66.19999695,53.86229324,14.35873604,-,1544,-,-93.50393677,36.84604645,-76.19849396,19.2156868,43.0610199,42.8746109,23.86276054
Sun Nov 19 01:59:09 EST 2017,59:08.4,-76.19831278,36.84572969,19.5,4,-26.79999924,152.9,-0.68953007,8.35097599,3.10288548,0.00641755,-,27.84313774,-0.12153657,-0.08981306,0.79269797,0.26706213,42.74509811,31.37254906,-,-,66.19999695,53.84696198,14.35873604,-,2070,-,-87.92650604,36.84572983,-76.19831085,20.7843132,43.62025452,43.49598312,19.65122414
Sun Nov 19 01:59:11 EST 2017,59:10.4,-76.19804209,36.8454478,19.75,4,-25.89999962,140.2,-1.03429508,9.53849983,3.60087943,0.04929805,-,22.35294151,0.05134017,-0.13276714,0.98013395,0.25534737,42.74509811,31.37254906,-,-,66.19999695,53.8325882,14.35873604,-,1948,-,-84.97375488,36.84544754,-76.19804382,16.86274529,44.17948914,44.11735535,21.29660988
Sun Nov 19 01:59:13 EST 2017,59:12.6,-76.19768777,36.84525029,19.25,3,-24,122.2,-0.99598789,9.53849983,3.25611424,0.05142027,-,25.88235283,0.03277291,-0.10152781,0.97232407,0.23191786,36.07843018,31.37254906,-,-,66.19999695,53.81642914,14.35873604,-,1877,-,-78.74015808,36.84524918,-76.19768524,18.03921509,43.0610199,42.8746109,21.29660988
Sun Nov 19 01:59:15 EST 2017,59:14.6,-76.19727831,36.8451239,19.5,4,-23.10000038,108.1,0.07661445,9.11711979,2.26012635,-0.01734832,-,25.88235283,-0.08297089,0.0234295,0.8747012,0.17334414,36.07843018,31.37254906,-,-,66.19999695,53.80123138,14.35873604,-,1929,-,-75.78739929,36.84512329,-76.19728088,17.64705849,43.62025452,43.49598312,19.5012188
Sun Nov 19 01:59:17 EST 2017,59:16.6,-76.1968329,36.84506571,20.25,4,-22.20000076,99.2,0.91937345,9.30865574,2.45166254,-0.01812074,-,26.66666794,-0.06242676,0.08590815,0.89813066,0.15381955,36.07843018,31.37254906,-,-,66.19999695,53.78789902,14.35873604,-,1963,-,-72.83464813,36.84506607,-76.19683075,20.3921566,45.29796219,44.73872757,42.60791397
Sun Nov 19 01:59:19 EST 2017,59:18.8,-76.19635339,36.8450102,21.25,4,-21.79999924,96.8,0.5363012,8.84896946,2.45166254,-0.04338908,-,23.52941132,-0.06206878,0.05466883,0.90203559,0.14991464,33.72549057,31.37254906,-,-,66.19999695,53.7791748,14.35873604,-,2098,-,-71.52230835,36.84500885,-76.1963501,15.29411793,47.53489685,47.84558105,107.7622452
Sun Nov 19 01:59:21 EST 2017,59:20.8,-76.19585994,36.84498668,22.25,3,-22.70000076,92.7,0.15322891,6.89530087,2.22181916,-0.24236166,-,23.52941132,-0.05477628,0.05076391,0.89032084,0.21239327,33.72549057,31.37254906,-,-,64.40000153,53.77320862,14.35873604,-,1785,-,-74.47506714,36.84498596,-76.19586182,15.68627453,49.77183151,49.70969391,71.24243927
Sun Nov 19 01:59:23 EST 2017,59:23.0,-76.19533026,36.8449874,23.25,3,-24,88.8,0.34476504,9.00219822,3.06457806,-0.01099187,-,16.86274529,-0.02966045,0.03514424,0.91765523,0.21239327,33.72549057,31.37254906,-,-,64.40000153,53.77089691,14.35873604,-,1833,-,-78.74015808,36.84498596,-76.19532776,7.45098066,52.00876617,52.19517899,107.1600952
Sun Nov 19 01:59:26 EST 2017,59:25.2,-76.19451273,36.84505553,24.75,3,-27.79999924,82.2,1.03429508,10.30464458,3.56257224,-0.03060143,-,20.3921566,-0.18763147,0.15619664,0.73802912,0.20067854,30.19607925,31.37254906,-,-,64.40000153,53.77222443,14.35873604,-,1888,-,-91.20734406,36.84505463,-76.19451141,11.76470566,55.36417389,54.68066406,100.0556641
Sun Nov 19 01:59:28 EST 2017,59:27.3,-76.19394348,36.84513921,26,4,-29.89999962,78.5,0.38307226,9.11711979,3.17949986,-0.01252923,-,20.3921566,-0.01462569,0.03904916,0.92936999,0.22410804,30.19607925,31.37254906,-,-,64.40000153,53.77809143,14.35873604,-,1988,-,-98.09711456,36.84513855,-76.19394684,11.76470566,58.16034317,57.78752136,100.0556641
Sun Nov 19 01:59:30 EST 2017,59:29.8,-76.19336786,36.84526356,26.75,3,-31.10000038,74.6,1.45567465,9.69172859,3.29442143,0.07295841,-,20.3921566,0.00313078,0.18353106,0.92546505,0.23972771,30.19607925,31.37254906,-,-,64.40000153,53.77809143,14.35873604,-,2055,-,-102.0341187,36.84526443,-76.193367,11.76470566,59.83804321,59.03026199,100.0556641
Sun Nov 19 01:59:32 EST 2017,59:32.0,-76.19280283,36.84540133,26.25,4,-31,72.9,1.07260239,7.20175886,1.9153614,0.0041255,-,25.09803963,-0.23226534,0.10933765,0.73412424,0.09524581,36.86274719,37.64706039,-,-,64.40000153,53.78393555,14.35873604,-,2004,-,-101.7060394,36.84540176,-76.19280243,12.15686321,58.71957779,57.78752136,-
Sun Nov 19 01:59:34 EST 2017,59:34.0,-76.19224189,36.84552686,26,4,-30.29999924,74.7,0.99598789,9.15542698,2.68150592,-0.00705875,-,24.70588303,0.02913194,0.10933765,0.98013395,0.19286871,36.86274719,37.64706039,-,-,64.40000153,53.79066849,14.35873604,-,2055,-,-99.40944672,36.84552765,-76.19224548,16.47058868,58.16034317,58.40889359,24.35840225
Sun Nov 19 01:59:37 EST 2017,59:36.2,-76.19137672,36.845667,26,3,-29.5,79.4,0.61291564,8.96389103,2.87304211,-0.03157552,-,21.96078491,-0.08193152,0.07028849,0.87079626,0.18115395,31.37254906,37.64706039,-,-,64.40000153,53.79737854,14.35873604,-,2033,-,-96.78477478,36.84566879,-76.19137573,13.33333397,58.16034317,58.40889359,24.35840225
Sun Nov 19 01:59:39 EST 2017,59:38.3,-76.19080077,36.84573807,26,3,-29.5,81.8,2.14520478,8.88727665,2.03028297,-0.02633792,-,25.09803963,-0.04501175,0.2186753,0.90594047,0.10696055,34.90196228,37.64706039,-,-,64.40000153,53.80316925,14.35873604,-,2073,-,-96.78477478,36.84573746,-76.19080353,16.47058868,58.16034317,57.78752136,-
Sun Nov 19 01:59:41 EST 2017,59:40.5,-76.19021391,36.84577534,26.5,4,-28.89999962,85.8,1.34075296,8.73404789,3.52426481,-0.03777891,-,17.25490189,-0.05318753,0.11714748,0.87860614,0.23191786,25.09803963,37.64706039,-,-,64.40000153,53.81074524,14.35873604,-,2058,-,-94.81626892,36.8457756,-76.19021606,8.23529434,59.27880859,59.03026199,50.28307724
Sun Nov 19 01:59:43 EST 2017,59:42.7,-76.18961454,36.84579013,26.5,4,-29.5,89.2,1.41736746,9.15542698,3.14119267,0.01619959,-,24.31372643,-0.00245975,0.1444819,0.93327487,0.22020312,30.19607925,37.64706039,-,-,64.40000153,53.81830215,14.35873604,-,2134,-,-96.78477478,36.84579086,-76.18961334,16.47058868,59.27880859,59.03026199,50.28307724
Sun Nov 19 01:59:45 EST 2017,59:44.7,-76.18901192,36.84578102,26.75,4,-29.60000038,91.5,0.03830723,8.84896946,3.60087943,0.02571247,-,16.47058868,-0.02579973,0.00390492,0.90203559,0.26706213,30.19607925,37.64706039,-,-,64.40000153,53.82672882,14.35873604,-,2098,-,-97.11286163,36.84577942,-76.18901062,7.05882359,59.83804321,59.65163422,24.36680222
Sun Nov 19 01:59:47 EST 2017,59:46.8,-76.18842181,36.84577125,26.25,3,-30.70000076,90.7,0.68953007,8.88727665,3.33272886,-0.01090539,-,16.47058868,-0.05082948,0.06638357,0.88641596,0.23191786,14.11764717,37.64706039,-,-,64.40000153,53.83333969,14.35873604,-,2025,-,-100.7217865,36.84577179,-76.18842316,6.66666698,58.71957779,58.40889359,24.36680222
Sun Nov 19 01:59:49 EST 2017,59:49.0,-76.18784469,36.84577716,25.75,4,-31.29999924,89.8,0.57460839,9.27034855,2.9113493,0.00573138,-,16.86274529,0.00414187,0.04685899,0.95279956,0.21239327,25.49019623,37.64706039,-,-,64.40000153,53.8381424,14.35873604,-,1979,-,-102.6902847,36.8457756,-76.18784332,6.66666698,57.60110855,57.16614914,-
Sun Nov 19 01:59:51 EST 2017,59:51.0,-76.18727613,36.84578071,25.25,3,-31.29999924,89.4,1.14921677,9.11711979,2.98796368,0.02088128,-,22.74509811,-0.01466441,0.11714748,0.92936999,0.20458345,25.49019623,37.64706039,-,-,66.19999695,53.8420372,14.35873604,-,1950,-,-102.6902847,36.84577942,-76.18727875,14.11764717,56.48263931,56.54477692,-
Sun Nov 19 01:59:53 EST 2017,59:53.0,-76.18669193,36.84577586,25.25,3,-31.5,90.1,0.76614451,9.00219822,2.9113493,0.00588008,-,22.35294151,-0.00466487,0.04295408,0.94498962,0.20848836,25.49019623,37.64706039,-,-,66.19999695,53.84592056,14.35873604,-,1960,-,-103.3464584,36.8457756,-76.18669128,13.72549057,56.48263931,56.54477692,-
Sun Nov 19 01:59:55 EST 2017,59:55.1,-76.18612081,36.84577364,25.25,4,-31.10000038,90.3,0.76614451,9.04050541,3.10288548,-0.00354564,-,17.25490189,-0.01464892,0.08590815,0.91765523,0.24753754,29.41176605,37.64706039,-,-,66.19999695,53.84979248,14.35873604,-,1965,-,-102.0341187,36.84577179,-76.18611908,7.84313726,56.48263931,56.54477692,-
Sun Nov 19 01:59:57 EST 2017,59:57.1,-76.18555685,36.84577618,25,4,-30.20000076,89.7,0.76614451,8.88727665,2.48996973,-0.03693861,-,29.80392265,-0.0556161,0.07809832,0.90594047,0.15381955,29.41176605,37.64706039,-,-,66.19999695,53.85276413,14.35873604,-,1980,-,-99.08136749,36.8457756,-76.1855545,22.35294151,55.92340851,55.92340851,-
Sun Nov 19 02:00:00 EST 2017,59:59.1,-76.18470308,36.84578119,25.5,4,-29.89999962,89.7,0.72783732,9.0788126,2.41335535,-0.02052563,-,29.41176605,-0.03919748,0.0741934,0.92546505,0.14600971,29.41176605,37.64706039,-,-,66.19999695,53.85750198,14.35873604,-,1997,-,-98.09711456,36.84577942,-76.18470001,21.96078491,57.04187393,57.16614914,53.7563858
Sun Nov 19 02:00:01 EST 2017,00:01.1,-76.18441142,36.84578242,26,4,-29.20000076,89.4,0.76614451,9.11711979,2.48996973,-0.01443279,-,26.66666794,-0.03310252,0.07809832,0.92936999,0.15381955,29.41176605,37.64706039,-,-,64.40000153,53.86400604,14.35873604,-,2031,-,-95.80052948,36.84578323,-76.1844101,18.4313736,58.16034317,58.40889359,54.03244019
Sun Nov 19 02:00:04 EST 2017,00:03.1,-76.18352554,36.84578422,26,4,-28.70000076,89.9,1.53228903,9.57680702,2.18351197,0.03239149,-,22.74509811,0.12714775,0.05466883,1.07775688,0.22410804,29.41176605,37.64706039,-,-,64.40000153,53.87049103,14.35873604,-,2031,-,-94.16011047,36.84578323,-76.18352509,9.8039217,58.16034317,58.40889359,54.03244019
Sun Nov 19 02:00:06 EST 2017,00:05.3,-76.18294321,36.84578606,26,4,-28.10000038,89.7,0.9576807,9.42357826,3.715801,-0.00678343,-,28.62745094,-0.027281,0.07028849,0.90984541,0.23582277,14.11764717,37.64706039,-,-,64.40000153,53.87607193,14.35873604,-,2064,-,-92.19160461,36.84578705,-76.18294525,21.56862831,58.16034317,57.78752136,-
Sun Nov 19 02:00:08 EST 2017,00:07.4,-76.18235161,36.8457873,26.25,4,-27.70000076,89.8,0.5363012,9.23204136,3.21780705,0.01710898,-,20,-0.03619267,0.04295408,0.90203559,0.23582277,14.11764717,37.64706039,-,-,64.40000153,53.88251877,14.35873604,-,2035,-,-90.87926483,36.84578705,-76.18235016,11.76470566,58.71957779,58.40889359,24.54202271
Sun Nov 19 02:00:10 EST 2017,00:09.5,-76.18176805,36.84579218,26.25,3,-28,89.5,1.11090958,9.0788126,3.25611424,-0.00519292,-,18.03921509,-0.0099756,0.11324256,0.92546505,0.23191786,14.11764717,37.64706039,-,-,64.40000153,53.88894653,14.35873604,-,2035,-,-91.86351776,36.84579086,-76.18177032,12.15686321,58.71957779,58.40889359,24.54202271
Sun Nov 19 02:00:12 EST 2017,00:11.7,-76.18117408,36.84579497,26.25,3,-28.89999962,89.4,0.76614451,8.96389103,3.02627087,-0.014132,-,21.56862831,-0.04564309,0.07809832,0.90203559,0.20067854,28.23529434,37.64706039,-,-,66.19999695,53.89535522,14.35873604,-,2040,-,-94.81626892,36.84579468,-76.18117523,12.94117641,58.71957779,58.40889359,-
Sun Nov 19 02:00:14 EST 2017,00:13.9,-76.18058222,36.84580015,26.5,3,-29,89.8,1.18752408,8.65743351,3.44765043,-0.02340347,-,16.47058868,-0.02067578,0.08981306,0.91375035,0.23972771,16.47058868,37.64706039,-,-,66.19999695,53.90263367,14.35873604,-,2022,-,-95.14435577,36.84579849,-76.18058014,7.05882359,59.27880859,59.03026199,24.91720009
Sun Nov 19 02:00:17 EST 2017,00:16.2,-76.17970223,36.84580333,26.25,4,-29.5,89.7,1.07260239,8.96389103,3.52426481,0.00690514,-,16.47058868,-0.0225785,0.07809832,0.90984541,0.24753754,16.47058868,37.64706039,-,-,66.19999695,53.90900421,14.35873604,-,2013,-,-96.78477478,36.84580231,-76.17970276,7.84313726,58.71957779,58.40889359,24.91720009
Sun Nov 19 02:00:19 EST 2017,00:18.5,-76.17912211,36.84580812,25.75,4,-29.29999924,89.5,0.8810662,8.88727665,2.68150592,-0.03046775,-,21.56862831,-0.049143,0.08981306,0.90594047,0.17334414,32.15686417,33.33333206,-,-,66.19999695,53.91448593,14.35873604,-,1982,-,-96.1286087,36.84580994,-76.17912292,11.76470566,57.60110855,57.78752136,-
Sun Nov 19 02:00:21 EST 2017,00:20.7,-76.17852329,36.84579747,26.25,3,-27.89999962,90.9,0.80445176,8.96389103,2.87304211,-0.01331878,-,26.27450943,-0.01039188,0.09371798,0.94498962,0.17724904,35.29411697,33.33333206,-,-,64.40000153,53.92082214,14.35873604,-,2046,-,-91.53543091,36.84579849,-76.1785202,18.03921509,58.71957779,58.40889359,21.62483406
Sun Nov 19 02:00:23 EST 2017,00:22.7,-76.17793438,36.84578519,26.75,3,-28.60000038,91.5,0.80445176,8.6957407,3.52426481,0.00376041,-,16.86274529,-0.04596291,0.08200324,0.89032084,0.23191786,35.29411697,33.33333206,-,-,64.40000153,53.92889023,14.35873604,-,2090,-,-93.83202362,36.84578705,-76.17793274,7.84313726,59.83804321,59.65163422,48.89775467
Sun Nov 19 02:00:25 EST 2017,00:24.9,-76.17732434,36.84577321,26.25,3,-27.20000076,92.4,0.9576807,9.15542698,2.7581203,-0.02210149,-,21.96078491,-0.04267383,0.13667206,0.90203559,0.1889638,31.37254906,33.33333206,-,-,64.40000153,53.93519211,14.35873604,-,2048,-,-89.23884583,36.84577179,-76.17732239,13.33333397,58.71957779,58.40889359,48.89775467
Sun Nov 19 02:00:27 EST 2017,00:26.9,-76.17674778,36.84574849,26.25,3,-28.79999924,94.6,1.18752408,9.0788126,2.79642749,-0.01802687,-,22.35294151,-0.00677502,0.11324256,0.9488945,0.16943921,31.37254906,33.33333206,-,-,64.40000153,53.94235229,14.35873604,-,2043,-,-94.4881897,36.8457489,-76.17675018,13.72549057,58.71957779,59.03026199,24.8863945
Sun Nov 19 02:00:29 EST 2017,00:28.9,-76.1761609,36.84570656,26.5,3,-29.39999962,96,0.8810662,8.77235508,2.56658411,-0.00335904,-,23.52941132,-0.06364816,0.08981306,0.89422578,0.16162936,31.37254906,33.33333206,-,-,64.40000153,53.94948578,14.35873604,-,2046,-,-96.45669556,36.84570694,-76.17616272,15.68627453,59.27880859,59.03026199,24.8863945
Sun Nov 19 02:00:32 EST 2017,00:31.1,-76.17528975,36.84561492,26.75,3,-30,97.8,0.99598789,9.34696388,3.10288548,0.02804881,-,17.25490189,-0.02088615,0.10543273,0.92546505,0.20067854,28.23529434,33.33333206,-,-,66.19999695,53.95747375,14.35873604,-,2070,-,-98.42519379,36.84561539,-76.17529297,7.84313726,59.83804321,59.65163422,27.08478355
Sun Nov 19 02:00:34 EST 2017,00:33.3,-76.17469141,36.84555096,26.5,5,-29.29999924,98.4,1.14921677,8.92558384,3.02627087,-0.01316363,-,21.96078491,-0.03183296,0.11714748,0.90984541,0.20848836,29.01960754,33.33333206,-,-,66.19999695,53.96456528,14.35873604,-,2084,-,-96.1286087,36.84555054,-76.17469025,13.72549057,59.27880859,59.03026199,27.08478355
Sun Nov 19 02:00:36 EST 2017,00:35.5,-76.17411388,36.84546601,26.5,3,-28.70000076,101.2,1.76213241,9.11711979,2.98796368,-0.00815834,-,20.7843132,-0.00529355,0.17962612,0.92936999,0.20458345,29.01960754,33.33333206,-,-,66.19999695,53.97164154,14.35873604,-,2052,-,-94.16011047,36.84546661,-76.17411041,11.76470566,59.27880859,59.03026199,-
Sun Nov 19 02:00:38 EST 2017,00:37.5,-76.17354031,36.84535682,26.25,3,-29,103.8,1.18752408,8.92558384,3.29442143,-0.00949207,-,16.47058868,-0.02229754,0.1210524,0.90984541,0.23582277,29.01960754,33.33333206,-,-,66.19999695,53.97869873,14.35873604,-,2037,-,-95.14435577,36.84535599,-76.17353821,7.45098066,58.71957779,59.03026199,-
Sun Nov 19 02:00:40 EST 2017,00:39.7,-76.17298939,36.84524258,25.5,3,-29,104.9,1.03429508,9.38527107,2.87304211,0.02506739,-,19.6078434,-0.06370515,0.14838681,0.86689138,0.22020312,28.62745094,33.33333206,-,-,66.19999695,53.98313522,14.35873604,-,1961,-,-95.14435577,36.84524155,-76.17298889,10.1960783,57.04187393,57.16614914,-
Sun Nov 19 02:00:42 EST 2017,00:41.7,-76.17244266,36.84510774,25.25,3,-30.5,106.5,1.22583127,8.73404789,2.94965649,-0.03300577,-,20.7843132,-0.01212032,0.07809832,0.94108468,0.1889638,28.62745094,33.33333206,-,-,66.19999695,53.98669815,14.35873604,-,1956,-,-100.0656204,36.84510803,-76.17243958,12.15686321,56.48263931,56.54477692,-
Sun Nov 19 02:00:44 EST 2017,00:43.9,-76.17190312,36.84497574,25,3,-31.29999924,108.1,1.11090958,8.96389103,3.02627087,-0.0011737,-,20.7843132,-0.00062586,0.1210524,0.94498962,0.20067854,29.80392265,33.33333206,-,-,66.19999695,53.98938751,14.35873604,-,1947,-,-102.6902847,36.84497452,-76.17190552,12.15686321,55.92340851,55.92340851,-
Sun Nov 19 02:00:46 EST 2017,00:45.9,-76.17138336,36.84483371,24.75,4,-30.89999962,109.1,0.99598789,8.58081913,2.9113493,-0.05176127,-,21.17647171,-0.08673908,0.10933765,0.85908157,0.1889638,29.80392265,33.33333206,-,-,66.19999695,53.99206924,14.35873604,-,1941,-,-101.3779526,36.84483337,-76.17138672,12.54901981,55.36417389,55.92340851,-
Sun Nov 19 02:00:49 EST 2017,00:48.1,-76.17060441,36.84459769,24.75,7,-30.79999924,110.6,0.68953007,9.34696388,2.45166254,-0.00443434,-,19.2156868,-0.0317384,0.10933765,0.92546505,0.16162936,37.64706039,33.33333206,-,-,66.19999695,53.99388504,14.35873604,-,1901,-,-101.0498657,36.84459686,-76.17060089,7.84313726,55.36417389,55.30203629,-
Sun Nov 19 02:00:51 EST 2017,00:50.3,-76.17010013,36.84442429,25,4,-31.29999924,114,1.18752408,9.11711979,2.56658411,-0.00794703,-,26.66666794,-0.02661454,0.1210524,0.92936999,0.16162936,36.86274719,33.33333206,-,-,64.40000153,53.9948349,14.35873604,-,1974,-,-102.6902847,36.8444252,-76.17009735,18.8235302,55.92340851,54.68066406,-
Sun Nov 19 02:00:53 EST 2017,00:52.3,-76.16958095,36.84422008,25.5,3,-31.29999924,115.7,1.03429508,9.19373417,2.41335535,-0.00634992,-,26.27450943,-0.02501696,0.10543273,0.9371798,0.14600971,36.86274719,33.33333206,-,-,64.40000153,53.99835587,14.35873604,-,1996,-,-102.6902847,36.84421921,-76.16957855,18.03921509,57.04187393,56.54477692,73.16636658
Sun Nov 19 02:00:55 EST 2017,00:54.4,-76.16906871,36.84401177,26.25,3,-30.79999924,116.9,0.91937345,9.34696388,2.68150592,0.01465404,-,29.01960754,-0.06499355,0.05076391,0.89813066,0.15381955,36.86274719,33.33333206,-,-,64.40000153,54.00358582,14.35873604,-,2019,-,-101.0498657,36.84401321,-76.16906738,21.96078491,58.71957779,57.78752136,53.69508362
Sun Nov 19 02:00:57 EST 2017,00:56.6,-76.16854469,36.84379066,27,4,-30.79999924,119,1.07260239,8.88727665,2.60489154,-0.02098826,-,25.49019623,-0.04931151,0.10933765,0.90594047,0.1655343,35.68627548,33.33333206,-,-,64.40000153,54.01136398,14.35873604,-,2095,-,-101.0498657,36.84379196,-76.16854095,16.07843208,60.39727783,59.65163422,80.44496155
Sun Nov 19 02:00:59 EST 2017,00:58.6,-76.16800952,36.84354217,27.25,4,-30,121,0.99598789,9.19373417,2.71981311,0.00158888,-,25.49019623,-0.04968074,0.10933765,0.9371798,0.17724904,35.68627548,33.33333206,-,-,64.40000153,54.02083206,14.35873604,-,2125,-,-98.42519379,36.84354401,-76.1680069,17.64705849,60.95651245,60.89437866,48.87225723
Sun Nov 19 02:01:01 EST 2017,01:00.6,-76.16748583,36.84327625,27.5,4,-31,122.4,0.84275901,9.23204136,2.64319873,-0.0204964,-,25.88235283,-0.01700561,0.08590815,0.94108468,0.16943921,35.68627548,33.33333206,-,-,64.40000153,54.03112793,14.35873604,-,2158,-,-101.7060394,36.84327698,-76.1674881,17.64705849,61.51574707,61.51574707,26.79219055
Sun Nov 19 02:01:03 EST 2017,01:02.6,-76.16696325,36.84299511,28,4,-31.20000076,124.1,1.57059634,8.84896946,2.98796368,-0.01556134,-,17.64705849,-0.0327475,0.10933765,0.90984541,0.20848836,35.68627548,33.33333206,-,-,64.40000153,54.04309845,14.35873604,-,2187,-,-102.3622055,36.84299469,-76.16696167,7.84313726,62.63421249,62.75849152,53.04279327
Sun Nov 19 02:01:05 EST 2017,01:04.8,-76.16645279,36.84270299,27.5,4,-30.79999924,125.8,0.57460839,8.73404789,3.25611424,-0.02901703,-,20.3921566,-0.0698448,0.0741934,0.86689138,0.22801295,29.01960754,33.33333206,-,-,64.40000153,54.05248642,14.35873604,-,2118,-,-101.0498657,36.84270477,-76.1664505,10.58823586,61.51574707,60.89437866,53.04279327
Sun Nov 19 02:01:07 EST 2017,01:06.8,-76.16596516,36.84240498,27.25,4,-30.79999924,127,0.68953007,8.6957407,2.94965649,-0.0423407,-,24.31372643,-0.05023485,0.08200324,0.89813066,0.19677362,29.01960754,33.33333206,-,-,64.40000153,54.06099701,14.35873604,-,2089,-,-101.0498657,36.84240341,-76.16596222,16.07843208,60.95651245,60.27300644,-
Sun Nov 19 02:01:09 EST 2017,01:09.0,-76.16547487,36.84210505,27,4,-31.79999924,127,0.49799395,9.11711979,2.64319873,0.01572436,-,24.70588303,0.02207238,0.05466883,0.98403883,0.16943921,36.07843018,33.33333206,-,-,64.40000153,54.0694809,14.35873604,-,2097,-,-104.3307037,36.84210587,-76.16547394,15.68627453,60.39727783,60.27300644,-
Sun Nov 19 02:01:12 EST 2017,01:11.2,-76.16474331,36.84166027,27.25,4,-31.70000076,127.6,0.9576807,8.84896946,3.17949986,-0.01754558,-,17.25490189,-0.03621642,0.0976229,0.90203559,0.22410804,14.11764717,33.33333206,-,-,66.19999695,54.07879257,14.35873604,-,2102,-,-104.0026245,36.84165955,-76.16474152,8.23529434,60.95651245,60.89437866,24.82694054
Sun Nov 19 02:01:14 EST 2017,01:13.3,-76.16427759,36.841369,26,4,-31.5,127.6,1.11090958,8.84896946,3.29442143,-0.00019148,-,16.86274529,-0.00272741,0.10543273,0.92546505,0.25534737,14.11764717,33.33333206,-,-,66.19999695,54.08469009,14.35873604,-,2014,-,-103.3464584,36.84136963,-76.16427612,6.66666698,58.16034317,58.40889359,24.82694054
Sun Nov 19 02:01:16 EST 2017,01:15.5,-76.16382964,36.84109834,25,4,-31.5,127.3,0.91937345,8.61912632,2.7581203,-0.05375713,-,24.70588303,-0.07244039,0.09371798,0.87860614,0.18115395,34.50980377,33.33333206,-,-,66.19999695,54.08634949,14.35873604,-,1927,-,-103.3464584,36.84109879,-76.16382599,16.07843208,55.92340851,55.30203629,-
Sun Nov 19 02:01:18 EST 2017,01:17.5,-76.16338636,36.84082154,25,4,-31.70000076,127.6,0.30645782,9.23204136,2.60489154,-0.00267243,-,27.45098114,-0.04230731,0.03904916,0.92936999,0.12648514,34.50980377,33.33333206,-,-,66.19999695,54.08799744,14.35873604,-,1948,-,-104.0026245,36.84082031,-76.16338348,19.6078434,55.92340851,55.30203629,-
Sun Nov 19 02:01:20 EST 2017,01:19.7,-76.16293708,36.84054979,25.25,4,-31,127.1,0.07661445,7.92959595,2.68150592,-0.02179174,-,29.41176605,-0.14638829,0.00780983,0.8083176,0.17334414,42.74509811,33.33333206,-,-,66.19999695,54.09133148,14.35873604,-,1979,-,-101.7060394,36.84054947,-76.16293335,19.2156868,56.48263931,56.54477692,53.95124435
Sun Nov 19 02:01:22 EST 2017,01:21.8,-76.1624771,36.84027203,25.75,4,-30.79999924,127.1,1.07260239,9.30865574,2.71981311,-0.01929385,-,27.05882454,0.01171881,0.07028849,0.96060938,0.20848836,37.25490189,33.33333206,-,-,64.40000153,54.09634399,14.35873604,-,1986,-,-101.0498657,36.840271,-76.16247559,18.8235302,57.60110855,57.78752136,50.07780457
Sun Nov 19 02:01:24 EST 2017,01:24.0,-76.1620196,36.83999252,25.75,4,-30,127.4,0.9576807,9.0788126,3.21780705,0.00571591,-,16.86274529,-0.01294697,0.0976229,0.92546505,0.22801295,37.25490189,33.33333206,-,-,64.40000153,54.10133362,14.35873604,-,2010,-,-98.42519379,36.83999252,-76.16201782,7.45098066,57.60110855,57.78752136,50.07780457
Sun Nov 19 02:01:27 EST 2017,01:26.2,-76.16133427,36.83958016,25.5,6,-29.5,127,0.61291564,8.50420475,2.87304211,-0.02708603,-,25.49019623,-0.03949133,0.05466883,0.91765523,0.17724904,35.29411697,33.33333206,-,-,64.40000153,54.10379791,14.35873604,-,1930,-,-96.78477478,36.83958054,-76.16133118,16.86274529,57.04187393,55.92340851,-
Sun Nov 19 02:01:30 EST 2017,01:29.3,-76.16063606,36.83917203,25.5,8,-29.20000076,126.8,0.68953007,8.92558384,3.33272886,-0.0072577,-,25.49019623,-0.02592504,0.07028849,0.90984541,0.23972771,35.29411697,33.33333206,-,-,64.40000153,54.10709,14.35873604,-,1973,-,-95.80052948,36.83917236,-76.1606369,16.86274529,57.04187393,56.54477692,23.90883446
Sun Nov 19 02:01:32 EST 2017,01:31.4,-76.16015798,36.83890155,25.75,6,-29.20000076,126.7,1.14921677,10.53448772,2.87304211,0.03962757,-,25.49019623,0.06654932,0.09371798,1.02308798,0.18505886,35.29411697,33.33333206,-,-,64.40000153,54.11205292,14.35873604,-,2001,-,-95.80052948,36.83890152,-76.16015625,16.86274529,57.60110855,57.78752136,-
Sun Nov 19 02:01:34 EST 2017,01:33.4,-76.15968923,36.83861392,26.5,5,-29.29999924,127.1,0.84275901,9.53849983,3.33272886,-0.00270574,-,16.86274529,0.03389516,0.08590815,0.97232407,0.23972771,35.29411697,33.33333206,-,-,64.40000153,54.11867142,14.35873604,-,2041,-,-96.1286087,36.83861542,-76.15969086,6.66666698,59.27880859,59.03026199,76.9109726
Sun Nov 19 02:01:36 EST 2017,01:35.6,-76.15921065,36.83832657,26,4,-30,126.8,1.45567465,7.431602,2.71981311,-0.16077244,-,21.17647171,-0.17949221,0.14838681,0.7575537,0.17724904,34.90196228,33.33333206,-,-,64.40000153,54.12360001,14.35873604,-,2007,-,-98.42519379,36.8383255,-76.15921021,9.01960754,58.16034317,57.78752136,76.9109726
Sun Nov 19 02:01:38 EST 2017,01:37.6,-76.15873816,36.83805344,26,5,-30,125.7,1.11090958,9.50019264,3.56257224,0.05945319,-,16.86274529,0.00053386,0.12886222,0.93327487,0.23582277,34.90196228,33.33333206,-,-,64.40000153,54.12935638,14.35873604,-,2072,-,-98.42519379,36.83805466,-76.15873718,7.84313726,58.16034317,58.40889359,24.54910469
Sun Nov 19 02:01:40 EST 2017,01:39.7,-76.15825845,36.83778316,26,5,-29.89999962,125.3,0.61291564,8.65743351,3.06457806,-0.0427469,-,20.3921566,-0.0614264,0.06247865,0.88251102,0.21239327,33.33333206,33.33333206,-,-,64.40000153,54.13425827,14.35873604,-,1998,-,-98.09711456,36.83778381,-76.15825653,8.23529434,58.16034317,57.78752136,24.54910469
Sun Nov 19 02:01:42 EST 2017,01:41.9,-76.15780296,36.83751838,25.5,6,-31.29999924,125.9,1.07260239,8.84896946,3.14119267,-0.03823832,-,16.86274529,-0.04544325,0.10543273,0.90203559,0.19286871,32.15686417,33.33333206,-,-,64.40000153,54.13831711,14.35873604,-,1989,-,-102.6902847,36.83751678,-76.1578064,7.45098066,57.04187393,57.16614914,-
Sun Nov 19 02:01:44 EST 2017,01:43.9,-76.15733952,36.83722918,25.75,5,-31.39999962,127,0.49799395,9.11711979,3.21780705,-0.0264283,-,21.56862831,-0.01280012,0.05076391,0.92936999,0.22801295,32.15686417,33.33333206,-,-,64.40000153,54.14319611,14.35873604,-,2074,-,-103.0183716,36.83723068,-76.157341,9.4117651,57.60110855,57.78752136,23.88919449
Sun Nov 19 02:01:46 EST 2017,01:45.9,-76.15687815,36.83694542,26,6,-33.59999847,126.3,0.72783732,9.76834297,3.52426481,0.08017486,-,18.8235302,0.06153736,0.0741934,0.99575359,0.25925228,32.15686417,33.33333206,-,-,64.40000153,54.14889145,14.35873604,-,2025,-,-110.2362137,36.83694458,-76.15687561,7.84313726,58.16034317,58.40889359,27.19119644
Sun Nov 19 02:01:48 EST 2017,01:48.0,-76.15639061,36.83667217,26.25,7,-33.09999847,124.4,0.45968673,9.11711979,3.21780705,0.00566953,-,18.8235302,-0.01688138,0.05466883,0.91765523,0.24753754,32.15686417,33.33333206,-,-,64.40000153,54.15457153,14.35873604,-,2026,-,-108.5957947,36.83667374,-76.15638733,7.84313726,58.71957779,58.40889359,27.19119644
Sun Nov 19 02:01:50 EST 2017,01:50.1,-76.15589672,36.83643041,26,5,-33.5,121.5,0.57460839,9.34696388,2.41335535,0.00760709,-,26.66666794,-0.01387489,0.05857374,0.95279956,0.14600971,37.64706039,33.33333206,-,-,64.40000153,54.15940857,14.35873604,-,2013,-,-109.9081345,36.8364296,-76.15589905,18.8235302,58.16034317,57.78752136,-
Sun Nov 19 02:01:53 EST 2017,01:52.3,-76.15514181,36.83608935,26,4,-35.40000153,118,0.8810662,9.23204136,2.37504816,-0.00513035,-,26.66666794,-0.03487169,0.07028849,0.93327487,0.13429496,39.2156868,33.33333206,-,-,66.19999695,54.16505814,14.35873604,-,2022,-,-116.1417389,36.83609009,-76.15514374,17.25490189,58.16034317,58.40889359,24.98306274
Sun Nov 19 02:01:55 EST 2017,01:54.5,-76.1546212,36.83588614,26,4,-34.40000153,115.4,0.61291564,8.96389103,3.29442143,-0.02790305,-,18.03921509,-0.02415651,0.06247865,0.91375035,0.23582277,19.2156868,33.33333206,-,-,66.19999695,54.17069626,14.35873604,-,2006,-,-112.8609009,36.83588791,-76.15462494,14.90196133,58.16034317,58.40889359,24.98306274
Sun Nov 19 02:01:57 EST 2017,01:56.7,-76.15409623,36.83571101,26,3,-32.40000153,112.9,0.65122288,8.54251194,3.48595762,-0.03815079,-,20,-0.04453253,0.06638357,0.88251102,0.25925228,14.11764717,33.33333206,-,-,66.19999695,54.17549133,14.35873604,-,2009,-,-106.2992172,36.83571243,-76.15409851,17.64705849,58.16034317,57.78752136,-
Sun Nov 19 02:01:59 EST 2017,01:58.7,-76.15355011,36.83554511,25.75,4,-32,110.5,0.72783732,8.73404789,2.79642749,-0.04321837,-,25.88235283,-0.06054078,0.03514424,0.89032084,0.19677362,14.11764717,33.33333206,-,-,66.19999695,54.18027496,14.35873604,-,2003,-,-104.9868774,36.83554459,-76.15354919,17.25490189,57.60110855,57.78752136,-
Sun Nov 19 02:02:01 EST 2017,02:00.9,-76.15300161,36.83539483,26,4,-32.90000153,107.9,0.61291564,9.0788126,2.87304211,-0.00829184,-,20,-0.02695948,0.06247865,0.92546505,0.19286871,30.58823586,33.33333206,-,-,66.19999695,54.18504333,14.35873604,-,2049,-,-107.9396362,36.83539581,-76.15299988,7.45098066,58.16034317,57.78752136,-
Sun Nov 19 02:02:03 EST 2017,02:03.0,-76.15243401,36.83525927,26,4,-34.79999924,104.9,0.34476504,8.96389103,3.02627087,-0.01594049,-,18.4313736,-0.03208516,0.03514424,0.91375035,0.21629821,32.15686417,33.33333206,-,-,66.19999695,54.18980408,14.35873604,-,2015,-,-114.1732254,36.83525848,-76.1524353,7.45098066,58.16034317,57.78752136,-
Sun Nov 19 02:02:06 EST 2017,02:05.2,-76.15157406,36.83511015,26.25,4,-34.70000076,101.7,0.61291564,9.11711979,3.37103605,-0.00233339,-,17.25490189,-0.00682874,0.06247865,0.92936999,0.24363261,14.11764717,33.33333206,-,-,66.19999695,54.19536972,14.35873604,-,2013,-,-113.8451462,36.83510971,-76.15157318,12.94117641,58.71957779,58.40889359,24.92326927
Sun Nov 19 02:02:08 EST 2017,02:07.2,-76.1510039,36.83503655,25.75,4,-34.5,99.1,0.45968673,9.19373417,2.79642749,-0.02212645,-,25.09803963,-0.02121353,0.04685899,0.9371798,0.17724904,14.11764717,33.33333206,-,-,66.19999695,54.19928741,14.35873604,-,1984,-,-113.1889801,36.83503723,-76.15100098,13.72549057,57.60110855,57.16614914,24.92326927
Sun Nov 19 02:02:10 EST 2017,02:09.4,-76.15043615,36.83498416,26,3,-34,96.6,1.03429508,9.19373417,3.06457806,-0.00052032,-,21.17647171,-0.00617605,0.10543273,0.9371798,0.21239327,30.98039246,33.33333206,-,-,66.19999695,54.2040062,14.35873604,-,2018,-,-111.5485535,36.83498383,-76.1504364,12.54901981,58.16034317,57.78752136,26.92773819
Sun Nov 19 02:02:12 EST 2017,02:11.6,-76.14986279,36.83493167,26,4,-34.40000153,96.5,0.61291564,9.15542698,3.06457806,-0.02124942,-,17.25490189,-0.02459444,0.06247865,0.92156017,0.21239327,28.62745094,33.33333206,-,-,64.40000153,54.20871353,14.35873604,-,2031,-,-112.8609009,36.83493042,-76.1498642,7.84313726,58.16034317,57.78752136,26.92773819
Sun Nov 19 02:02:14 EST 2017,02:13.6,-76.14929465,36.83488047,25.75,4,-34.20000076,96.4,0.57460839,9.23204136,2.71981311,-0.01669192,-,24.31372643,-0.01684264,0.05857374,0.94108468,0.17724904,28.62745094,33.33333206,-,-,64.40000153,54.21259689,14.35873604,-,2035,-,-112.2047272,36.83488083,-76.14929199,15.68627453,57.60110855,57.16614914,-
Sun Nov 19 02:02:16 EST 2017,02:15.6,-76.1487047,36.83483126,26.25,4,-35.29999924,96.1,0.72783732,8.92558384,2.94965649,-0.01636264,-,24.31372643,-0.03856244,0.0741934,0.90984541,0.20067854,28.62745094,33.33333206,-,-,64.40000153,54.21809769,14.35873604,-,2017,-,-115.8136444,36.83483124,-76.14870453,16.47058868,58.71957779,58.40889359,54.43458939
Sun Nov 19 02:02:18 EST 2017,02:17.8,-76.1481176,36.83478247,26.5,4,-34.79999924,96,0.91937345,9.19373417,2.79642749,0.00304651,-,23.92156982,-0.03474515,0.08981306,0.91375035,0.19677362,32.94117737,33.33333206,-,-,64.40000153,54.22439575,14.35873604,-,2048,-,-114.1732254,36.83478165,-76.14811707,15.68627453,59.27880859,59.03026199,27.17165565
Sun Nov 19 02:02:20 EST 2017,02:19.8,-76.14752583,36.83472976,26.75,3,-34.59999847,96.3,0.91937345,8.81066227,3.17949986,-0.02158988,-,24.31372643,-0.04026212,0.09371798,0.89813066,0.22410804,32.94117737,33.33333206,-,-,64.40000153,54.23149109,14.35873604,-,2081,-,-113.5170593,36.83472824,-76.1475296,15.68627453,59.83804321,59.65163422,24.54354858
Sun Nov 19 02:02:22 EST 2017,02:22.0,-76.14692428,36.83467549,27,3,-34.79999924,96.4,0.68953007,7.46990919,2.37504816,-0.00415574,-,23.92156982,0.05478877,0.05076391,1.01918304,0.1655343,32.94117737,33.33333206,-,-,64.40000153,54.23937988,14.35873604,-,2092,-,-114.1732254,36.83467484,-76.14692688,15.68627453,60.39727783,60.27300644,27.16035843
Sun Nov 19 02:02:24 EST 2017,02:24.0,-76.1463124,36.8346222,27.25,3,-34.90000153,96.2,0.76614451,9.11711979,2.83473492,-0.01794457,-,23.92156982,-0.02328126,0.07809832,0.92936999,0.1889638,32.94117737,33.33333206,-,-,64.40000153,54.2480545,14.35873604,-,2117,-,-114.5013199,36.83462143,-76.1463089,15.68627453,60.95651245,60.89437866,24.65102768
Sun Nov 19 02:02:27 EST 2017,02:26.2,-76.14538834,36.83453901,27.75,3,-35.20000076,96.2,0.68953007,9.53849983,3.02627087,-0.01238257,-,23.92156982,-0.02683403,0.08200324,0.91765523,0.21239327,32.94117737,33.33333206,-,-,64.40000153,54.25751495,14.35873604,-,2137,-,-115.4855652,36.83453751,-76.14538574,15.29411793,62.07497787,61.51574707,27.00163269
Sun Nov 19 02:02:29 EST 2017,02:28.2,-76.14476906,36.83448829,28,3,-35.79999924,96.2,0.84275901,9.42357826,2.9113493,0.01547956,-,23.92156982,0.00941617,0.08590815,0.96060938,0.19677362,32.94117737,33.33333206,-,-,64.40000153,54.26776505,14.35873604,-,2158,-,-117.4540634,36.83448792,-76.14476776,15.68627453,62.63421249,62.13711929,24.49803734
Sun Nov 19 02:02:31 EST 2017,02:30.2,-76.14413789,36.83443213,28.25,3,-35.79999924,96.2,0.99598789,9.38527107,2.98796368,-0.00213869,-,23.92156982,0.0094842,0.10152781,0.95670444,0.20458345,32.94117737,33.33333206,-,-,64.40000153,54.27879333,14.35873604,-,2167,-,-117.4540634,36.83443069,-76.14413452,15.68627453,63.19344711,62.75849152,27.49404716
Sun Nov 19 02:02:33 EST 2017,02:32.3,-76.14350912,36.83437365,28.25,3,-36.20000076,96.2,0.72783732,8.88727665,3.25611424,-0.0105829,-,23.92156982,-0.03199058,0.0741934,0.90594047,0.23191786,32.94117737,33.33333206,-,-,64.40000153,54.29059601,14.35873604,-,2183,-,-118.7664032,36.83437347,-76.14350891,15.68627453,63.19344711,63.37985992,27.31500053
Sun Nov 19 02:02:35 EST 2017,02:34.3,-76.14287304,36.83431882,28.25,3,-36.59999847,96,0.84275901,9.00219822,3.44765043,-0.0045637,-,17.64705849,-0.01326393,0.08590815,0.91765523,0.25144243,32.94117737,33.33333206,-,-,64.40000153,54.30236816,14.35873604,-,2196,-,-120.0787354,36.83432007,-76.14287567,8.23529434,63.19344711,63.37985992,27.31500053
Sun Nov 19 02:02:37 EST 2017,02:36.5,-76.14225548,36.83426413,27.75,3,-36.5,96.1,0.45968673,9.15542698,2.94965649,0.00063401,-,21.96078491,-0.05560802,0.05857374,0.89032084,0.20848836,32.94117737,33.33333206,-,-,64.40000153,54.31250381,14.35873604,-,2158,-,-119.7506561,36.83426285,-76.14225769,12.15686321,62.07497787,62.13711929,-
Sun Nov 19 02:02:39 EST 2017,02:38.5,-76.14163852,36.83420967,27.75,3,-36.5,96.2,0.80445176,9.23204136,2.98796368,0.01154017,-,17.64705849,0.07247017,0.10543273,1.01137328,0.20458345,32.94117737,33.33333206,-,-,64.40000153,54.32180786,14.35873604,-,2164,-,-119.7506561,36.83420944,-76.14163971,9.01960754,62.07497787,61.51574707,-
Sun Nov 19 02:02:41 EST 2017,02:40.5,-76.14102786,36.83415539,27.25,4,-36.70000076,96.4,0.45968673,9.19373417,2.56658411,-0.00685853,-,25.49019623,-0.02552573,0.04685899,0.9371798,0.16162936,32.94117737,33.33333206,-,-,64.40000153,54.33029175,14.35873604,-,2115,-,-120.4068298,36.83415604,-76.14102936,17.25490189,60.95651245,60.89437866,-
Sun Nov 19 02:02:43 EST 2017,02:42.5,-76.14041862,36.83409449,27.25,4,-35.29999924,96.5,0.91937345,8.42759037,2.71981311,-0.07343668,-,23.92156982,-0.00640627,0.08200324,0.96451426,0.12258022,32.94117737,33.33333206,-,-,64.40000153,54.33875275,14.35873604,-,2105,-,-115.8136444,36.834095,-76.14041901,15.68627453,60.95651245,60.89437866,-
Sun Nov 19 02:02:45 EST 2017,02:44.5,-76.1398159,36.83403942,27,4,-35.29999924,96.7,1.03429508,9.0788126,2.7581203,-0.00804102,-,23.13725471,-0.03258976,0.08590815,0.91765523,0.19286871,32.94117737,33.33333206,-,-,64.40000153,54.34558868,14.35873604,-,2081,-,-115.8136444,36.83403778,-76.13981628,14.50980377,60.39727783,59.65163422,-
Sun Nov 19 02:02:47 EST 2017,02:47.0,-76.13922223,36.83398525,26.75,4,-35.79999924,96.9,0.68953007,8.35097599,2.52827692,-0.10869984,-,23.13725471,-0.14846438,0.07028849,0.80441266,0.16943921,32.94117737,33.33333206,-,-,64.40000153,54.35160828,14.35873604,-,2057,-,-117.4540634,36.83398438,-76.13922119,14.50980377,59.83804321,59.03026199,-
Sun Nov 19 02:02:50 EST 2017,02:49.7,-76.13832828,36.83391428,26.75,4,-35.29999924,96.3,0.57460839,7.73806,2.37504816,-0.06622712,-,23.13725471,-0.17252937,0.05857374,0.78879303,0.1421048,32.94117737,33.33333206,-,-,64.40000153,54.35160828,14.35873604,-,2078,-,-115.8136444,36.83391571,-76.13832855,14.50980377,59.83804321,59.65163422,-
Sun Nov 19 02:02:52 EST 2017,02:51.9,-76.1377227,36.83386857,27,4,-35.20000076,95.9,0.5363012,10.07480049,3.06457806,0.09384543,-,24.31372643,0.00570583,0.08200324,0.96060938,0.18505886,33.33333206,32.94117737,-,-,64.40000153,54.35921478,14.35873604,-,2094,-,-115.4855652,36.83386993,-76.13772583,16.47058868,60.39727783,60.27300644,37.2725563
Sun Nov 19 02:02:54 EST 2017,02:54.1,-76.13712261,36.8338199,27.25,4,-34.79999924,96,0.15322891,9.53849983,2.45166254,0.00610945,-,23.13725471,0.00439251,0.01561966,0.97232407,0.14991464,31.37254906,32.94117737,-,-,64.40000153,54.36759186,14.35873604,-,2084,-,-114.1732254,36.83382034,-76.13712311,14.90196133,60.95651245,60.89437866,24.87179756
Sun Nov 19 02:02:56 EST 2017,02:56.1,-76.1365141,36.83377061,27.5,3,-35.5,96,1.07260239,7.54652357,3.29442143,-0.13453346,-,16.47058868,-0.13467966,0.07809832,0.79660285,0.22801295,31.37254906,32.94117737,-,-,64.40000153,54.37594604,14.35873604,-,2100,-,-116.4698181,36.83377075,-76.13651276,7.05882359,61.51574707,60.89437866,24.87179756
Sun Nov 19 02:02:59 EST 2017,02:58.3,-76.13562657,36.83369808,26.5,3,-35.90000153,96.3,0.91937345,9.23204136,3.25611424,0.02129382,-,16.47058868,0.00263624,0.09371798,0.94108468,0.23191786,14.11764717,32.94117737,-,-,64.40000153,54.38189697,14.35873604,-,2049,-,-117.7821579,36.83369827,-76.13562775,7.05882359,59.27880859,59.03026199,-
Sun Nov 19 02:03:01 EST 2017,03:00.3,-76.13504948,36.83364914,26,3,-37.09999847,96.4,0.72783732,8.38928318,3.60087943,-0.04742283,-,16.47058868,-0.0714374,0.0976229,0.85517663,0.24753754,14.11764717,32.94117737,-,-,64.40000153,54.38624954,14.35873604,-,2002,-,-121.7191544,36.83364868,-76.13504791,7.05882359,58.16034317,57.78752136,-
Sun Nov 19 02:03:03 EST 2017,03:02.4,-76.13448116,36.83360399,25.5,3,-38.20000076,96.2,0.57460839,9.04050541,3.37103605,0.0042854,-,17.64705849,0.0073657,0.07028849,0.94108468,0.25144243,25.49019623,32.94117737,-,-,64.40000153,54.38979721,14.35873604,-,1969,-,-125.3280869,36.83360291,-76.13448334,8.62745094,57.04187393,57.16614914,-
Sun Nov 19 02:03:05 EST 2017,03:04.5,-76.13392192,36.83355,25.5,3,-39,96.2,0.72783732,9.61511421,3.10288548,0.05157524,-,17.64705849,0.03292803,0.0741934,0.98013395,0.21629821,25.49019623,32.94117737,-,-,64.40000153,54.39253998,14.35873604,-,1960,-,-127.9527588,36.8335495,-76.13391876,8.23529434,57.04187393,56.54477692,-
Sun Nov 19 02:03:07 EST 2017,03:06.6,-76.13336461,36.83350148,25.25,3,-38.40000153,96.2,0.61291564,9.30865574,3.29442143,0.00200342,-,17.64705849,-0.0076434,0.0741934,0.93327487,0.22801295,26.66666794,32.94117737,-,-,64.40000153,54.39527512,14.35873604,-,1955,-,-125.9842606,36.83349991,-76.13336182,8.23529434,56.48263931,56.54477692,-
Sun Nov 19 02:03:09 EST 2017,03:08.8,-76.13280182,36.8334551,25,3,-38.40000153,96,0.72783732,8.6957407,3.21780705,-0.03551589,-,18.4313736,-0.08182344,0.07809832,0.85517663,0.22410804,27.05882454,32.94117737,-,-,64.40000153,54.39722061,14.35873604,-,1933,-,-125.9842606,36.83345413,-76.13280487,9.4117651,55.92340851,55.92340851,-
Sun Nov 19 02:03:11 EST 2017,03:11.0,-76.13224914,36.83340917,24.75,3,-38.5,96,0.72783732,9.15542698,2.94965649,0.00231797,-,20.7843132,-0.0475316,0.06638357,0.89422578,0.22020312,30.19607925,32.94117737,-,-,64.40000153,54.39836502,14.35873604,-,1913,-,-126.3123398,36.83340836,-76.13224792,11.76470566,55.36417389,55.30203629,-
Sun Nov 19 02:03:13 EST 2017,03:13.1,-76.13170045,36.83335688,24.5,4,-38.59999847,96,0.84275901,9.50019264,2.71981311,-0.02688017,-,23.52941132,-0.08693124,0.11714748,0.85517663,0.19677362,32.94117737,32.94117737,-,-,64.40000153,54.39872742,14.35873604,-,1917,-,-126.6404114,36.83335876,-76.13169861,15.29411793,54.80493546,54.68066406,-
Sun Nov 19 02:03:16 EST 2017,03:15.3,-76.13087354,36.83327816,25,3,-38.70000076,96.8,0.5363012,9.19373417,2.9113493,0.00460846,-,23.13725471,-0.01509816,0.05466883,0.9371798,0.19677362,32.54901886,32.94117737,-,-,64.40000153,54.39986801,14.35873604,-,1940,-,-126.9685059,36.83327866,-76.13087463,14.50980377,55.92340851,55.30203629,25.36353302
Sun Nov 19 02:03:18 EST 2017,03:17.5,-76.13031338,36.8332291,25,4,-38.40000153,96.3,1.11090958,9.19373417,2.7581203,0.00397581,-,22.74509811,-0.01468769,0.07809832,0.9371798,0.19286871,32.54901886,32.94117737,-,-,64.40000153,54.40179443,14.35873604,-,1951,-,-125.9842606,36.83322906,-76.13031006,14.50980377,55.92340851,55.92340851,24.67724037
Sun Nov 19 02:03:20 EST 2017,03:19.5,-76.12974872,36.83317605,25.25,4,-38.20000076,96.9,0.9576807,8.81066227,2.98796368,-0.02761656,-,23.13725471,-0.05257532,0.11324256,0.90203559,0.1655343,32.54901886,32.94117737,-,-,64.40000153,54.40371323,14.35873604,-,1964,-,-125.3280869,36.83317566,-76.12974548,14.50980377,56.48263931,55.92340851,24.67724037
Sun Nov 19 02:03:22 EST 2017,03:21.6,-76.12918691,36.83311422,25.5,4,-36.40000153,98.5,0.19153613,8.77235508,3.17949986,-0.006009,-,20.7843132,-0.04832494,0.01952458,0.89422578,0.22410804,29.80392265,32.94117737,-,-,64.40000153,54.40641785,14.35873604,-,1990,-,-119.4225769,36.83311462,-76.12918854,12.15686321,57.04187393,56.54477692,27.40274239
Sun Nov 19 02:03:24 EST 2017,03:23.8,-76.12862259,36.83305402,25.5,3,-36.29999924,97.1,0.99598789,9.0788126,3.06457806,0.00103003,-,17.25490189,-0.01763443,0.10152781,0.92546505,0.21239327,29.80392265,32.94117737,-,-,64.40000153,54.40989304,14.35873604,-,1969,-,-119.0944824,36.83305359,-76.12862396,7.84313726,57.04187393,57.16614914,25.01786613
Sun Nov 19 02:03:26 EST 2017,03:26.0,-76.12806659,36.83300735,25,3,-35.90000153,96.3,0.65122288,8.77235508,3.06457806,-0.01766494,-,19.2156868,-0.05013043,0.06638357,0.89422578,0.21239327,27.84313774,32.94117737,-,-,64.40000153,54.41101456,14.35873604,-,1932,-,-117.7821579,36.83300781,-76.12806702,9.8039217,55.92340851,55.30203629,25.01786613
Sun Nov 19 02:03:28 EST 2017,03:28.0,-76.12750901,36.83296176,24.75,3,-36.20000076,96,0.5363012,9.30865574,3.14119267,0.02195543,-,20,-0.05480857,0.07028849,0.89032084,0.20848836,27.84313774,32.94117737,-,-,64.40000153,54.41135025,14.35873604,-,1908,-,-118.7664032,36.83296204,-76.12751007,10.98039246,55.36417389,54.68066406,-
Sun Nov 19 02:03:31 EST 2017,03:30.2,-76.12668805,36.83289428,24.5,4,-35.90000153,95.9,0.76614451,9.23204136,3.02627087,-0.00907163,-,20,-0.00622979,0.07809832,0.94108468,0.20848836,30.19607925,32.94117737,-,-,64.40000153,54.41168976,14.35873604,-,1902,-,-117.7821579,36.83289337,-76.1266861,11.37254906,54.80493546,54.68066406,-
Sun Nov 19 02:03:33 EST 2017,03:32.2,-76.12614994,36.83284591,24.5,4,-35.70000076,96.3,0.65122288,8.81066227,2.56658411,-0.03094259,-,22.35294151,-0.06186545,0.06638357,0.89813066,0.16162936,30.19607925,32.94117737,-,-,64.40000153,54.41202927,14.35873604,-,1908,-,-117.1259842,36.8328476,-76.12615204,13.72549057,54.80493546,54.68066406,-
Sun Nov 19 02:03:35 EST 2017,03:34.2,-76.12559519,36.83279013,24.75,4,-35.59999847,96.8,0.45968673,8.84896946,2.9113493,-0.01269493,-,22.74509811,-0.02440673,0.06247865,0.92936999,0.1889638,30.19607925,32.94117737,-,-,64.40000153,54.41236115,14.35873604,-,1906,-,-116.7978973,36.83279037,-76.12559509,14.11764717,55.36417389,54.68066406,-
Sun Nov 19 02:03:37 EST 2017,03:36.4,-76.12503922,36.83273668,25,4,-35.20000076,96.4,0.65122288,9.23204136,3.06457806,0.01279914,-,22.74509811,-0.00586135,0.06638357,0.94108468,0.21239327,32.15686417,32.94117737,-,-,64.40000153,54.41347504,14.35873604,-,1923,-,-115.4855652,36.83273697,-76.12503815,14.11764717,55.92340851,55.30203629,27.02914619
Sun Nov 19 02:03:39 EST 2017,03:38.4,-76.12448288,36.83269644,25,4,-35.40000153,96.2,0.72783732,9.27034855,2.83473492,0.00996423,-,21.96078491,-0.02783019,0.08200324,0.92546505,0.18505886,32.15686417,32.94117737,-,-,64.40000153,54.41536331,14.35873604,-,1943,-,-116.1417389,36.83269501,-76.1244812,12.94117641,55.92340851,55.92340851,24.55460167
Sun Nov 19 02:03:41 EST 2017,03:40.4,-76.12391983,36.83264628,25.25,4,-36,96,0.5363012,8.96389103,2.64319873,-0.01331517,-,21.17647171,-0.08629642,0.08981306,0.86689138,0.17334414,32.15686417,32.94117737,-,-,64.40000153,54.41801834,14.35873604,-,1956,-,-118.1102371,36.83264542,-76.12391663,12.94117641,56.48263931,56.54477692,27.17028046
Sun Nov 19 02:03:43 EST 2017,03:42.6,-76.12335926,36.83259787,25.25,4,-35.79999924,96.2,0.72783732,8.77235508,3.06457806,-0.03087687,-,20.7843132,-0.0495523,0.0741934,0.89422578,0.21239327,29.80392265,32.94117737,-,-,64.40000153,54.42066193,14.35873604,-,1954,-,-117.4540634,36.83259964,-76.12335968,12.15686321,56.48263931,56.54477692,27.17028046
Sun Nov 19 02:03:45 EST 2017,03:44.6,-76.12279645,36.83254495,25.25,4,-36.5,96.4,0.34476504,8.92558384,2.87304211,0.00521812,-,20.7843132,-0.00921303,0.07028849,0.94108468,0.20067854,29.80392265,32.94117737,-,-,64.40000153,54.42253494,14.35873604,-,1951,-,-119.7506561,36.83254623,-76.1227951,11.76470566,56.48263931,55.92340851,-
Sun Nov 19 02:03:47 EST 2017,03:46.8,-76.12222899,36.83249816,25.25,4,-36.79999924,96.1,0.49799395,9.00219822,2.94965649,-0.0275974,-,20.3921566,-0.03267652,0.05076391,0.91765523,0.20067854,29.01960754,32.94117737,-,-,64.40000153,54.42439651,14.35873604,-,1942,-,-120.7349091,36.83249664,-76.12223053,11.76470566,56.48263931,55.92340851,-
Sun Nov 19 02:03:49 EST 2017,03:49.0,-76.12167118,36.83245306,25,5,-36.70000076,96,1.07260239,9.04050541,3.06457806,-0.00180781,-,21.56862831,-0.00118331,0.09371798,0.94498962,0.20848836,30.98039246,32.94117737,-,-,64.40000153,54.42625427,14.35873604,-,1941,-,-120.4068298,36.83245468,-76.12167358,12.94117641,55.92340851,55.92340851,-
Sun Nov 19 02:03:51 EST 2017,03:51.2,-76.12112223,36.83241723,25,4,-37.20000076,96.4,0.72783732,9.11711979,3.14119267,-0.00124696,-,21.17647171,-0.01388268,0.0741934,0.92936999,0.22020312,30.19607925,32.94117737,-,-,64.40000153,54.42811584,14.35873604,-,1946,-,-122.0472488,36.83241653,-76.12112427,12.94117641,55.92340851,55.92340851,-
Sun Nov 19 02:03:54 EST 2017,03:53.4,-76.12026961,36.8323372,25,4,-37.40000153,96.1,0.65122288,9.27034855,3.02627087,-0.01830379,-,21.17647171,-0.0325661,0.07028849,0.90984541,0.22020312,30.19607925,32.94117737,-,-,64.40000153,54.42996216,14.35873604,-,1944,-,-122.7034149,36.83233643,-76.12026978,12.15686321,55.92340851,55.92340851,-
Sun Nov 19 02:03:56 EST 2017,03:55.6,-76.11971385,36.83228277,25.25,4,-38.40000153,96.3,0.42137951,9.15542698,3.06457806,0.00410742,-,21.56862831,-0.01455607,0.04295408,0.93327487,0.21239327,30.19607925,32.94117737,-,-,64.40000153,54.43180847,14.35873604,-,1939,-,-125.9842606,36.83228302,-76.11971283,12.54901981,56.48263931,55.92340851,-
Sun Nov 19 02:03:58 EST 2017,03:57.6,-76.11915526,36.83223886,25,3,-38.5,94.5,0.42137951,8.96389103,2.94965649,-0.01809174,-,21.17647171,-0.07004993,0.03904916,0.8747012,0.21239327,30.19607925,32.94117737,-,-,64.40000153,54.43365097,14.35873604,-,1936,-,-126.3123398,36.83223724,-76.11915588,12.54901981,55.92340851,55.92340851,-
Sun Nov 19 02:04:00 EST 2017,03:59.8,-76.11858234,36.83221443,25,3,-38.09999847,91.4,0.38307226,9.19373417,2.7581203,-0.0017767,-,21.17647171,-0.02044215,0.03904916,0.9371798,0.18115395,30.19607925,32.94117737,-,-,64.40000153,54.4347229,14.35873604,-,1929,-,-124.9999924,36.83221436,-76.11858368,12.54901981,55.92340851,55.30203629,-
Sun Nov 19 02:04:02 EST 2017,04:01.9,-76.11801924,36.83221555,25,3,-38,88.6,0.2681506,9.38527107,2.9113493,0.02105051,-,21.56862831,0.02294537,0.01561966,0.97232407,0.21629821,30.19607925,32.94117737,-,-,64.40000153,54.43579102,14.35873604,-,1926,-,-124.6719132,36.83221436,-76.1180191,12.54901981,55.92340851,55.30203629,-
Sun Nov 19 02:04:04 EST 2017,04:04.1,-76.11745459,36.83224746,25,3,-37.79999924,85.6,0.38307226,8.31266785,3.02627087,-0.00938472,-,21.17647171,-0.09707309,0.03904916,0.84736669,0.20848836,30.19607925,32.94117737,-,-,64.40000153,54.43685532,14.35873604,-,1928,-,-124.0157471,36.83224869,-76.11745453,12.54901981,55.92340851,55.30203629,-
Sun Nov 19 02:04:07 EST 2017,04:06.3,-76.11662248,36.83233381,25,4,-36.90000153,80.7,0.34476504,8.96389103,3.06457806,-0.01468521,-,21.17647171,0.00518984,0.04295408,0.95279956,0.21629821,30.19607925,32.94117737,-,-,64.40000153,54.43791962,14.35873604,-,1925,-,-121.0629959,36.83233261,-76.11662292,12.54901981,55.92340851,55.30203629,-
Sun Nov 19 02:04:09 EST 2017,04:08.5,-76.11607489,36.8324258,25,3,-36.59999847,76.9,0.2681506,9.04050541,3.14119267,-0.00187378,-,21.17647171,-0.0114949,0.05076391,0.92936999,0.23191786,30.19607925,32.94117737,-,-,64.40000153,54.4389801,14.35873604,-,1927,-,-120.0787354,36.83242416,-76.11607361,12.54901981,55.92340851,55.30203629,-
Sun Nov 19 02:04:11 EST 2017,04:10.7,-76.11553832,36.83254605,25,4,-36,74,0.30645782,9.61511421,3.06457806,0.04818803,-,20.7843132,0.0295396,0.03123933,0.98013395,0.21239327,30.19607925,32.94117737,-,-,64.40000153,54.44003677,14.35873604,-,1924,-,-118.1102371,36.83254623,-76.11553955,12.15686321,55.92340851,55.30203629,-
Sun Nov 19 02:04:13 EST 2017,04:12.9,-76.1150125,36.83269214,25,3,-36.5,70.7,0.57460839,9.23204136,3.02627087,0.00228077,-,22.35294151,-0.01487355,0.05857374,0.9371798,0.19677362,31.76470566,32.94117737,-,-,64.40000153,54.44108963,14.35873604,-,1925,-,-119.7506561,36.83269119,-76.11501312,12.15686321,55.92340851,55.30203629,-
Sun Nov 19 02:04:15 EST 2017,04:14.9,-76.11448829,36.83284623,25,4,-36.20000076,69,0.57460839,9.23204136,3.06457806,-0.01106116,-,19.6078434,-0.00635263,0.05857374,0.94108468,0.21239327,31.76470566,32.94117737,-,-,64.40000153,54.44290543,14.35873604,-,1940,-,-118.7664032,36.8328476,-76.11448669,8.62745094,55.92340851,55.92340851,24.53706169
Sun Nov 19 02:04:17 EST 2017,04:17.1,-76.11396797,36.83300411,24.75,4,-36.5,68.8,0.68953007,9.00219822,2.83473492,-0.00915659,-,23.52941132,-0.01409939,0.04685899,0.94108468,0.1889638,32.15686417,32.94117737,-,-,64.40000153,54.44395447,14.35873604,-,1937,-,-119.7506561,36.833004,-76.1139679,15.29411793,55.36417389,55.30203629,24.53706169
Sun Nov 19 02:04:20 EST 2017,04:19.1,-76.11318667,36.83324897,25,3,-36.40000153,68.5,0.76614451,8.6957407,2.56658411,-0.05348587,-,23.92156982,-0.0495523,0.06638357,0.90984541,0.1655343,32.15686417,32.94117737,-,-,64.40000153,54.445755,14.35873604,-,1932,-,-119.4225769,36.83324814,-76.1131897,14.11764717,55.92340851,55.92340851,24.80665207
Sun Nov 19 02:04:21 EST 2017,04:21.1,-76.11292188,36.83333162,25.25,3,-36.09999847,68.4,0.76614451,9.38527107,2.71981311,0.01812452,-,24.70588303,-0.00053414,0.07809832,0.95670444,0.17724904,32.15686417,32.94117737,-,-,64.40000153,54.44831467,14.35873604,-,1986,-,-118.4383164,36.83333206,-76.11292267,16.47058868,56.48263931,56.54477692,26.68004799
Sun Nov 19 02:04:23 EST 2017,04:23.1,-76.11239084,36.83349855,25.75,3,-36.20000076,68.2,0.68953007,8.96389103,2.48996973,-0.00698636,-,26.66666794,-0.04872586,0.07028849,0.91375035,0.15381955,32.15686417,32.94117737,-,-,64.40000153,54.45161819,14.35873604,-,2012,-,-118.7664032,36.83349991,-76.11238861,18.8235302,57.60110855,57.16614914,26.58522415
Sun Nov 19 02:04:26 EST 2017,04:25.3,-76.11158161,36.83376324,26.25,4,-35.79999924,67.9,1.45567465,10.22802925,3.79241538,0.14083272,-,23.13725471,0.12221607,0.14838681,1.04261255,0.28658667,32.94117737,32.94117737,-,-,64.40000153,54.45642471,14.35873604,-,2075,-,-117.4540634,36.83376312,-76.1115799,14.90196133,58.71957779,58.40889359,53.07178879
Sun Nov 19 02:04:28 EST 2017,04:27.5,-76.11103881,36.83393542,26,4,-34.90000153,68.3,0.38307226,9.00219822,2.56658411,-0.0400803,-,21.96078491,-0.06735469,0.04295408,0.89032084,0.17334414,31.37254906,32.94117737,-,-,64.40000153,54.46046829,14.35873604,-,2020,-,-114.5013199,36.83393478,-76.11103821,13.72549057,58.16034317,57.78752136,53.07178879
Sun Nov 19 02:04:30 EST 2017,04:29.5,-76.11049827,36.83410954,26,3,-35.09999847,67.8,0.8810662,8.92558384,3.56257224,0.00551158,-,16.47058868,-0.01155665,0.0976229,0.91375035,0.26315722,31.37254906,32.94117737,-,-,64.40000153,54.46450424,14.35873604,-,1988,-,-115.1574783,36.83411026,-76.11049652,7.45098066,58.16034317,57.78752136,-
Sun Nov 19 02:04:32 EST 2017,04:31.5,-76.1099635,36.83428462,25.5,3,-35.70000076,67.7,0.61291564,9.0788126,2.83473492,-0.00946039,-,21.96078491,-0.02812845,0.06247865,0.92546505,0.1889638,31.37254906,32.94117737,-,-,64.40000153,54.46702194,14.35873604,-,1960,-,-117.1259842,36.83428574,-76.10996246,11.76470566,57.04187393,56.54477692,-
Sun Nov 19 02:04:34 EST 2017,04:33.6,-76.10943909,36.83445059,25.25,4,-36.59999847,68.1,0.76614451,9.30865574,2.71981311,0.01064873,-,20.7843132,-0.0080125,0.07809832,0.9488945,0.17724904,31.37254906,32.94117737,-,-,64.40000153,54.46878433,14.35873604,-,1979,-,-120.0787354,36.83444977,-76.10943604,12.54901981,56.48263931,55.92340851,-
Sun Nov 19 02:04:36 EST 2017,04:35.6,-76.10891333,36.83462231,25.5,4,-37.09999847,68.1,0.42137951,9.15542698,3.02627087,0.00287604,-,21.17647171,-0.04379021,0.05076391,0.90594047,0.20067854,31.37254906,32.94117737,-,-,64.40000153,54.47128677,14.35873604,-,1967,-,-121.7191544,36.83462143,-76.10890961,12.54901981,57.04187393,56.54477692,26.92438126
Sun Nov 19 02:04:38 EST 2017,04:37.6,-76.10838402,36.83478798,25.5,4,-37.20000076,68,0.5363012,9.0788126,2.94965649,-0.00638121,-,21.96078491,-0.0250482,0.05466883,0.92546505,0.20067854,31.37254906,32.94117737,-,-,64.40000153,54.47378922,14.35873604,-,1964,-,-122.0472488,36.83478928,-76.10838318,13.33333397,57.04187393,56.54477692,26.92438126
Sun Nov 19 02:04:40 EST 2017,04:39.6,-76.10785982,36.8349605,25.5,3,-37.70000076,68,0.5363012,9.38527107,2.94965649,0.02333051,-,21.56862831,0.00467358,0.05466883,0.95670444,0.20067854,31.37254906,32.94117737,-,-,64.40000153,54.47628403,14.35873604,-,1969,-,-123.6876679,36.83496094,-76.10785675,12.94117641,57.04187393,56.54477692,-
Sun Nov 19 02:04:42 EST 2017,04:41.7,-76.10733108,36.83513402,25.5,3,-37.09999847,67.8,0.80445176,9.00219822,3.06457806,-0.00523226,-,21.96078491,-0.01619876,0.05857374,0.93327487,0.20458345,30.98039246,32.94117737,-,-,64.40000153,54.47877502,14.35873604,-,1971,-,-121.7191544,36.8351326,-76.10733032,12.94117641,57.04187393,56.54477692,-
Sun Nov 19 02:04:44 EST 2017,04:43.8,-76.10679882,36.83530515,25.75,4,-37.09999847,68,0.68953007,9.30865574,2.94965649,0.01794863,-,21.96078491,-0.00178693,0.07028849,0.9488945,0.20067854,30.98039246,32.94117737,-,-,64.40000153,54.48200607,14.35873604,-,1980,-,-121.7191544,36.83530426,-76.10679626,13.33333397,57.60110855,57.16614914,26.56661224
Sun Nov 19 02:04:46 EST 2017,04:45.9,-76.10626903,36.83547706,25.75,4,-37.40000153,68,0.76614451,8.77235508,3.48595762,-0.04689993,-,20,-0.09205097,0.06638357,0.85517663,0.19677362,30.98039246,32.94117737,-,-,64.40000153,54.48522568,14.35873604,-,1988,-,-122.7034149,36.83547592,-76.10626984,13.72549057,57.60110855,57.16614914,26.56661224
Sun Nov 19 02:04:49 EST 2017,04:48.2,-76.10546944,36.83573706,25.5,3,-37.79999924,68.2,0.45968673,9.42357826,2.79642749,0.02686472,-,20,-0.03930071,0.0741934,0.89813066,0.23191786,30.98039246,32.94117737,-,-,64.40000153,54.48844528,14.35873604,-,1976,-,-124.0157471,36.83573532,-76.10546875,13.72549057,57.04187393,57.16614914,-
Sun Nov 19 02:04:51 EST 2017,04:50.4,-76.10493889,36.83590524,25.5,4,-37.70000076,67.9,1.07260239,9.34696388,2.7581203,0.01841444,-,20,-0.00024411,0.10933765,0.95279956,0.18115395,30.98039246,32.94117737,-,-,64.40000153,54.49090576,14.35873604,-,1975,-,-123.6876679,36.83590698,-76.10494232,13.72549057,57.04187393,56.54477692,-
Sun Nov 19 02:04:53 EST 2017,04:52.4,-76.10441996,36.83607603,25,4,-37.90000153,68,0.8810662,8.92558384,2.87304211,-0.02097023,-,21.56862831,-0.00205447,0.06638357,0.9488945,0.20067854,31.37254906,32.94117737,-,-,64.40000153,54.49261475,14.35873604,-,1928,-,-124.3438339,36.83607483,-76.10442352,10.98039246,55.92340851,55.92340851,-
Sun Nov 19 02:04:55 EST 2017,04:54.6,-76.10390113,36.83624659,24.75,4,-37.90000153,68,0.65122288,8.96389103,2.87304211,-0.03465402,-,23.52941132,-0.06676589,0.05857374,0.88251102,0.19677362,32.15686417,32.94117737,-,-,64.40000153,54.49358368,14.35873604,-,1940,-,-124.3438339,36.83624649,-76.10390472,16.07843208,55.36417389,55.30203629,-
Sun Nov 19 02:04:57 EST 2017,04:56.6,-76.1033762,36.83641317,25.25,4,-38.20000076,68.3,0.38307226,9.04050541,2.98796368,0.00582875,-,22.74509811,-0.02829332,0.03904916,0.92156017,0.20458345,32.15686417,32.94117737,-,-,64.40000153,54.49528885,14.35873604,-,1959,-,-125.3280869,36.83641434,-76.1033783,14.50980377,56.48263931,55.92340851,24.92935181
Sun Nov 19 02:04:59 EST 2017,04:58.8,-76.102849,36.83658613,25.5,3,-38.09999847,67.9,0.80445176,9.50019264,2.56658411,0.00477936,-,23.13725471,0.00682794,0.08200324,0.96841919,0.16162936,32.54901886,32.94117737,-,-,64.40000153,54.49773788,14.35873604,-,1979,-,-124.9999924,36.836586,-76.10285187,14.50980377,57.04187393,56.54477692,26.85450363
Sun Nov 19 02:05:01 EST 2017,05:00.9,-76.10231847,36.83675967,25.5,3,-38.40000153,68.1,0.57460839,9.19373417,2.79642749,0.0003233,-,23.13725471,0.04054464,0.05857374,0.98794377,0.22020312,32.54901886,32.94117737,-,-,64.40000153,54.50091171,14.35873604,-,2000,-,-125.9842606,36.83676147,-76.10231781,14.50980377,57.04187393,57.16614914,25.58909798
Sun Nov 19 02:05:03 EST 2017,05:03.0,-76.101778,36.836933,25.75,4,-38.09999847,67.9,0.99598789,9.0788126,3.44765043,0.01414084,-,16.47058868,0.00861457,0.11714748,0.93327487,0.26315722,14.11764717,32.94117737,-,-,64.40000153,54.50407791,14.35873604,-,1994,-,-124.9999924,36.83693314,-76.10177612,6.66666698,57.60110855,57.16614914,25.58909798
Sun Nov 19 02:05:06 EST 2017,05:05.2,-76.1009908,36.83718214,24.75,4,-37.70000076,68.4,0.80445176,9.0788126,3.17949986,0.00300008,-,17.64705849,-0.01566375,0.08200324,0.92546505,0.22410804,32.15686417,32.94117737,-,-,64.40000153,54.50502777,14.35873604,-,1915,-,-123.6876679,36.83718109,-76.1009903,7.84313726,55.36417389,55.30203629,-
Sun Nov 19 02:05:08 EST 2017,05:07.3,-76.10048075,36.83735227,24.75,3,-36.90000153,68.2,0.72783732,9.04050541,3.06457806,-0.01310209,-,23.92156982,-0.03258976,0.08590815,0.91765523,0.19286871,33.33333206,32.94117737,-,-,64.40000153,54.50523758,14.35873604,-,1986,-,-121.0629959,36.83735275,-76.10047913,16.07843208,55.36417389,54.68066406,-
Sun Nov 19 02:05:10 EST 2017,05:09.4,-76.09996799,36.83751721,25,4,-36.29999924,68.8,1.57059634,9.50019264,2.14520478,0.02462775,-,26.27450943,-0.05559993,0.1444819,0.90203559,0.1381999,33.33333206,32.94117737,-,-,64.40000153,54.50617981,14.35873604,-,1963,-,-119.0944824,36.83751678,-76.09996796,18.4313736,55.92340851,55.30203629,24.68197441
Sun Nov 19 02:05:12 EST 2017,05:11.5,-76.09942623,36.83766557,25.25,4,-35.5,71.9,0.91937345,8.61912632,2.87304211,-0.02779165,-,16.86274529,-0.06882013,0.09371798,0.87860614,0.19286871,28.23529434,32.94117737,-,-,64.40000153,54.5085907,14.35873604,-,1990,-,-116.4698181,36.83766556,-76.09942627,7.45098066,56.48263931,56.54477692,54.36077881
Sun Nov 19 02:05:14 EST 2017,05:13.7,-76.09890492,36.83780514,24.75,4,-34.79999924,72.1,0.57460839,9.04050541,2.68150592,-0.01412321,-,26.66666794,-0.03664399,0.05857374,0.92156017,0.17334414,34.90196228,32.94117737,-,-,64.40000153,54.50952911,14.35873604,-,1979,-,-114.1732254,36.8378067,-76.09890747,18.4313736,55.36417389,55.30203629,54.36077881
Sun Nov 19 02:05:16 EST 2017,05:15.9,-76.09836729,36.83793799,25,4,-34.59999847,72.6,0.65122288,9.76834297,3.25611424,0.07071358,-,22.74509811,0.05999101,0.0741934,1.0035634,0.23191786,29.41176605,32.94117737,-,-,64.40000153,54.51119995,14.35873604,-,1953,-,-113.5170593,36.8379364,-76.09836578,15.68627453,55.92340851,55.92340851,24.69707489
Sun Nov 19 02:05:18 EST 2017,05:18.0,-76.09783019,36.83807215,25,4,-35,72.6,0.99598789,8.96389103,2.22181916,-0.03414041,-,26.66666794,-0.08622133,0.12495731,0.87079626,0.14600971,29.41176605,32.94117737,-,-,64.40000153,54.51213455,14.35873604,-,1927,-,-114.8293991,36.83807373,-76.09783173,18.4313736,55.92340851,55.30203629,24.69707489
Sun Nov 19 02:05:20 EST 2017,05:20.1,-76.09728472,36.83819772,25.25,4,-34.70000076,74.8,1.07260239,9.11711979,3.17949986,0.00931776,-,19.2156868,-0.00934389,0.10933765,0.92936999,0.22410804,37.25490189,32.94117737,-,-,64.40000153,54.51452637,14.35873604,-,1967,-,-113.8451462,36.83819962,-76.09728241,7.45098066,56.48263931,56.54477692,55.84643936
Sun Nov 19 02:05:22 EST 2017,05:22.1,-76.09673817,36.83830502,25,3,-34.29999924,76.9,1.30244577,8.65743351,3.14119267,-0.03285295,-,16.86274529,-0.03899899,0.11714748,0.89813066,0.22020312,37.25490189,32.94117737,-,-,64.40000153,54.51691818,14.35873604,-,1987,-,-112.5328064,36.83830643,-76.09674072,8.23529434,55.92340851,56.54477692,55.84643936
Sun Nov 19 02:05:25 EST 2017,05:24.3,-76.0959005,36.83844745,25.25,3,-33.70000076,79.1,1.22583127,8.54251194,2.64319873,-0.07062294,-,22.35294151,-0.07963245,0.12495731,0.87079626,0.16943921,37.25490189,32.94117737,-,-,64.40000153,54.51856613,14.35873604,-,1956,-,-110.5643082,36.83844757,-76.09590149,14.90196133,56.48263931,55.92340851,-
Sun Nov 19 02:05:27 EST 2017,05:26.3,-76.09534135,36.83853046,25.25,3,-34,80.1,0.91937345,8.61912632,3.06457806,-0.00441055,-,22.74509811,0.03243303,0.09371798,0.98403883,0.19677362,37.25490189,32.94117737,-,-,64.40000153,54.5202179,14.35873604,-,1954,-,-111.5485535,36.83853149,-76.09534454,16.07843208,56.48263931,55.92340851,-
Sun Nov 19 02:05:29 EST 2017,05:28.3,-76.0947754,36.8386061,25.5,3,-34.59999847,81.3,0.9576807,8.65743351,3.06457806,-0.03697066,-,18.4313736,-0.07259663,0.11324256,0.86689138,0.20848836,37.25490189,32.94117737,-,-,64.40000153,54.52259064,14.35873604,-,1951,-,-113.5170593,36.83860779,-76.09477234,9.8039217,57.04187393,56.54477692,27.09135246
Sun Nov 19 02:05:31 EST 2017,05:30.3,-76.09420987,36.83866424,25.5,3,-35.79999924,82.8,1.18752408,8.88727665,2.94965649,0.00860105,-,21.17647171,-0.03749175,0.1210524,0.90594047,0.20067854,37.25490189,32.94117737,-,-,64.40000153,54.52495575,14.35873604,-,1959,-,-117.4540634,36.83866501,-76.09420776,13.72549057,57.04187393,56.54477692,27.09135246
Sun Nov 19 02:05:33 EST 2017,05:32.3,-76.09364507,36.83871453,25.5,4,-35.79999924,84.2,0.91937345,9.15542698,3.02627087,0.00993351,-,21.17647171,0.01458035,0.10152781,0.96451426,0.19677362,37.25490189,32.94117737,-,-,64.40000153,54.52732086,14.35873604,-,1962,-,-117.4540634,36.8387146,-76.09364319,10.58823586,57.04187393,56.54477692,-
Sun Nov 19 02:05:35 EST 2017,05:34.3,-76.09307757,36.8387523,25.5,4,-35.59999847,85.3,0.99598789,9.15542698,2.68150592,-0.01934721,-,25.88235283,-0.02046552,0.09371798,0.93327487,0.18115395,37.25490189,32.94117737,-,-,64.40000153,54.52967834,14.35873604,-,2031,-,-116.7978973,36.83875275,-76.09307861,18.03921509,57.04187393,56.54477692,-
Sun Nov 19 02:05:37 EST 2017,05:36.5,-76.09250151,36.83878446,25.75,4,-34.90000153,86.3,1.11090958,9.19373417,2.56658411,-0.02053305,-,25.88235283,-0.02008394,0.11324256,0.9371798,0.16162936,36.07843018,32.94117737,-,-,64.40000153,54.5334816,14.35873604,-,2011,-,-114.5013199,36.83878326,-76.09249878,16.47058868,57.60110855,57.78752136,54.17824173
Sun Nov 19 02:05:39 EST 2017,05:38.7,-76.09192426,36.83881081,25.75,3,-33.5,87.7,0.84275901,8.88727665,2.60489154,-0.03304595,-,25.88235283,-0.02856031,0.08200324,0.92936999,0.16943921,34.50980377,32.94117737,-,-,64.40000153,54.53727341,14.35873604,-,2006,-,-109.9081345,36.83880997,-76.09192657,18.03921509,57.60110855,57.78752136,54.17824173
Sun Nov 19 02:05:41 EST 2017,05:40.7,-76.09134972,36.83882408,25.75,4,-33.29999924,88.4,0.68953007,8.27436066,2.18351197,-0.10583705,-,27.05882454,-0.12453806,0.07028849,0.84346181,0.12258022,34.50980377,32.94117737,-,-,64.40000153,54.54033279,14.35873604,-,2003,-,-109.2519684,36.83882523,-76.09134674,19.2156868,57.60110855,57.16614914,-
Sun Nov 19 02:05:43 EST 2017,05:42.7,-76.09076323,36.83881704,26.25,4,-33.40000153,90.4,1.18752408,8.1211319,3.10288548,-0.05418924,-,16.86274529,-0.10525555,0.1210524,0.82784218,0.21629821,34.50980377,32.94117737,-,-,64.40000153,54.54483032,14.35873604,-,2057,-,-109.5800552,36.8388176,-76.09076691,8.23529434,58.71957779,58.40889359,53.2698555
Sun Nov 19 02:05:45 EST 2017,05:44.8,-76.09018938,36.83880014,26.25,4,-33.79999924,91.7,0.99598789,7.92959595,3.37103605,-0.09682322,-,18.03921509,-0.17665182,0.16791138,0.75364876,0.18505886,16.07843208,32.94117737,-,-,64.40000153,54.54932022,14.35873604,-,2081,-,-110.8923874,36.83879852,-76.09018707,13.33333397,58.71957779,58.40889359,53.2698555
Sun Nov 19 02:05:47 EST 2017,05:46.8,-76.08959581,36.83878128,26.25,4,-33.29999924,92.7,1.03429508,9.92157173,3.14119267,0.08507782,-,20,0.06644202,0.10543273,1.01137328,0.22020312,16.07843208,32.94117737,-,-,64.40000153,54.55379486,14.35873604,-,2029,-,-109.2519684,36.83877945,-76.08959961,11.37254906,58.71957779,58.40889359,-
Sun Nov 19 02:05:49 EST 2017,05:49.0,-76.08900169,36.83874782,26.25,3,-34.29999924,94.1,0.45968673,8.38928318,2.83473492,-0.02436608,-,17.25490189,-0.09579799,0.04685899,0.85517663,0.1889638,30.19607925,32.94117737,-,-,64.40000153,54.55826187,14.35873604,-,2028,-,-112.5328064,36.83874893,-76.08900452,7.84313726,58.71957779,58.40889359,-
Sun Nov 19 02:05:52 EST 2017,05:51.2,-76.0881251,36.83868905,26.25,3,-34.5,96.4,1.53228903,8.92558384,3.40934324,0.0054068,-,17.25490189,-0.0132562,0.15619664,0.90984541,0.24753754,14.11764717,32.94117737,-,-,64.40000153,54.56272125,14.35873604,-,2030,-,-113.1889801,36.8386879,-76.08812714,10.1960783,58.71957779,58.40889359,-
Sun Nov 19 02:05:54 EST 2017,05:53.4,-76.08754683,36.83862854,26.25,3,-36.5,97.6,0.84275901,8.50420475,2.9113493,-0.02407552,-,23.52941132,-0.0489665,0.06638357,0.90203559,0.19286871,28.62745094,32.94117737,-,-,64.40000153,54.56716919,14.35873604,-,2028,-,-119.7506561,36.83862686,-76.0875473,14.50980377,58.71957779,58.40889359,-
Sun Nov 19 02:05:56 EST 2017,05:55.6,-76.08696613,36.8385631,26.25,3,-37.29999924,98.5,1.14921677,9.11711979,3.21780705,0.0114941,-,17.64705849,-0.0071668,0.11714748,0.92936999,0.22801295,14.90196133,32.94117737,-,-,64.40000153,54.57160187,14.35873604,-,2019,-,-122.3753281,36.83856201,-76.08696747,13.33333397,58.71957779,58.40889359,-
Sun Nov 19 02:05:58 EST 2017,05:57.8,-76.0863955,36.83848979,26,4,-37.90000153,98.8,0.72783732,9.38527107,2.48996973,-0.00818375,-,26.27450943,-0.02469618,0.06638357,0.94108468,0.14600971,36.07843018,32.94117737,-,-,64.40000153,54.57531357,14.35873604,-,1998,-,-124.3438339,36.83848953,-76.08639526,17.25490189,58.16034317,57.78752136,-
Sun Nov 19 02:06:00 EST 2017,06:00.0,-76.085815,36.83841523,26.25,3,-36.70000076,99.5,0.61291564,9.0788126,2.48996973,-0.01932776,-,26.66666794,-0.03799919,0.06247865,0.92546505,0.15381955,36.47058868,32.94117737,-,-,64.40000153,54.57972717,14.35873604,-,2019,-,-120.4068298,36.83841705,-76.08581543,17.64705849,58.71957779,58.40889359,24.94010162
Sun Nov 19 02:06:03 EST 2017,06:02.2,-76.08493745,36.83830714,26.25,4,-35.70000076,99.4,0.80445176,8.6957407,3.25611424,-0.03093308,-,17.25490189,-0.05671544,0.10152781,0.88251102,0.21629821,29.41176605,32.94117737,-,-,64.40000153,54.58485031,14.35873604,-,2048,-,-117.1259842,36.83830643,-76.08493805,7.84313726,58.71957779,59.03026199,24.81429863
Sun Nov 19 02:06:05 EST 2017,06:04.4,-76.08435915,36.83823278,26.25,3,-35.20000076,99.3,0.61291564,8.6957407,2.7581203,-0.04896766,-,23.52941132,-0.09584018,0.09371798,0.85127175,0.1889638,33.33333206,32.94117737,-,-,64.40000153,54.58924484,14.35873604,-,2061,-,-115.4855652,36.83823395,-76.08435822,15.68627453,58.71957779,58.40889359,24.81429863
Sun Nov 19 02:06:08 EST 2017,06:07.6,-76.08348349,36.83812519,26.75,3,-34.59999847,99.4,0.80445176,9.38527107,2.9113493,-0.00714485,-,23.52941132,0.02330331,0.0741934,0.98403883,0.16943921,33.33333206,32.94117737,-,-,64.40000153,54.59434128,14.35873604,-,2044,-,-113.5170593,36.83812332,-76.08348083,15.68627453,59.83804321,59.03026199,24.96545792
Sun Nov 19 02:06:10 EST 2017,06:10.0,-76.08288527,36.83804629,27,3,-34.70000076,99.2,0.84275901,8.77235508,2.71981311,-0.04084736,-,23.52941132,-0.03673903,0.07809832,0.91765523,0.18115395,33.33333206,32.94117737,-,-,64.40000153,54.59434128,14.35873604,-,2112,-,-113.8451462,36.83804703,-76.08288574,15.68627453,60.39727783,60.89437866,24.96545792
Sun Nov 19 02:06:13 EST 2017,06:12.2,-76.08197464,36.83793447,27.5,3,-35.09999847,99,0.72783732,9.23204136,2.71981311,0.00287604,-,24.31372643,-0.01578783,0.0741934,0.94108468,0.17724904,32.94117737,32.94117737,-,-,64.40000153,54.60228348,14.35873604,-,2124,-,-115.1574783,36.83793259,-76.08197784,16.07843208,61.51574707,61.51574707,45.50455856
Sun Nov 19 02:06:15 EST 2017,06:14.4,-76.08135846,36.83785347,27.75,3,-35.5,99.1,0.80445176,9.0788126,3.21780705,0.01932496,-,17.25490189,-0.00553141,0.07028849,0.9371798,0.22410804,23.52941132,32.94117737,-,-,64.40000153,54.61019897,14.35873604,-,2142,-,-116.4698181,36.83785248,-76.08135986,8.23529434,62.07497787,61.51574707,45.50455856
Sun Nov 19 02:06:17 EST 2017,06:16.4,-76.08074855,36.83777173,27.5,4,-35.90000153,99.5,0.57460839,8.77235508,2.7581203,0.00552891,-,23.13725471,-0.0604677,0.05857374,0.89422578,0.18115395,23.52941132,32.94117737,-,-,64.40000153,54.61738968,14.35873604,-,2117,-,-117.7821579,36.83777237,-76.08074951,14.11764717,61.51574707,60.89437866,-
Sun Nov 19 02:06:19 EST 2017,06:18.6,-76.08014117,36.83769588,27.75,3,-35.90000153,99.3,0.45968673,9.76834297,2.7581203,0.05474538,-,27.05882454,0.05383357,0.05857374,1.01137328,0.1889638,36.86274719,32.94117737,-,-,64.40000153,54.62527466,14.35873604,-,2142,-,-117.7821579,36.83769608,-76.08013916,19.2156868,62.07497787,61.51574707,27.78173637
Sun Nov 19 02:06:21 EST 2017,06:20.8,-76.07951977,36.83762054,28.25,4,-35.5,99,0.99598789,8.6957407,2.83473492,-0.01380546,-,21.56862831,-0.06184105,0.10152781,0.88641596,0.1889638,32.54901886,32.94117737,-,-,64.40000153,54.63455582,14.35873604,-,2172,-,-116.4698181,36.83761978,-76.07952118,11.76470566,63.19344711,62.75849152,49.7282486
Sun Nov 19 02:06:23 EST 2017,06:22.9,-76.07889905,36.83754132,28,4,-35.09999847,98.9,0.99598789,9.15542698,2.98796368,0.01757108,-,20,0.08729962,0.08981306,1.03480268,0.22020312,28.23529434,32.94117737,-,-,64.40000153,54.64382172,14.35873604,-,2175,-,-115.1574783,36.83753967,-76.07889557,10.98039246,62.63421249,62.75849152,49.7282486
Sun Nov 19 02:06:25 EST 2017,06:25.1,-76.07827739,36.83746251,28,4,-35.40000153,99,0.99598789,9.42357826,3.40934324,0.04557711,-,20.3921566,0.02692785,0.10152781,0.96060938,0.24753754,28.23529434,32.94117737,-,-,64.40000153,54.65235901,14.35873604,-,2149,-,-116.1417389,36.83746338,-76.07827759,11.37254906,62.63421249,62.13711929,-
Sun Nov 19 02:06:28 EST 2017,06:27.3,-76.07736271,36.83734005,27.5,3,-35.70000076,99.6,0.80445176,9.11711979,3.06457806,-0.00400198,-,20,-0.00617605,0.10543273,0.9371798,0.21239327,28.23529434,32.94117737,-,-,64.40000153,54.66016769,14.35873604,-,2129,-,-117.1259842,36.83734131,-76.07736206,10.98039246,61.51574707,61.51574707,-
Sun Nov 19 02:06:30 EST 2017,06:29.5,-76.07676287,36.83725652,27.25,3,-35.59999847,99.7,0.99598789,8.35097599,3.17949986,-0.06447536,-,19.6078434,-0.08316221,0.10152781,0.85127175,0.22410804,27.84313774,32.94117737,-,-,64.40000153,54.66724777,14.35873604,-,2105,-,-116.7978973,36.83725739,-76.07675934,10.98039246,60.95651245,60.89437866,-
Sun Nov 19 02:06:32 EST 2017,06:31.6,-76.07617127,36.83717594,26.75,3,-35.5,99.2,0.68953007,9.0788126,3.02627087,0.00779372,-,19.6078434,-0.01145637,0.0741934,0.93327487,0.21629821,27.84313774,32.94117737,-,-,64.40000153,54.67290497,14.35873604,-,2082,-,-116.4698181,36.83717728,-76.07617188,10.98039246,59.83804321,59.65163422,-
Sun Nov 19 02:06:34 EST 2017,06:33.7,-76.07558206,36.83709678,26.5,4,-35.5,99,0.8810662,8.61912632,2.83473492,-0.05174482,-,23.92156982,-0.0704274,0.08981306,0.87860614,0.1889638,32.54901886,32.94117737,-,-,64.40000153,54.67784882,14.35873604,-,2057,-,-116.4698181,36.83709717,-76.07558441,14.90196133,59.27880859,59.03026199,-
Sun Nov 19 02:06:36 EST 2017,06:35.8,-76.07499444,36.8370209,26.5,3,-35.20000076,99.1,0.61291564,8.77235508,3.06457806,-0.03171986,-,22.74509811,-0.05039553,0.06247865,0.89422578,0.21239327,32.54901886,32.94117737,-,-,64.40000153,54.68277359,14.35873604,-,2062,-,-115.4855652,36.83702087,-76.07499695,14.50980377,59.27880859,59.03026199,-
Sun Nov 19 02:06:38 EST 2017,06:38.0,-76.07440456,36.83694243,26.75,4,-35.5,99.1,0.91937345,9.11711979,2.9113493,-0.00090504,-,22.35294151,-0.01368934,0.08981306,0.9371798,0.19286871,31.76470566,32.94117737,-,-,64.40000153,54.68839645,14.35873604,-,2072,-,-116.4698181,36.83694077,-76.07440186,13.72549057,59.83804321,59.65163422,25.21116257
Sun Nov 19 02:06:41 EST 2017,06:40.2,-76.07351782,36.83682662,27,3,-36.29999924,99.1,0.76614451,9.34696388,3.10288548,0.02596122,-,22.74509811,0.00730522,0.07809832,0.95279956,0.21629821,30.19607925,32.94117737,-,-,64.40000153,54.69400406,14.35873604,-,2082,-,-119.0944824,36.83682632,-76.07351685,16.07843208,60.39727783,59.65163422,25.21116257
Sun Nov 19 02:06:43 EST 2017,06:42.3,-76.07291994,36.83675125,27,3,-36.70000076,99,0.91937345,8.88727665,2.98796368,-0.01713702,-,20,-0.04131998,0.07028849,0.90594047,0.20458345,29.80392265,32.94117737,-,-,64.40000153,54.70030212,14.35873604,-,2084,-,-120.4068298,36.83675003,-76.07292175,11.37254906,60.39727783,60.27300644,24.78602028
Sun Nov 19 02:06:45 EST 2017,06:44.4,-76.07232585,36.83667699,27,3,-37.09999847,99.1,1.14921677,9.0788126,2.94965649,-0.01195996,-,23.13725471,-0.01955459,0.11714748,0.92546505,0.20067854,29.80392265,32.94117737,-,-,64.40000153,54.70658112,14.35873604,-,2094,-,-121.7191544,36.83667755,-76.07232666,14.50980377,60.39727783,60.27300644,24.78602028
Sun Nov 19 02:06:47 EST 2017,06:46.5,-76.07172696,36.83659772,27.25,3,-37.29999924,99.4,0.57460839,9.00219822,3.02627087,-0.01110977,-,23.13725471,-0.0122439,0.03904916,0.9371798,0.20848836,32.15686417,32.94117737,-,-,64.40000153,54.71285248,14.35873604,-,2096,-,-122.3753281,36.83659744,-76.07172394,14.90196133,60.95651245,60.27300644,-
Sun Nov 19 02:06:49 EST 2017,06:48.7,-76.07111865,36.83652373,27.25,3,-37.70000076,99,0.9576807,9.11711979,2.60489154,-0.00952315,-,21.56862831,-0.02819126,0.0976229,0.92936999,0.1655343,31.76470566,32.94117737,-,-,64.40000153,54.71981049,14.35873604,-,2107,-,-123.6876679,36.83652496,-76.07112122,11.76470566,60.95651245,60.89437866,24.82444382
Sun Nov 19 02:06:51 EST 2017,06:50.9,-76.07051412,36.83644376,27.25,4,-37.90000153,99.6,0.65122288,9.04050541,3.06457806,-0.02287612,-,23.52941132,-0.02433635,0.06638357,0.92156017,0.21239327,32.94117737,32.94117737,-,-,64.40000153,54.72604752,14.35873604,-,2102,-,-124.3438339,36.83644485,-76.07051086,14.90196133,60.95651245,60.27300644,24.82444382
Sun Nov 19 02:06:54 EST 2017,06:53.1,-76.06961275,36.83632489,27.5,3,-36.5,99.2,0.76614451,9.04050541,3.10288548,-0.00354564,-,24.70588303,0.0179811,0.05076391,0.96841919,0.20848836,32.94117737,34.11764908,-,-,64.40000153,54.73296738,14.35873604,-,2117,-,-119.7506561,36.8363266,-76.0696106,16.47058868,61.51574707,60.89437866,24.58398056
Sun Nov 19 02:06:56 EST 2017,06:55.3,-76.06900661,36.83624707,27.25,4,-35,99.1,0.68953007,8.38928318,2.64319873,-0.00561932,-,26.27450943,-0.04977709,0.08981306,0.90984541,0.15772445,37.25490189,34.11764908,-,-,64.40000153,54.73987579,14.35873604,-,2123,-,-114.8293991,36.83624649,-76.06900787,16.86274529,60.95651245,60.89437866,24.58398056
Sun Nov 19 02:06:58 EST 2017,06:57.3,-76.06839804,36.83617338,27.5,3,-33.29999924,98.6,1.07260239,9.11711979,2.7581203,-0.01012804,-,27.05882454,-0.01781313,0.0976229,0.93327487,0.1889638,37.25490189,34.11764908,-,-,64.40000153,54.74676895,14.35873604,-,2117,-,-109.2519684,36.83617401,-76.06839752,19.6078434,61.51574707,60.89437866,-
Sun Nov 19 02:07:00 EST 2017,06:59.3,-76.06777773,36.83609844,27.75,3,-32.59999847,99,0.68953007,8.96389103,2.7581203,-0.01622598,-,25.88235283,-0.04106535,0.07028849,0.91375035,0.18115395,37.25490189,34.11764908,-,-,64.40000153,54.7550354,14.35873604,-,2143,-,-106.9553757,36.83609772,-76.06777954,18.03921509,62.07497787,62.13711929,54.47715759
Sun Nov 19 02:07:02 EST 2017,07:01.5,-76.06716805,36.83602118,27.75,3,-31.70000076,98.8,0.34476504,8.04451752,3.60087943,-0.0818767,-,19.6078434,-0.0446603,0.10152781,0.90203559,0.19677362,14.11764717,34.11764908,-,-,64.40000153,54.76327896,14.35873604,-,2145,-,-104.0026245,36.83602142,-76.06716919,11.76470566,62.07497787,62.13711929,54.47715759
Sun Nov 19 02:07:04 EST 2017,07:03.5,-76.06655886,36.83596376,27,3,-31.79999924,96.5,0.68953007,8.92558384,3.44765043,-0.02284474,-,16.47058868,-0.02177485,0.07028849,0.90984541,0.25144243,14.11764717,34.11764908,-,-,64.40000153,54.76943588,14.35873604,-,2067,-,-104.3307037,36.8359642,-76.06655884,7.05882359,60.39727783,60.27300644,-
Sun Nov 19 02:07:06 EST 2017,07:05.5,-76.0659657,36.83592065,26,3,-32,93.5,0.80445176,8.27436066,3.17949986,-0.10066713,-,16.47058868,-0.10415632,0.08200324,0.83955687,0.20067854,14.11764717,34.11764908,-,-,64.40000153,54.77348709,14.35873604,-,2013,-,-104.9868774,36.83592224,-76.06596375,7.05882359,58.16034317,58.40889359,-
Sun Nov 19 02:07:08 EST 2017,07:07.6,-76.06538892,36.83590216,25.25,3,-32.29999924,91,0.76614451,8.88727665,3.29442143,-0.01166803,-,16.86274529,0.00936315,0.07028849,0.9488945,0.23582277,14.11764717,34.11764908,-,-,64.40000153,54.7754631,14.35873604,-,1954,-,-105.9711227,36.83590317,-76.06539154,9.4117651,56.48263931,56.54477692,-
Sun Nov 19 02:07:10 EST 2017,07:09.6,-76.06482958,36.83591057,25,3,-33.20000076,88.7,0.9576807,9.19373417,2.98796368,0.00925618,-,18.8235302,-0.00940556,0.0976229,0.9371798,0.20458345,14.11764717,34.11764908,-,-,64.40000153,54.77674103,14.35873604,-,1936,-,-108.9238892,36.8359108,-76.06482697,9.8039217,55.92340851,55.92340851,-
Sun Nov 19 02:07:12 EST 2017,07:11.6,-76.06426437,36.8359274,25.25,3,-33.40000153,87.1,0.45968673,8.19774628,3.48595762,-0.02270805,-,16.86274529,-0.090414,0.04685899,0.83565199,0.25534737,14.11764717,34.11764908,-,-,64.40000153,54.77801514,14.35873604,-,1950,-,-109.5800552,36.83592606,-76.06426239,7.84313726,56.48263931,55.92340851,-
Sun Nov 19 02:07:14 EST 2017,07:13.6,-76.06369942,36.83596309,25,3,-34.70000076,84.9,1.03429508,8.73404789,3.37103605,-0.00732566,-,16.86274529,-0.04660288,0.0741934,0.89032084,0.23191786,14.11764717,34.11764908,-,-,64.40000153,54.77928543,14.35873604,-,1897,-,-113.8451462,36.8359642,-76.06369781,7.45098066,55.92340851,55.92340851,-
Sun Nov 19 02:07:16 EST 2017,07:15.7,-76.06314615,36.83601783,24.75,3,-35.70000076,82.7,0.76614451,9.00219822,3.10288548,-0.00722641,-,16.86274529,-0.05620603,0.09371798,0.88251102,0.22020312,14.11764717,34.11764908,-,-,64.40000153,54.77986526,14.35873604,-,1903,-,-117.1259842,36.83601761,-76.0631485,7.45098066,55.36417389,55.30203629,-
Sun Nov 19 02:07:18 EST 2017,07:17.7,-76.0625956,36.836084,24.5,3,-36.20000076,80.5,0.91937345,8.58081913,2.94965649,-0.05132651,-,21.17647171,-0.07000891,0.09371798,0.8747012,0.20067854,14.11764717,34.11764908,-,-,64.40000153,54.77975464,14.35873604,-,1896,-,-118.7664032,36.83608246,-76.06259918,12.15686321,54.80493546,54.68066406,-
Sun Nov 19 02:07:20 EST 2017,07:19.7,-76.06205215,36.83616877,24.5,3,-36.29999924,78.1,0.99598789,9.34696388,2.71981311,0.01649779,-,23.92156982,-0.03473725,0.0741934,0.91765523,0.1889638,14.11764717,34.11764908,-,-,64.40000153,54.77964401,14.35873604,-,1922,-,-119.0944824,36.8361702,-76.06204987,15.68627453,54.80493546,54.68066406,-
Sun Nov 19 02:07:22 EST 2017,07:21.9,-76.06150944,36.8362763,24.75,4,-36.09999847,75.7,0.45968673,9.15542698,3.14119267,0.00678933,-,23.13725471,-0.01187322,0.04685899,0.93327487,0.22020312,32.54901886,34.11764908,-,-,64.40000153,54.78022003,14.35873604,-,1930,-,-118.4383164,36.83627701,-76.06150818,14.50980377,55.36417389,55.30203629,26.94453812
Sun Nov 19 02:07:24 EST 2017,07:23.9,-76.06097882,36.83641132,24.75,3,-35.70000076,72.4,0.45968673,8.84896946,2.94965649,-0.02901703,-,21.56862831,-0.04769182,0.04685899,0.90203559,0.20067854,32.54901886,34.11764908,-,-,64.40000153,54.78079605,14.35873604,-,1947,-,-117.1259842,36.83641052,-76.06098175,12.94117641,55.36417389,55.30203629,26.94453812
Sun Nov 19 02:07:26 EST 2017,07:26.1,-76.06045612,36.83656124,24.75,3,-34.79999924,69.4,0.19153613,10.07480049,2.52827692,-0.05159724,-,21.17647171,-0.12171035,-0.00390492,0.83174706,0.18115395,32.54901886,34.11764908,-,-,64.40000153,54.78137207,14.35873604,-,1909,-,-114.1732254,36.83656311,-76.06045532,12.94117641,55.36417389,55.30203629,-
Sun Nov 19 02:07:29 EST 2017,07:28.3,-76.05968872,36.83681354,24.5,3,-34,66.7,1.45567465,7.77636719,3.48595762,-0.0997166,-,20,-0.13338456,0.08200324,0.8083176,0.20067854,29.01960754,34.11764908,-,-,64.40000153,54.78126144,14.35873604,-,1894,-,-111.5485535,36.83681488,-76.05969238,10.98039246,54.80493546,54.68066406,-
Sun Nov 19 02:07:31 EST 2017,07:30.5,-76.05918942,36.83698579,24.25,3,-34,66.3,0.8810662,8.61912632,2.41335535,0.02784487,-,24.31372643,0.01960608,0.12886222,0.97232407,0.17724904,30.58823586,34.11764908,-,-,64.40000153,54.78046417,14.35873604,-,1880,-,-111.5485535,36.83698654,-76.05918884,18.03921509,54.24570084,54.05929184,-
Sun Nov 19 02:07:33 EST 2017,07:32.5,-76.05868256,36.83715488,24.25,3,-33.29999924,67.2,0.72783732,8.88727665,3.21780705,-0.0210994,-,18.4313736,-0.03332348,0.0741934,0.90594047,0.22801295,30.58823586,34.11764908,-,-,64.40000153,54.77967453,14.35873604,-,1909,-,-109.2519684,36.83715439,-76.0586853,8.23529434,54.24570084,54.05929184,-
Sun Nov 19 02:07:35 EST 2017,07:34.5,-76.05819285,36.83732554,23.75,3,-33.09999847,66.8,0.45968673,8.88727665,3.14119267,-0.00440905,-,21.17647171,-0.00061048,0.04685899,0.95279956,0.19677362,30.58823586,34.11764908,-,-,64.40000153,54.77752304,14.35873604,-,1845,-,-108.5957947,36.83732605,-76.05818939,12.54901981,53.12723541,52.81655121,-
Sun Nov 19 02:07:37 EST 2017,07:36.7,-76.05770454,36.83749266,23.75,3,-32.29999924,66.2,0.76614451,8.88727665,2.7581203,-0.02922529,-,20.3921566,-0.04790014,0.07809832,0.90594047,0.18115395,29.80392265,34.11764908,-,-,64.40000153,54.77536774,14.35873604,-,1832,-,-105.9711227,36.8374939,-76.05770111,11.37254906,53.12723541,52.81655121,-
Sun Nov 19 02:07:39 EST 2017,07:38.9,-76.05721739,36.8376622,23.5,3,-32.09999847,66.5,0.91937345,8.92558384,2.83473492,-0.02288874,-,20.3921566,-0.04045292,0.09371798,0.90984541,0.1889638,29.41176605,34.11764908,-,-,64.40000153,54.77254486,14.35873604,-,1815,-,-105.3149567,36.83766174,-76.05722046,10.98039246,52.56800079,52.19517899,-
Sun Nov 19 02:07:41 EST 2017,07:40.9,-76.0567375,36.837829,23.25,3,-31.20000076,67,0.68953007,8.77235508,3.14119267,-0.02154807,-,18.03921509,-0.06639808,0.06247865,0.87860614,0.20848836,29.41176605,34.11764908,-,-,64.40000153,54.76904678,14.35873604,-,1792,-,-102.3622055,36.83782959,-76.05673981,10.58823586,52.00876617,51.57381058,-
Sun Nov 19 02:07:43 EST 2017,07:42.9,-76.05626409,36.83799205,23,3,-30.20000076,66.4,0.99598789,9.19373417,3.17949986,-0.00509278,-,16.07843208,-0.00283458,0.10152781,0.9371798,0.22410804,29.41176605,34.11764908,-,-,64.40000153,54.7648735,14.35873604,-,1761,-,-99.08136749,36.83799362,-76.05626678,6.66666698,51.44953156,50.95243835,-
Sun Nov 19 02:07:45 EST 2017,07:44.9,-76.05580039,36.83814387,22,3,-29.5,66.9,1.26413846,9.04050541,2.7581203,-0.00892693,-,18.8235302,-0.05193936,0.14057697,0.89032084,0.19286871,29.41176605,34.11764908,-,-,64.40000153,54.75867844,14.35873604,-,1704,-,-96.78477478,36.8381424,-76.05580139,7.84313726,49.21259689,49.0883255,-
Sun Nov 19 02:07:47 EST 2017,07:46.9,-76.0553482,36.83828063,21.5,4,-28.89999962,70.4,1.45567465,8.46589756,2.60489154,-0.01520365,-,19.6078434,-0.0752082,0.13276714,0.88641596,0.12648514,29.41176605,34.11764908,-,-,64.40000153,54.75045776,14.35873604,-,1693,-,-94.81626892,36.83827972,-76.05535126,12.15686321,48.09413147,47.22420883,-
Sun Nov 19 02:07:49 EST 2017,07:48.9,-76.05488131,36.83838633,21.5,3,-28.70000076,75.4,1.30244577,7.89128876,2.60489154,-0.12355304,-,15.68627453,0.00381499,0.11714748,0.94108468,0.22801295,29.41176605,34.11764908,-,-,64.40000153,54.74225998,14.35873604,-,1642,-,-94.16011047,36.83838654,-76.05487823,5.88235283,48.09413147,47.22420883,-
Sun Nov 19 02:07:51 EST 2017,07:50.9,-76.05442641,36.83846667,20.75,3,-28.79999924,79.1,1.30244577,8.77235508,2.94965649,-0.04847616,-,16.07843208,-0.04695505,0.13276714,0.89422578,0.20067854,29.41176605,34.11764908,-,-,64.40000153,54.73340607,14.35873604,-,1615,-,-94.4881897,36.83846664,-76.0544281,6.66666698,46.41642761,46.60284042,-
Sun Nov 19 02:07:53 EST 2017,07:52.9,-76.05396743,36.8385298,21,3,-30.70000076,81.8,1.49398184,8.92558384,2.7581203,0.08129442,-,15.29411793,0.02538882,0.11324256,0.96451426,0.22801295,29.41176605,34.11764908,-,-,64.40000153,54.72524261,14.35873604,-,1621,-,-100.7217865,36.83853149,-76.05397034,5.88235283,46.97566223,47.22420883,27.36772537
Sun Nov 19 02:07:55 EST 2017,07:55.0,-76.0534967,36.8385674,21.25,3,-33.09999847,85.5,1.64721072,9.00219822,3.40934324,-0.04116156,-,15.68627453,-0.00413606,0.16791138,0.91765523,0.24753754,29.41176605,34.11764908,-,-,64.40000153,54.71709824,14.35873604,-,1642,-,-108.5957947,36.83856583,-76.05349731,5.88235283,47.53489685,47.22420883,27.36772537
Sun Nov 19 02:07:57 EST 2017,07:57.0,-76.05302192,36.83857079,21.25,3,-34.40000153,89.1,1.22583127,8.46589756,3.10288548,0.03134692,-,15.68627453,0.00086169,0.10933765,0.93327487,0.24363261,29.41176605,34.11764908,-,-,64.40000153,54.70897293,14.35873604,-,1638,-,-112.8609009,36.83856964,-76.05302429,5.88235283,47.53489685,47.22420883,-
Sun Nov 19 02:08:00 EST 2017,07:59.2,-76.05231775,36.83856358,20.75,4,-34.79999924,91,1.34075296,8.58081913,3.25611424,-0.03551024,-,15.29411793,-0.05418725,0.13667206,0.8747012,0.23191786,14.11764717,34.11764908,-,-,64.40000153,54.69951248,14.35873604,-,1601,-,-114.1732254,36.83856201,-76.05231476,5.88235283,46.41642761,45.9814682,-
Sun Nov 19 02:08:02 EST 2017,08:01.2,-76.05187865,36.83855156,19.75,4,-34.79999924,91.9,1.49398184,7.54652357,3.17949986,-0.01481016,-,15.29411793,0.05793049,0.15619664,0.99575359,0.22020312,14.11764717,34.11764908,-,-,64.40000153,54.68806076,14.35873604,-,1530,-,-114.1732254,36.83855057,-76.05187988,5.49019623,44.17948914,44.11735535,-
Sun Nov 19 02:08:04 EST 2017,08:03.2,-76.05145814,36.83853207,18.75,4,-35.09999847,93.7,0.57460839,8.61912632,3.25611424,-0.01150918,-,14.90196133,-0.06993508,0.07809832,0.87079626,0.21629821,14.11764717,34.11764908,-,-,64.40000153,54.67462158,14.35873604,-,1465,-,-115.1574783,36.83853149,-76.05146027,5.09803915,41.94255447,42.25324249,-
Sun Nov 19 02:08:06 EST 2017,08:05.2,-76.05105391,36.83852,18,4,-35.29999924,92.8,0.5363012,9.27034855,4.13718033,-0.0017892,-,14.50980377,0.03662183,0.05466883,0.94498962,0.32173091,14.11764717,34.11764908,-,-,64.40000153,54.65851974,14.35873604,-,1392,-,-115.8136444,36.83852005,-76.05105591,4.70588255,40.26485062,39.76775742,-
Sun Nov 19 02:08:09 EST 2017,08:08.2,-76.05054021,36.83851178,15.25,4,-37.59999847,91.1,1.22583127,8.46589756,3.17949986,-0.02672355,-,14.50980377,-0.07023044,0.11324256,0.87079626,0.20458345,14.11764717,34.11764908,-,-,64.40000153,54.63843536,14.35873604,-,1387,-,-123.3595734,36.83851242,-76.05053711,4.70588255,34.11327744,36.03952789,-
Sun Nov 19 02:08:11 EST 2017,08:10.6,-76.05022569,36.83850618,14,4,-38.5,91.9,1.45567465,8.42759037,3.52426481,-0.03807801,-,14.50980377,-0.04066763,0.1444819,0.87079626,0.27487195,14.11764717,34.11764908,-,-,64.40000153,54.63843536,14.35873604,-,1335,-,-126.3123398,36.83850479,-76.0502243,4.70588255,31.31710625,30.44718933,-
Sun Nov 19 02:08:13 EST 2017,08:12.8,-76.04995455,36.83848379,12.25,4,-38.20000076,94.2,2.87304211,8.35097599,5.63116217,0.08667856,-,13.33333397,0.06804337,0.2928687,0.85127175,0.47402263,14.11764717,14.50980377,-,-,64.40000153,54.60768127,14.35873604,-,1156,-,-125.3280869,36.8384819,-76.04995728,3.52941179,27.40246773,26.09758949,-
Sun Nov 19 02:08:15 EST 2017,08:15.0,-76.04981387,36.83846134,5.5,4,-38.29999924,105.8,1.14921677,9.00219822,3.67749381,0.0055763,-,13.72549057,0.00616083,0.1210524,0.92546505,0.27487195,14.11764717,14.50980377,-,-,64.40000153,54.56027222,14.35873604,-,862,-,-125.6561661,36.83846283,-76.04981232,3.92156863,12.30314922,10.56331062,-
