GPS Time, Device Time, Longitude, Latitude,GPS Speed (Meters/second), Horizontal Dilution of Precision, Altitude, Bearing, G(x), G(y), G(z), G(calibrated), 1/4 mile time(s),Absolute Throttle Position B(%),Acceleration Sensor(Total)(g),Acceleration Sensor(X axis)(g),Acceleration Sensor(Y axis)(g),Acceleration Sensor(Z axis)(g),Accelerator PedalPosition D(%),Accelerator PedalPosition E(%),Accelerator PedalPosition F(%),Actual engine % torque(%),Ambient air temp(°F),Average trip speed(whilst moving only)(mph),Barometric pressure (from vehicle)(psi),Drivers demand engine % torque(%),Engine RPM(rpm),Fuel pressure(psi),GPS Altitude(ft),GPS Latitude(°),GPS Longitude(°),Relative Throttle Position(%),Speed (GPS)(mph),Speed (OBD)(mph),Torque(Nm)
Wed Nov 22 23:59:44 EST 2017,59:42.9,-76.04385761,36.77300615,0,3,-38.70000076,0,9.04050541,-0.11492168,4.02225876,0.00468147,-,-,0.00906838,0.92156017,-0.01171475,0.31001619,-,-,-,-,55.40000153,-,14.64881134,-,666,-,-126.9685059,36.77300644,-76.04386139,-,0,0,-
Wed Nov 22 23:59:45 EST 2017,59:43.9,-76.04385759,36.77300615,0,3,-38.70000076,0,8.31266785,0.03830723,4.06056595,-0.00296467,-,-,-0.03313408,0.8747012,-0.03123933,0.31001619,-,-,-,-,55.40000153,-,14.64881134,-,662,-,-126.9685059,36.77300644,-76.04386139,-,0,0,-
Wed Nov 22 23:59:46 EST 2017,59:44.9,-76.04385767,36.77300619,0,3,-38.70000076,0,8.27436066,-0.07661445,4.02225876,-0.04312897,-,-,-0.04946395,0.85517663,-0.01561966,0.31392109,-,-,-,-,50,-,14.64881134,-,679,-,-126.9685059,36.77300644,-76.04386139,4.31372547,0,0,-
Wed Nov 22 23:59:47 EST 2017,59:45.9,-76.04385774,36.77300623,0,3,-38.70000076,0,8.54251194,0.15322891,3.86903,0.00340116,-,14.11764717,-0.02165007,0.8747012,-0.01171475,0.33735061,14.11764717,14.11764717,-,-,50,-,14.64881134,-,679,-,-126.9685059,36.77300644,-76.04386139,4.31372547,0,0,-
Wed Nov 22 23:59:48 EST 2017,59:46.9,-76.04385774,36.77300623,0,3,-38.70000076,0,8.61912632,0.11492168,4.36702394,0.00322301,-,14.11764717,-0.04420514,0.86298645,0.00780983,0.31001619,14.11764717,14.11764717,-,-,50,-,14.64881134,-,679,-,-126.9685059,36.77300644,-76.04386139,4.31372547,0,0,-
Wed Nov 22 23:59:49 EST 2017,59:47.9,-76.04385768,36.77300621,0,3,-38.70000076,0,8.88727665,-0.38307226,3.90733719,0.00267113,-,14.11764717,-0.02046546,0.89422578,-0.0234295,0.29830143,14.11764717,14.11764717,-,-,50,-,14.64881134,-,679,-,-126.9685059,36.77300644,-76.04386139,4.31372547,0,0,-
Wed Nov 22 23:59:49 EST 2017,59:48.9,-76.04385768,36.77300621,0,3,-38.70000076,0,9.15542698,-0.2681506,4.29040956,0.00123863,-,14.11764717,0.0627656,0.93327487,0,0.40763909,14.11764717,14.11764717,-,-,50,-,14.64881134,-,672,-,-126.9685059,36.77300644,-76.04386139,4.31372547,0,0,-
Wed Nov 22 23:59:51 EST 2017,59:49.9,-76.04385774,36.77300587,0,3,-38.70000076,0,8.08282471,0.42137951,3.83072281,-0.01718435,-,14.11764717,0.01882004,0.9371798,-0.05857374,0.29439652,14.11764717,14.11764717,-,-,50,-,14.64881134,-,672,-,-126.9685059,36.77300644,-76.04386139,4.31372547,0,0,-
Wed Nov 22 23:59:51 EST 2017,59:50.9,-76.04385774,36.77300587,0,3,-38.70000076,0,2.60489154,9.34696388,1.76213241,-0.00757751,-,14.11764717,-0.04501175,0.32410803,0.8747012,0.10305563,14.11764717,14.11764717,-,-,50,-,14.64881134,-,672,-,-126.9685059,36.77300644,-76.04386139,4.31372547,0,0,-
Wed Nov 22 23:59:53 EST 2017,59:51.9,-76.04386274,36.77300968,1,4,-38.59999847,313.2,-9.69172859,2.7581203,1.76213241,0.06444428,-,14.11764717,0.04747243,-0.99965847,0.24600971,0.09134088,14.11764717,14.11764717,-,-,50,-,14.64881134,-,672,-,-126.6404114,36.77301025,-76.04386139,4.31372547,2.23693633,0,-
Wed Nov 22 23:59:54 EST 2017,59:52.9,-76.04389006,36.77302522,2.75,4,-38.90000153,307.7,-6.35899973,-6.89530087,1.64721072,0.08024831,-,14.11764717,0.04554778,-0.71459961,-0.73412424,0.10696055,14.11764717,14.11764717,-,-,50,-,14.64881134,-,1946,-,-127.6246796,36.77302551,-76.04389191,4.31372547,6.15157461,0,-
Wed Nov 22 23:59:55 EST 2017,59:53.9,-76.04391032,36.77305693,4,4,-39.70000076,333.5,-6.93360806,-6.93360806,2.56658411,0.0496535,-,14.11764717,0.04423349,-0.72631437,-0.68336034,0.20848836,14.11764717,14.11764717,-,-,50,8.07782555,14.64881134,-,1946,-,-130.2493439,36.77305603,-76.04390717,4.31372547,8.94774532,8.07782555,-
Wed Nov 22 23:59:56 EST 2017,59:54.9,-76.0439169,36.77310499,5.5,4,-39.5,352.4,-10.15141487,5.70777702,1.76213241,0.15264815,-,27.84313774,0.07046931,-1.03089774,0.23819989,0.06010156,14.11764717,14.11764717,-,-,50,8.07782555,14.64881134,-,1946,-,-129.5931702,36.77310562,-76.04391479,20,12.30314922,8.07782555,-
Wed Nov 22 23:59:57 EST 2017,59:55.9,-76.0438953,36.77317544,7.25,4,-38.90000153,12.4,9.27034855,2.37504816,2.79642749,-0.04371101,-,27.84313774,-0.05041962,0.88641596,0.2421048,0.1381999,41.96078491,41.96078491,-,-,50,8.07782555,14.64881134,-,1946,-,-127.6246796,36.77317429,-76.04389191,20,16.21778679,8.07782555,-
Wed Nov 22 23:59:58 EST 2017,59:56.9,-76.04385644,36.77324728,8.5,4,-38.59999847,22.7,8.96389103,-0.19153613,4.21379519,0.00072788,-,27.84313774,0.01020943,0.91375035,-0.01952458,0.32954079,41.96078491,41.96078491,-,-,50,14.6022234,14.64881134,-,1635,-,-126.6404114,36.77324677,-76.04385376,20,19.01395798,21.12662125,-
Wed Nov 22 23:59:59 EST 2017,59:57.9,-76.04381333,36.77332492,9.75,4,-38.59999847,23.9,9.11711979,-1.57059634,3.10288548,0.0245427,-,23.92156982,0.03318645,0.9488945,-0.20696054,0.25144243,36.47058868,36.47058868,-,-,50,17.39839363,14.64881134,-,1777,-,-126.6404114,36.77332306,-76.04381561,16.07843208,21.81012726,22.9907341,-
Thu Nov 23 00:00:00 EST 2017,59:58.9,-76.04376783,36.77340597,10,4,-38.59999847,24.2,8.58081913,-0.45968673,4.55855989,0.01509312,-,21.96078491,-0.02370316,0.90594047,-0.0741934,0.25534737,31.76470566,31.76470566,-,-,50,19.10716438,14.64881134,-,1851,-,-126.6404114,36.77340698,-76.04376984,13.33333397,22.36936378,24.23347664,75.76373291
Thu Nov 23 00:00:01 EST 2017,59:59.9,-76.04371873,36.77349871,11,4,-38.5,23.9,8.65743351,-1.14921677,3.48595762,0.04222696,-,20.7843132,0.04030261,0.9371798,-0.14838681,0.32563588,31.76470566,32.15686417,-,-,50,20.25670052,14.64881134,-,1894,-,-126.3123398,36.77349854,-76.04371643,11.76470566,24.60629845,24.85484695,75.76373291
Thu Nov 23 00:00:02 EST 2017,00:00.9,-76.04367552,36.77359152,11.25,4,-38.59999847,22,8.84896946,-2.14520478,3.715801,0.00827533,-,20.3921566,-0.03199058,0.89422578,-0.13667206,0.24363261,31.76470566,32.15686417,-,-,50,21.74799156,14.64881134,-,1492,-,-126.6404114,36.77359009,-76.04367828,11.37254906,25.16553307,25.47621918,35.43963623
Thu Nov 23 00:00:03 EST 2017,00:01.9,-76.04364168,36.77369296,11.25,4,-38.59999847,18.1,8.50420475,-1.34075296,4.55855989,0.00946233,-,20.3921566,0.03848226,0.90203559,-0.21086545,0.36858991,31.76470566,32.15686417,-,-,50,22.29169083,14.64881134,-,1497,-,-126.6404114,36.77369308,-76.04364014,11.37254906,25.16553307,26.09758949,22.22354317
Thu Nov 23 00:00:04 EST 2017,00:02.9,-76.0436052,36.77379579,11.5,5,-38.59999847,18.7,8.58081913,-0.03830723,4.21379519,0.01397198,-,20.3921566,0.02045869,0.9371798,-0.0234295,0.30220634,31.76470566,31.76470566,-,-,48.20000076,22.714571,14.64881134,-,1543,-,-126.6404114,36.77379608,-76.04360199,11.37254906,25.72476578,26.09758949,22.22354317
Thu Nov 23 00:00:05 EST 2017,00:03.9,-76.0435678,36.77390618,11.75,5,-38.70000076,17,9.23204136,-1.72382522,3.44765043,0.03323979,-,20.3921566,0.02016707,0.94108468,-0.17572121,0.25144243,31.76470566,32.15686417,-,-,48.20000076,23.11500931,14.64881134,-,1560,-,-126.9685059,36.77390671,-76.04357147,11.76470566,26.2840004,26.71896172,19.5710392
Thu Nov 23 00:00:06 EST 2017,00:04.9,-76.04355106,36.77402259,11.75,4,-38.40000153,13,9.61511421,-0.76614451,4.09887314,0.04852186,-,20.3921566,0.00509111,0.91765523,-0.16400647,0.27487195,31.37254906,31.37254906,-,-,48.20000076,23.4426403,14.64881134,-,1580,-,-125.9842606,36.77402115,-76.04354858,11.76470566,26.2840004,26.71896172,19.5710392
Thu Nov 23 00:00:07 EST 2017,00:05.9,-76.04353456,36.77413488,12,3,-38.20000076,9.4,8.54251194,-1.37906015,4.55855989,0.02459377,-,18.4313736,-0.02077706,0.89422578,-0.07809832,0.29049161,27.84313774,27.84313774,-,-,48.20000076,23.99448586,14.64881134,-,1546,-,-125.3280869,36.77413559,-76.04353333,9.01960754,26.84323311,26.71896172,18.87354279
Thu Nov 23 00:00:08 EST 2017,00:06.9,-76.04351051,36.77423805,11.75,3,-36.29999924,8.1,8.73404789,-1.03429508,3.79241538,0.01460592,-,18.4313736,0.02639269,0.9488945,-0.13276714,0.26706213,28.23529434,29.01960754,-,-,48.20000076,24.18909264,14.64881134,-,1538,-,-119.0944824,36.77423859,-76.04351044,10.1960783,26.2840004,26.71896172,18.87354279
Thu Nov 23 00:00:09 EST 2017,00:07.9,-76.04350626,36.77435028,12,3,-36.29999924,5,8.42759037,-0.57460839,4.55855989,0.00942688,-,18.03921509,-0.01491997,0.87860614,-0.15229172,0.317826,28.23529434,28.23529434,-,-,48.20000076,24.35775185,14.64881134,-,1523,-,-119.0944824,36.77434921,-76.04350281,9.01960754,26.84323311,26.71896172,18.87354279
Thu Nov 23 00:00:10 EST 2017,00:08.9,-76.04350484,36.77445485,11.75,3,-36,3.2,8.73404789,0.61291564,3.90733719,0.00939367,-,18.4313736,0.00283412,0.89032084,0,0.36078009,28.23529434,28.62745094,-,-,48.20000076,24.56243706,14.64881134,-,1489,-,-118.1102371,36.77445602,-76.04350281,9.01960754,26.2840004,26.09758949,-
Thu Nov 23 00:00:11 EST 2017,00:09.9,-76.04349242,36.77455901,11.75,5,-35.59999847,3.3,8.84896946,2.22181916,3.48595762,0.01000515,-,19.2156868,0.00284934,0.92936999,0.21477039,0.20848836,30.19607925,30.98039246,-,-,48.20000076,24.61320305,14.64881134,-,1486,-,-116.7978973,36.77455902,-76.04349518,9.8039217,26.2840004,25.47621918,-
Thu Nov 23 00:00:12 EST 2017,00:10.9,-76.04348338,36.77466141,11.75,5,-35.29999924,3.5,8.50420475,1.37906015,3.56257224,-0.03066021,-,20.3921566,-0.00904358,0.8747012,0.22648512,0.30611128,31.37254906,31.76470566,-,-,48.20000076,24.65862656,14.64881134,-,1478,-,-115.8136444,36.77466202,-76.04347992,11.37254906,26.2840004,25.47621918,-
Thu Nov 23 00:00:13 EST 2017,00:11.9,-76.04347358,36.77476581,11.75,5,-35.40000153,4.3,8.81066227,1.60890353,4.29040956,-0.01446358,-,20,-0.0534776,0.86298645,0.18743597,0.23972771,31.37254906,31.76470566,-,-,46.40000153,24.69950485,14.64881134,-,1482,-,-116.1417389,36.77476501,-76.04347229,11.37254906,26.2840004,25.47621918,-
Thu Nov 23 00:00:14 EST 2017,00:12.9,-76.04345783,36.77487054,11.5,5,-35.40000153,7.3,8.88727665,1.41736746,3.98395157,-0.00847526,-,20,0.0312352,0.92936999,0.17572121,0.31001619,31.37254906,31.76470566,-,-,46.40000153,24.73649216,14.64881134,-,1489,-,-116.1417389,36.77487183,-76.04345703,10.98039246,25.72476578,25.47621918,-
Thu Nov 23 00:00:15 EST 2017,00:13.9,-76.04344118,36.77498274,12,5,-35.70000076,9,8.84896946,1.83874691,3.60087943,-0.00780802,-,20.3921566,-0.10331353,0.82003236,0.1444819,0.23191786,31.37254906,31.37254906,-,-,46.40000153,24.85484695,14.64881134,-,1531,-,-117.1259842,36.77498245,-76.04344177,11.37254906,26.84323311,26.09758949,19.60871506
Thu Nov 23 00:00:16 EST 2017,00:14.9,-76.04341467,36.77507813,11.75,4,-36.09999847,10.8,8.35097599,0.45968673,3.21780705,-0.06751668,-,19.6078434,-0.02342969,0.89032084,0.16010156,0.26706213,30.19607925,30.58823586,-,-,46.40000153,24.93251991,14.64881134,-,1539,-,-118.4383164,36.77507782,-76.04341125,10.98039246,26.2840004,26.71896172,19.60871506
Thu Nov 23 00:00:17 EST 2017,00:15.9,-76.04338596,36.77517878,11.75,4,-36.09999847,13.6,9.04050541,1.30244577,3.10288548,-0.00375539,-,18.8235302,-0.01633055,0.92156017,0.13276714,0.21629821,29.01960754,29.41176605,-,-,46.40000153,25.00397873,14.64881134,-,1546,-,-118.4383164,36.775177,-76.04338837,9.8039217,26.2840004,26.71896172,18.45109749
Thu Nov 23 00:00:18 EST 2017,00:16.9,-76.04334603,36.77528838,12,4,-36.40000153,17,8.54251194,1.8770541,4.02225876,-0.01407421,-,18.8235302,-0.00915907,0.90203559,0.16400647,0.31001619,29.01960754,29.41176605,-,-,46.40000153,25.06993675,14.64881134,-,1565,-,-119.4225769,36.77528763,-76.04334259,9.8039217,26.84323311,26.71896172,18.45109749
Thu Nov 23 00:00:19 EST 2017,00:17.9,-76.04330167,36.77539208,12.25,4,-36.29999924,18.5,8.15943909,1.11090958,4.29040956,-0.01662213,-,16.07843208,-0.01334897,0.88251102,0.11324256,0.32563588,29.01960754,29.41176605,-,-,46.40000153,25.15402603,14.64881134,-,1567,-,-119.0944824,36.77539062,-76.04330444,6.66666698,27.40246773,27.34033203,17.08867836
Thu Nov 23 00:00:20 EST 2017,00:18.9,-76.04324986,36.77550082,12.5,5,-36.29999924,20.1,8.88727665,1.76213241,3.715801,0.002978,-,16.07843208,-0.02830902,0.80050778,0.30067852,0.36078009,14.11764717,14.11764717,-,-,46.40000153,25.18772507,14.64881134,-,1513,-,-119.0944824,36.77550125,-76.04325104,6.27450991,27.96170425,26.09758949,17.08867836
Thu Nov 23 00:00:21 EST 2017,00:19.9,-76.04321051,36.77560207,12.25,5,-36.40000153,19.6,8.31266785,1.8770541,4.75009632,0.0025883,-,16.86274529,0.10498553,0.98794377,0.1444819,0.37249482,28.62745094,28.62745094,-,-,46.40000153,25.19767189,14.64881134,-,1459,-,-119.4225769,36.77560043,-76.04321289,6.27450991,27.40246773,25.47621918,17.08867836
Thu Nov 23 00:00:22 EST 2017,00:20.9,-76.04314803,36.77567902,11.25,4,-36.5,26.3,8.81066227,1.57059634,3.75410819,-0.01391217,-,18.8235302,-0.03082477,0.86298645,0.21086545,0.28658667,29.41176605,29.41176605,-,-,46.40000153,25.18624496,14.64881134,-,1456,-,-119.7506561,36.77568054,-76.04314423,9.4117651,25.16553307,24.85484695,17.08867836
Thu Nov 23 00:00:23 EST 2017,00:21.9,-76.04308335,36.77577296,11.25,4,-37,27.5,8.61912632,1.95366859,3.29442143,-0.01402493,-,18.03921509,-0.06117449,0.83174706,0.1444819,0.31001619,27.05882454,27.05882454,-,-,46.40000153,25.16553307,14.64881134,-,1436,-,-121.3910751,36.77577209,-76.04308319,9.01960754,25.16553307,24.85484695,-
Thu Nov 23 00:00:24 EST 2017,00:22.9,-76.04301115,36.77586,11.25,4,-36.90000153,30.5,8.58081913,1.11090958,3.56257224,0.0305041,-,16.86274529,0.04708638,0.95279956,0.17962612,0.29439652,27.45098114,27.45098114,-,-,46.40000153,25.16553307,14.64881134,-,1436,-,-121.0629959,36.77585983,-76.04301453,7.45098066,25.16553307,24.85484695,-
Thu Nov 23 00:00:25 EST 2017,00:23.9,-76.04293816,36.77594773,11,3,-36.90000153,32.9,8.96389103,1.30244577,3.60087943,0.00730692,-,18.03921509,-0.00603014,0.91375035,0.13276714,0.26706213,29.41176605,29.41176605,-,-,46.40000153,25.13728905,14.64881134,-,1436,-,-121.0629959,36.77594757,-76.04293823,8.23529434,24.60629845,24.23347664,-
Thu Nov 23 00:00:26 EST 2017,00:24.9,-76.04287269,36.77603413,11,4,-36.70000076,30.2,8.31266785,1.9153614,3.06457806,-0.0052889,-,18.03921509,-0.04391788,0.89422578,0.09371798,0.22410804,29.41176605,29.41176605,-,-,46.40000153,25.12898254,14.64881134,-,1448,-,-120.4068298,36.77603531,-76.04286957,8.23529434,24.60629845,24.85484695,21.74915695
Thu Nov 23 00:00:27 EST 2017,00:25.9,-76.04280055,36.77611754,11,4,-36.70000076,33.5,8.15943909,1.95366859,4.32871675,0.00108167,-,19.2156868,0.06263642,0.92546505,0.18353106,0.38811451,30.58823586,30.58823586,-,-,46.40000153,25.13890266,14.64881134,-,1478,-,-120.4068298,36.77611923,-76.0428009,10.1960783,24.60629845,25.47621918,22.63127136
Thu Nov 23 00:00:28 EST 2017,00:26.9,-76.04272412,36.77620311,11.5,5,-36.70000076,34.8,8.58081913,1.53228903,3.98395157,-0.02621356,-,18.4313736,0.00670664,0.92546505,0.15619664,0.26315722,28.23529434,28.23529434,-,-,46.40000153,25.16553307,14.64881134,-,1492,-,-120.4068298,36.77620316,-76.04272461,9.4117651,25.72476578,26.09758949,22.63127136
Thu Nov 23 00:00:29 EST 2017,00:27.9,-76.04262625,36.7762802,11.75,4,-36.70000076,41.1,8.54251194,2.06859016,3.40934324,-0.00094606,-,18.03921509,-0.08274629,0.81612742,0.20696054,0.26315722,28.23529434,28.23529434,-,-,46.40000153,25.19072342,14.64881134,-,1508,-,-120.4068298,36.77627945,-76.04262543,8.62745094,26.2840004,26.09758949,18.01704407
Thu Nov 23 00:00:30 EST 2017,00:28.9,-76.0425325,36.77636009,11.75,4,-37.09999847,43.1,8.65743351,2.71981311,3.94564438,0.02207762,-,18.03921509,0.0241678,0.90203559,0.25772443,0.31001619,27.84313774,27.84313774,-,-,46.40000153,25.21459007,14.64881134,-,1507,-,-121.7191544,36.77635956,-76.04253387,7.45098066,26.2840004,26.09758949,18.01704407
Thu Nov 23 00:00:31 EST 2017,00:29.9,-76.04243349,36.77643492,11.75,4,-37,45,8.73404789,2.98796368,4.48194551,0.0227551,-,16.86274529,-0.01769656,0.88251102,0.2186753,0.27096704,26.66666794,27.05882454,-,-,46.40000153,25.23722839,14.64881134,-,1499,-,-121.3910751,36.77643585,-76.04243469,7.45098066,26.2840004,26.09758949,18.01704407
Thu Nov 23 00:00:32 EST 2017,00:30.9,-76.04233397,36.77650285,11.75,4,-37,49.1,8.08282471,2.33674097,3.56257224,-0.01779028,-,16.86274529,0.01843062,0.87079626,0.28896379,0.34125552,26.66666794,27.05882454,-,-,46.40000153,25.24320412,14.64881134,-,1483,-,-121.3910751,36.77650452,-76.04233551,7.45098066,26.2840004,25.47621918,18.01704407
Thu Nov 23 00:00:33 EST 2017,00:31.9,-76.04222859,36.77656828,11.5,4,-36.79999924,52.3,8.27436066,1.83874691,4.02225876,-0.01765935,-,16.86274529,-0.03122637,0.87860614,0.19915071,0.25534737,27.05882454,27.45098114,-,-,46.40000153,25.24888802,14.64881134,-,1461,-,-120.7349091,36.77656937,-76.0422287,7.84313726,25.72476578,25.47621918,-
Thu Nov 23 00:00:34 EST 2017,00:32.9,-76.0421186,36.77661758,11.5,4,-37,55.4,8.35097599,2.98796368,3.21780705,-0.00552416,-,16.86274529,0.01373024,0.86689138,0.31239328,0.32173091,27.05882454,27.45098114,-,-,46.40000153,25.23950768,14.64881134,-,1460,-,-121.3910751,36.77661896,-76.04212189,7.45098066,25.72476578,24.85484695,-
Thu Nov 23 00:00:35 EST 2017,00:33.9,-76.0420127,36.77667673,11.5,4,-37.20000076,60.5,8.1211319,2.52827692,3.63918662,-0.02779673,-,17.64705849,-0.05661839,0.82784218,0.25772443,0.27096704,28.62745094,28.62745094,-,-,46.40000153,25.2220211,14.64881134,-,1472,-,-122.0472488,36.77667618,-76.04201508,7.45098066,25.72476578,24.85484695,-
Thu Nov 23 00:00:36 EST 2017,00:34.9,-76.04190403,36.77672088,11.25,4,-37.59999847,63.1,8.58081913,1.60890353,3.63918662,-0.01363005,-,18.03921509,-0.01752571,0.87860614,0.17572121,0.30220634,28.62745094,28.62745094,-,-,46.40000153,25.22766876,14.64881134,-,1473,-,-123.3595734,36.77672195,-76.04190063,8.62745094,25.16553307,25.47621918,18.79470634
Thu Nov 23 00:00:37 EST 2017,00:35.9,-76.04178603,36.77675423,11.25,4,-38.5,67,9.0788126,1.99197578,4.02225876,0.0082701,-,17.64705849,-0.05232577,0.83565199,0.25381953,0.26706213,28.23529434,28.62745094,-,-,46.40000153,25.23307419,14.64881134,-,1473,-,-126.3123398,36.77675247,-76.04178619,8.62745094,25.16553307,25.47621918,18.79470634
Thu Nov 23 00:00:38 EST 2017,00:36.9,-76.04165641,36.7767856,11.75,3,-37.09999847,70.4,8.6957407,2.06859016,2.79642749,-0.00463019,-,18.03921509,-0.0419568,0.85908157,0.21086545,0.26706213,28.23529434,28.62745094,-,-,46.40000153,25.23824501,14.64881134,-,1483,-,-121.7191544,36.7767868,-76.04165649,8.62745094,26.2840004,25.47621918,18.79470634
Thu Nov 23 00:00:39 EST 2017,00:37.9,-76.04153347,36.77681459,11.5,3,-37.20000076,73.8,8.31266785,2.33674097,4.21379519,0.00067702,-,17.64705849,-0.03414468,0.83955687,0.24991462,0.30611128,27.84313774,27.84313774,-,-,46.40000153,25.24320412,14.64881134,-,1476,-,-122.0472488,36.77681351,-76.04153442,8.23529434,25.72476578,25.47621918,18.79470634
Thu Nov 23 00:00:40 EST 2017,00:38.9,-76.04140853,36.77683847,11.5,4,-37.40000153,76.1,8.04451752,2.37504816,4.02225876,0.01380976,-,17.64705849,-0.05444546,0.83174706,0.26943922,0.25925228,27.84313774,28.23529434,-,-,46.40000153,25.24795914,14.64881134,-,1484,-,-122.7034149,36.77684021,-76.04140472,8.23529434,25.72476578,25.47621918,-
Thu Nov 23 00:00:41 EST 2017,00:39.9,-76.04128192,36.77685416,11.5,4,-37.70000076,79.9,8.31266785,2.56658411,3.56257224,0.01082155,-,16.86274529,0.01446755,0.86298645,0.32020313,0.32563588,26.66666794,26.66666794,-,-,46.40000153,25.25252533,14.64881134,-,1478,-,-123.6876679,36.77685547,-76.04128265,7.84313726,25.72476578,25.47621918,-
Thu Nov 23 00:00:42 EST 2017,00:40.9,-76.04114441,36.77686391,11.5,3,-37.70000076,83.1,7.58483076,3.715801,3.90733719,-0.03236258,-,16.07843208,-0.00848177,0.83174706,0.33582276,0.32173091,26.27450943,26.27450943,-,-,44.59999847,25.25691223,14.64881134,-,1470,-,-123.6876679,36.7768631,-76.04114532,6.66666698,25.72476578,25.47621918,-
Thu Nov 23 00:00:43 EST 2017,00:41.9,-76.04102071,36.776873,11.25,4,-38.20000076,87.1,7.85298157,3.63918662,4.175488,0.00044454,-,16.07843208,-0.03423942,0.76536351,0.42954078,0.30220634,26.27450943,26.27450943,-,-,44.59999847,25.24917984,14.64881134,-,1444,-,-125.3280869,36.77687454,-76.04102325,6.66666698,25.16553307,24.85484695,-
Thu Nov 23 00:00:44 EST 2017,00:42.9,-76.04090748,36.77686762,10.5,5,-38.40000153,90.1,7.89128876,4.29040956,4.02225876,0.00170683,-,16.07843208,-0.0652955,0.74193406,0.43344569,0.26706213,26.27450943,26.27450943,-,-,44.59999847,25.2115612,14.64881134,-,1401,-,-125.9842606,36.77686691,-76.04090881,6.66666698,23.48783112,24.23347664,-
Thu Nov 23 00:00:45 EST 2017,00:43.9,-76.04079299,36.77684085,10.5,4,-38.90000153,98.4,7.54652357,4.48194551,3.83072281,-0.01433523,-,16.07843208,-0.03595521,0.77317333,0.42954078,0.28268176,26.27450943,26.27450943,-,-,44.59999847,25.18247795,14.64881134,-,1385,-,-127.6246796,36.77684021,-76.04079437,6.66666698,23.48783112,23.61210442,-
Thu Nov 23 00:00:46 EST 2017,00:44.9,-76.04067194,36.77681634,10.5,5,-38.40000153,100.7,6.85699368,5.59285498,2.87304211,-0.03264391,-,16.07843208,0.0143471,0.83565199,0.41001618,0.30220634,26.27450943,26.27450943,-,-,44.59999847,25.14334297,14.64881134,-,1363,-,-125.9842606,36.77681732,-76.0406723,6.66666698,23.48783112,22.9907341,-
Thu Nov 23 00:00:47 EST 2017,00:45.9,-76.04056466,36.77677797,10.25,4,-38.40000153,108.8,6.81868649,5.32470465,3.29442143,-0.03070203,-,15.68627453,0.02960629,0.74583894,0.55840296,0.33735061,25.49019623,25.49019623,-,-,44.59999847,25.10557556,14.64881134,-,1339,-,-125.9842606,36.77677917,-76.04056549,6.66666698,22.9285965,22.9907341,-
Thu Nov 23 00:00:48 EST 2017,00:46.9,-76.04046358,36.77672768,10.25,4,-38.59999847,116.1,8.77235508,2.22181916,4.29040956,-0.01404615,-,15.29411793,-0.03073829,0.84346181,0.22258021,0.32173091,24.31372643,24.70588303,-,-,44.59999847,25.06911278,14.64881134,-,1311,-,-126.6404114,36.77672958,-76.04046631,5.88235283,22.9285965,22.9907341,-
Thu Nov 23 00:00:49 EST 2017,00:47.9,-76.04036745,36.77666688,10.25,4,-38.90000153,122.6,8.42759037,2.22181916,4.175488,0.01549688,-,14.90196133,-0.0386339,0.84736669,0.15619664,0.32563588,14.11764717,14.11764717,-,-,44.59999847,25.02335548,14.64881134,-,1301,-,-127.6246796,36.77666855,-76.04036713,5.09803915,22.9285965,22.36936378,-
Thu Nov 23 00:00:50 EST 2017,00:48.9,-76.04027071,36.77661201,10.5,4,-39,124.6,8.31266785,0.84275901,4.13718033,-0.03059614,-,14.50980377,0.06844323,0.93327487,0.00780983,0.41935381,14.11764717,14.11764717,-,-,44.59999847,24.90577888,14.64881134,-,1200,-,-127.9527588,36.77661133,-76.04026794,4.70588255,23.48783112,21.12662125,-
Thu Nov 23 00:00:51 EST 2017,00:49.9,-76.04020361,36.77656713,9.25,4,-39.90000153,126.8,7.89128876,0.07661445,5.09486103,0.01914537,-,14.50980377,0.03079116,0.83955687,0,0.49745214,14.11764717,14.11764717,-,-,44.59999847,24.80473709,14.64881134,-,1097,-,-130.9055176,36.77656555,-76.04020691,4.31372547,20.69165993,18.64113617,-
Thu Nov 23 00:00:52 EST 2017,00:50.9,-76.04011087,36.7765137,9.25,5,-39.90000153,125.7,7.81467438,-0.49799395,6.01423454,0.02933077,-,13.72549057,0.00769137,0.78879303,-0.04685899,0.52478653,14.11764717,14.11764717,-,-,44.59999847,24.65758705,14.64881134,-,941,-,-130.9055176,36.77651215,-76.04010773,3.92156863,20.69165993,15.53427982,-
Thu Nov 23 00:00:53 EST 2017,00:51.9,-76.0400277,36.77646991,8.75,5,-39.79999924,124.3,7.20175886,0.45968673,6.28238535,0.03125483,-,13.72549057,0.05738948,0.82784218,-0.08200324,0.55212098,14.11764717,14.11764717,-,-,44.59999847,24.44707298,14.64881134,-,920,-,-130.5774231,36.77647018,-76.04003143,3.92156863,19.5731926,11.18468189,-
Thu Nov 23 00:00:54 EST 2017,00:52.9,-76.04004307,36.77646841,3.75,4,-39.5,126,8.81066227,-1.11090958,5.93762016,0.03898281,-,13.72549057,-0.03091141,0.7302193,-0.01171475,0.53650135,14.11764717,14.11764717,-,-,44.59999847,23.85688782,14.64881134,-,646,-,-129.5931702,36.77647018,-76.04004669,3.92156863,8.3885107,3.10685587,-
Thu Nov 23 00:00:55 EST 2017,00:53.9,-76.04003208,36.77645917,1,3,-39.5,126.1,9.46188545,0.19153613,3.33272886,0.01331396,-,14.50980377,0.11183432,1.02308798,-0.23819989,0.26315722,14.11764717,14.11764717,-,-,44.59999847,23.85688782,14.64881134,-,661,-,-129.5931702,36.77645874,-76.04003143,4.70588255,2.23693633,0,-
Thu Nov 23 00:00:56 EST 2017,00:54.9,-76.04002729,36.77646038,0.25,4,-39.79999924,126.1,9.61511421,-2.18351197,2.14520478,0.02682148,-,20.3921566,0.02956924,0.98403883,-0.22648512,0.09915072,36.07843018,36.86274719,-,-,44.59999847,23.85688782,14.64881134,-,822,-,-130.5774231,36.77645874,-76.0400238,10.58823586,0.55923408,0,-
Thu Nov 23 00:00:57 EST 2017,00:55.9,-76.04001014,36.77645425,1.25,4,-39.59999847,126.6,8.92558384,-2.29843354,2.41335535,0.00548543,-,22.74509811,0.0017227,0.93327487,-0.23429495,0.17724904,41.17647171,41.5686264,-,-,44.59999847,23.56573486,14.64881134,-,1399,-,-129.9212494,36.77645493,-76.04000854,13.72549057,2.79617047,4.34959841,24.82330704
Thu Nov 23 00:00:58 EST 2017,00:56.9,-76.03998206,36.77643999,2.25,4,-39.09999847,123.4,-0.22984336,-9.76834297,3.06457806,0.08122885,-,26.66666794,0.05327597,0.03123933,-1.0152781,0.17724904,42.74509811,41.96078491,-,-,44.59999847,23.15283012,14.64881134,-,1787,-,-128.280838,36.77643967,-76.03998566,17.64705849,5.03310633,11.18468189,79.7334137
Thu Nov 23 00:00:59 EST 2017,00:57.9,-76.0399222,36.77641108,4.25,4,-39.40000153,118.3,-7.20175886,-6.66545773,3.44765043,0.05254012,-,23.92156982,0.09966315,-0.70678979,-0.76145858,0.25925228,38.82352829,38.82352829,-,-,44.59999847,23.0173645,14.64881134,-,1830,-,-129.2650909,36.77641296,-76.03992462,15.68627453,9.50697899,13.67016602,79.7334137
Thu Nov 23 00:01:00 EST 2017,00:58.9,-76.03985859,36.77640064,5.5,4,-39.20000076,102.5,-3.21780705,-9.38527107,3.48595762,0.05525571,-,24.70588303,-0.00314827,-0.32801294,-0.89032084,0.20458345,36.47058868,37.64706039,-,-,44.59999847,22.90321541,14.64881134,-,1956,-,-128.6089325,36.77640152,-76.03985596,16.47058868,12.30314922,14.91290855,50.43728638
Thu Nov 23 00:01:01 EST 2017,00:59.9,-76.03979725,36.77640752,6.75,3,-39.5,88.3,2.14520478,-8.65743351,3.79241538,0.04551753,-,22.74509811,-0.01266875,0.17572121,-0.87860614,0.31392109,35.68627548,36.07843018,-,-,44.59999847,22.81813049,14.64881134,-,1950,-,-129.5931702,36.77640915,-76.03979492,14.90196133,15.09931946,16.77702141,50.43728638
Thu Nov 23 00:01:02 EST 2017,01:00.9,-76.03971097,36.776426,7.75,3,-39.09999847,76.8,2.26012635,-9.30865574,3.715801,0.08745882,-,21.56862831,0.04495661,0.20696054,-0.95279956,0.27487195,35.29411697,34.11764908,-,-,44.59999847,22.68844414,14.64881134,-,1427,-,-128.280838,36.77642441,-76.039711,12.94117641,17.33625603,18.64113617,58.21173859
Thu Nov 23 00:01:03 EST 2017,01:01.9,-76.03963766,36.77645949,8.25,3,-39.29999924,63.3,3.48595762,-7.96790314,4.09887314,0.09630633,-,17.64705849,0.14811859,0.33582276,-0.99965847,0.35297027,28.62745094,29.01960754,-,-,44.59999847,22.63448143,14.64881134,-,1429,-,-128.9370117,36.77645874,-76.0396347,8.62745094,18.45472336,18.64113617,32.44696808
Thu Nov 23 00:01:04 EST 2017,01:02.9,-76.03955938,36.77650399,8.25,4,-38,52,8.27436066,-3.79241538,4.29040956,0.00895113,-,17.25490189,0.00733546,0.76536351,-0.46078008,0.364685,27.84313774,27.05882454,-,-,44.59999847,22.58193779,14.64881134,-,1443,-,-124.6719132,36.77650452,-76.03955841,7.84313726,18.45472336,18.64113617,32.44696808
Thu Nov 23 00:01:05 EST 2017,01:03.9,-76.03949504,36.77656357,8.5,3,-37.90000153,41.8,8.73404789,-1.22583127,4.5202527,0.02160581,-,15.68627453,-0.01819375,0.8747012,-0.10152781,0.3334457,25.49019623,24.70588303,-,-,44.59999847,22.47292519,14.64881134,-,1394,-,-124.3438339,36.77656174,-76.03949738,6.27450991,19.01395798,18.01976395,32.44696808
Thu Nov 23 00:01:06 EST 2017,01:04.9,-76.03943389,36.77662189,8,4,-38.20000076,39.4,8.54251194,-0.65122288,4.8267107,0.01825927,-,14.90196133,-0.00500982,0.8747012,-0.03123933,0.37249482,14.11764717,14.11764717,-,-,44.59999847,22.4086895,14.64881134,-,1320,-,-125.3280869,36.77662277,-76.03943634,5.09803915,17.89549065,17.39839363,32.44696808
Thu Nov 23 00:01:07 EST 2017,01:05.9,-76.03938596,36.77667351,7.5,3,-37.90000153,37.7,8.42759037,0.76614451,4.5202527,-0.00302315,-,14.50980377,-0.02483694,0.81612742,0.04685899,0.4310686,14.11764717,14.11764717,-,-,44.59999847,22.32275963,14.64881134,-,1163,-,-124.3438339,36.77667236,-76.03938293,4.70588255,16.77702141,15.53427982,-
Thu Nov 23 00:01:08 EST 2017,01:06.9,-76.03933669,36.77671386,6.5,3,-36.70000076,38.7,7.39329481,1.83874691,5.59285498,0.01207508,-,13.72549057,0.00641103,0.8083176,0.26943922,0.43497351,14.11764717,14.11764717,-,-,44.59999847,22.08141136,14.64881134,-,900,-,-120.4068298,36.77671432,-76.03933716,3.92156863,14.54008579,11.18468189,-
Thu Nov 23 00:01:09 EST 2017,01:07.9,-76.03930219,36.77675143,5.25,4,-36.40000153,37.6,5.86100578,4.48194551,5.55454779,0.01684162,-,14.11764717,0.08112834,0.70678979,0.59354722,0.4623079,14.11764717,14.11764717,-,-,44.59999847,21.91269302,14.64881134,-,772,-,-119.4225769,36.77675247,-76.03929901,4.31372547,11.74391556,8.07782555,-
Thu Nov 23 00:01:10 EST 2017,01:08.9,-76.03928586,36.77676878,3,3,-37.09999847,41.2,5.24809027,5.63116217,5.43962622,-0.00464511,-,14.11764717,-0.00045787,0.60916686,0.60135704,0.4154489,14.11764717,14.11764717,-,-,44.59999847,21.71100426,14.64881134,-,740,-,-121.7191544,36.77676773,-76.03928375,4.31372547,6.71080828,4.97096968,-
Thu Nov 23 00:01:11 EST 2017,01:09.9,-76.03928183,36.77678059,1,4,-37.29999924,40.5,6.58884287,6.58884287,3.29442143,-0.01539816,-,14.11764717,-0.06821403,0.64040625,0.57792759,0.25144243,14.11764717,14.11764717,-,-,44.59999847,21.47751236,14.64881134,-,658,-,-122.3753281,36.77677917,-76.03928375,4.31372547,2.23693633,0,-
Thu Nov 23 00:01:12 EST 2017,01:10.9,-76.0392874,36.77678185,0,3,-37.5,0,6.35899973,7.46990919,3.14119267,-0.0198171,-,14.50980377,0.02026434,0.65212095,0.70678979,0.23972771,14.11764717,14.11764717,-,-,44.59999847,21.47751236,14.64881134,-,713,-,-123.0314941,36.77678299,-76.03928375,4.70588255,0,0,-
Thu Nov 23 00:01:13 EST 2017,01:11.9,-76.03928787,36.77678295,0,3,-37.59999847,0,5.82269859,7.08683681,3.06457806,-0.02301084,-,14.11764717,-0.08325381,0.57402265,0.63259637,0.23191786,14.11764717,14.11764717,-,-,44.59999847,21.47751236,14.64881134,-,684,-,-123.3595734,36.77678299,-76.03929138,4.31372547,0,0,-
Thu Nov 23 00:01:14 EST 2017,01:12.9,-76.03928708,36.77678312,0,3,-37.70000076,0,1.41736746,7.24006605,3.10288548,-0.0237335,-,14.50980377,-0.09596687,0.16010156,0.83565199,0.20458345,14.11764717,14.11764717,-,-,44.59999847,21.47751236,14.64881134,-,700,-,-123.6876679,36.77678299,-76.03928375,4.70588255,0,0,-
Thu Nov 23 00:01:15 EST 2017,01:13.9,-76.03928575,36.77678296,0,3,-37.70000076,0,-8.6957407,4.71178913,1.80043972,0.01656494,-,17.64705849,-0.01444767,-0.84346181,0.47639978,0.07962614,14.11764717,14.50980377,-,-,44.59999847,21.23500061,14.64881134,-,698,-,-123.6876679,36.77678299,-76.03928375,7.84313726,0,0.62137121,1.17371523
Thu Nov 23 00:01:16 EST 2017,01:14.9,-76.03928089,36.77678546,0.75,3,-37.90000153,57.4,-8.84896946,-3.67749381,2.22181916,0.02174252,-,17.64705849,0.00713095,-0.90984541,-0.35925224,0.1381999,32.94117737,34.11764908,-,-,44.59999847,21.01948738,14.64881134,-,1145,-,-124.3438339,36.7767868,-76.03928375,7.84313726,1.67770207,2.48548484,1.17371523
Thu Nov 23 00:01:17 EST 2017,01:15.9,-76.03925924,36.77679972,2,4,-38.40000153,50.5,-7.73806,-4.90332508,1.49398184,0.03133881,-,21.96078491,-0.00955189,-0.83955687,-0.49592432,0.07181631,43.13725662,43.52941132,-,-,44.59999847,20.6658287,14.64881134,-,1903,-,-125.9842606,36.77679825,-76.03926086,13.33333397,4.47387266,6.83508301,17.60754204
Thu Nov 23 00:01:18 EST 2017,01:16.9,-76.03922058,36.77681089,3.25,4,-37.70000076,63.9,-9.92157173,-4.90332508,1.26413846,0.12140303,-,30.98039246,0.10273934,-0.96451426,-0.52325869,0.00543273,47.84313965,47.84313965,-,-,44.59999847,20.54667282,14.64881134,-,2102,-,-123.6876679,36.77680969,-76.03922272,23.52941132,7.2700429,9.94193935,59.68853378
Thu Nov 23 00:01:19 EST 2017,01:17.9,-76.03915365,36.77682081,5.25,4,-36.79999924,79.9,-9.57680702,4.09887314,1.03429508,0.1174482,-,32.54901886,0.02174389,-0.97622901,0.28896379,-0.01799676,47.84313965,48.23529434,-,-,44.59999847,20.47110748,14.64881134,-,2263,-,-120.7349091,36.77682114,-76.03915405,25.09803963,11.74391556,13.67016602,59.68853378
Thu Nov 23 00:01:20 EST 2017,01:18.9,-76.03906646,36.77680042,7.5,4,-35.79999924,107.8,5.7843914,7.20175886,1.72382522,-0.05463759,-,45.49019623,-0.17692059,0.31629819,0.73802912,0.07962614,49.80392075,49.80392075,-,-,44.59999847,20.45179749,14.64881134,-,2733,-,-117.4540634,36.77680206,-76.03907013,33.33333206,16.77702141,21.74799156,105.6272507
Thu Nov 23 00:01:21 EST 2017,01:19.9,-76.0389766,36.77675189,9.5,4,-35.90000153,124,9.69172859,0.30645782,2.7581203,0.00721498,-,49.41176605,-0.05774319,0.90203559,0.03123933,0.16943921,53.33333588,53.72549057,-,-,44.59999847,20.50524902,14.64881134,-,2074,-,-117.7821579,36.77675247,-76.03897858,44.70588303,21.25089455,25.47621918,194.2409821
Thu Nov 23 00:01:22 EST 2017,01:20.9,-76.03888718,36.77669589,10,4,-35.59999847,128.1,10.26633644,-0.80445176,2.03028297,0.01579409,-,43.52941132,-0.03187237,0.92546505,-0.11714748,0.15772445,47.05882263,47.05882263,-,-,44.59999847,20.59682083,14.64881134,-,2196,-,-116.7978973,36.77669525,-76.03888702,38.03921509,22.36936378,29.20444679,194.2409821
Thu Nov 23 00:01:23 EST 2017,01:21.9,-76.03873227,36.77660359,13.75,4,-35.70000076,126.9,9.42357826,-0.2681506,3.14119267,0.03194004,-,38.4313736,0.01461043,0.96060938,-0.05857374,0.22020312,43.13725662,43.52941132,-,-,44.59999847,20.86397934,14.64881134,-,2668,-,-117.1259842,36.7766037,-76.03873444,33.72549057,30.75787354,34.79678726,178.9954987
Thu Nov 23 00:01:24 EST 2017,01:22.9,-76.03858747,36.77651799,15.5,4,-36,125.8,8.58081913,0.76614451,3.02627087,0.02005104,-,32.15686417,-0.03449226,0.91375035,0.14057697,0.17724904,42.35294342,42.35294342,-,-,44.59999847,21.02517128,14.64881134,-,2241,-,-118.1102371,36.77651978,-76.03858948,24.70588303,34.67251205,36.66090012,152.0456543
Thu Nov 23 00:01:25 EST 2017,01:23.9,-76.03842817,36.7764325,16.75,4,-36.70000076,125.4,8.1211319,0.8810662,2.9113493,-0.02208335,-,29.80392265,-0.05961544,0.87860614,0.08200324,0.22410804,38.4313736,38.82352829,-,-,44.59999847,21.20193863,14.64881134,-,2268,-,-120.4068298,36.77643204,-76.03842926,23.13725471,37.46868134,38.52501297,152.0456543
Thu Nov 23 00:01:26 EST 2017,01:24.9,-76.03826009,36.77633127,18,4,-36.90000153,126,9.0788126,-0.11492168,3.715801,0.00990257,-,28.62745094,-0.03247147,0.90984541,-0.00780983,0.22801295,37.64706039,37.64706039,-,-,44.59999847,21.59418678,14.64881134,-,2057,-,-121.0629959,36.77633286,-76.03826141,20.7843132,40.26485062,41.63187027,130.0966034
Thu Nov 23 00:01:27 EST 2017,01:25.9,-76.03808834,36.77622796,18.75,4,-36.90000153,126.6,8.84896946,0.84275901,3.90733719,0.00879413,-,23.13725471,-0.01806944,0.90984541,-0.03123933,0.26706213,31.37254906,34.50980377,-,-,44.59999847,21.79672623,14.64881134,-,1874,-,-121.0629959,36.77622986,-76.03808594,14.90196133,41.94255447,42.25324249,85.02031708
Thu Nov 23 00:01:28 EST 2017,01:26.9,-76.03791632,36.77612463,19,4,-37.20000076,127,8.27436066,0.11492168,4.63517427,-0.01647631,-,20.3921566,0.04834617,0.95279956,0.05076391,0.3334457,29.80392265,30.19607925,-,-,44.59999847,22.00136757,14.64881134,-,1870,-,-122.0472488,36.77612305,-76.03791809,11.76470566,42.50178909,42.8746109,85.02031708
Thu Nov 23 00:01:29 EST 2017,01:27.9,-76.03774682,36.77602186,19.25,4,-37.5,126.5,8.77235508,0.42137951,3.90733719,0.02062029,-,19.6078434,0.01845304,0.94498962,-0.00780983,0.27877685,29.41176605,29.41176605,-,-,44.59999847,22.39895248,14.64881134,-,1870,-,-123.0314941,36.77602005,-76.03775024,10.98039246,43.0610199,42.8746109,29.38666534
Thu Nov 23 00:01:30 EST 2017,01:28.9,-76.03757231,36.77591956,19.25,4,-37.70000076,126.6,8.61912632,0.38307226,4.40533113,-0.01385003,-,19.6078434,-0.04340727,0.85908157,0.04295408,0.317826,29.41176605,29.41176605,-,-,44.59999847,22.59211922,14.64881134,-,1869,-,-123.6876679,36.77592087,-76.03757477,10.98039246,43.0610199,42.8746109,29.38666534
Thu Nov 23 00:01:31 EST 2017,01:29.9,-76.03739758,36.77581756,19.25,4,-37.90000153,125.9,9.15542698,-0.22984336,3.79241538,0.02944559,-,20,0.06933549,0.97232407,0.05076391,0.34125552,29.41176605,29.41176605,-,-,44.59999847,22.78167534,14.64881134,-,1866,-,-124.3438339,36.77581787,-76.03739929,10.98039246,43.0610199,42.8746109,29.38666534
Thu Nov 23 00:01:32 EST 2017,01:30.9,-76.03722858,36.77571135,19.25,4,-37.5,126.5,7.92959595,0.5363012,3.02627087,-0.0143348,-,20,-0.08108432,0.83174706,-0.05076391,0.28658667,29.41176605,29.80392265,-,-,44.59999847,23.15035248,14.64881134,-,1858,-,-123.0314941,36.77571106,-76.03723145,10.98039246,43.0610199,42.8746109,-
Thu Nov 23 00:01:33 EST 2017,01:31.9,-76.03705344,36.77560817,19,4,-37.79999924,126.7,9.15542698,0.07661445,4.06056595,0.01414028,-,23.13725471,-0.03171477,0.87860614,-0.00780983,0.30611128,29.41176605,29.41176605,-,-,44.59999847,23.32966423,14.64881134,-,1854,-,-124.0157471,36.77560806,-76.03705597,13.72549057,42.50178909,42.8746109,-
Thu Nov 23 00:01:34 EST 2017,01:32.9,-76.03687975,36.77550635,19.25,4,-37.5,126.4,9.53849983,-0.19153613,3.48595762,0.06999876,-,23.52941132,0.07680088,1.00746834,-0.01561966,0.27877685,33.72549057,33.72549057,-,-,44.59999847,23.50574493,14.64881134,-,1936,-,-123.0314941,36.77550507,-76.03688049,15.68627453,43.0610199,42.8746109,-
Thu Nov 23 00:01:35 EST 2017,01:33.9,-76.03670966,36.77540358,19.25,3,-37.70000076,126.5,9.04050541,-0.07661445,3.715801,0.01231205,-,22.74509811,0.0097259,0.9371798,-0.00390492,0.27487195,32.15686417,32.15686417,-,-,44.59999847,23.85955429,14.64881134,-,1899,-,-123.6876679,36.77540207,-76.03671265,14.50980377,43.0610199,43.49598312,28.05226517
Thu Nov 23 00:01:36 EST 2017,01:34.9,-76.03652463,36.7752992,19.5,3,-38.20000076,126.5,9.00219822,-0.80445176,3.48595762,0.01184534,-,21.56862831,0.0046355,0.9371798,0.03514424,0.25925228,30.98039246,31.37254906,-,-,44.59999847,24.03180313,14.64881134,-,1922,-,-125.3280869,36.77529907,-76.03652191,12.54901981,43.62025452,43.49598312,28.05226517
Thu Nov 23 00:01:37 EST 2017,01:35.9,-76.03635336,36.77519381,19.5,4,-38.5,126.6,8.65743351,-0.45968673,3.52426481,-0.00568184,-,20.7843132,0.02971737,0.9371798,-0.05857374,0.32173091,29.41176605,29.01960754,-,-,44.59999847,24.20105743,14.64881134,-,1905,-,-126.3123398,36.77519226,-76.03635406,12.15686321,43.62025452,43.49598312,28.05226517
Thu Nov 23 00:01:38 EST 2017,01:36.9,-76.03618227,36.77508914,19.5,4,-38.09999847,126.5,7.92959595,0.45968673,3.67749381,-0.02689193,-,19.6078434,-0.08981022,0.82784218,0.07028849,0.27096704,28.23529434,27.84313774,-,-,44.59999847,24.5308857,14.64881134,-,1897,-,-124.9999924,36.77508926,-76.03617859,10.98039246,43.62025452,43.49598312,-
Thu Nov 23 00:01:39 EST 2017,01:37.9,-76.03600404,36.77498423,19.5,4,-38.40000153,126.8,8.38928318,-0.42137951,4.25210238,-0.02128792,-,18.03921509,-0.05513144,0.86689138,0.01171475,0.27487195,26.66666794,27.05882454,-,-,44.59999847,24.69160652,14.64881134,-,1892,-,-125.9842606,36.77498245,-76.03600311,9.01960754,43.62025452,43.49598312,-
Thu Nov 23 00:01:40 EST 2017,01:38.9,-76.03583063,36.77488099,19.5,4,-38.59999847,126.6,9.15542698,0.38307226,3.79241538,0.00934835,-,18.03921509,0.01419671,0.90594047,-0.0741934,0.34906533,26.66666794,27.05882454,-,-,44.59999847,24.84440422,14.64881134,-,1874,-,-126.6404114,36.77487946,-76.03582764,8.62745094,43.62025452,42.8746109,-
Thu Nov 23 00:01:41 EST 2017,01:39.9,-76.03565603,36.77478063,19.25,3,-38.70000076,125.8,8.00621033,-0.03830723,4.06056595,-0.00307088,-,18.03921509,-0.01963241,0.88251102,-0.10152781,0.31392109,27.05882454,27.05882454,-,-,44.59999847,25.13728905,14.64881134,-,1852,-,-126.9685059,36.77478027,-76.03565979,8.62745094,43.0610199,42.25324249,-
Thu Nov 23 00:01:42 EST 2017,01:40.9,-76.03548274,36.77468426,19,3,-38.20000076,124.5,8.50420475,-1.53228903,3.83072281,0.00201213,27.70000076,19.6078434,0.04302727,0.92936999,-0.10543273,0.36078009,27.45098114,27.84313774,-,-,44.59999847,25.27758408,14.64881134,-,1844,-,-125.3280869,36.77468491,-76.03548431,10.58823586,42.50178909,42.25324249,-
Thu Nov 23 00:01:43 EST 2017,01:41.9,-76.03530363,36.77459294,19,4,-38.29999924,122.7,8.1211319,-0.45968673,4.09887314,-0.01601717,27.70000076,19.6078434,0.01570012,0.92546505,-0.0976229,0.30611128,29.01960754,29.01960754,-,-,44.59999847,25.41559792,14.64881134,-,1843,-,-125.6561661,36.77459335,-76.03530121,10.58823586,42.50178909,42.25324249,-
Thu Nov 23 00:01:44 EST 2017,01:42.9,-76.03511881,36.77450989,19,3,-38.59999847,119.8,8.42759037,-0.80445176,3.83072281,-0.01279465,27.70000076,20.7843132,-0.03903069,0.85127175,0,0.34516042,30.98039246,31.37254906,-,-,44.59999847,25.68499947,14.64881134,-,1872,-,-126.6404114,36.77450943,-76.0351181,10.58823586,42.50178909,42.25324249,-
Thu Nov 23 00:01:45 EST 2017,01:43.9,-76.03493288,36.77442829,19,4,-38.20000076,118.2,9.80665016,-0.49799395,4.13718033,0.01492216,27.70000076,23.13725471,0.01088134,0.91765523,-0.03514424,0.32173091,32.94117737,33.72549057,-,-,44.59999847,25.82142639,14.64881134,-,1873,-,-125.3280869,36.77442932,-76.034935,14.50980377,42.50178909,42.8746109,28.60075951
Thu Nov 23 00:01:46 EST 2017,01:44.9,-76.03473538,36.77435783,19.25,4,-38.09999847,115.7,8.81066227,-0.8810662,4.02225876,0.0426771,27.70000076,22.74509811,0.01191481,0.91765523,-0.00390492,0.32563588,32.54901886,32.94117737,-,-,44.59999847,25.95570183,14.64881134,-,1879,-,-124.9999924,36.77435684,-76.03473663,14.11764717,43.0610199,42.8746109,28.60075951
Thu Nov 23 00:01:47 EST 2017,01:45.9,-76.03453984,36.77428844,19,4,-37.79999924,114.1,8.42759037,-0.8810662,3.48595762,-0.01102784,27.70000076,22.35294151,-0.01576453,0.88251102,-0.1210524,0.317826,31.76470566,31.76470566,-,-,44.59999847,26.22764397,14.64881134,-,1898,-,-124.0157471,36.77428818,-76.03453827,13.72549057,42.50178909,43.49598312,28.18680763
Thu Nov 23 00:01:48 EST 2017,01:46.9,-76.03433961,36.7742227,19.25,4,-37.5,112.3,9.04050541,-1.45567465,4.5202527,0.02882629,27.70000076,20.7843132,0.00743392,0.92546505,-0.19915071,0.24363261,29.80392265,30.19607925,-,-,44.59999847,26.36047745,14.64881134,-,1887,-,-123.0314941,36.77422333,-76.0343399,13.72549057,43.0610199,43.49598312,28.18680763
Thu Nov 23 00:01:49 EST 2017,01:47.9,-76.03413436,36.77416979,19.25,4,-37.70000076,109.4,8.92558384,-0.34476504,3.48595762,0.01558196,27.70000076,21.56862831,-0.01125567,0.87860614,-0.11714748,0.33735061,31.37254906,31.76470566,-,-,44.59999847,26.49128342,14.64881134,-,1898,-,-123.6876679,36.77416992,-76.03413391,12.94117641,43.0610199,43.49598312,28.18680763
Thu Nov 23 00:01:50 EST 2017,01:48.9,-76.03393036,36.77412758,19.25,4,-37.79999924,106.4,8.65743351,-1.37906015,3.63918662,-0.00019826,27.70000076,21.96078491,0.02586485,0.90984541,-0.13667206,0.35297027,31.37254906,31.37254906,-,-,44.59999847,26.62010574,14.64881134,-,1904,-,-124.0157471,36.77412796,-76.03392792,12.94117641,43.0610199,43.49598312,-
Thu Nov 23 00:01:51 EST 2017,01:49.9,-76.03372201,36.77408999,19,5,-37.70000076,104.2,8.61912632,-0.65122288,4.44363832,-0.01842948,27.70000076,20.3921566,-0.0368261,0.85127175,-0.02733441,0.34906533,29.80392265,29.80392265,-,-,44.59999847,26.87198639,14.64881134,-,1906,-,-123.6876679,36.77408981,-76.03372192,11.76470566,42.50178909,43.49598312,-
Thu Nov 23 00:01:52 EST 2017,01:50.9,-76.03350785,36.77405205,19,5,-37.5,102,8.88727665,-0.65122288,3.67749381,-0.01720971,27.70000076,19.6078434,-0.0043889,0.90984541,-0.03123933,0.30220634,27.84313774,27.84313774,-,-,44.59999847,26.99512482,14.64881134,-,1902,-,-123.0314941,36.77405167,-76.0335083,11.37254906,42.50178909,43.49598312,-
Thu Nov 23 00:01:53 EST 2017,01:51.9,-76.03329012,36.77402864,18.75,5,-37.59999847,99.7,9.04050541,-0.49799395,4.25210238,0.02637035,27.70000076,19.2156868,0.02805643,0.92546505,-0.03904916,0.34516042,27.84313774,27.84313774,-,-,44.59999847,27.11645508,14.64881134,-,1900,-,-123.3595734,36.77402878,-76.03328705,9.01960754,41.94255447,43.49598312,-
Thu Nov 23 00:01:54 EST 2017,01:52.9,-76.03303848,36.77402634,19.5,4,-37.79999924,96.8,7.85298157,1.11090958,5.20978308,-0.03222663,27.70000076,17.64705849,-0.11072093,0.82393724,-0.03514424,0.23191786,26.66666794,27.05882454,-,-,44.59999847,27.23601341,14.64881134,-,1892,-,-124.0157471,36.77402496,-76.03303528,8.62745094,43.62025452,43.49598312,-
Thu Nov 23 00:01:55 EST 2017,01:53.9,-76.03280731,36.77400312,19.75,4,-38,96.6,8.81066227,-0.65122288,4.02225876,-0.00256984,27.70000076,18.03921509,-0.03297627,0.87860614,-0.06247865,0.29830143,26.66666794,26.66666794,-,-,44.59999847,27.35384178,14.64881134,-,1872,-,-124.6719132,36.77400208,-76.0328064,8.62745094,44.17948914,43.49598312,-
Thu Nov 23 00:01:56 EST 2017,01:54.9,-76.03259404,36.7739819,19.5,5,-38.29999924,96.8,9.0788126,0.19153613,4.94163227,0.02393357,27.70000076,19.6078434,0.01518169,0.90203559,0.06247865,0.36078009,29.41176605,29.80392265,-,-,44.59999847,27.57556534,14.64881134,-,1891,-,-125.6561661,36.773983,-76.03259277,10.58823586,43.62025452,42.8746109,-
Thu Nov 23 00:01:57 EST 2017,01:55.9,-76.03239013,36.77395532,19.25,5,-38.40000153,97.7,8.88727665,0.22984336,3.98395157,0.01819966,27.70000076,21.56862831,-0.03513249,0.86689138,-0.03123933,0.32173091,31.37254906,31.37254906,-,-,44.59999847,27.68847656,14.64881134,-,1916,-,-125.9842606,36.7739563,-76.03238678,12.94117641,43.0610199,43.49598312,-
Thu Nov 23 00:01:58 EST 2017,01:56.9,-76.03217524,36.77393044,19.25,5,-39.09999847,97.5,9.23204136,-0.03830723,3.79241538,0.00804038,27.70000076,21.56862831,0.01689374,0.91765523,0,0.33735061,31.37254906,31.37254906,-,-,44.59999847,27.79979706,14.64881134,-,1884,-,-128.280838,36.7739296,-76.03217316,12.94117641,43.0610199,43.49598312,26.59016228
Thu Nov 23 00:01:59 EST 2017,01:57.9,-76.03197728,36.77389909,19,5,-39.20000076,98.3,8.23605347,0.11492168,4.25210238,0.01497156,27.70000076,20.7843132,-0.04169409,0.8747012,0.01171475,0.29049161,30.19607925,30.19607925,-,-,44.59999847,27.90956116,14.64881134,-,1894,-,-128.6089325,36.77389908,-76.03197479,10.1960783,42.50178909,43.49598312,26.59016228
Thu Nov 23 00:02:00 EST 2017,01:58.9,-76.03176506,36.77387769,19,5,-39.5,98.2,7.73806,0.42137951,4.02225876,0.01536261,27.70000076,18.8235302,0.01178656,0.9371798,0.03514424,0.27877685,27.45098114,27.45098114,-,-,44.59999847,28.01779938,14.64881134,-,1887,-,-129.5931702,36.77387619,-76.0317688,9.4117651,42.50178909,43.49598312,26.59016228
Thu Nov 23 00:02:01 EST 2017,01:59.9,-76.03153614,36.77386208,19.5,4,-39,97.1,9.00219822,0.30645782,4.25210238,0.01208486,27.70000076,18.8235302,-0.03041554,0.87079626,0,0.32563588,27.45098114,27.45098114,-,-,44.59999847,28.12454605,14.64881134,-,1883,-,-127.9527588,36.77386093,-76.03153992,9.4117651,43.62025452,43.49598312,26.59016228
Thu Nov 23 00:02:02 EST 2017,02:00.9,-76.03131674,36.7738473,19.25,4,-39,97.3,8.35097599,0.11492168,4.40533113,0.00638685,27.70000076,18.4313736,-0.01887006,0.89422578,-0.0234295,0.30220634,27.45098114,27.45098114,-,-,44.59999847,28.32100105,14.64881134,-,1855,-,-127.9527588,36.77384567,-76.03131866,9.4117651,43.0610199,42.25324249,-
Thu Nov 23 00:02:03 EST 2017,02:01.9,-76.03109335,36.77383128,19,4,-39.09999847,97,8.84896946,-0.03830723,4.40533113,0.02664238,27.70000076,18.4313736,0.0079866,0.90203559,-0.00390492,0.34906533,27.45098114,27.45098114,-,-,44.59999847,28.41513634,14.64881134,-,1840,-,-128.280838,36.77383041,-76.03108978,9.4117651,42.50178909,42.25324249,-
Thu Nov 23 00:02:04 EST 2017,02:02.9,-76.03088766,36.77380489,19,4,-39.09999847,96.9,8.65743351,-0.15322891,3.83072281,0.02813368,27.70000076,20,-0.0274065,0.89032084,0.01171475,0.29049161,28.62745094,29.01960754,-,-,44.59999847,28.50801086,14.64881134,-,1837,-,-128.280838,36.77380371,-76.03089142,10.98039246,42.50178909,42.25324249,-
Thu Nov 23 00:02:05 EST 2017,02:03.9,-76.030671,36.77377931,19,4,-38.90000153,97.2,9.34696388,-0.57460839,3.86903,0.03830582,27.70000076,20.3921566,0.09174623,0.99965847,-0.06247865,0.3334457,30.19607925,30.19607925,-,-,44.59999847,28.59550285,14.64881134,-,1828,-,-127.6246796,36.77378082,-76.03067017,11.37254906,42.50178909,41.63187027,-
Thu Nov 23 00:02:06 EST 2017,02:04.9,-76.03045978,36.77376341,18.75,4,-39,96.8,9.27034855,-0.22984336,4.21379519,0.01409941,27.70000076,20.3921566,-0.00329369,0.90594047,-0.06247865,0.31001619,30.19607925,30.19607925,-,-,44.59999847,28.68183517,14.64881134,-,1828,-,-127.9527588,36.77376175,-76.03045654,11.76470566,41.94255447,41.63187027,-
Thu Nov 23 00:02:07 EST 2017,02:05.9,-76.03026501,36.77374269,18.75,3,-38.5,96.1,7.77636719,-1.07260239,3.83072281,-0.06464559,27.70000076,20.3921566,-0.03620059,0.8747012,-0.11714748,0.28658667,29.80392265,30.19607925,-,-,44.59999847,28.85111809,14.64881134,-,1813,-,-126.3123398,36.77374268,-76.03026581,11.76470566,41.94255447,41.63187027,-
Thu Nov 23 00:02:08 EST 2017,02:06.9,-76.0300655,36.77371985,18.5,4,-39.09999847,96.1,8.6957407,-1.57059634,3.90733719,-0.00583692,27.70000076,20.3921566,-0.0776782,0.82003236,-0.0976229,0.31001619,30.19607925,30.19607925,-,-,44.59999847,28.93410873,14.64881134,-,1805,-,-128.280838,36.77371979,-76.03006744,11.37254906,41.38331985,41.63187027,-
Thu Nov 23 00:02:09 EST 2017,02:07.9,-76.02986321,36.77370485,18.5,4,-38.79999924,94.2,8.54251194,-1.57059634,4.36702394,-0.01982234,27.70000076,20.3921566,0.02051856,0.89813066,-0.20696054,0.33735061,30.19607925,30.19607925,-,-,44.59999847,29.01202202,14.64881134,-,1801,-,-127.2965851,36.77370453,-76.02986145,11.37254906,41.38331985,41.01049805,-
Thu Nov 23 00:02:10 EST 2017,02:08.9,-76.02965699,36.77369879,18.25,5,-38.40000153,93.3,8.96389103,-0.34476504,4.09887314,0.02096738,27.70000076,20.3921566,0.00877346,0.91765523,-0.08200324,0.31001619,30.19607925,30.19607925,-,-,44.59999847,29.0929184,14.64881134,-,1804,-,-125.9842606,36.7736969,-76.02965546,11.76470566,40.82408524,41.63187027,-
Thu Nov 23 00:02:11 EST 2017,02:09.9,-76.02945223,36.7737084,18.25,5,-37.79999924,90.4,8.6957407,-1.18752408,4.36702394,-0.00464277,27.70000076,20.3921566,-0.0475716,0.85127175,-0.11714748,0.31001619,29.80392265,30.19607925,-,-,44.59999847,29.1727829,14.64881134,-,1810,-,-124.0157471,36.77370834,-76.02944946,11.76470566,40.82408524,41.63187027,26.09280014
Thu Nov 23 00:02:12 EST 2017,02:10.9,-76.02923779,36.77374265,18.75,4,-37,83.8,8.6957407,-1.49398184,4.94163227,0.01948461,27.70000076,20,-0.06152389,0.85908157,-0.08590815,0.26706213,29.41176605,29.80392265,-,-,44.59999847,29.25164032,14.64881134,-,1810,-,-121.3910751,36.77374268,-76.02923584,10.98039246,41.94255447,41.63187027,26.09280014
Thu Nov 23 00:02:13 EST 2017,02:11.9,-76.02903723,36.7737666,18.75,4,-37.20000076,82.4,8.88727665,-1.14921677,4.32871675,0.03721372,27.70000076,20,0.02575329,0.91765523,-0.1210524,0.34125552,29.41176605,29.41176605,-,-,44.59999847,29.32950211,14.64881134,-,1815,-,-122.0472488,36.77376556,-76.02903748,10.98039246,41.94255447,41.63187027,26.09280014
Thu Nov 23 00:02:14 EST 2017,02:12.9,-76.02883081,36.7738039,18.75,4,-37.5,79.2,7.66144562,-0.72783732,3.21780705,-0.00374452,27.70000076,19.2156868,-0.0537517,0.86689138,-0.14057697,0.25144243,28.23529434,28.62745094,-,-,44.59999847,29.48232651,14.64881134,-,1825,-,-123.0314941,36.77380371,-76.02883148,10.1960783,41.94255447,41.63187027,-
Thu Nov 23 00:02:15 EST 2017,02:13.9,-76.02862679,36.77384657,18.75,4,-38.20000076,77.2,8.58081913,-0.03830723,4.29040956,-0.01011213,27.70000076,18.8235302,-0.07393035,0.82003236,0.00780983,0.32954079,28.23529434,28.23529434,-,-,44.59999847,29.55732346,14.64881134,-,1827,-,-125.3280869,36.77384567,-76.02862549,10.1960783,41.94255447,41.63187027,-
Thu Nov 23 00:02:15 EST 2017,02:14.9,-76.02862679,36.77384657,18.75,4,-38.20000076,77.2,8.46589756,-0.2681506,4.175488,0.02156984,27.70000076,18.8235302,0.00326008,0.88251102,0.00780983,0.37639979,27.84313774,28.23529434,-,-,44.59999847,29.63521385,14.64881134,-,1825,-,-125.3280869,36.77384567,-76.02862549,9.8039217,41.94255447,42.25324249,24.78787041
Thu Nov 23 00:02:17 EST 2017,02:15.9,-76.02821284,36.77394469,18.75,3,-38.20000076,74.5,8.88727665,-0.34476504,3.83072281,0.05120053,27.70000076,18.8235302,0.02204994,0.94108468,0.09371798,0.28658667,28.23529434,28.23529434,-,-,44.59999847,29.70836258,14.64881134,-,1825,-,-125.3280869,36.77394485,-76.0282135,10.1960783,41.94255447,41.63187027,24.78787041
Thu Nov 23 00:02:18 EST 2017,02:16.9,-76.02801066,36.77398933,18.75,4,-37.79999924,73.9,8.54251194,-0.80445176,4.94163227,0.00151768,27.70000076,19.2156868,-0.09612717,0.80441266,0.03514424,0.31001619,28.23529434,28.62745094,-,-,44.59999847,29.7806263,14.64881134,-,1817,-,-124.0157471,36.77399063,-76.02800751,10.1960783,41.94255447,41.63187027,24.78787041
Thu Nov 23 00:02:19 EST 2017,02:17.9,-76.02780728,36.77403302,18.75,3,-38.29999924,73.6,7.66144562,0.76614451,3.67749381,-0.01559628,27.70000076,18.4313736,-0.04229929,0.86689138,-0.01171475,0.30611128,27.45098114,28.62745094,-,-,44.59999847,29.85201836,14.64881134,-,1814,-,-125.6561661,36.77403259,-76.02780914,9.8039217,41.94255447,41.63187027,24.78787041
Thu Nov 23 00:02:20 EST 2017,02:18.9,-76.02761139,36.77408767,18.5,4,-37.5,73.7,8.92558384,1.30244577,3.10288548,-0.00863671,27.70000076,27.05882454,-0.01425412,0.90594047,0.1718163,0.24753754,37.64706039,36.86274719,-,-,44.59999847,29.91883659,14.64881134,-,1794,-,-123.0314941,36.774086,-76.02761078,19.2156868,41.38331985,41.01049805,-
Thu Nov 23 00:02:21 EST 2017,02:19.9,-76.02740874,36.77413625,18.5,4,-37.20000076,74.5,9.38527107,1.30244577,4.21379519,0.00058063,27.70000076,24.70588303,-0.03069893,0.93327487,0.08590815,0.14600971,34.50980377,34.50980377,-,-,44.59999847,29.98855782,14.64881134,-,1855,-,-122.0472488,36.77413559,-76.02741241,16.86274529,41.38331985,41.63187027,-
Thu Nov 23 00:02:22 EST 2017,02:20.9,-76.02719942,36.77416764,19,3,-37.09999847,77.5,8.54251194,1.07260239,4.06056595,-0.00656775,27.70000076,21.96078491,-0.02162662,0.86689138,0.2421048,0.28268176,30.98039246,30.58823586,-,-,44.59999847,30.06112862,14.64881134,-,1888,-,-121.7191544,36.77416611,-76.02719879,13.33333397,42.50178909,42.25324249,50.22880936
Thu Nov 23 00:02:23 EST 2017,02:21.9,-76.02698314,36.77419192,19.25,4,-37.29999924,81.1,8.42759037,1.64721072,3.48595762,-0.02414414,27.70000076,20.3921566,-0.05103843,0.85127175,0.12886222,0.29830143,29.41176605,29.41176605,-,-,44.59999847,30.21099472,14.64881134,-,1869,-,-122.3753281,36.77419281,-76.02698517,11.76470566,43.0610199,42.8746109,23.9484539
Thu Nov 23 00:02:24 EST 2017,02:22.9,-76.02676846,36.77420676,19.25,4,-38.20000076,84.6,8.77235508,0.5363012,4.5202527,0.02644557,27.70000076,19.6078434,-0.02483689,0.86298645,0.08590815,0.34516042,29.41176605,29.41176605,-,-,44.59999847,30.28462029,14.64881134,-,1873,-,-125.3280869,36.77420807,-76.02677155,10.98039246,43.0610199,42.8746109,23.9484539
Thu Nov 23 00:02:25 EST 2017,02:23.9,-76.02655607,36.77421406,19.25,4,-38.90000153,88.2,8.6957407,1.57059634,4.09887314,0.00708699,27.70000076,20.3921566,0.01252532,0.90594047,0.22648512,0.29049161,29.80392265,29.80392265,-,-,44.59999847,30.35739517,14.64881134,-,1880,-,-127.6246796,36.7742157,-76.02655792,11.37254906,43.0610199,42.8746109,23.9484539
Thu Nov 23 00:02:26 EST 2017,02:24.9,-76.02633662,36.77420656,19.25,3,-39.20000076,91.6,8.35097599,1.30244577,3.98395157,0.0065637,27.70000076,19.2156868,0.00327528,0.92546505,0.1210524,0.26706213,29.80392265,28.23529434,-,-,44.59999847,30.42933273,14.64881134,-,1877,-,-128.6089325,36.77420807,-76.02633667,10.1960783,43.0610199,42.8746109,23.9484539
Thu Nov 23 00:02:27 EST 2017,02:25.9,-76.02612398,36.77419067,19.25,4,-39.5,94.5,8.77235508,0.8810662,4.13718033,0.01148561,27.70000076,20.7843132,-0.0407313,0.84736669,0.19134088,0.30611128,29.80392265,29.80392265,-,-,44.59999847,30.50044823,14.64881134,-,1908,-,-129.5931702,36.774189,-76.02612305,12.15686321,43.0610199,42.8746109,-
Thu Nov 23 00:02:28 EST 2017,02:26.9,-76.02590374,36.77416697,19.5,4,-39.70000076,97.2,9.23204136,2.06859016,3.715801,0.05513543,27.70000076,20.7843132,0.03684262,0.94108468,0.16400647,0.30220634,29.80392265,29.80392265,-,-,44.59999847,30.57428551,14.64881134,-,1888,-,-130.2493439,36.77416611,-76.02590179,11.76470566,43.62025452,43.49598312,-
Thu Nov 23 00:02:29 EST 2017,02:27.9,-76.02569388,36.77413034,19.5,4,-39,101.2,8.19774628,1.49398184,4.09887314,0.01499071,27.70000076,18.8235302,0.06594823,0.9371798,0.20305562,0.364685,27.84313774,27.84313774,-,-,44.59999847,30.64729118,14.64881134,-,1886,-,-127.9527588,36.77413177,-76.0256958,9.4117651,43.62025452,43.49598312,24.3187542
Thu Nov 23 00:02:30 EST 2017,02:28.9,-76.02548097,36.77408478,19.5,4,-37.70000076,104.7,8.58081913,1.22583127,4.175488,-0.01187793,27.70000076,19.6078434,-0.09220229,0.79660285,0.13276714,0.31392109,29.01960754,29.80392265,-,-,44.59999847,30.71947479,14.64881134,-,1884,-,-123.6876679,36.774086,-76.02548218,10.1960783,43.62025452,43.49598312,24.3187542
Thu Nov 23 00:02:31 EST 2017,02:29.9,-76.02527604,36.77402812,19.5,3,-38.20000076,108,9.0788126,1.53228903,4.71178913,0.04294033,27.70000076,20.3921566,-0.0542599,0.83955687,0.13276714,0.31392109,29.80392265,29.80392265,-,-,44.59999847,30.85453224,14.64881134,-,1885,-,-125.3280869,36.77402878,-76.02527618,11.76470566,43.62025452,42.8746109,24.3187542
Thu Nov 23 00:02:32 EST 2017,02:30.9,-76.02507884,36.77396052,19.25,3,-38.70000076,112,8.58081913,1.41736746,3.83072281,-0.01225811,27.70000076,20.3921566,0.03507517,0.92546505,0.20696054,0.31392109,29.80392265,29.80392265,-,-,44.59999847,30.92094231,14.64881134,-,1890,-,-126.9685059,36.77396011,-76.02507782,11.76470566,43.0610199,42.8746109,-
Thu Nov 23 00:02:33 EST 2017,02:31.9,-76.02488288,36.77388518,19.25,3,-38.79999924,115.3,8.46589756,1.30244577,3.94564438,-0.00384817,27.70000076,20.7843132,-0.02863885,0.88251102,0.13276714,0.28268176,30.98039246,31.76470566,-,-,44.59999847,30.98662186,14.64881134,-,1902,-,-127.2965851,36.77388382,-76.02487946,12.94117641,43.0610199,42.8746109,-
Thu Nov 23 00:02:34 EST 2017,02:32.9,-76.02468863,36.77380332,19.25,3,-38.59999847,118.5,8.54251194,0.61291564,3.90733719,0.00065103,27.70000076,21.17647171,-0.02548653,0.88641596,0.03904916,0.30220634,30.98039246,30.98039246,-,-,44.59999847,31.05158234,14.64881134,-,1882,-,-126.6404114,36.77380371,-76.02468872,12.54901981,43.0610199,42.8746109,-
Thu Nov 23 00:02:35 EST 2017,02:33.9,-76.02450731,36.77370973,19.5,4,-38.09999847,122.3,8.88727665,-0.34476504,3.715801,-0.01305291,27.70000076,20.3921566,-0.03341023,0.86298645,0.06638357,0.32954079,29.80392265,30.98039246,-,-,44.59999847,31.115839,14.64881134,-,1882,-,-124.9999924,36.77370834,-76.02450562,11.76470566,43.62025452,42.8746109,-
Thu Nov 23 00:02:36 EST 2017,02:34.9,-76.02433708,36.77361499,18.75,4,-38.79999924,124.6,7.66144562,0.42137951,2.83473492,-0.00266821,27.70000076,20.7843132,-0.10223366,0.84346181,-0.03514424,0.20458345,29.80392265,30.19607925,-,-,44.59999847,31.17939949,14.64881134,-,1880,-,-127.2965851,36.77361679,-76.02433777,11.76470566,41.94255447,42.8746109,-
Thu Nov 23 00:02:37 EST 2017,02:35.9,-76.02416345,36.77351612,19,5,-39,124.6,8.6957407,0.9576807,3.98395157,-0.00474295,27.70000076,20.3921566,-0.0036229,0.91765523,0.0234295,0.28658667,29.80392265,30.19607925,-,-,44.59999847,31.3078022,14.64881134,-,1885,-,-127.9527588,36.77351761,-76.02416229,11.76470566,42.50178909,43.49598312,26.22362518
Thu Nov 23 00:02:38 EST 2017,02:36.9,-76.02398553,36.77340889,19.25,4,-38.90000153,125.6,8.15943909,0.2681506,3.79241538,-0.04556923,27.70000076,20.3921566,-0.08208117,0.83174706,0.02733441,0.28658667,29.80392265,30.19607925,-,-,44.59999847,31.37263489,14.64881134,-,1891,-,-127.6246796,36.7734108,-76.02398682,11.37254906,43.0610199,43.49598312,26.22362518
Thu Nov 23 00:02:39 EST 2017,02:37.9,-76.02380144,36.7733054,19.5,3,-39.79999924,125.4,8.96389103,0.57460839,4.48194551,0.00930412,27.70000076,20.7843132,-0.03848309,0.8747012,-0.01171475,0.29830143,30.19607925,30.19607925,-,-,44.59999847,31.43678093,14.64881134,-,1902,-,-130.5774231,36.77330399,-76.02380371,11.76470566,43.62025452,43.49598312,26.22362518
Thu Nov 23 00:02:40 EST 2017,02:38.9,-76.02362159,36.77320109,19.5,3,-40.20000076,125.6,8.65743351,0.57460839,4.21379519,0.02316141,27.70000076,20.3921566,-0.03838782,0.86689138,-0.03514424,0.31392109,29.80392265,30.19607925,-,-,44.59999847,31.50024796,14.64881134,-,1920,-,-131.8897705,36.77320099,-76.02362061,12.15686321,43.62025452,43.49598312,26.22362518
Thu Nov 23 00:02:41 EST 2017,02:39.9,-76.02344337,36.77310162,19.75,3,-40.5,125.4,8.35097599,0,4.09887314,-0.03271621,27.70000076,20.7843132,-0.08872956,0.82393724,-0.03904916,0.28658667,30.19607925,30.19607925,-,-,44.59999847,31.56630707,14.64881134,-,1917,-,-132.8740234,36.77310181,-76.02344513,12.15686321,44.17948914,44.11735535,25.43388557
Thu Nov 23 00:02:42 EST 2017,02:40.9,-76.02326561,36.77299519,19.75,3,-40.09999847,125.8,9.42357826,-0.15322891,4.63517427,0.01779544,27.70000076,20.7843132,0.05546851,0.95279956,-0.01561966,0.35297027,29.80392265,30.19607925,-,-,44.59999847,31.63167763,14.64881134,-,1930,-,-131.561676,36.772995,-76.02326202,11.76470566,44.17948914,44.11735535,25.43388557
Thu Nov 23 00:02:43 EST 2017,02:41.9,-76.02308324,36.77289146,19.75,4,-40,125.6,8.31266785,-0.11492168,3.83072281,-0.01114175,27.70000076,20.3921566,-0.02648914,0.88251102,-0.01171475,0.31001619,29.41176605,29.80392265,-,-,44.59999847,31.76039696,14.64881134,-,1935,-,-131.2335968,36.772892,-76.02308655,11.76470566,44.17948914,44.11735535,25.43388557
Thu Nov 23 00:02:44 EST 2017,02:42.9,-76.02290056,36.77279077,20,3,-40.79999924,125.5,9.19373417,-0.15322891,4.21379519,0.01699399,27.70000076,20.3921566,0.00915149,0.93327487,0.01561966,0.28268176,29.41176605,29.80392265,-,-,44.59999847,31.8237648,14.64881134,-,1936,-,-133.8582611,36.772789,-76.02290344,11.76470566,44.73872757,44.11735535,-
Thu Nov 23 00:02:45 EST 2017,02:43.9,-76.02272152,36.7726875,20,3,-40.90000153,125.9,9.84495735,-1.22583127,5.59285498,0.17994267,27.70000076,20.3921566,0.16133936,1.0035634,-0.12495731,0.47011772,29.41176605,29.80392265,-,-,44.59999847,31.88965797,14.64881134,-,1943,-,-134.1863556,36.772686,-76.02272034,11.76470566,44.73872757,44.73872757,-
Thu Nov 23 00:02:46 EST 2017,02:44.9,-76.02254318,36.77257816,20,4,-40.90000153,125.9,9.95987892,-1.60890353,4.02225876,0.01746229,27.70000076,20,0.01263832,0.91765523,-0.08981306,0.317826,29.41176605,29.41176605,-,-,44.59999847,32.01630783,14.64881134,-,1936,-,-134.1863556,36.77257919,-76.02254486,11.37254906,44.73872757,44.11735535,27.17759132
Thu Nov 23 00:02:47 EST 2017,02:45.9,-76.02236672,36.77247393,20,3,-41.09999847,125.8,8.6957407,0.03830723,4.25210238,0.00208122,27.70000076,20,-0.01293923,0.88641596,0.00390492,0.3334457,29.41176605,29.41176605,-,-,44.59999847,32.07711792,14.64881134,-,1935,-,-134.842514,36.77247238,-76.02236938,10.98039246,44.73872757,44.11735535,27.17759132
Thu Nov 23 00:02:48 EST 2017,02:46.9,-76.0221886,36.77237167,20,3,-41.20000076,125.7,7.81467438,0.19153613,4.29040956,-0.03967224,27.70000076,20,-0.09071595,0.79660285,0.01952458,0.33735061,29.41176605,29.41176605,-,-,44.59999847,32.13731766,14.64881134,-,1932,-,-135.1706085,36.7723732,-76.02218628,10.98039246,44.73872757,44.11735535,27.17759132
Thu Nov 23 00:02:49 EST 2017,02:47.9,-76.0220063,36.77226638,19.75,3,-41.09999847,125.7,8.15943909,-0.19153613,3.98395157,-0.0194872,27.70000076,20,-0.07388099,0.83174706,-0.01952458,0.30611128,29.01960754,29.41176605,-,-,44.59999847,32.25593185,14.64881134,-,1930,-,-134.842514,36.77226639,-76.02200317,10.98039246,44.17948914,44.11735535,-
Thu Nov 23 00:02:50 EST 2017,02:48.9,-76.02182499,36.77216028,19.75,3,-40.79999924,125.7,8.50420475,0.11492168,3.75410819,-0.00065972,27.70000076,20,-0.04328768,0.87079626,0.06247865,0.29049161,29.01960754,29.41176605,-,-,44.59999847,32.31436157,14.64881134,-,1930,-,-133.8582611,36.77215958,-76.0218277,11.37254906,44.17948914,44.11735535,-
Thu Nov 23 00:02:51 EST 2017,02:49.9,-76.02164115,36.77205807,20,3,-41.20000076,125.3,8.1211319,0.15322891,4.25210238,0.06104524,27.70000076,20,0.0084709,0.89422578,-0.02733441,0.364685,29.01960754,29.41176605,-,-,44.59999847,32.37221909,14.64881134,-,1931,-,-135.1706085,36.77205658,-76.02164459,11.37254906,44.73872757,44.11735535,-
Thu Nov 23 00:02:52 EST 2017,02:50.9,-76.02145918,36.77195531,20,4,-41.09999847,125.3,9.27034855,-0.15322891,4.175488,0.04722279,27.70000076,20,0.03689414,0.94498962,-0.01561966,0.32563588,29.01960754,29.41176605,-,-,44.59999847,32.43254471,14.64881134,-,1939,-,-134.842514,36.77195358,-76.02146149,11.37254906,44.73872757,44.73872757,29.61320305
Thu Nov 23 00:02:53 EST 2017,02:51.9,-76.02127275,36.77185595,19.75,4,-40.70000076,124.3,7.39329481,0.5363012,4.32871675,-0.02356588,27.70000076,20,-0.12466873,0.75364876,0.05466883,0.34125552,29.41176605,29.41176605,-,-,44.59999847,32.55144501,14.64881134,-,1942,-,-133.5301819,36.7718544,-76.02127075,11.37254906,44.17948914,44.73872757,29.61320305
Thu Nov 23 00:02:54 EST 2017,02:52.9,-76.02108531,36.77174723,20.25,4,-40.79999924,125.2,9.6534214,0.84275901,4.44363832,0.10568982,27.70000076,20,0.04990955,0.9488945,0.05466883,0.34516042,29.41176605,29.41176605,-,-,44.59999847,32.61003876,14.64881134,-,1939,-,-133.8582611,36.77174759,-76.02108765,11.37254906,45.29796219,44.73872757,29.61320305
Thu Nov 23 00:02:55 EST 2017,02:53.9,-76.02089522,36.77164444,20.25,4,-40.90000153,124.1,9.34696388,0.72783732,4.32871675,-0.01493549,27.70000076,20,0.05299348,0.95279956,0.0741934,0.34125552,29.01960754,29.41176605,-,-,44.59999847,32.66806793,14.64881134,-,1941,-,-134.1863556,36.77164459,-76.02089691,11.37254906,45.29796219,44.73872757,-
Thu Nov 23 00:02:56 EST 2017,02:54.9,-76.02070431,36.77154314,20.25,4,-40.90000153,123.8,8.50420475,0.15322891,4.55855989,-0.03594901,27.70000076,20,-0.04067552,0.86689138,0.00780983,0.31001619,29.01960754,29.41176605,-,-,44.59999847,32.78248215,14.64881134,-,1945,-,-134.1863556,36.7715416,-76.02070618,11.37254906,45.29796219,44.73872757,-
Thu Nov 23 00:02:57 EST 2017,02:55.9,-76.02051894,36.77142803,20.5,4,-41,125.8,8.46589756,0.5363012,4.13718033,-0.06468218,27.70000076,20,-0.07128142,0.83565199,0.04295408,0.30220634,29.01960754,29.41176605,-,-,44.59999847,32.83888245,14.64881134,-,1946,-,-134.5144348,36.77142715,-76.02051544,11.37254906,45.85719299,44.73872757,-
Thu Nov 23 00:02:58 EST 2017,02:56.9,-76.0203403,36.77132498,20.25,5,-41.09999847,125.6,7.73806,0.91937345,4.29040956,-0.01984205,27.70000076,20.3921566,-0.02617571,0.88251102,-0.02733441,0.31001619,29.01960754,29.41176605,-,-,44.59999847,32.89474869,14.64881134,-,1950,-,-134.842514,36.77132416,-76.02033997,11.37254906,45.29796219,44.73872757,-
Thu Nov 23 00:02:59 EST 2017,02:57.9,-76.02015256,36.77121584,20.25,5,-41.09999847,125.4,8.61912632,-0.03830723,4.02225876,-0.06121204,27.70000076,20.3921566,-0.13328771,0.77707827,-0.01952458,0.28268176,29.01960754,29.41176605,-,-,44.59999847,32.95009613,14.64881134,-,1951,-,-134.842514,36.77121735,-76.02014923,11.37254906,45.29796219,44.73872757,-
Thu Nov 23 00:03:00 EST 2017,02:58.9,-76.01997073,36.77112494,19.75,4,-41.20000076,124.4,9.57680702,0.15322891,2.64319873,0.06017862,27.70000076,20.3921566,0.05977512,0.96841919,0.00390492,0.32954079,29.01960754,29.41176605,-,-,44.59999847,32.95009613,14.64881134,-,1951,-,-135.1706085,36.77112579,-76.01997375,11.37254906,44.17948914,44.73872757,-
Thu Nov 23 00:03:01 EST 2017,02:59.9,-76.01978416,36.77102649,20,4,-41.20000076,124.5,8.04451752,0.45968673,4.02225876,0.01564489,27.70000076,20.3921566,0.01009613,0.90203559,-0.02733441,0.35297027,29.01960754,29.41176605,-,-,44.59999847,33.00492477,14.64881134,-,1944,-,-135.1706085,36.77102661,-76.01978302,11.37254906,44.73872757,44.73872757,-
Thu Nov 23 00:03:02 EST 2017,03:00.9,-76.01958562,36.77092718,20.5,4,-41.40000153,123.5,9.15542698,0.34476504,4.5202527,0.0057655,27.70000076,20,0.0044153,0.8747012,-0.03123933,0.39201942,29.01960754,29.41176605,-,-,44.59999847,33.0563736,14.64881134,-,1935,-,-135.8267822,36.77092743,-76.01958466,11.37254906,45.85719299,44.11735535,-
Thu Nov 23 00:03:03 EST 2017,03:01.9,-76.01941652,36.77082968,19.75,4,-41.5,123.7,8.81066227,-0.11492168,4.25210238,0.01632196,27.70000076,20,-0.00233731,0.89813066,-0.01171475,0.3334457,29.01960754,29.01960754,-,-,44.59999847,33.10734558,14.64881134,-,1927,-,-136.1548615,36.77082825,-76.01941681,10.98039246,44.17948914,44.11735535,-
Thu Nov 23 00:03:04 EST 2017,03:02.9,-76.01923627,36.77072809,19.75,4,-41.09999847,124.2,10.07480049,0.19153613,4.48194551,0.0011454,27.70000076,19.6078434,0.02962111,0.92156017,0.10933765,0.34516042,28.23529434,27.84313774,-,-,44.59999847,33.20788956,14.64881134,-,1916,-,-134.842514,36.77072906,-76.0192337,10.58823586,44.17948914,44.11735535,-
Thu Nov 23 00:03:05 EST 2017,03:03.9,-76.01904676,36.77063111,19.75,4,-41.40000153,124.1,8.1211319,-0.11492168,3.86903,-0.03371954,27.70000076,19.2156868,-0.08260495,0.84346181,-0.0234295,0.25925228,28.23529434,28.23529434,-,-,44.59999847,33.25465393,14.64881134,-,1898,-,-135.8267822,36.77062988,-76.01904297,10.1960783,44.17948914,43.49598312,-
Thu Nov 23 00:03:06 EST 2017,03:04.9,-76.01886548,36.77052769,19.75,3,-41,124.7,8.65743351,0.07661445,3.56257224,0.00208531,27.70000076,19.6078434,0.06328245,0.95670444,0.04685899,0.36078009,28.62745094,29.01960754,-,-,44.59999847,33.30099869,14.64881134,-,1899,-,-134.5144348,36.77052689,-76.01886749,10.58823586,44.17948914,43.49598312,-
Thu Nov 23 00:03:07 EST 2017,03:05.9,-76.01869085,36.77042293,19.5,3,-41,125,8.6957407,0.2681506,3.86903,-0.01041824,27.70000076,20,-0.01910337,0.90594047,-0.01561966,0.27487195,29.01960754,29.41176605,-,-,44.59999847,33.34692001,14.64881134,-,1883,-,-134.5144348,36.77042389,-76.01869202,10.98039246,43.62025452,43.49598312,-
Thu Nov 23 00:03:08 EST 2017,03:06.9,-76.01851024,36.7703238,19.25,4,-40.79999924,125.1,8.88727665,-0.34476504,4.21379519,-0.05832435,27.70000076,19.6078434,-0.05581006,0.84736669,-0.03904916,0.31392109,29.01960754,29.01960754,-,-,44.59999847,33.43198776,14.64881134,-,1872,-,-133.8582611,36.77032471,-76.01850891,10.98039246,43.0610199,42.8746109,-
Thu Nov 23 00:03:09 EST 2017,03:07.9,-76.01834379,36.77022371,19,4,-40.29999924,125.1,9.19373417,-0.45968673,4.86501789,0.05930745,27.70000076,16.86274529,0.0253218,0.89813066,-0.04295408,0.39201942,16.86274529,29.01960754,-,-,44.59999847,33.47119522,14.64881134,-,1866,-,-132.2178497,36.77022552,-76.01834106,7.45098066,42.50178909,42.25324249,-
Thu Nov 23 00:03:10 EST 2017,03:08.9,-76.01817042,36.77012455,19,4,-39.5,124.5,8.81066227,-0.68953007,4.06056595,-0.01216583,27.70000076,20.7843132,0.02846453,0.92936999,-0.09371798,0.32954079,33.33333206,33.72549057,-,-,44.59999847,33.54583359,14.64881134,-,1842,-,-129.5931702,36.77012634,-76.01817322,10.58823586,42.50178909,41.63187027,-
Thu Nov 23 00:03:11 EST 2017,03:09.9,-76.01799185,36.77003034,18.5,4,-39.40000153,124,8.6957407,-0.34476504,4.25210238,0.01188945,27.70000076,23.13725471,0.04388268,0.94498962,-0.03514424,0.34125552,29.41176605,29.41176605,-,-,44.59999847,33.58129883,14.64881134,-,1824,-,-129.2650909,36.77003098,-76.01799011,10.98039246,41.38331985,41.63187027,-
Thu Nov 23 00:03:12 EST 2017,03:10.9,-76.01780831,36.76994111,18.75,4,-39,121.9,8.50420475,0.07661445,4.63517427,0.01985276,27.70000076,19.2156868,0.04878261,0.94108468,-0.03514424,0.36078009,28.62745094,28.62745094,-,-,44.59999847,33.61645126,14.64881134,-,1823,-,-127.9527588,36.76993942,-76.01780701,10.1960783,41.94255447,41.63187027,-
Thu Nov 23 00:03:13 EST 2017,03:11.9,-76.01764287,36.76985836,18.25,4,-39,121.6,9.23204136,-0.45968673,4.09887314,0.02630689,27.70000076,19.2156868,0.03898902,0.93327487,-0.07809832,0.34906533,25.88235283,14.11764717,-,-,44.59999847,33.61645126,14.64881134,-,1789,-,-127.9527588,36.76985931,-76.01763916,10.1960783,40.82408524,41.63187027,-
Thu Nov 23 00:03:14 EST 2017,03:12.9,-76.01746003,36.76976903,18.75,4,-38.29999924,119.8,8.61912632,-0.57460839,4.5202527,-0.01206901,27.70000076,16.07843208,-0.01685027,0.85517663,-0.06247865,0.38030469,14.11764717,14.11764717,-,-,44.59999847,33.64860153,14.64881134,-,1789,-,-125.6561661,36.76976776,-76.01746368,6.27450991,41.94255447,41.01049805,-
Thu Nov 23 00:03:15 EST 2017,03:13.9,-76.01727502,36.76969375,18,3,-38.09999847,118.9,8.23605347,-0.84275901,4.97993946,0.02283607,27.70000076,15.68627453,0.07273335,0.92156017,-0.10152781,0.43887842,14.11764717,14.11764717,-,-,44.59999847,33.67509079,14.64881134,-,1716,-,-124.9999924,36.76969528,-76.01727295,5.88235283,40.26485062,39.76775742,-
Thu Nov 23 00:03:16 EST 2017,03:14.9,-76.0171022,36.76961811,17.5,4,-37.5,117.8,8.19774628,-1.03429508,4.78840351,0.01322729,27.70000076,15.29411793,-0.08562038,0.80050778,-0.05857374,0.33735061,14.11764717,14.11764717,-,-,44.59999847,33.69331741,14.64881134,-,1578,-,-123.0314941,36.76961899,-76.0171051,5.88235283,39.14638519,37.90364456,-
Thu Nov 23 00:03:17 EST 2017,03:15.9,-76.01694871,36.76955502,16.25,4,-37.59999847,116.8,8.54251194,-0.68953007,4.67348194,0.0266437,27.70000076,14.90196133,-0.05102241,0.79269797,-0.04295408,0.41935381,14.11764717,14.11764717,-,-,44.59999847,33.69331741,14.64881134,-,1578,-,-123.3595734,36.76955414,-76.01695251,5.49019623,36.35021591,37.90364456,-
Thu Nov 23 00:03:18 EST 2017,03:16.9,-76.01681438,36.76950177,15,4,-38.20000076,116.1,8.15943909,-0.91937345,5.82269859,0.0546537,27.70000076,14.90196133,0.22537388,0.99575359,-0.06247865,0.61069471,14.11764717,14.11764717,-,-,44.59999847,33.67938614,14.64881134,-,1346,-,-125.3280869,36.76950073,-76.01681519,5.49019623,33.55404282,30.44718933,-
Thu Nov 23 00:03:19 EST 2017,03:17.9,-76.01666267,36.7694473,14,4,-38.09999847,114,8.15943909,-0.80445176,4.63517427,0.00730076,27.70000076,14.50980377,-0.00148884,0.89032084,-0.0741934,0.34516042,14.11764717,14.11764717,-,-,44.59999847,33.65760803,14.64881134,-,1233,-,-124.9999924,36.76944733,-76.0166626,4.70588255,31.31710625,28.58307457,-
Thu Nov 23 00:03:20 EST 2017,03:18.9,-76.01652891,36.76939855,12.75,3,-37.79999924,114.2,8.23605347,-0.84275901,5.01824665,0.00996848,27.70000076,14.11764717,-0.01856677,0.85127175,-0.05857374,0.3842096,14.11764717,14.11764717,-,-,44.59999847,33.63336945,14.64881134,-,1193,-,-124.0157471,36.76939774,-76.01652527,4.31372547,28.52093697,27.96170425,-
Thu Nov 23 00:03:21 EST 2017,03:19.9,-76.01639861,36.76935431,12.5,4,-37.90000153,113.2,8.65743351,-0.15322891,4.44363832,0.00364444,27.70000076,14.11764717,-0.01967909,0.87860614,-0.0234295,0.3334457,14.11764717,14.11764717,-,-,44.59999847,33.60406876,14.64881134,-,1309,-,-124.3438339,36.76935577,-76.01639557,4.31372547,27.96170425,26.71896172,-
Thu Nov 23 00:03:22 EST 2017,03:20.9,-76.01628318,36.7693204,11.5,3,-37.79999924,112.3,8.23605347,-0.80445176,4.78840351,0.00949355,27.70000076,14.90196133,-0.00553128,0.86689138,-0.07809832,0.38030469,14.11764717,14.11764717,-,-,44.59999847,33.60406876,14.64881134,-,1309,-,-124.0157471,36.76932144,-76.01628113,5.49019623,25.72476578,26.71896172,-
Thu Nov 23 00:03:23 EST 2017,03:21.9,-76.01618038,36.76928836,11,3,-37.70000076,112.2,8.50420475,-1.37906015,4.25210238,-0.00807744,27.70000076,14.90196133,-0.06688851,0.82393724,-0.08200324,0.32954079,14.11764717,14.11764717,-,-,44.59999847,33.56190872,14.64881134,-,1379,-,-123.6876679,36.76928711,-76.01618195,5.09803915,24.60629845,23.61210442,-
Thu Nov 23 00:03:24 EST 2017,03:22.9,-76.01608376,36.76925792,10.25,4,-37.5,111.4,8.58081913,-1.03429508,5.13316822,-0.00998452,27.70000076,14.50980377,-0.04021449,0.83174706,-0.0741934,0.37249482,14.11764717,14.11764717,-,-,44.59999847,33.46305084,14.64881134,-,1232,-,-123.0314941,36.76925659,-76.01608276,4.70588255,22.9285965,21.12662125,-
Thu Nov 23 00:03:25 EST 2017,03:23.9,-76.01598775,36.76922872,9.5,4,-37.70000076,111,8.6957407,-0.99598789,4.67348194,-0.00417557,27.70000076,14.50980377,-0.02859963,0.83565199,-0.05076391,0.39201942,14.11764717,14.11764717,-,-,44.59999847,33.40646744,14.64881134,-,1150,-,-123.6876679,36.76922989,-76.01599121,4.31372547,21.25089455,19.88387871,-
Thu Nov 23 00:03:26 EST 2017,03:24.9,-76.01590315,36.76920036,8.5,3,-37.90000153,109.7,7.92959595,-0.15322891,4.29040956,-0.02186373,27.70000076,13.72549057,0.03176774,0.89813066,-0.05857374,0.40373418,14.11764717,14.11764717,-,-,44.59999847,33.3452034,14.64881134,-,1056,-,-124.3438339,36.76919937,-76.01589966,3.92156863,19.01395798,18.64113617,-
Thu Nov 23 00:03:27 EST 2017,03:25.9,-76.01581999,36.76917145,8.25,4,-37.59999847,109,8.08282471,0.15322891,4.44363832,0.01110954,27.70000076,14.11764717,0.01696881,0.86298645,-0.05076391,0.43497351,14.11764717,14.11764717,-,-,44.59999847,33.2088356,14.64881134,-,1251,-,-123.3595734,36.76917267,-76.01582336,3.92156863,18.45472336,16.15565109,-
Thu Nov 23 00:03:28 EST 2017,03:26.9,-76.01574875,36.76915957,7,4,-36.59999847,103.8,7.92959595,-0.42137951,4.86501789,0.00887338,27.70000076,14.11764717,-0.00789704,0.85127175,-0.03514424,0.40763909,14.11764717,14.11764717,-,-,44.59999847,33.12876129,14.64881134,-,1073,-,-120.0787354,36.76916122,-76.01574707,4.31372547,15.65855312,13.67016602,-
Thu Nov 23 00:03:29 EST 2017,03:27.9,-76.01568878,36.76914352,6.25,4,-36.29999924,109,8.61912632,0.72783732,5.32470465,0.03567831,27.70000076,13.72549057,0.06542566,0.91375035,-0.0234295,0.44668823,14.11764717,14.11764717,-,-,44.59999847,33.04426575,14.64881134,-,965,-,-119.0944824,36.76914215,-76.01568604,3.92156863,13.98085213,12.42742348,-
Thu Nov 23 00:03:30 EST 2017,03:28.9,-76.01564146,36.76912587,5,4,-36.59999847,109.9,7.54652357,-1.49398184,5.40131903,0.01450104,27.70000076,13.72549057,-0.02044993,0.83955687,0.08981306,0.39592433,14.11764717,14.11764717,-,-,44.59999847,32.95035172,14.64881134,-,793,-,-120.0787354,36.76912689,-76.01564026,3.52941179,11.18468189,9.94193935,-
Thu Nov 23 00:03:31 EST 2017,03:29.9,-76.01560225,36.76911241,3.75,4,-37,113.3,8.00621033,-0.11492168,5.01824665,-0.01773554,27.70000076,13.72549057,-0.06961522,0.78879303,-0.02733441,0.39201942,14.11764717,14.11764717,-,-,44.59999847,32.73223114,14.64881134,-,742,-,-121.3910751,36.76911163,-76.01560211,3.92156863,8.3885107,4.97096968,-
Thu Nov 23 00:03:32 EST 2017,03:30.9,-76.01558628,36.76911648,2,3,-37.90000153,103.5,8.6957407,-0.72783732,4.8267107,0.00577094,27.70000076,14.11764717,-0.04958441,0.80441266,0.04295408,0.40373418,14.11764717,14.11764717,-,-,44.59999847,32.61574936,14.64881134,-,665,-,-124.3438339,36.76911545,-76.01558685,3.92156863,4.47387266,3.72822714,-
Thu Nov 23 00:03:33 EST 2017,03:31.9,-76.0155689,36.76910598,1.25,4,-37.29999924,108.1,8.00621033,-0.34476504,5.05655384,0.00814971,27.70000076,14.50980377,-0.03375766,0.81612742,-0.03514424,0.4154489,14.11764717,14.11764717,-,-,44.59999847,32.49274063,14.64881134,-,668,-,-122.3753281,36.76910782,-76.01557159,4.70588255,2.79617047,1.86411357,-
Thu Nov 23 00:03:34 EST 2017,03:32.9,-76.01556439,36.76910224,0.5,4,-37.09999847,108.1,9.0788126,-0.57460839,4.09887314,0.00622376,-,14.11764717,0.01744877,0.92546505,-0.05857374,0.317826,14.11764717,14.11764717,-,-,44.59999847,32.36576462,14.64881134,-,709,-,-121.7191544,36.769104,-76.01556396,4.31372547,1.11846817,0,-
Thu Nov 23 00:03:35 EST 2017,03:33.9,-76.01556808,36.76910427,0,4,-37.5,0,8.6957407,0,4.02225876,0.00216517,-,14.11764717,-0.0326844,0.8747012,-0.04295408,0.31001619,14.11764717,14.11764717,-,-,44.59999847,32.36576462,14.64881134,-,698,-,-123.0314941,36.769104,-76.01557159,4.31372547,0,0,-
Thu Nov 23 00:03:36 EST 2017,03:34.9,-76.0155677,36.76910482,0,3,-37.59999847,0,8.96389103,-0.19153613,4.02225876,0.00503787,-,14.11764717,-0.00874336,0.90203559,0.01171475,0.31001619,14.11764717,14.11764717,-,-,44.59999847,32.36576462,14.64881134,-,674,-,-123.3595734,36.769104,-76.01556396,4.31372547,0,0,-
Thu Nov 23 00:03:37 EST 2017,03:35.9,-76.01556649,36.76910448,0,3,-37.90000153,0,8.88727665,0.03830723,3.90733719,0.00240529,-,13.72549057,-0.00524753,0.90594047,-0.00390492,0.31001619,14.11764717,14.11764717,-,-,44.59999847,32.36576462,14.64881134,-,676,-,-124.3438339,36.769104,-76.01556396,3.92156863,0,0,-
Thu Nov 23 00:03:38 EST 2017,03:36.9,-76.01556513,36.76910604,0,3,-38,0,8.04451752,0.15322891,4.21379519,0.00481867,-,13.72549057,-0.08100126,0.81612742,0.00780983,0.32173091,14.11764717,14.11764717,-,-,44.59999847,32.36576462,14.64881134,-,648,-,-124.6719132,36.76910782,-76.01556396,3.92156863,0,0,-
Thu Nov 23 00:03:39 EST 2017,03:37.9,-76.01556537,36.76910805,0,3,-38.29999924,0,8.84896946,-0.42137951,4.02225876,0.01077944,-,13.72549057,-0.04956027,0.85517663,0.00780983,0.31392109,14.11764717,14.11764717,-,-,44.59999847,32.36576462,14.64881134,-,658,-,-125.6561661,36.76910782,-76.01556396,3.92156863,0,0,-
Thu Nov 23 00:03:40 EST 2017,03:38.9,-76.01556628,36.76910901,0,3,-38.5,0,9.04050541,-0.30645782,4.02225876,0.00318525,-,13.72549057,-0.03325245,0.8747012,-0.02733441,0.31001619,14.11764717,14.11764717,-,-,44.59999847,32.36576462,14.64881134,-,679,-,-126.3123398,36.76910782,-76.01556396,3.92156863,0,0,-
Thu Nov 23 00:03:41 EST 2017,03:39.9,-76.01556758,36.76910975,0,3,-38.59999847,0,8.92558384,-0.15322891,3.63918662,0.00365119,-,13.72549057,-0.01302427,0.90594047,-0.01561966,0.29049161,14.11764717,14.11764717,-,-,44.59999847,32.36576462,14.64881134,-,664,-,-126.6404114,36.76911163,-76.01556396,3.92156863,0,0,-
Thu Nov 23 00:03:42 EST 2017,03:40.9,-76.01556631,36.76910975,0,3,-38.59999847,0,8.88727665,-2.33674097,3.60087943,0.02303616,-,13.72549057,0.0416805,0.99184865,0.0234295,0.21629821,14.11764717,16.07843208,-,-,46.40000153,32.36576462,14.64881134,-,705,-,-126.6404114,36.76911163,-76.01556396,3.92156863,0,0,-
Thu Nov 23 00:03:43 EST 2017,03:41.9,-76.01556521,36.76910802,0,3,-38.5,0,8.92558384,0.07661445,3.17949986,-0.01511925,-,17.64705849,-0.00852024,0.9371798,-0.03904916,0.22020312,27.45098114,27.45098114,-,-,46.40000153,32.24472427,14.64881134,-,1121,-,-126.3123398,36.76910782,-76.01556396,8.23529434,0,1.86411357,-
Thu Nov 23 00:03:44 EST 2017,03:42.9,-76.01555428,36.76910516,1.75,3,-38.5,108.1,8.96389103,0.45968673,3.21780705,-0.00092802,-,18.8235302,-0.02148632,0.90984541,0.0741934,0.25144243,33.33333206,34.11764908,-,-,46.40000153,32.13446808,14.64881134,-,1195,-,-126.3123398,36.769104,-76.01555634,8.62745094,3.91463828,4.34959841,32.5900383
Thu Nov 23 00:03:45 EST 2017,03:43.9,-76.01553606,36.76910181,2.25,3,-38.09999847,108.1,9.53849983,0,2.45166254,0.0078947,-,20.3921566,-0.03868942,0.92546505,0.05076391,0.15381955,36.07843018,37.25490189,-,-,46.40000153,31.93604279,14.64881134,-,1755,-,-124.9999924,36.76910019,-76.01553345,11.76470566,5.03310633,7.45645428,25.36565971
Thu Nov 23 00:03:46 EST 2017,03:44.9,-76.01549974,36.76908795,3.25,3,-38,109,9.50019264,1.34075296,2.45166254,0.02034575,-,22.35294151,0.0048786,0.96060938,0.11714748,0.16943921,38.4313736,38.4313736,-,-,46.40000153,31.85012817,14.64881134,-,1634,-,-124.6719132,36.76908875,-76.01550293,13.72549057,7.2700429,9.94193935,25.36565971
Thu Nov 23 00:03:47 EST 2017,03:45.9,-76.01544237,36.7690741,4.75,4,-37.59999847,108.7,9.27034855,1.34075296,2.52827692,0.00427403,-,27.45098114,-0.00425858,0.96451426,0.1444819,0.09915072,41.17647171,41.5686264,-,-,46.40000153,31.77939034,14.64881134,-,1980,-,-123.3595734,36.76907349,-76.01544189,19.6078434,10.62544727,13.67016602,74.04450989
Thu Nov 23 00:03:48 EST 2017,03:46.9,-76.01537423,36.76905837,6.5,4,-37.09999847,107.9,9.27034855,1.03429508,2.98796368,0.00755833,-,28.62745094,0.01971089,0.96841919,0.07809832,0.20848836,42.35294342,42.35294342,-,-,46.40000153,31.71883202,14.64881134,-,2153,-,-121.7191544,36.76905823,-76.01537323,20.7843132,14.54008579,16.15565109,74.04450989
Thu Nov 23 00:03:49 EST 2017,03:47.9,-76.01527407,36.76902796,8.25,4,-37.09999847,108.4,9.19373417,0.8810662,2.71981311,-0.00920659,-,25.09803963,0.02089982,0.95279956,0.12495731,0.24363261,39.60784531,40,-,-,46.40000153,31.67073822,14.64881134,-,2120,-,-121.7191544,36.76902771,-76.01527405,16.86274529,18.45472336,19.26250648,100.1155853
Thu Nov 23 00:03:50 EST 2017,03:48.9,-76.01517138,36.7690001,9.5,3,-37,110.4,8.15943909,2.26012635,4.5202527,-0.02422873,-,25.09803963,0.01084361,0.89813066,0.15229172,0.33735061,36.86274719,34.11764908,-,-,46.40000153,31.59946251,14.64881134,-,1775,-,-121.3910751,36.76900101,-76.01517487,16.86274529,21.25089455,22.9907341,86.08932495
Thu Nov 23 00:03:51 EST 2017,03:49.9,-76.015061,36.76895845,10.25,3,-36.59999847,112.3,8.38928318,2.03028297,4.59686708,0.00982578,-,16.07843208,-0.0053703,0.83174706,0.18743597,0.411544,14.11764717,14.11764717,-,-,46.40000153,31.56423378,14.64881134,-,1739,-,-120.0787354,36.76895905,-76.01506042,7.05882359,22.9285965,22.36936378,86.08932495
Thu Nov 23 00:03:52 EST 2017,03:50.9,-76.01495792,36.76892603,10,3,-36.40000153,113.4,8.1211319,2.22181916,4.06056595,-0.02987489,-,16.07843208,-0.15609629,0.74974388,0.10933765,0.27096704,21.96078491,21.96078491,-,-,46.40000153,31.52691078,14.64881134,-,1674,-,-119.4225769,36.76892471,-76.01496124,6.27450991,22.36936378,21.74799156,86.08932495
Thu Nov 23 00:03:53 EST 2017,03:51.9,-76.01485694,36.76889131,9.75,3,-36.5,114.9,8.23605347,-1.64721072,4.02225876,-0.01315612,-,15.68627453,-0.03054142,0.86298645,-0.12886222,0.32173091,25.49019623,25.88235283,-,-,46.40000153,31.4875145,14.64881134,-,1644,-,-119.7506561,36.76889038,-76.01485443,6.27450991,21.81012726,21.12662125,86.08932495
Thu Nov 23 00:03:54 EST 2017,03:52.9,-76.01475584,36.76885777,9.5,3,-36.09999847,113.9,9.04050541,-2.68150592,4.48194551,0.01376014,-,19.2156868,0.00858437,0.89422578,-0.25381953,0.29049161,30.98039246,25.88235283,-,-,46.40000153,31.44841576,14.64881134,-,1643,-,-118.4383164,36.76885605,-76.01475525,10.1960783,21.25089455,21.12662125,-
Thu Nov 23 00:03:55 EST 2017,03:53.9,-76.01465629,36.76882773,9.5,3,-36,111.1,8.54251194,-0.72783732,3.90733719,0.00984774,-,19.6078434,-0.00317888,0.90594047,-0.14057697,0.29049161,30.98039246,30.98039246,-,-,46.40000153,31.41194916,14.64881134,-,1683,-,-118.1102371,36.76882935,-76.01465607,10.58823586,21.25089455,21.74799156,-
Thu Nov 23 00:03:56 EST 2017,03:54.9,-76.01455089,36.76880034,9.75,4,-36.09999847,108.3,8.35097599,0,3.44765043,-0.00338965,-,20,-0.07872101,0.85127175,0,0.25144243,30.58823586,30.98039246,-,-,46.40000153,31.34446716,14.64881134,-,1740,-,-118.4383164,36.76879883,-76.01454926,10.98039246,21.81012726,22.36936378,28.27174187
Thu Nov 23 00:03:57 EST 2017,03:55.9,-76.0144465,36.76877559,10,4,-35.90000153,106.5,8.96389103,0.80445176,4.13718033,-0.00360151,-,18.8235302,-0.05781612,0.84346181,0.15229172,0.29049161,28.62745094,28.62745094,-,-,46.40000153,31.31341171,14.64881134,-,1767,-,-117.7821579,36.76877594,-76.01445007,9.8039217,22.36936378,22.9907341,13.26016521
Thu Nov 23 00:03:58 EST 2017,03:56.9,-76.01433292,36.76874393,10.5,4,-35.79999924,107.6,8.54251194,0.03830723,3.94564438,-0.03631968,-,18.03921509,-0.08193158,0.83565199,0.05857374,0.27487195,27.05882454,28.62745094,-,-,46.40000153,31.28258705,14.64881134,-,1776,-,-117.4540634,36.76874542,-76.01433563,8.62745094,23.48783112,22.9907341,13.26016521
Thu Nov 23 00:03:59 EST 2017,03:57.9,-76.01422417,36.76871813,10.5,4,-35.79999924,107.3,8.00621033,0.30645782,3.37103605,-0.04996646,-,17.25490189,-0.01629952,0.8747012,0.01561966,0.34906533,27.05882454,27.05882454,-,-,46.40000153,31.25199127,14.64881134,-,1757,-,-117.4540634,36.76871872,-76.01422119,7.84313726,23.48783112,22.9907341,13.26016521
Thu Nov 23 00:04:00 EST 2017,03:58.9,-76.01411318,36.76868929,10.25,4,-36,107.7,9.0788126,-0.42137951,4.63517427,0.03408283,-,17.64705849,0.03090963,0.92546505,0.01952458,0.35297027,26.66666794,26.66666794,-,-,46.40000153,31.21933174,14.64881134,-,1728,-,-118.1102371,36.7686882,-76.01411438,8.23529434,22.9285965,22.36936378,13.26016521
Thu Nov 23 00:04:01 EST 2017,03:59.9,-76.01400904,36.76865805,10.25,4,-35.90000153,108.6,8.61912632,0.38307226,4.59686708,0.01580875,-,16.86274529,0.02604331,0.90984541,0.03123933,0.37249482,25.88235283,26.27450943,-,-,46.40000153,31.15473557,14.64881134,-,1713,-,-117.7821579,36.76865768,-76.01400757,7.84313726,22.9285965,22.36936378,-
Thu Nov 23 00:04:02 EST 2017,04:00.9,-76.01390186,36.76863288,10,3,-36.09999847,108.5,8.84896946,-0.22984336,4.97993946,0.01192215,-,16.07843208,-0.04427699,0.85908157,-0.05857374,0.31392109,14.11764717,14.11764717,-,-,46.40000153,31.11827087,14.64881134,-,1620,-,-118.4383164,36.76863098,-76.01390076,6.66666698,22.36936378,21.12662125,-
Thu Nov 23 00:04:03 EST 2017,04:01.9,-76.01380071,36.76860881,9.75,4,-36.20000076,107,8.38928318,-0.11492168,5.09486103,0.00832697,-,15.29411793,0.01449,0.84736669,-0.05466883,0.45449808,14.11764717,14.11764717,-,-,46.40000153,31.07756424,14.64881134,-,1541,-,-118.7664032,36.76860809,-76.01380157,5.49019623,21.81012726,19.88387871,-
Thu Nov 23 00:04:04 EST 2017,04:02.9,-76.0137076,36.76858394,9,3,-35.90000153,107.1,8.35097599,0,5.43962622,-0.00823368,-,15.29411793,-0.03578114,0.82393724,0.01952458,0.39982924,14.11764717,14.11764717,-,-,46.40000153,31.02818108,14.64881134,-,1364,-,-117.7821579,36.76858521,-76.01371002,5.49019623,20.13242531,17.39839363,-
Thu Nov 23 00:04:05 EST 2017,04:03.9,-76.01362587,36.76856519,7.5,3,-36.20000076,106.5,8.08282471,1.60890353,5.17147589,0.01646218,-,13.72549057,-0.0280578,0.82003236,0.16010156,0.39592433,14.11764717,14.11764717,-,-,46.40000153,30.96797943,14.64881134,-,1106,-,-118.7664032,36.76856613,-76.0136261,4.31372547,16.77702141,14.29153728,-
Thu Nov 23 00:04:06 EST 2017,04:04.9,-76.01355291,36.76854605,6.75,4,-36.5,106.3,7.81467438,2.64319873,4.63517427,-0.00826489,-,13.72549057,-0.00405946,0.82393724,0.30458343,0.36858991,14.11764717,14.11764717,-,-,46.40000153,30.89929771,14.64881134,-,939,-,-119.7506561,36.76854706,-76.0135498,3.52941179,15.09931946,11.80605221,-
Thu Nov 23 00:04:07 EST 2017,04:05.9,-76.01350977,36.76853046,5,4,-35.90000153,109.5,6.55053568,4.36702394,4.8267107,-0.00918935,-,13.72549057,-0.0602647,0.67555046,0.43344569,0.38811451,14.11764717,14.11764717,-,-,46.40000153,30.82223129,14.64881134,-,758,-,-117.7821579,36.7685318,-76.01351166,3.92156863,11.18468189,9.32056808,-
Thu Nov 23 00:04:08 EST 2017,04:06.9,-76.01347909,36.76851511,3.5,3,-35.70000076,111.6,5.47793341,7.39329481,2.68150592,-0.02814587,-,14.50980377,0.03082081,0.58573741,0.79269797,0.20067854,38.03921509,39.2156868,-,-,46.40000153,30.73465729,14.64881134,-,1210,-,-117.1259842,36.76851654,-76.01348114,3.92156863,7.82927656,6.21371174,-
Thu Nov 23 00:04:09 EST 2017,04:07.9,-76.0134457,36.76850385,3.25,4,-34.90000153,115.2,-2.18351197,9.19373417,0.99598789,-0.03029014,-,23.92156982,0.0045141,-0.08981306,0.96841919,0.14991464,38.4313736,38.82352829,-,-,46.40000153,30.64770317,14.64881134,-,1791,-,-114.5013199,36.7685051,-76.01344299,15.29411793,7.2700429,6.21371174,-
Thu Nov 23 00:04:10 EST 2017,04:08.9,-76.01339676,36.76848205,4.5,4,-34.5,120.2,-6.81868649,6.58884287,1.45567465,0.02237978,-,25.09803963,0.07149512,-0.72240943,0.76536351,0.09915072,38.4313736,38.4313736,-,-,46.40000153,30.57453728,14.64881134,-,1987,-,-113.1889801,36.76848221,-76.01339722,16.86274529,10.06621265,9.94193935,37.51235962
Thu Nov 23 00:04:11 EST 2017,04:09.9,-76.01334732,36.76844932,5.5,4,-34.29999924,129.8,-6.81868649,6.55053568,1.8770541,0.01577288,-,25.88235283,-0.01700556,-0.69507504,0.66774058,0.09134088,38.03921509,38.4313736,-,-,46.40000153,30.46026993,14.64881134,-,2083,-,-112.5328064,36.76844788,-76.01334381,18.03921509,12.30314922,15.53427982,60.69395447
Thu Nov 23 00:04:12 EST 2017,04:10.9,-76.0133037,36.76837871,7.75,3,-34.59999847,151.4,-4.175488,8.46589756,1.76213241,0.0454255,-,26.66666794,0.07754457,-0.38268176,0.97232407,0.16162936,39.60784531,40,-,-,46.40000153,30.41677284,14.64881134,-,1733,-,-113.5170593,36.76837921,-76.01330566,18.8235302,17.33625603,18.01976395,93.29878235
Thu Nov 23 00:04:13 EST 2017,04:11.9,-76.01328727,36.76830045,8.75,4,-34.29999924,171.2,2.79642749,7.81467438,2.52827692,0.02209468,-,28.62745094,-0.11524516,0.28505886,0.79660285,0.15772445,44.31372452,45.09804153,-,-,46.40000153,30.38656616,14.64881134,-,1715,-,-112.5328064,36.7682991,-76.01329041,24.31372643,19.5731926,21.74799156,141.3328247
Thu Nov 23 00:04:13 EST 2017,04:12.9,-76.01328727,36.76830045,8.75,4,-34.29999924,171.2,9.38527107,2.94965649,2.79642749,0.02926118,-,38.4313736,0.04292491,0.95670444,0.30067852,0.18505886,45.88235474,45.88235474,-,-,46.40000153,30.36735916,14.64881134,-,1920,-,-112.5328064,36.7682991,-76.01329041,35.29411697,19.5731926,24.85484695,141.3328247
Thu Nov 23 00:04:15 EST 2017,04:13.9,-76.01336134,36.76809872,12,3,-35.09999847,196,9.73003578,0.61291564,2.56658411,0.00680032,-,32.54901886,0.0135872,0.97232407,0.04685899,0.18115395,42.74509811,45.88235474,-,-,46.40000153,30.36118507,14.64881134,-,2184,-,-115.1574783,36.76809692,-76.01335907,25.88235283,26.84323311,28.58307457,162.4335327
Thu Nov 23 00:04:16 EST 2017,04:14.9,-76.01340636,36.7679847,13.75,3,-35.79999924,198.1,9.50019264,-0.19153613,3.40934324,0.01110619,-,32.94117737,0.01183946,0.95670444,-0.01561966,0.22801295,43.13725662,43.13725662,-,-,46.40000153,30.36791039,14.64881134,-,2426,-,-117.4540634,36.7679863,-76.01340485,26.27450943,30.75787354,32.31130219,162.4335327
Thu Nov 23 00:04:17 EST 2017,04:15.9,-76.01346091,36.7678529,15.25,4,-35.59999847,198.4,9.0788126,0,3.29442143,0.00669891,-,28.23529434,-0.02822266,0.90203559,-0.03123933,0.25925228,37.64706039,38.03921509,-,-,46.40000153,30.3809948,14.64881134,-,2122,-,-116.7978973,36.76785278,-76.01345825,21.56862831,34.11327744,34.17541504,126.7934647
Thu Nov 23 00:04:18 EST 2017,04:16.9,-76.0135205,36.76771707,16.25,3,-36.29999924,198.5,8.84896946,0.45968673,3.94564438,-0.00325268,-,25.88235283,-0.0109085,0.90203559,0.04685899,0.30220634,34.90196228,34.90196228,-,-,46.40000153,30.40037155,14.64881134,-,2107,-,-119.0944824,36.76771545,-76.01351929,17.64705849,36.35021591,36.03952789,126.7934647
Thu Nov 23 00:04:19 EST 2017,04:17.9,-76.01358061,36.76757345,16.75,4,-36.40000153,198.1,8.58081913,0.45968673,3.48595762,-0.02334906,-,23.52941132,-0.05438893,0.8747012,0.04685899,0.25534737,34.11764908,34.50980377,-,-,46.40000153,30.45141411,14.64881134,-,1753,-,-119.4225769,36.76757431,-76.01358032,15.29411793,37.46868134,38.52501297,87.10482788
Thu Nov 23 00:04:20 EST 2017,04:18.9,-76.01364028,36.76742535,17.25,3,-36.40000153,198.4,8.58081913,-0.30645782,3.75410819,0.01066131,-,23.13725471,0.02645215,0.94498962,0.03514424,0.29830143,34.11764908,34.11764908,-,-,46.40000153,30.48089027,14.64881134,-,1691,-,-119.4225769,36.76742554,-76.01364136,14.90196133,38.58715057,39.14638519,77.43334961
Thu Nov 23 00:04:21 EST 2017,04:19.9,-76.01370389,36.76727604,17.5,3,-36.79999924,198.8,9.50019264,-0.03830723,3.33272886,0.02332778,-,20.3921566,-0.04430892,0.86689138,0.05076391,0.29830143,30.19607925,30.58823586,-,-,46.40000153,30.51016617,14.64881134,-,1713,-,-120.7349091,36.76727676,-76.01370239,11.37254906,39.14638519,39.14638519,77.43334961
Thu Nov 23 00:04:22 EST 2017,04:20.9,-76.01376556,36.76712305,17.75,3,-37.29999924,198.4,9.15542698,0.22984336,3.48595762,0.00378383,-,20.3921566,0.0007474,0.90984541,0.08981306,0.30611128,30.58823586,30.58823586,-,-,46.40000153,30.54133606,14.64881134,-,1723,-,-122.3753281,36.76712418,-76.01376343,11.37254906,39.705616,39.76775742,77.43334961
Thu Nov 23 00:04:23 EST 2017,04:21.9,-76.01382513,36.76696748,17.75,3,-37.20000076,198.2,7.81467438,1.57059634,3.90733719,0.01805633,-,19.6078434,0.06225583,0.97622901,0.11324256,0.30220634,30.58823586,30.58823586,-,-,44.59999847,30.57229805,14.64881134,-,1733,-,-122.0472488,36.76696777,-76.01382446,11.37254906,39.705616,39.76775742,26.06326294
Thu Nov 23 00:04:24 EST 2017,04:22.9,-76.01388858,36.76681294,18,3,-36.90000153,199.2,8.08282471,0.80445176,4.02225876,-0.01206168,-,18.03921509,-0.07758722,0.87079626,0.06247865,0.19677362,33.33333206,35.29411697,-,-,44.59999847,30.60305023,14.64881134,-,1744,-,-121.0629959,36.76681137,-76.0138855,8.62745094,40.26485062,39.76775742,26.06326294
Thu Nov 23 00:04:25 EST 2017,04:23.9,-76.01395657,36.76665956,18,3,-37,200.1,9.27034855,0.42137951,2.71981311,-0.03690866,-,25.88235283,-0.02667725,0.90203559,0.0976229,0.25144243,37.25490189,37.25490189,-,-,44.59999847,30.63567162,14.64881134,-,1824,-,-121.3910751,36.76665878,-76.01395416,17.64705849,40.26485062,40.38912582,24.65272713
Thu Nov 23 00:04:26 EST 2017,04:24.9,-76.01403305,36.76650668,18.25,3,-37.29999924,201.6,8.54251194,0.84275901,3.75410819,-0.00056636,-,23.52941132,-0.03663607,0.89813066,-0.00390492,0.24753754,33.33333206,32.94117737,-,-,44.59999847,30.67013741,14.64881134,-,1861,-,-122.3753281,36.7665062,-76.01403046,14.90196133,40.82408524,41.01049805,24.65272713
Thu Nov 23 00:04:27 EST 2017,04:25.9,-76.01411677,36.7663492,18.75,3,-37.40000153,202.8,8.6957407,0.34476504,3.60087943,-0.02582042,-,20.7843132,-0.06397409,0.85517663,0.02733441,0.27877685,30.98039246,31.37254906,-,-,44.59999847,30.74659538,14.64881134,-,1859,-,-122.7034149,36.76634979,-76.01411438,11.76470566,41.94255447,42.25324249,69.75630951
Thu Nov 23 00:04:28 EST 2017,04:26.9,-76.01420599,36.76619174,19,3,-37.59999847,203.8,8.50420475,1.72382522,4.06056595,-0.00441962,45.95800018,19.6078434,-0.03730941,0.86689138,0.16791138,0.28268176,29.41176605,30.58823586,-,-,44.59999847,30.78444481,14.64881134,-,1863,-,-123.3595734,36.76619339,-76.01420593,10.58823586,42.50178909,42.25324249,69.75630951
Thu Nov 23 00:04:29 EST 2017,04:27.9,-76.01429851,36.76603693,19.25,3,-37.79999924,205.3,9.42357826,-1.14921677,3.44765043,0.0058197,45.95800018,19.2156868,0.00468877,0.86689138,0.08590815,0.39982924,28.23529434,28.23529434,-,-,44.59999847,30.82408524,14.64881134,-,1859,-,-124.0157471,36.76603699,-76.01429749,10.1960783,43.0610199,42.8746109,69.75630951
Thu Nov 23 00:04:30 EST 2017,04:28.9,-76.01439646,36.76588456,19.25,3,-38,207,9.04050541,0.99598789,4.29040956,0.00795254,45.95800018,18.8235302,0.03090217,0.9488945,0.05466883,0.29830143,28.23529434,28.23529434,-,-,44.59999847,30.9025898,14.64881134,-,1855,-,-124.6719132,36.7658844,-76.01439667,9.8039217,43.0610199,42.8746109,26.99166298
Thu Nov 23 00:04:31 EST 2017,04:29.9,-76.01449561,36.76573051,19.25,3,-37.79999924,207.9,8.61912632,1.72382522,4.02225876,-0.00626569,45.95800018,19.2156868,-0.11090112,0.81612742,0.10543273,0.23582277,28.23529434,28.23529434,-,-,44.59999847,30.9394455,14.64881134,-,1860,-,-124.0157471,36.76573181,-76.01449585,10.1960783,43.0610199,42.25324249,26.99166298
Thu Nov 23 00:04:32 EST 2017,04:30.9,-76.01460155,36.76558137,19.25,3,-37.20000076,209.4,7.92959595,0.57460839,4.48194551,-0.01678862,45.95800018,19.2156868,-0.06206878,0.8747012,0.03514424,0.23582277,28.23529434,28.23529434,-,-,44.59999847,30.97605705,14.64881134,-,1857,-,-122.0472488,36.76558304,-76.01460266,10.1960783,43.0610199,42.25324249,26.99166298
Thu Nov 23 00:04:33 EST 2017,04:31.9,-76.01471771,36.76543213,19.5,4,-36.59999847,211.2,7.85298157,0.80445176,4.94163227,0.0190198,45.95800018,19.2156868,-0.05613322,0.85908157,0.09371798,0.27877685,28.23529434,28.62745094,-,-,44.59999847,31.01243401,14.64881134,-,1854,-,-120.0787354,36.76543045,-76.0147171,10.1960783,43.62025452,42.25324249,-
Thu Nov 23 00:04:34 EST 2017,04:32.9,-76.0148283,36.76528529,19,3,-36.70000076,211.5,8.50420475,0.19153613,4.29040956,-0.00230263,45.95800018,16.07843208,-0.07662006,0.83955687,-0.02733441,0.28268176,25.49019623,25.49019623,-,-,44.59999847,31.08250046,14.64881134,-,1822,-,-120.4068298,36.76528549,-76.01483154,6.66666698,42.50178909,41.63187027,-
Thu Nov 23 00:04:35 EST 2017,04:33.9,-76.01493928,36.76514301,18.75,3,-36.09999847,212.5,8.77235508,-0.42137951,4.29040956,-0.00490706,45.95800018,17.64705849,-0.02633236,0.86298645,-0.03123933,0.34906533,24.31372643,25.09803963,-,-,44.59999847,31.11421967,14.64881134,-,1805,-,-118.4383164,36.76514435,-76.01493835,8.23529434,41.94255447,41.01049805,-
Thu Nov 23 00:04:36 EST 2017,04:34.9,-76.01504999,36.76500495,18.25,3,-35.70000076,212.3,7.89128876,-0.65122288,3.60087943,-0.03886809,45.95800018,18.03921509,-0.03728565,0.85908157,-0.10152781,0.32173091,27.45098114,27.45098114,-,-,44.59999847,31.14573479,14.64881134,-,1775,-,-117.1259842,36.7650032,-76.0150528,8.62745094,40.82408524,41.01049805,-
Thu Nov 23 00:04:37 EST 2017,04:35.9,-76.01515721,36.76486467,18,3,-35.79999924,211.1,8.23605347,0.9576807,3.98395157,0.01569316,45.95800018,18.03921509,-0.05264786,0.84736669,0.03123933,0.32173091,27.45098114,27.45098114,-,-,44.59999847,31.20227242,14.64881134,-,1743,-,-117.4540634,36.76486588,-76.01515961,8.62745094,40.26485062,39.76775742,-
Thu Nov 23 00:04:38 EST 2017,04:36.9,-76.01526058,36.76472278,18,3,-35.70000076,210.3,8.1211319,0.5363012,4.63517427,-0.01379674,45.95800018,15.68627453,-0.08820226,0.79660285,0.03904916,0.34125552,14.11764717,14.11764717,-,-,44.59999847,31.22733307,14.64881134,-,1720,-,-117.1259842,36.76472092,-76.01525879,6.66666698,40.26485062,39.14638519,-
Thu Nov 23 00:04:39 EST 2017,04:37.9,-76.01536164,36.7645923,17.5,3,-36.09999847,210.2,8.04451752,0.15322891,4.75009632,0.03772004,45.95800018,15.68627453,-0.022961,0.85517663,-0.10152781,0.36078009,14.11764717,14.11764717,-,-,44.59999847,31.25028229,14.64881134,-,1658,-,-118.4383164,36.76459122,-76.01535797,5.88235283,39.14638519,38.52501297,-
Thu Nov 23 00:04:40 EST 2017,04:38.9,-76.01545855,36.76446175,17,3,-36.20000076,209.8,8.42759037,-0.38307226,5.43962622,0.01207779,45.95800018,15.29411793,0.00985435,0.83174706,-0.10543273,0.4623079,14.11764717,14.11764717,-,-,44.59999847,31.28215599,14.64881134,-,1539,-,-118.7664032,36.76446152,-76.01545715,5.49019623,38.02791595,35.41815948,-
Thu Nov 23 00:04:41 EST 2017,04:39.9,-76.01553876,36.76433738,16,3,-36.29999924,208,8.15943909,-1.76213241,5.55454779,0.04287253,45.95800018,14.90196133,0.03560579,0.86298645,-0.19134088,0.43887842,14.11764717,14.11764717,-,-,44.59999847,31.28923416,14.64881134,-,1470,-,-119.0944824,36.76433563,-76.01554108,5.09803915,35.79098129,33.55404282,-
Thu Nov 23 00:04:42 EST 2017,04:40.9,-76.01559927,36.76421614,14.75,3,-36.5,204,8.31266785,-2.7581203,5.36301184,0.04978204,45.95800018,14.50980377,-0.02907879,0.82003236,-0.14057697,0.39982924,14.11764717,14.11764717,-,-,44.59999847,31.29047775,14.64881134,-,1377,-,-119.7506561,36.76421738,-76.01560211,4.70588255,32.9948082,31.68992996,-
Thu Nov 23 00:04:43 EST 2017,04:41.9,-76.01564835,36.76410346,13.25,3,-36.5,200.3,7.62313843,2.87304211,5.40131903,-0.00305968,45.95800018,14.11764717,-0.06154021,0.73802912,0.17962612,0.45059317,14.11764717,14.11764717,-,-,44.59999847,31.26609421,14.64881134,-,1126,-,-119.7506561,36.76410294,-76.01564789,4.31372547,29.6394043,26.09758949,-
Thu Nov 23 00:04:44 EST 2017,04:42.9,-76.01569474,36.76400082,11.75,3,-36.09999847,199.9,5.47793341,6.39730692,4.21379519,-0.02521452,45.95800018,14.11764717,-0.04248258,0.60526198,0.64431113,0.26706213,14.11764717,14.11764717,-,-,44.59999847,31.24445534,14.64881134,-,1314,-,-118.4383164,36.76399994,-76.01569366,3.92156863,26.2840004,24.23347664,-
Thu Nov 23 00:04:45 EST 2017,04:43.9,-76.01574568,36.76391401,10.75,3,-35.70000076,206.4,5.20978308,6.70376492,3.56257224,-0.04243815,45.95800018,17.25490189,-0.06836961,0.55059314,0.6638357,0.25144243,29.41176605,24.31372643,-,-,44.59999847,31.21913719,14.64881134,-,1348,-,-117.1259842,36.7639122,-76.01574707,6.66666698,24.04706573,22.9907341,-
Thu Nov 23 00:04:46 EST 2017,04:44.9,-76.0158162,36.76383918,10.25,3,-35.90000153,217.3,5.20978308,8.46589756,3.17949986,0.00850959,45.95800018,19.2156868,-0.06757559,0.49592432,0.75364876,0.13429496,34.50980377,36.47058868,-,-,44.59999847,31.19397354,14.64881134,-,1481,-,-117.7821579,36.76383972,-76.01581573,10.1960783,22.9285965,22.9907341,-
Thu Nov 23 00:04:47 EST 2017,04:45.9,-76.01590993,36.76377849,10.5,4,-36.20000076,229.4,6.7803793,6.70376492,2.60489154,0.0158145,45.95800018,24.31372643,0.04118967,0.66774058,0.73802912,0.20458345,39.60784531,40.39215851,-,-,44.59999847,31.1535511,14.64881134,-,1521,-,-118.7664032,36.76377869,-76.01590729,15.68627453,23.48783112,25.47621918,20.60284805
Thu Nov 23 00:04:48 EST 2017,04:46.9,-76.01602366,36.76372599,11.5,4,-36.29999924,239.6,6.74207211,4.09887314,2.52827692,-0.07766613,45.95800018,27.45098114,-0.11327266,0.70288485,0.47249481,0.16162936,43.13725662,41.96078491,-,-,44.59999847,31.14199448,14.64881134,-,1621,-,-119.0944824,36.76372528,-76.01602173,19.6078434,25.72476578,27.34033203,126.2730637
Thu Nov 23 00:04:49 EST 2017,04:47.9,-76.01615837,36.76368716,12.75,3,-36.79999924,248.3,8.08282471,5.13316822,2.83473492,0.03692549,45.95800018,29.80392265,-0.03417623,0.80050778,0.46078008,0.18115395,43.92156982,43.92156982,-,-,44.59999847,31.13614082,14.64881134,-,1708,-,-120.7349091,36.76368713,-76.01615906,21.96078491,28.52093697,29.20444679,126.2730637
Thu Nov 23 00:04:50 EST 2017,04:48.9,-76.01631359,36.76365501,13.75,3,-36.29999924,256.4,8.38928318,4.67348194,2.03028297,0.02119718,45.95800018,30.19607925,-0.07294227,0.82784218,0.35925224,0.11086546,43.92156982,49.01960754,-,-,44.59999847,31.14133453,14.64881134,-,1924,-,-119.0944824,36.76365662,-76.01631165,22.74509811,30.75787354,32.93267441,119.6879044
Thu Nov 23 00:04:51 EST 2017,04:49.9,-76.01648634,36.76364478,15,4,-36.90000153,264.1,9.11711979,0.11492168,2.48996973,0.00165198,45.95800018,38.03921509,-0.01089302,0.96060938,0,0.13429496,45.09804153,45.49019623,-,-,44.59999847,31.15413857,14.64881134,-,2026,-,-121.0629959,36.76364517,-76.01648712,29.80392265,33.55404282,35.41815948,169.6480103
Thu Nov 23 00:04:52 EST 2017,04:50.9,-76.01667141,36.76364218,16.25,3,-37,267.8,9.27034855,0.49799395,3.44765043,-0.02005842,45.95800018,30.58823586,-0.07890327,0.89422578,-0.01952458,0.11867531,40.7843132,40.39215851,-,-,44.59999847,31.17428589,14.64881134,-,2171,-,-121.3910751,36.76364136,-76.01667023,23.13725471,36.35021591,37.90364456,169.6480103
Thu Nov 23 00:04:53 EST 2017,04:51.9,-76.01686767,36.76363771,17.25,3,-36.90000153,267.9,9.6534214,0.49799395,3.86903,0.08034724,45.95800018,29.01960754,0.02110147,0.94108468,0.02733441,0.29439652,38.4313736,38.4313736,-,-,44.59999847,31.22528458,14.64881134,-,2304,-,-121.0629959,36.76363754,-76.01686859,21.96078491,38.58715057,40.38912582,130.572403
Thu Nov 23 00:04:54 EST 2017,04:52.9,-76.01707279,36.76363262,18.25,3,-36.59999847,267.6,8.84896946,0,3.715801,0.0017152,45.95800018,25.09803963,-0.0376503,0.89813066,0.05857374,0.23972771,37.25490189,37.25490189,-,-,44.59999847,31.25607491,14.64881134,-,1934,-,-120.0787354,36.76363373,-76.01707458,17.25490189,40.82408524,41.63187027,101.0851822
Thu Nov 23 00:04:55 EST 2017,04:53.9,-76.01728454,36.76362755,18.5,3,-36.70000076,267.9,8.65743351,0,4.29040956,-0.0472898,45.95800018,25.09803963,-0.13760297,0.78879303,-0.01561966,0.24753754,36.07843018,36.07843018,-,-,44.59999847,31.28851318,14.64881134,-,1873,-,-120.4068298,36.7636261,-76.01728821,16.86274529,41.38331985,42.25324249,101.0851822
Thu Nov 23 00:04:56 EST 2017,04:54.9,-76.01750467,36.76362088,19.25,3,-36.40000153,267.5,9.34696388,-0.07661445,3.98395157,0.00633652,45.95800018,21.17647171,-0.0886291,0.82784218,-0.03514424,0.27877685,29.80392265,29.80392265,-,-,44.59999847,31.32259178,14.64881134,-,1883,-,-119.4225769,36.76362228,-76.01750183,12.94117641,43.0610199,42.8746109,62.13158417
Thu Nov 23 00:04:57 EST 2017,04:55.9,-76.01772351,36.76361316,19.25,4,-36.40000153,267.6,8.92558384,0.72783732,4.5202527,0.04156619,45.95800018,18.8235302,0.06041558,0.98013395,0.06638357,0.29830143,27.84313774,29.41176605,-,-,44.59999847,31.39377975,14.64881134,-,1882,-,-119.4225769,36.76361465,-76.01772308,9.8039217,43.0610199,43.49598312,28.2950325
Thu Nov 23 00:04:58 EST 2017,04:56.9,-76.01794211,36.76360532,19.5,3,-36.29999924,267.2,8.42759037,0.42137951,4.25210238,-0.03546228,45.95800018,17.25490189,-0.06481411,0.84346181,-0.06247865,0.29830143,26.27450943,26.66666794,-,-,44.59999847,31.42906189,14.64881134,-,1894,-,-119.0944824,36.76360703,-76.01794434,7.84313726,43.62025452,43.49598312,28.2950325
Thu Nov 23 00:04:59 EST 2017,04:57.9,-76.01816308,36.76359583,19.5,3,-36.5,267.2,8.00621033,0.49799395,4.36702394,-0.00361863,45.95800018,17.25490189,0.0400166,0.92936999,-0.03514424,0.364685,26.27450943,26.27450943,-,-,44.59999847,31.49721527,14.64881134,-,1876,-,-119.7506561,36.76359558,-76.01816559,7.84313726,43.62025452,42.8746109,28.2950325
Thu Nov 23 00:05:00 EST 2017,04:58.9,-76.01838408,36.76358891,19.25,3,-36.59999847,267.1,6.74207211,1.95366859,3.14119267,0.0127289,45.95800018,17.25490189,0.07388484,0.9371798,0.06638357,0.41935381,26.27450943,25.49019623,-,-,44.59999847,31.53009796,14.64881134,-,1859,-,-120.0787354,36.76358795,-76.01838684,7.84313726,43.0610199,42.8746109,-
Thu Nov 23 00:05:01 EST 2017,04:59.9,-76.01860198,36.76358051,19.25,3,-36.79999924,266.8,9.0788126,-0.42137951,2.94965649,0.02147256,45.95800018,16.07843208,-0.08253006,0.79660285,-0.07028849,0.34906533,24.31372643,24.31372643,-,-,44.59999847,31.56278992,14.64881134,-,1850,-,-120.7349091,36.76358032,-76.01860046,6.66666698,43.0610199,42.8746109,-
Thu Nov 23 00:05:02 EST 2017,05:00.9,-76.01881465,36.76357171,19,3,-36.90000153,266.6,8.77235508,-0.5363012,4.44363832,-0.03302598,45.95800018,16.07843208,0.04957535,0.95670444,0.06638357,0.32563588,24.31372643,24.70588303,-,-,44.59999847,31.62405396,14.64881134,-,1827,-,-121.0629959,36.76357269,-76.01881409,6.66666698,42.50178909,42.25324249,-
Thu Nov 23 00:05:03 EST 2017,05:01.9,-76.01902301,36.76356016,19,3,-37.20000076,266.4,8.61912632,-0.2681506,4.06056595,0.01401835,45.95800018,17.25490189,-0.0280578,0.87860614,-0.02733441,0.31392109,26.66666794,26.66666794,-,-,44.59999847,31.65442276,14.64881134,-,1828,-,-122.0472488,36.76356125,-76.01902008,7.45098066,42.50178909,42.25324249,-
Thu Nov 23 00:05:04 EST 2017,05:02.9,-76.01923204,36.76354694,18.75,3,-37.40000153,266.4,8.50420475,0.61291564,4.02225876,0.01108427,45.95800018,17.25490189,-0.08327051,0.83565199,-0.03123933,0.27487195,26.27450943,26.66666794,-,-,44.59999847,31.68284988,14.64881134,-,1825,-,-122.7034149,36.76354599,-76.0192337,7.84313726,41.94255447,41.63187027,-
Thu Nov 23 00:05:05 EST 2017,05:03.9,-76.01943963,36.76353841,18.75,3,-37.40000153,266.3,8.96389103,-0.42137951,3.63918662,0.00694733,45.95800018,18.8235302,0.00455196,0.94498962,0.00390492,0.23972771,28.23529434,28.62745094,-,-,44.59999847,31.71111488,14.64881134,-,1830,-,-122.7034149,36.76353836,-76.0194397,9.8039217,41.94255447,41.63187027,-
Thu Nov 23 00:05:06 EST 2017,05:04.9,-76.01965157,36.76352785,18.75,3,-37.40000153,266.5,8.38928318,1.03429508,3.44765043,-0.05043304,45.95800018,20,-0.05804277,0.85127175,0.01561966,0.30220634,29.80392265,29.01960754,-,-,44.59999847,31.76716423,14.64881134,-,1830,-,-122.7034149,36.76352692,-76.01965332,10.98039246,41.94255447,41.63187027,-
Thu Nov 23 00:05:07 EST 2017,05:05.9,-76.01986161,36.7635179,18.75,3,-37.59999847,266.8,7.85298157,0.49799395,4.44363832,0.01542965,45.95800018,20.3921566,-0.04468425,0.90203559,0.02733441,0.21239327,29.80392265,30.19607925,-,-,44.59999847,31.79670143,14.64881134,-,1831,-,-123.3595734,36.76351929,-76.01985931,11.37254906,41.94255447,42.25324249,-
Thu Nov 23 00:05:08 EST 2017,05:06.9,-76.02007094,36.76351172,19,3,-37.90000153,267.6,8.65743351,0.5363012,4.48194551,-0.02660978,45.95800018,18.8235302,0.07636865,0.96060938,-0.0234295,0.3842096,28.23529434,28.23529434,-,-,44.59999847,31.85528183,14.64881134,-,1842,-,-124.3438339,36.76351166,-76.02007294,10.1960783,42.50178909,42.25324249,27.64564896
Thu Nov 23 00:05:09 EST 2017,05:07.9,-76.02028564,36.76350481,19,3,-37.90000153,267.9,8.84896946,-0.11492168,4.59686708,0.00683766,45.95800018,19.2156868,-0.01395231,0.89813066,-0.00780983,0.30611128,28.62745094,30.58823586,-,-,44.59999847,31.88432693,14.64881134,-,1861,-,-124.3438339,36.76350403,-76.02028656,13.72549057,42.50178909,42.25324249,27.64564896
Thu Nov 23 00:05:10 EST 2017,05:08.9,-76.02050044,36.76349976,19.25,3,-38.09999847,267.9,8.23605347,0.38307226,4.02225876,-0.04585624,45.95800018,19.6078434,-0.00572316,0.88251102,0.06247865,0.35297027,26.66666794,26.66666794,-,-,44.59999847,31.91493988,14.64881134,-,1871,-,-124.9999924,36.76350021,-76.02050018,11.37254906,43.0610199,42.8746109,27.64564896
Thu Nov 23 00:05:11 EST 2017,05:09.9,-76.02071424,36.76349249,19.25,3,-38.59999847,268,8.6957407,-0.38307226,3.67749381,-0.00944259,45.95800018,18.03921509,-0.03645394,0.88641596,-0.03904916,0.27487195,27.45098114,27.84313774,-,-,44.59999847,31.97565842,14.64881134,-,1867,-,-126.6404114,36.76349258,-76.02071381,8.62745094,43.0610199,42.8746109,28.19314575
Thu Nov 23 00:05:12 EST 2017,05:10.9,-76.02093104,36.76348894,19.25,3,-39,267.9,8.04451752,0.68953007,3.94564438,0.06963561,45.95800018,18.8235302,-0.08362839,0.82003236,0.07028849,0.30220634,27.84313774,27.84313774,-,-,44.59999847,32.00576401,14.64881134,-,1868,-,-127.9527588,36.76348877,-76.02092743,9.8039217,43.0610199,42.8746109,28.19314575
Thu Nov 23 00:05:13 EST 2017,05:11.9,-76.02114685,36.76348384,19.25,4,-39.20000076,268,7.54652357,0.34476504,4.40533113,-0.00648601,45.95800018,18.8235302,0.06675671,0.9488945,-0.07809832,0.38030469,27.84313774,27.84313774,-,-,44.59999847,32.03570557,14.64881134,-,1864,-,-128.6089325,36.76348495,-76.02114868,9.8039217,43.0610199,42.8746109,28.19314575
Thu Nov 23 00:05:14 EST 2017,05:12.9,-76.02136166,36.76347693,19.25,4,-39.20000076,267.9,8.92558384,0.49799395,3.56257224,0.00424197,45.95800018,19.6078434,-0.04773984,0.86689138,-0.04685899,0.29049161,29.41176605,29.80392265,-,-,44.59999847,32.06548691,14.64881134,-,1852,-,-128.6089325,36.76347733,-76.0213623,10.58823586,43.0610199,42.8746109,-
Thu Nov 23 00:05:15 EST 2017,05:13.9,-76.02157321,36.76346974,19,5,-38.79999924,267.6,9.50019264,1.07260239,2.94965649,0.03134236,45.95800018,20,0.02024944,0.96841919,0.10933765,0.20067854,29.41176605,29.80392265,-,-,44.59999847,32.12115479,14.64881134,-,1858,-,-127.2965851,36.7634697,-76.02157593,10.98039246,42.50178909,42.25324249,-
Thu Nov 23 00:05:16 EST 2017,05:14.9,-76.02179562,36.763455,19,3,-38.5,266.9,8.58081913,-0.45968673,4.48194551,0.02844507,45.95800018,20,-0.01171875,0.8747012,-0.04685899,0.35687518,29.80392265,29.80392265,-,-,44.59999847,32.14876175,14.64881134,-,1847,-,-126.3123398,36.76345444,-76.02179718,10.98039246,42.50178909,42.25324249,-
Thu Nov 23 00:05:17 EST 2017,05:15.9,-76.022003,36.76344342,19,3,-38.20000076,266.9,8.46589756,0.07661445,4.175488,0.05556737,45.95800018,20,-0.03739658,0.86298645,0.00780983,0.32563588,29.80392265,29.80392265,-,-,44.59999847,32.20352936,14.64881134,-,1841,-,-125.3280869,36.76344299,-76.02200317,10.98039246,42.50178909,42.25324249,-
Thu Nov 23 00:05:18 EST 2017,05:16.9,-76.02221045,36.76343644,19,3,-37.90000153,266.9,8.84896946,0,4.44363832,0.03063735,45.95800018,20,0.04291027,0.95279956,0.03514424,0.32173091,29.80392265,29.80392265,-,-,44.59999847,32.23069,14.64881134,-,1848,-,-124.3438339,36.76343536,-76.02220917,10.98039246,42.50178909,42.25324249,-
Thu Nov 23 00:05:19 EST 2017,05:17.9,-76.02241941,36.76342789,19,3,-37.5,267.1,8.77235508,0.38307226,4.32871675,0.00127456,45.95800018,20.3921566,-0.00129784,0.91375035,-0.00390492,0.30220634,30.19607925,30.19607925,-,-,44.59999847,32.25770569,14.64881134,-,1849,-,-123.0314941,36.76342773,-76.02242279,11.76470566,42.50178909,42.25324249,-
Thu Nov 23 00:05:20 EST 2017,05:18.9,-76.02263218,36.76341944,19,3,-37.79999924,267.2,8.6957407,0.61291564,3.56257224,-0.04347593,45.95800018,20.3921566,-0.0637949,0.83565199,0.05466883,0.317826,29.41176605,29.41176605,-,-,44.59999847,32.31130219,14.64881134,-,1843,-,-124.0157471,36.7634201,-76.02262878,11.37254906,42.50178909,42.25324249,-
Thu Nov 23 00:05:21 EST 2017,05:19.9,-76.02284428,36.76341274,19,3,-37.59999847,267.5,8.77235508,0.80445176,4.175488,-0.03475158,45.95800018,24.31372643,-0.1010107,0.82784218,0.03904916,0.24753754,34.90196228,34.90196228,-,-,44.59999847,32.3395462,14.64881134,-,1929,-,-123.3595734,36.76341248,-76.02284241,15.29411793,42.50178909,42.8746109,25.35125732
Thu Nov 23 00:05:22 EST 2017,05:20.9,-76.02306576,36.76340381,19.25,3,-37.29999924,267.7,9.00219822,-0.30645782,3.75410819,-0.00960372,45.95800018,22.35294151,-0.0671339,0.83565199,0,0.31392109,32.54901886,32.54901886,-,-,44.59999847,32.36929703,14.64881134,-,1889,-,-122.3753281,36.76340485,-76.02306366,13.72549057,43.0610199,43.49598312,25.35125732
Thu Nov 23 00:05:23 EST 2017,05:21.9,-76.0232876,36.76339601,19.5,3,-37.79999924,267.8,8.50420475,1.64721072,3.60087943,0.02538679,45.95800018,20.3921566,-0.07066544,0.79269797,0.1718163,0.35297027,29.41176605,29.41176605,-,-,44.59999847,32.39888763,14.64881134,-,1928,-,-124.0157471,36.76339722,-76.02328491,11.76470566,43.62025452,43.49598312,29.49702263
Thu Nov 23 00:05:24 EST 2017,05:22.9,-76.02351008,36.76339063,19.75,3,-38.09999847,267.7,8.23605347,2.60489154,3.83072281,0.07829991,45.95800018,19.2156868,-0.1656795,0.76145858,0.01952458,0.23972771,28.23529434,28.23529434,-,-,44.59999847,32.45924759,14.64881134,-,1920,-,-124.9999924,36.76338959,-76.02351379,10.1960783,44.17948914,43.49598312,29.49702263
Thu Nov 23 00:05:25 EST 2017,05:23.9,-76.0237289,36.76338054,19.75,3,-38.40000153,267.2,8.35097599,-0.15322891,4.55855989,-0.0136031,45.95800018,19.2156868,-0.02223505,0.85127175,0.00390492,0.38030469,28.23529434,28.23529434,-,-,44.59999847,32.49000549,14.64881134,-,1916,-,-125.9842606,36.76338196,-76.02372742,10.1960783,44.17948914,44.11735535,29.49702263
Thu Nov 23 00:05:26 EST 2017,05:24.9,-76.02394796,36.76336955,19.75,3,-38.29999924,266.8,9.15542698,0.45968673,4.21379519,0.04744691,45.95800018,18.8235302,-0.0007556,0.89422578,0,0.34516042,28.23529434,28.23529434,-,-,44.59999847,32.52060699,14.64881134,-,1912,-,-125.6561661,36.76337051,-76.02394867,10.1960783,44.17948914,44.11735535,26.72215462
Thu Nov 23 00:05:27 EST 2017,05:25.9,-76.0241733,36.76335881,19.75,3,-38.40000153,266.5,9.0788126,0.03830723,4.175488,0.01637425,45.95800018,18.4313736,-0.0332524,0.85908157,0.03514424,0.34125552,27.05882454,27.05882454,-,-,44.59999847,32.55104446,14.64881134,-,1908,-,-125.9842606,36.76335907,-76.02416992,9.01960754,44.17948914,44.11735535,26.72215462
Thu Nov 23 00:05:28 EST 2017,05:26.9,-76.02439101,36.76334519,19.5,3,-38.20000076,266.4,8.73404789,0,3.63918662,-0.00732332,45.95800018,18.03921509,-0.05385658,0.87079626,0.06638357,0.26315722,27.05882454,27.05882454,-,-,44.59999847,32.57969666,14.64881134,-,1901,-,-125.3280869,36.76334381,-76.02439117,9.01960754,43.62025452,43.49598312,26.72215462
Thu Nov 23 00:05:29 EST 2017,05:27.9,-76.02460361,36.76333452,19.5,3,-38.09999847,266.6,8.73404789,0.57460839,4.06056595,-0.00404979,45.95800018,18.03921509,0.03289109,0.92936999,-0.02733441,0.34906533,27.05882454,27.05882454,-,-,44.59999847,32.60657501,14.64881134,-,1873,-,-124.9999924,36.76333618,-76.0246048,9.01960754,43.62025452,42.8746109,26.72215462
Thu Nov 23 00:05:30 EST 2017,05:28.9,-76.0248184,36.76332736,19.25,3,-38.20000076,266.7,9.0788126,0.2681506,3.83072281,0.01456665,45.95800018,18.03921509,-0.01957794,0.88641596,0.08200324,0.31001619,27.05882454,27.05882454,-,-,44.59999847,32.65991592,14.64881134,-,1870,-,-125.3280869,36.76332855,-76.02481842,8.62745094,43.0610199,42.8746109,-
Thu Nov 23 00:05:31 EST 2017,05:29.9,-76.02503121,36.76332294,19.25,3,-38.40000153,267,7.39329481,0.22984336,3.10288548,-0.01379792,45.95800018,18.03921509,-0.04033367,0.89813066,0.07809832,0.22801295,27.05882454,27.05882454,-,-,44.59999847,32.68637848,14.64881134,-,1857,-,-125.9842606,36.76332474,-76.02503204,8.62745094,43.0610199,42.8746109,-
Thu Nov 23 00:05:32 EST 2017,05:30.9,-76.02524317,36.76331308,19,3,-38.29999924,267.2,8.42759037,0,3.40934324,0.0554414,45.95800018,18.03921509,-0.09604277,0.82784218,0.04685899,0.25925228,27.05882454,27.05882454,-,-,44.59999847,32.71109772,14.64881134,-,1853,-,-125.6561661,36.76331329,-76.02524567,8.62745094,42.50178909,42.25324249,-
Thu Nov 23 00:05:33 EST 2017,05:31.9,-76.02545454,36.76330535,19,3,-38.40000153,267.2,9.27034855,0.15322891,4.21379519,-0.00199204,45.95800018,18.03921509,0.0135571,0.91765523,0,0.32954079,27.05882454,27.05882454,-,-,44.59999847,32.73569107,14.64881134,-,1845,-,-125.9842606,36.76330566,-76.02545166,8.62745094,42.50178909,42.25324249,-
Thu Nov 23 00:05:34 EST 2017,05:32.9,-76.02566768,36.7633,19,3,-38.59999847,267.4,9.15542698,0.38307226,4.175488,0.00261549,45.95800018,18.03921509,-0.03389183,0.86689138,-0.00780983,0.32563588,27.05882454,27.05882454,-,-,44.59999847,32.76015854,14.64881134,-,1830,-,-126.6404114,36.76330185,-76.02566528,8.62745094,42.50178909,42.25324249,-
Thu Nov 23 00:05:35 EST 2017,05:33.9,-76.02587571,36.76329369,18.75,3,-38.59999847,267.5,6.35899973,0.72783732,2.60489154,-0.02073513,45.95800018,17.64705849,-0.03506142,0.84346181,-0.10152781,0.35687518,27.05882454,27.05882454,-,-,44.59999847,32.78290939,14.64881134,-,1821,-,-126.6404114,36.76329422,-76.02587891,8.62745094,41.94255447,41.63187027,-
Thu Nov 23 00:05:36 EST 2017,05:34.9,-76.02608765,36.76328846,18.75,3,-38.59999847,267.7,8.54251194,0,3.90733719,-0.01890193,45.95800018,17.64705849,-0.06079252,0.85908157,-0.00390492,0.27877685,26.66666794,27.05882454,-,-,44.59999847,32.80553818,14.64881134,-,1822,-,-126.6404114,36.76328659,-76.0260849,8.62745094,41.94255447,41.63187027,-
Thu Nov 23 00:05:37 EST 2017,05:35.9,-76.02629519,36.76328256,18.5,3,-38.5,267.8,8.77235508,-0.03830723,4.48194551,0.010431,45.95800018,16.86274529,-0.01222067,0.88251102,-0.07028849,0.33735061,25.88235283,25.88235283,-,-,44.59999847,32.82646942,14.64881134,-,1794,-,-126.3123398,36.76328278,-76.02629852,7.45098066,41.38331985,41.01049805,-
Thu Nov 23 00:05:38 EST 2017,05:36.9,-76.02650271,36.76327415,18.25,3,-38.09999847,267.8,9.53849983,0.15322891,4.44363832,-0.00351141,45.95800018,16.86274529,0.00187507,0.91375035,0.00390492,0.31001619,25.88235283,25.88235283,-,-,44.59999847,32.84729385,14.64881134,-,1756,-,-124.9999924,36.76327515,-76.02650452,7.45098066,40.82408524,41.01049805,-
Thu Nov 23 00:05:39 EST 2017,05:37.9,-76.02670833,36.76326767,18.25,3,-37.90000153,267.5,8.54251194,-0.22984336,4.63517427,-0.00583473,45.95800018,16.47058868,-0.02501692,0.87860614,0.01171475,0.32173091,25.88235283,25.49019623,-,-,44.59999847,32.866436,14.64881134,-,1702,-,-124.3438339,36.76326752,-76.02671051,7.05882359,40.82408524,40.38912582,-
Thu Nov 23 00:05:40 EST 2017,05:38.9,-76.02690654,36.76326024,17.75,3,-37.90000153,267.8,9.57680702,0.2681506,3.52426481,0.00656906,45.95800018,15.68627453,-0.0455152,0.82784218,0.04295408,0.37249482,21.17647171,21.17647171,-,-,44.59999847,32.89971924,14.64881134,-,1697,-,-124.3438339,36.76325989,-76.02690887,6.27450991,39.705616,39.14638519,-
Thu Nov 23 00:05:41 EST 2017,05:39.9,-76.02710318,36.76325505,17.5,3,-37.70000076,267.7,8.42759037,0.45968673,4.29040956,-0.00069296,45.95800018,15.68627453,-0.03453172,0.85908157,0.04685899,0.33735061,21.17647171,21.17647171,-,-,44.59999847,32.91389084,14.64881134,-,1661,-,-123.6876679,36.76325607,-76.02709961,6.27450991,39.14638519,38.52501297,-
Thu Nov 23 00:05:42 EST 2017,05:40.9,-76.02729573,36.76324802,17.25,4,-37.5,268,8.31266785,0.65122288,4.175488,-0.02612783,45.95800018,15.68627453,-0.0490949,0.84736669,0.06638357,0.32563588,21.17647171,21.17647171,-,-,44.59999847,32.92486954,14.64881134,-,1630,-,-123.0314941,36.76324844,-76.02729797,5.88235283,38.58715057,37.28227234,-
Thu Nov 23 00:05:43 EST 2017,05:41.9,-76.02748209,36.76324775,16.75,4,-37.90000153,269.4,7.89128876,0.30645782,4.44363832,-0.00849988,45.95800018,15.68627453,-0.07597576,0.80441266,0.03123933,0.35297027,21.17647171,21.17647171,-,-,44.59999847,32.9342308,14.64881134,-,1600,-,-124.3438339,36.76324844,-76.02748108,5.88235283,37.46868134,36.66090012,-
Thu Nov 23 00:05:44 EST 2017,05:42.9,-76.0276621,36.76324865,16.25,3,-38.09999847,270.9,7.85298157,-0.57460839,3.60087943,-0.0337278,45.95800018,15.29411793,-0.11710108,0.80050778,-0.05857374,0.26706213,21.17647171,21.17647171,-,-,44.59999847,32.94199371,14.64881134,-,1567,-,-124.9999924,36.76324844,-76.02766418,5.49019623,36.35021591,36.03952789,-
Thu Nov 23 00:05:45 EST 2017,05:43.9,-76.02784115,36.76325641,16,3,-37.90000153,272.6,9.50019264,-1.72382522,5.09486103,0.05348216,45.95800018,14.90196133,0.09632087,0.9488945,-0.10152781,0.43887842,14.11764717,14.11764717,-,-,44.59999847,32.94662094,14.64881134,-,1513,-,-124.3438339,36.76325607,-76.02783966,5.49019623,35.79098129,34.79678726,-
Thu Nov 23 00:05:46 EST 2017,05:44.9,-76.02801134,36.76325721,15.25,3,-38.20000076,271.1,8.6957407,-1.53228903,5.43962622,0.00819937,45.95800018,14.90196133,-0.10505945,0.77317333,-0.06638357,0.34516042,14.11764717,14.11764717,-,-,44.59999847,32.94967651,14.64881134,-,1469,-,-125.3280869,36.76325607,-76.02801514,5.09803915,34.11327744,34.17541504,-
Thu Nov 23 00:05:47 EST 2017,05:45.9,-76.0281757,36.76325328,14.5,3,-38,268.3,8.81066227,-1.07260239,5.70777702,0.00548411,45.95800018,14.50980377,-0.00530889,0.80050778,-0.01561966,0.48964232,14.11764717,14.11764717,-,-,44.59999847,32.94654846,14.64881134,-,1388,-,-124.6719132,36.76325226,-76.02817535,4.70588255,32.43557358,31.68992996,-
Thu Nov 23 00:05:48 EST 2017,05:46.9,-76.02831713,36.76325085,13.25,4,-38.5,267.5,8.00621033,1.07260239,5.13316822,0.03076272,45.95800018,14.11764717,-0.00819705,0.76536351,0.17572121,0.50526196,14.11764717,14.11764717,-,-,44.59999847,32.9173317,14.64881134,-,1118,-,-126.3123398,36.76325226,-76.02832031,4.70588255,29.6394043,25.47621918,-
Thu Nov 23 00:05:49 EST 2017,05:47.9,-76.02844924,36.76324518,11.75,4,-38.40000153,267.3,6.32069254,4.63517427,5.70777702,-0.02801731,45.95800018,13.72549057,-0.02852104,0.68336034,0.39439651,0.46621281,14.11764717,14.11764717,-,-,44.59999847,32.88829041,14.64881134,-,1125,-,-125.9842606,36.76324463,-76.02845001,3.92156863,26.2840004,21.12662125,-
Thu Nov 23 00:05:50 EST 2017,05:48.9,-76.0285441,36.7632517,9.5,4,-38.90000153,271.3,-2.64319873,7.96790314,4.29040956,0.00252504,45.95800018,14.11764717,-0.08262987,-0.05857374,0.81222248,0.32173091,14.11764717,14.11764717,-,-,44.59999847,32.84870529,14.64881134,-,892,-,-127.6246796,36.76325226,-76.02854156,4.31372547,21.25089455,16.77702141,-
Thu Nov 23 00:05:51 EST 2017,05:49.9,-76.02862285,36.76326184,7.75,3,-39.09999847,281.7,-9.6534214,3.10288548,3.63918662,0.11717731,45.95800018,14.11764717,0.09183711,-0.96451426,0.36706212,0.25534737,15.68627453,14.11764717,-,-,44.59999847,32.80626678,14.64881134,-,936,-,-128.280838,36.7632637,-76.02862549,3.92156863,17.33625603,15.53427982,-
Thu Nov 23 00:05:52 EST 2017,05:50.9,-76.02869716,36.76329736,7.75,4,-39.20000076,299.8,-9.50019264,1.18752408,3.40934324,0.04768547,45.95800018,14.11764717,0.03634224,-0.96841919,0.1210524,0.24753754,15.68627453,18.4313736,-,-,44.59999847,32.76251984,14.64881134,-,1105,-,-128.6089325,36.76329803,-76.02869415,5.88235283,17.33625603,14.91290855,-
Thu Nov 23 00:05:53 EST 2017,05:51.9,-76.02871997,36.76335772,7.25,4,-39.70000076,329.3,-4.55855989,8.77235508,4.02225876,0.13104084,45.95800018,14.50980377,0.08834463,-0.46468499,0.89422578,0.31001619,14.11764717,14.11764717,-,-,44.59999847,32.7189827,14.64881134,-,1218,-,-130.2493439,36.76335907,-76.02871704,4.70588255,16.21778679,14.91290855,-
Thu Nov 23 00:05:54 EST 2017,05:52.9,-76.02872984,36.76342262,7,4,-39.40000153,348,8.04451752,2.9113493,5.74608421,0.00985858,45.95800018,14.50980377,-0.05013846,0.78879303,0.28505886,0.34516042,14.11764717,14.11764717,-,-,44.59999847,32.67565918,14.64881134,-,1138,-,-129.2650909,36.76342392,-76.0287323,4.70588255,15.65855312,14.91290855,-
Thu Nov 23 00:05:55 EST 2017,05:53.9,-76.02873269,36.76348443,6.75,4,-39.29999924,355.7,8.31266785,1.9153614,5.70777702,0.06526977,45.95800018,13.72549057,-0.06024847,0.71850449,0.15229172,0.48573741,14.11764717,14.11764717,-,-,44.59999847,32.63103867,14.64881134,-,1070,-,-128.9370117,36.76348495,-76.0287323,3.92156863,15.09931946,14.29153728,-
Thu Nov 23 00:05:56 EST 2017,05:54.9,-76.02872961,36.76353027,5.5,4,-39.20000076,358.6,7.62313843,1.37906015,5.97592735,0.04376078,45.95800018,13.72549057,0.01699127,0.77707827,0.0976229,0.54821604,14.11764717,14.11764717,-,-,44.59999847,32.57760239,14.64881134,-,806,-,-128.6089325,36.76353073,-76.0287323,3.52941179,12.30314922,10.56331062,-
Thu Nov 23 00:05:57 EST 2017,05:55.9,-76.02873177,36.76356494,4,4,-39.5,354.4,8.65743351,2.03028297,5.13316822,0.0056102,45.95800018,13.72549057,-0.00320189,0.83174706,0.22648512,0.39982924,14.11764717,14.11764717,-,-,44.59999847,32.44156265,14.64881134,-,668,-,-129.5931702,36.76356506,-76.0287323,3.92156863,8.94774532,2.48548484,-
