GPS Time, Device Time, Longitude, Latitude,GPS Speed (Meters/second), Horizontal Dilution of Precision, Altitude, Bearing, G(x), G(y), G(z), G(calibrated), 1/4 mile time(s),Absolute Throttle Position B(%),Acceleration Sensor(Total)(g),Acceleration Sensor(X axis)(g),Acceleration Sensor(Y axis)(g),Acceleration Sensor(Z axis)(g),Accelerator PedalPosition D(%),Accelerator PedalPosition E(%),Accelerator PedalPosition F(%),Actual engine % torque(%),Ambient air temp(°F),Average trip speed(whilst moving only)(mph),Barometric pressure (from vehicle)(psi),Drivers demand engine % torque(%),Engine RPM(rpm),Fuel pressure(psi),GPS Altitude(ft),GPS Latitude(°),GPS Longitude(°),Relative Throttle Position(%),Speed (GPS)(mph),Speed (OBD)(mph),Torque(Nm)
Sun Nov 26 15:25:50 EST 2017,25:51.0,-76.04387358,36.7730124,0,3,-41.90000153,0,8.35097599,2.7581203,4.5202527,-0.00591112,-,14.11764717,0.0083272,0.85127175,0.28115395,0.36078009,14.11764717,14.11764717,-,-,55.40000153,22.46222878,14.64881134,-,663,-,-137.4671936,36.77301407,-76.04387665,3.92156863,0,0,-
Sun Nov 26 15:25:51 EST 2017,25:52.0,-76.04387355,36.77301241,0,3,-41.90000153,0,7.69975281,2.9113493,4.59686708,-0.01990664,-,14.11764717,-0.03857832,0.78488815,0.29677361,0.36858991,14.11764717,14.11764717,-,-,59,22.46222878,14.64881134,-,654,-,-137.4671936,36.77301407,-76.04387665,3.92156863,0,0,-
Sun Nov 26 15:25:52 EST 2017,25:53.0,-76.04387352,36.77301241,0,3,-41.90000153,0,7.85298157,2.56658411,4.63517427,-0.0153324,-,14.11764717,-0.03400248,0.80050778,0.26162934,0.37249482,14.11764717,14.11764717,-,-,59,22.46222878,14.64881134,-,673,-,-137.4671936,36.77301407,-76.04387665,3.92156863,0,0,-
Sun Nov 26 15:25:53 EST 2017,25:54.0,-76.04387351,36.77301241,0,3,-41.90000153,0,7.08683681,3.02627087,4.59686708,-0.00136144,-,13.72549057,0.03279505,0.87079626,0.29677361,0.36858991,14.11764717,14.11764717,-,-,59,22.46222878,14.64881134,-,673,-,-137.4671936,36.77301407,-76.04387665,3.92156863,0,0,-
Sun Nov 26 15:25:54 EST 2017,25:55.0,-76.04387349,36.77301241,0,3,-41.90000153,0,4.86501789,5.82269859,4.06056595,-0.00685743,-,13.72549057,-0.1334638,0.54278332,0.52716368,0.32173091,14.11764717,14.11764717,-,-,59,22.46222878,14.64881134,-,673,-,-137.4671936,36.77301407,-76.04387665,3.92156863,0,0,-
Sun Nov 26 15:25:55 EST 2017,25:56.0,-76.04387349,36.7730124,0,3,-41.90000153,0,-3.60087943,8.77235508,2.29843354,0.02252186,-,13.72549057,-0.02511863,-0.31239328,0.88641596,0.15772445,14.11764717,14.11764717,-,-,59,22.46222878,14.64881134,-,673,-,-137.4671936,36.77301407,-76.04387665,3.92156863,0,0,-
Sun Nov 26 15:25:56 EST 2017,25:57.0,-76.04387349,36.7730124,0,4,-41.90000153,0,-7.96790314,5.74608421,1.68551803,0.02324998,-,13.72549057,0.01546723,-0.72240943,0.69117016,0.07572122,14.11764717,14.11764717,-,-,59,22.41705704,14.64881134,-,691,-,-137.4671936,36.77301407,-76.04387665,3.92156863,0,1.86411357,-
Sun Nov 26 15:25:57 EST 2017,25:58.0,-76.04387815,36.77301777,1.25,4,-42.20000076,325,-8.6957407,-4.44363832,2.26012635,0.00232754,-,21.17647171,0.02842002,-0.90984541,-0.43344569,0.10305563,35.29411697,35.68627548,-,-,59,22.38160133,14.64881134,-,1611,-,-138.4514465,36.77301788,-76.04387665,12.15686321,2.79617047,6.21371174,36.78075027
Sun Nov 26 15:25:58 EST 2017,25:59.0,-76.04390505,36.77303804,3,3,-42.20000076,312.8,-7.08683681,-6.81868649,1.95366859,0.04108888,-,23.13725471,0.07644656,-0.74583894,-0.75364876,0.08353106,38.4313736,38.82352829,-,-,59,22.31656647,14.64881134,-,1702,-,-138.4514465,36.77303696,-76.04390717,14.11764717,6.71080828,8.07782555,26.81791687
Sun Nov 26 15:25:59 EST 2017,26:00.0,-76.0439283,36.7730592,3.25,4,-41.5,324.9,-8.42759037,-4.63517427,1.76213241,0.04859123,-,23.52941132,-0.04098579,-0.8083176,-0.49592432,0.04057698,38.4313736,38.4313736,-,-,59,22.26557732,14.64881134,-,1779,-,-136.1548615,36.77305984,-76.04393005,15.68627453,7.2700429,11.18468189,50.69979477
Sun Nov 26 15:26:00 EST 2017,26:01.0,-76.0439365,36.77311451,4.75,4,-40.29999924,347.6,-4.44363832,10.30464458,1.60890353,0.16665807,-,25.09803963,0.16844545,-0.69117016,0.93327487,0.02495731,39.60784531,40,-,-,59,22.22710419,14.64881134,-,1936,-,-132.2178497,36.77311325,-76.04393768,16.86274529,10.62544727,14.29153728,64.3755722
Sun Nov 26 15:26:01 EST 2017,26:02.0,-76.04391701,36.77316591,5.5,3,-40.29999924,12.7,9.23204136,0.45968673,3.86903,-0.00878906,-,26.27450943,-0.04131202,0.8747012,0.11324256,0.27487195,39.2156868,40,-,-,59,22.22710419,14.64881134,-,1936,-,-132.2178497,36.77316666,-76.04391479,18.03921509,12.30314922,14.29153728,64.3755722
Sun Nov 26 15:26:02 EST 2017,26:03.0,-76.04387896,36.77322965,7.25,4,-40.20000076,23.9,8.65743351,-2.06859016,4.02225876,0.01469231,-,26.27450943,0.03997257,0.92156017,-0.10933765,0.36858991,39.2156868,38.03921509,-,-,59,22.22071648,14.64881134,-,1577,-,-131.8897705,36.77323151,-76.04387665,18.03921509,16.21778679,19.26250648,96.45856476
Sun Nov 26 15:26:03 EST 2017,26:04.0,-76.0438322,36.7733071,8.75,3,-40,25.3,8.81066227,-0.99598789,3.98395157,0.00685714,-,26.27450943,0.01944145,0.90594047,-0.0741934,0.36078009,39.2156868,38.03921509,-,-,59,22.22071648,14.64881134,-,1577,-,-131.2335968,36.7733078,-76.04383087,18.03921509,19.5731926,19.26250648,96.45856476
Sun Nov 26 15:26:04 EST 2017,26:05.0,-76.04378877,36.77338881,9.25,4,-40.40000153,24.5,8.31266785,-0.91937345,3.75410819,0.01822815,-,20.7843132,-0.03158877,0.83565199,-0.12495731,0.37249482,39.2156868,38.03921509,-,-,59,22.22071648,14.64881134,-,1577,-,-132.5459442,36.77338791,-76.0437851,12.94117641,20.69165993,19.26250648,96.45856476
Sun Nov 26 15:26:05 EST 2017,26:06.0,-76.04374036,36.77347174,9.75,4,-40.59999847,25.3,8.50420475,-1.14921677,4.36702394,0.01165719,-,19.6078434,-0.02656746,0.85908157,-0.13276714,0.33735061,27.45098114,27.45098114,-,-,59,22.2237072,14.64881134,-,1791,-,-133.2020874,36.77347183,-76.04373932,11.37254906,21.81012726,23.61210442,96.45856476
Sun Nov 26 15:26:06 EST 2017,26:07.0,-76.04369973,36.7735654,10.25,3,-41,20.8,8.61912632,-2.14520478,5.17147589,0.06669706,-,16.86274529,-0.05296192,0.82393724,-0.1718163,0.3334457,27.45098114,27.84313774,-,-,59,22.23098373,14.64881134,-,1568,-,-134.5144348,36.7735672,-76.04370117,7.45098066,22.9285965,24.23347664,24.24197388
Sun Nov 26 15:26:07 EST 2017,26:08.0,-76.04366011,36.77365504,10.75,4,-41.90000153,19.3,8.23605347,-1.41736746,4.67348194,0.01215219,-,18.4313736,-0.04939177,0.82003236,-0.1210524,0.364685,29.80392265,29.41176605,-,-,59,22.23952484,14.64881134,-,1397,-,-137.4671936,36.77365494,-76.04366302,9.01960754,24.04706573,24.23347664,24.24197388
Sun Nov 26 15:26:08 EST 2017,26:09.0,-76.04362528,36.77374779,10.75,4,-41.40000153,16.2,8.23605347,-0.8810662,4.48194551,0.00630954,-,20.3921566,0.01401615,0.89422578,-0.10933765,0.364685,32.94117737,31.76470566,-,-,59,22.24799156,14.64881134,-,1414,-,-135.8267822,36.77374649,-76.04362488,11.37254906,24.04706573,24.23347664,24.24197388
Sun Nov 26 15:26:09 EST 2017,26:10.0,-76.0435953,36.77384324,11,4,-41.40000153,13.4,8.58081913,-0.72783732,5.13316822,0.00350929,-,18.8235302,0.04694787,0.90203559,-0.10933765,0.41935381,30.58823586,30.98039246,-,-,59,22.25901413,14.64881134,-,1440,-,-135.8267822,36.77384186,-76.04359436,9.8039217,24.60629845,24.85484695,22.18513298
Sun Nov 26 15:26:10 EST 2017,26:11.0,-76.04356443,36.7739454,11.25,4,-41.79999924,13,9.0788126,-0.68953007,6.43561411,0.04433377,-,19.2156868,-0.21435806,0.65993077,-0.08200324,0.317826,31.37254906,31.37254906,-,-,59,22.27125168,14.64881134,-,1460,-,-137.1390991,36.77394485,-76.04356384,10.58823586,25.16553307,25.47621918,22.18513298
Sun Nov 26 15:26:11 EST 2017,26:12.0,-76.04354717,36.77404483,11.25,4,-41.40000153,10.8,8.77235508,-1.83874691,4.67348194,0.02779802,-,18.4313736,0.01597049,0.89813066,-0.15229172,0.34906533,28.62745094,29.01960754,-,-,59,22.28468895,14.64881134,-,1465,-,-135.8267822,36.77404404,-76.04354858,9.01960754,25.16553307,25.47621918,20.76433754
Sun Nov 26 15:26:12 EST 2017,26:13.0,-76.04352569,36.77414818,11.5,4,-41.40000153,8.3,8.77235508,-1.64721072,4.90332508,0.00267508,-,18.8235302,-0.01123252,0.8747012,-0.11714748,0.34516042,30.19607925,30.58823586,-,-,59,22.29801559,14.64881134,-,1463,-,-135.8267822,36.77414703,-76.0435257,9.8039217,25.72476578,25.47621918,20.76433754
Sun Nov 26 15:26:13 EST 2017,26:14.0,-76.04352044,36.77424643,11.25,3,-41.59999847,5.2,8.35097599,-0.57460839,4.25210238,0.00431666,-,19.2156868,-0.01664079,0.86689138,-0.07809832,0.35687518,30.98039246,31.37254906,-,-,59,22.304636,14.64881134,-,1474,-,-136.4829407,36.77424622,-76.04351807,10.1960783,25.16553307,25.47621918,20.76433754
Sun Nov 26 15:26:14 EST 2017,26:15.0,-76.04351186,36.77434955,11.25,4,-41,4.8,8.42759037,0.57460839,4.48194551,0.01525891,-,19.2156868,-0.03173835,0.85517663,0.06247865,0.34906533,30.98039246,31.76470566,-,-,59,22.3243351,14.64881134,-,1489,-,-134.5144348,36.77434921,-76.04351044,10.1960783,25.16553307,25.47621918,20.76433754
Sun Nov 26 15:26:15 EST 2017,26:16.0,-76.0435101,36.77445556,11.5,4,-41.29999924,3.2,8.19774628,0.45968673,4.25210238,-0.01262279,-,18.03921509,-0.03540925,0.86298645,0.0234295,0.32954079,28.62745094,29.01960754,-,-,57.20000076,22.33084679,14.64881134,-,1482,-,-135.4986877,36.77445602,-76.04351044,8.62745094,25.72476578,25.47621918,-
Sun Nov 26 15:26:16 EST 2017,26:17.0,-76.04351443,36.77456445,11.5,4,-40.90000153,2.4,8.61912632,0.84275901,4.06056595,-0.00679786,-,18.4313736,-0.02536123,0.86689138,0.15229172,0.317826,29.80392265,29.80392265,-,-,57.20000076,22.34379196,14.64881134,-,1472,-,-134.1863556,36.77456284,-76.04351807,9.4117651,25.72476578,25.47621918,-
Sun Nov 26 15:26:17 EST 2017,26:18.0,-76.0435025,36.77466773,11.5,3,-40.09999847,3,8.54251194,3.17949986,3.94564438,-0.00346722,-,19.2156868,0.02069792,0.83565199,0.37096703,0.35297027,30.19607925,28.62745094,-,-,57.20000076,22.35663033,14.64881134,-,1466,-,-131.561676,36.77466583,-76.04350281,10.1960783,25.72476578,25.47621918,-
Sun Nov 26 15:26:18 EST 2017,26:19.0,-76.04348525,36.77477411,11.5,3,-39.20000076,4.5,7.431602,2.60489154,4.75009632,-0.03939108,-,16.07843208,-0.01502839,0.80441266,0.26943922,0.39982924,26.27450943,27.45098114,-,-,57.20000076,22.36936378,14.64881134,-,1471,-,-128.6089325,36.77477264,-76.04348755,7.05882359,25.72476578,25.47621918,-
Sun Nov 26 15:26:19 EST 2017,26:20.0,-76.04347144,36.77487867,11.5,4,-38.79999924,5.7,7.89128876,2.18351197,5.24809027,0.01037192,-,17.25490189,-0.04719524,0.80441266,0.2186753,0.36078009,27.05882454,27.45098114,-,-,57.20000076,22.38072777,14.64881134,-,1453,-,-127.2965851,36.77487946,-76.04347229,7.84313726,25.72476578,25.47621918,-
Sun Nov 26 15:26:20 EST 2017,26:21.0,-76.04344446,36.7749807,11.5,4,-38.59999847,10.7,8.31266785,1.60890353,5.05655384,0.0105546,-,17.64705849,-0.03416828,0.85127175,0.11324256,0.34125552,28.23529434,28.23529434,-,-,57.20000076,22.39326096,14.64881134,-,1470,-,-126.6404114,36.77498245,-76.04344177,8.23529434,25.72476578,25.47621918,-
Sun Nov 26 15:26:21 EST 2017,26:22.0,-76.04340807,36.77508808,12,4,-38.90000153,13.3,8.81066227,1.34075296,5.20978308,0.0029435,-,17.25490189,0.04069862,0.91765523,0.0976229,0.38030469,27.84313774,27.84313774,-,-,57.20000076,22.40569305,14.64881134,-,1474,-,-127.6246796,36.77508926,-76.04341125,8.23529434,26.84323311,25.47621918,-
Sun Nov 26 15:26:22 EST 2017,26:23.0,-76.04337844,36.77518033,10.75,4,-38.59999847,15,8.23605347,1.60890353,4.48194551,-0.0036103,-,17.64705849,-0.01159528,0.83955687,0.21086545,0.37639979,27.84313774,28.23529434,-,-,57.20000076,22.41802406,14.64881134,-,1480,-,-126.6404114,36.77518082,-76.04338074,8.23529434,24.04706573,25.47621918,-
Sun Nov 26 15:26:23 EST 2017,26:24.0,-76.04333999,36.77527708,11.25,4,-38.90000153,17.9,8.35097599,1.99197578,5.59285498,0.00911671,-,17.64705849,-0.06076008,0.79269797,0.21086545,0.35687518,27.45098114,26.66666794,-,-,57.20000076,22.42415428,14.64881134,-,1478,-,-127.6246796,36.77527618,-76.04334259,8.23529434,25.16553307,25.47621918,-
Sun Nov 26 15:26:24 EST 2017,26:25.0,-76.04329633,36.77537379,11.25,4,-39.29999924,20.7,7.92959595,1.9153614,4.97993946,-0.01489733,-,16.07843208,-0.03847516,0.8083176,0.17962612,0.38811451,25.88235283,26.27450943,-,-,57.20000076,22.43633652,14.64881134,-,1467,-,-128.9370117,36.77537537,-76.04329681,6.27450991,25.16553307,25.47621918,-
Sun Nov 26 15:26:25 EST 2017,26:26.0,-76.04325054,36.77546929,11.25,5,-39.20000076,22,8.08282471,4.44363832,5.59285498,-0.01201,-,16.47058868,0.05462233,0.94108468,-0.05076391,0.37249482,26.66666794,27.05882454,-,-,55.40000153,22.44842339,14.64881134,-,1461,-,-128.6089325,36.77547073,-76.04325104,6.66666698,25.16553307,25.47621918,-
Sun Nov 26 15:26:26 EST 2017,26:27.0,-76.04319957,36.77556548,11.5,5,-39.40000153,23.6,7.77636719,1.76213241,4.94163227,0.01162847,-,17.25490189,-0.03904666,0.83565199,0.19134088,0.3334457,27.84313774,28.23529434,-,-,55.40000153,22.45918465,14.64881134,-,1467,-,-129.2650909,36.7755661,-76.04319763,7.84313726,25.72476578,25.47621918,-
Sun Nov 26 15:26:27 EST 2017,26:28.0,-76.04314723,36.77565596,11.25,4,-39.90000153,24.4,7.73806,2.7581203,4.32871675,-0.03445446,-,15.68627453,-0.01141,0.78879303,0.30458343,0.411544,25.49019623,25.88235283,-,-,55.40000153,22.46863556,14.64881134,-,1448,-,-130.9055176,36.77565765,-76.04314423,5.88235283,25.16553307,24.85484695,-
Sun Nov 26 15:26:28 EST 2017,26:29.0,-76.0430915,36.77573866,11,4,-39.29999924,27.8,8.19774628,1.76213241,4.36702394,-0.0074019,-,18.8235302,-0.02469618,0.84736669,0.17572121,0.34906533,30.58823586,30.58823586,-,-,55.40000153,22.47333336,14.64881134,-,1456,-,-128.9370117,36.77573776,-76.04309082,9.8039217,24.60629845,24.85484695,-
Sun Nov 26 15:26:29 EST 2017,26:30.0,-76.04301891,36.77583368,11,3,-38.59999847,31.8,7.92959595,1.76213241,4.40533113,-0.00381223,-,19.6078434,0.08073304,0.9371798,0.18743597,0.40373418,30.98039246,30.98039246,-,-,55.40000153,22.48389053,14.64881134,-,1489,-,-126.6404114,36.77583313,-76.04302216,10.1960783,24.60629845,25.47621918,28.71970749
Sun Nov 26 15:26:30 EST 2017,26:31.0,-76.04294607,36.7759238,11.5,3,-38.70000076,33.9,8.46589756,0.57460839,4.8267107,-0.00714841,-,17.25490189,-0.08614619,0.81612742,-0.01952458,0.31001619,27.05882454,30.19607925,-,-,55.40000153,22.49679184,14.64881134,-,1497,-,-126.9685059,36.77592468,-76.04294586,8.23529434,25.72476578,26.09758949,28.71970749
Sun Nov 26 15:26:31 EST 2017,26:32.0,-76.04286579,36.77600799,11.75,3,-39.29999924,35.8,8.96389103,0.61291564,5.17147589,0.01465158,-,16.86274529,-0.07329621,0.82003236,0.13276714,0.31001619,27.05882454,27.45098114,-,-,55.40000153,22.51080322,14.64881134,-,1507,-,-128.9370117,36.77600861,-76.04286957,7.45098066,26.2840004,26.09758949,20.2872467
Sun Nov 26 15:26:32 EST 2017,26:33.0,-76.04278209,36.77609904,12,3,-39.40000153,37.6,8.31266785,1.53228903,5.09486103,-0.00137046,-,16.86274529,-0.05429212,0.82784218,0.11714748,0.34125552,27.05882454,27.45098114,-,-,55.40000153,22.52470589,14.64881134,-,1519,-,-129.2650909,36.77610016,-76.04278564,7.45098066,26.84323311,26.09758949,20.2872467
Sun Nov 26 15:26:33 EST 2017,26:34.0,-76.04270151,36.77618634,11.5,4,-38.59999847,37.5,7.85298157,2.14520478,4.5202527,0.00810083,-,15.68627453,0.05376117,0.89032084,0.22648512,0.4154489,27.05882454,27.05882454,-,-,55.40000153,22.54089928,14.64881134,-,1532,-,-126.6404114,36.7761879,-76.04270172,6.27450991,25.72476578,26.71896172,29.68677711
Sun Nov 26 15:26:34 EST 2017,26:35.0,-76.04261758,36.7762624,12,4,-38.29999924,39.3,7.77636719,1.99197578,4.59686708,-0.00228933,-,15.68627453,-0.05267196,0.78488815,0.26162934,0.36078009,23.52941132,23.52941132,-,-,55.40000153,22.55577469,14.64881134,-,1521,-,-125.6561661,36.77626419,-76.0426178,5.88235283,26.84323311,26.09758949,29.68677711
Sun Nov 26 15:26:35 EST 2017,26:36.0,-76.04252427,36.77633628,11.75,4,-38.20000076,43.2,8.00621033,2.79642749,4.78840351,-0.03009595,-,15.68627453,-0.08486141,0.74193406,0.26553428,0.364685,23.52941132,23.52941132,-,-,55.40000153,22.56815338,14.64881134,-,1487,-,-125.3280869,36.77633667,-76.04252625,5.88235283,26.2840004,25.47621918,29.68677711
Sun Nov 26 15:26:36 EST 2017,26:37.0,-76.04242824,36.77641701,12,4,-38.09999847,44.5,8.04451752,2.7581203,4.94163227,-0.00219923,-,15.68627453,-0.02649697,0.78098321,0.33191785,0.37639979,23.52941132,23.92156982,-,-,55.40000153,22.57925415,14.64881134,-,1467,-,-124.9999924,36.77641678,-76.04242706,5.88235283,26.84323311,25.47621918,-
Sun Nov 26 15:26:37 EST 2017,26:38.0,-76.0423285,36.77647977,11.5,4,-38.20000076,49.6,7.35498762,2.87304211,4.75009632,-0.02300389,-,15.29411793,0.01111524,0.83565199,0.28505886,0.39201942,23.52941132,23.92156982,-,-,55.40000153,22.58790588,14.64881134,-,1431,-,-125.3280869,36.77648163,-76.04232788,5.49019623,25.72476578,24.85484695,-
Sun Nov 26 15:26:38 EST 2017,26:39.0,-76.04222653,36.77653695,11.25,3,-37.70000076,54,7.73806,2.71981311,3.63918662,0.00023243,-,16.86274529,0.05733176,0.89422578,0.2186753,0.41935381,27.84313774,29.01960754,-,-,55.40000153,22.59220886,14.64881134,-,1426,-,-123.6876679,36.77653885,-76.0422287,7.05882359,25.16553307,24.85484695,-
Sun Nov 26 15:26:39 EST 2017,26:40.0,-76.042124,36.77658905,11,4,-38.20000076,56.6,7.66144562,1.83874691,4.67348194,0.01352724,-,18.4313736,-0.02148638,0.83955687,0.19915071,0.36078009,29.80392265,30.19607925,-,-,55.40000153,22.60076332,14.64881134,-,1463,-,-125.3280869,36.77658844,-76.04212189,9.4117651,24.60629845,24.85484695,-
Sun Nov 26 15:26:40 EST 2017,26:41.0,-76.04201421,36.77663222,11,4,-38,61.8,8.19774628,2.71981311,5.70777702,-0.01004798,-,18.03921509,-0.02126029,0.83174706,0.23819989,0.35687518,30.19607925,30.19607925,-,-,55.40000153,22.61042213,14.64881134,-,1477,-,-124.6719132,36.7766304,-76.04201508,9.4117651,24.60629845,25.47621918,19.96347809
Sun Nov 26 15:26:41 EST 2017,26:42.0,-76.04190043,36.77667643,11.25,4,-37.59999847,62.7,7.50821638,2.98796368,4.63517427,-0.01448324,-,15.68627453,-0.04644285,0.77317333,0.26943922,0.38811451,25.49019623,25.49019623,-,-,55.40000153,22.62117577,14.64881134,-,1476,-,-123.3595734,36.77667618,-76.04190063,5.88235283,25.16553307,25.47621918,19.96347809
Sun Nov 26 15:26:42 EST 2017,26:43.0,-76.04178034,36.77672166,11.5,4,-37.90000153,64.5,7.31668043,2.87304211,4.63517427,0.00670687,-,15.68627453,-0.0194301,0.80441266,0.32410803,0.35687518,26.27450943,27.05882454,-,-,55.40000153,22.63184738,14.64881134,-,1466,-,-124.3438339,36.77672195,-76.04177856,5.88235283,25.72476578,25.47621918,19.96347809
Sun Nov 26 15:26:43 EST 2017,26:44.0,-76.04166015,36.77675885,11.5,4,-38.59999847,68.9,7.96790314,4.02225876,5.01824665,-0.01953858,-,19.2156868,0.04414581,0.81222248,0.41001618,0.411544,30.58823586,30.98039246,-,-,55.40000153,22.6424427,14.64881134,-,1490,-,-126.6404114,36.7767601,-76.04165649,10.1960783,25.72476578,25.47621918,-
Sun Nov 26 15:26:44 EST 2017,26:45.0,-76.04152831,36.77678484,11.5,4,-38.40000153,74.9,7.39329481,2.56658411,5.43962622,-0.00945252,-,15.68627453,-0.10976914,0.76536351,0.23819989,0.28658667,22.74509811,24.70588303,-,-,55.40000153,22.64886475,14.64881134,-,1504,-,-125.9842606,36.77678299,-76.04152679,5.88235283,25.72476578,26.09758949,-
Sun Nov 26 15:26:45 EST 2017,26:46.0,-76.04139662,36.77681028,11.75,4,-38.29999924,79.2,7.69975281,2.45166254,4.90332508,-0.01544176,-,16.86274529,-0.07719028,0.76926845,0.27334413,0.32954079,26.27450943,25.09803963,-,-,55.40000153,22.65933609,14.64881134,-,1472,-,-125.6561661,36.77680969,-76.04139709,7.05882359,26.2840004,25.47621918,-
Sun Nov 26 15:26:46 EST 2017,26:47.0,-76.04127016,36.77682256,11.5,3,-37.40000153,80.3,8.08282471,2.87304211,4.59686708,-0.01045255,-,15.29411793,-0.0653853,0.7575537,0.23039004,0.39592433,24.70588303,22.35294151,-,-,55.40000153,22.66858292,14.64881134,-,1455,-,-122.7034149,36.77682114,-76.0412674,5.88235283,25.72476578,24.85484695,-
Sun Nov 26 15:26:47 EST 2017,26:48.0,-76.0411357,36.77683242,11.5,4,-37,84.2,7.92959595,2.87304211,4.94163227,-0.01767756,-,15.29411793,-0.06333859,0.76536351,0.2928687,0.35297027,25.09803963,25.09803963,-,-,55.40000153,22.67662048,14.64881134,-,1429,-,-121.3910751,36.77683258,-76.0411377,5.49019623,25.72476578,24.85484695,-
Sun Nov 26 15:26:48 EST 2017,26:49.0,-76.0410061,36.77684027,11.25,4,-37,86.7,7.24006605,2.7581203,4.8267107,0.01121084,-,15.29411793,-0.0162685,0.77317333,0.32801294,0.411544,25.09803963,25.09803963,-,-,55.40000153,22.68232346,14.64881134,-,1407,-,-121.3910751,36.77684021,-76.041008,5.49019623,25.16553307,24.23347664,-
Sun Nov 26 15:26:49 EST 2017,26:50.0,-76.04088128,36.77683376,11.25,4,-36.70000076,91.6,7.24006605,5.20978308,4.97993946,-0.00283537,-,15.29411793,-0.03127363,0.66774058,0.49982923,0.39201942,24.70588303,24.70588303,-,-,55.40000153,22.6868515,14.64881134,-,1380,-,-120.4068298,36.77683258,-76.0408783,5.09803915,25.16553307,23.61210442,-
Sun Nov 26 15:26:50 EST 2017,26:51.0,-76.04076072,36.77682001,11,4,-36.59999847,96,6.35899973,5.47793341,4.55855989,-0.01008686,-,16.47058868,0.01588036,0.67164552,0.59745216,0.37249482,27.05882454,27.84313774,-,-,55.40000153,22.6885376,14.64881134,-,1367,-,-120.0787354,36.77682114,-76.04076385,5.88235283,24.60629845,23.61210442,-
Sun Nov 26 15:26:51 EST 2017,26:52.0,-76.0406466,36.77680082,10.5,4,-36.70000076,100.5,6.62715054,5.89931297,3.86903,-0.00794147,-,18.03921509,-0.01297789,0.67555046,0.60135704,0.29439652,29.41176605,29.01960754,-,-,55.40000153,22.69188881,14.64881134,-,1379,-,-120.4068298,36.77680206,-76.04064941,8.62745094,23.48783112,23.61210442,-
Sun Nov 26 15:26:52 EST 2017,26:53.0,-76.04053206,36.77677366,10.25,4,-37,105.4,6.62715054,5.36301184,5.32470465,0.03660763,-,16.07843208,-0.01128653,0.72240943,0.45297024,0.39982924,27.05882454,27.05882454,-,-,55.40000153,22.69521904,14.64881134,-,1375,-,-121.3910751,36.77677536,-76.04053497,6.66666698,22.9285965,23.61210442,-
Sun Nov 26 15:26:53 EST 2017,26:54.0,-76.04043049,36.77672117,10.5,4,-36.90000153,116.7,7.66144562,1.99197578,5.20978308,0.000979,-,15.29411793,0.00140282,0.82784218,0.27334413,0.39201942,14.11764717,14.11764717,-,-,55.40000153,22.69852066,14.64881134,-,1353,-,-121.0629959,36.77672195,-76.04042816,5.49019623,23.48783112,23.61210442,-
Sun Nov 26 15:26:54 EST 2017,26:55.0,-76.04032769,36.77665989,10.75,4,-36.90000153,122.3,8.15943909,-0.07661445,4.44363832,-0.01335194,-,14.50980377,-0.04019058,0.79269797,0.04295408,0.43887842,14.11764717,14.11764717,-,-,55.40000153,22.69904709,14.64881134,-,1271,-,-121.0629959,36.77666092,-76.04032898,4.70588255,24.04706573,22.9907341,-
Sun Nov 26 15:26:55 EST 2017,26:56.0,-76.04023826,36.77661458,10.25,4,-37,126.4,7.12514448,0.99598789,4.97993946,-0.01834947,-,14.50980377,-0.08578726,0.77707827,-0.06638357,0.37639979,14.11764717,14.11764717,-,-,55.40000153,22.69452477,14.64881134,-,1224,-,-121.3910751,36.77661514,-76.04023743,4.31372547,22.9285965,21.12662125,-
Sun Nov 26 15:26:56 EST 2017,26:57.0,-76.04015167,36.77656394,10,4,-36.59999847,127.3,7.12514448,-0.61291564,7.12514448,0.04806203,-,13.72549057,0.02763334,0.7575537,-0.14057697,0.57945544,14.11764717,14.11764717,-,-,55.40000153,22.6756115,14.64881134,-,924,-,-120.0787354,36.77656555,-76.0401535,4.31372547,22.36936378,16.15565109,-
Sun Nov 26 15:26:57 EST 2017,26:58.0,-76.04008507,36.77651954,8.25,3,-37,127.3,8.1211319,-0.8810662,7.16345167,0.04804366,-,13.72549057,0.02715807,0.71069467,-0.10152781,0.63412422,14.11764717,14.11764717,-,-,55.40000153,22.65844917,14.64881134,-,1004,-,-121.3910751,36.77651978,-76.04008484,3.92156863,18.45472336,13.04879475,-
Sun Nov 26 15:26:58 EST 2017,26:59.0,-76.04002626,36.77648542,6.25,4,-37.29999924,127.7,7.24006605,-0.8810662,6.09084892,0.03877058,-,13.33333397,0.02557476,0.81612742,-0.13667206,0.50526196,14.11764717,14.11764717,-,-,55.40000153,22.60223961,14.64881134,-,768,-,-122.3753281,36.77648544,-76.0400238,3.92156863,13.98085213,4.97096968,-
Sun Nov 26 15:26:59 EST 2017,27:00.0,-76.03999972,36.77646916,3.5,3,-37.70000076,125.9,8.6957407,-3.14119267,3.86903,0.01576924,-,14.90196133,0.01464046,0.90594047,-0.16400647,0.32563588,38.82352829,38.82352829,-,-,55.40000153,22.56767273,14.64881134,-,939,-,-123.6876679,36.77647018,-76.04000092,4.31372547,7.82927656,3.10685587,-
Sun Nov 26 15:27:00 EST 2017,27:01.0,-76.03999053,36.77646341,1.5,3,-37.90000153,122.1,4.90332508,-9.19373417,1.99197578,0.10037261,-,23.92156982,0.06870032,0.54668826,-0.88641596,0.1381999,42.35294342,43.13725662,-,-,55.40000153,22.50219917,14.64881134,-,1568,-,-124.3438339,36.77646255,-76.03999329,14.90196133,3.35540414,4.97096968,-
Sun Nov 26 15:27:01 EST 2017,27:02.0,-76.03997619,36.77645202,1.5,4,-37.90000153,130.6,-0.5363012,-9.88326454,2.45166254,0.05982295,-,26.66666794,-0.00882027,0.05857374,-0.95279956,0.1655343,43.52941132,43.52941132,-,-,55.40000153,22.45688057,14.64881134,-,2082,-,-124.3438339,36.77645111,-76.03997803,18.8235302,3.35540414,11.18468189,54.50107574
Sun Nov 26 15:27:02 EST 2017,27:03.0,-76.03993168,36.77643051,4.25,3,-37.40000153,118,-4.21379519,-9.95987892,3.37103605,0.07905192,-,24.70588303,0.0659769,-0.34363261,-0.97622901,0.15381955,39.2156868,39.2156868,-,-,55.40000153,22.44143867,14.64881134,-,1953,-,-122.7034149,36.77643204,-76.03993225,16.86274529,9.50697899,13.67016602,94.11820984
Sun Nov 26 15:27:03 EST 2017,27:04.0,-76.03987037,36.77641443,5.5,3,-37.29999924,110.4,0.9576807,-9.34696388,3.14119267,0.02543826,-,25.09803963,0.027017,-0.01561966,-0.96451426,0.25144243,39.60784531,39.60784531,-,-,55.40000153,22.42050934,14.64881134,-,2092,-,-122.3753281,36.77641296,-76.03987122,17.25490189,12.30314922,17.39839363,71.98236847
Sun Nov 26 15:27:04 EST 2017,27:05.0,-76.0397976,36.77640041,6.75,4,-37.40000153,103.5,0.42137951,-10.18972206,3.29442143,0.11149043,-,23.52941132,0.01274381,0.05076391,-0.92936999,0.29830143,38.4313736,38.4313736,-,-,55.40000153,22.4084034,14.64881134,-,1534,-,-122.7034149,36.77640152,-76.03979492,14.90196133,15.09931946,19.26250648,64.80392456
Sun Nov 26 15:27:05 EST 2017,27:06.0,-76.03969722,36.77642058,8,3,-37.5,81.3,0.9576807,-8.6957407,3.63918662,0.08006659,-,23.52941132,0.05960226,0.13276714,-0.99965847,0.22410804,37.25490189,37.25490189,-,-,55.40000153,22.40616989,14.64881134,-,1590,-,-123.0314941,36.77642059,-76.03969574,15.29411793,17.89549065,21.12662125,64.80392456
Sun Nov 26 15:27:06 EST 2017,27:07.0,-76.03960815,36.77645513,8.75,4,-37.79999924,66.4,5.7843914,-8.88727665,4.175488,0.07333914,-,23.13725471,0.05533832,0.47639978,-0.83955687,0.32563588,35.68627548,35.29411697,-,-,55.40000153,22.4060421,14.64881134,-,1725,-,-124.0157471,36.77645493,-76.03961182,14.50980377,19.5731926,22.9907341,75.40857697
Sun Nov 26 15:27:07 EST 2017,27:08.0,-76.0395228,36.7765181,10,4,-37.90000153,49.6,7.73806,-0.45968673,4.90332508,0.01667602,-,16.07843208,-0.02006053,0.82003236,-0.20305562,0.39592433,14.11764717,14.11764717,-,-,55.40000153,22.40597725,14.64881134,-,1674,-,-124.3438339,36.77651978,-76.03952026,6.66666698,22.36936378,22.36936378,18.64671135
Sun Nov 26 15:27:08 EST 2017,27:09.0,-76.03944929,36.77658721,10,4,-38.09999847,41.4,8.15943909,0.07661445,6.09084892,0.05695862,-,15.29411793,0.00185223,0.8083176,0.10543273,0.4818325,14.11764717,14.50980377,-,-,55.40000153,22.40155983,14.64881134,-,1593,-,-124.9999924,36.77658844,-76.0394516,5.49019623,22.36936378,20.50524902,18.64671135
Sun Nov 26 15:27:09 EST 2017,27:10.0,-76.03938717,36.77665029,9.5,3,-38,38,7.04852962,1.53228903,6.55053568,0.02079983,-,14.90196133,-0.02087056,0.71069467,0.20696054,0.54040623,14.11764717,14.11764717,-,-,55.40000153,22.39507484,14.64881134,-,1480,-,-124.6719132,36.77664948,-76.03939056,5.09803915,21.25089455,18.64113617,18.64671135
Sun Nov 26 15:27:10 EST 2017,27:11.0,-76.0393305,36.77670928,8.5,3,-37.79999924,38,6.39730692,3.83072281,6.85699368,0.01748784,-,13.72549057,-0.015594,0.65602589,0.23429495,0.59507507,14.11764717,14.11764717,-,-,55.40000153,22.36509132,14.64881134,-,901,-,-124.0157471,36.77671051,-76.03932953,3.52941179,19.01395798,11.80605221,-
Sun Nov 26 15:27:11 EST 2017,27:12.0,-76.03929085,36.77674915,6.25,3,-37.40000153,39.6,-0.9576807,8.38928318,4.02225876,0.03447413,-,14.11764717,-0.02295319,0.00390492,0.85908157,0.364685,14.11764717,14.50980377,-,-,55.40000153,22.31084442,14.64881134,-,826,-,-122.7034149,36.77674866,-76.03929138,4.31372547,13.98085213,5.59234095,-
Sun Nov 26 15:27:12 EST 2017,27:13.0,-76.03926581,36.77676889,3.75,4,-37.20000076,41.9,-3.63918662,8.27436066,5.20978308,0.02745383,-,13.72549057,-0.0484933,-0.32410803,0.71069467,0.44278333,14.11764717,14.11764717,-,-,55.40000153,22.28013992,14.64881134,-,707,-,-122.0472488,36.77676773,-76.03926849,3.52941179,8.3885107,4.34959841,-
Sun Nov 26 15:27:13 EST 2017,27:14.0,-76.03924871,36.77678073,2.25,4,-37.09999847,45.6,-3.14119267,7.04852962,2.94965649,0.0111563,-,14.11764717,0.16108312,-0.33582276,1.07385194,0.18505886,14.11764717,14.11764717,-,-,55.40000153,22.2453022,14.64881134,-,643,-,-121.7191544,36.77677917,-76.03924561,4.31372547,5.03310633,0,-
Sun Nov 26 15:27:14 EST 2017,27:15.0,-76.03924583,36.77678529,0.75,4,-36.90000153,45.6,-3.29442143,8.73404789,3.37103605,0.00150601,-,14.11764717,-0.03702425,-0.30458343,0.83955687,0.25925228,14.11764717,14.11764717,-,-,55.40000153,22.2453022,14.64881134,-,668,-,-121.0629959,36.7767868,-76.03924561,4.31372547,1.67770207,0,-
Sun Nov 26 15:27:15 EST 2017,27:16.0,-76.03924428,36.77678716,0,3,-37,0,-3.10288548,8.61912632,3.40934324,-0.00268354,-,14.11764717,-0.06796024,-0.28505886,0.81612742,0.24753754,14.11764717,14.11764717,-,-,55.40000153,22.2453022,14.64881134,-,705,-,-121.3910751,36.7767868,-76.03924561,3.92156863,0,0,-
Sun Nov 26 15:27:16 EST 2017,27:17.0,-76.03924336,36.77678782,0,3,-37.09999847,0,-2.87304211,8.84896946,3.37103605,0.0017128,-,13.72549057,0.01819087,-0.30458343,0.90984541,0.23972771,14.11764717,14.50980377,-,-,55.40000153,22.2453022,14.64881134,-,642,-,-121.7191544,36.7767868,-76.03924561,3.92156863,0,0,-
Sun Nov 26 15:27:17 EST 2017,27:18.0,-76.0392421,36.77678782,0,3,-37,0,-2.68150592,8.23605347,3.40934324,-0.00398015,-,14.11764717,-0.0131093,-0.30458343,0.8747012,0.23972771,14.11764717,14.50980377,-,-,55.40000153,22.2453022,14.64881134,-,713,-,-121.3910751,36.7767868,-76.03924561,3.92156863,0,0,-
Sun Nov 26 15:27:18 EST 2017,27:19.0,-76.03924193,36.7767876,0,3,-36.79999924,0,-2.7581203,8.54251194,3.44765043,-0.00075696,-,13.72549057,0.02785604,-0.31629819,0.91375035,0.24753754,14.11764717,14.11764717,-,-,55.40000153,22.2453022,14.64881134,-,680,-,-120.7349091,36.7767868,-76.03924561,3.92156863,0,0,-
Sun Nov 26 15:27:19 EST 2017,27:20.0,-76.03924066,36.77678728,0,3,-36.59999847,0,-2.94965649,8.1211319,2.9113493,-0.0000744,-,13.72549057,-0.05999688,-0.29677361,0.84346181,0.1889638,14.11764717,14.11764717,-,-,55.40000153,22.2453022,14.64881134,-,662,-,-120.0787354,36.7767868,-76.03923798,3.92156863,0,0,-
Sun Nov 26 15:27:20 EST 2017,27:21.0,-76.03923957,36.77678721,0,3,-36.5,0,-8.27436066,5.01824665,1.9153614,0.00611728,-,14.90196133,-0.00052662,-0.83955687,0.50373417,0.09915072,22.74509811,14.50980377,-,-,55.40000153,22.2453022,14.64881134,-,641,-,-119.7506561,36.7767868,-76.03923798,5.49019623,0,0,-
Sun Nov 26 15:27:21 EST 2017,27:22.0,-76.03923724,36.77678705,0.25,4,-36.5,45.6,-9.57680702,1.07260239,1.11090958,0.00783855,-,17.64705849,0.01662361,-0.99965847,0.10152781,0.05229172,29.80392265,27.45098114,-,-,55.40000153,22.17492104,14.64881134,-,1178,-,-119.7506561,36.7767868,-76.03923798,7.45098066,0.55923408,2.48548484,0.92809331
Sun Nov 26 15:27:22 EST 2017,27:23.0,-76.03922947,36.77679571,1,3,-36.20000076,53.9,-10.07480049,1.03429508,0.30645782,0.0399264,-,20,0.08951468,-1.07775688,0.12886222,-0.01018693,41.17647171,42.74509811,-,-,55.40000153,22.14676666,14.64881134,-,1680,-,-118.7664032,36.77679443,-76.03923035,17.25490189,2.23693633,5.59234095,35.68480682
Sun Nov 26 15:27:23 EST 2017,27:24.0,-76.03920704,36.77680897,2.5,4,-36,61.8,-10.0364933,2.26012635,-0.84275901,0.03869474,-,27.05882454,0.02460722,-1.00746834,0.17962612,-0.14295407,47.45098114,50.19607925,-,-,55.40000153,22.12818718,14.64881134,-,2283,-,-118.1102371,36.77680969,-76.03920746,17.25490189,5.59234095,11.18468189,35.68480682
Sun Nov 26 15:27:24 EST 2017,27:25.0,-76.03915363,36.77681611,4.75,4,-36.59999847,70.8,-6.51222849,7.89128876,0.65122288,0.11369704,-,37.25490189,0.07109632,-0.68726522,0.81612742,-0.01018693,47.45098114,47.84313965,-,-,55.40000153,22.11808014,14.64881134,-,2504,-,-120.0787354,36.77681732,-76.03915405,31.37254906,10.62544727,16.15565109,111.0015945
Sun Nov 26 15:27:25 EST 2017,27:26.0,-76.03907059,36.77681561,7,4,-36,88.4,4.44363832,6.89530087,2.56658411,-0.00658471,-,38.4313736,-0.03215617,0.42173091,0.83174706,0.15772445,48.62745285,49.80392075,-,-,55.40000153,22.11264038,14.64881134,-,2643,-,-118.1102371,36.77681732,-76.03907013,46.66666794,15.65855312,21.74799156,120.160408
Sun Nov 26 15:27:26 EST 2017,27:27.0,-76.03896239,36.77677594,9.5,3,-35.40000153,110.6,9.76834297,0.9576807,2.68150592,-0.01171664,-,52.54901886,0.02126594,0.96060938,0.08200324,0.23582277,54.50980377,54.50980377,-,-,55.40000153,22.12394714,14.64881134,-,2109,-,-116.1417389,36.77677536,-76.03896332,49.41176605,21.25089455,26.71896172,163.4637451
Sun Nov 26 15:27:27 EST 2017,27:28.0,-76.03886036,36.77672887,11.25,3,-35.20000076,121.8,9.19373417,-0.30645782,3.25611424,0.01817324,-,50.58823776,-0.00494852,0.9371798,-0.03123933,0.23191786,48.62745285,46.66666794,-,-,55.40000153,22.13686943,14.64881134,-,2257,-,-115.4855652,36.77672958,-76.03886414,45.88235474,25.16553307,29.82581711,163.4637451
Sun Nov 26 15:27:28 EST 2017,27:29.0,-76.03873335,36.77666157,13.25,3,-35.40000153,125.7,8.96389103,-0.57460839,3.86903,0.01719444,-,34.50980377,-0.02857603,0.8747012,-0.00780983,0.32173091,38.82352829,38.4313736,-,-,55.40000153,22.17609406,14.64881134,-,2645,-,-116.1417389,36.77666092,-76.03873444,30.19607925,29.6394043,34.79678726,197.9905243
Sun Nov 26 15:27:29 EST 2017,27:30.0,-76.0385929,36.77657747,15.25,3,-35.70000076,126,9.15542698,1.03429508,4.02225876,0.04380792,-,28.23529434,-0.05424378,0.84736669,0.03514424,0.317826,38.03921509,38.4313736,-,-,55.40000153,22.22437668,14.64881134,-,2202,-,-117.1259842,36.776577,-76.03858948,20.3921566,34.11327744,37.28227234,130.2286377
Sun Nov 26 15:27:30 EST 2017,27:31.0,-76.03844085,36.77648341,16.5,3,-36.29999924,125.7,9.34696388,0.72783732,4.25210238,0.02163391,-,28.62745094,-0.05078125,0.87860614,0.07028849,0.25144243,38.4313736,39.60784531,-,-,55.40000153,22.28059578,14.64881134,-,2260,-,-119.0944824,36.77648163,-76.03844452,21.17647171,36.90944672,39.76775742,113.7257919
Sun Nov 26 15:27:31 EST 2017,27:32.0,-76.03828343,36.7763906,17.25,4,-36.29999924,126.1,8.84896946,-0.30645782,3.75410819,0.00575769,-,27.05882454,0.0081531,0.90594047,-0.01561966,0.34125552,36.07843018,36.86274719,-,-,55.40000153,22.34158707,14.64881134,-,2263,-,-119.0944824,36.77639008,-76.0382843,23.92156982,38.58715057,41.01049805,84.31216431
Sun Nov 26 15:27:32 EST 2017,27:33.0,-76.03811956,36.77629438,18.25,3,-35.40000153,126.8,7.54652357,-0.19153613,5.09486103,0.027025,-,35.68627548,0.03511203,0.92546505,0.0741934,0.35687518,43.52941132,43.92156982,-,-,55.40000153,22.37449646,14.64881134,-,1999,-,-116.1417389,36.77629471,-76.03811646,29.01960754,40.82408524,42.25324249,84.31216431
Sun Nov 26 15:27:33 EST 2017,27:34.0,-76.03795048,36.77619282,19,3,-35.90000153,126.6,8.15943909,0.03830723,4.29040956,0.0008135,-,26.66666794,-0.01495863,0.85517663,0.00780983,0.38811451,34.50980377,38.4313736,-,-,55.40000153,22.44613838,14.64881134,-,1950,-,-117.7821579,36.77619171,-76.03794861,18.8235302,42.50178909,44.73872757,148.9078522
Sun Nov 26 15:27:34 EST 2017,27:35.0,-76.03777483,36.77608509,20,3,-35.79999924,126.9,8.54251194,-0.15322891,4.86501789,0.01166871,-,25.49019623,-0.04532342,0.83955687,0.02733441,0.35297027,34.90196228,35.29411697,-,-,55.40000153,22.52240944,14.64881134,-,2016,-,-117.4540634,36.7760849,-76.03777313,17.64705849,44.73872757,45.9814682,109.3594208
Sun Nov 26 15:27:35 EST 2017,27:36.0,-76.03758818,36.77597864,20.5,4,-35.70000076,126.5,9.04050541,-0.9576807,4.63517427,-0.01242145,-,26.27450943,-0.06200371,0.79660285,-0.05076391,0.39201942,37.25490189,37.25490189,-,-,57.20000076,22.60224915,14.64881134,-,2072,-,-117.1259842,36.77597809,-76.03759003,18.4313736,45.85719299,47.22420883,85.50389099
Sun Nov 26 15:27:36 EST 2017,27:37.0,-76.03740243,36.77586583,21,3,-36,126.6,8.65743351,-0.42137951,5.43962622,0.01795556,-,24.31372643,-0.0314311,0.85517663,0.03123933,0.35297027,33.33333206,33.33333206,-,-,57.20000076,22.68359756,14.64881134,-,2117,-,-118.1102371,36.77586746,-76.03739929,16.07843208,46.97566223,47.84558105,35.59991455
Sun Nov 26 15:27:37 EST 2017,27:38.0,-76.03721372,36.77574908,21.25,3,-36.29999924,127.1,8.42759037,-0.11492168,5.05655384,0.02092105,-,21.96078491,-0.06927905,0.79660285,-0.01952458,0.38030469,32.15686417,32.15686417,-,-,57.20000076,22.72457695,14.64881134,-,1741,-,-119.0944824,36.77574921,-76.03721619,13.33333397,47.53489685,47.84558105,41.28570938
Sun Nov 26 15:27:38 EST 2017,27:39.0,-76.03702009,36.77563533,21.5,3,-36.20000076,126.2,9.23204136,-0.57460839,4.94163227,0.0148391,-,18.4313736,0.05440534,0.89422578,0.06247865,0.45449808,26.66666794,27.05882454,-,-,57.20000076,22.80613899,14.64881134,-,1663,-,-118.7664032,36.77563477,-76.03701782,9.01960754,48.09413147,47.84558105,41.28570938
Sun Nov 26 15:27:39 EST 2017,27:40.0,-76.03683027,36.77551918,21.5,4,-36.29999924,126.5,8.46589756,-0.22984336,5.43962622,0.00522489,-,18.4313736,-0.02834048,0.83174706,0.04295408,0.39982924,28.23529434,28.62745094,-,-,57.20000076,22.88717079,14.64881134,-,1655,-,-119.0944824,36.77552032,-76.03682709,9.4117651,48.09413147,47.84558105,41.28570938
Sun Nov 26 15:27:40 EST 2017,27:41.0,-76.0366352,36.77540525,21.5,3,-36.29999924,126.3,7.85298157,-0.61291564,5.89931297,-0.03064654,-,18.4313736,-0.12706017,0.6794554,-0.03123933,0.44668823,28.23529434,24.31372643,-,-,57.20000076,22.92749405,14.64881134,-,1650,-,-119.0944824,36.77540588,-76.03663635,9.4117651,48.09413147,47.84558105,41.28570938
Sun Nov 26 15:27:41 EST 2017,27:42.0,-76.03644232,36.77528803,21.25,3,-36.29999924,126.3,7.66144562,0.84275901,5.01824665,-0.01362604,-,16.86274529,-0.02127588,0.83565199,0.03514424,0.40763909,26.27450943,26.27450943,-,-,57.20000076,23.00474358,14.64881134,-,1628,-,-119.0944824,36.77528763,-76.03644562,7.45098066,47.53489685,46.60284042,-
Sun Nov 26 15:27:42 EST 2017,27:43.0,-76.03625271,36.77517409,21.25,4,-36,125.8,8.19774628,0,4.90332508,-0.03280634,-,19.2156868,-0.11508132,0.77317333,0.01561966,0.32954079,30.19607925,31.37254906,-,-,57.20000076,23.08049965,14.64881134,-,1649,-,-118.1102371,36.77517319,-76.03625488,12.54901981,47.53489685,46.60284042,-
Sun Nov 26 15:27:43 EST 2017,27:44.0,-76.03606263,36.77506415,21,3,-36,126.4,8.73404789,-0.07661445,4.78840351,0.03293025,-,23.52941132,0.05392044,0.90984541,0.01171475,0.4310686,34.50980377,34.90196228,-,-,57.20000076,23.15775871,14.64881134,-,1684,-,-118.1102371,36.77506256,-76.03606415,14.90196133,46.97566223,47.22420883,46.67812729
Sun Nov 26 15:27:44 EST 2017,27:45.0,-76.03587294,36.77495118,21,3,-35.79999924,126.7,8.84896946,-0.61291564,4.40533113,0.01041057,-,25.88235283,0.01690129,0.85908157,0.02733441,0.44278333,18.8235302,14.11764717,-,-,57.20000076,23.23749924,14.64881134,-,1646,-,-117.4540634,36.77495193,-76.03587341,18.8235302,46.97566223,48.46695328,50.61611176
Sun Nov 26 15:27:45 EST 2017,27:46.0,-76.03567865,36.77483555,21.5,3,-36,126.6,8.65743351,-0.91937345,4.63517427,-0.04576881,24.76199913,27.05882454,-0.08525331,0.80441266,-0.03514424,0.3334457,40,38.82352829,-,-,55.40000153,23.31673241,14.64881134,-,1686,-,-118.1102371,36.77483368,-76.03567505,18.8235302,48.09413147,48.46695328,50.61611176
Sun Nov 26 15:27:46 EST 2017,27:47.0,-76.03548107,36.77471724,21.5,3,-36.29999924,126.1,8.77235508,-1.37906015,5.28639746,0.01534853,24.76199913,20,-0.0113945,0.85517663,-0.1210524,0.38030469,14.11764717,15.68627453,-,-,55.40000153,23.39841652,14.64881134,-,1680,-,-119.0944824,36.77471542,-76.03548431,10.98039246,48.09413147,49.0883255,97.6029129
Sun Nov 26 15:27:47 EST 2017,27:48.0,-76.03527615,36.77460471,21.75,4,-36.09999847,124.2,8.31266785,-0.76614451,4.5202527,0.02459,24.76199913,21.96078491,0.11645656,0.98794377,-0.18743597,0.3842096,31.76470566,32.15686417,-,-,55.40000153,23.43808174,14.64881134,-,1711,-,-118.4383164,36.7746048,-76.03527832,14.11764717,48.65336227,48.46695328,97.6029129
Sun Nov 26 15:27:48 EST 2017,27:49.0,-76.0350639,36.77450655,21.75,3,-36.29999924,120.5,7.92959595,-0.5363012,5.66946983,-0.0339548,24.76199913,16.07843208,-0.02720257,0.75364876,-0.04295408,0.51307178,25.09803963,27.45098114,-,-,55.40000153,23.5189991,14.64881134,-,1696,-,-119.0944824,36.77450562,-76.0350647,6.27450991,48.65336227,49.0883255,97.6029129
Sun Nov 26 15:27:49 EST 2017,27:50.0,-76.03484975,36.7744153,22,4,-36.20000076,118.8,7.54652357,0.2681506,5.01824665,0.02050725,24.76199913,20.3921566,0.05745441,0.90984541,-0.05857374,0.43497351,30.58823586,30.98039246,-,-,55.40000153,23.59842873,14.64881134,-,1682,-,-118.7664032,36.77441406,-76.03485107,11.37254906,49.21259689,48.46695328,-
Sun Nov 26 15:27:50 EST 2017,27:51.0,-76.03461612,36.77433957,21.75,3,-36,113.7,8.00621033,-0.65122288,5.74608421,0.02575666,24.76199913,16.07843208,-0.06116631,0.78879303,-0.09371798,0.39982924,14.11764717,30.58823586,-,-,55.40000153,23.67638397,14.64881134,-,1686,-,-118.1102371,36.77433777,-76.03461456,8.23529434,48.65336227,48.46695328,-
Sun Nov 26 15:27:51 EST 2017,27:52.0,-76.03438953,36.7742674,21.75,3,-35.40000153,111.7,8.27436066,-0.65122288,4.36702394,-0.01842553,24.76199913,24.31372643,-0.08528669,0.79269797,-0.05076391,0.35297027,36.07843018,36.07843018,-,-,55.40000153,23.75288391,14.64881134,-,1674,-,-116.1417389,36.7742691,-76.03439331,15.29411793,48.65336227,47.84558105,-
Sun Nov 26 15:27:52 EST 2017,27:53.0,-76.03416022,36.77420621,21.5,4,-35.40000153,108.7,7.92959595,-0.45968673,4.97993946,-0.03010398,24.76199913,24.31372643,-0.04101767,0.83955687,-0.04295408,0.36078009,36.07843018,35.68627548,-,-,55.40000153,23.82987595,14.64881134,-,1695,-,-116.1417389,36.77420807,-76.0341568,14.11764717,48.09413147,48.46695328,-
Sun Nov 26 15:27:53 EST 2017,27:54.0,-76.03392663,36.77415554,21.75,3,-35.90000153,105.8,9.46188545,-1.60890353,6.4739213,-0.05594692,24.76199913,16.07843208,-0.11415069,0.69507504,-0.04685899,0.44668823,21.96078491,22.35294151,-,-,55.40000153,23.90735245,14.64881134,-,1689,-,-117.7821579,36.77415466,-76.03392792,10.58823586,48.65336227,48.46695328,48.5066452
Sun Nov 26 15:27:54 EST 2017,27:55.0,-76.03368649,36.77411431,21.75,4,-36,103.2,9.27034855,0.07661445,4.59686708,0.07381886,24.76199913,21.96078491,-0.03502974,0.82003236,-0.01952458,0.40763909,29.01960754,29.41176605,-,-,55.40000153,23.9833889,14.64881134,-,1693,-,-118.1102371,36.7741127,-76.03368378,13.72549057,48.65336227,48.46695328,48.5066452
Sun Nov 26 15:27:55 EST 2017,27:56.0,-76.03345092,36.77407114,21.75,4,-36.29999924,102.8,8.61912632,-0.57460839,5.13316822,-0.0064567,24.76199913,18.8235302,-0.07460616,0.82393724,-0.09371798,0.31001619,27.84313774,27.84313774,-,-,55.40000153,24.05895615,14.64881134,-,1681,-,-119.0944824,36.77407074,-76.03344727,9.8039217,48.65336227,48.46695328,48.5066452
Sun Nov 26 15:27:56 EST 2017,27:57.0,-76.03320688,36.77404923,21.75,4,-36.29999924,98.8,7.77636719,0.38307226,4.55855989,-0.01584982,24.76199913,18.4313736,-0.03730946,0.81222248,0.02733441,0.4154489,27.84313774,27.84313774,-,-,55.40000153,24.134058,14.64881134,-,1682,-,-119.0944824,36.77404785,-76.03320312,9.4117651,48.65336227,48.46695328,-
Sun Nov 26 15:27:57 EST 2017,27:58.0,-76.03296305,36.77402681,21.75,4,-36.5,97.1,8.00621033,0.61291564,4.63517427,0.00344463,24.76199913,18.4313736,-0.05509112,0.79269797,0.04685899,0.411544,27.84313774,27.84313774,-,-,55.40000153,24.1714344,14.64881134,-,1686,-,-119.7506561,36.77402496,-76.03296661,9.01960754,48.65336227,48.46695328,-
Sun Nov 26 15:27:58 EST 2017,27:59.0,-76.03272424,36.77400639,21.75,3,-36.70000076,96.8,8.96389103,-0.11492168,5.09486103,0.04399814,24.76199913,18.4313736,0.0132559,0.83955687,0.07028849,0.4623079,27.84313774,27.84313774,-,-,55.40000153,24.2458477,14.64881134,-,1680,-,-120.4068298,36.77400589,-76.03272247,9.01960754,48.65336227,48.46695328,-
Sun Nov 26 15:27:59 EST 2017,28:00.0,-76.03248483,36.77398017,21.75,4,-36.79999924,97.2,8.15943909,0.34476504,4.97993946,0.02139856,24.76199913,16.47058868,-0.00451923,0.84346181,0.03123933,0.42716369,14.50980377,16.47058868,-,-,55.40000153,24.31980515,14.64881134,-,1668,-,-120.7349091,36.77397919,-76.03248596,6.66666698,48.65336227,48.46695328,-
Sun Nov 26 15:28:00 EST 2017,28:01.0,-76.03224292,36.77395802,21.75,4,-37.09999847,97,8.00621033,0.45968673,5.13316822,-0.01705279,24.76199913,16.47058868,-0.01455606,0.84736669,0.05076391,0.39982924,21.56862831,22.74509811,-,-,55.40000153,24.39142036,14.64881134,-,1662,-,-121.7191544,36.7739563,-76.03224182,6.66666698,48.65336227,47.84558105,-
Sun Nov 26 15:28:01 EST 2017,28:02.0,-76.03200447,36.77393193,21.5,4,-37,97.2,8.50420475,0.38307226,5.43962622,0.01688669,24.76199913,19.2156868,0.01701379,0.89813066,0.00390492,0.37639979,27.45098114,27.84313774,-,-,55.40000153,24.46165848,14.64881134,-,1666,-,-121.3910751,36.77393341,-76.03200531,10.1960783,48.09413147,47.22420883,-
Sun Nov 26 15:28:02 EST 2017,28:03.0,-76.03176647,36.7739069,21.5,4,-37,97.2,7.85298157,0.22984336,5.59285498,0.00547127,24.76199913,18.03921509,0.05150707,0.91375035,0.01561966,0.41935381,24.31372643,24.31372643,-,-,55.40000153,24.53053093,14.64881134,-,1638,-,-121.3910751,36.77390671,-76.0317688,6.66666698,48.09413147,47.22420883,-
Sun Nov 26 15:28:03 EST 2017,28:04.0,-76.03152756,36.77387944,21.25,4,-36.59999847,97.2,8.19774628,-0.19153613,5.24809027,-0.05219684,24.76199913,17.64705849,-0.06853347,0.84346181,-0.00780983,0.29439652,28.23529434,29.41176605,-,-,55.40000153,24.59805107,14.64881134,-,1634,-,-120.0787354,36.77388,-76.03152466,8.23529434,47.53489685,46.60284042,-
Sun Nov 26 15:28:04 EST 2017,28:05.0,-76.03129045,36.77385439,21,3,-36.70000076,96.8,8.58081913,0.38307226,5.13316822,0.01137774,24.76199913,18.4313736,-0.01388267,0.88641596,0.03904916,0.32954079,27.05882454,27.45098114,-,-,55.40000153,24.66423225,14.64881134,-,1623,-,-120.4068298,36.7738533,-76.03128815,9.8039217,46.97566223,46.60284042,-
Sun Nov 26 15:28:05 EST 2017,28:06.0,-76.0310594,36.77383647,21,4,-36.90000153,96.6,8.00621033,0.19153613,4.06056595,0.03245319,24.76199913,20.7843132,-0.08438633,0.81612742,0.01952458,0.31392109,32.15686417,32.15686417,-,-,55.40000153,24.69717216,14.64881134,-,1643,-,-121.0629959,36.77383804,-76.03105927,10.98039246,46.97566223,46.60284042,-
Sun Nov 26 15:28:06 EST 2017,28:07.0,-76.03082381,36.77381468,21,4,-36.90000153,97,8.1211319,-0.11492168,4.8267107,-0.11983185,24.76199913,23.13725471,-0.11821651,0.74974388,0.05076391,0.36078009,34.11764908,34.50980377,-,-,55.40000153,24.76368904,14.64881134,-,1650,-,-121.0629959,36.77381516,-76.03082275,14.50980377,46.97566223,47.22420883,-
Sun Nov 26 15:28:07 EST 2017,28:08.0,-76.03059044,36.77379229,21,3,-36.29999924,97.4,10.80263805,-2.10689759,5.70777702,0.00937103,24.76199913,21.96078491,0.21821152,1.01918304,-0.09371798,0.5599308,30.98039246,27.84313774,-,-,55.40000153,24.83073425,14.64881134,-,1674,-,-119.0944824,36.77379227,-76.03059387,14.50980377,46.97566223,47.22420883,52.33912277
Sun Nov 26 15:28:08 EST 2017,28:09.0,-76.03035229,36.7737687,21,3,-36.20000076,97.4,8.96389103,-0.45968673,4.48194551,0.05029238,24.76199913,20.7843132,-0.06641442,0.81222248,-0.07809832,0.35297027,30.98039246,27.45098114,-,-,55.40000153,24.89738083,14.64881134,-,1627,-,-118.7664032,36.77376938,-76.03034973,10.98039246,46.97566223,47.22420883,52.33912277
Sun Nov 26 15:28:09 EST 2017,28:10.0,-76.03011777,36.7737494,21.25,3,-36.40000153,95.9,7.54652357,-0.2681506,3.94564438,-0.04051792,24.76199913,20.3921566,0.000145,0.86298645,-0.12886222,0.38811451,30.98039246,30.98039246,-,-,55.40000153,24.96363449,14.64881134,-,1629,-,-119.4225769,36.77375031,-76.03012085,11.37254906,47.53489685,47.22420883,52.33912277
Sun Nov 26 15:28:10 EST 2017,28:11.0,-76.02987865,36.77373904,21,3,-36.20000076,93.5,8.08282471,-0.8810662,5.01824665,-0.03314266,24.76199913,20.3921566,-0.15378506,0.71850449,-0.08981306,0.33735061,30.98039246,31.37254906,-,-,55.40000153,25.02949524,14.64881134,-,1635,-,-118.7664032,36.77373886,-76.02987671,11.37254906,46.97566223,47.22420883,-
Sun Nov 26 15:28:11 EST 2017,28:12.0,-76.02964169,36.7737361,20.75,4,-35.79999924,91.7,8.38928318,-1.22583127,5.17147589,0.03755751,24.76199913,20.3921566,0.0106398,0.91765523,-0.02733441,0.32173091,30.58823586,30.98039246,-,-,55.40000153,25.06227684,14.64881134,-,1650,-,-117.4540634,36.77373505,-76.0296402,11.37254906,46.41642761,47.22420883,-
Sun Nov 26 15:28:12 EST 2017,28:13.0,-76.02940823,36.7737497,21,4,-35.79999924,86.9,7.92959595,-0.19153613,4.48194551,-0.00388368,24.76199913,20.3921566,-0.03707968,0.82003236,-0.17572121,0.37249482,30.98039246,30.98039246,-,-,55.40000153,25.12847137,14.64881134,-,1649,-,-117.4540634,36.77375031,-76.02941132,11.37254906,46.97566223,47.84558105,48.71276474
Sun Nov 26 15:28:13 EST 2017,28:14.0,-76.0291706,36.77377398,21.25,3,-35.70000076,83.1,7.92959595,0.34476504,4.67348194,-0.0274284,24.76199913,18.8235302,-0.08960067,0.80441266,0.00390492,0.32563588,28.62745094,30.58823586,-,-,55.40000153,25.19518852,14.64881134,-,1659,-,-117.1259842,36.77377319,-76.02916718,10.1960783,47.53489685,47.84558105,48.71276474
Sun Nov 26 15:28:14 EST 2017,28:15.0,-76.0289328,36.77380856,21.5,4,-35.70000076,79.7,7.66144562,-0.15322891,4.59686708,0.01095949,24.76199913,19.2156868,0.00207306,0.8747012,-0.06247865,0.3842096,28.62745094,29.01960754,-,-,55.40000153,25.26151276,14.64881134,-,1662,-,-117.1259842,36.77380753,-76.02893066,9.8039217,48.09413147,47.84558105,48.71276474
Sun Nov 26 15:28:15 EST 2017,28:16.0,-76.02869856,36.77385551,21.5,3,-35.90000153,76.9,8.54251194,0.22984336,4.90332508,0.02332288,24.76199913,18.8235302,-0.01598152,0.85517663,0.04295408,0.3842096,28.62745094,29.01960754,-,-,55.40000153,25.32745361,14.64881134,-,1658,-,-117.7821579,36.77385712,-76.02870178,10.1960783,48.09413147,47.84558105,-
Sun Nov 26 15:28:16 EST 2017,28:17.0,-76.02847154,36.7739052,21.5,3,-35.90000153,74.8,8.04451752,0.49799395,5.43962622,-0.03276117,24.76199913,17.64705849,-0.13941844,0.71069467,0.0234295,0.3842096,26.66666794,26.66666794,-,-,55.40000153,25.39300728,14.64881134,-,1660,-,-117.7821579,36.77390671,-76.0284729,8.23529434,48.09413147,47.84558105,-
Sun Nov 26 15:28:17 EST 2017,28:18.0,-76.02823797,36.77396616,21.5,4,-36.09999847,73.9,8.50420475,-0.2681506,5.47793341,0.00971338,24.76199913,16.07843208,-0.02260969,0.85517663,0.00780983,0.37249482,14.11764717,14.50980377,-,-,55.40000153,25.42473984,14.64881134,-,1607,-,-118.4383164,36.77396774,-76.02823639,6.66666698,48.09413147,47.22420883,-
Sun Nov 26 15:28:18 EST 2017,28:19.0,-76.02801066,36.77401771,21.5,4,-36.29999924,73.8,7.46990919,1.68551803,3.21780705,0.0208295,24.76199913,17.25490189,0.01554231,0.93327487,0.03123933,0.29830143,28.62745094,29.01960754,-,-,55.40000153,25.48702621,14.64881134,-,1587,-,-119.0944824,36.77401733,-76.02800751,7.05882359,48.09413147,46.60284042,-
Sun Nov 26 15:28:19 EST 2017,28:20.0,-76.02779059,36.77407201,21,4,-36,73.6,8.00621033,1.80043972,4.59686708,-0.0221861,24.76199913,19.6078434,-0.02821485,0.83955687,0.06638357,0.3842096,29.41176605,29.41176605,-,-,55.40000153,25.54625702,14.64881134,-,1601,-,-118.1102371,36.77407074,-76.02779388,10.58823586,46.97566223,45.9814682,-
Sun Nov 26 15:28:20 EST 2017,28:21.0,-76.02756141,36.77412183,20.75,4,-35.29999924,74.2,8.19774628,1.30244577,5.05655384,-0.00381003,24.76199913,19.6078434,-0.0225161,0.84736669,0.07809832,0.38030469,29.41176605,29.41176605,-,-,55.40000153,25.60514832,14.64881134,-,1589,-,-115.8136444,36.77412033,-76.027565,8.23529434,46.41642761,45.9814682,-
Sun Nov 26 15:28:21 EST 2017,28:22.0,-76.02733741,36.77416432,20.5,4,-35.59999847,76.4,7.73806,1.72382522,4.86501789,-0.02647073,24.76199913,18.03921509,-0.0213927,0.86298645,0.15619664,0.3334457,27.45098114,27.84313774,-,-,55.40000153,25.66280937,14.64881134,-,1593,-,-116.7978973,36.77416611,-76.02733612,8.23529434,45.85719299,45.36009598,-
Sun Nov 26 15:28:22 EST 2017,28:23.0,-76.02711129,36.77420151,20.5,3,-34.90000153,79.5,7.62313843,1.95366859,5.43962622,0.00847678,24.76199913,16.07843208,0.00792605,0.90984541,0.16010156,0.30220634,18.03921509,24.31372643,-,-,55.40000153,25.69106865,14.64881134,-,1576,-,-114.5013199,36.77420044,-76.02711487,6.66666698,45.85719299,45.36009598,-
Sun Nov 26 15:28:23 EST 2017,28:24.0,-76.02688499,36.77421782,20.5,3,-34.79999924,82.9,7.54652357,1.37906015,4.67348194,0.06987947,24.76199913,25.09803963,-0.04427711,0.83565199,0.19134088,0.32173091,34.11764908,38.4313736,-,-,55.40000153,25.74734497,14.64881134,-,1775,-,-114.1732254,36.77421951,-76.02688599,17.25490189,45.85719299,45.36009598,-
Sun Nov 26 15:28:24 EST 2017,28:25.0,-76.02665715,36.77422928,20.5,4,-35.70000076,85.9,8.35097599,1.9153614,4.40533113,0.02456558,24.76199913,20.7843132,0.05383355,0.91765523,0.21086545,0.37249482,30.98039246,30.58823586,-,-,57.20000076,25.80507469,14.64881134,-,1642,-,-117.1259842,36.77423096,-76.0266571,11.76470566,45.85719299,45.9814682,49.20558167
Sun Nov 26 15:28:25 EST 2017,28:26.0,-76.02642631,36.77423405,20.75,4,-36.09999847,88.5,8.27436066,1.72382522,5.01824665,0.01045092,24.76199913,20,-0.01087769,0.83565199,0.16010156,0.40373418,27.45098114,27.45098114,-,-,57.20000076,25.86424446,14.64881134,-,1621,-,-118.4383164,36.77423477,-76.02642822,10.98039246,46.41642761,46.60284042,43.60734177
Sun Nov 26 15:28:26 EST 2017,28:27.0,-76.02619505,36.77423161,20.5,4,-36.40000153,90.8,9.11711979,1.14921677,5.43962622,0.01646873,24.76199913,18.03921509,-0.05659417,0.83565199,0.14057697,0.31392109,27.45098114,27.45098114,-,-,57.20000076,25.89282036,14.64881134,-,1630,-,-119.4225769,36.77423096,-76.02619171,8.62745094,45.85719299,45.9814682,43.60734177
Sun Nov 26 15:28:27 EST 2017,28:28.0,-76.02595469,36.77420782,21,4,-36,97.1,8.15943909,1.22583127,4.67348194,0.00870731,24.76199913,18.03921509,0.0030928,0.86298645,0.13667206,0.39201942,27.45098114,27.45098114,-,-,57.20000076,25.9506073,14.64881134,-,1636,-,-118.1102371,36.77420807,-76.0259552,8.62745094,46.97566223,45.9814682,43.60734177
Sun Nov 26 15:28:28 EST 2017,28:29.0,-76.02572609,36.77416964,20.75,3,-36.90000153,100.8,8.00621033,1.64721072,4.71178913,0.0149051,24.76199913,19.2156868,-0.00693634,0.84736669,0.11714748,0.40373418,27.45098114,28.62745094,-,-,57.20000076,26.00719261,14.64881134,-,1649,-,-121.0629959,36.77416992,-76.02572632,9.8039217,46.41642761,45.9814682,43.60734177
Sun Nov 26 15:28:29 EST 2017,28:30.0,-76.0254985,36.77412424,21,4,-37.20000076,103.7,8.42759037,1.68551803,4.71178913,0.00235012,24.76199913,20,-0.05885318,0.83174706,0.14838681,0.31392109,29.80392265,30.19607925,-,-,57.20000076,26.0634594,14.64881134,-,1642,-,-122.0472488,36.77412415,-76.02549744,10.58823586,46.97566223,45.9814682,-
Sun Nov 26 15:28:30 EST 2017,28:31.0,-76.02527548,36.77406723,20.75,4,-36.79999924,106.8,8.27436066,1.60890353,4.175488,0.01666338,24.76199913,19.6078434,-0.04077106,0.84346181,0.16400647,0.32563588,29.80392265,29.80392265,-,-,57.20000076,26.11940765,14.64881134,-,1622,-,-120.7349091,36.77406693,-76.02527618,10.58823586,46.41642761,45.9814682,-
Sun Nov 26 15:28:31 EST 2017,28:32.0,-76.0250523,36.77399982,20.75,4,-36.70000076,110,8.15943909,1.60890353,4.8267107,0.03017634,24.76199913,20,-0.05431632,0.8083176,0.15619664,0.364685,30.19607925,30.58823586,-,-,57.20000076,26.14726448,14.64881134,-,1611,-,-120.4068298,36.77399826,-76.02505493,10.58823586,46.41642761,45.9814682,-
Sun Nov 26 15:28:32 EST 2017,28:33.0,-76.02484076,36.77392027,20.75,4,-36.5,114,8.31266785,1.30244577,5.09486103,0.00004992,24.76199913,20.3921566,-0.05484087,0.8083176,0.14057697,0.36858991,30.58823586,30.58823586,-,-,57.20000076,26.20274544,14.64881134,-,1617,-,-119.7506561,36.77392197,-76.02484131,11.37254906,46.41642761,45.9814682,-
Sun Nov 26 15:28:33 EST 2017,28:34.0,-76.02464404,36.773816,21,3,-36.29999924,120.7,8.88727665,2.48996973,4.29040956,0.01164059,24.76199913,20.7843132,-0.09040555,0.7575537,0.1210524,0.38811451,31.76470566,31.76470566,-,-,57.20000076,26.2579155,14.64881134,-,1616,-,-119.0944824,36.77381516,-76.02464294,12.15686321,46.97566223,45.9814682,-
Sun Nov 26 15:28:34 EST 2017,28:35.0,-76.02444692,36.77371471,20.75,3,-35.79999924,123.3,8.1211319,-0.07661445,5.09486103,0.04013714,24.76199913,21.17647171,0.08586729,0.95279956,0.02733441,0.41935381,31.76470566,32.15686417,-,-,57.20000076,26.31364441,14.64881134,-,1615,-,-117.4540634,36.77371597,-76.02444458,12.15686321,46.41642761,46.60284042,49.235569
Sun Nov 26 15:28:35 EST 2017,28:36.0,-76.02426383,36.77360004,20.75,4,-36,126.2,8.84896946,-1.76213241,5.20978308,0.00835985,24.76199913,16.47058868,-0.05814812,0.82784218,-0.05466883,0.34516042,25.88235283,27.84313774,-,-,57.20000076,26.34182358,14.64881134,-,1612,-,-118.1102371,36.77360153,-76.02426147,7.05882359,46.41642761,46.60284042,49.235569
Sun Nov 26 15:28:36 EST 2017,28:37.0,-76.02408167,36.77348501,21,3,-36.5,127.7,8.19774628,-0.45968673,4.86501789,-0.00814289,24.76199913,16.86274529,-0.06311055,0.81222248,0.03904916,0.364685,25.88235283,26.27450943,-,-,57.20000076,26.39794731,14.64881134,-,1609,-,-119.7506561,36.77348328,-76.02407837,7.45098066,46.97566223,46.60284042,49.235569
Sun Nov 26 15:28:37 EST 2017,28:38.0,-76.02389577,36.77337103,21,3,-36.90000153,127.4,8.35097599,-0.61291564,4.59686708,0.00675248,24.76199913,16.86274529,-0.00120617,0.82393724,-0.04295408,0.4623079,26.27450943,27.45098114,-,-,57.20000076,26.42589378,14.64881134,-,1604,-,-121.0629959,36.77337265,-76.02389526,7.45098066,46.97566223,46.60284042,49.235569
Sun Nov 26 15:28:38 EST 2017,28:39.0,-76.02371055,36.77326077,20.75,3,-37.20000076,126.8,8.88727665,0.38307226,5.05655384,0.00745656,24.76199913,19.6078434,0.01323336,0.87860614,0.01561966,0.40373418,29.41176605,28.62745094,-,-,57.20000076,26.48155403,14.64881134,-,1601,-,-122.0472488,36.77326202,-76.02371216,10.1960783,46.41642761,46.60284042,-
Sun Nov 26 15:28:39 EST 2017,28:40.0,-76.02352394,36.77314776,20.75,4,-37.09999847,126.3,7.69975281,-0.30645782,4.5202527,-0.06411242,24.76199913,19.2156868,-0.09266463,0.79660285,0.01561966,0.3334457,29.01960754,29.01960754,-,-,57.20000076,26.5369091,14.64881134,-,1616,-,-121.7191544,36.77314758,-76.02352142,10.1960783,46.41642761,46.60284042,-
Sun Nov 26 15:28:40 EST 2017,28:41.0,-76.02333257,36.77304108,20.75,4,-36.90000153,125.8,8.84896946,0.15322891,5.09486103,0.05998057,24.76199913,20.3921566,-0.04801239,0.83955687,0.07809832,0.34125552,30.58823586,30.58823586,-,-,57.20000076,26.5644722,14.64881134,-,1638,-,-121.0629959,36.77304077,-76.02333069,11.37254906,46.41642761,46.60284042,-
Sun Nov 26 15:28:41 EST 2017,28:42.0,-76.02314264,36.77293119,21,4,-36.79999924,125.5,7.81467438,0.19153613,4.75009632,-0.02720768,24.76199913,20.3921566,-0.00255917,0.84346181,0.02733441,0.4310686,30.58823586,30.58823586,-,-,57.20000076,26.61937141,14.64881134,-,1624,-,-120.7349091,36.77293015,-76.02313995,11.37254906,46.97566223,46.60284042,-
Sun Nov 26 15:28:42 EST 2017,28:43.0,-76.02295037,36.77282231,21,3,-37.09999847,125.5,8.61912632,0.15322891,4.67348194,0.017473,24.76199913,20.3921566,-0.0372144,0.83174706,-0.00780983,0.3842096,30.19607925,30.19607925,-,-,57.20000076,26.64670753,14.64881134,-,1633,-,-121.7191544,36.77282333,-76.02294922,11.37254906,46.97566223,46.60284042,-
Sun Nov 26 15:28:43 EST 2017,28:44.0,-76.02275493,36.77271665,21,4,-36.59999847,125.4,9.34696388,-0.84275901,5.7843914,0.07512787,24.76199913,19.2156868,0.17157549,1.04651737,0.08200324,0.41935381,29.01960754,29.80392265,-,-,57.20000076,26.70285416,14.64881134,-,1642,-,-120.0787354,36.77271652,-76.02275848,10.58823586,46.97566223,47.22420883,41.42440033
Sun Nov 26 15:28:44 EST 2017,28:45.0,-76.02256357,36.7726031,21.25,4,-36.90000153,125.3,9.04050541,0.19153613,3.79241538,-0.03570764,24.76199913,19.2156868,-0.05778367,0.75364876,0.05466883,0.4623079,29.01960754,29.01960754,-,-,57.20000076,26.7586956,14.64881134,-,1638,-,-121.0629959,36.77260208,-76.02256012,10.1960783,47.53489685,47.22420883,41.42440033
Sun Nov 26 15:28:45 EST 2017,28:46.0,-76.02236852,36.77249274,21.25,4,-36.70000076,125.4,7.16345167,0.84275901,4.78840351,-0.0033088,24.76199913,16.47058868,-0.04910288,0.8083176,0.01952458,0.39982924,21.17647171,23.92156982,-,-,57.20000076,26.78565788,14.64881134,-,1623,-,-120.4068298,36.77249146,-76.02236938,6.66666698,47.53489685,46.60284042,41.42440033
Sun Nov 26 15:28:46 EST 2017,28:47.0,-76.02217246,36.77238702,21,5,-36.20000076,125.2,8.50420475,-0.2681506,3.40934324,-0.00842234,24.76199913,18.4313736,-0.02264876,0.88251102,0.06638357,0.31392109,32.94117737,34.11764908,-,-,57.20000076,26.8393631,14.64881134,-,1661,-,-118.7664032,36.77238846,-76.02217102,8.23529434,46.97566223,46.60284042,-
Sun Nov 26 15:28:47 EST 2017,28:48.0,-76.02199382,36.77227797,20.75,4,-36,126.1,8.54251194,-0.38307226,4.5202527,0.00536014,24.76199913,22.35294151,-0.03511677,0.84736669,0.00390492,0.36078009,30.19607925,29.80392265,-,-,57.20000076,26.86694717,14.64881134,-,1658,-,-118.1102371,36.77227783,-76.02199554,13.72549057,46.41642761,47.22420883,41.01807404
Sun Nov 26 15:28:48 EST 2017,28:49.0,-76.02180084,36.77216059,21,3,-35.79999924,126.4,7.12514448,-0.15322891,3.86903,-0.03998338,24.76199913,18.8235302,-0.00622973,0.81612742,-0.01561966,0.46621281,21.96078491,14.50980377,-,-,57.20000076,26.89445686,14.64881134,-,1623,-,-117.4540634,36.77215958,-76.02179718,10.1960783,46.97566223,47.22420883,41.01807404
Sun Nov 26 15:28:49 EST 2017,28:50.0,-76.02160916,36.77204635,21.25,4,-35.70000076,126.1,8.58081913,-0.5363012,4.59686708,-0.00309615,24.76199913,21.56862831,-0.02168906,0.8747012,0.00780983,0.33735061,23.52941132,30.19607925,-,-,57.20000076,26.94841766,14.64881134,-,1631,-,-117.1259842,36.77204514,-76.02160645,12.94117641,47.53489685,46.60284042,41.01807404
Sun Nov 26 15:28:50 EST 2017,28:51.0,-76.02142339,36.77193613,21,4,-35.70000076,125.7,9.0788126,-0.38307226,5.09486103,0.01818534,24.76199913,19.2156868,0.05313108,0.8747012,0.01171475,0.48573741,27.84313774,27.05882454,-,-,57.20000076,27.00124931,14.64881134,-,1627,-,-117.1259842,36.77193451,-76.02142334,10.58823586,46.97566223,46.60284042,-
Sun Nov 26 15:28:51 EST 2017,28:52.0,-76.02122727,36.7718328,21,4,-35.40000153,123.2,8.23605347,0.80445176,5.09486103,-0.01310602,24.76199913,16.07843208,0.01959113,0.89813066,0.03904916,0.38030469,24.31372643,17.25490189,-,-,57.20000076,27.02756119,14.64881134,-,1609,-,-116.1417389,36.77183151,-76.02122498,6.66666698,46.97566223,46.60284042,-
Sun Nov 26 15:28:52 EST 2017,28:53.0,-76.02103363,36.77172679,21,3,-35.70000076,123.9,6.66545773,0.07661445,4.02225876,-0.02424937,24.76199913,17.64705849,-0.07411985,0.78879303,-0.00390492,0.3842096,27.45098114,27.84313774,-,-,57.20000076,27.07913971,14.64881134,-,1608,-,-117.1259842,36.77172852,-76.02103424,7.45098066,46.97566223,45.9814682,-
Sun Nov 26 15:28:52 EST 2017,28:54.0,-76.02103363,36.77172679,21,3,-35.70000076,123.9,7.62313843,0.5363012,4.90332508,-0.01375025,24.76199913,17.25490189,-0.07411987,0.77707827,0.05466883,0.39982924,27.05882454,27.05882454,-,-,57.20000076,27.10441017,14.64881134,-,1602,-,-117.1259842,36.77172852,-76.02103424,7.84313726,46.97566223,45.9814682,-
Sun Nov 26 15:28:52 EST 2017,28:55.0,-76.02103363,36.77172679,21,3,-35.70000076,123.9,7.54652357,0.42137951,4.59686708,0.02331355,24.76199913,17.25490189,0.00348818,0.82784218,0.01952458,0.46621281,26.66666794,27.05882454,-,-,57.20000076,27.10441017,14.64881134,-,1602,-,-117.1259842,36.77172852,-76.02103424,7.84313726,46.97566223,45.9814682,-
Sun Nov 26 15:28:55 EST 2017,28:56.0,-76.02046432,36.77140139,20.75,4,-35,125.4,8.96389103,0.07661445,5.66946983,0.04947886,24.76199913,17.25490189,0.06117795,0.91375035,0,0.43887842,26.66666794,27.05882454,-,-,57.20000076,27.10441017,14.64881134,-,1594,-,-114.8293991,36.77140045,-76.02046204,7.84313726,46.41642761,45.9814682,-
Sun Nov 26 15:28:56 EST 2017,28:57.0,-76.0202799,36.77129556,20.5,4,-34.5,124.7,7.69975281,-0.57460839,4.75009632,-0.08355342,24.76199913,15.68627453,-0.08673078,0.79660285,0.02733441,0.34516042,23.92156982,23.92156982,-,-,57.20000076,27.15309143,14.64881134,-,1566,-,-113.1889801,36.77129745,-76.02027893,5.88235283,45.85719299,45.36009598,-
Sun Nov 26 15:28:57 EST 2017,28:58.0,-76.02009565,36.77119278,20.25,4,-34.40000153,124.6,7.77636719,2.10689759,5.89931297,-0.00383648,24.76199913,16.07843208,0.08407415,0.86298645,0.06638357,0.55212098,18.03921509,18.03921509,-,-,57.20000076,27.17650795,14.64881134,-,1530,-,-112.8609009,36.77119446,-76.02009583,6.27450991,45.29796219,44.73872757,-
Sun Nov 26 15:28:58 EST 2017,28:59.0,-76.01991385,36.7710905,20,4,-35,124.4,9.38527107,0.99598789,5.01824665,0.05872179,24.76199913,16.07843208,0.0899908,0.95670444,0.10152781,0.411544,18.03921509,18.03921509,-,-,57.20000076,27.17650795,14.64881134,-,1530,-,-114.8293991,36.77109146,-76.01991272,6.27450991,44.73872757,44.73872757,-
Sun Nov 26 15:28:59 EST 2017,29:00.0,-76.01973268,36.77098906,19.75,4,-35.29999924,124.5,8.00621033,-0.42137951,5.36301184,-0.00649364,24.76199913,16.07843208,0.00333616,0.85127175,-0.05857374,0.42716369,18.03921509,21.96078491,-,-,57.20000076,27.19821167,14.64881134,-,1529,-,-115.8136444,36.77098846,-76.01972961,6.27450991,44.17948914,43.49598312,-
Sun Nov 26 15:29:00 EST 2017,29:01.0,-76.01955563,36.77088368,19.75,4,-35.40000153,124.9,8.92558384,0.22984336,4.67348194,0.04192203,24.76199913,16.07843208,0.01833324,0.89422578,0.04685899,0.3842096,26.27450943,28.23529434,-,-,57.20000076,27.21985435,14.64881134,-,1497,-,-116.1417389,36.77088547,-76.01955414,5.88235283,44.17948914,43.49598312,-
Sun Nov 26 15:29:01 EST 2017,29:02.0,-76.01938387,36.77077829,19.5,4,-34.90000153,125.5,9.19373417,0.84275901,3.14119267,-0.01889577,24.76199913,24.70588303,-0.02002155,0.85517663,-0.15229172,0.35297027,40.39215851,36.47058868,-,-,57.20000076,27.26132393,14.64881134,-,1596,-,-114.5013199,36.77077866,-76.01938629,16.47058868,43.62025452,42.8746109,-
Sun Nov 26 15:29:02 EST 2017,29:03.0,-76.0192057,36.77066933,19.5,4,-34.70000076,127.4,8.23605347,0.30645782,4.48194551,0.02410636,24.76199913,25.09803963,-0.02329694,0.83565199,-0.03514424,0.40373418,32.54901886,30.98039246,-,-,57.20000076,27.28279686,14.64881134,-,1542,-,-113.8451462,36.77066803,-76.01920319,16.86274529,43.62025452,43.49598312,46.00069427
Sun Nov 26 15:29:03 EST 2017,29:04.0,-76.0190273,36.77057281,19.5,3,-35,125.9,8.77235508,0.49799395,4.06056595,-0.01706259,24.76199913,25.09803963,-0.0020009,0.89422578,0.03123933,0.34125552,32.54901886,30.98039246,-,-,57.20000076,27.28279686,14.64881134,-,1542,-,-114.8293991,36.77057266,-76.01902771,16.86274529,43.62025452,43.49598312,46.00069427
Sun Nov 26 15:29:04 EST 2017,29:05.0,-76.01884617,36.77046969,19.75,4,-34.70000076,125.2,8.92558384,0.2681506,3.79241538,0.01726271,24.76199913,21.96078491,-0.04288898,0.86298645,0.05076391,0.31001619,37.64706039,38.03921509,-,-,57.20000076,27.30503654,14.64881134,-,1542,-,-113.8451462,36.77046967,-76.0188446,13.72549057,44.17948914,44.11735535,26.21102715
Sun Nov 26 15:29:05 EST 2017,29:06.0,-76.01865688,36.77036984,20,4,-34.70000076,124.2,7.39329481,-0.03830723,4.75009632,-0.04717019,24.76199913,21.96078491,-0.05613327,0.80441266,-0.07028849,0.38811451,37.64706039,38.03921509,-,-,57.20000076,27.32885551,14.64881134,-,1683,-,-113.8451462,36.77037048,-76.01865387,13.72549057,44.73872757,45.36009598,66.81800842
Sun Nov 26 15:29:06 EST 2017,29:07.0,-76.01846913,36.77026961,20.25,4,-34.70000076,124.1,8.00621033,-0.42137951,4.09887314,0.04860982,24.76199913,19.6078434,0.01274381,0.8747012,-0.07809832,0.40373418,29.41176605,21.96078491,-,-,57.20000076,27.35261345,14.64881134,-,1559,-,-113.8451462,36.7702713,-76.01847076,10.98039246,45.29796219,45.36009598,66.81800842
Sun Nov 26 15:29:07 EST 2017,29:08.0,-76.0182882,36.7701688,20,5,-34.70000076,124.6,9.11711979,-0.72783732,3.715801,-0.008314,24.76199913,19.6078434,0.02391447,0.92936999,-0.07809832,0.32173091,29.41176605,21.96078491,-,-,57.20000076,27.35261345,14.64881134,-,1559,-,-113.8451462,36.7701683,-76.01828766,10.98039246,44.73872757,45.36009598,66.81800842
Sun Nov 26 15:29:08 EST 2017,29:09.0,-76.01811163,36.77007362,19.75,4,-35,124.1,8.38928318,0.22984336,4.36702394,-0.0077652,24.76199913,18.4313736,-0.02120573,0.84346181,-0.00390492,0.39592433,27.05882454,29.41176605,-,-,57.20000076,27.37549019,14.64881134,-,1580,-,-114.8293991,36.77007294,-76.01811218,9.4117651,44.17948914,44.73872757,66.81800842
Sun Nov 26 15:29:09 EST 2017,29:10.0,-76.01791899,36.76997128,20,4,-34.90000153,123,8.58081913,-1.37906015,4.63517427,0.03481659,24.76199913,18.4313736,0.0044153,0.89032084,-0.10152781,0.35297027,27.05882454,27.45098114,-,-,57.20000076,27.39830589,14.64881134,-,1537,-,-114.5013199,36.76996994,-76.01792145,8.62745094,44.73872757,44.73872757,-
Sun Nov 26 15:29:10 EST 2017,29:11.0,-76.0177266,36.76987181,20,4,-34.90000153,122.4,7.81467438,-0.91937345,4.67348194,0.01572498,24.76199913,18.03921509,-0.01933674,0.8747012,-0.03514424,0.34125552,27.05882454,27.45098114,-,-,57.20000076,27.39830589,14.64881134,-,1537,-,-114.5013199,36.76987076,-76.01772308,8.62745094,44.73872757,44.73872757,-
Sun Nov 26 15:29:11 EST 2017,29:12.0,-76.0175235,36.76978993,20,3,-36.40000153,120.3,8.31266785,0.11492168,4.97993946,0.04465029,24.76199913,18.03921509,0.06965645,0.94498962,-0.0234295,0.39982924,20.7843132,21.56862831,-,-,57.20000076,27.42024612,14.64881134,-,1525,-,-119.4225769,36.76979065,-76.01752472,8.62745094,44.73872757,44.11735535,-
Sun Nov 26 15:29:12 EST 2017,29:13.0,-76.01732635,36.76970202,20,4,-36.59999847,119.3,7.92959595,-0.61291564,5.55454779,-0.02613766,24.76199913,15.68627453,-0.07292581,0.78488815,-0.02733441,0.39201942,21.17647171,21.56862831,-,-,57.20000076,27.4413166,14.64881134,-,1518,-,-120.0787354,36.76970291,-76.01732635,6.27450991,44.73872757,43.49598312,-
Sun Nov 26 15:29:13 EST 2017,29:14.0,-76.0171177,36.76962106,19.75,4,-37.20000076,117.9,8.08282471,-0.34476504,5.24809027,0.004171,24.76199913,15.68627453,-0.04901463,0.8083176,-0.0234295,0.39982924,21.17647171,21.56862831,-,-,57.20000076,27.4413166,14.64881134,-,1518,-,-122.0472488,36.7696228,-76.01712036,6.27450991,44.17948914,43.49598312,-
Sun Nov 26 15:29:14 EST 2017,29:15.0,-76.01691847,36.76954601,19.5,4,-37.5,116.7,8.54251194,-0.19153613,3.715801,0.05802273,24.76199913,15.68627453,0.16723686,0.94498962,-0.03904916,0.58336031,21.17647171,21.56862831,-,-,57.20000076,27.4413166,14.64881134,-,1518,-,-123.0314941,36.76954651,-76.016922,6.27450991,43.62025452,43.49598312,-
Sun Nov 26 15:29:15 EST 2017,29:16.0,-76.01672331,36.76946859,19.25,4,-37.20000076,116.3,7.81467438,-0.19153613,4.8267107,-0.00067094,24.76199913,15.29411793,0.01689379,0.86689138,-0.08981306,0.42325872,23.13725471,22.74509811,-,-,57.20000076,27.4607029,14.64881134,-,1435,-,-122.0472488,36.76947021,-76.01672363,5.49019623,43.0610199,42.25324249,-
Sun Nov 26 15:29:16 EST 2017,29:17.0,-76.01652799,36.76940005,19,4,-37.09999847,114.8,8.42759037,-0.15322891,5.47793341,0.00238409,24.76199913,15.29411793,0.02508371,0.85908157,-0.01561966,0.45840299,23.13725471,22.74509811,-,-,57.20000076,27.47922707,14.64881134,-,1435,-,-121.7191544,36.76940155,-76.01652527,5.49019623,42.50178909,41.63187027,-
Sun Nov 26 15:29:17 EST 2017,29:18.0,-76.0163391,36.7693326,18.75,4,-36.79999924,113.5,7.62313843,-1.37906015,4.63517427,0.01831061,24.76199913,14.90196133,-0.06548326,0.81612742,-0.10933765,0.34125552,14.11764717,14.11764717,-,-,57.20000076,27.47922707,14.64881134,-,1360,-,-120.7349091,36.76933289,-76.01634216,5.49019623,41.94255447,41.63187027,-
Sun Nov 26 15:29:18 EST 2017,29:19.0,-76.01615029,36.76926611,18,4,-36.29999924,112.7,7.66144562,-0.57460839,5.13316822,-0.05311222,24.76199913,14.90196133,-0.05778367,0.78098321,-0.05857374,0.42325872,14.11764717,14.11764717,-,-,57.20000076,27.49526978,14.64881134,-,1360,-,-119.0944824,36.76926422,-76.01615143,4.70588255,40.26485062,39.76775742,-
Sun Nov 26 15:29:19 EST 2017,29:20.0,-76.01596883,36.76920945,17.25,3,-36.09999847,110.8,7.20175886,0.38307226,4.40533113,-0.03316672,24.76199913,14.50980377,-0.13235515,0.7575537,0.0234295,0.32173091,14.11764717,14.11764717,-,-,57.20000076,27.49526978,14.64881134,-,1360,-,-118.4383164,36.76921082,-76.01596832,4.70588255,38.58715057,39.76775742,-
Sun Nov 26 15:29:20 EST 2017,29:21.0,-76.01579445,36.76916115,16.75,3,-36.29999924,110.1,8.04451752,0.76614451,5.09486103,0.0130473,24.76199913,14.50980377,0.01777117,0.87860614,0.03904916,0.411544,14.11764717,14.11764717,-,-,57.20000076,27.49526978,14.64881134,-,1360,-,-119.0944824,36.76916122,-76.01579285,4.70588255,37.46868134,39.76775742,-
Sun Nov 26 15:29:21 EST 2017,29:22.0,-76.0156234,36.76911687,16.25,3,-36.29999924,108.8,7.31668043,0,6.66545773,0.03528963,24.76199913,14.90196133,0.1215088,0.78488815,-0.00780983,0.70050776,14.11764717,14.11764717,-,-,57.20000076,27.51428413,14.64881134,-,1491,-,-119.0944824,36.76911545,-76.015625,5.09803915,36.35021591,34.17541504,-
Sun Nov 26 15:29:22 EST 2017,29:23.0,-76.01545797,36.76906661,15.75,4,-36.20000076,108.6,7.12514448,0.45968673,8.08282471,0.05164792,24.76199913,14.50980377,-0.02094848,0.64431113,0.1444819,0.62240946,14.11764717,14.11764717,-,-,57.20000076,27.51890755,14.64881134,-,1380,-,-118.7664032,36.76906586,-76.01545715,4.70588255,35.23174286,31.06855965,-
Sun Nov 26 15:29:23 EST 2017,29:24.0,-76.0153161,36.7690242,14,4,-35.59999847,109.4,6.81868649,0.91937345,5.59285498,-0.03494463,24.76199913,13.72549057,-0.05812382,0.75364876,0.08200324,0.45840299,14.11764717,14.11764717,-,-,57.20000076,27.51038361,14.64881134,-,880,-,-116.7978973,36.7690239,-76.01531982,3.92156863,31.31710625,22.36936378,-
Sun Nov 26 15:29:24 EST 2017,29:25.0,-76.01520181,36.76899217,11.25,4,-36.29999924,110,6.51222849,0.11492168,7.16345167,0.0583297,24.76199913,13.72549057,0.0784434,0.70678979,0.05466883,0.71222252,14.11764717,14.11764717,-,-,57.20000076,27.49809074,14.64881134,-,967,-,-119.0944824,36.76899338,-76.01520538,3.92156863,25.16553307,18.01976395,-
Sun Nov 26 15:29:25 EST 2017,29:26.0,-76.01511193,36.76896096,9.25,4,-35.5,111.9,6.66545773,0.80445176,6.55053568,0.04401892,24.76199913,13.33333397,0.00314599,0.70678979,0.03123933,0.61069471,14.11764717,14.11764717,-,-,57.20000076,27.48020172,14.64881134,-,858,-,-116.4698181,36.76896286,-76.01511383,3.13725495,20.69165993,13.67016602,-
Sun Nov 26 15:29:26 EST 2017,29:27.0,-76.01505123,36.76894138,6.5,4,-35.5,113.7,8.08282471,3.06457806,4.5202527,0.00379297,24.76199913,13.72549057,-0.08960907,0.72631437,0.24991462,0.38811451,14.11764717,14.11764717,-,-,57.20000076,27.42532158,14.64881134,-,731,-,-116.4698181,36.76893997,-76.0150528,3.92156863,14.54008579,4.97096968,-
Sun Nov 26 15:29:27 EST 2017,29:28.0,-76.01502476,36.76892693,3.5,4,-35.09999847,117.8,7.89128876,2.9113493,4.94163227,-0.00683841,24.76199913,13.33333397,0.00630489,0.81222248,0.33191785,0.39201942,14.11764717,14.50980377,-,-,57.20000076,27.3955822,14.64881134,-,658,-,-115.1574783,36.76892853,-76.01502228,3.52941179,7.82927656,4.34959841,-
Sun Nov 26 15:29:28 EST 2017,29:29.0,-76.01500971,36.7689294,2,3,-36.09999847,115.3,8.61912632,3.14119267,4.5202527,-0.00046802,24.76199913,13.33333397,-0.11609928,0.69897997,0.26943922,0.36858991,14.11764717,14.50980377,-,-,57.20000076,27.3955822,14.64881134,-,658,-,-118.4383164,36.76892853,-76.01500702,3.52941179,4.47387266,4.34959841,-
Sun Nov 26 15:29:29 EST 2017,29:30.0,-76.01499532,36.76892343,1.75,4,-36.09999847,116.2,8.46589756,2.60489154,4.32871675,0.02396792,24.76199913,13.33333397,-0.03487161,0.82003236,0.26553428,0.3334457,14.11764717,14.50980377,-,-,57.20000076,27.3955822,14.64881134,-,658,-,-118.4383164,36.76892471,-76.01499176,3.52941179,3.91463828,4.34959841,-
Sun Nov 26 15:29:30 EST 2017,29:31.0,-76.01497031,36.76891879,2,3,-35.59999847,115.7,8.31266785,1.49398184,4.48194551,0.00268483,24.76199913,13.33333397,-0.07681832,0.79269797,0.08590815,0.364685,14.11764717,14.50980377,-,-,57.20000076,27.3955822,14.64881134,-,658,-,-116.7978973,36.76891708,-76.01496887,3.52941179,4.47387266,4.34959841,-
Sun Nov 26 15:29:31 EST 2017,29:32.0,-76.01494688,36.76890503,2.25,3,-34.90000153,115.6,8.58081913,-0.34476504,4.06056595,-0.00096691,24.76199913,13.33333397,-0.00908977,0.88251102,-0.02733441,0.34906533,14.11764717,25.09803963,-,-,57.20000076,27.3955822,14.64881134,-,658,-,-114.5013199,36.76890564,-76.01494598,3.52941179,5.03310633,4.34959841,-
Sun Nov 26 15:29:32 EST 2017,29:33.0,-76.01491543,36.76889544,2.5,4,-34.79999924,113.8,8.65743351,-1.37906015,4.29040956,0.02022431,24.76199913,16.47058868,0.00399744,0.88251102,-0.14057697,0.35687518,27.45098114,25.09803963,-,-,57.20000076,27.36912346,14.64881134,-,1154,-,-114.1732254,36.7688942,-76.01491547,6.66666698,5.59234095,6.83508301,-
Sun Nov 26 15:29:33 EST 2017,29:34.0,-76.01488538,36.7688855,3,3,-34.90000153,115,7.92959595,-1.9153614,4.59686708,-0.00326052,24.76199913,15.29411793,-0.00817393,0.85127175,-0.18743597,0.37249482,25.49019623,25.49019623,-,-,57.20000076,27.34432602,14.64881134,-,1054,-,-114.5013199,36.76888657,-76.01488495,5.49019623,6.71080828,8.07782555,43.75362778
Sun Nov 26 15:29:34 EST 2017,29:35.0,-76.01484592,36.76887964,3.5,3,-35.09999847,114.3,8.38928318,-1.9153614,4.36702394,0.00474975,24.76199913,16.47058868,-0.01782077,0.85908157,-0.1952458,0.3334457,27.45098114,27.45098114,-,-,57.20000076,27.29572105,14.64881134,-,1175,-,-115.1574783,36.76887894,-76.0148468,6.66666698,7.82927656,8.69919682,11.06953716
Sun Nov 26 15:29:35 EST 2017,29:36.0,-76.01480848,36.76886826,3.75,3,-35.20000076,113.2,8.27436066,-2.26012635,4.97993946,0.00630715,24.76199913,15.29411793,-0.00352339,0.83955687,-0.23819989,0.38030469,25.49019623,25.49019623,-,-,57.20000076,27.27190971,14.64881134,-,1154,-,-115.4855652,36.76886749,-76.01480865,5.49019623,8.3885107,8.69919682,11.06953716
Sun Nov 26 15:29:36 EST 2017,29:37.0,-76.01477163,36.7688572,4,3,-35.40000153,112.5,8.35097599,-1.95366859,4.59686708,0.00487965,24.76199913,15.29411793,-0.01802287,0.83955687,-0.20696054,0.364685,25.49019623,25.49019623,-,-,57.20000076,27.24895287,14.64881134,-,1168,-,-116.1417389,36.76885605,-76.01477051,5.49019623,8.94774532,9.32056808,10.81622314
Sun Nov 26 15:29:37 EST 2017,29:38.0,-76.01472721,36.76884504,4.25,4,-35.5,107.5,8.1211319,-1.9153614,4.55855989,-0.01070154,24.76199913,15.29411793,-0.00814324,0.83955687,-0.22648512,0.37639979,25.88235283,25.49019623,-,-,57.20000076,27.24895287,14.64881134,-,1168,-,-116.4698181,36.7688446,-76.01472473,5.49019623,9.50697899,9.32056808,10.81622314
Sun Nov 26 15:29:38 EST 2017,29:39.0,-76.0146819,36.76883045,4.25,4,-35.40000153,109.7,8.46589756,-0.49799395,4.90332508,0.00645296,24.76199913,15.29411793,-0.01108597,0.84736669,-0.0741934,0.40373418,25.88235283,25.88235283,-,-,57.20000076,27.22685051,14.64881134,-,1200,-,-116.1417389,36.76882935,-76.01467896,5.49019623,9.50697899,9.94193935,6.59367704
Sun Nov 26 15:29:39 EST 2017,29:40.0,-76.0146362,36.76881751,4.25,4,-35.5,108.8,8.15943909,0.57460839,5.20978308,-0.0054237,24.76199913,14.11764717,-0.03101381,0.83174706,0.06638357,0.39201942,14.11764717,14.11764717,-,-,57.20000076,27.20401192,14.64881134,-,1056,-,-116.4698181,36.7688179,-76.01463318,3.92156863,9.50697899,9.32056808,6.59367704
Sun Nov 26 15:29:40 EST 2017,29:41.0,-76.01458999,36.76880447,4.25,4,-35.40000153,109.1,8.04451752,0.61291564,5.28639746,0.00365638,24.76199913,13.72549057,0.01551988,0.85517663,0.01952458,0.44668823,14.11764717,14.11764717,-,-,57.20000076,27.1569252,14.64881134,-,950,-,-116.1417389,36.76880264,-76.0145874,3.92156863,9.50697899,8.69919682,6.59367704
Sun Nov 26 15:29:41 EST 2017,29:42.0,-76.01454559,36.76879223,4.25,3,-35.40000153,108.7,8.31266785,0.8810662,5.01824665,-0.00675429,24.76199913,13.72549057,-0.00579228,0.84736669,0.08981306,0.411544,14.11764717,14.11764717,-,-,57.20000076,27.1569252,14.64881134,-,950,-,-116.1417389,36.7687912,-76.01454926,3.92156863,9.50697899,8.69919682,6.59367704
Sun Nov 26 15:29:42 EST 2017,29:43.0,-76.01450349,36.7687805,4.25,4,-35,108.5,7.46990919,1.14921677,4.97993946,-0.00315107,24.76199913,13.72549057,0.03022114,0.89813066,0.01561966,0.40373418,14.11764717,14.11764717,-,-,57.20000076,27.10455894,14.64881134,-,760,-,-114.8293991,36.76877975,-76.01450348,3.52941179,9.50697899,6.21371174,-
Sun Nov 26 15:29:43 EST 2017,29:44.0,-76.01446427,36.76876982,4,3,-35.09999847,108.3,7.77636719,0.80445176,5.74608421,0.00607659,24.76199913,13.72549057,-0.01094707,0.79269797,0.07809832,0.48573741,14.11764717,14.50980377,-,-,57.20000076,27.04931068,14.64881134,-,700,-,-115.1574783,36.76876831,-76.01446533,3.52941179,8.94774532,4.97096968,-
Sun Nov 26 15:29:44 EST 2017,29:45.0,-76.01444044,36.7687635,2.75,4,-34.90000153,108.1,8.35097599,0.30645782,5.5162406,0.00593781,24.76199913,13.72549057,-0.03927689,0.76536351,0.05076391,0.4779276,14.11764717,14.11764717,-,-,57.20000076,27.04931068,14.64881134,-,623,-,-114.5013199,36.7687645,-76.01444244,3.52941179,6.15157461,4.97096968,-
Sun Nov 26 15:29:45 EST 2017,29:46.0,-76.01442754,36.7687596,1.75,3,-35,109.1,8.1211319,0.68953007,4.90332508,-0.00240456,24.76199913,14.11764717,-0.0050941,0.85517663,0.01171475,0.40763909,14.11764717,14.11764717,-,-,57.20000076,27.01747131,14.64881134,-,623,-,-114.8293991,36.76876068,-76.01442719,4.31372547,3.91463828,1.86411357,-
Sun Nov 26 15:29:46 EST 2017,29:47.0,-76.01442364,36.76875738,0.75,3,-35.40000153,109.6,8.54251194,0.5363012,4.90332508,-0.00229061,24.76199913,14.11764717,-0.04537931,0.80050778,0.01171475,0.41935381,14.11764717,14.11764717,-,-,57.20000076,27.01747131,14.64881134,-,649,-,-116.1417389,36.76875687,-76.01442719,4.31372547,1.67770207,1.86411357,-
Sun Nov 26 15:29:47 EST 2017,29:48.0,-76.01442001,36.76875535,0.75,3,-34.79999924,109.6,7.96790314,0.19153613,5.13316822,0.00048515,24.76199913,14.11764717,-0.03876084,0.8083176,0.01561966,0.41935381,14.11764717,14.11764717,-,-,57.20000076,27.01747131,14.64881134,-,649,-,-114.1732254,36.76875687,-76.01441956,4.31372547,1.67770207,1.86411357,-
Sun Nov 26 15:29:48 EST 2017,29:49.0,-76.01441746,36.76875575,0.5,3,-34.5,109.6,8.46589756,0.22984336,4.71178913,-0.00160302,24.76199913,14.11764717,0.01220878,0.89422578,0.03123933,0.37249482,14.11764717,14.11764717,-,-,57.20000076,27.01747131,14.64881134,-,649,-,-113.1889801,36.76875687,-76.01441956,4.31372547,1.11846817,1.86411357,-
Sun Nov 26 15:29:49 EST 2017,29:50.0,-76.01442583,36.76875984,0,3,-34.59999847,0,8.19774628,0.38307226,4.78840351,-0.0049318,-,14.11764717,0.00412663,0.87860614,0.07028849,0.38030469,14.11764717,14.11764717,-,-,57.20000076,27.01747131,14.64881134,-,649,-,-113.5170593,36.76876068,-76.01442719,4.31372547,0,1.86411357,-
Sun Nov 26 15:29:50 EST 2017,29:51.0,-76.01442848,36.76876342,0,3,-34.70000076,0,8.42759037,0.34476504,4.71178913,-0.0015083,-,14.11764717,-0.01258369,0.85908157,0.04295408,0.3842096,14.11764717,14.11764717,-,-,57.20000076,27.01747131,14.64881134,-,649,-,-113.8451462,36.7687645,-76.01442719,4.31372547,0,1.86411357,-
Sun Nov 26 15:29:51 EST 2017,29:52.0,-76.01442904,36.76876622,0,3,-34.70000076,0,8.54251194,0.15322891,4.78840351,0.00233743,-,14.11764717,0.00682029,0.89032084,0.02733441,0.36858991,14.11764717,14.11764717,-,-,57.20000076,26.98414421,14.64881134,-,649,-,-113.8451462,36.7687645,-76.01442719,4.31372547,0,0,-
Sun Nov 26 15:29:52 EST 2017,29:53.0,-76.0144291,36.76876879,0,3,-34.70000076,0,8.31266785,0.2681506,4.78840351,-0.00261769,-,13.72549057,-0.00814314,0.86298645,0.06247865,0.3842096,14.11764717,14.11764717,-,-,57.20000076,26.98414421,14.64881134,-,649,-,-113.8451462,36.76876831,-76.01442719,3.92156863,0,0,-
Sun Nov 26 15:29:53 EST 2017,29:54.0,-76.01442889,36.76877066,0,3,-34.70000076,0,8.19774628,0.19153613,4.71178913,-0.00274426,-,13.72549057,-0.0199359,0.85127175,0.02733441,0.3842096,14.11764717,14.50980377,-,-,57.20000076,26.98414421,14.64881134,-,658,-,-113.8451462,36.76877213,-76.01442719,3.92156863,0,0,-
Sun Nov 26 15:29:54 EST 2017,29:55.0,-76.01442938,36.76877245,0,3,-34.59999847,0,8.50420475,0.22984336,4.8267107,0.00203145,-,13.72549057,-0.02649702,0.84346181,0.07028849,0.38030469,14.11764717,14.50980377,-,-,57.20000076,26.98414421,14.64881134,-,658,-,-113.5170593,36.76877213,-76.01442719,3.92156863,0,0,-
Sun Nov 26 15:29:55 EST 2017,29:56.0,-76.01442958,36.76877305,0,3,-34.29999924,0,9.00219822,0.72783732,3.98395157,0.02524155,-,13.72549057,-0.01499741,0.89032084,0.09371798,0.31001619,14.11764717,14.11764717,-,-,57.20000076,26.98414421,14.64881134,-,671,-,-112.5328064,36.76877213,-76.01442719,3.92156863,0,0,-
Sun Nov 26 15:29:56 EST 2017,29:57.0,-76.01442997,36.76877355,0,3,-34.20000076,0,8.27436066,0.57460839,4.36702394,-0.00330542,-,13.72549057,0.0027276,0.89813066,0.05857374,0.34125552,14.11764717,14.50980377,-,-,59,26.98414421,14.64881134,-,684,-,-112.2047272,36.76877213,-76.01442719,3.92156863,0,0,-
Sun Nov 26 15:29:57 EST 2017,29:58.0,-76.01442883,36.76877338,0,3,-34.20000076,0,7.89128876,0.2681506,4.55855989,-0.00424529,-,13.72549057,0.02273652,0.91765523,0.03904916,0.34906533,14.11764717,14.50980377,-,-,59,26.98414421,14.64881134,-,684,-,-112.2047272,36.76877213,-76.01442719,3.92156863,0,0,-
Sun Nov 26 15:29:58 EST 2017,29:59.0,-76.01442474,36.76877235,0.25,4,-34.09999847,109.6,8.77235508,0.42137951,4.67348194,0.00199573,-,13.72549057,-0.00499445,0.87079626,0.01952458,0.38030469,14.11764717,14.50980377,-,-,59,26.98414421,14.64881134,-,684,-,-111.8766327,36.76877213,-76.01442719,3.92156863,0.55923408,0,-
Sun Nov 26 15:29:59 EST 2017,30:00.0,-76.01441847,36.76877081,0.5,3,-34.09999847,109.6,8.31266785,0.42137951,4.97993946,0.0077228,-,13.72549057,-0.03438954,0.81612742,-0.00390492,0.4154489,14.11764717,14.50980377,-,-,59,26.95168114,14.64881134,-,688,-,-111.8766327,36.76877213,-76.01441956,3.92156863,1.11846817,1.24274242,-
Sun Nov 26 15:30:00 EST 2017,30:01.0,-76.01440863,36.7687683,0.75,3,-33.90000153,108.5,8.23605347,-0.2681506,4.90332508,-0.00113995,-,13.72549057,-0.05476821,0.80050778,0.07809832,0.39592433,14.11764717,14.50980377,-,-,59,26.95168114,14.64881134,-,688,-,-111.2204742,36.76876831,-76.01441193,3.92156863,1.67770207,1.24274242,-
Sun Nov 26 15:30:01 EST 2017,30:02.0,-76.01440228,36.76876665,0.75,3,-33.90000153,108.5,7.96790314,0.5363012,4.40533113,0.00160105,-,14.11764717,0.01863287,0.90984541,0.06247865,0.35297027,14.11764717,14.50980377,-,-,59,26.95168114,14.64881134,-,688,-,-111.2204742,36.76876831,-76.0144043,3.92156863,1.67770207,1.24274242,-
Sun Nov 26 15:30:02 EST 2017,30:03.0,-76.01439748,36.76876612,0.5,4,-34.09999847,108.5,8.23605347,0.15322891,4.75009632,-0.00055109,-,14.11764717,0.00046527,0.88251102,0.04295408,0.36858991,14.11764717,14.11764717,-,-,59,26.95168114,14.64881134,-,676,-,-111.8766327,36.7687645,-76.01439667,3.92156863,1.11846817,0,-
Sun Nov 26 15:30:03 EST 2017,30:04.0,-76.01440166,36.76876806,0,3,-34.40000153,0,8.50420475,0,4.71178913,-0.00012989,-,13.72549057,-0.01880778,0.85517663,0.00780983,0.38030469,14.11764717,14.11764717,-,-,59,26.95168114,14.64881134,-,676,-,-112.8609009,36.76876831,-76.0144043,3.92156863,0,0,-
Sun Nov 26 15:30:04 EST 2017,30:05.0,-76.0144052,36.76876944,0,3,-34.20000076,0,8.19774628,0.5363012,4.71178913,-0.01560086,-,13.72549057,-0.0091821,0.86298645,0.04295408,0.3842096,14.11764717,14.11764717,-,-,59,26.95168114,14.64881134,-,661,-,-112.2047272,36.76876831,-76.0144043,3.92156863,0,0,-
Sun Nov 26 15:30:05 EST 2017,30:06.0,-76.01440784,36.76876965,0,3,-33.79999924,0,8.77235508,0.2681506,4.32871675,-0.00080298,-,13.72549057,-0.03832446,0.84736669,0.03123933,0.35297027,14.11764717,14.11764717,-,-,59,26.95168114,14.64881134,-,661,-,-110.8923874,36.76876831,-76.0144043,3.92156863,0,0,-
Sun Nov 26 15:30:06 EST 2017,30:07.0,-76.01440815,36.76876961,0,4,-33.79999924,0,9.00219822,0.19153613,3.67749381,0.00920858,-,13.72549057,0.01208814,0.93327487,0.01171475,0.29049161,14.11764717,14.11764717,-,-,59,26.95168114,14.64881134,-,661,-,-110.8923874,36.76876831,-76.01441193,3.92156863,0,0,-
Sun Nov 26 15:30:07 EST 2017,30:08.0,-76.01440646,36.76876949,0.25,3,-33.29999924,108.5,9.69172859,0.22984336,3.06457806,0.02765281,-,21.56862831,-0.00004583,0.9488945,0.03514424,0.21239327,14.11764717,14.11764717,-,-,57.20000076,26.95168114,14.64881134,-,661,-,-109.2519684,36.76876831,-76.0144043,12.54901981,0.55923408,0,-
Sun Nov 26 15:30:08 EST 2017,30:09.0,-76.01440028,36.76876838,0.5,3,-33.29999924,108.5,9.84495735,0.38307226,2.45166254,0.05395001,-,21.56862831,0.01671366,0.97622901,0.08590815,0.16943921,40,47.84313965,-,-,57.20000076,26.95168114,14.64881134,-,2281,-,-109.2519684,36.76876831,-76.01439667,12.54901981,1.11846817,0,-
Sun Nov 26 15:30:09 EST 2017,30:10.0,-76.01436392,36.76875855,3,3,-33.09999847,109.6,9.0788126,-0.38307226,1.99197578,0.01821159,-,21.56862831,-0.0146179,0.95670444,-0.01171475,0.13429496,40,47.84313965,-,-,57.20000076,26.9302578,14.64881134,-,2281,-,-108.5957947,36.76875687,-76.01436615,12.54901981,6.71080828,9.94193935,-
Sun Nov 26 15:30:10 EST 2017,30:11.0,-76.014304,36.76874325,5,4,-33,108.6,9.27034855,-0.65122288,3.10288548,-0.00656668,-,29.01960754,-0.05813187,0.85517663,-0.1210524,0.27487195,42.74509811,43.13725662,-,-,57.20000076,26.91983032,14.64881134,-,2379,-,-108.2677155,36.76874161,-76.01430511,21.96078491,11.18468189,18.64113617,141.857254
Sun Nov 26 15:30:11 EST 2017,30:12.0,-76.0142063,36.76871829,7.5,4,-32.59999847,108.6,9.99818611,-1.68551803,3.79241538,0.04418807,-,29.80392265,0.03418291,0.98794377,-0.11714748,0.18115395,43.52941132,43.92156982,-,-,57.20000076,26.91983032,14.64881134,-,2040,-,-106.9553757,36.76871872,-76.01420593,21.96078491,16.77702141,18.64113617,141.857254
Sun Nov 26 15:30:12 EST 2017,30:13.0,-76.01410713,36.76869259,8.5,4,-32.5,108.3,8.00621033,1.03429508,3.52426481,-0.03793885,-,25.09803963,-0.03458709,0.89813066,0.03514424,0.25144243,39.2156868,41.96078491,-,-,57.20000076,26.90685272,14.64881134,-,1853,-,-106.6272965,36.76869202,-76.01410675,17.64705849,19.01395798,23.61210442,29.00862312
Sun Nov 26 15:30:13 EST 2017,30:14.0,-76.01398819,36.76866625,10.5,4,-32.5,106.9,8.08282471,0.8810662,5.89931297,-0.01347627,-,25.49019623,-0.064341,0.78879303,-0.08200324,0.39592433,14.11764717,14.11764717,-,-,57.20000076,26.90685272,14.64881134,-,1853,-,-106.6272965,36.76866531,-76.01398468,17.64705849,23.48783112,23.61210442,29.00862312
Sun Nov 26 15:30:14 EST 2017,30:15.0,-76.0138621,36.76863693,11.25,3,-33,107.3,7.92959595,-0.34476504,4.59686708,-0.00310676,-,14.50980377,-0.03404985,0.79269797,0.14838681,0.4310686,14.11764717,14.11764717,-,-,59,26.90428162,14.64881134,-,1270,-,-108.2677155,36.76863861,-76.01386261,4.70588255,25.16553307,24.85484695,143.3653259
Sun Nov 26 15:30:15 EST 2017,30:16.0,-76.0137384,36.76860246,11.25,4,-32.59999847,107.5,6.93360806,0.5363012,5.86100578,-0.01835796,-,14.50980377,-0.12862602,0.69507504,0.04295408,0.42325872,14.11764717,14.11764717,-,-,59,26.90428162,14.64881134,-,1270,-,-106.9553757,36.76860428,-76.01374054,4.70588255,25.16553307,24.85484695,143.3653259
Sun Nov 26 15:30:16 EST 2017,30:17.0,-76.01362633,36.76856674,10.5,3,-33.20000076,107.9,7.431602,1.07260239,5.32470465,-0.04267383,-,14.50980377,-0.02920453,0.78098321,0.15619664,0.45449808,14.11764717,14.11764717,-,-,59,26.90428162,14.64881134,-,1270,-,-108.9238892,36.76856613,-76.0136261,4.70588255,23.48783112,24.85484695,143.3653259
Sun Nov 26 15:30:17 EST 2017,30:18.0,-76.01352529,36.76853914,9.5,4,-33.20000076,107.3,1.30244577,7.92959595,4.02225876,-0.01592595,-,14.50980377,-0.09556182,0.28115395,0.7302193,0.35297027,14.11764717,14.11764717,-,-,59,26.90428162,14.64881134,-,1270,-,-108.9238892,36.76853943,-76.01352692,4.70588255,21.25089455,24.85484695,143.3653259
Sun Nov 26 15:30:18 EST 2017,30:19.0,-76.0134323,36.76850691,9,4,-33.09999847,110.7,-6.39730692,7.31668043,3.25611424,0.11369158,-,14.50980377,0.06142237,-0.6130718,0.74974388,0.3334457,14.11764717,14.11764717,-,-,59,26.90428162,14.64881134,-,1270,-,-108.5957947,36.7685051,-76.01343536,4.70588255,20.13242531,24.85484695,143.3653259
Sun Nov 26 15:30:19 EST 2017,30:20.0,-76.01335176,36.76846479,8.25,3,-33.09999847,121.5,-6.51222849,8.50420475,2.10689759,0.06828383,-,24.70588303,0.01452765,-0.63259637,0.76926845,0.09134088,40.39215851,40.7843132,-,-,59,26.89238548,14.64881134,-,1538,-,-108.5957947,36.76846313,-76.01335144,16.47058868,18.45472336,17.39839363,-
Sun Nov 26 15:30:20 EST 2017,30:21.0,-76.01328197,36.7684224,7.75,4,-33.09999847,125.9,-6.85699368,10.07480049,1.45567465,0.27012187,-,24.70588303,-0.07570332,-0.61697668,0.68336034,-0.02190168,40.39215851,40.7843132,-,-,59,26.88362503,14.64881134,-,1652,-,-108.5957947,36.76842117,-76.01328278,16.86274529,17.33625603,19.88387871,-
Sun Nov 26 15:30:21 EST 2017,30:22.0,-76.01325995,36.76832578,9,4,-33.59999847,158.8,6.32069254,5.55454779,1.37906015,0.01833593,-,24.70588303,-0.09522446,0.63650131,0.60135704,0.12648514,40.39215851,40.7843132,-,-,59,26.88362503,14.64881134,-,1652,-,-110.2362137,36.76832581,-76.01325989,16.86274529,20.13242531,19.88387871,-
Sun Nov 26 15:30:22 EST 2017,30:23.0,-76.01326408,36.76823322,9.75,4,-34.29999924,177.3,8.92558384,0.8810662,4.02225876,-0.00079054,-,24.70588303,-0.08880491,0.81222248,0.1952458,0.26315722,40.39215851,40.7843132,-,-,59,26.88362503,14.64881134,-,1652,-,-112.5328064,36.76823425,-76.01326752,16.86274529,21.81012726,19.88387871,-
Sun Nov 26 15:30:23 EST 2017,30:24.0,-76.01332902,36.76810862,12.75,3,-34.40000153,196.2,9.27034855,0.38307226,3.67749381,0.02341274,-,24.70588303,-0.04850132,0.87079626,0,0.28268176,40.39215851,40.7843132,-,-,59,26.88362503,14.64881134,-,1652,-,-112.8609009,36.76810837,-76.01332855,16.86274529,28.52093697,19.88387871,-
Sun Nov 26 15:30:24 EST 2017,30:25.0,-76.01338181,36.76798635,14.25,3,-35.09999847,198.1,8.31266785,-0.07661445,4.29040956,-0.02739269,-,34.90196228,-0.10267562,0.82784218,0.03514424,0.24363261,40.39215851,40.7843132,-,-,59,26.88362503,14.64881134,-,1652,-,-115.1574783,36.7679863,-76.01338196,16.86274529,31.87634087,19.88387871,-
Sun Nov 26 15:30:25 EST 2017,30:26.0,-76.01343658,36.767848,15.25,4,-34.90000153,197.9,8.65743351,-0.34476504,3.75410819,0.01690762,-,27.84313774,-0.0035157,0.90594047,0.01561966,0.31392109,39.60784531,38.82352829,-,-,57.20000076,26.90800858,14.64881134,-,2145,-,-114.5013199,36.76784897,-76.01343536,19.6078434,34.11327744,37.28227234,-
Sun Nov 26 15:30:26 EST 2017,30:27.0,-76.01349059,36.76770703,16.25,4,-35.5,196.9,7.92959595,0.76614451,3.48595762,-0.00577169,-,27.45098114,0.01328607,0.90594047,0.01171475,0.35297027,35.29411697,37.25490189,-,-,57.20000076,26.90800858,14.64881134,-,2013,-,-116.4698181,36.76770782,-76.01348877,19.6078434,36.35021591,37.28227234,-
Sun Nov 26 15:30:27 EST 2017,30:28.0,-76.01355007,36.76756352,17.25,4,-35.70000076,197.9,8.23605347,0.19153613,4.29040956,-0.00041365,-,27.45098114,-0.04615482,0.85517663,-0.00390492,0.32173091,35.29411697,37.25490189,-,-,57.20000076,26.90800858,14.64881134,-,2013,-,-117.1259842,36.76756287,-76.0135498,19.6078434,38.58715057,37.28227234,-
Sun Nov 26 15:30:28 EST 2017,30:29.0,-76.01361487,36.76741014,17.75,4,-36.20000076,197.9,8.1211319,0.65122288,4.75009632,-0.00679554,-,27.45098114,-0.06277674,0.82393724,0.02733441,0.34516042,35.29411697,37.25490189,-,-,57.20000076,26.90800858,14.64881134,-,2013,-,-118.7664032,36.76741028,-76.01361847,19.6078434,39.705616,37.28227234,-
Sun Nov 26 15:30:29 EST 2017,30:30.0,-76.01368693,36.7672443,18.75,4,-36,197.7,8.27436066,-0.11492168,4.44363832,-0.00900755,-,27.45098114,0.00405818,0.84736669,0.12495731,0.42325872,35.29411697,37.25490189,-,-,57.20000076,26.90800858,14.64881134,-,2013,-,-118.1102371,36.76724243,-76.01368713,19.6078434,41.94255447,37.28227234,-
Sun Nov 26 15:30:30 EST 2017,30:31.0,-76.01374971,36.76708287,19,3,-36.5,198.3,8.23605347,0.30645782,4.75009632,-0.0171303,-,27.45098114,-0.03073042,0.84736669,0.03514424,0.36858991,35.29411697,37.25490189,-,-,57.20000076,26.90800858,14.64881134,-,2013,-,-119.7506561,36.76708221,-76.01374817,19.6078434,42.50178909,37.28227234,-
Sun Nov 26 15:30:31 EST 2017,30:32.0,-76.0138194,36.76692309,19,3,-37.09999847,198.9,8.81066227,0.72783732,4.13718033,0.00764475,-,27.45098114,-0.0550669,0.82003236,0.1210524,0.35297027,35.29411697,37.25490189,-,-,57.20000076,26.97953606,14.64881134,-,2013,-,-121.7191544,36.766922,-76.01381683,19.6078434,42.50178909,42.8746109,-
Sun Nov 26 15:30:32 EST 2017,30:33.0,-76.01388834,36.76676141,19.25,3,-37.29999924,200,8.19774628,0.22984336,5.24809027,-0.04547895,-,20.3921566,-0.00715916,0.83565199,0.0234295,0.43497351,15.29411793,37.25490189,-,-,57.20000076,26.97953606,14.64881134,-,2013,-,-122.3753281,36.76676178,-76.0138855,19.6078434,43.0610199,42.8746109,-
Sun Nov 26 15:30:33 EST 2017,30:34.0,-76.01396724,36.76659818,19.25,3,-37.20000076,201.4,9.11711979,0.49799395,4.5202527,-0.02934943,-,20.3921566,-0.0337655,0.85908157,0.01561966,0.34125552,15.29411793,37.25490189,-,-,57.20000076,26.97953606,14.64881134,-,1838,-,-122.0472488,36.76659775,-76.01396942,19.6078434,43.0610199,42.8746109,-
Sun Nov 26 15:30:34 EST 2017,30:35.0,-76.01405073,36.76644594,18.75,3,-37.29999924,202.5,7.69975281,-0.22984336,4.32871675,-0.03218853,-,17.64705849,-0.1115621,0.75364876,0.12495731,0.35297027,25.09803963,23.13725471,-,-,57.20000076,26.99846268,14.64881134,-,1838,-,-122.3753281,36.76644516,-76.01405334,8.23529434,41.94255447,42.25324249,-
Sun Nov 26 15:30:35 EST 2017,30:36.0,-76.01413138,36.7662889,18.75,4,-37.70000076,202.5,8.00621033,0.5363012,5.13316822,0.00545378,-,17.64705849,0.00354901,0.87860614,-0.00390492,0.3842096,25.09803963,23.13725471,-,-,57.20000076,27.01734161,14.64881134,-,1857,-,-123.6876679,36.76628876,-76.01412964,8.23529434,41.94255447,42.25324249,-
Sun Nov 26 15:30:36 EST 2017,30:37.0,-76.01422842,36.76613404,19,3,-37.59999847,205,8.38928318,1.07260239,5.24809027,-0.01907726,-,16.07843208,-0.06857437,0.74193406,0.13276714,0.44668823,23.13725471,23.13725471,-,-,57.20000076,27.01734161,14.64881134,-,1831,-,-123.3595734,36.76613235,-76.01422882,7.05882359,42.50178909,42.25324249,-
Sun Nov 26 15:30:37 EST 2017,30:38.0,-76.01431816,36.76597891,19,5,-37.70000076,205,8.38928318,0.57460839,5.09486103,0.02124065,-,16.07843208,-0.01505158,0.86298645,0.09371798,0.364685,23.13725471,23.13725471,-,-,57.20000076,27.01734161,14.64881134,-,1831,-,-123.6876679,36.76597977,-76.01432037,7.05882359,42.50178909,42.25324249,-
Sun Nov 26 15:30:38 EST 2017,30:39.0,-76.01442277,36.76582551,18.75,3,-38.09999847,207.7,7.58483076,1.64721072,4.36702394,0.04050146,-,16.07843208,-0.04775586,0.85908157,-0.00390492,0.31001619,23.13725471,23.13725471,-,-,57.20000076,27.01734161,14.64881134,-,1831,-,-124.9999924,36.76582718,-76.01441956,7.05882359,41.94255447,42.25324249,-
Sun Nov 26 15:30:39 EST 2017,30:40.0,-76.01452856,36.76568009,19,3,-37.29999924,209.7,8.65743351,0.19153613,3.98395157,0.00303341,-,16.07843208,0.05986864,0.89032084,-0.01952458,0.47402263,23.13725471,23.13725471,-,-,57.20000076,27.01734161,14.64881134,-,1831,-,-122.3753281,36.76567841,-76.01452637,7.05882359,42.50178909,42.25324249,-
Sun Nov 26 15:30:40 EST 2017,30:41.0,-76.01462815,36.76553029,19,3,-37.5,210.3,8.81066227,0.07661445,4.71178913,0.00371543,-,18.4313736,-0.02828547,0.81222248,0.04295408,0.4310686,23.13725471,27.05882454,-,-,57.20000076,27.07370186,14.64881134,-,1831,-,-123.0314941,36.76552963,-76.01462555,7.05882359,42.50178909,42.8746109,-
Sun Nov 26 15:30:41 EST 2017,30:42.0,-76.01473589,36.76538206,19,4,-37.5,210.3,9.00219822,-0.03830723,4.71178913,0.05476004,-,17.25490189,0.07294669,0.89813066,0.15229172,0.46621281,25.88235283,26.27450943,-,-,57.20000076,27.11104393,14.64881134,-,1834,-,-123.0314941,36.76538086,-76.01473236,7.84313726,42.50178909,42.25324249,34.28352737
Sun Nov 26 15:30:42 EST 2017,30:43.0,-76.0148475,36.76523694,19,5,-37.40000153,211.3,8.23605347,-0.72783732,4.86501789,-0.01833194,-,17.25490189,-0.05612521,0.81612742,0.03123933,0.37249482,25.88235283,25.88235283,-,-,57.20000076,27.12888336,14.64881134,-,1817,-,-122.7034149,36.7652359,-76.0148468,7.84313726,42.50178909,41.63187027,34.28352737
Sun Nov 26 15:30:43 EST 2017,30:44.0,-76.01495001,36.76509026,18.5,4,-38.20000076,210.6,7.96790314,-0.61291564,4.40533113,-0.0467247,-,17.25490189,-0.03065168,0.83565199,-0.11714748,0.37639979,25.88235283,25.88235283,-,-,57.20000076,27.12888336,14.64881134,-,1817,-,-125.3280869,36.76509094,-76.01495361,7.84313726,41.38331985,41.63187027,34.28352737
Sun Nov 26 15:30:44 EST 2017,30:45.0,-76.01505681,36.76495009,18.25,4,-38.20000076,211.7,8.19774628,0.11492168,4.09887314,0.01151084,-,17.25490189,-0.10558816,0.8083176,0.05076391,0.27877685,25.88235283,25.88235283,-,-,57.20000076,27.12888336,14.64881134,-,1817,-,-125.3280869,36.7649498,-76.01506042,7.84313726,40.82408524,41.63187027,34.28352737
Sun Nov 26 15:30:45 EST 2017,30:46.0,-76.01515538,36.76480743,18.25,4,-37.79999924,210.8,8.19774628,0.5363012,4.71178913,-0.01560086,-,17.25490189,-0.03492691,0.85127175,0.06638357,0.34906533,25.88235283,25.88235283,-,-,57.20000076,27.12888336,14.64881134,-,1817,-,-124.0157471,36.76480865,-76.01515198,7.84313726,40.82408524,41.63187027,34.28352737
Sun Nov 26 15:30:46 EST 2017,30:47.0,-76.01525466,36.76466514,18,4,-37.70000076,209.8,8.96389103,-1.49398184,5.89931297,0.03308733,-,17.25490189,-0.03190389,0.73802912,-0.03904916,0.52478653,25.88235283,25.88235283,-,-,57.20000076,27.12888336,14.64881134,-,1817,-,-123.6876679,36.7646637,-76.01525116,7.84313726,40.26485062,41.63187027,34.28352737
Sun Nov 26 15:30:47 EST 2017,30:48.0,-76.01535447,36.76452685,18,4,-37.5,210.6,7.46990919,-0.42137951,6.12915611,0.00123596,-,15.68627453,0.00451404,0.78098321,-0.08981306,0.52478653,25.88235283,25.88235283,-,-,57.20000076,27.14362907,14.64881134,-,1674,-,-123.0314941,36.76452637,-76.01535797,7.05882359,40.26485062,39.14638519,-
Sun Nov 26 15:30:48 EST 2017,30:49.0,-76.01545917,36.76438441,17.75,3,-36.79999924,209.5,6.89530087,-2.29843354,5.7843914,0.00314317,-,15.29411793,-0.10969201,0.70678979,-0.17572121,0.411544,14.11764717,14.11764717,-,-,57.20000076,27.16768646,14.64881134,-,1578,-,-120.7349091,36.76438522,-76.01545715,5.88235283,39.705616,36.03952789,-
Sun Nov 26 15:30:49 EST 2017,30:50.0,-76.0155358,36.76424288,16.75,4,-36.40000153,204.4,7.08683681,0.9576807,6.09084892,-0.02345127,-,15.29411793,-0.00019838,0.74193406,0.15229172,0.55212098,14.11764717,14.11764717,-,-,57.20000076,27.16768646,14.64881134,-,1578,-,-119.4225769,36.76424408,-76.01553345,5.49019623,37.46868134,36.03952789,-
Sun Nov 26 15:30:50 EST 2017,30:51.0,-76.01559398,36.76411489,15.5,3,-35.90000153,200.5,7.12514448,3.86903,4.63517427,0.01750034,-,14.50980377,-0.01636157,0.72631437,0.36315718,0.45449808,14.11764717,14.11764717,-,-,57.20000076,27.17245483,14.64881134,-,1507,-,-117.7821579,36.76411438,-76.01559448,4.31372547,34.67251205,31.06855965,-
Sun Nov 26 15:30:51 EST 2017,30:52.0,-76.01565047,36.76400238,13.75,3,-36,200.3,4.97993946,6.09084892,5.05655384,0.04053064,-,14.11764717,0.09325463,0.61697668,0.72631437,0.43497351,14.11764717,14.11764717,-,-,57.20000076,27.17266083,14.64881134,-,836,-,-118.1102371,36.76400375,-76.01564789,4.31372547,30.75787354,27.34033203,-
Sun Nov 26 15:30:52 EST 2017,30:53.0,-76.01571423,36.76390303,12.25,4,-35.5,206.2,4.71178913,6.43561411,5.63116217,-0.01874262,-,13.72549057,-0.02944819,0.49592432,0.58573741,0.49354723,14.11764717,14.50980377,-,-,57.20000076,27.16247368,14.64881134,-,994,-,-116.4698181,36.76390457,-76.01571655,3.92156863,27.40246773,21.74799156,-
Sun Nov 26 15:30:53 EST 2017,30:54.0,-76.01578694,36.7638271,10.5,4,-34.90000153,215.8,3.94564438,7.96790314,4.25210238,0.02366441,-,14.11764717,0.07491454,0.44125551,0.87079626,0.34906533,14.11764717,14.11764717,-,-,57.20000076,27.15361786,14.64881134,-,1027,-,-114.5013199,36.76382828,-76.01578522,3.92156863,23.48783112,19.88387871,-
Sun Nov 26 15:30:54 EST 2017,30:55.0,-76.01586111,36.76377114,9,3,-34.90000153,225.6,5.40131903,8.23605347,2.64319873,0.02195328,-,14.11764717,0.07049069,0.55449808,0.8747012,0.16943921,14.11764717,14.11764717,-,-,57.20000076,27.1425209,14.64881134,-,1016,-,-114.5013199,36.76377106,-76.01586151,12.15686321,20.13242531,18.01976395,-
Sun Nov 26 15:30:55 EST 2017,30:56.0,-76.01593813,36.76372574,8.75,3,-35,234.5,7.66144562,7.12514448,2.37504816,-0.02631497,-,23.92156982,0.06915711,0.71850449,0.71459961,0.23972771,46.66666794,47.05882263,-,-,57.20000076,27.13748169,14.64881134,-,1797,-,-114.8293991,36.76372528,-76.01593781,12.15686321,19.5731926,22.9907341,162.0264893
Sun Nov 26 15:30:56 EST 2017,30:57.0,-76.01604578,36.76368209,10.5,4,-35.40000153,243.6,5.24809027,5.47793341,2.33674097,0.02842715,-,33.72549057,-0.16036521,0.62088162,0.54278332,0.05619664,42.74509811,42.74509811,-,-,57.20000076,27.13947678,14.64881134,-,2235,-,-116.1417389,36.76368332,-76.01604462,23.52941132,23.48783112,28.58307457,164.5072632
Sun Nov 26 15:30:57 EST 2017,30:58.0,-76.01617947,36.76364931,12.25,3,-35.79999924,252.4,8.77235508,2.64319873,3.715801,0.02682394,-,30.58823586,-0.01133283,0.89422578,0.18353106,0.27877685,42.74509811,42.74509811,-,-,57.20000076,27.13947678,14.64881134,-,2235,-,-117.4540634,36.76364899,-76.01618195,23.52941132,27.40246773,28.58307457,164.5072632
Sun Nov 26 15:30:58 EST 2017,30:59.0,-76.01633526,36.7636354,13.75,4,-35.20000076,261.7,8.84896946,-0.15322891,4.25210238,-0.00201668,-,30.58823586,0.03527422,0.96060938,0.04295408,0.28268176,41.17647171,41.5686264,-,-,57.20000076,27.13947678,14.64881134,-,1998,-,-115.4855652,36.76363373,-76.01633453,23.52941132,30.75787354,28.58307457,164.5072632
Sun Nov 26 15:30:59 EST 2017,31:00.0,-76.01650266,36.76362649,14.75,4,-35,266.2,8.88727665,-0.5363012,3.86903,0.01064532,-,30.58823586,-0.04034957,0.87079626,-0.0976229,0.29049161,41.17647171,41.5686264,-,-,57.20000076,27.13947678,14.64881134,-,1998,-,-114.8293991,36.7636261,-76.01650238,23.52941132,32.9948082,28.58307457,164.5072632
Sun Nov 26 15:31:00 EST 2017,31:01.0,-76.01667612,36.76361943,15.75,4,-35.5,266.9,8.46589756,0.80445176,3.75410819,-0.03420641,-,30.58823586,0.02589461,0.90203559,0.08590815,0.38030469,41.17647171,41.5686264,-,-,57.20000076,27.13947678,14.64881134,-,1998,-,-116.4698181,36.76361847,-76.01667786,23.52941132,35.23174286,28.58307457,164.5072632
Sun Nov 26 15:31:01 EST 2017,31:02.0,-76.01686032,36.76361321,16.25,4,-35.40000153,267.3,8.84896946,0.03830723,4.40533113,-0.03238979,-,21.56862831,0.03453698,0.91375035,0.01171475,0.3842096,31.37254906,31.37254906,-,-,57.20000076,27.16022491,14.64881134,-,1998,-,-116.1417389,36.76361465,-76.01686096,23.52941132,36.35021591,37.90364456,-
Sun Nov 26 15:31:02 EST 2017,31:03.0,-76.017052,36.76360404,17,4,-34.70000076,267.3,8.42759037,0.42137951,4.44363832,-0.0139878,-,21.56862831,-0.03382083,0.82393724,0.01561966,0.40373418,31.37254906,31.37254906,-,-,57.20000076,27.16022491,14.64881134,-,1998,-,-113.8451462,36.76360321,-76.0170517,23.52941132,38.02791595,37.90364456,-
Sun Nov 26 15:31:03 EST 2017,31:04.0,-76.0172419,36.76359776,17.25,4,-34.70000076,267.4,8.77235508,-0.30645782,3.79241538,0.01769664,-,21.56862831,0.00528086,0.90203559,-0.03904916,0.34125552,31.37254906,31.37254906,-,-,57.20000076,27.16022491,14.64881134,-,1998,-,-113.8451462,36.7635994,-76.01724243,23.52941132,38.58715057,37.90364456,-
Sun Nov 26 15:31:04 EST 2017,31:05.0,-76.01744032,36.76359019,17.5,4,-34.40000153,267.5,9.50019264,-0.03830723,3.86903,-0.01657044,-,21.56862831,0.07382095,0.98794377,0.07028849,0.31392109,31.37254906,31.37254906,-,-,57.20000076,27.16022491,14.64881134,-,1998,-,-112.8609009,36.76359177,-76.0174408,23.52941132,39.14638519,37.90364456,-
Sun Nov 26 15:31:05 EST 2017,31:06.0,-76.0176486,36.7635828,18,4,-34.29999924,267.4,8.35097599,-0.11492168,4.13718033,0.0027596,-,21.56862831,-0.00715143,0.90594047,-0.05076391,0.30220634,31.37254906,31.37254906,-,-,57.20000076,27.16022491,14.64881134,-,1998,-,-112.5328064,36.76358414,-76.01764679,23.52941132,40.26485062,37.90364456,-
Sun Nov 26 15:31:06 EST 2017,31:07.0,-76.01785922,36.76357323,19,4,-34,267.2,8.46589756,1.26413846,4.32871675,0.02448671,59.00899887,21.56862831,0.02331071,0.9488945,-0.05076391,0.27877685,36.86274719,36.86274719,-,-,57.20000076,27.18068123,14.64881134,-,2025,-,-111.5485535,36.76357269,-76.01786041,21.17647171,42.50178909,44.11735535,-
Sun Nov 26 15:31:07 EST 2017,31:08.0,-76.01807875,36.76356094,19.5,4,-34.20000076,267.1,7.73806,0.68953007,4.175488,-0.00543986,59.00899887,24.70588303,-0.06259761,0.85127175,0.03123933,0.29049161,32.15686417,36.47058868,-,-,57.20000076,27.22368622,14.64881134,-,1988,-,-112.2047272,36.76356125,-76.01808167,16.47058868,43.62025452,45.36009598,-
Sun Nov 26 15:31:08 EST 2017,31:09.0,-76.01830519,36.76354876,20.25,4,-34.09999847,267,7.62313843,-0.45968673,4.32871675,-0.06042031,59.00899887,24.70588303,-0.12425917,0.7575537,-0.03514424,0.33735061,32.15686417,32.54901886,-,-,57.20000076,27.24622917,14.64881134,-,2018,-,-111.8766327,36.7635498,-76.01830292,16.47058868,45.29796219,45.9814682,69.74037933
Sun Nov 26 15:31:09 EST 2017,31:10.0,-76.01853842,36.76353683,20.75,4,-33.90000153,267,8.73404789,1.34075296,6.09084892,0.12644362,59.00899887,18.8235302,0.1011192,0.95279956,0.07028849,0.44668823,32.15686417,32.54901886,-,-,57.20000076,27.24622917,14.64881134,-,2018,-,-111.2204742,36.76353836,-76.01853943,9.8039217,46.41642761,45.9814682,69.74037933
Sun Nov 26 15:31:10 EST 2017,31:11.0,-76.01877264,36.76352592,20.75,4,-33.59999847,266.8,6.74207211,0.9576807,4.32871675,0.0048396,59.00899887,18.8235302,0.03093178,0.83955687,-0.07028849,0.49354723,23.52941132,20.3921566,-,-,57.20000076,27.26872253,14.64881134,-,1601,-,-110.2362137,36.76352692,-76.01877594,9.8039217,46.41642761,45.9814682,69.74037933
Sun Nov 26 15:31:11 EST 2017,31:12.0,-76.01900525,36.76351541,20.75,4,-33.70000076,266.7,7.66144562,0.91937345,4.48194551,-0.04205443,59.00899887,18.8235302,-0.05013846,0.77707827,-0.08590815,0.43887842,23.52941132,20.3921566,-,-,57.20000076,27.26872253,14.64881134,-,1601,-,-110.5643082,36.76351547,-76.01900482,5.88235283,46.41642761,45.9814682,69.74037933
Sun Nov 26 15:31:12 EST 2017,31:13.0,-76.01923409,36.76350964,20.5,4,-34.29999924,266.7,9.00219822,0.5363012,4.48194551,0.00362554,59.00899887,15.68627453,0.00500006,0.86689138,0.01171475,0.40763909,21.56862831,21.56862831,-,-,57.20000076,27.2904129,14.64881134,-,1568,-,-112.5328064,36.76350784,-76.0192337,5.88235283,45.85719299,45.36009598,-
Sun Nov 26 15:31:13 EST 2017,31:14.0,-76.01945968,36.76350031,20.25,4,-34.29999924,266.9,7.62313843,0.34476504,4.25210238,-0.01345689,59.00899887,15.68627453,-0.10921224,0.77707827,0.03514424,0.3334457,21.56862831,21.56862831,-,-,57.20000076,27.2904129,14.64881134,-,1550,-,-112.5328064,36.76350021,-76.01946259,5.88235283,45.29796219,45.36009598,-
Sun Nov 26 15:31:14 EST 2017,31:15.0,-76.01968485,36.76349213,20.25,4,-34.29999924,266.8,8.73404789,0.42137951,5.20978308,0.0263197,59.00899887,15.68627453,0.04936446,0.90203559,0.0234295,0.43497351,21.56862831,21.56862831,-,-,57.20000076,27.2904129,14.64881134,-,1550,-,-112.5328064,36.76349258,-76.01968384,5.88235283,45.29796219,45.36009598,-
Sun Nov 26 15:31:15 EST 2017,31:16.0,-76.01990604,36.76349272,20,4,-34.5,267.1,7.96790314,0.45968673,5.43962622,-0.09558353,59.00899887,15.68627453,-0.01509811,0.81222248,0.04685899,0.45449808,21.56862831,21.56862831,-,-,57.20000076,27.2904129,14.64881134,-,1550,-,-113.1889801,36.76349258,-76.01990509,5.88235283,44.73872757,45.36009598,-
Sun Nov 26 15:31:16 EST 2017,31:17.0,-76.0201299,36.7634866,19.75,4,-34.59999847,267.2,8.77235508,0.49799395,4.02225876,-0.00605144,59.00899887,15.68627453,-0.10397743,0.78879303,-0.09371798,0.31392109,21.56862831,21.56862831,-,-,57.20000076,27.2904129,14.64881134,-,1550,-,-113.5170593,36.76348495,-76.02012634,5.88235283,44.17948914,45.36009598,-
Sun Nov 26 15:31:17 EST 2017,31:18.0,-76.02034788,36.76347432,19.75,4,-34.79999924,267,8.65743351,0.76614451,5.28639746,-0.00732227,59.00899887,15.68627453,-0.08535342,0.79660285,0.08200324,0.34125552,28.23529434,28.62745094,-,-,57.20000076,27.36999321,14.64881134,-,1538,-,-114.1732254,36.76347351,-76.0203476,7.84313726,44.17948914,43.49598312,-
Sun Nov 26 15:31:18 EST 2017,31:19.0,-76.02056804,36.76346346,19.75,4,-34.79999924,267,7.73806,0.38307226,3.98395157,-0.09294277,59.00899887,19.6078434,-0.08106766,0.82784218,-0.05466883,0.29439652,30.58823586,30.98039246,-,-,57.20000076,27.38995361,14.64881134,-,1539,-,-114.1732254,36.76346207,-76.02056885,10.1960783,44.17948914,44.11735535,-
Sun Nov 26 15:31:19 EST 2017,31:20.0,-76.02078833,36.76345632,19.75,4,-35.20000076,267.4,8.84896946,0.07661445,4.97993946,0.06289911,59.00899887,22.35294151,0.01596293,0.9371798,-0.08200324,0.28268176,31.76470566,34.11764908,-,-,57.20000076,27.42973137,14.64881134,-,1581,-,-115.4855652,36.76345444,-76.0207901,13.72549057,44.17948914,44.11735535,-
Sun Nov 26 15:31:20 EST 2017,31:21.0,-76.02100884,36.76345,19.75,4,-34.90000153,267.5,7.77636719,1.07260239,5.36301184,-0.01001505,59.00899887,22.35294151,-0.01152577,0.90594047,-0.01171475,0.29439652,31.76470566,32.15686417,-,-,57.20000076,27.45029068,14.64881134,-,1550,-,-114.5013199,36.76345062,-76.02101135,9.4117651,44.17948914,44.73872757,-
Sun Nov 26 15:31:21 EST 2017,31:22.0,-76.02123595,36.76344042,20,4,-34.79999924,267.6,9.23204136,-0.07661445,3.90733719,-0.01917603,59.00899887,18.8235302,-0.04868576,0.81612742,-0.00780983,0.38811451,29.41176605,29.41176605,-,-,57.20000076,27.45029068,14.64881134,-,1550,-,-114.1732254,36.76343918,-76.0212326,9.4117651,44.73872757,44.73872757,-
Sun Nov 26 15:31:22 EST 2017,31:23.0,-76.02145723,36.7634387,20,5,-34.5,267.7,7.31668043,-0.19153613,3.56257224,-0.15121686,59.00899887,18.8235302,0.03517098,0.91765523,-0.0741934,0.37249482,29.41176605,29.41176605,-,-,57.20000076,27.45029068,14.64881134,-,1545,-,-113.1889801,36.76343918,-76.02145386,9.4117651,44.73872757,44.73872757,-
Sun Nov 26 15:31:23 EST 2017,31:24.0,-76.02167926,36.76343671,20,5,-34.09999847,267.8,8.27436066,-0.45968673,2.60489154,-0.01268014,59.00899887,18.8235302,0.04410202,0.86689138,-0.06247865,0.4779276,29.41176605,29.41176605,-,-,57.20000076,27.45029068,14.64881134,-,1545,-,-111.8766327,36.76343536,-76.02168274,9.4117651,44.73872757,44.73872757,-
Sun Nov 26 15:31:24 EST 2017,31:25.0,-76.0219033,36.76342979,20,5,-33.5,267.6,8.50420475,0.11492168,4.8267107,-0.03483714,59.00899887,18.8235302,-0.06776381,0.80050778,-0.06638357,0.37249482,29.41176605,29.41176605,-,-,57.20000076,27.45029068,14.64881134,-,1545,-,-109.9081345,36.76343155,-76.02190399,9.4117651,44.73872757,44.73872757,-
Sun Nov 26 15:31:25 EST 2017,31:26.0,-76.02212541,36.76341936,20,5,-33.59999847,267.5,8.27436066,0.30645782,4.36702394,-0.01708192,59.00899887,18.8235302,-0.14470072,0.74583894,0.05857374,0.31392109,29.41176605,29.41176605,-,-,57.20000076,27.45029068,14.64881134,-,1545,-,-110.2362137,36.7634201,-76.02212524,9.4117651,44.73872757,44.73872757,-
Sun Nov 26 15:31:26 EST 2017,31:27.0,-76.0223498,36.76340548,20,5,-33.59999847,267.3,6.97191525,-0.07661445,3.94564438,-0.03617549,59.00899887,18.8235302,-0.06981204,0.78879303,0.01952458,0.39201942,29.41176605,29.41176605,-,-,57.20000076,27.45029068,14.64881134,-,1545,-,-110.2362137,36.76340485,-76.0223465,9.4117651,44.73872757,44.73872757,-
Sun Nov 26 15:31:27 EST 2017,31:28.0,-76.02257069,36.76339568,20,4,-33.40000153,267.2,7.73806,0.65122288,5.13316822,0.00879627,59.00899887,19.2156868,-0.1176197,0.76536351,0.10543273,0.32563588,29.41176605,29.41176605,-,-,57.20000076,27.51093292,14.64881134,-,1550,-,-109.5800552,36.76339722,-76.02256775,9.4117651,44.73872757,44.73872757,-
Sun Nov 26 15:31:28 EST 2017,31:29.0,-76.02279313,36.76338217,20,4,-33.09999847,267.2,8.04451752,0.65122288,3.90733719,-0.00652676,59.00899887,19.2156868,-0.06704389,0.78488815,0.00390492,0.40373418,29.41176605,29.41176605,-,-,57.20000076,27.51093292,14.64881134,-,1550,-,-108.5957947,36.76338196,-76.02279663,9.4117651,44.73872757,44.73872757,-
Sun Nov 26 15:31:29 EST 2017,31:30.0,-76.02301597,36.76337218,20,5,-34,267.3,7.92959595,-0.42137951,4.63517427,-0.03563501,59.00899887,19.2156868,0.00424058,0.89422578,-0.05466883,0.35297027,29.41176605,29.41176605,-,-,57.20000076,27.51093292,14.64881134,-,1550,-,-111.5485535,36.76337051,-76.02301788,9.4117651,44.73872757,44.73872757,-
Sun Nov 26 15:31:30 EST 2017,31:31.0,-76.02324001,36.76335712,20,5,-34.5,267.1,6.97191525,0.22984336,4.175488,-0.13575634,59.00899887,19.2156868,-0.14345281,0.76145858,0.06247865,0.28658667,29.41176605,29.41176605,-,-,57.20000076,27.55234718,14.64881134,-,1565,-,-113.1889801,36.76335526,-76.02323914,10.1960783,44.73872757,45.36009598,-
Sun Nov 26 15:31:31 EST 2017,31:32.0,-76.02346447,36.76335145,20.25,4,-34.79999924,267.2,8.96389103,0,5.09486103,-0.00902825,59.00899887,19.2156868,-0.0147264,0.84346181,0.03123933,0.40763909,29.41176605,29.80392265,-,-,57.20000076,27.57261467,14.64881134,-,1585,-,-114.1732254,36.76335144,-76.02346802,10.1960783,45.29796219,44.73872757,-
Sun Nov 26 15:31:32 EST 2017,31:33.0,-76.02368911,36.76333661,20.25,4,-34.90000153,266.9,9.38527107,0.5363012,3.94564438,0.01348574,59.00899887,25.09803963,-0.02784584,0.86298645,0.03904916,0.34516042,35.68627548,35.68627548,-,-,57.20000076,27.61446762,14.64881134,-,1631,-,-114.5013199,36.76333618,-76.02368927,17.25490189,45.29796219,45.36009598,34.38952255
Sun Nov 26 15:31:33 EST 2017,31:34.0,-76.02392044,36.76332021,20.5,4,-35,266.7,8.27436066,0.57460839,4.48194551,-0.0218413,59.00899887,25.09803963,-0.05682874,0.83955687,0.0976229,0.317826,35.68627548,35.68627548,-,-,57.20000076,27.61446762,14.64881134,-,1631,-,-114.8293991,36.76332092,-76.02391815,17.25490189,45.85719299,45.36009598,34.38952255
Sun Nov 26 15:31:34 EST 2017,31:35.0,-76.02415069,36.76331381,20.75,4,-35.09999847,266.8,8.08282471,0.45968673,4.71178913,0.02886193,59.00899887,21.96078491,-0.09255534,0.72631437,0.18353106,0.411544,29.80392265,29.80392265,-,-,57.20000076,27.6375103,14.64881134,-,1684,-,-115.1574783,36.76331329,-76.02414703,17.64705849,46.41642761,47.22420883,34.38952255
Sun Nov 26 15:31:35 EST 2017,31:36.0,-76.02438855,36.76330469,21.25,4,-35.90000153,266.9,8.73404789,0.2681506,4.48194551,0.0200761,59.00899887,21.96078491,-0.01887011,0.84736669,0.04295408,0.39201942,29.80392265,29.80392265,-,-,57.20000076,27.6375103,14.64881134,-,1684,-,-117.7821579,36.76330566,-76.02439117,17.64705849,47.53489685,47.22420883,34.38952255
Sun Nov 26 15:31:36 EST 2017,31:37.0,-76.02462345,36.76329592,21.25,4,-35.79999924,267.1,9.11711979,0.49799395,4.75009632,0.001179,59.00899887,21.96078491,0.00646409,0.87079626,0.01561966,0.40373418,29.80392265,29.80392265,-,-,57.20000076,27.6375103,14.64881134,-,1684,-,-117.4540634,36.76329422,-76.02462006,17.64705849,47.53489685,47.22420883,34.38952255
Sun Nov 26 15:31:37 EST 2017,31:38.0,-76.02486511,36.76328853,21.25,5,-35.79999924,267.2,8.6957407,-0.72783732,4.48194551,-0.03892511,59.00899887,21.96078491,-0.14182435,0.77317333,0.05857374,0.26706213,29.80392265,29.80392265,-,-,57.20000076,27.6375103,14.64881134,-,1684,-,-117.4540634,36.76329041,-76.0248642,17.64705849,47.53489685,47.22420883,34.38952255
Sun Nov 26 15:31:38 EST 2017,31:39.0,-76.02510333,36.76328174,21.25,4,-35.79999924,267.3,7.69975281,-0.49799395,4.78840351,-0.05095514,59.00899887,21.96078491,-0.0029799,0.79660285,-0.04295408,0.49745214,29.80392265,29.80392265,-,-,57.20000076,27.6375103,14.64881134,-,1684,-,-117.4540634,36.76328278,-76.02510071,17.64705849,47.53489685,47.22420883,34.38952255
Sun Nov 26 15:31:39 EST 2017,31:40.0,-76.02533663,36.76328432,21.25,5,-35.79999924,267.2,8.38928318,-0.15322891,4.86501789,0.00769204,59.00899887,21.96078491,-0.10791136,0.71459961,0.08200324,0.42716369,29.80392265,29.80392265,-,-,57.20000076,27.6375103,14.64881134,-,1684,-,-117.4540634,36.76328278,-76.02533722,17.64705849,47.53489685,47.22420883,34.38952255
Sun Nov 26 15:31:40 EST 2017,31:41.0,-76.02557185,36.76327032,21,4,-35.79999924,266.9,8.50420475,0.15322891,4.75009632,-0.02804249,59.00899887,21.96078491,-0.03348923,0.81222248,0,0.42325872,29.80392265,26.27450943,-,-,57.20000076,27.65903854,14.64881134,-,1611,-,-117.4540634,36.76327133,-76.02557373,7.45098066,46.97566223,45.9814682,-
Sun Nov 26 15:31:41 EST 2017,31:42.0,-76.02580368,36.76324979,20.75,4,-35.70000076,266.8,8.19774628,0.84275901,4.78840351,0.01144101,59.00899887,17.25490189,0.02906522,0.89032084,-0.06247865,0.411544,26.66666794,26.27450943,-,-,57.20000076,27.65903854,14.64881134,-,1611,-,-117.1259842,36.76324844,-76.02580261,7.45098066,46.41642761,45.9814682,-
Sun Nov 26 15:31:42 EST 2017,31:43.0,-76.02603762,36.76324088,20.75,4,-35.59999847,266.9,8.08282471,0.30645782,4.48194551,-0.02345506,59.00899887,17.25490189,-0.09326185,0.78488815,0.01952458,0.35297027,26.66666794,27.05882454,-,-,57.20000076,27.65903854,14.64881134,-,1611,-,-116.7978973,36.76324081,-76.02603912,7.45098066,46.41642761,45.9814682,-
Sun Nov 26 15:31:43 EST 2017,31:44.0,-76.0262653,36.76324011,20.5,4,-35.79999924,267,7.73806,0.65122288,5.05655384,-0.03638959,59.00899887,17.25490189,0.06737164,0.92936999,-0.03123933,0.42325872,26.66666794,27.05882454,-,-,57.20000076,27.65903854,14.64881134,-,1611,-,-117.4540634,36.76324081,-76.02626801,7.45098066,45.85719299,45.9814682,-
Sun Nov 26 15:31:44 EST 2017,31:45.0,-76.02649615,36.76323288,20.5,5,-35.59999847,267.6,8.58081913,0.15322891,4.63517427,0.00125077,59.00899887,17.25490189,0.03322343,0.90984541,0.02733441,0.38811451,26.66666794,27.05882454,-,-,57.20000076,27.65903854,14.64881134,-,1611,-,-116.7978973,36.76323318,-76.02649689,7.45098066,45.85719299,45.9814682,-
Sun Nov 26 15:31:45 EST 2017,31:46.0,-76.02672185,36.76323897,20.25,4,-35.40000153,267.4,8.19774628,0.61291564,4.67348194,-0.01156472,59.00899887,17.25490189,-0.0052936,0.83565199,-0.00780983,0.43887842,26.66666794,27.05882454,-,-,57.20000076,27.65903854,14.64881134,-,1611,-,-116.1417389,36.76324081,-76.02671814,7.45098066,45.29796219,45.9814682,-
Sun Nov 26 15:31:46 EST 2017,31:47.0,-76.02694266,36.76322904,20,4,-35.5,267.4,7.54652357,0.99598789,4.86501789,-0.02054659,59.00899887,17.25490189,-0.00815084,0.85908157,0.05466883,0.39201942,26.66666794,14.50980377,-,-,57.20000076,27.67760658,14.64881134,-,1511,-,-116.4698181,36.76322937,-76.02693939,6.27450991,44.73872757,43.49598312,-
Sun Nov 26 15:31:47 EST 2017,31:48.0,-76.02716133,36.76322321,19.75,4,-35.09999847,267.8,8.08282471,0.91937345,4.55855989,-0.01514292,59.00899887,15.29411793,-0.01312482,0.83955687,0.1210524,0.40373418,14.11764717,14.50980377,-,-,57.20000076,27.69613075,14.64881134,-,1491,-,-115.1574783,36.76322174,-76.02716064,5.49019623,44.17948914,43.49598312,-
Sun Nov 26 15:31:48 EST 2017,31:49.0,-76.02737839,36.76323038,19.5,4,-35.40000153,269.1,7.12514448,-0.65122288,5.40131903,0.01884674,59.00899887,14.90196133,-0.00303347,0.82393724,0.05076391,0.45840299,14.11764717,14.11764717,-,-,57.20000076,27.72941399,14.64881134,-,1442,-,-116.1417389,36.76322937,-76.0273819,5.09803915,43.62025452,41.63187027,-
Sun Nov 26 15:31:49 EST 2017,31:50.0,-76.02759005,36.76324483,19,4,-35.5,271.2,6.97191525,-2.06859016,5.97592735,0.06431589,59.00899887,14.90196133,-0.10264161,0.71069467,-0.02733441,0.44668823,14.11764717,14.11764717,-,-,57.20000076,27.72941399,14.64881134,-,1442,-,-116.4698181,36.76324463,-76.02758789,5.09803915,42.50178909,41.63187027,-
Sun Nov 26 15:31:50 EST 2017,31:51.0,-76.02778925,36.76325066,18,3,-35.40000153,272.1,7.24006605,-0.68953007,6.70376492,0.02673772,59.00899887,14.50980377,0.0088264,0.76145858,-0.10933765,0.55212098,14.11764717,14.11764717,-,-,57.20000076,27.74128723,14.64881134,-,1292,-,-116.1417389,36.76325226,-76.02778625,4.31372547,40.26485062,37.90364456,-
Sun Nov 26 15:31:51 EST 2017,31:52.0,-76.02797159,36.76324804,16.5,3,-35.40000153,269.5,8.00621033,0.9576807,6.20577097,0.05619448,59.00899887,14.50980377,0.03754883,0.81612742,0.0976229,0.53259641,14.11764717,14.11764717,-,-,57.20000076,27.74588776,14.64881134,-,1387,-,-116.1417389,36.76324844,-76.02796936,4.70588255,36.90944672,31.68992996,-
Sun Nov 26 15:31:52 EST 2017,31:53.0,-76.02813747,36.76324516,15.25,4,-35.5,268.7,7.77636719,0.84275901,7.20175886,0.0441349,59.00899887,14.50980377,0.04469369,0.74193406,0.21477039,0.60288489,14.11764717,14.11764717,-,-,57.20000076,27.74758911,14.64881134,-,1163,-,-116.4698181,36.76324463,-76.02813721,4.31372547,34.11327744,26.71896172,-
Sun Nov 26 15:31:53 EST 2017,31:54.0,-76.02828361,36.76324095,13.5,5,-35.29999924,267.9,7.24006605,1.60890353,5.66946983,0.03853881,59.00899887,13.72549057,-0.0480524,0.73802912,0.16400647,0.4779276,14.11764717,14.11764717,-,-,57.20000076,27.7463913,14.64881134,-,860,-,-115.8136444,36.76324081,-76.02828217,3.92156863,30.19863892,26.71896172,-
Sun Nov 26 15:31:54 EST 2017,31:55.0,-76.02839031,36.76324544,10.75,4,-35.09999847,268.4,2.18351197,7.35498762,5.59285498,-0.0220521,59.00899887,13.72549057,0.01843062,0.37877685,0.75364876,0.47011772,14.11764717,14.11764717,-,-,57.20000076,27.73870087,14.64881134,-,860,-,-115.1574783,36.76324463,-76.02838898,3.92156863,24.04706573,21.12662125,-
Sun Nov 26 15:31:55 EST 2017,31:56.0,-76.02849247,36.76324653,9.25,4,-34.70000076,267.3,-8.92558384,4.175488,4.175488,0.07645744,59.00899887,13.72549057,0.00739609,-0.86689138,0.417826,0.19677362,14.11764717,14.11764717,-,-,57.20000076,27.73870087,14.64881134,-,860,-,-113.8451462,36.76324463,-76.02849579,3.92156863,20.69165993,21.12662125,-
Sun Nov 26 15:31:56 EST 2017,31:57.0,-76.0285678,36.76327203,7.25,3,-35.09999847,279.7,-9.30865574,-1.49398184,3.98395157,0.08240028,59.00899887,13.72549057,0.02272901,-0.94498962,-0.15229172,0.25925228,14.11764717,14.11764717,-,-,57.20000076,27.73870087,14.64881134,-,860,-,-115.1574783,36.76327133,-76.02856445,3.92156863,16.21778679,21.12662125,-
Sun Nov 26 15:31:57 EST 2017,31:58.0,-76.02863244,36.7633028,7,4,-34.70000076,299.9,-9.00219822,3.79241538,2.94965649,0.05750435,59.00899887,13.72549057,0.01837074,-0.96060938,0.23039004,0.14600971,14.11764717,14.11764717,-,-,57.20000076,27.73870087,14.64881134,-,860,-,-113.8451462,36.76330185,-76.02863312,3.92156863,15.65855312,21.12662125,-
Sun Nov 26 15:31:58 EST 2017,31:59.0,-76.02867027,36.76333966,6.25,4,-35.20000076,322.1,3.21780705,7.01022243,4.97993946,-0.02354819,59.00899887,14.11764717,-0.06376224,0.32801294,0.71459961,0.40763909,14.11764717,28.23529434,-,-,57.20000076,27.72310257,14.64881134,-,1234,-,-115.4855652,36.76334,-76.02867126,4.31372547,13.98085213,14.29153728,-
Sun Nov 26 15:31:59 EST 2017,32:00.0,-76.02868164,36.76339519,6.75,4,-35.59999847,347.6,7.73806,0.99598789,5.7843914,-0.01214544,59.00899887,14.11764717,-0.04631484,0.7575537,0.0741934,0.47402263,14.11764717,14.11764717,-,-,57.20000076,27.70825958,14.64881134,-,1137,-,-116.7978973,36.7633934,-76.02867889,4.31372547,15.09931946,14.91290855,-
Sun Nov 26 15:32:00 EST 2017,32:01.0,-76.02868874,36.76345207,6.5,3,-36.29999924,356,6.4739213,1.30244577,6.35899973,0.01762604,59.00899887,13.72549057,0.03424193,0.77707827,0.27334413,0.52478653,14.11764717,14.11764717,-,-,57.20000076,27.69129181,14.64881134,-,1016,-,-119.0944824,36.76345062,-76.02868652,3.92156863,14.54008579,13.04879475,-
Sun Nov 26 15:32:01 EST 2017,32:02.0,-76.02868562,36.76349964,5.5,4,-36.29999924,356.8,7.85298157,2.56658411,5.89931297,0.01133609,59.00899887,13.72549057,0.00671422,0.79269797,0.28505886,0.45059317,14.11764717,14.11764717,-,-,57.20000076,27.69129181,14.64881134,-,1016,-,-119.0944824,36.76350021,-76.02868652,3.92156863,12.30314922,13.04879475,-
Sun Nov 26 15:32:02 EST 2017,32:03.0,-76.02868599,36.76352617,3.5,4,-35.59999847,358,8.23605347,1.9153614,5.36301184,0.012853,59.00899887,13.72549057,0.03695309,0.85908157,0.21477039,0.43887842,14.11764717,14.11764717,-,-,57.20000076,27.66358757,14.64881134,-,699,-,-116.7978973,36.76352692,-76.02868652,3.92156863,7.82927656,3.72822714,-
Sun Nov 26 15:32:03 EST 2017,32:04.0,-76.02868286,36.76355418,3.25,5,-36.20000076,6.1,7.58483076,2.64319873,5.36301184,0.00359125,59.00899887,14.11764717,-0.01212799,0.79660285,0.12495731,0.47011772,14.11764717,14.11764717,-,-,57.20000076,27.66358757,14.64881134,-,699,-,-118.7664032,36.76355362,-76.02868652,3.92156863,7.2700429,3.72822714,-
Sun Nov 26 15:32:04 EST 2017,32:05.0,-76.02869193,36.76356114,1.75,4,-36.29999924,349.9,8.1211319,1.72382522,4.48194551,-0.00388826,59.00899887,14.11764717,-0.01267648,0.80050778,0.22648512,0.4310686,14.11764717,14.11764717,-,-,57.20000076,27.66358757,14.64881134,-,699,-,-119.0944824,36.76356125,-76.02869415,3.92156863,3.91463828,3.72822714,-
Sun Nov 26 15:32:05 EST 2017,32:06.0,-76.0286853,36.76356428,1.25,5,-36.40000153,3.7,8.04451752,2.37504816,4.71178913,-0.00584042,59.00899887,14.11764717,-0.03005364,0.80441266,0.2421048,0.3842096,14.11764717,14.11764717,-,-,57.20000076,27.66358757,14.64881134,-,684,-,-119.4225769,36.76356506,-76.02868652,3.92156863,2.79617047,3.72822714,-
Sun Nov 26 15:32:06 EST 2017,32:07.0,-76.0286837,36.76356284,0.25,4,-36.5,3.7,7.77636719,2.37504816,4.71178913,0.00256817,-,13.72549057,-0.04171795,0.79269797,0.2421048,0.38030469,14.11764717,14.11764717,-,-,57.20000076,27.66358757,14.64881134,-,640,-,-119.7506561,36.76356125,-76.02868652,3.92156863,0.55923408,0,-
Sun Nov 26 15:32:07 EST 2017,32:08.0,-76.02868241,36.76356235,0,4,-36.70000076,0,8.04451752,1.8770541,4.75009632,-0.00527822,-,13.72549057,-0.02831686,0.82003236,0.19134088,0.3842096,14.11764717,14.11764717,-,-,57.20000076,27.66358757,14.64881134,-,686,-,-120.4068298,36.76356125,-76.02867889,3.92156863,0,0,-
Sun Nov 26 15:32:08 EST 2017,32:09.0,-76.02868471,36.76356092,0,3,-36.70000076,0,8.15943909,1.95366859,4.90332508,0.00960255,-,13.72549057,-0.03895928,0.8083176,0.18743597,0.3842096,14.11764717,14.11764717,-,-,57.20000076,27.66358757,14.64881134,-,660,-,-120.4068298,36.76356125,-76.02868652,3.92156863,0,0,-
Sun Nov 26 15:32:09 EST 2017,32:10.0,-76.02868452,36.7635655,0,3,-36.59999847,0,8.04451752,2.22181916,4.8267107,0.0024012,-,13.72549057,-0.05843978,0.81222248,0.23429495,0.31392109,14.11764717,14.11764717,-,-,57.20000076,27.66358757,14.64881134,-,656,-,-120.0787354,36.76356506,-76.02868652,3.92156863,0,0,-
Sun Nov 26 15:32:10 EST 2017,32:11.0,-76.02868165,36.763569,0,3,-36.40000153,0,8.31266785,2.10689759,4.55855989,-0.00234365,-,13.72549057,-0.02298453,0.83565199,0.19915071,0.364685,14.11764717,14.11764717,-,-,57.20000076,27.66358757,14.64881134,-,654,-,-119.4225769,36.76356888,-76.02867889,3.92156863,0,0,-
Sun Nov 26 15:32:11 EST 2017,32:12.0,-76.02868295,36.76356831,0,3,-36.59999847,0,8.08282471,1.72382522,4.32871675,-0.0063299,-,13.72549057,-0.02932243,0.82003236,0.22258021,0.36858991,14.11764717,14.11764717,-,-,57.20000076,27.66358757,14.64881134,-,688,-,-120.0787354,36.76356888,-76.02868652,3.92156863,0,0,-
Sun Nov 26 15:32:12 EST 2017,32:13.0,-76.02868392,36.76357004,0,3,-36.70000076,0,7.92959595,2.26012635,4.78840351,-0.00903672,-,13.72549057,-0.022922,0.82393724,0.21086545,0.38030469,14.11764717,14.11764717,-,-,57.20000076,27.66358757,14.64881134,-,649,-,-120.4068298,36.76356888,-76.02868652,3.92156863,0,0,-
Sun Nov 26 15:32:13 EST 2017,32:14.0,-76.02868295,36.76356861,0,3,-36.70000076,0,8.00621033,1.72382522,2.98796368,0.01217722,-,13.72549057,-0.02171245,0.82784218,0.19134088,0.3842096,14.11764717,14.11764717,-,-,57.20000076,27.66358757,14.64881134,-,673,-,-120.4068298,36.76356888,-76.02868652,3.92156863,0,0,-
Sun Nov 26 15:32:14 EST 2017,32:15.0,-76.02868265,36.76356928,0,3,-36.90000153,0,7.96790314,1.8770541,4.8267107,-0.01228958,-,13.72549057,0.00122754,0.83955687,0.24991462,0.3842096,14.11764717,14.11764717,-,-,57.20000076,27.66358757,14.64881134,-,656,-,-121.0629959,36.76356888,-76.02867889,3.92156863,0,0,-
Sun Nov 26 15:32:15 EST 2017,32:16.0,-76.02868351,36.76357052,0,3,-37.09999847,0,8.19774628,2.06859016,4.67348194,-0.01026493,-,13.72549057,-0.05096612,0.78488815,0.22258021,0.3842096,14.11764717,14.11764717,-,-,57.20000076,27.66358757,14.64881134,-,656,-,-121.7191544,36.76356888,-76.02868652,3.92156863,0,0,-
Sun Nov 26 15:32:16 EST 2017,32:17.0,-76.02868395,36.76357071,0,3,-37.40000153,0,8.00621033,1.99197578,4.71178913,-0.0031943,-,13.72549057,-0.0013666,0.82003236,0.24991462,0.411544,14.11764717,14.11764717,-,-,57.20000076,27.66358757,14.64881134,-,674,-,-122.7034149,36.76356888,-76.02868652,3.92156863,0,0,-
Sun Nov 26 15:32:17 EST 2017,32:18.0,-76.0286843,36.76357071,0,3,-37.40000153,0,8.46589756,2.64319873,4.75009632,0.04457396,-,13.72549057,0.02592441,0.86298645,0.26943922,0.3842096,14.11764717,14.11764717,-,-,57.20000076,27.66358757,14.64881134,-,673,-,-122.7034149,36.76356888,-76.02868652,3.92156863,0,0,-
Sun Nov 26 15:32:18 EST 2017,32:19.0,-76.02868458,36.76357018,0,3,-37.5,0,8.1211319,1.76213241,4.21379519,-0.031214,-,13.72549057,-0.04988949,0.82784218,0.17962612,0.32954079,14.11764717,14.11764717,-,-,57.20000076,27.66358757,14.64881134,-,670,-,-123.0314941,36.76356888,-76.02868652,3.92156863,0,0,-
Sun Nov 26 15:32:19 EST 2017,32:20.0,-76.02868454,36.76357009,0,3,-37.5,0,8.42759037,1.9153614,5.47793341,-0.01271725,-,13.72549057,0.04340761,0.85908157,0.1952458,0.45840299,14.11764717,14.11764717,-,-,57.20000076,27.66358757,14.64881134,-,657,-,-123.0314941,36.76356888,-76.02868652,3.92156863,0,0,-
Sun Nov 26 15:32:20 EST 2017,32:21.0,-76.02868464,36.76356983,0,3,-37.5,0,8.00621033,1.8770541,4.86501789,-0.00448505,-,13.72549057,-0.02569793,0.81612742,0.19134088,0.39592433,14.11764717,14.50980377,-,-,57.20000076,27.66358757,14.64881134,-,661,-,-123.0314941,36.76356888,-76.02868652,3.92156863,0,0,-
Sun Nov 26 15:32:21 EST 2017,32:22.0,-76.02868465,36.76356979,0,3,-37.5,0,8.00621033,1.83874691,4.86501789,-0.00779027,-,14.11764717,-0.01841138,0.82003236,0.21086545,0.39592433,14.11764717,14.11764717,-,-,57.20000076,27.66358757,14.64881134,-,673,-,-123.0314941,36.76356888,-76.02868652,3.92156863,0,0,-
Sun Nov 26 15:32:22 EST 2017,32:23.0,-76.02868468,36.76356971,0,3,-37.5,0,7.89128876,2.10689759,4.90332508,0.0001798,-,14.11764717,-0.00119858,0.83955687,0.21477039,0.39592433,14.11764717,14.11764717,-,-,57.20000076,27.66358757,14.64881134,-,663,-,-123.0314941,36.76356888,-76.02868652,3.92156863,0,0,-
Sun Nov 26 15:32:23 EST 2017,32:24.0,-76.02868467,36.76356966,0,3,-37.5,0,8.08282471,2.22181916,4.90332508,-0.00190516,-,14.11764717,-0.09265624,0.81612742,0.20305562,0.23972771,14.11764717,14.11764717,-,-,57.20000076,27.66358757,14.64881134,-,658,-,-123.0314941,36.76356888,-76.02868652,3.92156863,0,0,-
Sun Nov 26 15:32:23 EST 2017,32:25.0,-76.02868467,36.76356966,0,3,-37.5,0,7.73806,2.37504816,5.24809027,0.00236452,-,13.72549057,-0.04315218,0.84736669,0.18743597,0.30220634,14.11764717,14.11764717,-,-,57.20000076,27.66358757,14.64881134,-,658,-,-123.0314941,36.76356888,-76.02868652,3.92156863,0,0,-
