GPS Time, Device Time, Longitude, Latitude,GPS Speed (Meters/second), Horizontal Dilution of Precision, Altitude, Bearing, G(x), G(y), G(z), G(calibrated), 1/4 mile time(s),Absolute Throttle Position B(%),Acceleration Sensor(Total)(g),Accelerator PedalPosition F(%),Actual engine % torque(%),Ambient air temp(°F),Average trip speed(whilst moving only)(mph),Engine RPM(rpm),Fuel pressure(psi),GPS Altitude(ft),GPS Latitude(°),GPS Longitude(°),Relative Throttle Position(%),Speed (GPS)(mph),Speed (OBD)(mph),Torque(Nm)
Thu Nov 09 13:02:39 EST 2017,02:37.8,-76.30638423,36.94541445,0,9,-27.79999924,0,0.34476504,8.73404789,3.79241538,-0.00901437,-,-,-0.02840325,-,-,62.59999847,-,725,-,-91.20734406,36.9454155,-76.30638123,-,0,0,-
Thu Nov 09 13:02:40 EST 2017,02:39.9,-76.30638423,36.94541445,0,9,-27.79999924,0,0.5363012,8.58081913,4.09887314,-0.00161445,-,-,-0.01267646,-,-,62.59999847,-,681,-,-91.20734406,36.9454155,-76.30638123,-,0,0,-
Thu Nov 09 13:02:43 EST 2017,02:42.1,-76.30638251,36.94539848,0.5,4,-30.5,0,0.68953007,8.35097599,4.21379519,-0.02490938,-,-,-0.04358272,-,-,62.59999847,1.24274242,870,-,-100.0656204,36.94540024,-76.30638123,-,1.11846817,1.24274242,2.45952249
Thu Nov 09 13:02:50 EST 2017,02:49.4,-76.30631199,36.94537547,2.5,4,-33.20000076,97.3,-0.80445176,8.73404789,3.98395157,-0.00066373,-,-,-0.01772763,-,-,62.59999847,1.24274242,790,-,-108.9238892,36.94537735,-76.30631256,-,5.59234095,0,2.45952249
Thu Nov 09 13:02:52 EST 2017,02:51.4,-76.30622895,36.94538497,3.75,3,-34.09999847,76.8,-2.29843354,8.77235508,3.52426481,0.01007902,-,18.4313736,-0.00789709,-,-,64.40000153,1.24274242,1176,-,-111.8766327,36.94538498,-76.30622864,7.45098066,8.3885107,0,2.45952249
Thu Nov 09 13:02:54 EST 2017,02:53.7,-76.30617864,36.94545069,4.25,4,-34.29999924,25.4,0.19153613,8.42759037,4.63517427,-0.00036061,-,15.68627453,0.03598874,-,-,64.40000153,7.45645428,1511,-,-112.5328064,36.94544983,-76.30617523,7.05882359,9.50697899,13.67016602,-
Thu Nov 09 13:02:56 EST 2017,02:55.7,-76.30621244,36.94557964,5.5,3,-34.5,355.3,-0.80445176,8.6957407,4.06056595,-0.00475034,-,15.68627453,-0.00829706,-,-,64.40000153,8.49207306,955,-,-113.1889801,36.94557953,-76.30621338,6.66666698,12.30314922,10.56331062,-
Thu Nov 09 13:02:58 EST 2017,02:57.8,-76.30623742,36.9456405,3.75,3,-33.59999847,334.9,-1.95366859,9.11711979,3.06457806,0.03189493,-,24.70588303,-0.00646781,-,-,64.40000153,8.69919682,1471,-,-110.2362137,36.94564056,-76.30623627,16.47058868,8.3885107,9.32056808,-
Thu Nov 09 13:03:00 EST 2017,02:59.8,-76.30633986,36.94569465,5.75,4,-35.59999847,296.1,-0.22984336,8.84896946,2.9113493,-0.03110963,-,24.70588303,-0.0098986,-,-,62.59999847,10.19048691,1970,-,-116.7978973,36.94569397,-76.30634308,13.72549057,12.86238289,16.15565109,79.14390564
Thu Nov 09 13:03:03 EST 2017,03:02.1,-76.30662138,36.94568979,8.75,4,-35.40000153,268.5,-0.42137951,9.0788126,3.60087943,-0.01117874,-,18.8235302,-0.00820474,-,-,62.59999847,11.70249081,1482,-,-116.1417389,36.94569016,-76.30661774,10.1960783,19.5731926,19.26250648,62.41910172
Thu Nov 09 13:03:05 EST 2017,03:04.2,-76.30683052,36.94568172,9,4,-34.79999924,266.4,-0.03830723,8.84896946,2.7581203,-0.03615558,-,21.17647171,-0.05483279,-,-,62.59999847,12.87125969,1558,-,-114.1732254,36.94568253,-76.30683136,12.15686321,20.13242531,19.88387871,10.94236755
Thu Nov 09 13:03:07 EST 2017,03:06.4,-76.30703667,36.94567276,9.25,4,-34.59999847,266.2,-0.19153613,9.0788126,3.52426481,0.01193953,-,17.25490189,-0.03062017,-,-,62.59999847,13.82550907,1587,-,-113.5170593,36.94567108,-76.30703735,7.84313726,20.69165993,20.50524902,11.10842037
Thu Nov 09 13:03:09 EST 2017,03:08.5,-76.30724468,36.94566524,9.5,3,-33.70000076,264.9,0.03830723,8.88727665,3.02627087,-0.02587513,-,17.25490189,-0.04264196,-,-,62.59999847,14.63674355,1616,-,-110.5643082,36.94566345,-76.30724335,12.15686321,21.25089455,21.12662125,10.73076057
Thu Nov 09 13:03:11 EST 2017,03:10.8,-76.30746232,36.94565155,10.25,4,-33.20000076,263,0.19153613,9.00219822,2.94965649,-0.01514292,-,20.7843132,-0.01546231,-,-,62.59999847,15.34786892,1684,-,-108.9238892,36.94565201,-76.3074646,10.58823586,22.9285965,21.74799156,11.99454784
Thu Nov 09 13:03:13 EST 2017,03:12.8,-76.30769357,36.94562965,10.25,3,-34.29999924,265.4,0.30645782,8.77235508,3.29442143,-0.02528429,-,20.7843132,-0.04395778,-,-,62.59999847,16.09916306,1795,-,-112.5328064,36.94562912,-76.30769348,11.76470566,22.9285965,23.61210442,33.00965118
Thu Nov 09 13:03:15 EST 2017,03:14.9,-76.30793686,36.94561909,10.75,4,-34.79999924,266.1,-0.22984336,8.81066227,3.02627087,-0.01047325,-,17.64705849,-0.02914166,-,-,62.59999847,16.82880402,1454,-,-114.1732254,36.94561768,-76.30793762,9.01960754,24.04706573,24.85484695,32.81996155
Thu Nov 09 13:03:17 EST 2017,03:16.9,-76.30818087,36.94560959,11.25,4,-35.29999924,266.5,0.34476504,8.6957407,3.29442143,-0.03245097,-,17.64705849,-0.01735488,-,-,62.59999847,17.44619179,1454,-,-115.8136444,36.94561005,-76.30818176,9.01960754,25.16553307,24.85484695,32.81996155
Thu Nov 09 13:03:20 EST 2017,03:19.1,-76.30856075,36.94558707,11.25,4,-34.79999924,266.1,0.2681506,8.50420475,3.48595762,-0.04370624,-,16.86274529,-0.03416833,-,-,60.79999924,17.97538185,1458,-,-114.1732254,36.94558716,-76.30856323,9.4117651,25.16553307,24.85484695,-
Thu Nov 09 13:03:22 EST 2017,03:21.3,-76.3088109,36.94558078,11.25,4,-34.40000153,266.3,-0.15322891,8.77235508,3.86903,-0.01815586,-,15.68627453,-0.0222039,-,-,60.79999924,18.43401146,1423,-,-112.8609009,36.94557953,-76.30880737,6.66666698,25.16553307,24.85484695,-
Thu Nov 09 13:03:24 EST 2017,03:23.7,-76.30905141,36.94557489,10.75,4,-34.70000076,265.8,-0.03830723,9.11711979,3.67749381,-0.00301233,-,16.07843208,-0.01184228,-,-,60.79999924,18.75764275,1356,-,-113.8451462,36.94557571,-76.30905151,6.27450991,24.04706573,23.61210442,-
Thu Nov 09 13:03:26 EST 2017,03:25.9,-76.30928646,36.94556243,10.25,4,-34.59999847,265.8,-0.11492168,8.88727665,3.40934324,-0.01061463,-,16.86274529,-0.03940396,-,-,60.79999924,19.00664902,1328,-,-113.5170593,36.94556427,-76.30928802,7.45098066,22.9285965,22.9907341,-
Thu Nov 09 13:03:29 EST 2017,03:28.1,-76.30964352,36.94552969,10.5,4,-35.29999924,265.5,0.34476504,9.34696388,3.67749381,-0.000255,-,15.68627453,0.02484552,-,-,60.79999924,19.22798729,1324,-,-115.8136444,36.94552994,-76.30964661,5.88235283,23.48783112,22.9907341,-
Thu Nov 09 13:03:31 EST 2017,03:30.3,-76.30987143,36.94550581,10.5,4,-35.70000076,265.4,0.19153613,8.42759037,3.67749381,-0.02939674,-,14.90196133,-0.06216634,-,-,60.79999924,19.42602539,1325,-,-117.1259842,36.94550705,-76.30986786,5.09803915,23.48783112,22.9907341,-
Thu Nov 09 13:03:33 EST 2017,03:32.5,-76.31009277,36.94548589,10.25,5,-37,265.5,0.65122288,8.31266785,3.86903,-0.04399109,-,16.47058868,-0.06267097,-,-,60.79999924,19.54212379,1292,-,-121.3910751,36.94548416,-76.31008911,7.84313726,22.9285965,21.74799156,-
Thu Nov 09 13:03:35 EST 2017,03:34.5,-76.31031162,36.94548292,10,4,-36.79999924,266.8,-0.49799395,9.15542698,3.86903,0.03345925,-,16.47058868,0.02454766,-,-,60.79999924,19.6471653,1298,-,-120.7349091,36.94548416,-76.31031036,5.09803915,22.36936378,21.74799156,-
Thu Nov 09 13:03:37 EST 2017,03:36.8,-76.31052546,36.94547321,9.5,4,-37.29999924,266.3,0.03830723,9.19373417,3.29442143,0.01453912,-,14.50980377,-0.00412079,-,-,60.79999924,19.74265862,1243,-,-122.3753281,36.94547272,-76.31052399,5.09803915,21.25089455,21.74799156,-
Thu Nov 09 13:03:39 EST 2017,03:38.8,-76.31073082,36.94546236,9.5,4,-38,265.7,-0.07661445,8.61912632,3.33272886,-0.03896785,-,14.50980377,-0.05764603,-,-,60.79999924,19.80282974,1220,-,-124.6719132,36.94546127,-76.31072998,7.05882359,21.25089455,21.12662125,-
Thu Nov 09 13:03:41 EST 2017,03:41.0,-76.31094693,36.9454486,9.5,5,-38.20000076,264.9,0.11492168,8.46589756,3.56257224,-0.00872583,-,14.50980377,-0.06332225,-,-,60.79999924,19.88387871,1246,-,-125.3280869,36.94544983,-76.3109436,4.70588255,21.25089455,21.74799156,16.78133011
Thu Nov 09 13:03:43 EST 2017,03:43.0,-76.31116395,36.94544348,9.75,4,-37.90000153,265.4,0.45968673,8.65743351,3.48595762,-0.03587659,-,14.50980377,-0.05126363,-,-,60.79999924,19.90873337,1189,-,-124.3438339,36.9454422,-76.31116486,6.66666698,21.81012726,20.50524902,16.78133011
Thu Nov 09 13:03:46 EST 2017,03:45.1,-76.31146724,36.94541233,8.75,4,-36.90000153,265.3,0.34476504,8.73404789,4.67348194,-0.00577879,-,14.50980377,0.01072286,-,-,60.79999924,19.90777588,1092,-,-121.0629959,36.94541168,-76.31147003,3.92156863,19.5731926,19.88387871,-
Thu Nov 09 13:03:48 EST 2017,03:47.2,-76.31161933,36.94541824,6.5,4,-36.90000153,275.6,3.29442143,8.96389103,3.14119267,0.00204268,-,16.07843208,-0.01623748,-,-,60.79999924,19.69976807,1177,-,-121.0629959,36.94541931,-76.31162262,6.27450991,14.54008579,14.29153728,-
Thu Nov 09 13:03:50 EST 2017,03:49.4,-76.31174293,36.94544347,5.5,5,-36.29999924,288.7,2.79642749,8.42759037,2.14520478,-0.04981875,-,22.35294151,-0.06500171,-,-,60.79999924,19.4844265,1208,-,-119.0944824,36.9454422,-76.31174469,14.11764717,12.30314922,13.67016602,-
Thu Nov 09 13:03:52 EST 2017,03:51.6,-76.31176358,36.94563027,8,3,-35.70000076,351.8,-0.19153613,8.84896946,3.14119267,-0.01041225,-,22.35294151,-0.04229138,-,-,60.79999924,19.43391991,1394,-,-117.1259842,36.94562912,-76.31175995,10.98039246,17.89549065,18.01976395,70.73106384
Thu Nov 09 13:03:54 EST 2017,03:53.7,-76.31178394,36.94578933,8.75,4,-34.79999924,357.2,0.03830723,9.53849983,3.48595762,0.05423003,-,20.7843132,0.03558364,-,-,60.79999924,19.4696312,1566,-,-114.1732254,36.94578934,-76.31178284,12.54901981,19.5731926,20.50524902,52.359375
Thu Nov 09 13:03:56 EST 2017,03:56.0,-76.31180791,36.94597075,9.75,4,-34.79999924,354,-0.38307226,9.19373417,3.02627087,-0.00838578,-,20.3921566,-0.0122439,-,-,60.79999924,19.54312515,1671,-,-114.1732254,36.94597244,-76.31180573,10.58823586,21.81012726,21.74799156,21.9582653
Thu Nov 09 13:03:59 EST 2017,03:58.3,-76.3118386,36.94623893,10,3,-33.5,356.2,-0.15322891,8.54251194,3.14119267,-0.05306673,-,17.64705849,-0.07174973,-,-,60.79999924,19.63144684,1709,-,-109.9081345,36.94623947,-76.31183624,7.05882359,22.36936378,22.36936378,11.13639641
Thu Nov 09 13:04:01 EST 2017,04:00.4,-76.31184949,36.94641181,9.75,3,-34.70000076,355.9,0.15322891,9.30865574,3.14119267,0.02058619,-,17.64705849,-0.07625653,-,-,60.79999924,19.69558334,1652,-,-113.8451462,36.94641113,-76.3118515,12.94117641,21.81012726,21.74799156,11.13639641
Thu Nov 09 13:04:03 EST 2017,04:02.5,-76.31186144,36.9465876,10,3,-34.59999847,355.5,0.80445176,7.69975281,3.29442143,-0.12335742,-,17.64705849,0.05995502,-,-,60.79999924,19.77422523,1726,-,-113.5170593,36.94658661,-76.31185913,10.1960783,22.36936378,22.36936378,11.19339848
Thu Nov 09 13:04:05 EST 2017,04:04.6,-76.31188326,36.9467758,10.5,4,-34.09999847,353.8,0.07661445,8.65743351,3.86903,-0.03005281,-,16.47058868,-0.03300783,-,-,60.79999924,19.84837151,1712,-,-111.8766327,36.94677734,-76.31188202,6.66666698,23.48783112,22.36936378,11.19339848
Thu Nov 09 13:04:07 EST 2017,04:06.6,-76.3118879,36.94694127,9,3,-33.59999847,356.2,-0.07661445,8.84896946,3.83072281,0.00465894,-,16.47058868,-0.02420343,-,-,60.79999924,19.8666172,1566,-,-110.2362137,36.94694138,-76.31188965,5.88235283,20.13242531,20.50524902,-
Thu Nov 09 13:04:09 EST 2017,04:08.7,-76.31190244,36.94710056,8.5,3,-34.20000076,356.2,0.19153613,8.61912632,4.06056595,-0.01213007,-,14.90196133,-0.02824621,-,-,60.79999924,19.83349609,1456,-,-112.2047272,36.94710159,-76.31190491,5.09803915,19.01395798,18.64113617,-
Thu Nov 09 13:04:11 EST 2017,04:10.7,-76.31191855,36.94724373,7.5,3,-33.90000153,355.7,0.19153613,8.88727665,3.94564438,-0.00230978,-,14.90196133,-0.00825859,-,-,60.79999924,19.72035789,1185,-,-111.2204742,36.94724274,-76.31192017,4.31372547,16.77702141,15.53427982,-
Thu Nov 09 13:04:13 EST 2017,04:12.8,-76.31193222,36.94735668,6,3,-33.09999847,356.1,0.45968673,8.1211319,4.55855989,-0.03049988,-,14.90196133,-0.02274245,-,-,60.79999924,19.54929352,1021,-,-108.5957947,36.94735718,-76.31193542,3.92156863,13.42161655,13.04879475,-
Thu Nov 09 13:04:16 EST 2017,04:15.0,-76.31194758,36.94748807,4,3,-33,356.2,0.49799395,8.61912632,3.94564438,-0.00829615,-,13.72549057,-0.03204575,-,-,60.79999924,19.29357529,841,-,-108.2677155,36.94748688,-76.31195068,3.92156863,8.94774532,9.32056808,-
Thu Nov 09 13:04:18 EST 2017,04:17.1,-76.31194884,36.94754295,2.5,3,-33.40000153,2,-0.15322891,9.19373417,3.79241538,0.01862406,-,13.72549057,0.01764378,-,-,60.79999924,18.97455406,848,-,-109.5800552,36.9475441,-76.31195068,3.92156863,5.59234095,6.21371174,-
Thu Nov 09 13:04:20 EST 2017,04:19.1,-76.31194158,36.94756822,1.5,4,-33,11.6,0.11492168,8.77235508,3.75410819,-0.01167843,-,13.72549057,-0.02692811,-,-,60.79999924,18.61154747,1233,-,-108.2677155,36.94756699,-76.31194305,4.31372547,3.35540414,3.72822714,-
Thu Nov 09 13:04:22 EST 2017,04:21.2,-76.31193758,36.94757122,0,3,-32.90000153,0,0.03830723,8.88727665,3.33272886,-0.01344723,-,13.72549057,-0.03071461,-,-,60.79999924,18.61154747,688,-,-107.9396362,36.9475708,-76.31193542,4.31372547,0,0,-
Thu Nov 09 13:04:24 EST 2017,04:23.4,-76.31193223,36.94756997,0,3,-32.70000076,0,-0.07661445,9.38527107,1.57059634,-0.01096034,-,19.2156868,-0.02962894,-,-,60.79999924,18.61154747,717,-,-107.2834702,36.9475708,-76.31193542,8.23529434,0,0,-
Thu Nov 09 13:04:26 EST 2017,04:25.6,-76.31193027,36.94760098,2.25,4,-31.20000076,21.3,1.83874691,9.95987892,1.37906015,0.01307198,-,23.52941132,0.04231751,-,-,60.79999924,18.30877495,1579,-,-102.3622055,36.94760132,-76.3119278,15.68627453,5.03310633,5.59234095,27.64378166
Thu Nov 09 13:04:28 EST 2017,04:27.7,-76.31185063,36.94764171,4.5,4,-31.79999924,59.2,-0.2681506,8.46589756,2.06859016,0.02858452,-,23.52941132,-0.05068481,-,-,60.79999924,18.16098404,1775,-,-104.3307037,36.94764328,-76.3118515,16.07843208,10.06621265,11.80605221,56.31047821
Thu Nov 09 13:04:31 EST 2017,04:30.1,-76.31159468,36.9476563,8.25,3,-30.20000076,87.5,-0.30645782,8.96389103,3.06457806,-0.01481932,-,23.52941132,-0.03642226,-,-,60.79999924,18.14403915,1743,-,-99.08136749,36.94765472,-76.3115921,16.07843208,18.45472336,17.39839363,81.9835968
Thu Nov 09 13:04:33 EST 2017,04:32.1,-76.31138222,36.94766958,9.25,4,-30,87.2,-0.22984336,9.04050541,3.33272886,-0.01011726,-,23.52941132,-0.02431289,-,-,60.79999924,18.19536972,1600,-,-98.42519379,36.94766998,-76.31137848,9.8039217,20.69165993,20.50524902,50.0680542
Thu Nov 09 13:04:35 EST 2017,04:34.1,-76.31115605,36.94767805,10,4,-30,85.6,0,8.61912632,4.13718033,-0.01473388,-,23.52941132,-0.02508734,-,-,60.79999924,18.28417778,1695,-,-98.42519379,36.94767761,-76.31115723,7.05882359,22.36936378,22.36936378,38.06540298
Thu Nov 09 13:04:37 EST 2017,04:36.2,-76.31093063,36.94768824,10,4,-29.89999962,86.4,-0.15322891,9.00219822,3.17949986,-0.01259884,-,23.52941132,-0.03977732,-,-,60.79999924,18.35634041,1705,-,-98.09711456,36.94768906,-76.31092834,11.76470566,22.36936378,21.74799156,38.06540298
Thu Nov 09 13:04:39 EST 2017,04:38.4,-76.3106965,36.94769942,10.5,4,-30.60000038,86.3,0.30645782,8.81066227,3.37103605,-0.0179489,-,21.17647171,-0.08100118,-,-,60.79999924,18.4509201,1766,-,-100.3936997,36.9477005,-76.31069946,14.11764717,23.48783112,22.9907341,24.96963692
Thu Nov 09 13:04:41 EST 2017,04:40.6,-76.31044554,36.94771294,11,4,-31.20000076,86.5,-0.03830723,8.38928318,3.21780705,-0.06506616,-,19.6078434,-0.08375322,-,-,60.79999924,18.57899857,1432,-,-102.3622055,36.94771194,-76.31044769,10.58823586,24.60629845,24.85484695,44.76654434
Thu Nov 09 13:04:43 EST 2017,04:42.7,-76.3101931,36.94772895,11.5,5,-31.39999962,86.4,0.11492168,8.38928318,3.79241538,-0.04243004,-,15.29411793,0.00071691,-,-,60.79999924,18.72642136,1486,-,-103.0183716,36.9477272,-76.31019592,5.88235283,25.72476578,26.09758949,29.6701889
Thu Nov 09 13:04:45 EST 2017,04:44.9,-76.30993959,36.94775265,11.25,5,-30.79999924,85.4,-0.11492168,9.0788126,3.60087943,-0.01199152,-,15.29411793,-0.00399051,-,-,60.79999924,18.84427643,1433,-,-101.0498657,36.94775391,-76.30993652,9.4117651,25.16553307,24.85484695,29.6701889
Thu Nov 09 13:04:48 EST 2017,04:47.1,-76.30956757,36.94777042,10.75,4,-31.89999962,86.1,0.45968673,8.73404789,3.63918662,-0.01486798,-,15.29411793,-0.05656981,-,-,60.79999924,18.94595909,1397,-,-104.6587906,36.94776917,-76.30957031,5.49019623,24.04706573,24.23347664,-
Thu Nov 09 13:04:50 EST 2017,04:49.3,-76.30933783,36.94776967,10,4,-31.89999962,86.6,-0.07661445,8.92558384,3.60087943,0.00012904,-,14.50980377,-0.01853574,-,-,60.79999924,19.00935555,1259,-,-104.6587906,36.94776917,-76.30934143,4.70588255,22.36936378,22.36936378,-
Thu Nov 09 13:04:52 EST 2017,04:51.5,-76.30912573,36.94777621,9.25,4,-30.60000038,86.8,0,9.11711979,3.21780705,-0.0224006,-,19.2156868,-0.07343619,-,-,60.79999924,19.03655434,1186,-,-100.3936997,36.94777679,-76.30912781,9.4117651,20.69165993,20.50524902,-
Thu Nov 09 13:04:54 EST 2017,04:53.6,-76.30890394,36.94778832,9.75,3,-30.29999924,86.7,0.07661445,8.6957407,3.63918662,-0.02005738,-,14.50980377,-0.02389855,-,-,60.79999924,19.08497238,1250,-,-99.40944672,36.94778824,-76.30890656,5.09803915,21.81012726,21.74799156,31.18144608
Thu Nov 09 13:04:56 EST 2017,04:55.6,-76.30868703,36.94779826,9.75,4,-30.39999962,86.5,0,8.84896946,3.02627087,-0.01318198,-,14.50980377,-0.04308036,-,-,60.79999924,19.12079048,1220,-,-99.73753357,36.94779968,-76.3086853,7.05882359,21.81012726,21.12662125,31.18144608
Thu Nov 09 13:04:58 EST 2017,04:57.8,-76.30848,36.94781111,9.5,4,-30.39999962,86.3,0.03830723,8.65743351,3.40934324,-0.03251529,-,16.86274529,-0.06914792,-,-,60.79999924,19.15537453,1222,-,-99.73753357,36.94781113,-76.30847931,7.45098066,21.25089455,21.12662125,-
Thu Nov 09 13:05:00 EST 2017,05:00.0,-76.30826889,36.94783065,9.75,4,-30.20000076,86.4,-0.22984336,9.42357826,3.37103605,0.03949136,-,18.4313736,-0.04809248,-,-,60.79999924,19.19931793,1252,-,-99.08136749,36.9478302,-76.30826569,9.4117651,21.81012726,21.74799156,14.3958149
Thu Nov 09 13:05:03 EST 2017,05:02.2,-76.30793269,36.94783964,10.5,4,-30.89999962,86,0.38307226,8.77235508,3.52426481,-0.0165174,-,18.8235302,-0.03518788,-,-,60.79999924,19.26250648,1416,-,-101.3779526,36.94783783,-76.30792999,10.98039246,23.48783112,22.9907341,28.2921505
Thu Nov 09 13:05:05 EST 2017,05:04.2,-76.30768897,36.94785424,11,5,-30.60000038,85.9,0.34476504,9.04050541,3.25611424,-0.00085837,-,18.8235302,-0.01952347,-,-,60.79999924,19.34399796,1401,-,-100.3936997,36.94785309,-76.30768585,10.98039246,24.60629845,24.23347664,28.89873505
Thu Nov 09 13:05:07 EST 2017,05:06.4,-76.30743206,36.94784935,11.5,4,-30.29999924,89.2,0.15322891,8.58081913,3.60087943,-0.03227413,-,16.47058868,-0.0507169,-,-,60.79999924,19.44290543,1456,-,-99.40944672,36.94784927,-76.30743408,5.88235283,25.72476578,25.47621918,33.99232864
Thu Nov 09 13:05:09 EST 2017,05:08.6,-76.30718198,36.94786354,11,4,-30.29999924,88.6,0.07661445,8.6957407,4.09887314,-0.00101388,-,15.29411793,-0.03521951,-,-,60.79999924,19.51894569,1427,-,-99.40944672,36.94786453,-76.30718231,5.49019623,24.60629845,24.23347664,33.99232864
Thu Nov 09 13:05:11 EST 2017,05:10.9,-76.30693574,36.9478892,10.5,3,-29.60000038,87.3,0.15322891,8.58081913,4.175488,0.00097517,-,14.50980377,-0.01386726,-,-,60.79999924,19.5731926,1321,-,-97.11286163,36.94788742,-76.30693817,4.70588255,23.48783112,22.9907341,-
Thu Nov 09 13:05:14 EST 2017,05:13.1,-76.30662693,36.94790052,8.5,4,-29.39999962,86.6,0.19153613,8.08282471,4.02225876,-0.06047457,-,14.11764717,-0.03392342,-,-,60.79999924,19.56841278,1101,-,-96.45669556,36.94789886,-76.30662537,3.92156863,19.01395798,19.26250648,-
Thu Nov 09 13:05:16 EST 2017,05:15.3,-76.30646069,36.94790815,7,3,-29,86.7,0.11492168,8.58081913,4.06056595,-0.05332448,-,14.11764717,-0.10703091,-,-,60.79999924,19.50728989,1203,-,-95.14435577,36.94790649,-76.30645752,4.31372547,15.65855312,15.53427982,-
Thu Nov 09 13:05:18 EST 2017,05:17.4,-76.30633511,36.9479183,5,4,-28.79999924,86.8,0.07661445,8.6957407,3.63918662,-0.00539533,-,14.11764717,-0.02429725,-,-,60.79999924,19.37379646,908,-,-94.4881897,36.94791794,-76.30633545,3.52941179,11.18468189,10.56331062,-
Thu Nov 09 13:05:20 EST 2017,05:19.7,-76.30626128,36.94791873,3,4,-28.29999924,87,0.9576807,8.42759037,4.55855989,0.00057191,-,13.33333397,-0.04545129,-,-,60.79999924,19.18026733,793,-,-92.84776306,36.94791794,-76.30625916,3.52941179,6.71080828,6.21371174,-
Thu Nov 09 13:05:22 EST 2017,05:21.9,-76.30621867,36.94791515,1.5,4,-27.89999962,90.4,-0.2681506,9.69172859,0.8810662,0.00903988,-,19.6078434,-0.0072667,-,-,60.79999924,18.92930794,655,-,-91.53543091,36.94791412,-76.30622101,7.84313726,3.35540414,1.86411357,-
Thu Nov 09 13:05:25 EST 2017,05:24.1,-76.30616521,36.94789623,2.75,4,-27.70000076,109.5,2.10689759,9.42357826,1.72382522,0.01888728,-,24.70588303,0.00022892,-,-,60.79999924,18.73877907,1463,-,-90.87926483,36.94789505,-76.3061676,16.47058868,6.15157461,5.59234095,19.53106689
Thu Nov 09 13:05:27 EST 2017,05:26.3,-76.3060786,36.94781916,5.75,4,-29.10000038,145.3,0.99598789,9.11711979,1.8770541,-0.00691124,-,26.27450943,-0.01945338,-,-,60.79999924,18.64988708,1864,-,-95.47244263,36.94781876,-76.30607605,18.4313736,12.86238289,12.42742348,62.34037781
Thu Nov 09 13:05:31 EST 2017,05:30.7,-76.30605286,36.94750819,9.25,4,-28.89999962,176.9,-0.19153613,8.73404789,3.02627087,-0.03489624,-,26.27450943,-0.05722513,-,-,60.79999924,18.64988708,1521,-,-94.81626892,36.94750977,-76.30605316,18.4313736,20.69165993,20.50524902,62.34037781
Thu Nov 09 13:05:33 EST 2017,05:33.0,-76.30603013,36.94733481,9.75,4,-28.79999924,174.5,0.07661445,8.92558384,3.10288548,-0.00184198,-,26.27450943,-0.02157209,-,-,60.79999924,18.68428612,1621,-,-94.4881897,36.94733429,-76.30603027,18.4313736,21.81012726,21.12662125,-
Thu Nov 09 13:05:36 EST 2017,05:35.4,-76.30600993,36.94708428,9.25,4,-29.60000038,176.1,0.34476504,8.88727665,4.5202527,0.0201149,-,14.90196133,0.00009923,-,-,60.79999924,18.71774292,1612,-,-97.11286163,36.94708252,-76.30600739,5.49019623,20.69165993,21.12662125,-
Thu Nov 09 13:05:38 EST 2017,05:37.4,-76.30599966,36.94695239,7,4,-30.39999962,176,-0.15322891,9.23204136,2.56658411,-0.01187657,-,14.90196133,-0.02276591,-,-,60.79999924,18.66632652,1110,-,-99.73753357,36.94695282,-76.30599976,12.15686321,15.65855312,14.91290855,-
Thu Nov 09 13:05:40 EST 2017,05:39.5,-76.30599248,36.94682154,7.25,3,-31.39999962,175.7,0.38307226,8.84896946,3.56257224,-0.00782162,-,14.90196133,-0.02648914,-,-,60.79999924,18.64113617,1382,-,-103.0183716,36.94682312,-76.30599213,5.49019623,16.21778679,16.77702141,32.31262589
Thu Nov 09 13:05:42 EST 2017,05:41.5,-76.30598153,36.94667873,7.75,3,-32,177.2,0,9.00219822,4.36702394,0.03893083,-,14.90196133,0.04902996,-,-,60.79999924,18.61660767,1270,-,-104.9868774,36.94667816,-76.3059845,5.09803915,17.33625603,16.77702141,32.31262589
Thu Nov 09 13:05:44 EST 2017,05:43.6,-76.30598995,36.94654513,7.25,4,-32.20000076,182.5,0.07661445,7.81467438,5.20978308,-0.00155579,-,14.50980377,-0.04224358,-,-,60.79999924,18.58464622,1244,-,-105.6430435,36.94654465,-76.30599213,4.70588255,16.21778679,16.15565109,-
Thu Nov 09 13:05:46 EST 2017,05:45.7,-76.30598782,36.94643344,6,4,-32.90000153,177.4,-0.22984336,8.88727665,2.60489154,-0.03665602,-,20.7843132,-0.06722382,-,-,60.79999924,18.4977417,944,-,-107.9396362,36.94643402,-76.3059845,8.62745094,13.42161655,11.80605221,-
Thu Nov 09 13:05:48 EST 2017,05:47.9,-76.30598342,36.94633686,5.5,4,-33,176.8,-0.03830723,8.92558384,2.9113493,-0.01800859,-,20,-0.03574949,-,-,60.79999924,18.42876816,1712,-,-108.2677155,36.94633865,-76.3059845,11.37254906,12.30314922,13.04879475,12.40433502
Thu Nov 09 13:05:51 EST 2017,05:50.1,-76.30597073,36.94614139,7.75,4,-33.29999924,175.5,0.45968673,8.81066227,3.33272886,-0.01962113,-,17.64705849,-0.03829267,-,-,60.79999924,18.40812111,1394,-,-109.2519684,36.94614029,-76.30596924,8.23529434,17.33625603,16.77702141,63.94857025
Thu Nov 09 13:05:53 EST 2017,05:52.2,-76.30595636,36.94600154,7.75,4,-33.29999924,175.2,0.42137951,8.73404789,3.90733719,-0.00470072,-,17.64705849,-0.02336719,-,-,60.79999924,18.38798523,1280,-,-109.2519684,36.94600296,-76.30595398,5.09803915,17.33625603,16.77702141,63.94857025
Thu Nov 09 13:05:55 EST 2017,05:54.5,-76.30594778,36.9458788,6.5,4,-33.90000153,176.1,0.65122288,8.08282471,3.52426481,-0.0676267,-,13.33333397,-0.09839214,-,-,60.79999924,18.33802795,1099,-,-111.2204742,36.94587708,-76.30594635,3.92156863,14.54008579,14.29153728,-
Thu Nov 09 13:05:57 EST 2017,05:56.5,-76.30593694,36.94578713,5,4,-33.79999924,177.4,-0.03830723,9.27034855,2.71981311,0.00382876,-,13.33333397,-0.01483482,-,-,60.79999924,18.24435616,1192,-,-110.8923874,36.94578552,-76.30593872,12.54901981,11.18468189,10.56331062,-
Thu Nov 09 13:05:59 EST 2017,05:58.5,-76.30593591,36.94568069,6.25,3,-33.40000153,178.3,-0.03830723,9.11711979,2.9113493,-0.0053882,-,13.33333397,-0.02608176,-,-,60.79999924,18.19729996,1693,-,-109.5800552,36.94568253,-76.30593872,10.58823586,13.98085213,14.29153728,46.83377457
Thu Nov 09 13:06:01 EST 2017,06:00.6,-76.30593269,36.94555018,7.5,4,-33.70000076,177.6,-0.11492168,9.19373417,3.67749381,0.00731215,-,17.64705849,0.00978635,-,-,60.79999924,18.18058968,1268,-,-110.5643082,36.94554901,-76.30593109,8.23529434,16.77702141,16.77702141,51.3025589
Thu Nov 09 13:06:03 EST 2017,06:02.7,-76.30592101,36.94541255,7.75,4,-34,177.1,0.11492168,8.65743351,3.14119267,-0.00812995,-,17.64705849,-0.06080069,-,-,60.79999924,18.17149544,1334,-,-111.5485535,36.94541168,-76.30592346,9.4117651,17.33625603,17.39839363,11.31088638
Thu Nov 09 13:06:05 EST 2017,06:04.9,-76.30590611,36.94527235,8,4,-34,173.5,0.38307226,8.54251194,4.55855989,0.00679713,-,14.11764717,-0.03553593,-,-,60.79999924,18.1626091,1265,-,-111.5485535,36.94527054,-76.3059082,4.70588255,17.89549065,17.39839363,11.31088638
Thu Nov 09 13:06:08 EST 2017,06:07.2,-76.30587723,36.94509965,5.75,4,-32.90000153,175.6,0,9.99818611,3.715801,0.03586112,-,19.2156868,0.10349315,-,-,60.79999924,18.0974369,918,-,-107.9396362,36.94509888,-76.30587769,6.27450991,12.86238289,12.42742348,-
Thu Nov 09 13:06:10 EST 2017,06:09.3,-76.30587315,36.94499897,6.5,3,-33.70000076,176.1,0.34476504,9.19373417,2.10689759,-0.00276227,-,19.2156868,-0.02853681,-,-,60.79999924,18.05467224,2073,-,-110.5643082,36.94499969,-76.30587006,21.96078491,14.54008579,14.29153728,16.53012085
Thu Nov 09 13:06:12 EST 2017,06:11.3,-76.30586438,36.94483549,9.5,3,-33.20000076,177.5,1.64721072,9.69172859,2.22181916,0.01669323,-,19.2156868,0.02773727,-,-,60.79999924,18.08880615,1772,-,-108.9238892,36.94483566,-76.30586243,15.68627453,21.25089455,21.12662125,121.1487656
Thu Nov 09 13:06:14 EST 2017,06:13.3,-76.30590371,36.94463536,11.5,4,-33.5,191.1,4.63517427,7.62313843,4.55855989,0.08800796,-,19.2156868,0.10026663,-,-,60.79999924,18.16315842,1715,-,-109.9081345,36.94463348,-76.30590057,4.70588255,25.72476578,24.85484695,82.75930786
Thu Nov 09 13:06:16 EST 2017,06:15.4,-76.306038,36.94452603,8,3,-34.90000153,227.9,4.67348194,10.6111021,2.98796368,-0.02530659,-,19.2156868,0.2209578,-,-,60.79999924,18.14809227,931,-,-114.5013199,36.94452667,-76.3060379,15.68627453,17.89549065,16.77702141,82.75930786
Thu Nov 09 13:06:18 EST 2017,06:17.6,-76.3062376,36.94451956,9,3,-35.20000076,270.1,0.15322891,9.57680702,2.29843354,0.0230723,-,47.45098114,0.0044153,-,-,60.79999924,18.18011856,1708,-,-115.4855652,36.94451904,-76.30623627,40.39215851,20.13242531,21.12662125,82.90818787
Thu Nov 09 13:06:20 EST 2017,06:19.8,-76.30650697,36.9445253,12.75,3,-33.70000076,270.9,-0.03830723,6.7803793,1.53228903,-0.0721354,-,34.50980377,0.0099375,-,-,60.79999924,18.31061935,2272,-,-110.5643082,36.94452667,-76.3065033,28.62745094,28.52093697,30.44718933,170.1053619
Thu Nov 09 13:06:23 EST 2017,06:22.3,-76.30702379,36.94452672,15.75,4,-32.40000153,269.9,0.2681506,9.34696388,2.29843354,0.00623924,-,48.62745285,-0.03410519,-,-,60.79999924,18.49724007,2115,-,-106.2992172,36.94452667,-76.30702209,43.92156982,35.23174286,36.03952789,129.719223
Thu Nov 09 13:06:25 EST 2017,06:24.5,-76.30741309,36.94452933,17.5,4,-31.89999962,271,-0.30645782,8.92558384,2.37504816,-0.03897595,-,40.7843132,-0.05765412,-,-,60.79999924,18.73822594,2348,-,-104.6587906,36.94453049,-76.30741119,46.27450943,39.14638519,41.63187027,122.6023483
Thu Nov 09 13:06:27 EST 2017,06:26.6,-76.30788291,36.94451662,20.5,4,-31.20000076,269.3,0.22984336,8.08282471,3.44765043,-0.08493453,-,40.7843132,-0.09398575,-,-,60.79999924,19.02548981,2654,-,-102.3622055,36.94451523,-76.30788422,11.76470566,45.85719299,46.60284042,118.8212891
Thu Nov 09 13:06:29 EST 2017,06:28.6,-76.30834945,36.9445094,19.75,3,-31.89999962,268.1,-0.57460839,8.50420475,2.18351197,-0.08407557,-,40.7843132,0.023989,-,-,60.79999924,19.25616646,1858,-,-104.6587906,36.9445076,-76.30834961,43.52941132,44.17948914,41.63187027,118.8212891
Thu Nov 09 13:06:31 EST 2017,06:30.7,-76.30877749,36.94448596,19.5,3,-33,264.4,0.84275901,9.15542698,2.45166254,-0.05074468,-,40.7843132,-0.02969982,-,-,60.79999924,19.51984215,1977,-,-108.2677155,36.94448471,-76.30877686,22.74509811,43.62025452,45.36009598,124.365242
Thu Nov 09 13:06:33 EST 2017,06:32.8,-76.30925696,36.94444477,21.5,3,-33.40000153,264.2,0.68953007,9.04050541,3.25611424,0.00103003,-,40.7843132,-0.04050853,-,-,60.79999924,19.80931282,2081,-,-109.5800552,36.94444656,-76.30925751,7.45098066,48.09413147,48.46695328,109.613945
Thu Nov 09 13:06:35 EST 2017,06:35.0,-76.30973707,36.94442142,21.5,3,-35.40000153,265,-0.76614451,7.66144562,3.17949986,-0.13183564,-,18.4313736,-0.15054554,-,-,60.79999924,20.08690071,1683,-,-116.1417389,36.94441986,-76.30973816,9.4117651,48.09413147,47.84558105,109.613945
Thu Nov 09 13:06:38 EST 2017,06:37.1,-76.310457,36.94436537,21.25,3,-35.79999924,263.5,0.49799395,8.35097599,3.79241538,-0.04468286,-,18.4313736,-0.0627197,-,-,60.79999924,20.35904503,1638,-,-117.4540634,36.94436646,-76.31045532,5.49019623,47.53489685,47.84558105,-
Thu Nov 09 13:06:40 EST 2017,06:39.3,-76.31091477,36.94433178,20.5,3,-35.90000153,265.1,-0.19153613,9.00219822,2.79642749,-0.03567018,-,23.52941132,-0.04275353,-,-,60.79999924,20.60780525,1580,-,-117.7821579,36.94433212,-76.31091309,14.50980377,45.85719299,45.9814682,-
Thu Nov 09 13:06:42 EST 2017,06:41.3,-76.31138543,36.94430071,21,3,-36.5,266,0,8.73404789,3.21780705,-0.03217775,-,23.52941132,-0.04984132,-,-,60.79999924,20.86373329,1667,-,-119.7506561,36.94430161,-76.31138611,13.33333397,46.97566223,47.22420883,47.24560547
Thu Nov 09 13:06:44 EST 2017,06:43.4,-76.31186937,36.94426774,21.5,4,-37.5,266,0.30645782,8.38928318,3.67749381,-0.04674524,-,23.52941132,-0.06542606,-,-,60.79999924,21.12070084,1723,-,-123.0314941,36.94426727,-76.31186676,10.98039246,48.09413147,47.84558105,26.15133476
Thu Nov 09 13:06:46 EST 2017,06:45.6,-76.31235976,36.94424125,21.75,4,-38.59999847,265.7,0.03830723,8.50420475,3.75410819,-0.02080679,-,18.8235302,-0.05206808,-,-,60.79999924,21.378685,1683,-,-126.6404114,36.94424057,-76.31236267,10.1960783,48.65336227,48.46695328,26.65476608
Thu Nov 09 13:06:48 EST 2017,06:47.8,-76.31284625,36.94421531,21.75,4,-39,265.9,1.26413846,9.19373417,4.55855989,0.07296568,-,16.07843208,0.0543257,-,-,60.79999924,21.62603951,1656,-,-127.9527588,36.94421387,-76.31284332,5.88235283,48.65336227,47.84558105,26.65476608
Thu Nov 09 13:06:50 EST 2017,06:49.8,-76.3133193,36.94418874,21,4,-39,266.1,0.42137951,8.92558384,3.715801,0.00813426,-,16.07843208,-0.01318661,-,-,60.79999924,21.85730743,1605,-,-127.9527588,36.94418716,-76.31331635,6.27450991,46.97566223,46.60284042,-
Thu Nov 09 13:06:52 EST 2017,06:52.0,-76.31378343,36.94416444,20.5,3,-39.59999847,266.1,0.2681506,8.96389103,3.79241538,-0.00407002,-,15.68627453,-0.03927689,-,-,60.79999924,22.07292747,1587,-,-129.9212494,36.94416428,-76.31378174,6.27450991,45.85719299,45.36009598,-
Thu Nov 09 13:06:52 EST 2017,06:54.1,-76.31378343,36.94416444,20.5,3,-39.59999847,266.1,-0.07661445,8.58081913,4.29040956,0.01868838,-,15.68627453,0.01582779,-,-,60.79999924,22.26768494,1495,-,-129.9212494,36.94416428,-76.31378174,5.49019623,45.85719299,43.49598312,-
Thu Nov 09 13:06:57 EST 2017,06:56.3,-76.31486915,36.94410148,17.75,3,-40.59999847,265.8,0.22984336,8.23605347,5.13316822,0.01040728,-,14.50980377,-0.02907094,-,-,60.79999924,22.42534256,1392,-,-133.2020874,36.94410324,-76.31487274,4.70588255,39.705616,39.76775742,-
Thu Nov 09 13:07:00 EST 2017,06:59.3,-76.31537593,36.94407996,14,4,-41.40000153,268.1,0.57460839,8.19774628,5.74608421,0.0411709,-,14.11764717,0.0240784,-,-,60.79999924,22.51361084,1459,-,-135.8267822,36.94408035,-76.31537628,4.70588255,31.31710625,32.31130219,-
Thu Nov 09 13:07:02 EST 2017,07:01.4,-76.31556511,36.944059,8.25,4,-40,265.7,0.42137951,8.31266785,4.8267107,-0.00020516,-,13.72549057,-0.00254377,-,-,60.79999924,22.48483849,1186,-,-131.2335968,36.94405746,-76.31556702,3.92156863,18.45472336,19.26250648,-
Thu Nov 09 13:07:04 EST 2017,07:03.4,-76.31568279,36.94405907,5,4,-39.59999847,265.9,0.15322891,8.73404789,3.83072281,-0.00868374,-,13.72549057,-0.02735159,-,-,60.79999924,22.38026428,843,-,-129.9212494,36.94405746,-76.31568146,3.52941179,11.18468189,10.56331062,-
Thu Nov 09 13:07:07 EST 2017,07:06.1,-76.31580775,36.94404736,3.75,4,-39.90000153,266.2,0.15322891,8.96389103,3.25611424,-0.00980281,-,13.72549057,-0.02737513,-,-,60.79999924,22.25589371,961,-,-130.9055176,36.94404602,-76.31581116,3.52941179,8.3885107,8.07782555,-
Thu Nov 09 13:07:11 EST 2017,07:10.5,-76.31601648,36.94404268,5,4,-40.70000076,265.6,0,8.96389103,2.94965649,-0.01022609,-,13.72549057,-0.03772166,-,-,60.79999924,22.25589371,1383,-,-133.5301819,36.94404221,-76.31601715,3.52941179,11.18468189,11.18468189,-
Thu Nov 09 13:07:13 EST 2017,07:12.6,-76.31614295,36.94403219,5.75,4,-39.90000153,265.1,0.03830723,8.81066227,3.33272886,-0.02075583,-,13.72549057,-0.03942779,-,-,60.79999924,22.17652321,1602,-,-130.9055176,36.94403076,-76.31613922,7.45098066,12.86238289,13.04879475,28.28207016
Thu Nov 09 13:07:15 EST 2017,07:14.8,-76.3162742,36.9440255,6,4,-39.90000153,265,0.03830723,8.96389103,3.40934324,-0.00338185,-,15.68627453,-0.04465231,-,-,60.79999924,22.09850883,1520,-,-130.9055176,36.94402695,-76.31627655,6.27450991,13.42161655,13.04879475,28.28207016
Thu Nov 09 13:07:17 EST 2017,07:16.9,-76.31639952,36.94401468,5.75,4,-39.29999924,265.3,-0.19153613,9.27034855,2.52827692,-0.00130183,-,15.68627453,-0.02260978,-,-,60.79999924,22.01655197,1485,-,-128.9370117,36.9440155,-76.31639862,12.54901981,12.86238289,12.42742348,-
Thu Nov 09 13:07:19 EST 2017,07:18.9,-76.31653576,36.94400317,6.25,4,-39.09999847,265.1,-0.2681506,9.11711979,2.29843354,-0.01820396,-,15.68627453,-0.04083465,-,-,62.59999847,21.96207809,1784,-,-128.280838,36.94400406,-76.31653595,17.25490189,13.98085213,15.53427982,36.43410873
Thu Nov 09 13:07:21 EST 2017,07:21.0,-76.31671366,36.94398876,8.5,4,-38.79999924,266.4,-0.15322891,9.15542698,3.06457806,-0.00174079,-,15.68627453,-0.01908009,-,-,62.59999847,21.95511436,1625,-,-127.2965851,36.9439888,-76.31671143,15.68627453,19.01395798,21.12662125,111.137764
Thu Nov 09 13:07:24 EST 2017,07:23.2,-76.31707822,36.9439759,11.25,4,-39.09999847,266.7,-0.19153613,9.15542698,3.06457806,0.00336415,-,24.31372643,-0.0376503,-,-,62.59999847,21.97908211,1491,-,-128.280838,36.94397736,-76.31707764,16.86274529,25.16553307,24.85484695,95.28884125
Thu Nov 09 13:07:26 EST 2017,07:25.2,-76.31734631,36.94396031,11.75,4,-39.09999847,265.8,-0.03830723,9.04050541,2.52827692,0.00018324,-,24.31372643,-0.04274556,-,-,62.59999847,22.01284027,1499,-,-128.280838,36.9439621,-76.31734467,17.64705849,26.2840004,26.09758949,29.17756844
Thu Nov 09 13:07:28 EST 2017,07:27.4,-76.31761979,36.94394178,12.75,3,-39.20000076,265.4,-1.99197578,9.46188545,1.80043972,0.00548333,-,64.31372833,-0.00185561,-,-,62.59999847,22.06120491,1786,-,-128.6089325,36.94394302,-76.31761932,61.56863022,28.52093697,27.96170425,44.83732986
Thu Nov 09 13:07:30 EST 2017,07:29.5,-76.31795953,36.94390899,16,4,-39.70000076,262.5,0.9576807,8.54251194,3.75410819,-0.02482969,-,64.31372833,-0.04350302,-,-,62.59999847,22.19397736,2820,-,-130.2493439,36.94390869,-76.31796265,9.01960754,35.79098129,38.52501297,193.3202972
Thu Nov 09 13:07:32 EST 2017,07:31.6,-76.3183422,36.94387555,16.5,3,-39.09999847,264.8,1.64721072,7.66144562,6.12915611,0.03314358,-,64.31372833,0.00112851,-,-,62.59999847,22.29977036,1894,-,-128.280838,36.94387436,-76.31834412,4.70588255,36.90944672,35.41815948,193.3202972
Thu Nov 09 13:07:34 EST 2017,07:33.8,-76.31863192,36.94385824,11.75,3,-39.09999847,266.2,0.76614451,7.73806,5.93762016,0.01097906,-,13.72549057,-0.00234497,-,-,62.59999847,22.31018448,1084,-,-128.280838,36.9438591,-76.31863403,3.92156863,26.2840004,23.61210442,-
Thu Nov 09 13:07:36 EST 2017,07:35.9,-76.31879492,36.94385266,6.25,3,-38.90000153,266.3,0.72783732,7.85298157,5.86100578,0.02567625,-,13.72549057,-0.00395987,-,-,62.59999847,22.21279716,928,-,-127.6246796,36.94385147,-76.31879425,3.92156863,13.98085213,9.94193935,-
Thu Nov 09 13:07:39 EST 2017,07:38.1,-76.31883568,36.94385119,0,3,-38.40000153,0,0.22984336,8.81066227,3.56257224,-0.01473986,-,14.11764717,-0.03061229,-,-,62.59999847,22.21279716,638,-,-125.9842606,36.94385147,-76.3188324,4.31372547,0,0,-
Thu Nov 09 13:07:41 EST 2017,07:40.3,-76.31883754,36.94384702,0,3,-38.09999847,0,0.30645782,8.81066227,3.56257224,-0.0117231,-,14.11764717,-0.03039195,-,-,62.59999847,22.21279716,673,-,-124.9999924,36.94384766,-76.31884003,3.92156863,0,0,-
Thu Nov 09 13:07:43 EST 2017,07:42.5,-76.31883819,36.94384347,0,3,-38,0,0.2681506,8.77235508,3.52426481,-0.01692063,-,14.11764717,-0.03423153,-,-,62.59999847,22.21279716,654,-,-124.6719132,36.94384384,-76.31884003,4.31372547,0,0,-
Thu Nov 09 13:07:45 EST 2017,07:44.5,-76.31883848,36.94384146,0,3,-37.79999924,0,0.19153613,8.73404789,3.52426481,-0.02073205,-,14.11764717,-0.03940396,-,-,62.59999847,22.21279716,674,-,-124.0157471,36.94384003,-76.31884003,3.92156863,0,0,-
Thu Nov 09 13:07:47 EST 2017,07:46.7,-76.31883747,36.94384047,0,3,-37.79999924,0,0.45968673,8.81066227,3.63918662,-0.00814289,-,13.72549057,-0.02681051,-,-,62.59999847,22.21279716,666,-,-124.0157471,36.94384003,-76.31884003,3.92156863,0,0,-
Thu Nov 09 13:07:49 EST 2017,07:48.9,-76.31883542,36.94383909,0,3,-37.79999924,0,0.22984336,8.81066227,3.56257224,-0.01534278,-,13.72549057,-0.03116337,-,-,62.59999847,22.21279716,671,-,-124.0157471,36.94384003,-76.3188324,3.92156863,0,0,-
Thu Nov 09 13:07:52 EST 2017,07:51.2,-76.31883468,36.94383908,0,3,-37.70000076,0,0,8.77235508,3.37103605,-0.02302134,-,13.72549057,-0.04169409,-,-,62.59999847,22.21279716,658,-,-123.6876679,36.94384003,-76.3188324,3.92156863,0,0,-
Thu Nov 09 13:07:54 EST 2017,07:53.2,-76.31883464,36.94383913,0,3,-37.70000076,0,0.30645782,8.84896946,3.60087943,-0.00663936,-,13.72549057,-0.02530648,-,-,62.59999847,22.21279716,670,-,-123.6876679,36.94384003,-76.3188324,3.92156863,0,0,-
Thu Nov 09 13:07:56 EST 2017,07:55.4,-76.31883466,36.94383915,0,3,-37.70000076,0,0.15322891,8.77235508,3.44765043,-0.01782452,-,13.72549057,-0.04242681,-,-,62.59999847,22.21279716,667,-,-123.6876679,36.94384003,-76.3188324,3.52941179,0,0,-
Thu Nov 09 13:07:58 EST 2017,07:57.6,-76.31883468,36.94383915,0,3,-37.70000076,0,0.22984336,8.73404789,3.52426481,-0.01680056,-,14.11764717,-0.0393166,-,-,62.59999847,22.21279716,663,-,-123.6876679,36.94384003,-76.3188324,4.31372547,0,0,-
Thu Nov 09 13:08:00 EST 2017,07:59.6,-76.31883471,36.94383917,0,3,-37.70000076,0,0.2681506,8.84896946,3.52426481,-0.01353517,-,14.11764717,-0.0334103,-,-,62.59999847,22.21279716,657,-,-123.6876679,36.94384003,-76.3188324,4.31372547,0,0,-
Thu Nov 09 13:08:02 EST 2017,08:01.8,-76.31883472,36.94383917,0,3,-37.70000076,0,0.07661445,8.6957407,3.40934324,-0.02885687,-,14.11764717,-0.0475316,-,-,62.59999847,22.21279716,654,-,-123.6876679,36.94384003,-76.3188324,4.31372547,0,0,-
Thu Nov 09 13:08:04 EST 2017,08:03.9,-76.31883475,36.94383919,0,3,-37.70000076,0,0.15322891,8.77235508,3.48595762,-0.01395889,-,14.11764717,-0.0297784,-,-,62.59999847,22.21279716,664,-,-123.6876679,36.94384003,-76.3188324,4.31372547,0,0,-
Thu Nov 09 13:08:07 EST 2017,08:06.2,-76.31883478,36.94383918,0,3,-37.70000076,0,0.03830723,8.81066227,3.40934324,-0.01057385,-,14.11764717,-0.03171477,-,-,62.59999847,22.21279716,663,-,-123.6876679,36.94384003,-76.3188324,4.31372547,0,0,-
Thu Nov 09 13:08:09 EST 2017,08:08.4,-76.3188348,36.94383919,0,3,-37.70000076,0,0.2681506,8.84896946,3.52426481,-0.01435417,-,14.11764717,-0.03765823,-,-,62.59999847,22.21279716,669,-,-123.6876679,36.94384003,-76.3188324,4.31372547,0,0,-
Thu Nov 09 13:08:11 EST 2017,08:10.7,-76.31883481,36.9438392,0,3,-37.70000076,0,0.19153613,8.77235508,3.52426481,-0.01824664,-,13.72549057,-0.03284216,-,-,62.59999847,22.21279716,654,-,-123.6876679,36.94384003,-76.3188324,3.92156863,0,0,-
Thu Nov 09 13:08:13 EST 2017,08:12.7,-76.31883481,36.94383921,0,3,-37.70000076,0,0.2681506,8.92558384,3.52426481,-0.0024153,-,13.72549057,-0.02108097,-,-,62.59999847,22.21279716,669,-,-123.6876679,36.94384003,-76.3188324,4.31372547,0,0,-
Thu Nov 09 13:08:15 EST 2017,08:14.7,-76.31883482,36.94383918,0,3,-37.70000076,0,0.45968673,8.92558384,3.60087943,0.00121635,-,13.72549057,-0.01744805,-,-,62.59999847,22.21279716,659,-,-123.6876679,36.94384003,-76.3188324,4.31372547,0,0,-
Thu Nov 09 13:08:17 EST 2017,08:16.7,-76.31883484,36.94383917,0,3,-37.70000076,0,-0.03830723,8.6957407,3.37103605,-0.03029931,-,13.72549057,-0.0227034,-,-,62.59999847,22.21279716,660,-,-123.6876679,36.94384003,-76.3188324,4.31372547,0,0,-
Thu Nov 09 13:08:19 EST 2017,08:18.8,-76.31883487,36.94383916,0,3,-37.70000076,0,0.2681506,8.73404789,3.56257224,-0.01907408,-,13.72549057,-0.03791989,-,-,62.59999847,22.21279716,664,-,-123.6876679,36.94384003,-76.3188324,4.31372547,0,0,-
Thu Nov 09 13:08:21 EST 2017,08:20.8,-76.31883488,36.94383914,0,3,-37.70000076,0,0.19153613,8.88727665,3.56257224,-0.00478661,-,13.72549057,-0.02345313,-,-,62.59999847,22.21279716,669,-,-123.6876679,36.94384003,-76.3188324,4.31372547,0,0,-
Thu Nov 09 13:08:23 EST 2017,08:22.9,-76.3188349,36.94383914,0,3,-37.70000076,0,0.19153613,8.77235508,3.48595762,-0.01855904,-,13.72549057,-0.03723022,-,-,62.59999847,22.21279716,665,-,-123.6876679,36.94384003,-76.3188324,4.31372547,0,0,-
Thu Nov 09 13:08:25 EST 2017,08:24.9,-76.31883493,36.94383912,0,3,-37.70000076,0,0.15322891,8.84896946,3.52426481,-0.01324496,-,13.72549057,-0.03723022,-,-,62.59999847,22.21279716,657,-,-123.6876679,36.94384003,-76.3188324,4.31372547,0,0,-
Thu Nov 09 13:08:27 EST 2017,08:26.9,-76.31883493,36.94383911,0,3,-37.70000076,0,0.34476504,8.77235508,3.56257224,-0.01527941,-,13.72549057,-0.0338761,-,-,62.59999847,22.21279716,660,-,-123.6876679,36.94384003,-76.3188324,4.31372547,0,0,-
Thu Nov 09 13:08:29 EST 2017,08:29.0,-76.31883493,36.9438391,0,3,-37.70000076,0,0.22984336,8.88727665,3.52426481,-0.01746884,-,13.72549057,-0.02471177,-,-,64.40000153,22.21279716,668,-,-123.6876679,36.94384003,-76.3188324,3.92156863,0,0,-
Thu Nov 09 13:08:31 EST 2017,08:31.1,-76.31883494,36.94383909,0,3,-37.70000076,0,0.49799395,8.73404789,3.715801,-0.0171973,-,13.72549057,-0.03079333,-,-,64.40000153,22.21279716,665,-,-123.6876679,36.94384003,-76.3188324,4.31372547,0,0,-
Thu Nov 09 13:08:34 EST 2017,08:33.3,-76.31883496,36.94383908,0,3,-37.70000076,0,0.19153613,8.84896946,3.48595762,-0.01129842,-,14.11764717,-0.02996714,-,-,64.40000153,22.21279716,666,-,-123.6876679,36.94384003,-76.3188324,4.31372547,0,0,-
Thu Nov 09 13:08:39 EST 2017,08:38.9,-76.31883502,36.94383907,0,3,-37.70000076,0,0.07661445,8.6957407,3.44765043,-0.01296895,-,14.11764717,-0.04609887,-,-,64.40000153,22.21279716,667,-,-123.6876679,36.94384003,-76.3188324,4.31372547,0,0,-
Thu Nov 09 13:08:41 EST 2017,08:41.1,-76.31883502,36.94383906,0,3,-37.70000076,0,0.07661445,8.73404789,3.37103605,-0.02663344,-,14.11764717,-0.04755564,-,-,64.40000153,22.21279716,662,-,-123.6876679,36.94384003,-76.3188324,3.92156863,0,0,-
Thu Nov 09 13:08:44 EST 2017,08:43.2,-76.31883504,36.94383906,0,3,-37.70000076,0,0.22984336,8.81066227,3.56257224,-0.01150011,-,14.11764717,-0.03061229,-,-,64.40000153,22.21279716,658,-,-123.6876679,36.94384003,-76.3188324,3.92156863,0,0,-
Thu Nov 09 13:08:46 EST 2017,08:45.3,-76.31883504,36.94383906,0,3,-37.70000076,0,0.2681506,8.88727665,3.60087943,-0.01633574,-,14.11764717,-0.03050999,-,-,64.40000153,22.21279716,672,-,-123.6876679,36.94384003,-76.3188324,3.92156863,0,0,-
Thu Nov 09 13:08:48 EST 2017,08:47.6,-76.31883505,36.94383907,0,3,-37.70000076,0,0.15322891,8.84896946,3.40934324,-0.01360839,-,13.72549057,-0.03003793,-,-,64.40000153,22.21279716,654,-,-123.6876679,36.94384003,-76.3188324,3.92156863,0,0,-
Thu Nov 09 13:08:50 EST 2017,08:49.6,-76.31883505,36.94383906,0,3,-37.70000076,0,0.2681506,8.84896946,3.52426481,-0.00967228,-,14.11764717,-0.02834043,-,-,64.40000153,22.21279716,664,-,-123.6876679,36.94384003,-76.3188324,3.92156863,0,0,-
Thu Nov 09 13:08:52 EST 2017,08:51.7,-76.31883505,36.94383906,0,3,-37.70000076,0,0.15322891,8.88727665,3.40934324,-0.01465149,-,14.11764717,-0.02922811,-,-,64.40000153,22.21279716,658,-,-123.6876679,36.94384003,-76.3188324,4.31372547,0,0,-
Thu Nov 09 13:08:54 EST 2017,08:53.8,-76.31883505,36.94383905,0,3,-37.70000076,0,0.2681506,8.77235508,3.52426481,-0.01375119,-,14.11764717,-0.0285289,-,-,64.40000153,22.21279716,658,-,-123.6876679,36.94384003,-76.3188324,4.31372547,0,0,-
Thu Nov 09 13:08:57 EST 2017,08:55.9,-76.31883506,36.94383906,0,3,-37.70000076,0,0.15322891,8.77235508,3.44765043,-0.01617016,-,14.11764717,-0.03730154,-,-,64.40000153,22.21279716,662,-,-123.6876679,36.94384003,-76.3188324,3.92156863,0,0,-
Thu Nov 09 13:08:59 EST 2017,08:58.2,-76.31883504,36.94383907,0,3,-37.70000076,0,0.07661445,8.65743351,3.44765043,-0.01534034,-,14.11764717,-0.02314848,-,-,64.40000153,22.21279716,668,-,-123.6876679,36.94384003,-76.3188324,4.31372547,0,0,-
Thu Nov 09 13:09:01 EST 2017,09:00.3,-76.31883504,36.94383908,0,3,-37.70000076,0,0.38307226,8.88727665,3.56257224,-0.00420105,-,14.11764717,-0.05177843,-,-,64.40000153,22.21279716,658,-,-123.6876679,36.94384003,-76.3188324,3.92156863,0,0,-
Thu Nov 09 13:09:03 EST 2017,09:02.3,-76.31883504,36.94383907,0,3,-37.70000076,0,0.22984336,8.88727665,3.44765043,-0.0089975,-,14.11764717,-0.0276654,-,-,64.40000153,22.21279716,665,-,-123.6876679,36.94384003,-76.3188324,4.31372547,0,0,-
Thu Nov 09 13:09:05 EST 2017,09:04.4,-76.31883503,36.94383909,0,3,-37.70000076,0,0.11492168,8.77235508,3.52426481,-0.01723701,-,14.11764717,-0.03590775,-,-,64.40000153,22.21279716,662,-,-123.6876679,36.94384003,-76.3188324,3.92156863,0,0,-
Thu Nov 09 13:09:07 EST 2017,09:06.5,-76.31883502,36.9438391,0,3,-37.70000076,0,0.42137951,8.96389103,3.63918662,0.00611764,-,14.11764717,-0.04898254,-,-,64.40000153,22.21279716,674,-,-123.6876679,36.94384003,-76.3188324,3.92156863,0,0,-
Thu Nov 09 13:09:09 EST 2017,09:08.5,-76.31883503,36.94383908,0,3,-37.70000076,0,0.34476504,8.84896946,3.60087943,-0.00650632,-,14.11764717,-0.02517342,-,-,64.40000153,22.21279716,656,-,-123.6876679,36.94384003,-76.3188324,3.92156863,0,0,-
Thu Nov 09 13:09:11 EST 2017,09:10.7,-76.31883503,36.94383907,0,3,-37.70000076,0,0.45968673,8.92558384,3.63918662,-0.0152086,-,14.11764717,-0.01598159,-,-,64.40000153,22.21279716,656,-,-123.6876679,36.94384003,-76.3188324,3.92156863,0,0,-
Thu Nov 09 13:09:13 EST 2017,09:12.8,-76.31883503,36.94383907,0,3,-37.70000076,0,0.07661445,8.77235508,3.44765043,-0.0176343,-,14.11764717,-0.03739664,-,-,64.40000153,22.21279716,660,-,-123.6876679,36.94384003,-76.3188324,3.92156863,0,0,-
Thu Nov 09 13:09:15 EST 2017,09:14.8,-76.31883504,36.94383909,0,3,-37.70000076,0,0.30645782,8.92558384,3.715801,-0.00902327,-,14.11764717,-0.0136274,-,-,64.40000153,22.21279716,668,-,-123.6876679,36.94384003,-76.3188324,3.92156863,0,0,-
Thu Nov 09 13:09:17 EST 2017,09:17.0,-76.31883505,36.94383909,0,3,-37.70000076,0,0.30645782,8.81066227,3.60087943,-0.01025331,-,14.11764717,-0.02663806,-,-,64.40000153,22.21279716,656,-,-123.6876679,36.94384003,-76.3188324,4.31372547,0,0,-
Thu Nov 09 13:09:20 EST 2017,09:19.0,-76.31883505,36.94383909,0,3,-37.70000076,0,-0.07661445,8.77235508,3.37103605,-0.02298951,-,14.11764717,-0.03661231,-,-,64.40000153,22.21279716,667,-,-123.6876679,36.94384003,-76.3188324,3.92156863,0,0,-
Thu Nov 09 13:09:21 EST 2017,09:21.0,-76.31883504,36.94383908,0,3,-37.70000076,0,0.11492168,8.84896946,3.33272886,-0.01703924,-,14.11764717,-0.03570992,-,-,64.40000153,22.21279716,653,-,-123.6876679,36.94384003,-76.3188324,4.31372547,0,0,-
Thu Nov 09 13:09:24 EST 2017,09:23.1,-76.31883504,36.94383908,0,3,-37.70000076,0,0.22984336,8.88727665,3.44765043,-0.0089975,-,14.11764717,-0.04288903,-,-,64.40000153,22.21279716,658,-,-123.6876679,36.94384003,-76.3188324,4.31372547,0,0,-
Thu Nov 09 13:09:25 EST 2017,09:25.1,-76.31883504,36.94383908,0,3,-37.70000076,0,0.03830723,8.6957407,3.44765043,-0.02744859,-,14.11764717,-0.04612286,-,-,64.40000153,22.21279716,660,-,-123.6876679,36.94384003,-76.3188324,3.92156863,0,0,-
Thu Nov 09 13:09:28 EST 2017,09:27.3,-76.31883505,36.94383906,0,3,-37.70000076,0,-0.45968673,9.53849983,0.72783732,0.00109369,-,24.70588303,-0.03274744,-,-,64.40000153,22.21279716,656,-,-123.6876679,36.94384003,-76.3188324,12.94117641,0,0,-
Thu Nov 09 13:09:30 EST 2017,09:29.5,-76.31890491,36.9438376,4.5,3,-37.90000153,262.6,-2.18351197,9.46188545,3.06457806,0.02327145,-,26.66666794,0.0296581,-,-,64.40000153,22.12178612,2318,-,-124.3438339,36.94383621,-76.31890869,19.6078434,10.06621265,10.56331062,65.23557281
Thu Nov 09 13:09:32 EST 2017,09:31.6,-76.31901991,36.94380026,5.5,4,-38.5,246.8,-3.10288548,7.96790314,2.22181916,0.0709274,-,26.66666794,0.06866462,-,-,64.40000153,22.09480286,1779,-,-126.3123398,36.94380188,-76.31902313,18.03921509,12.30314922,18.64113617,115.7405624
Thu Nov 09 13:09:34 EST 2017,09:33.6,-76.31907699,36.94362298,9.75,4,-38.59999847,189,0,9.23204136,1.53228903,0.00661254,-,26.66666794,-0.0457151,-,-,64.40000153,22.10647583,1810,-,-126.6404114,36.94362259,-76.31907654,43.52941132,21.81012726,23.61210442,92.50850677
Thu Nov 09 13:09:36 EST 2017,09:35.7,-76.31905237,36.94339016,13.25,3,-37.40000153,175.2,-0.19153613,9.61511421,2.14520478,0.02342147,-,26.66666794,-0.02540047,-,-,64.40000153,22.17488861,2336,-,-122.7034149,36.94338989,-76.31905365,35.29411697,29.6394043,31.06855965,145.8589935
Thu Nov 09 13:09:38 EST 2017,09:37.9,-76.31903123,36.94310113,16,4,-37,176.1,0.03830723,8.88727665,3.21780705,-0.01749808,-,29.01960754,-0.03616893,-,-,64.40000153,22.28933716,2170,-,-121.3910751,36.94309998,-76.31903076,21.56862831,35.79098129,37.28227234,164.7639771
Thu Nov 09 13:09:40 EST 2017,09:40.1,-76.31900418,36.94277351,18,4,-36.40000153,175.9,-0.34476504,8.65743351,1.18752408,0.06432125,-,28.62745094,-0.02833252,-,-,62.59999847,22.43009758,2362,-,-119.4225769,36.94277191,-76.31900787,18.03921509,40.26485062,41.01049805,91.22737122
Thu Nov 09 13:09:43 EST 2017,09:42.3,-76.31896467,36.94225002,19.5,4,-35.79999924,175.9,0,9.11711979,3.17949986,0.00326347,-,22.74509811,-0.01540026,-,-,62.59999847,22.58730698,1915,-,-117.4540634,36.9422493,-76.3189621,14.50980377,43.62025452,43.49598312,77.71979523
Thu Nov 09 13:09:45 EST 2017,09:44.3,-76.31892917,36.9418994,19.5,4,-35.20000076,175.8,-0.15322891,9.15542698,3.52426481,-0.03040054,-,22.74509811,-0.01820931,-,-,62.59999847,22.74218559,1913,-,-115.4855652,36.94189835,-76.31893158,14.50980377,43.62025452,43.49598312,77.71979523
Thu Nov 09 13:09:47 EST 2017,09:46.3,-76.31889342,36.94154327,19.75,4,-35.09999847,176,0.72783732,8.61912632,3.67749381,-0.01956572,-,22.74509811,-0.0314863,-,-,62.59999847,22.89935493,1882,-,-115.1574783,36.94154358,-76.31889343,11.37254906,44.17948914,44.11735535,20.4616375
Thu Nov 09 13:09:49 EST 2017,09:48.4,-76.31885784,36.94119175,19.5,4,-34.59999847,175.7,0.42137951,8.77235508,3.90733719,-0.02393678,-,22.74509811,-0.01980364,-,-,62.59999847,23.0451622,1889,-,-113.5170593,36.94119263,-76.31885529,6.66666698,43.62025452,42.8746109,20.4616375
Thu Nov 09 13:09:51 EST 2017,09:50.4,-76.31882481,36.94085407,18.75,4,-34.5,175.5,0.2681506,8.00621033,3.10288548,-0.046243,-,22.74509811,-0.06904951,-,-,62.59999847,23.17984772,1817,-,-113.1889801,36.94085312,-76.31882477,7.05882359,41.94255447,41.63187027,-
Thu Nov 09 13:09:53 EST 2017,09:52.7,-76.31879053,36.94052294,18.5,4,-34.79999924,176,-0.19153613,8.73404789,3.48595762,-0.0221861,-,19.2156868,-0.06319194,-,-,62.59999847,23.31259537,1801,-,-114.1732254,36.94052124,-76.31879425,10.1960783,41.38331985,41.63187027,-
Thu Nov 09 13:09:55 EST 2017,09:54.8,-76.31875842,36.94018412,18.75,4,-34.90000153,176,0.19153613,9.15542698,4.175488,0.04493815,-,18.4313736,0.04298344,-,-,62.59999847,23.44344902,1812,-,-114.5013199,36.94018555,-76.3187561,12.15686321,41.94255447,41.63187027,-
Thu Nov 09 13:09:57 EST 2017,09:57.0,-76.31873839,36.93984644,18.5,3,-34.09999847,176.1,0.15322891,9.23204136,4.06056595,0.00580764,-,18.4313736,0.02856089,-,-,62.59999847,23.56803513,1774,-,-111.8766327,36.93984604,-76.31874084,8.23529434,41.38331985,41.01049805,-
Thu Nov 09 13:09:59 EST 2017,09:59.0,-76.31871172,36.93951759,18.25,4,-34.40000153,176.1,0.72783732,9.42357826,3.94564438,0.06305212,-,18.4313736,-0.04306436,-,-,60.79999924,23.68211746,1749,-,-112.8609009,36.93951797,-76.31871033,6.66666698,40.82408524,39.76775742,-
Thu Nov 09 13:10:01 EST 2017,10:01.0,-76.31867769,36.93919506,17.75,4,-33.5,175.8,0.30645782,8.42759037,3.83072281,-0.06006836,-,18.4313736,-0.05549487,-,-,60.79999924,23.78591537,1693,-,-109.9081345,36.93919373,-76.31867981,6.66666698,39.705616,38.52501297,-
Thu Nov 09 13:10:04 EST 2017,10:03.2,-76.31864363,36.93873874,16.75,3,-33.5,176,0.15322891,8.58081913,3.90733719,-0.0197559,-,14.90196133,-0.03842755,-,-,60.79999924,23.87964058,1626,-,-109.9081345,36.93873978,-76.31864166,5.49019623,37.46868134,37.28227234,-
Thu Nov 09 13:10:06 EST 2017,10:05.4,-76.31862156,36.93845324,15.25,3,-33.40000153,175.9,0.42137951,8.38928318,4.5202527,0.00518222,-,14.90196133,-0.00187095,-,-,60.79999924,23.95064545,1489,-,-109.5800552,36.93845367,-76.31861877,5.09803915,34.11327744,34.17541504,-
Thu Nov 09 13:10:08 EST 2017,10:07.6,-76.3185996,36.9382107,13.25,3,-33.40000153,176.2,0.5363012,8.31266785,4.94163227,0.00630295,-,14.11764717,0.00574368,-,-,60.79999924,23.98663139,1280,-,-109.5800552,36.93820953,-76.31859589,3.92156863,29.6394043,29.20444679,-
Thu Nov 09 13:10:10 EST 2017,10:09.7,-76.31858321,36.93801483,10.5,3,-33.29999924,176.5,0.30645782,8.38928318,4.75009632,-0.00216474,-,14.11764717,-0.02146287,-,-,60.79999924,23.9756279,1303,-,-109.2519684,36.93801498,-76.31858063,4.31372547,23.48783112,22.36936378,-
Thu Nov 09 13:10:12 EST 2017,10:11.9,-76.31857182,36.93785249,8.25,4,-32.79999924,175.5,0.2681506,8.38928318,4.97993946,0.01387268,-,13.72549057,0.00210355,-,-,60.79999924,23.92279053,788,-,-107.6115494,36.93785095,-76.318573,3.52941179,18.45472336,16.15565109,-
Thu Nov 09 13:10:15 EST 2017,10:14.1,-76.31856591,36.93772597,3.25,4,-31.60000038,175.2,0.8810662,8.35097599,5.28639746,0.00123445,-,13.72549057,-0.04732335,-,-,60.79999924,23.81644821,782,-,-103.6745453,36.93772507,-76.31856537,3.52941179,7.2700429,8.07782555,-
Thu Nov 09 13:10:17 EST 2017,10:16.2,-76.31856497,36.93771942,0,3,-32.29999924,0,0.03830723,8.77235508,3.40934324,-0.02160579,-,13.72549057,-0.03158083,-,-,60.79999924,23.81644821,653,-,-105.9711227,36.93772125,-76.31856537,4.31372547,0,0,-
Thu Nov 09 13:10:19 EST 2017,10:18.2,-76.31856426,36.93772171,0,3,-33,0,0,8.81066227,3.52426481,-0.01368368,-,13.72549057,-0.0323532,-,-,60.79999924,23.81644821,682,-,-108.2677155,36.93772125,-76.31856537,3.92156863,0,0,-
Thu Nov 09 13:10:21 EST 2017,10:20.3,-76.31856643,36.93772215,0,3,-32.90000153,0,0.03830723,8.81066227,3.48595762,-0.01474031,-,13.72549057,-0.03234531,-,-,60.79999924,23.81644821,675,-,-107.9396362,36.93772125,-76.31856537,3.92156863,0,0,-
Thu Nov 09 13:10:23 EST 2017,10:22.4,-76.3185672,36.93772299,0,3,-32.79999924,0,-0.07661445,8.81066227,3.48595762,-0.01509553,-,13.72549057,-0.03376555,-,-,60.79999924,23.81644821,660,-,-107.6115494,36.93772125,-76.31856537,3.92156863,0,0,-
Thu Nov 09 13:10:25 EST 2017,10:24.5,-76.31856659,36.93772104,0,3,-32.70000076,0,-0.11492168,8.81066227,3.37103605,-0.01930392,-,13.72549057,-0.0379754,-,-,60.79999924,23.81644821,669,-,-107.2834702,36.93772125,-76.31856537,3.92156863,0,0,-
Thu Nov 09 13:10:27 EST 2017,10:26.7,-76.31856704,36.93771972,0.25,3,-32.70000076,176,-0.57460839,9.53849983,1.49398184,0.00223188,-,21.56862831,-0.0131325,-,-,60.79999924,23.66181564,672,-,-107.2834702,36.93772125,-76.31856537,11.76470566,0.55923408,0.62137121,0.84260571
Thu Nov 09 13:10:29 EST 2017,10:28.9,-76.31856092,36.93767446,3.25,3,-31.70000076,176.6,-0.5363012,9.42357826,1.83874691,-0.01254384,-,21.56862831,-0.01941448,-,-,62.59999847,23.56683922,1976,-,-104.0026245,36.93767548,-76.31855774,17.64705849,7.2700429,9.32056808,54.01515198
Thu Nov 09 13:10:31 EST 2017,10:31.0,-76.31855592,36.93756478,6.5,4,-31.10000038,176.4,-0.57460839,9.69172859,2.33674097,0.01332767,-,24.70588303,0.01828828,-,-,62.59999847,23.52216911,2137,-,-102.0341187,36.93756485,-76.31855774,16.86274529,14.54008579,16.77702141,89.2120285
Thu Nov 09 13:10:33 EST 2017,10:33.1,-76.31853923,36.93740696,9.25,3,-30.89999962,175.8,-0.34476504,9.04050541,2.56658411,-0.01973987,-,26.27450943,-0.04104944,-,-,62.59999847,23.51463509,1692,-,-101.3779526,36.93740845,-76.31854248,17.64705849,20.69165993,22.36936378,109.9146805
Thu Nov 09 13:10:36 EST 2017,10:35.2,-76.31851474,36.93709244,12.25,4,-30,176,0.19153613,8.81066227,3.14119267,-0.02729672,-,21.96078491,-0.05041963,-,-,62.59999847,23.5394783,2097,-,-98.42519379,36.93709183,-76.31851196,13.72549057,27.40246773,27.34033203,93.68846893
Thu Nov 09 13:10:38 EST 2017,10:37.5,-76.31849351,36.93684458,13.5,3,-28.60000038,176.1,-0.22984336,8.73404789,3.14119267,-0.03455919,-,20.7843132,-0.04003161,-,-,62.59999847,23.58003426,1764,-,-93.83202362,36.93684387,-76.3184967,13.33333397,30.19863892,29.82581711,55.46482086
Thu Nov 09 13:10:40 EST 2017,10:39.5,-76.3184701,36.93658887,14.5,4,-28.60000038,176.2,0.22984336,8.54251194,3.37103605,-0.04456073,-,20.7843132,-0.06324086,-,-,62.59999847,23.63998795,1897,-,-93.83202362,36.93658829,-76.31847382,11.37254906,32.43557358,32.93267441,73.45436096
Thu Nov 09 13:10:42 EST 2017,10:41.5,-76.31844014,36.93630845,15.5,4,-28.29999924,175.8,0.11492168,9.27034855,3.21780705,0.01936752,-,20.7843132,0.00070923,-,-,62.59999847,23.71105003,1655,-,-92.84776306,36.93630981,-76.3184433,14.11764717,34.67251205,34.79678726,59.40201569
Thu Nov 09 13:10:44 EST 2017,10:43.7,-76.31841443,36.93602159,16,4,-27.60000038,176.1,-0.07661445,9.38527107,3.40934324,0.03222808,-,25.88235283,0.01540719,-,-,62.59999847,23.78514481,1546,-,-90.55118561,36.9360199,-76.31841278,18.4313736,35.79098129,35.41815948,21.30912399
Thu Nov 09 13:10:46 EST 2017,10:45.9,-76.31837456,36.93572878,16.5,4,-27.39999962,174.4,-0.38307226,9.04050541,3.14119267,-0.00461483,-,24.31372643,-0.0452914,-,-,62.59999847,23.86612511,1601,-,-89.8950119,36.93572998,-76.31837463,16.07843208,36.90944672,36.66090012,39.0708046
Thu Nov 09 13:10:48 EST 2017,10:47.9,-76.3183304,36.93543249,17,4,-27.89999962,172.6,0.76614451,9.19373417,2.56658411,0.02586814,-,24.31372643,-0.0081048,-,-,62.59999847,23.9577446,1697,-,-91.53543091,36.93543243,-76.31832886,14.50980377,38.02791595,38.52501297,57.76252365
Thu Nov 09 13:10:51 EST 2017,10:50.0,-76.3182642,36.93495208,18.5,4,-28.39999962,174.9,-0.03830723,8.73404789,3.29442143,-0.0294416,-,19.6078434,0.00600153,-,-,62.59999847,24.06365967,1849,-,-93.17584991,36.93495178,-76.31826782,11.37254906,41.38331985,41.01049805,89.9790802
Thu Nov 09 13:10:52 EST 2017,10:52.0,-76.31824507,36.93478091,18.75,3,-28.70000076,175.2,-0.07661445,7.73806,3.37103605,-0.12057054,-,19.6078434,-0.13927662,-,-,62.59999847,24.17594147,1823,-,-94.16011047,36.93478012,-76.31824493,11.37254906,41.94255447,42.25324249,39.19234848
Thu Nov 09 13:10:54 EST 2017,10:54.1,-76.31824047,36.93428168,18.75,5,-26.10000038,176.3,0.57460839,8.65743351,3.83072281,-0.0141803,-,19.6078434,-0.03285005,-,-,62.59999847,24.29446983,1895,-,-85.62992096,36.9342804,-76.3182373,8.62745094,41.94255447,43.49598312,43.80118179
Thu Nov 09 13:10:56 EST 2017,10:56.3,-76.31818532,36.93407705,20,4,-31.5,176.2,0.76614451,8.81066227,3.79241538,0.01961442,29.99200058,17.64705849,-0.01875342,-,-,62.59999847,24.42291832,1974,-,-103.3464584,36.93407822,-76.3181839,8.23529434,44.73872757,45.36009598,61.77400208
Thu Nov 09 13:10:56 EST 2017,10:58.4,-76.31818532,36.93407705,20,4,-31.5,176.2,-0.11492168,9.84495735,3.67749381,0.05193507,29.99200058,17.64705849,0.07172295,-,-,62.59999847,24.56110764,1828,-,-103.3464584,36.93407822,-76.3181839,7.05882359,44.73872757,47.22420883,66.87467957
Thu Nov 09 13:10:56 EST 2017,11:00.4,-76.31818532,36.93407705,20,4,-31.5,176.2,0.42137951,8.19774628,5.20978308,-0.00587997,29.99200058,17.64705849,-0.05658603,-,-,62.59999847,24.69763184,1650,-,-103.3464584,36.93407822,-76.3181839,5.49019623,44.73872757,47.22420883,66.87467957
Thu Nov 09 13:10:56 EST 2017,11:02.7,-76.31818532,36.93407705,20,4,-31.5,176.2,0.2681506,8.54251194,4.175488,-0.0113613,29.99200058,14.50980377,-0.03003005,-,-,62.59999847,24.80275726,1475,-,-103.3464584,36.93407822,-76.3181839,4.70588255,44.73872757,42.25324249,-
Thu Nov 09 13:11:06 EST 2017,11:04.9,-76.31805711,36.93230712,14.5,11,-28.79999924,176.1,0.72783732,7.73806,5.43962622,-0.00710726,29.99200058,14.50980377,-0.0326292,-,-,62.59999847,24.86224556,1380,-,-94.4881897,36.9323082,-76.3180542,4.70588255,-,34.79678726,-
Thu Nov 09 13:11:08 EST 2017,11:07.1,-76.31803876,36.93213931,9.25,5,-30,176.9,0.11492168,8.61912632,3.83072281,-0.01431986,29.99200058,13.72549057,-0.04802035,-,-,62.59999847,24.84381866,982,-,-98.42519379,36.93214035,-76.31803894,3.92156863,20.69165993,21.74799156,-
Thu Nov 09 13:11:10 EST 2017,11:09.2,-76.31802924,36.9320047,7,5,-26.5,175.8,0.34476504,8.15943909,5.01824665,-0.00390452,29.99200058,13.72549057,-0.01855911,-,-,62.59999847,24.78905678,1154,-,-86.94226074,36.93200302,-76.31803131,3.92156863,15.65855312,15.53427982,-
Thu Nov 09 13:11:12 EST 2017,11:11.4,-76.31801352,36.93193977,3,4,-25,171.4,0.45968673,8.46589756,4.55855989,-0.00716954,29.99200058,13.33333397,-0.03190383,-,-,62.59999847,24.68406296,775,-,-82.02099609,36.93193817,-76.31801605,3.52941179,6.71080828,6.83508301,-
Thu Nov 09 13:11:14 EST 2017,11:13.4,-76.31801146,36.9319234,0.5,4,-24.70000076,175.6,0.15322891,8.96389103,3.21780705,-0.01043129,29.99200058,13.33333397,-0.02870169,-,-,62.59999847,24.54416275,648,-,-81.03675079,36.93192291,-76.31800842,3.92156863,1.11846817,0.62137121,-
Thu Nov 09 13:11:16 EST 2017,11:15.6,-76.31801367,36.93192424,0.25,4,-25.39999962,175.6,-0.30645782,9.30865574,2.14520478,-0.0067333,-,15.68627453,-0.02017737,-,-,62.59999847,24.54416275,686,-,-83.33333588,36.93192291,-76.31801605,5.09803915,0.55923408,0,-
Thu Nov 09 13:11:18 EST 2017,11:17.8,-76.31801715,36.93191064,1.5,4,-26.20000076,177.9,-0.2681506,9.6534214,1.60890353,0.01698685,-,26.27450943,-0.00167224,-,-,62.59999847,24.42383957,1258,-,-85.95800781,36.93191147,-76.31801605,16.07843208,3.35540414,3.72822714,15.23196602
Thu Nov 09 13:11:21 EST 2017,11:20.0,-76.31799508,36.93176859,6.5,4,-24.79999924,176.9,-0.42137951,9.42357826,2.64319873,0.00040435,-,27.05882454,-0.00105335,-,-,62.59999847,24.35489464,2000,-,-81.36483002,36.93177032,-76.31799316,19.2156868,14.54008579,12.42742348,75.20150757
Thu Nov 09 13:11:23 EST 2017,11:22.2,-76.31797942,36.93161636,9,3,-25.20000076,175.8,-0.03830723,8.92558384,2.41335535,-0.03847432,-,27.45098114,-0.02692817,-,-,62.59999847,24.32579422,1764,-,-82.6771698,36.93161774,-76.31797791,20,20.13242531,19.26250648,103.9328384
Thu Nov 09 13:11:25 EST 2017,11:24.4,-76.31797228,36.93142531,11,3,-24.89999962,175.8,-0.11492168,8.96389103,2.79642749,-0.01436815,-,21.17647171,-0.00904364,-,-,62.59999847,24.3252697,1850,-,-81.69290924,36.931427,-76.31797028,13.33333397,24.60629845,24.23347664,89.36105347
Thu Nov 09 13:11:34 EST 2017,11:33.4,-76.31791126,36.93041831,12,4,-27.60000038,177.7,0.2681506,8.96389103,4.175488,0.00785734,-,21.17647171,0.00873566,-,-,62.59999847,24.3252697,1548,-,-90.55118561,36.93041992,-76.31790924,13.33333397,26.84323311,25.47621918,89.36105347
Thu Nov 09 13:11:36 EST 2017,11:35.6,-76.31789731,36.9302245,10.5,5,-28.29999924,176.4,0.5363012,8.50420475,4.55855989,0.00422095,-,21.17647171,-0.01444758,-,-,62.59999847,24.30017853,1223,-,-92.84776306,36.93022537,-76.31789398,3.92156863,23.48783112,19.88387871,-
Thu Nov 09 13:11:38 EST 2017,11:37.8,-76.31788504,36.93008728,7.75,5,-28.60000038,176.2,0.22984336,8.96389103,3.67749381,0.00693601,-,21.17647171,-0.03401036,-,-,62.59999847,24.24394798,1149,-,-93.83202362,36.93008804,-76.31788635,3.92156863,17.33625603,14.29153728,-
Thu Nov 09 13:11:40 EST 2017,11:39.8,-76.31789901,36.9300057,5.75,5,-30,176.2,0.15322891,8.65743351,3.83072281,-0.01582986,-,21.17647171,-0.05455031,-,-,62.59999847,24.17446518,916,-,-98.42519379,36.93000412,-76.31790161,3.92156863,12.86238289,11.80605221,-
Thu Nov 09 13:11:43 EST 2017,11:42.0,-76.31788984,36.92986899,5,4,-30.10000038,176.1,0.19153613,9.04050541,3.33272886,-0.01140055,-,18.4313736,-0.01728501,-,-,62.59999847,24.09884644,1314,-,-98.75328064,36.92987061,-76.31788635,8.23529434,11.18468189,10.56331062,-
Thu Nov 09 13:11:45 EST 2017,11:44.2,-76.31787934,36.92978117,5,4,-31.10000038,175.9,-0.22984336,9.0788126,2.41335535,-0.01190208,-,18.4313736,-0.04178167,-,-,62.59999847,24.02749634,1295,-,-102.0341187,36.92978287,-76.31787872,11.37254906,11.18468189,11.18468189,7.06150723
Thu Nov 09 13:11:47 EST 2017,11:46.4,-76.31786794,36.92967815,6,3,-31.29999924,176,-0.07661445,8.92558384,2.79642749,-0.02751261,-,18.4313736,-0.02517342,-,-,62.59999847,23.97058868,1571,-,-102.6902847,36.92967987,-76.31787109,12.15686321,13.42161655,13.67016602,29.80187035
Thu Nov 09 13:11:49 EST 2017,11:48.4,-76.31785641,36.92955525,7.5,3,-31.60000038,176.1,0.57460839,8.50420475,3.67749381,-0.03471226,-,18.4313736,-0.05338895,-,-,62.59999847,23.93127823,1323,-,-103.6745453,36.92955399,-76.31785583,4.70588255,16.77702141,16.77702141,56.07133102
Thu Nov 09 13:11:51 EST 2017,11:50.4,-76.31784716,36.92941788,7.5,4,-32.09999847,178.1,-0.15322891,8.88727665,3.83072281,0.00563866,-,18.4313736,-0.03620059,-,-,62.59999847,23.89915085,1642,-,-105.3149567,36.92941666,-76.31784821,4.70588255,16.77702141,18.01976395,18.76725006
Thu Nov 09 13:11:53 EST 2017,11:52.5,-76.3178428,36.92926373,8.75,4,-32.5,179,-0.07661445,8.65743351,3.63918662,-0.02365828,-,18.4313736,-0.01090851,-,-,62.59999847,23.87744904,1551,-,-106.6272965,36.92926407,-76.31784058,6.27450991,19.5731926,19.88387871,39.3662262
Thu Nov 09 13:11:55 EST 2017,11:54.7,-76.31784216,36.92909646,8.75,4,-33.29999924,178.1,0.34476504,8.50420475,3.44765043,-0.04491907,-,16.47058868,-0.00872797,-,-,62.59999847,23.85263634,1482,-,-109.2519684,36.92909622,-76.31784058,5.49019623,19.5731926,19.26250648,39.3662262
Thu Nov 09 13:11:57 EST 2017,11:56.8,-76.31784499,36.92894591,8,4,-32.29999924,178,0.22984336,8.54251194,4.09887314,-0.01486665,-,16.47058868,-0.00679033,-,-,62.59999847,23.81812096,1270,-,-105.9711227,36.92894745,-76.31784821,4.31372547,17.89549065,17.39839363,-
Thu Nov 09 13:11:59 EST 2017,11:58.8,-76.31782755,36.92881017,7.25,4,-33.79999924,176.7,-0.11492168,9.6534214,1.83874691,0.02079934,-,16.47058868,-0.02615999,-,-,62.59999847,23.7740593,1315,-,-110.8923874,36.92881012,-76.31782532,25.09803963,16.21778679,15.53427982,-
Thu Nov 09 13:12:02 EST 2017,12:01.0,-76.31783241,36.92858139,9.25,4,-32.59999847,182.6,-0.5363012,8.42759037,4.8267107,-0.00969088,-,16.47058868,-0.00815084,-,-,62.59999847,23.76004982,1604,-,-106.9553757,36.92858124,-76.31783295,25.09803963,20.69165993,21.12662125,-
Thu Nov 09 13:12:04 EST 2017,12:03.1,-76.31783481,36.92843117,7.75,4,-31.89999962,177.6,0,8.92558384,4.29040956,0.02850193,-,14.11764717,-0.00737431,-,-,62.59999847,23.72983742,1445,-,-104.6587906,36.92843246,-76.31783295,4.31372547,17.33625603,18.01976395,-
Thu Nov 09 13:12:06 EST 2017,12:05.2,-76.3178346,36.92832313,6.25,4,-31.70000076,175.8,0.19153613,8.65743351,3.715801,-0.02043831,-,14.11764717,-0.03911014,-,-,62.59999847,23.67717171,1042,-,-104.0026245,36.92832184,-76.31783295,3.92156863,13.98085213,13.67016602,-
Thu Nov 09 13:12:08 EST 2017,12:07.4,-76.31782238,36.92821879,5.75,4,-31.79999924,176.4,0.68953007,8.77235508,3.86903,-0.02607775,-,14.11764717,-0.01980364,-,-,62.59999847,23.61857796,950,-,-104.3307037,36.92821884,-76.31782532,3.52941179,12.86238289,12.42742348,-
Thu Nov 09 13:12:10 EST 2017,12:09.5,-76.31781329,36.92812718,5,4,-31.39999962,175.2,0.11492168,8.6957407,3.86903,-0.01690618,-,14.11764717,-0.04562704,-,-,62.59999847,23.54771423,980,-,-103.0183716,36.92812729,-76.31781006,3.92156863,11.18468189,9.94193935,-
Thu Nov 09 13:12:12 EST 2017,12:11.7,-76.3178072,36.92805552,3.75,3,-31.70000076,176.8,0.11492168,8.6957407,3.79241538,-0.01388073,-,13.72549057,-0.029346,-,-,62.59999847,23.4679718,959,-,-104.0026245,36.92805481,-76.31781006,5.09803915,8.3885107,8.07782555,-
Thu Nov 09 13:12:14 EST 2017,12:14.0,-76.31780337,36.92798494,3.75,3,-31,177,0.30645782,8.96389103,3.52426481,-0.01059842,-,13.72549057,-0.02727316,-,-,62.59999847,23.38586235,906,-,-101.7060394,36.92798615,-76.31780243,3.13725495,8.3885107,7.45645428,-
Thu Nov 09 13:12:17 EST 2017,12:16.2,-76.31780133,36.92790621,3.25,4,-32.5,176.7,-0.03830723,8.54251194,3.86903,-0.01091374,-,13.33333397,-0.03930071,-,-,62.59999847,23.30458832,1091,-,-106.6272965,36.92790604,-76.31780243,3.52941179,7.2700429,7.45645428,-
Thu Nov 09 13:12:19 EST 2017,12:18.2,-76.317799,36.92785289,2.5,4,-32.90000153,175.8,0.22984336,8.54251194,4.25210238,-0.00800961,-,13.33333397,-0.02667724,-,-,62.59999847,23.21467972,756,-,-107.9396362,36.92785263,-76.31780243,3.92156863,5.59234095,5.59234095,-
Thu Nov 09 13:12:21 EST 2017,12:20.4,-76.31779832,36.92782954,1.25,4,-33.90000153,173,0.07661445,8.6957407,4.09887314,-0.00101388,-,14.11764717,-0.03034473,-,-,62.59999847,23.10684967,647,-,-111.2204742,36.92782974,-76.3177948,3.92156863,2.79617047,1.86411357,-
Thu Nov 09 13:12:23 EST 2017,12:22.4,-76.31779307,36.92783037,0,3,-33.5,0,-0.15322891,8.84896946,3.56257224,-0.01044557,-,14.11764717,-0.02714767,-,-,62.59999847,23.10684967,686,-,-109.9081345,36.92782974,-76.3177948,3.92156863,0,0,-
Thu Nov 09 13:12:25 EST 2017,12:24.6,-76.31779169,36.92783843,0,3,-34.29999924,0,-0.11492168,8.84896946,3.40934324,-0.01126996,-,14.11764717,-0.02724179,-,-,62.59999847,23.10684967,672,-,-112.5328064,36.92783737,-76.3177948,3.92156863,0,0,-
Thu Nov 09 13:12:27 EST 2017,12:26.6,-76.31778989,36.92784278,0,3,-34.5,0,-0.03830723,8.81066227,3.63918662,-0.01209456,-,13.72549057,-0.03015592,-,-,62.59999847,23.10684967,665,-,-113.1889801,36.92784119,-76.31778717,3.92156863,0,0,-
Thu Nov 09 13:12:29 EST 2017,12:28.8,-76.31778832,36.92784458,0,3,-35.09999847,0,-0.15322891,8.84896946,3.52426481,-0.00828671,-,13.72549057,-0.02652833,-,-,62.59999847,23.10684967,667,-,-115.1574783,36.927845,-76.31778717,3.92156863,0,0,-
Thu Nov 09 13:12:30 EST 2017,12:31.1,-76.31778872,36.92784559,0,3,-35,0,0,8.92558384,3.56257224,-0.00893627,-,13.72549057,-0.03228224,-,-,62.59999847,23.10684967,665,-,-114.8293991,36.927845,-76.31778717,3.92156863,0,0,-
Thu Nov 09 13:12:34 EST 2017,12:33.2,-76.31779029,36.92784568,0,3,-35.09999847,0,0.07661445,8.88727665,3.67749381,-0.00053167,-,13.72549057,-0.01910337,-,-,62.59999847,23.10684967,660,-,-115.1574783,36.927845,-76.31778717,3.92156863,0,0,-
Thu Nov 09 13:12:36 EST 2017,12:35.2,-76.31779082,36.92784563,0,3,-35.09999847,0,-0.15322891,8.84896946,3.40934324,-0.00908529,-,13.72549057,-0.03287372,-,-,62.59999847,23.10684967,657,-,-115.1574783,36.927845,-76.31778717,3.92156863,0,0,-
Thu Nov 09 13:12:38 EST 2017,12:37.4,-76.31779097,36.92784558,0,3,-35.09999847,0,0,8.84896946,3.60087943,-0.01071767,-,13.72549057,-0.02432071,-,-,62.59999847,23.10684967,661,-,-115.1574783,36.927845,-76.31778717,3.92156863,0,0,-
Thu Nov 09 13:12:40 EST 2017,12:39.6,-76.31779103,36.92784557,0,3,-35.09999847,0,-0.03830723,8.84896946,3.60087943,-0.00927826,-,13.72549057,-0.02928312,-,-,64.40000153,23.10684967,662,-,-115.1574783,36.927845,-76.3177948,3.92156863,0,0,-
Thu Nov 09 13:12:42 EST 2017,12:41.8,-76.31779103,36.92784558,0,3,-35.09999847,0,-0.61291564,9.61511421,1.8770541,0.01958853,-,20,0.00093035,-,-,64.40000153,23.10684967,669,-,-115.1574783,36.927845,-76.3177948,8.62745094,0,0,-
Thu Nov 09 13:12:44 EST 2017,12:43.8,-76.31778947,36.92783294,0.75,4,-35.20000076,176.5,0,8.81066227,3.94564438,0.00307757,-,20,-0.00030522,-,-,64.40000153,23.03132629,1866,-,-115.4855652,36.92783356,-76.31778717,5.49019623,1.67770207,8.07782555,49.76706314
Thu Nov 09 13:12:46 EST 2017,12:45.8,-76.31778524,36.92777458,3.5,4,-35.70000076,178.3,0.19153613,8.6957407,4.02225876,-0.00415421,-,20,-0.02317192,-,-,64.40000153,22.96587944,1037,-,-117.1259842,36.92777634,-76.31778717,4.70588255,7.82927656,9.94193935,26.34943581
Thu Nov 09 13:12:48 EST 2017,12:47.9,-76.31777683,36.92768283,4.25,4,-36.70000076,178.2,0.91937345,8.81066227,2.98796368,0.00766451,-,20,-0.05702284,-,-,64.40000153,22.89180946,1048,-,-120.4068298,36.92768097,-76.31777954,6.66666698,9.50697899,8.07782555,26.34943581
Thu Nov 09 13:12:51 EST 2017,12:50.1,-76.31782773,36.92757251,4,3,-36.70000076,214.6,1.72382522,9.19373417,2.56658411,0.00775367,-,18.03921509,-0.05425985,-,-,64.40000153,22.82154846,1305,-,-120.4068298,36.92757416,-76.31782532,9.4117651,8.94774532,8.69919682,5.91721535
Thu Nov 09 13:12:53 EST 2017,12:52.1,-76.317929,36.92754202,4.25,3,-37.09999847,248.3,-1.03429508,9.34696388,3.48595762,0.04135746,-,18.03921509,0.02135558,-,-,64.40000153,22.76116371,1205,-,-121.7191544,36.92754364,-76.31793213,5.88235283,9.50697899,10.56331062,22.94470406
Thu Nov 09 13:12:55 EST 2017,12:54.2,-76.31803479,36.92752472,4.25,4,-36.59999847,253.9,0.65122288,8.50420475,4.13718033,-0.01468515,-,18.03921509,-0.02550996,-,-,64.40000153,22.69527817,1085,-,-120.0787354,36.92752457,-76.31803131,3.52941179,9.50697899,9.32056808,22.94470406
Thu Nov 09 13:12:56 EST 2017,12:56.3,-76.31808015,36.92751156,4.25,3,-36,248.6,0.11492168,8.81066227,3.33272886,-0.02069235,-,13.72549057,-0.03936425,-,-,64.40000153,22.60881805,692,-,-118.1102371,36.92751312,-76.31807709,3.92156863,9.50697899,4.97096968,-
Thu Nov 09 13:12:59 EST 2017,12:58.5,-76.31815002,36.9274686,2.5,4,-34.5,228.6,-1.14921677,9.53849983,1.49398184,0.02431587,-,25.88235283,-0.02307032,-,-,64.40000153,22.52923012,1073,-,-113.1889801,36.92746735,-76.31815338,18.8235302,5.59234095,6.21371174,10.15654469
Thu Nov 09 13:13:01 EST 2017,13:00.7,-76.31818794,36.92742606,3,4,-34.90000153,218.9,1.37906015,8.6957407,4.175488,-0.02148202,-,25.88235283,-0.03050993,-,-,62.59999847,22.48643112,1789,-,-114.5013199,36.92742538,-76.31819153,5.49019623,6.71080828,13.67016602,77.49045563
Thu Nov 09 13:13:03 EST 2017,13:02.7,-76.31827147,36.92729735,5.75,4,-35.20000076,209.2,-1.45567465,8.23605347,3.14119267,0.02221307,-,25.88235283,-0.08897244,-,-,62.59999847,22.4350853,1393,-,-115.4855652,36.92729568,-76.31826782,8.23529434,12.86238289,11.80605221,77.49045563
Thu Nov 09 13:13:05 EST 2017,13:04.9,-76.31830394,36.92723634,4,4,-34.70000076,202.3,0.42137951,8.84896946,3.63918662,-0.00471634,-,13.72549057,-0.02338281,-,-,62.59999847,22.3753109,1122,-,-113.8451462,36.92723465,-76.31830597,3.92156863,8.94774532,9.94193935,-
Thu Nov 09 13:13:08 EST 2017,13:07.1,-76.31833677,36.92712288,4,5,-34.40000153,195.1,0.30645782,9.53849983,0.84275901,-0.00438839,-,26.27450943,-0.00262796,-,-,62.59999847,22.30426598,965,-,-112.8609009,36.92712402,-76.31833649,17.25490189,8.94774532,7.45645428,-
Thu Nov 09 13:13:10 EST 2017,13:09.4,-76.31831777,36.9270393,4.5,4,-35.59999847,180,0.57460839,8.50420475,4.55855989,0.00799075,-,14.11764717,-0.00826622,-,-,62.59999847,22.25156593,1371,-,-116.7978973,36.9270401,-76.31832123,3.92156863,10.06621265,11.18468189,41.2917099
Thu Nov 09 13:13:12 EST 2017,13:11.5,-76.31831163,36.92699037,2.5,4,-36.5,173,0.2681506,9.00219822,3.29442143,-0.01387346,-,14.11764717,-0.02677132,-,-,62.59999847,22.15246964,642,-,-119.7506561,36.92699051,-76.3183136,4.31372547,5.59234095,1.24274242,41.2917099
Thu Nov 09 13:13:14 EST 2017,13:13.6,-76.31831321,36.92699248,0,3,-36.5,0,0.19153613,8.88727665,3.33272886,-0.01321389,-,14.11764717,-0.03192753,-,-,62.59999847,22.15246964,686,-,-119.7506561,36.92699432,-76.3183136,3.92156863,0,0,-
Thu Nov 09 13:13:16 EST 2017,13:15.7,-76.31831422,36.92699381,0,3,-35.79999924,0,0.22984336,8.88727665,3.33272886,-0.01351216,-,14.11764717,-0.03261342,-,-,62.59999847,22.15246964,346,-,-117.4540634,36.92699432,-76.3183136,4.31372547,0,0,-
Thu Nov 09 13:13:18 EST 2017,13:18.1,-76.31831302,36.92699451,0,3,-35.29999924,0,0.03830723,8.81066227,3.40934324,-0.01376984,-,14.11764717,-0.03427103,-,-,62.59999847,22.15246964,0,-,-115.8136444,36.92699432,-76.3183136,4.31372547,0,0,-
Thu Nov 09 13:13:21 EST 2017,13:20.4,-76.31831549,36.92700402,0,3,-35,0,0.22984336,8.88727665,3.29442143,-0.01453531,-,17.64705849,-0.0332051,-,-,62.59999847,22.15246964,0,-,-114.8293991,36.92700577,-76.3183136,8.23529434,0,0,-
Thu Nov 09 13:13:23 EST 2017,13:22.8,-76.318315,36.92700526,0,3,-35,0,0.19153613,8.88727665,3.29442143,-0.01462209,-,17.64705849,-0.0332051,-,-,62.59999847,22.15246964,0,-,-114.8293991,36.92700577,-76.3183136,8.23529434,0,0,-
Thu Nov 09 13:13:25 EST 2017,13:24.6,-76.31831512,36.92700551,0,3,-35,0,0.22984336,8.88727665,3.33272886,-0.01546966,-,17.64705849,-0.03184084,-,-,62.59999847,22.15246964,0,-,-114.8293991,36.92700577,-76.3183136,8.23529434,0,0,-
Thu Nov 09 13:13:27 EST 2017,13:26.5,-76.31831519,36.92700557,0,3,-35.09999847,0,0.19153613,8.88727665,3.29442143,-0.01626391,-,17.64705849,-0.03830854,-,-,62.59999847,22.15246964,0,-,-115.1574783,36.92700577,-76.3183136,8.23529434,0,0,-
Thu Nov 09 13:13:29 EST 2017,13:28.4,-76.31831519,36.92700561,0,3,-35.09999847,0,0.19153613,8.88727665,3.29442143,-0.01551533,-,17.64705849,-0.0369529,-,-,62.59999847,22.15246964,0,-,-115.1574783,36.92700577,-76.3183136,8.23529434,0,0,-
Thu Nov 09 13:13:31 EST 2017,13:30.3,-76.31831521,36.92700563,0,3,-35.09999847,0,0.22984336,8.88727665,3.29442143,-0.01453531,-,17.64705849,-0.02954252,-,-,62.59999847,22.15246964,0,-,-115.1574783,36.92700577,-76.3183136,8.23529434,0,0,-
Thu Nov 09 13:13:33 EST 2017,13:32.3,-76.31831525,36.92700566,0,3,-35.09999847,0,0.19153613,8.88727665,3.25611424,-0.01597208,-,17.64705849,-0.03464241,-,-,62.59999847,22.15246964,0,-,-115.1574783,36.92700577,-76.3183136,8.23529434,0,0,-
Thu Nov 09 13:13:35 EST 2017,13:34.2,-76.31831529,36.92700573,0,3,-35.09999847,0,0.19153613,8.88727665,3.29442143,-0.01608919,-,17.64705849,-0.0369529,-,-,62.59999847,22.15246964,0,-,-115.1574783,36.92700577,-76.3183136,8.23529434,0,0,-
Thu Nov 09 13:13:36 EST 2017,13:36.0,-76.3183153,36.92700573,0,3,-35.09999847,0,0.22984336,8.88727665,3.29442143,-0.01453531,-,17.64705849,-0.0332051,-,-,62.59999847,22.15246964,0,-,-115.1574783,36.92700577,-76.3183136,8.23529434,0,0,-
Thu Nov 09 13:13:38 EST 2017,13:38.0,-76.3183154,36.92700576,0,3,-35.09999847,0,0.19153613,8.88727665,3.29442143,-0.01462209,-,17.64705849,-0.03329191,-,-,62.59999847,22.15246964,0,-,-115.1574783,36.92700577,-76.3183136,8.23529434,0,0,-
Thu Nov 09 13:13:40 EST 2017,13:39.9,-76.31831546,36.92700579,0,3,-35.09999847,0,0.19153613,8.88727665,3.29442143,-0.01660956,-,17.64705849,-0.03464241,-,-,62.59999847,22.15246964,0,-,-115.1574783,36.92700577,-76.3183136,8.23529434,0,0,-
Thu Nov 09 13:13:42 EST 2017,13:41.8,-76.3183155,36.92700583,0,3,-35.09999847,0,0.19153613,8.88727665,3.29442143,-0.01676893,-,17.64705849,-0.03822128,-,-,62.59999847,22.15246964,0,-,-115.1574783,36.92700577,-76.3183136,8.23529434,0,0,-
Thu Nov 09 13:13:44 EST 2017,13:43.7,-76.31831556,36.92700587,0,3,-35.09999847,0,0.19153613,8.88727665,3.29442143,-0.01462209,-,17.64705849,-0.03464241,-,-,62.59999847,22.15246964,0,-,-115.1574783,36.92700577,-76.3183136,8.23529434,0,0,-
Thu Nov 09 13:13:46 EST 2017,13:45.5,-76.31831556,36.92700588,0,3,-35.09999847,0,0.19153613,8.84896946,3.29442143,-0.01828182,-,17.64705849,-0.03329191,-,-,62.59999847,22.15246964,0,-,-115.1574783,36.92700577,-76.3183136,8.23529434,0,0,-
Thu Nov 09 13:13:48 EST 2017,13:47.3,-76.31831554,36.92700589,0,3,-35.09999847,0,0.19153613,8.88727665,3.29442143,-0.01605248,-,17.64705849,-0.03329191,-,-,62.59999847,22.15246964,0,-,-115.1574783,36.92700577,-76.3183136,8.23529434,0,0,-
Thu Nov 09 13:13:50 EST 2017,13:49.2,-76.31831557,36.92700591,0,3,-35,0,0.22984336,8.88727665,3.29442143,-0.01453531,-,17.64705849,-0.03686576,-,-,62.59999847,22.15246964,0,-,-114.8293991,36.92700577,-76.3183136,8.23529434,0,0,-
Thu Nov 09 13:13:51 EST 2017,13:51.0,-76.31831557,36.9270059,0,3,-35,0,0.19153613,8.88727665,3.29442143,-0.01551533,-,17.64705849,-0.03329191,-,-,62.59999847,22.15246964,0,-,-114.8293991,36.92700577,-76.3183136,8.23529434,0,0,-
Thu Nov 09 13:13:53 EST 2017,13:52.8,-76.31831558,36.92700592,0,3,-35,0,0.19153613,8.84896946,3.29442143,-0.01828182,-,17.64705849,-0.0369529,-,-,62.59999847,22.15246964,0,-,-114.8293991,36.92700577,-76.3183136,8.23529434,0,0,-
Thu Nov 09 13:13:55 EST 2017,13:54.7,-76.31831556,36.92700596,0,3,-35,0,0.19153613,8.88727665,3.25611424,-0.01597208,-,17.64705849,-0.0332051,-,-,62.59999847,22.15246964,0,-,-114.8293991,36.92700577,-76.3183136,8.23529434,0,0,-
Thu Nov 09 13:13:57 EST 2017,13:56.6,-76.31831553,36.92700601,0,3,-35,0,0.19153613,8.88727665,3.25611424,-0.01597208,-,17.64705849,-0.03830854,-,-,62.59999847,22.15246964,0,-,-114.8293991,36.92700577,-76.3183136,8.23529434,0,0,-
Thu Nov 09 13:13:59 EST 2017,13:58.4,-76.31831553,36.92700608,0,3,-35,0,0.19153613,8.88727665,3.29442143,-0.01493789,-,17.64705849,-0.03329191,-,-,62.59999847,22.15246964,0,-,-114.8293991,36.92700577,-76.3183136,8.23529434,0,0,-
Thu Nov 09 13:14:01 EST 2017,14:00.3,-76.31831554,36.92700615,0,3,-35,0,0.19153613,8.88727665,3.29442143,-0.01643017,-,17.64705849,-0.0369529,-,-,62.59999847,22.15246964,0,-,-114.8293991,36.92700577,-76.3183136,8.23529434,0,0,-
Thu Nov 09 13:14:04 EST 2017,14:03.1,-76.31831552,36.92700622,0,3,-35.09999847,0,0.19153613,8.88727665,3.29442143,-0.01529709,-,17.64705849,-0.03464241,-,-,62.59999847,22.15246964,0,-,-115.1574783,36.92700577,-76.3183136,8.23529434,0,0,-
Thu Nov 09 13:14:06 EST 2017,14:05.8,-76.31831548,36.92700625,0,3,-35.09999847,0,0.22984336,8.88727665,3.29442143,-0.01453531,-,17.64705849,-0.03686576,-,-,62.59999847,22.15246964,0,-,-115.1574783,36.92700577,-76.3183136,8.23529434,0,0,-
Thu Nov 09 13:14:08 EST 2017,14:07.5,-76.31831548,36.92700628,0,3,-35.09999847,0,0.22984336,8.88727665,3.29442143,-0.01453531,-,17.64705849,-0.0332051,-,-,62.59999847,22.15246964,0,-,-115.1574783,36.92700577,-76.3183136,8.23529434,0,0,-
Thu Nov 09 13:14:10 EST 2017,14:09.4,-76.31831546,36.92700628,0,3,-35.09999847,0,0.19153613,8.88727665,3.25611424,-0.01558932,-,17.64705849,-0.0332051,-,-,62.59999847,22.15246964,0,-,-115.1574783,36.92700577,-76.3183136,8.23529434,0,0,-
Thu Nov 09 13:14:12 EST 2017,14:11.3,-76.31831547,36.92700631,0,3,-35.09999847,0,0.19153613,8.88727665,3.29442143,-0.01462209,-,17.64705849,-0.03464241,-,-,62.59999847,22.15246964,0,-,-115.1574783,36.92700577,-76.3183136,8.23529434,0,0,-
Thu Nov 09 13:14:14 EST 2017,14:13.2,-76.31831549,36.92700633,0,3,-35.09999847,0,0.19153613,8.88727665,3.29442143,-0.01462209,-,17.64705849,-0.03464241,-,-,62.59999847,22.15246964,0,-,-115.1574783,36.92700577,-76.3183136,8.23529434,0,0,-
Thu Nov 09 13:14:16 EST 2017,14:15.2,-76.31831552,36.92700631,0,3,-35.09999847,0,0.22984336,8.84896946,3.25611424,-0.01954973,-,17.64705849,-0.0332051,-,-,62.59999847,22.15246964,0,-,-115.1574783,36.92700577,-76.3183136,8.23529434,0,0,-
Thu Nov 09 13:14:17 EST 2017,14:17.1,-76.31831553,36.92700632,0,3,-35.09999847,0,0.22984336,8.84896946,3.29442143,-0.01819468,-,17.64705849,-0.03329191,-,-,62.59999847,22.15246964,0,-,-115.1574783,36.92700577,-76.3183136,8.23529434,0,0,-
Thu Nov 09 13:14:19 EST 2017,14:19.0,-76.31831551,36.92700629,0,3,-35.09999847,0,0.19153613,8.88727665,3.29442143,-0.01616977,-,17.64705849,-0.03455548,-,-,62.59999847,22.15246964,0,-,-115.1574783,36.92700577,-76.3183136,8.23529434,0,0,-
Thu Nov 09 13:14:21 EST 2017,14:20.9,-76.31831546,36.92700623,0,3,-35.09999847,0,0.19153613,8.84896946,3.29442143,-0.01828182,-,17.64705849,-0.0369529,-,-,62.59999847,22.15246964,0,-,-115.1574783,36.92700577,-76.3183136,8.23529434,0,0,-
Thu Nov 09 13:14:23 EST 2017,14:22.7,-76.31831539,36.92700617,0,3,-35.09999847,0,0.19153613,8.88727665,3.29442143,-0.01650727,-,17.64705849,-0.03455548,-,-,62.59999847,22.15246964,0,-,-115.1574783,36.92700577,-76.3183136,8.23529434,0,0,-
Thu Nov 09 13:14:25 EST 2017,14:24.8,-76.3183154,36.92700615,0,3,-35.09999847,0,0.19153613,8.88727665,3.25611424,-0.01659119,-,17.64705849,-0.03464241,-,-,62.59999847,22.15246964,0,-,-115.1574783,36.92700577,-76.3183136,8.23529434,0,0,-
Thu Nov 09 13:14:27 EST 2017,14:26.7,-76.3183154,36.92700611,0,3,-35.09999847,0,0.19153613,8.88727665,3.29442143,-0.01462209,-,17.64705849,-0.0369529,-,-,62.59999847,22.15246964,0,-,-115.1574783,36.92700577,-76.3183136,8.23529434,0,0,-
Thu Nov 09 13:14:29 EST 2017,14:28.5,-76.31831535,36.92700607,0,3,-35.09999847,0,0.22984336,8.88727665,3.29442143,-0.01453531,-,17.64705849,-0.0332051,-,-,62.59999847,22.15246964,0,-,-115.1574783,36.92700577,-76.3183136,8.23529434,0,0,-
Thu Nov 09 13:14:31 EST 2017,14:30.3,-76.31831523,36.92700601,0,3,-35.09999847,0,0.22984336,8.84896946,3.25611424,-0.01954973,-,17.64705849,-0.03455548,-,-,62.59999847,22.15246964,0,-,-115.1574783,36.92700577,-76.3183136,8.23529434,0,0,-
Thu Nov 09 13:14:33 EST 2017,14:32.2,-76.31831511,36.92700598,0,3,-35.09999847,0,0.19153613,8.88727665,3.29442143,-0.01462209,-,17.64705849,-0.03329191,-,-,62.59999847,22.15246964,0,-,-115.1574783,36.92700577,-76.3183136,8.23529434,0,0,-
Thu Nov 09 13:14:35 EST 2017,14:34.0,-76.318315,36.92700593,0,3,-35.09999847,0,0.19153613,8.88727665,3.25611424,-0.01635598,-,17.64705849,-0.03464241,-,-,62.59999847,22.15246964,0,-,-115.1574783,36.92700577,-76.3183136,8.23529434,0,0,-
Thu Nov 09 13:14:36 EST 2017,14:35.9,-76.31831494,36.9270059,0,3,-35.09999847,0,0.22984336,8.88727665,3.29442143,-0.01453531,-,17.64705849,-0.0332051,-,-,62.59999847,22.15246964,0,-,-115.1574783,36.92700577,-76.3183136,8.23529434,0,0,-
Thu Nov 09 13:14:38 EST 2017,14:37.7,-76.31831489,36.92700591,0,3,-35.09999847,0,0.22984336,8.88727665,3.29442143,-0.01512735,-,17.64705849,-0.03464241,-,-,62.59999847,22.15246964,0,-,-115.1574783,36.92700577,-76.3183136,8.23529434,0,0,-
Thu Nov 09 13:14:40 EST 2017,14:39.6,-76.31831482,36.92700592,0,3,-35.09999847,0,0.22984336,8.88727665,3.29442143,-0.0149162,-,17.64705849,-0.0332051,-,-,62.59999847,22.15246964,0,-,-115.1574783,36.92700577,-76.3183136,8.23529434,0,0,-
Thu Nov 09 13:14:42 EST 2017,14:41.5,-76.3183148,36.92700594,0,3,-35.09999847,0,0.22984336,8.88727665,3.29442143,-0.0145787,-,17.64705849,-0.0332051,-,-,62.59999847,22.15246964,0,-,-115.1574783,36.92700577,-76.3183136,8.23529434,0,0,-
Thu Nov 09 13:14:44 EST 2017,14:43.3,-76.31831475,36.92700591,0,3,-35.09999847,0,0.19153613,8.88727665,3.29442143,-0.01462209,-,17.64705849,-0.0332051,-,-,62.59999847,22.15246964,0,-,-115.1574783,36.92700577,-76.3183136,8.23529434,0,0,-
Thu Nov 09 13:14:45 EST 2017,14:45.2,-76.31831473,36.92700587,0,3,-35.09999847,0,0.19153613,8.88727665,3.29442143,-0.01603801,-,17.64705849,-0.0369529,-,-,62.59999847,22.15246964,0,-,-115.1574783,36.92700577,-76.3183136,8.23529434,0,0,-
Thu Nov 09 13:14:47 EST 2017,14:47.0,-76.31831478,36.92700585,0,3,-35.09999847,0,0.22984336,8.84896946,3.29442143,-0.01676767,-,17.64705849,-0.03686576,-,-,62.59999847,22.15246964,0,-,-115.1574783,36.92700577,-76.3183136,8.23529434,0,0,-
Thu Nov 09 13:14:49 EST 2017,14:48.9,-76.31831482,36.92700584,0,3,-35.09999847,0,0.22984336,8.88727665,3.29442143,-0.01453531,-,17.64705849,-0.03464241,-,-,62.59999847,22.15246964,0,-,-115.1574783,36.92700577,-76.3183136,8.23529434,0,0,-
Thu Nov 09 13:14:51 EST 2017,14:50.7,-76.31831482,36.92700586,0,3,-35.09999847,0,0.22984336,8.84896946,3.25611424,-0.01663435,-,17.64705849,-0.0369529,-,-,62.59999847,22.15246964,0,-,-115.1574783,36.92700577,-76.3183136,8.23529434,0,0,-
Thu Nov 09 13:14:53 EST 2017,14:52.5,-76.31831487,36.92700587,0,3,-35.09999847,0,0.19153613,8.88727665,3.29442143,-0.01462209,-,17.64705849,-0.03686576,-,-,62.59999847,22.15246964,0,-,-115.1574783,36.92700577,-76.3183136,8.23529434,0,0,-
Thu Nov 09 13:14:55 EST 2017,14:54.4,-76.3183148,36.92700584,0,3,-35.09999847,0,0.22984336,8.88727665,3.25611424,-0.01742229,-,17.64705849,-0.0369529,-,-,62.59999847,22.15246964,0,-,-115.1574783,36.92700577,-76.3183136,8.23529434,0,0,-
Thu Nov 09 13:14:57 EST 2017,14:56.5,-76.31831477,36.9270058,0,3,-35.09999847,0,0.22984336,8.88727665,3.29442143,-0.01606863,-,17.64705849,-0.0332051,-,-,62.59999847,22.15246964,0,-,-115.1574783,36.92700577,-76.3183136,8.23529434,0,0,-
Thu Nov 09 13:14:59 EST 2017,14:58.3,-76.3183147,36.92700575,0,3,-35.09999847,0,0.19153613,8.88727665,3.25611424,-0.01597208,-,17.64705849,-0.03464241,-,-,62.59999847,22.15246964,0,-,-115.1574783,36.92700577,-76.3183136,8.23529434,0,0,-
Thu Nov 09 13:15:01 EST 2017,15:00.2,-76.31831461,36.92700569,0,3,-35.09999847,0,0.22984336,8.88727665,3.29442143,-0.01453531,-,17.64705849,-0.0332051,-,-,62.59999847,22.15246964,0,-,-115.1574783,36.92700577,-76.3183136,8.23529434,0,0,-
Thu Nov 09 13:15:03 EST 2017,15:02.1,-76.31831438,36.92700546,0,3,-35.09999847,0,0.19153613,8.88727665,3.29442143,-0.01462209,-,17.64705849,-0.03329191,-,-,62.59999847,22.15246964,0,-,-115.1574783,36.92700577,-76.3183136,8.23529434,0,0,-
Thu Nov 09 13:15:05 EST 2017,15:04.0,-76.3183144,36.9270054,0,3,-35.09999847,0,0.22984336,8.88727665,3.25611424,-0.01588517,-,17.64705849,-0.03464241,-,-,62.59999847,22.15246964,0,-,-115.1574783,36.92700577,-76.3183136,8.23529434,0,0,-
Thu Nov 09 13:15:07 EST 2017,15:05.9,-76.31831431,36.9270054,0,3,-35.09999847,0,0.19153613,8.88727665,3.29442143,-0.01462209,-,17.64705849,-0.03329191,-,-,62.59999847,22.15246964,0,-,-115.1574783,36.92700577,-76.3183136,8.23529434,0,0,-
Thu Nov 09 13:15:08 EST 2017,15:07.9,-76.31831426,36.92700535,0,3,-35.09999847,0,0.19153613,8.88727665,3.29442143,-0.01462209,-,17.64705849,-0.0369529,-,-,62.59999847,22.15246964,0,-,-115.1574783,36.92700577,-76.3183136,8.23529434,0,0,-
Thu Nov 09 13:15:10 EST 2017,15:09.8,-76.31831426,36.92700525,0,3,-35.09999847,0,0.19153613,8.88727665,3.29442143,-0.0164735,-,17.64705849,-0.03329191,-,-,62.59999847,22.15246964,0,-,-115.1574783,36.92700577,-76.3183136,8.23529434,0,0,-
Thu Nov 09 13:15:12 EST 2017,15:11.7,-76.31831406,36.92700506,0,3,-35.09999847,0,0.19153613,8.84896946,3.29442143,-0.01585282,-,17.64705849,-0.0332051,-,-,62.59999847,22.15246964,0,-,-115.1574783,36.92700577,-76.3183136,8.23529434,0,0,-
Thu Nov 09 13:15:14 EST 2017,15:13.5,-76.31831395,36.92700495,0,3,-35.09999847,0,0.19153613,8.84896946,3.25611424,-0.01963699,-,17.64705849,-0.03464241,-,-,62.59999847,22.15246964,0,-,-115.1574783,36.92700577,-76.3183136,8.23529434,0,0,-
Thu Nov 09 13:15:16 EST 2017,15:15.4,-76.31831386,36.92700483,0,3,-35.09999847,0,0.19153613,8.88727665,3.25611424,-0.01710646,-,17.64705849,-0.03830854,-,-,62.59999847,22.15246964,0,-,-115.1574783,36.92700577,-76.3183136,8.23529434,0,0,-
Thu Nov 09 13:15:18 EST 2017,15:17.2,-76.31831377,36.92700472,0,3,-35.09999847,0,0.19153613,8.88727665,3.29442143,-0.01558925,-,17.64705849,-0.03464241,-,-,62.59999847,22.15246964,0,-,-115.1574783,36.92700577,-76.3183136,8.23529434,0,0,-
Thu Nov 09 13:15:20 EST 2017,15:19.1,-76.31831371,36.92700471,0,3,-35.09999847,0,0.19153613,8.84896946,3.29442143,-0.01828182,-,17.64705849,-0.0332051,-,-,62.59999847,22.15246964,0,-,-115.1574783,36.92700577,-76.3183136,8.23529434,0,0,-
Thu Nov 09 13:15:22 EST 2017,15:20.9,-76.31831374,36.92700471,0,3,-35.09999847,0,0.22984336,8.84896946,3.25611424,-0.01954973,-,17.64705849,-0.03329191,-,-,62.59999847,22.15246964,0,-,-115.1574783,36.92700577,-76.3183136,8.23529434,0,0,-
Thu Nov 09 13:15:23 EST 2017,15:22.8,-76.3183137,36.92700467,0,3,-35.09999847,0,0.19153613,8.88727665,3.29442143,-0.01462209,-,17.64705849,-0.03464241,-,-,62.59999847,22.15246964,0,-,-115.1574783,36.92700577,-76.3183136,8.23529434,0,0,-
Thu Nov 09 13:15:25 EST 2017,15:24.6,-76.31831369,36.92700468,0,3,-35.09999847,0,0.19153613,8.84896946,3.25611424,-0.01963699,-,17.64705849,-0.03830854,-,-,62.59999847,22.15246964,0,-,-115.1574783,36.92700577,-76.3183136,8.23529434,0,0,-
Thu Nov 09 13:15:27 EST 2017,15:26.5,-76.31831379,36.92700476,0,3,-35.09999847,0,0.22984336,8.84896946,3.29442143,-0.01819468,-,17.64705849,-0.03455548,-,-,62.59999847,22.15246964,0,-,-115.1574783,36.92700577,-76.3183136,8.23529434,0,0,-
Thu Nov 09 13:15:29 EST 2017,15:28.4,-76.31831375,36.92700474,0,3,-35.09999847,0,0.19153613,8.88727665,3.25611424,-0.01527539,-,17.64705849,-0.03464241,-,-,62.59999847,22.15246964,0,-,-115.1574783,36.92700577,-76.3183136,8.23529434,0,0,-
Thu Nov 09 13:15:31 EST 2017,15:30.2,-76.31831377,36.92700478,0,3,-35.09999847,0,0.19153613,8.84896946,3.25611424,-0.01963699,-,17.64705849,-0.03329191,-,-,62.59999847,22.15246964,0,-,-115.1574783,36.92700577,-76.3183136,8.23529434,0,0,-
Thu Nov 09 13:15:33 EST 2017,15:32.1,-76.31831382,36.92700479,0,3,-35.09999847,0,0.19153613,8.88727665,3.25611424,-0.01537999,-,17.64705849,-0.03464241,-,-,62.59999847,22.15246964,0,-,-115.1574783,36.92700577,-76.3183136,8.23529434,0,0,-
Thu Nov 09 13:15:34 EST 2017,15:33.9,-76.31831379,36.92700478,0,3,-35.09999847,0,0.19153613,8.88727665,3.25611424,-0.01597208,-,17.64705849,-0.0332051,-,-,62.59999847,22.15246964,0,-,-115.1574783,36.92700577,-76.3183136,8.23529434,0,0,-
Thu Nov 09 13:15:36 EST 2017,15:35.7,-76.31831378,36.92700477,0,3,-35.09999847,0,0.19153613,8.88727665,3.25611424,-0.01597208,-,17.64705849,-0.03830854,-,-,62.59999847,22.15246964,0,-,-115.1574783,36.92700577,-76.3183136,8.23529434,0,0,-
Thu Nov 09 13:15:38 EST 2017,15:37.4,-76.31831376,36.92700479,0,3,-35.09999847,0,0.19153613,8.88727665,3.29442143,-0.01462209,-,17.64705849,-0.03830854,-,-,62.59999847,22.15246964,0,-,-115.1574783,36.92700577,-76.3183136,8.23529434,0,0,-
Thu Nov 09 13:15:40 EST 2017,15:39.2,-76.31831367,36.92700474,0,3,-35.09999847,0,0.19153613,8.84896946,3.25611424,-0.01655081,-,17.64705849,-0.03830854,-,-,62.59999847,22.15246964,0,-,-115.1574783,36.92700577,-76.3183136,8.23529434,0,0,-
Thu Nov 09 13:15:42 EST 2017,15:41.2,-76.31831369,36.92700479,0,3,-35.09999847,0,0.19153613,8.84896946,3.29442143,-0.01828182,-,17.64705849,-0.03822128,-,-,62.59999847,22.15246964,0,-,-115.1574783,36.92700577,-76.3183136,8.23529434,0,0,-
Thu Nov 09 13:15:44 EST 2017,15:43.0,-76.31831364,36.92700477,0,3,-35.09999847,0,0.22984336,8.84896946,3.29442143,-0.01672415,-,17.64705849,-0.03686576,-,-,62.59999847,22.15246964,0,-,-115.1574783,36.92700577,-76.3183136,8.23529434,0,0,-
Thu Nov 09 13:15:46 EST 2017,15:44.9,-76.31831362,36.92700476,0,3,-35.09999847,0,0.19153613,8.88727665,3.25611424,-0.01597208,-,17.64705849,-0.03464241,-,-,62.59999847,22.15246964,0,-,-115.1574783,36.92700577,-76.3183136,8.23529434,0,0,-
Thu Nov 09 13:15:48 EST 2017,15:46.9,-76.31831362,36.92700478,0,3,-35.09999847,0,0.19153613,8.88727665,3.29442143,-0.01462209,-,17.64705849,-0.03329191,-,-,62.59999847,22.15246964,0,-,-115.1574783,36.92700577,-76.3183136,8.23529434,0,0,-
Thu Nov 09 13:15:53 EST 2017,15:52.8,-76.31831361,36.92700477,0,3,-35.09999847,0,0.19153613,8.84896946,3.25611424,-0.01963699,-,17.64705849,-0.03830854,-,-,62.59999847,22.15246964,0,-,-115.1574783,36.92700577,-76.3183136,8.23529434,0,0,-
Thu Nov 09 13:15:54 EST 2017,15:53.7,-76.31831361,36.92700472,0,3,-35,0,0.19153613,8.84896946,3.29442143,-0.01828182,-,17.64705849,-0.0332051,-,-,62.59999847,22.15246964,0,-,-114.8293991,36.92700577,-76.3183136,8.23529434,0,0,-
Thu Nov 09 13:15:55 EST 2017,15:54.6,-76.31831361,36.92700473,0,3,-35,0,0.22984336,8.88727665,3.29442143,-0.01453531,-,17.64705849,-0.0369529,-,-,62.59999847,22.15246964,0,-,-114.8293991,36.92700577,-76.3183136,8.23529434,0,0,-
Thu Nov 09 13:15:57 EST 2017,15:56.0,-76.31831361,36.92700478,0,3,-35,0,0.19153613,8.84896946,3.29442143,-0.01751277,-,17.64705849,-0.03464241,-,-,62.59999847,22.15246964,0,-,-114.8293991,36.92700577,-76.3183136,8.23529434,0,0,-
Thu Nov 09 13:15:59 EST 2017,15:58.0,-76.31831364,36.9270048,0,3,-35,0,0.22984336,8.88727665,3.33272886,-0.0138751,-,17.64705849,-0.0332051,-,-,62.59999847,22.15246964,0,-,-114.8293991,36.92700577,-76.3183136,8.23529434,0,0,-
Thu Nov 09 13:16:01 EST 2017,16:00.1,-76.31831372,36.92700482,0,3,-35,0,0.19153613,8.88727665,3.29442143,-0.0145787,-,17.64705849,-0.0332051,-,-,62.59999847,22.15246964,0,-,-114.8293991,36.92700577,-76.3183136,8.23529434,0,0,-
Thu Nov 09 13:16:03 EST 2017,16:02.2,-76.31831362,36.92700479,0,3,-35,0,0.19153613,8.88727665,3.29442143,-0.01462209,-,17.64705849,-0.03329191,-,-,62.59999847,22.15246964,0,-,-114.8293991,36.92700577,-76.3183136,8.23529434,0,0,-
Thu Nov 09 13:16:06 EST 2017,16:04.9,-76.31831373,36.92700485,0,3,-35,0,0.19153613,8.88727665,3.29442143,-0.01462209,-,17.64705849,-0.0332051,-,-,62.59999847,22.15246964,0,-,-114.8293991,36.92700577,-76.3183136,8.23529434,0,0,-
Thu Nov 09 13:16:07 EST 2017,16:06.7,-76.31831372,36.92700485,0,3,-35,0,0.19153613,8.88727665,3.25611424,-0.01597208,-,17.64705849,-0.03464241,-,-,62.59999847,22.15246964,0,-,-114.8293991,36.92700577,-76.3183136,8.23529434,0,0,-
Thu Nov 09 13:16:09 EST 2017,16:08.7,-76.31831375,36.92700487,0,3,-35,0,0.19153613,8.88727665,3.29442143,-0.01458738,-,17.64705849,-0.0332051,-,-,62.59999847,22.15246964,0,-,-114.8293991,36.92700577,-76.3183136,8.23529434,0,0,-
Thu Nov 09 13:16:12 EST 2017,16:10.9,-76.31831373,36.92700487,0,3,-35,0,0.22984336,8.88727665,3.29442143,-0.01453531,-,17.64705849,-0.0332051,-,-,62.59999847,22.15246964,0,-,-114.8293991,36.92700577,-76.3183136,8.23529434,0,0,-
Thu Nov 09 13:16:14 EST 2017,16:12.9,-76.31831368,36.92700488,0,3,-35,0,0.19153613,8.88727665,3.29442143,-0.01462209,-,17.64705849,-0.03329191,-,-,62.59999847,22.15246964,0,-,-114.8293991,36.92700577,-76.3183136,8.23529434,0,0,-
Thu Nov 09 13:16:15 EST 2017,16:14.9,-76.31831367,36.92700488,0,3,-35,0,0.19153613,8.88727665,3.29442143,-0.01462209,-,17.64705849,-0.03464241,-,-,62.59999847,22.15246964,0,-,-114.8293991,36.92700577,-76.3183136,8.23529434,0,0,-
Thu Nov 09 13:16:18 EST 2017,16:17.1,-76.31831364,36.92700493,0,3,-35,0,0.19153613,8.88727665,3.25611424,-0.01597208,-,17.64705849,-0.03464241,-,-,62.59999847,22.15246964,0,-,-114.8293991,36.92700577,-76.3183136,8.23529434,0,0,-
Thu Nov 09 13:16:20 EST 2017,16:19.2,-76.31831345,36.92700478,0,3,-35,0,0.19153613,8.88727665,3.33272886,-0.01279964,-,17.64705849,-0.02826977,-,-,62.59999847,22.15246964,0,-,-114.8293991,36.92700577,-76.3183136,8.23529434,0,0,-
Thu Nov 09 13:16:22 EST 2017,16:21.3,-76.31831341,36.92700476,0,3,-35,0,0.19153613,8.88727665,3.29442143,-0.01117486,-,17.64705849,-0.03329191,-,-,62.59999847,22.15246964,0,-,-114.8293991,36.92700577,-76.3183136,8.23529434,0,0,-
Thu Nov 09 13:16:24 EST 2017,16:23.5,-76.31831335,36.92700475,0,3,-35,0,0.19153613,8.88727665,3.29442143,-0.01462209,-,17.64705849,-0.03329191,-,-,62.59999847,22.15246964,0,-,-114.8293991,36.92700577,-76.3183136,8.23529434,0,0,-
Thu Nov 09 13:16:26 EST 2017,16:25.5,-76.31831328,36.92700473,0,3,-35,0,0.22984336,8.88727665,3.25611424,-0.01525366,-,17.64705849,-0.03455548,-,-,62.59999847,22.15246964,0,-,-114.8293991,36.92700577,-76.3183136,8.23529434,0,0,-
Thu Nov 09 13:16:28 EST 2017,16:27.5,-76.31831327,36.92700474,0,3,-35,0,0.19153613,8.88727665,3.29442143,-0.01462209,-,17.64705849,-0.03329191,-,-,62.59999847,22.15246964,0,-,-114.8293991,36.92700577,-76.3183136,8.23529434,0,0,-
Thu Nov 09 13:16:30 EST 2017,16:29.7,-76.31831323,36.92700472,0,3,-35,0,0.19153613,8.88727665,3.33272886,-0.01357748,-,17.64705849,-0.03192753,-,-,62.59999847,22.15246964,0,-,-114.8293991,36.92700577,-76.3183136,8.23529434,0,0,-
Thu Nov 09 13:16:32 EST 2017,16:31.7,-76.31831316,36.9270047,0,3,-35,0,0.19153613,8.88727665,3.33272886,-0.01325816,-,17.64705849,-0.02826977,-,-,62.59999847,22.15246964,0,-,-114.8293991,36.92700577,-76.3183136,8.23529434,0,0,-
Thu Nov 09 13:16:34 EST 2017,16:33.7,-76.31831319,36.92700479,0,3,-35,0,0.19153613,8.88727665,3.29442143,-0.01462209,-,17.64705849,-0.03329191,-,-,62.59999847,22.15246964,0,-,-114.8293991,36.92700577,-76.3183136,8.23529434,0,0,-
Thu Nov 09 13:16:36 EST 2017,16:35.7,-76.31831328,36.92700483,0,3,-35,0,0.22984336,8.88727665,3.29442143,-0.01366328,-,17.64705849,-0.0332051,-,-,62.59999847,22.15246964,0,-,-114.8293991,36.92700577,-76.3183136,8.23529434,0,0,-
Thu Nov 09 13:16:38 EST 2017,16:37.8,-76.31831327,36.92700485,0,3,-35,0,0.19153613,8.88727665,3.29442143,-0.01462209,-,17.64705849,-0.03464241,-,-,62.59999847,22.15246964,0,-,-114.8293991,36.92700577,-76.3183136,8.23529434,0,0,-
Thu Nov 09 13:16:41 EST 2017,16:39.9,-76.3183133,36.92700483,0,3,-35,0,0.19153613,8.88727665,3.29442143,-0.01462209,-,17.64705849,-0.03455548,-,-,62.59999847,22.15246964,0,-,-114.8293991,36.92700577,-76.3183136,8.23529434,0,0,-
Thu Nov 09 13:16:42 EST 2017,16:41.7,-76.31831325,36.92700478,0,3,-35,0,0.19153613,8.88727665,3.29442143,-0.01462209,-,17.64705849,-0.03455548,-,-,62.59999847,22.15246964,0,-,-114.8293991,36.92700577,-76.3183136,8.23529434,0,0,-
Thu Nov 09 13:16:44 EST 2017,16:43.6,-76.31831329,36.92700479,0,3,-35,0,0.22984336,8.84896946,3.29442143,-0.01819468,-,17.64705849,-0.03686576,-,-,62.59999847,22.15246964,0,-,-114.8293991,36.92700577,-76.3183136,8.23529434,0,0,-
Thu Nov 09 13:16:46 EST 2017,16:45.7,-76.31831332,36.92700481,0,3,-35,0,0.22984336,8.88727665,3.29442143,-0.01453531,-,17.64705849,-0.0332051,-,-,62.59999847,22.15246964,0,-,-114.8293991,36.92700577,-76.3183136,8.23529434,0,0,-
Thu Nov 09 13:16:48 EST 2017,16:47.6,-76.31831337,36.92700481,0,3,-35,0,0.22984336,8.88727665,3.29442143,-0.01453531,-,17.64705849,-0.0332051,-,-,62.59999847,22.15246964,0,-,-114.8293991,36.92700577,-76.3183136,8.23529434,0,0,-
Thu Nov 09 13:16:50 EST 2017,16:49.7,-76.31831338,36.9270048,0,3,-35,0,0.22984336,8.88727665,3.25611424,-0.01759622,-,17.64705849,-0.0332051,-,-,62.59999847,22.15246964,0,-,-114.8293991,36.92700577,-76.3183136,8.23529434,0,0,-
Thu Nov 09 13:16:52 EST 2017,16:51.6,-76.31831344,36.92700479,0,3,-35,0,0.22984336,8.88727665,3.29442143,-0.01453531,-,17.64705849,-0.0332051,-,-,62.59999847,22.15246964,0,-,-114.8293991,36.92700577,-76.3183136,8.23529434,0,0,-
Thu Nov 09 13:16:54 EST 2017,16:53.5,-76.31831354,36.92700482,0,3,-35,0,0.19153613,8.88727665,3.29442143,-0.01462209,-,17.64705849,-0.03455548,-,-,62.59999847,22.15246964,0,-,-114.8293991,36.92700577,-76.3183136,8.23529434,0,0,-
Thu Nov 09 13:16:56 EST 2017,16:55.4,-76.31831371,36.92700488,0,3,-35,0,0.19153613,8.88727665,3.29442143,-0.01462209,-,17.64705849,-0.03830854,-,-,62.59999847,22.15246964,0,-,-114.8293991,36.92700577,-76.3183136,8.23529434,0,0,-
Thu Nov 09 13:16:58 EST 2017,16:57.3,-76.31831382,36.92700491,0,3,-35,0,0.22984336,8.88727665,3.29442143,-0.01453531,-,17.64705849,-0.03329191,-,-,62.59999847,22.15246964,0,-,-114.8293991,36.92700577,-76.3183136,8.23529434,0,0,-
Thu Nov 09 13:17:00 EST 2017,16:59.3,-76.31831379,36.92700487,0,3,-35,0,0.19153613,8.88727665,3.29442143,-0.01585412,-,17.64705849,-0.0332051,-,-,62.59999847,22.15246964,0,-,-114.8293991,36.92700577,-76.3183136,8.23529434,0,0,-
Thu Nov 09 13:17:02 EST 2017,17:01.3,-76.31831381,36.92700484,0,3,-35,0,0.19153613,8.88727665,3.29442143,-0.01462209,-,17.64705849,-0.03329191,-,-,62.59999847,22.15246964,0,-,-114.8293991,36.92700577,-76.3183136,8.23529434,0,0,-
Thu Nov 09 13:17:04 EST 2017,17:03.1,-76.31831377,36.92700481,0,3,-35,0,0.19153613,8.84896946,3.29442143,-0.01828182,-,17.64705849,-0.0369529,-,-,62.59999847,22.15246964,0,-,-114.8293991,36.92700577,-76.3183136,8.23529434,0,0,-
Thu Nov 09 13:17:06 EST 2017,17:04.9,-76.3183138,36.92700485,0,3,-35,0,0.19153613,8.88727665,3.29442143,-0.01630381,-,17.64705849,-0.03329191,-,-,62.59999847,22.15246964,0,-,-114.8293991,36.92700577,-76.3183136,8.23529434,0,0,-
Thu Nov 09 13:17:07 EST 2017,17:06.8,-76.31831382,36.92700486,0,3,-35,0,0.19153613,8.88727665,3.29442143,-0.01462209,-,17.64705849,-0.03329191,-,-,62.59999847,22.15246964,0,-,-114.8293991,36.92700577,-76.3183136,8.23529434,0,0,-
Thu Nov 09 13:17:09 EST 2017,17:08.7,-76.31831383,36.92700486,0,3,-35,0,0.19153613,8.88727665,3.29442143,-0.01462209,-,17.64705849,-0.0332051,-,-,62.59999847,22.15246964,0,-,-114.8293991,36.92700577,-76.3183136,8.23529434,0,0,-
Thu Nov 09 13:17:11 EST 2017,17:10.5,-76.31831385,36.92700485,0,3,-35,0,0.19153613,8.88727665,3.29442143,-0.01462209,-,17.64705849,-0.03329191,-,-,62.59999847,22.15246964,0,-,-114.8293991,36.92700577,-76.3183136,8.23529434,0,0,-
Thu Nov 09 13:17:13 EST 2017,17:12.4,-76.31831399,36.92700494,0,3,-35,0,0.19153613,8.84896946,3.29442143,-0.01828182,-,17.64705849,-0.0332051,-,-,62.59999847,22.15246964,0,-,-114.8293991,36.92700577,-76.3183136,8.23529434,0,0,-
Thu Nov 09 13:17:15 EST 2017,17:14.4,-76.31831407,36.92700498,0,3,-35,0,0.19153613,8.88727665,3.25611424,-0.01585282,-,17.64705849,-0.03464241,-,-,62.59999847,22.15246964,0,-,-114.8293991,36.92700577,-76.3183136,8.23529434,0,0,-
Thu Nov 09 13:17:17 EST 2017,17:16.5,-76.31831406,36.92700494,0,3,-35,0,0.22984336,8.88727665,3.25611424,-0.01588517,-,17.64705849,-0.03455548,-,-,62.59999847,22.15246964,0,-,-114.8293991,36.92700577,-76.3183136,8.23529434,0,0,-
Thu Nov 09 13:17:19 EST 2017,17:18.5,-76.3183141,36.92700496,0,3,-35,0,0.22984336,8.88727665,3.29442143,-0.0169127,-,17.64705849,-0.03686576,-,-,62.59999847,22.15246964,0,-,-114.8293991,36.92700577,-76.3183136,8.23529434,0,0,-
Thu Nov 09 13:17:21 EST 2017,17:20.3,-76.31831416,36.92700499,0,3,-35,0,0.19153613,8.84896946,3.29442143,-0.01828182,-,17.64705849,-0.03329191,-,-,62.59999847,22.15246964,0,-,-114.8293991,36.92700577,-76.3183136,8.23529434,0,0,-
Thu Nov 09 13:17:23 EST 2017,17:22.3,-76.31831416,36.92700496,0,3,-35.09999847,0,0.19153613,8.84896946,3.25611424,-0.01671469,-,17.64705849,-0.03822128,-,-,62.59999847,22.15246964,0,-,-115.1574783,36.92700577,-76.3183136,8.23529434,0,0,-
Thu Nov 09 13:17:25 EST 2017,17:24.2,-76.31831416,36.92700497,0,4,-35.09999847,0,0.19153613,8.84896946,3.25611424,-0.01963699,-,17.64705849,-0.03464241,-,-,62.59999847,22.15246964,0,-,-115.1574783,36.92700577,-76.3183136,8.23529434,0,0,-
Thu Nov 09 13:17:27 EST 2017,17:26.0,-76.31831421,36.92700502,0,3,-35.09999847,0,0.22984336,8.84896946,3.25611424,-0.01732378,-,17.64705849,-0.03822128,-,-,62.59999847,22.15246964,0,-,-115.1574783,36.92700577,-76.3183136,8.23529434,0,0,-
Thu Nov 09 13:17:28 EST 2017,17:27.8,-76.31831427,36.92700505,0,3,-35.09999847,0,0.19153613,8.88727665,3.29442143,-0.01462209,-,17.64705849,-0.0332051,-,-,62.59999847,22.15246964,0,-,-115.1574783,36.92700577,-76.3183136,8.23529434,0,0,-
Thu Nov 09 13:17:30 EST 2017,17:29.8,-76.3183143,36.92700505,0,3,-35.09999847,0,0.19153613,8.88727665,3.29442143,-0.01551533,-,17.64705849,-0.0369529,-,-,62.59999847,22.15246964,0,-,-115.1574783,36.92700577,-76.3183136,8.23529434,0,0,-
Thu Nov 09 13:17:32 EST 2017,17:31.7,-76.31831426,36.92700505,0,4,-35.09999847,0,0.19153613,8.88727665,3.29442143,-0.01462209,-,17.64705849,-0.0369529,-,-,62.59999847,22.15246964,0,-,-115.1574783,36.92700577,-76.3183136,8.23529434,0,0,-
Thu Nov 09 13:17:34 EST 2017,17:33.6,-76.31831429,36.92700505,0,4,-35.09999847,0,0.22984336,8.88727665,3.29442143,-0.01453531,-,17.64705849,-0.0332051,-,-,62.59999847,22.15246964,0,-,-115.1574783,36.92700577,-76.3183136,8.23529434,0,0,-
Thu Nov 09 13:17:36 EST 2017,17:35.5,-76.3183143,36.92700505,0,3,-35.09999847,0,0.19153613,8.84896946,3.29442143,-0.01828182,-,17.64705849,-0.03329191,-,-,62.59999847,22.15246964,0,-,-115.1574783,36.92700577,-76.3183136,8.23529434,0,0,-
Thu Nov 09 13:17:38 EST 2017,17:37.4,-76.31831434,36.92700505,0,3,-35.09999847,0,0.19153613,8.88727665,3.25611424,-0.01525366,-,17.64705849,-0.03464241,-,-,62.59999847,22.15246964,0,-,-115.1574783,36.92700577,-76.3183136,8.23529434,0,0,-
Thu Nov 09 13:17:40 EST 2017,17:39.3,-76.3183144,36.92700505,0,3,-35.09999847,0,0.22984336,8.88727665,3.29442143,-0.01632119,-,17.64705849,-0.0332051,-,-,62.59999847,22.15246964,0,-,-115.1574783,36.92700577,-76.3183136,8.23529434,0,0,-
Thu Nov 09 13:17:42 EST 2017,17:41.2,-76.31831445,36.92700502,0,3,-35,0,0.22984336,8.88727665,3.29442143,-0.0158311,-,17.64705849,-0.03329191,-,-,62.59999847,22.15246964,0,-,-114.8293991,36.92700577,-76.3183136,8.23529434,0,0,-
Thu Nov 09 13:17:44 EST 2017,17:43.3,-76.31831449,36.92700499,0,3,-35,0,0.19153613,8.88727665,3.29442143,-0.01462209,-,17.64705849,-0.03686576,-,-,62.59999847,22.15246964,0,-,-114.8293991,36.92700577,-76.3183136,8.23529434,0,0,-
Thu Nov 09 13:17:46 EST 2017,17:45.3,-76.31831453,36.92700499,0,3,-35,0,0.19153613,8.88727665,3.25611424,-0.01597208,-,17.64705849,-0.03329191,-,-,62.59999847,22.15246964,0,-,-114.8293991,36.92700577,-76.3183136,8.23529434,0,0,-
Thu Nov 09 13:17:48 EST 2017,17:47.2,-76.31831453,36.92700496,0,3,-35,0,0.19153613,8.88727665,3.29442143,-0.01462209,-,17.64705849,-0.0332051,-,-,62.59999847,22.15246964,0,-,-114.8293991,36.92700577,-76.3183136,8.23529434,0,0,-
Thu Nov 09 13:17:50 EST 2017,17:49.2,-76.31831449,36.92700492,0,3,-35,0,0.19153613,8.88727665,3.29442143,-0.01542812,-,17.64705849,-0.03329191,-,-,62.59999847,22.15246964,0,-,-114.8293991,36.92700577,-76.3183136,8.23529434,0,0,-
Thu Nov 09 13:17:52 EST 2017,17:51.2,-76.31831446,36.92700488,0,3,-35,0,0.19153613,8.88727665,3.25611424,-0.01619029,-,17.64705849,-0.0369529,-,-,62.59999847,22.15246964,0,-,-114.8293991,36.92700577,-76.3183136,8.23529434,0,0,-
Thu Nov 09 13:17:54 EST 2017,17:53.3,-76.31831448,36.92700488,0,3,-35,0,0.22984336,8.88727665,3.29442143,-0.01558925,-,17.64705849,-0.0332051,-,-,62.59999847,22.15246964,0,-,-114.8293991,36.92700577,-76.3183136,8.23529434,0,0,-
Thu Nov 09 13:17:56 EST 2017,17:55.3,-76.31831448,36.92700486,0,3,-35.09999847,0,0.22984336,8.88727665,3.29442143,-0.01489447,-,17.64705849,-0.03329191,-,-,62.59999847,22.15246964,0,-,-115.1574783,36.92700577,-76.3183136,8.23529434,0,0,-
Thu Nov 09 13:17:58 EST 2017,17:57.2,-76.31831445,36.92700481,0,3,-35.09999847,0,0.22984336,8.88727665,3.29442143,-0.01453531,-,17.64705849,-0.0332051,-,-,62.59999847,22.15246964,0,-,-115.1574783,36.92700577,-76.3183136,8.23529434,0,0,-
Thu Nov 09 13:18:00 EST 2017,17:59.2,-76.31831446,36.92700479,0,3,-35.09999847,0,0.22984336,8.88727665,3.29442143,-0.01453531,-,17.64705849,-0.0332051,-,-,62.59999847,22.15246964,0,-,-115.1574783,36.92700577,-76.3183136,8.23529434,0,0,-
Thu Nov 09 13:18:01 EST 2017,18:01.1,-76.31831442,36.92700476,0,3,-35.09999847,0,0.19153613,8.84896946,3.29442143,-0.01678945,-,17.64705849,-0.03464241,-,-,62.59999847,22.15246964,0,-,-115.1574783,36.92700577,-76.3183136,8.23529434,0,0,-
Thu Nov 09 13:18:03 EST 2017,18:03.1,-76.31831438,36.92700471,0,3,-35.09999847,0,0.22984336,8.84896946,3.29442143,-0.01819468,-,17.64705849,-0.03686576,-,-,62.59999847,22.15246964,0,-,-115.1574783,36.92700577,-76.3183136,8.23529434,0,0,-
Thu Nov 09 13:18:05 EST 2017,18:04.9,-76.31831434,36.92700465,0,3,-35.09999847,0,0.22984336,8.84896946,3.25611424,-0.0158789,-,17.64705849,-0.03464241,-,-,62.59999847,22.15246964,0,-,-115.1574783,36.92700577,-76.3183136,8.23529434,0,0,-
Thu Nov 09 13:18:07 EST 2017,18:06.8,-76.31831437,36.92700462,0,3,-35.09999847,0,0.22984336,8.88727665,3.29442143,-0.01549363,-,17.64705849,-0.0332051,-,-,62.59999847,22.15246964,0,-,-115.1574783,36.92700577,-76.3183136,8.23529434,0,0,-
Thu Nov 09 13:18:10 EST 2017,18:08.9,-76.3183144,36.92700452,0,3,-35,0,0.19153613,8.88727665,3.25611424,-0.01597208,-,17.64705849,-0.03464241,-,-,62.59999847,22.15246964,0,-,-114.8293991,36.92700577,-76.3183136,8.23529434,0,0,-
Thu Nov 09 13:18:11 EST 2017,18:10.8,-76.31831441,36.92700447,0,3,-35,0,0.19153613,8.88727665,3.25611424,-0.01633855,-,17.64705849,-0.03464241,-,-,62.59999847,22.15246964,0,-,-114.8293991,36.92700577,-76.3183136,8.23529434,0,0,-
Thu Nov 09 13:18:13 EST 2017,18:12.7,-76.31831439,36.92700437,0,3,-35,0,0.19153613,8.88727665,3.29442143,-0.01462209,-,17.64705849,-0.03329191,-,-,62.59999847,22.15246964,0,-,-114.8293991,36.92700577,-76.3183136,8.23529434,0,0,-
Thu Nov 09 13:18:15 EST 2017,18:14.8,-76.31831432,36.92700431,0,3,-35,0,0.22984336,8.84896946,3.29442143,-0.0170705,-,17.64705849,-0.03686576,-,-,62.59999847,22.15246964,0,-,-114.8293991,36.92700577,-76.3183136,8.23529434,0,0,-
Thu Nov 09 13:18:17 EST 2017,18:16.8,-76.31831437,36.92700432,0,3,-35,0,0.22984336,8.88727665,3.29442143,-0.0165922,-,17.64705849,-0.0332051,-,-,62.59999847,22.15246964,0,-,-114.8293991,36.92700577,-76.3183136,8.23529434,0,0,-
Thu Nov 09 13:18:19 EST 2017,18:18.7,-76.31831435,36.92700428,0,3,-35,0,0.22984336,8.88727665,3.25611424,-0.01588517,-,17.64705849,-0.03455548,-,-,62.59999847,22.15246964,0,-,-114.8293991,36.92700577,-76.3183136,8.23529434,0,0,-
Thu Nov 09 13:18:21 EST 2017,18:20.8,-76.31831438,36.92700429,0,3,-35,0,0.19153613,8.88727665,3.25611424,-0.01597208,-,17.64705849,-0.0332051,-,-,62.59999847,22.15246964,0,-,-114.8293991,36.92700577,-76.3183136,8.23529434,0,0,-
Thu Nov 09 13:18:23 EST 2017,18:22.8,-76.31831441,36.9270043,0,3,-35,0,0.22984336,8.88727665,3.29442143,-0.01672839,-,17.64705849,-0.03464241,-,-,62.59999847,22.15246964,0,-,-114.8293991,36.92700577,-76.3183136,8.23529434,0,0,-
Thu Nov 09 13:18:25 EST 2017,18:24.8,-76.31831444,36.9270043,0,3,-35.09999847,0,0.19153613,8.84896946,3.25611424,-0.01963699,-,17.64705849,-0.03329191,-,-,62.59999847,22.15246964,0,-,-115.1574783,36.92700577,-76.3183136,8.23529434,0,0,-
Thu Nov 09 13:18:27 EST 2017,18:26.8,-76.3183144,36.92700427,0,3,-35.09999847,0,0.19153613,8.84896946,3.25611424,-0.01963699,-,17.64705849,-0.03830854,-,-,62.59999847,22.15246964,0,-,-115.1574783,36.92700577,-76.3183136,8.23529434,0,0,-
Thu Nov 09 13:18:29 EST 2017,18:28.7,-76.31831434,36.92700422,0,3,-35.09999847,0,0.22984336,8.84896946,3.29442143,-0.01819468,-,17.64705849,-0.03329191,-,-,62.59999847,22.15246964,0,-,-115.1574783,36.92700577,-76.3183136,8.23529434,0,0,-
Thu Nov 09 13:18:31 EST 2017,18:30.6,-76.31831431,36.92700419,0,3,-35.09999847,0,0.22984336,8.88727665,3.29442143,-0.01453531,-,17.64705849,-0.03455548,-,-,62.59999847,22.15246964,0,-,-115.1574783,36.92700577,-76.3183136,8.23529434,0,0,-
Thu Nov 09 13:18:33 EST 2017,18:32.6,-76.31831431,36.92700415,0,3,-35.09999847,0,0.19153613,8.88727665,3.29442143,-0.01674727,-,17.64705849,-0.03329191,-,-,62.59999847,22.15246964,0,-,-115.1574783,36.92700577,-76.3183136,8.23529434,0,0,-
Thu Nov 09 13:18:35 EST 2017,18:34.5,-76.31831425,36.92700409,0,3,-35.09999847,0,0.22984336,8.84896946,3.29442143,-0.01819468,-,17.64705849,-0.03686576,-,-,62.59999847,22.15246964,0,-,-115.1574783,36.92700577,-76.3183136,8.23529434,0,0,-
Thu Nov 09 13:18:37 EST 2017,18:36.4,-76.31831414,36.92700403,0,3,-35.09999847,0,0.22984336,8.84896946,3.29442143,-0.01819468,-,17.64705849,-0.03686576,-,-,62.59999847,22.15246964,0,-,-115.1574783,36.92700577,-76.3183136,8.23529434,0,0,-
Thu Nov 09 13:18:39 EST 2017,18:38.5,-76.31831408,36.92700398,0,3,-35.09999847,0,0.19153613,8.88727665,3.29442143,-0.01551533,-,17.64705849,-0.0332051,-,-,62.59999847,22.15246964,0,-,-115.1574783,36.92700577,-76.3183136,8.23529434,0,0,-
Thu Nov 09 13:18:41 EST 2017,18:40.7,-76.31831397,36.9270039,0,3,-35.09999847,0,0.19153613,8.88727665,3.25611424,-0.01619162,-,17.64705849,-0.03329191,-,-,62.59999847,22.15246964,0,-,-115.1574783,36.92700577,-76.3183136,8.23529434,0,0,-
Thu Nov 09 13:18:43 EST 2017,18:42.6,-76.31831383,36.92700382,0,3,-35.09999847,0,0.19153613,8.88727665,3.25611424,-0.01641761,-,17.64705849,-0.03464241,-,-,62.59999847,22.15246964,0,-,-115.1574783,36.92700195,-76.3183136,8.23529434,0,0,-
Thu Nov 09 13:18:45 EST 2017,18:44.5,-76.31831373,36.92700376,0,3,-35.09999847,0,0.19153613,8.88727665,3.29442143,-0.01541363,-,17.64705849,-0.03329191,-,-,62.59999847,22.15246964,0,-,-115.1574783,36.92700195,-76.3183136,8.23529434,0,0,-
Thu Nov 09 13:18:47 EST 2017,18:46.5,-76.3183137,36.92700372,0,3,-35,0,0.19153613,8.84896946,3.29442143,-0.01676767,-,17.64705849,-0.0369529,-,-,62.59999847,22.15246964,0,-,-114.8293991,36.92700195,-76.3183136,8.23529434,0,0,-
Thu Nov 09 13:18:49 EST 2017,18:48.3,-76.31831363,36.92700366,0,3,-35,0,0.19153613,8.88727665,3.29442143,-0.01462209,-,17.64705849,-0.0332051,-,-,62.59999847,22.15246964,0,-,-114.8293991,36.92700195,-76.3183136,8.23529434,0,0,-
Thu Nov 09 13:18:51 EST 2017,18:50.2,-76.3183136,36.92700363,0,3,-35,0,0.19153613,8.84896946,3.29442143,-0.0165922,-,17.64705849,-0.0369529,-,-,62.59999847,22.15246964,0,-,-114.8293991,36.92700195,-76.3183136,8.23529434,0,0,-
Thu Nov 09 13:18:53 EST 2017,18:52.2,-76.31831355,36.92700361,0,3,-35,0,0.19153613,8.88727665,3.25611424,-0.01597208,-,17.64705849,-0.03464241,-,-,62.59999847,22.15246964,0,-,-114.8293991,36.92700195,-76.3183136,8.23529434,0,0,-
Thu Nov 09 13:18:55 EST 2017,18:54.4,-76.31831353,36.92700361,0,3,-35,0,0.22984336,8.88727665,3.25611424,-0.01588517,-,17.64705849,-0.03455548,-,-,62.59999847,22.15246964,0,-,-114.8293991,36.92700195,-76.3183136,8.23529434,0,0,-
Thu Nov 09 13:18:57 EST 2017,18:56.3,-76.31831345,36.92700357,0,3,-35,0,0.30645782,8.96389103,3.25611424,-0.008331,-,17.64705849,-0.02699868,-,-,62.59999847,22.15246964,0,-,-114.8293991,36.92700195,-76.3183136,8.23529434,0,0,-
Thu Nov 09 13:18:58 EST 2017,18:58.1,-76.31831342,36.92700354,0,3,-35,0,0.22984336,8.88727665,3.25611424,-0.01557415,-,17.64705849,-0.03455548,-,-,62.59999847,22.15246964,0,-,-114.8293991,36.92700195,-76.3183136,8.23529434,0,0,-
Thu Nov 09 13:19:00 EST 2017,19:00.0,-76.31831335,36.9270035,0,3,-35,0,0.19153613,8.84896946,3.06457806,-0.02620214,-,22.74509811,-0.04898254,-,-,66.19999695,22.15246964,0,-,-114.8293991,36.92700195,-76.3183136,16.07843208,0,0,-
Thu Nov 09 13:19:03 EST 2017,19:02.7,-76.31831332,36.92700348,0,3,-35,0,0.19153613,8.92558384,3.25611424,-0.01230538,-,15.68627453,-0.0309744,-,-,66.19999695,22.15246964,1156,-,-114.8293991,36.92700195,-76.3183136,5.88235283,0,0,-
Thu Nov 09 13:19:07 EST 2017,19:07.0,-76.31831324,36.92700347,0,3,-35,0,0.22984336,8.88727665,3.29442143,-0.01418854,-,15.68627453,-0.029629,-,-,66.19999695,22.15246964,791,-,-114.8293991,36.92700195,-76.3183136,5.88235283,0,0,-
Thu Nov 09 13:19:09 EST 2017,19:08.9,-76.31831322,36.92700348,0,3,-35,0,0.22984336,8.92558384,3.29442143,-0.01087397,-,16.86274529,-0.02954252,-,-,66.19999695,22.15246964,887,-,-114.8293991,36.92700195,-76.3183136,7.45098066,0,0,-
Thu Nov 09 13:19:11 EST 2017,19:11.0,-76.31831319,36.92700348,0,3,-35,0,0.22984336,8.88727665,3.29442143,-0.01453531,-,16.47058868,-0.0332051,-,-,66.19999695,22.15246964,892,-,-114.8293991,36.92700195,-76.3183136,7.05882359,0,0,-
Thu Nov 09 13:19:14 EST 2017,19:13.1,-76.31831311,36.92700347,0,3,-35,0,0.19153613,8.92558384,3.29442143,-0.0109604,-,16.47058868,-0.029629,-,-,66.19999695,22.15246964,885,-,-114.8293991,36.92700195,-76.3183136,7.05882359,0,0,-
Thu Nov 09 13:19:16 EST 2017,19:15.1,-76.31831317,36.92700349,0,3,-35,0,0.22984336,8.88727665,3.29442143,-0.01453531,-,16.47058868,-0.02587805,-,-,66.19999695,22.15246964,888,-,-114.8293991,36.92700195,-76.3183136,6.66666698,0,0,-
Thu Nov 09 13:19:18 EST 2017,19:17.2,-76.31831309,36.92700345,0,3,-35,0,0.2681506,8.73404789,3.90733719,-0.00526315,-,18.03921509,-0.01733159,-,-,66.19999695,22.15246964,855,-,-114.8293991,36.92700195,-76.3183136,7.84313726,0,0,-
Thu Nov 09 13:19:20 EST 2017,19:19.5,-76.31831303,36.92700862,0.25,4,-35,173,0.30645782,8.65743351,3.715801,-0.01239575,-,17.25490189,-0.02505603,-,-,66.19999695,22.05138397,885,-,-114.8293991,36.92700958,-76.3183136,8.23529434,0.55923408,0.62137121,0.63857466
Thu Nov 09 13:19:22 EST 2017,19:21.5,-76.31831156,36.92701612,0.25,4,-35.09999847,173,0.03830723,8.73404789,3.83072281,-0.01007679,-,17.25490189,-0.03344976,-,-,66.19999695,21.95124435,896,-,-115.1574783,36.92701721,-76.3183136,7.84313726,0.55923408,0.62137121,0.63857466
Thu Nov 09 13:19:24 EST 2017,19:23.6,-76.31831179,36.92702713,0.5,3,-34.09999847,173,0.5363012,9.0788126,3.40934324,-0.01394966,-,18.8235302,-0.00958266,-,-,66.19999695,21.85781479,945,-,-111.8766327,36.92702866,-76.3183136,9.8039217,1.11846817,1.86411357,3.55050015
Thu Nov 09 13:19:26 EST 2017,19:25.7,-76.31831497,36.92704787,1,4,-34.20000076,350.8,0.42137951,9.27034855,2.22181916,-0.01389581,-,17.25490189,-0.05746793,-,-,66.19999695,21.76525307,926,-,-112.2047272,36.92704773,-76.3183136,7.84313726,2.23693633,1.86411357,3.55050015
Thu Nov 09 13:19:28 EST 2017,19:27.8,-76.31832501,36.92706349,1,4,-33.40000153,331.6,-0.38307226,9.46188545,1.64721072,-0.00120062,-,20,-0.01986585,-,-,66.19999695,21.76525307,848,-,-109.5800552,36.92706299,-76.31832123,9.4117651,2.23693633,0,-
Thu Nov 09 13:19:30 EST 2017,19:30.0,-76.31832053,36.92706437,0.75,4,-33.5,331.6,-0.07661445,9.15542698,2.71981311,-0.00738305,-,21.56862831,-0.05127167,-,-,66.19999695,21.68785858,1252,-,-109.9081345,36.92706299,-76.31832123,12.54901981,1.67770207,4.97096968,28.18193817
Thu Nov 09 13:19:33 EST 2017,19:32.2,-76.31821576,36.92706183,4,4,-33,87.7,0.65122288,8.88727665,2.7581203,-0.00567876,-,20.7843132,-0.03486372,-,-,66.19999695,21.63112831,1478,-,-108.2677155,36.92706299,-76.31821442,12.54901981,8.94774532,9.32056808,37.9862709
Thu Nov 09 13:19:35 EST 2017,19:34.4,-76.31805641,36.92707042,5.75,3,-32.70000076,84.9,0.45968673,8.61912632,3.98395157,-0.01194334,-,15.29411793,-0.02990422,-,-,66.19999695,21.59193993,1635,-,-107.2834702,36.92707062,-76.3180542,5.09803915,12.86238289,13.04879475,40.64979172
Thu Nov 09 13:19:37 EST 2017,19:36.4,-76.31793398,36.92707649,5.25,3,-33.59999847,87.2,0.5363012,8.77235508,4.8267107,0.04111129,-,14.90196133,-0.04434085,-,-,66.19999695,21.54745865,1440,-,-110.2362137,36.92707825,-76.31793213,5.49019623,11.74391556,11.80605221,40.64979172
Thu Nov 09 13:19:39 EST 2017,19:38.5,-76.31784061,36.92708044,3.75,3,-32.70000076,85.3,0.80445176,8.00621033,5.17147589,-0.00596666,-,15.68627453,-0.0305336,-,-,66.19999695,21.48650932,1058,-,-107.2834702,36.92708206,-76.31784058,6.66666698,8.3885107,8.07782555,-
Thu Nov 09 13:19:41 EST 2017,19:40.7,-76.31779,36.92708648,2,4,-33.20000076,89,0.57460839,8.92558384,3.25611424,-0.0165922,-,16.47058868,-0.03227436,-,-,64.40000153,21.40091896,852,-,-108.9238892,36.92708588,-76.31778717,7.05882359,4.47387266,2.48548484,-
Thu Nov 09 13:19:43 EST 2017,19:42.9,-76.31779362,36.92708778,0.5,4,-33.29999924,89,1.22583127,9.0788126,2.83473492,-0.00345206,-,18.4313736,-0.01223612,-,-,64.40000153,21.31052399,811,-,-109.2519684,36.92708588,-76.3177948,8.23529434,1.11846817,1.24274242,-
Thu Nov 09 13:19:46 EST 2017,19:45.0,-76.3177358,36.92703166,3.25,4,-34,146.2,1.8770541,9.04050541,1.64721072,-0.02492541,-,23.52941132,-0.04359874,-,-,64.40000153,21.23757935,1437,-,-111.5485535,36.92703247,-76.31773376,14.90196133,7.2700429,4.97096968,18.51992416
Thu Nov 09 13:19:47 EST 2017,19:47.2,-76.31772567,36.92697541,4.5,4,-34,168.6,-1.03429508,9.80665016,2.83473492,0.00925682,-,29.01960754,-0.01583434,-,-,64.40000153,21.19842339,1932,-,-111.5485535,36.92697525,-76.31772614,21.17647171,10.06621265,12.42742348,67.00364685
Thu Nov 09 13:19:50 EST 2017,19:49.3,-76.31769232,36.92675825,9.5,3,-33.5,174.7,0,8.92558384,2.98796368,-0.00946283,-,21.96078491,-0.00928233,-,-,64.40000153,21.19535637,1677,-,-109.9081345,36.92675781,-76.31769562,14.11764717,21.25089455,20.50524902,134.6335297
Thu Nov 09 13:19:52 EST 2017,19:51.4,-76.31767343,36.92657,10.5,3,-33.5,174.9,-0.42137951,8.61912632,3.79241538,-0.01754738,-,18.4313736,0.00543258,-,-,64.40000153,21.20326614,1777,-,-109.9081345,36.92657089,-76.31767273,9.4117651,23.48783112,22.9907341,47.82979202
Thu Nov 09 13:19:54 EST 2017,19:53.6,-76.31764813,36.92637821,10.5,4,-33.5,172.9,0.07661445,8.31266785,3.63918662,-0.05595523,-,15.29411793,-0.07463919,-,-,64.40000153,21.21383095,1377,-,-109.9081345,36.92637634,-76.31764984,5.88235283,23.48783112,23.61210442,14.72885895
Thu Nov 09 13:19:56 EST 2017,19:55.8,-76.31762071,36.9261962,10.25,3,-33.40000153,171.5,0.5363012,8.92558384,3.67749381,-0.01400985,-,14.90196133,-0.01409933,-,-,64.40000153,21.21887589,1275,-,-109.5800552,36.92619705,-76.31761932,5.09803915,22.9285965,22.36936378,14.72885895
Thu Nov 09 13:19:58 EST 2017,19:57.9,-76.31758949,36.92602405,9.5,3,-33.59999847,170.5,-0.15322891,8.38928318,4.175488,-0.01768525,-,14.50980377,-0.04430092,-,-,64.40000153,21.21847534,1200,-,-110.2362137,36.92602539,-76.31758881,4.70588255,21.25089455,21.12662125,-
Thu Nov 09 13:20:00 EST 2017,20:00.1,-76.31755278,36.92586396,8.75,3,-33.70000076,169.1,0.45968673,8.04451752,5.63116217,0.02417004,-,13.72549057,0.00117424,-,-,62.59999847,21.20193863,1027,-,-110.5643082,36.92586517,-76.31755066,4.31372547,19.5731926,17.39839363,-
Thu Nov 09 13:20:02 EST 2017,20:02.1,-76.31752623,36.92575606,5.25,3,-33.90000153,167.9,0.2681506,8.35097599,4.32871675,-0.0059014,-,13.72549057,-0.04044492,-,-,62.59999847,21.13733482,747,-,-111.2204742,36.92575455,-76.31752777,4.70588255,11.74391556,6.21371174,-
Thu Nov 09 13:20:05 EST 2017,20:04.2,-76.31751802,36.9257351,0,3,-34.29999924,0,0.03830723,8.81066227,3.44765043,-0.01654899,-,14.50980377,-0.03521951,-,-,62.59999847,21.13733482,711,-,-112.5328064,36.92573547,-76.31752014,4.70588255,0,0,-
Thu Nov 09 13:20:07 EST 2017,20:06.4,-76.31751774,36.92573443,0,3,-34.29999924,0,0.15322891,8.88727665,3.56257224,-0.01392438,-,14.11764717,-0.04168613,-,-,62.59999847,21.13733482,665,-,-112.5328064,36.92573547,-76.31752014,4.70588255,0,0,-
Thu Nov 09 13:20:10 EST 2017,20:09.2,-76.31751728,36.92573245,0.25,3,-34.29999924,165.8,-0.5363012,9.6534214,1.07260239,0.00982128,-,14.11764717,-0.00303347,-,-,62.59999847,21.13733482,659,-,-112.5328064,36.92573166,-76.31752014,9.4117651,0.55923408,0,-
Thu Nov 09 13:20:15 EST 2017,20:14.8,-76.31743895,36.92543936,10,4,-34.09999847,166.9,-0.19153613,8.84896946,2.41335535,-0.04581541,-,14.11764717,-0.01893232,-,-,62.59999847,21.13733482,2045,-,-111.8766327,36.92543793,-76.31743622,9.4117651,22.36936378,0,-
Thu Nov 09 13:20:17 EST 2017,20:16.1,-76.317366,36.92522668,12.5,3,-33.79999924,164.6,-0.57460839,9.0788126,3.44765043,0.01473349,-,22.74509811,-0.00798168,-,-,64.40000153,21.16662216,2045,-,-110.8923874,36.92522812,-76.31736755,15.29411793,27.96170425,27.96170425,-
Thu Nov 09 13:20:19 EST 2017,20:18.4,-76.31727868,36.92499862,13.5,4,-33.59999847,162.5,-0.72783732,8.54251194,3.21780705,-0.04752088,-,21.96078491,-0.01883118,-,-,64.40000153,21.20362854,1758,-,-110.2362137,36.92499924,-76.317276,13.72549057,30.19863892,29.82581711,118.8821182
Thu Nov 09 13:20:21 EST 2017,20:20.6,-76.31718224,36.92475529,14.25,4,-33.29999924,161.4,-0.19153613,9.0788126,3.63918662,0.01623785,-,18.4313736,-0.00242145,-,-,62.59999847,21.24824905,1826,-,-109.2519684,36.9247551,-76.31718445,9.4117651,31.87634087,31.68992996,44.25711441
Thu Nov 09 13:20:23 EST 2017,20:22.8,-76.31706867,36.92450975,14.25,4,-33.29999924,158.9,-0.11492168,8.81066227,3.86903,-0.04237588,-,19.2156868,-0.03739664,-,-,62.59999847,21.29249382,1813,-,-109.2519684,36.92451096,-76.31707001,11.76470566,31.87634087,31.68992996,44.25711441
Thu Nov 09 13:20:25 EST 2017,20:25.1,-76.31695232,36.92427045,14.25,3,-32.70000076,158,-0.30645782,8.88727665,3.94564438,-0.00203134,-,16.47058868,-0.00795861,-,-,62.59999847,21.33374405,1774,-,-107.2834702,36.92427063,-76.31695557,7.45098066,31.87634087,31.06855965,-
Thu Nov 09 13:20:28 EST 2017,20:27.3,-76.31676039,36.92394275,13,4,-32.5,154.6,0.42137951,8.58081913,4.32871675,-0.00385902,-,16.47058868,-0.02643423,-,-,62.59999847,21.36681366,1683,-,-106.6272965,36.92394257,-76.3167572,5.88235283,29.08017159,29.20444679,-
Thu Nov 09 13:20:30 EST 2017,20:29.4,-76.31663962,36.92375323,11.5,4,-32.59999847,154,1.60890353,6.85699368,6.05254173,0.01630878,-,14.50980377,0.08797303,-,-,62.59999847,21.38400841,1476,-,-106.9553757,36.92375183,-76.31664276,4.70588255,25.72476578,25.47621918,-
Thu Nov 09 13:20:32 EST 2017,20:31.5,-76.31654627,36.92360996,8.25,4,-32.59999847,152.4,-0.8810662,9.92157173,1.99197578,0.0544582,-,26.27450943,-0.11820781,-,-,62.59999847,21.3699913,1067,-,-106.9553757,36.92361069,-76.31654358,14.11764717,18.45472336,18.01976395,-
Thu Nov 09 13:20:34 EST 2017,20:33.6,-76.31645505,36.92347424,9.25,4,-32.79999924,150.3,0.72783732,9.61511421,2.26012635,0.02857751,-,26.27450943,0.09889276,-,-,62.59999847,21.36898041,2089,-,-107.6115494,36.92347336,-76.31645203,21.56862831,20.69165993,21.12662125,42.63759232
Thu Nov 09 13:20:36 EST 2017,20:35.6,-76.31632353,36.92329084,12,4,-32.79999924,149.8,-1.07260239,9.69172859,2.60489154,0.04783231,-,26.27450943,0.02918383,-,-,62.59999847,21.39622307,2085,-,-107.6115494,36.92329025,-76.31632233,16.47058868,26.84323311,27.96170425,129.7264557
Thu Nov 09 13:20:38 EST 2017,20:37.7,-76.31617293,36.92308777,13.5,4,-33.20000076,148.4,-0.45968673,8.65743351,3.21780705,-0.03833675,-,26.27450943,-0.02733591,-,-,62.59999847,21.43347168,1774,-,-108.9238892,36.92308807,-76.31616974,13.72549057,30.19863892,30.44718933,62.98608398
Thu Nov 09 13:20:40 EST 2017,20:39.9,-76.31599078,36.92286985,14.5,4,-33.29999924,146.1,0.07661445,7.77636719,2.7581203,-0.03366724,-,27.05882454,-0.06656971,-,-,60.79999924,21.47805214,1856,-,-109.2519684,36.92287064,-76.31599426,16.47058868,32.43557358,32.31130219,49.55674362
Thu Nov 09 13:20:42 EST 2017,20:41.9,-76.31579155,36.92264756,15.25,4,-33.59999847,144.9,-0.76614451,8.96389103,3.25611424,0.00076307,-,27.05882454,-0.02436763,-,-,60.79999924,21.53241348,1632,-,-110.2362137,36.92264938,-76.31578827,16.07843208,34.11327744,34.79678726,72.17172241
Thu Nov 09 13:20:45 EST 2017,20:44.1,-76.31545309,36.92229891,16.5,4,-33.70000076,140.5,-0.5363012,8.58081913,2.98796368,-0.00960218,-,23.13725471,-0.07185659,-,-,60.79999924,21.59391212,1626,-,-110.5643082,36.92229843,-76.31545258,14.90196133,36.90944672,36.66090012,64.31079865
Thu Nov 09 13:20:47 EST 2017,20:46.3,-76.31519744,36.92206709,17.25,4,-33.29999924,138.2,-0.07661445,8.35097599,2.98796368,-0.07684535,-,21.56862831,0.01737385,-,-,60.79999924,21.66245842,1690,-,-109.2519684,36.92206573,-76.31520081,12.54901981,38.58715057,38.52501297,58.36936951
Thu Nov 09 13:20:49 EST 2017,20:48.5,-76.31493494,36.92183367,17.5,4,-33.20000076,138.4,0,9.46188545,3.14119267,-0.01256999,-,21.17647171,0.01662366,-,-,60.79999924,21.73295975,1709,-,-108.9238892,36.92183304,-76.31493378,12.94117641,39.14638519,39.14638519,19.77417374
Thu Nov 09 13:20:51 EST 2017,20:50.7,-76.31467,36.92159019,17.75,4,-32.40000153,138.7,-0.38307226,8.88727665,3.33272886,-0.01266748,-,20.3921566,-0.03133664,-,-,60.79999924,21.8053875,1733,-,-106.2992172,36.9215889,-76.31466675,12.15686321,39.705616,39.76775742,19.46244621
Thu Nov 09 13:20:53 EST 2017,20:52.7,-76.31441119,36.92134104,18,5,-32.79999924,140.1,-0.07661445,8.73404789,3.63918662,-0.01645416,-,20.3921566,0.05544677,-,-,60.79999924,21.8797226,1763,-,-107.6115494,36.92134094,-76.31441498,12.54901981,40.26485062,40.38912582,19.58880615
Thu Nov 09 13:20:55 EST 2017,20:55.0,-76.3141326,36.9210921,18.25,5,-33.40000153,138.5,0.49799395,8.77235508,3.44765043,-0.01885217,-,18.03921509,-0.03752346,-,-,60.79999924,21.95346451,1767,-,-109.5800552,36.92109299,-76.31413269,8.62745094,40.82408524,40.38912582,19.58880615
Thu Nov 09 13:20:58 EST 2017,20:57.2,-76.31373845,36.92072584,18,6,-33.5,139.2,0.34476504,9.27034855,3.44765043,0.0278371,-,21.17647171,0.00918173,-,-,60.79999924,22.02662277,1751,-,-109.9081345,36.92072678,-76.31373596,12.15686321,40.26485062,40.38912582,-
Thu Nov 09 13:21:00 EST 2017,20:59.2,-76.31346511,36.92047026,18.25,6,-34.09999847,139,0.11492168,8.81066227,3.60087943,-0.01068532,-,21.17647171,-0.10157949,-,-,60.79999924,22.0992012,1764,-,-111.8766327,36.92047119,-76.3134613,7.84313726,40.82408524,40.38912582,-
Thu Nov 09 13:21:02 EST 2017,21:01.4,-76.3131818,36.92020811,18,5,-33.59999847,139.2,0.19153613,8.92558384,3.60087943,0.00029224,-,19.2156868,-0.01837251,-,-,60.79999924,22.16876221,1725,-,-110.2362137,36.92020798,-76.31317902,10.98039246,40.26485062,39.76775742,-
Thu Nov 09 13:21:04 EST 2017,21:03.6,-76.31291919,36.91998386,17.5,5,-33.79999924,137.9,0.22984336,8.73404789,3.52426481,-0.03575057,-,17.64705849,-0.03414464,-,-,60.79999924,22.23534203,1712,-,-110.8923874,36.91998291,-76.31291962,8.23529434,39.14638519,39.14638519,-
Thu Nov 09 13:21:06 EST 2017,21:05.8,-76.31268181,36.91973772,17.5,6,-34.40000153,138.9,0.07661445,8.61912632,3.52426481,-0.03175193,-,18.8235302,-0.05878827,-,-,60.79999924,22.29897308,1680,-,-112.8609009,36.91973877,-76.31268311,9.4117651,39.14638519,38.52501297,-
Thu Nov 09 13:21:08 EST 2017,21:08.0,-76.31247718,36.91950455,16.75,6,-33.59999847,139.8,0,8.88727665,3.25611424,-0.01616961,-,18.4313736,-0.03484001,-,-,60.79999924,22.35969162,1691,-,-110.2362137,36.91950607,-76.31247711,9.4117651,37.46868134,37.90364456,-
Thu Nov 09 13:21:11 EST 2017,21:10.2,-76.31209745,36.91915746,17,6,-32.5,138.5,0.49799395,8.50420475,3.86903,-0.01562484,-,16.47058868,-0.04593087,-,-,60.79999924,22.41993904,1659,-,-106.6272965,36.91915894,-76.31209564,7.05882359,38.02791595,37.90364456,-
Thu Nov 09 13:21:13 EST 2017,21:12.4,-76.31185144,36.91892445,16.5,6,-31.79999924,139,-0.34476504,8.81066227,3.83072281,-0.00102168,-,15.29411793,-0.02544738,-,-,60.79999924,22.47492409,1592,-,-104.3307037,36.91892624,-76.3118515,6.66666698,36.90944672,36.66090012,-
Thu Nov 09 13:21:15 EST 2017,21:14.6,-76.31161037,36.91871373,15.75,6,-32.20000076,138.3,0,8.81066227,4.06056595,0.01057369,-,14.90196133,-0.01073881,-,-,60.79999924,22.52231598,1493,-,-105.6430435,36.91871262,-76.31160736,5.09803915,35.23174286,34.79678726,-
Thu Nov 09 13:21:17 EST 2017,21:16.6,-76.31138187,36.91852176,14.25,6,-32.09999847,138.4,0.34476504,8.61912632,4.55855989,0.00958645,-,14.90196133,-0.02676346,-,-,60.79999924,22.55505943,1365,-,-105.3149567,36.91852188,-76.31137848,4.70588255,31.87634087,31.06855965,-
Thu Nov 09 13:21:19 EST 2017,21:18.6,-76.31119021,36.91834906,12.5,5,-32,139.4,0.30645782,8.38928318,5.09486103,0.02001518,-,14.90196133,0.00135716,-,-,60.79999924,22.57095337,1173,-,-104.9868774,36.91835022,-76.31118774,4.70588255,27.96170425,26.71896172,-
Thu Nov 09 13:21:21 EST 2017,21:20.9,-76.3110219,36.91821299,9.5,3,-31.10000038,139.1,0.07661445,8.35097599,4.75009632,0.00399926,-,13.72549057,-0.02028627,-,-,60.79999924,22.5607357,1182,-,-102.0341187,36.91821289,-76.3110199,3.92156863,21.25089455,19.88387871,-
Thu Nov 09 13:21:23 EST 2017,21:23.0,-76.31091099,36.91810102,7.75,4,-31.10000038,139.6,0.2681506,8.46589756,4.94163227,0.01862037,-,13.33333397,-0.02499348,-,-,60.79999924,22.52705956,1113,-,-102.0341187,36.91810226,-76.31091309,3.52941179,17.33625603,13.67016602,-
Thu Nov 09 13:21:26 EST 2017,21:25.3,-76.31080214,36.91801964,3.5,5,-30.10000038,136.2,0.80445176,8.35097599,4.94163227,0.00080352,-,13.72549057,-0.00712064,-,-,60.79999924,22.46784401,830,-,-98.75328064,36.91801834,-76.31079865,3.92156863,7.82927656,6.83508301,-
Thu Nov 09 13:21:28 EST 2017,21:27.5,-76.31082514,36.91801399,0.25,3,-30.60000038,140,0,8.81066227,3.48595762,-0.01512712,-,14.11764717,-0.03379714,-,-,60.79999924,22.38805008,636,-,-100.3936997,36.91801453,-76.31082153,4.31372547,0.55923408,1.24274242,-
Thu Nov 09 13:21:30 EST 2017,21:29.5,-76.31082782,36.91800971,0.25,3,-30.60000038,140,0.19153613,8.81066227,3.86903,0.00010574,-,14.11764717,-0.03965021,-,-,60.79999924,22.38805008,689,-,-100.3936997,36.91801071,-76.31082916,4.31372547,0.55923408,0,-
Thu Nov 09 13:21:32 EST 2017,21:31.5,-76.3108132,36.91800294,0.5,4,-29.70000076,140,-0.07661445,8.96389103,3.06457806,-0.01540413,-,14.11764717,-0.02665373,-,-,60.79999924,22.38805008,710,-,-97.44094849,36.91800308,-76.3108139,5.09803915,1.11846817,0,-
Thu Nov 09 13:21:34 EST 2017,21:33.7,-76.31079025,36.91799327,1.25,4,-28.70000076,140.3,-0.8810662,9.23204136,2.03028297,-0.01325029,-,21.56862831,-0.03191971,-,-,60.79999924,22.31583595,1038,-,-94.16011047,36.91799164,-76.31079102,12.15686321,2.79617047,3.10685587,14.31562233
Thu Nov 09 13:21:36 EST 2017,21:36.0,-76.31074925,36.91795091,3,4,-28.60000038,139.3,-0.38307226,9.27034855,1.49398184,0.00070249,-,27.05882454,-0.00436591,-,-,60.79999924,22.26734543,1929,-,-93.83202362,36.91794968,-76.31075287,18.8235302,6.71080828,9.32056808,40.85153961
Thu Nov 09 13:21:39 EST 2017,21:38.2,-76.31059898,36.9177922,8,4,-27.79999924,140.1,-0.03830723,8.65743351,2.64319873,-0.05826581,-,23.52941132,-0.07695056,-,-,60.79999924,22.2515564,2244,-,-91.20734406,36.91779327,-76.31060028,16.07843208,17.89549065,18.01976395,92.96565247
Thu Nov 09 13:21:41 EST 2017,21:40.4,-76.3104579,36.91766049,10.25,4,-28.39999962,139.7,-0.99598789,8.1211319,2.52827692,-0.03282366,-,20.7843132,-0.08918171,-,-,62.59999847,22.25199318,1755,-,-93.17584991,36.91765976,-76.31045532,10.58823586,22.9285965,22.36936378,76.95330048
Thu Nov 09 13:21:43 EST 2017,21:42.4,-76.31030161,36.9175091,10.75,5,-28.89999962,140.1,0.8810662,7.96790314,2.64319873,-0.0632919,-,20.7843132,-0.13925889,-,-,62.59999847,22.26159859,1552,-,-94.81626892,36.91751099,-76.31030273,11.76470566,24.04706573,24.85484695,54.77395248
Thu Nov 09 13:21:45 EST 2017,21:44.6,-76.31012668,36.91735773,11.5,5,-28.60000038,138.6,0.84275901,8.65743351,2.45166254,-0.03766498,-,20.7843132,-0.0784561,-,-,62.59999847,22.27341652,1510,-,-93.83202362,36.9173584,-76.31012726,16.47058868,25.72476578,25.47621918,15.2491827
Thu Nov 09 13:21:47 EST 2017,21:46.6,-76.30992969,36.91716166,13,4,-28.79999924,139.6,-0.84275901,8.1211319,2.9113493,0.01528718,-,20.7843132,-0.02638728,-,-,62.59999847,22.29880524,1716,-,-94.4881897,36.91716003,-76.30992889,7.05882359,29.08017159,29.20444679,85.52845001
Thu Nov 09 13:21:49 EST 2017,21:48.7,-76.309734,36.91698052,13.25,4,-28.60000038,139.7,0.11492168,9.27034855,3.33272886,0.02326959,-,20.7843132,0.00551615,-,-,62.59999847,22.32400703,1692,-,-93.83202362,36.91698074,-76.30973053,10.1960783,29.6394043,29.20444679,85.52845001
Thu Nov 09 13:21:51 EST 2017,21:50.8,-76.30954404,36.91680552,13,4,-28.20000076,139.1,-0.15322891,9.11711979,3.60087943,0.01821105,-,20.7843132,-0.05142442,-,-,62.59999847,22.35128593,1702,-,-92.51969147,36.91680527,-76.30954742,8.62745094,29.08017159,29.82581711,15.21163273
Thu Nov 09 13:21:53 EST 2017,21:52.9,-76.30933894,36.91662882,13.5,5,-29.5,138.8,0.03830723,9.04050541,3.17949986,-0.00409961,-,20.7843132,-0.02276586,-,-,62.59999847,22.38061905,1735,-,-96.78477478,36.91662979,-76.30934143,10.1960783,30.19863892,30.44718933,15.90696239
Thu Nov 09 13:21:55 EST 2017,21:55.0,-76.30914464,36.91644091,13.75,4,-30.5,139.3,0.22984336,7.85298157,2.22181916,0.00459984,-,20.7843132,-0.05277666,-,-,62.59999847,22.41198349,1785,-,-100.0656204,36.91643906,-76.30914307,9.4117651,30.75787354,31.06855965,16.31825447
Thu Nov 09 13:21:57 EST 2017,21:57.0,-76.30890775,36.91625647,14,4,-30.70000076,138.6,-0.5363012,8.96389103,2.9113493,-0.01870954,-,20.7843132,-0.01498198,-,-,62.59999847,22.44312286,1802,-,-100.7217865,36.91625595,-76.30890656,16.47058868,31.31710625,31.06855965,16.31825447
Thu Nov 09 13:21:59 EST 2017,21:59.1,-76.30871066,36.91606374,14.5,3,-31.89999962,139,-0.11492168,8.84896946,3.25611424,0.00308235,-,20.7843132,-0.03843548,-,-,62.59999847,22.48071861,1911,-,-104.6587906,36.91606522,-76.30870819,10.58823586,32.43557358,32.93267441,48.591465
Thu Nov 09 13:22:02 EST 2017,22:01.3,-76.30838953,36.91576278,15,5,-32.5,139.2,-3.98395157,11.07078838,1.14921677,0.22407621,-,20.7843132,0.12360895,-,-,62.59999847,22.52026749,1478,-,-106.6272965,36.91576385,-76.30838776,14.50980377,33.55404282,33.55404282,20.5585556
Thu Nov 09 13:22:04 EST 2017,22:03.3,-76.3081752,36.91554987,15.5,3,-32.79999924,140.2,-0.19153613,8.65743351,2.64319873,0.0067344,-,22.74509811,0.01064741,-,-,62.59999847,22.56174469,1522,-,-107.6115494,36.91555023,-76.30817413,14.11764717,34.67251205,34.17541504,22.65127563
Thu Nov 09 13:22:06 EST 2017,22:05.5,-76.30795291,36.91532428,16,5,-33.40000153,140.8,0.76614451,8.6957407,3.17949986,0.06501927,-,15.29411793,-0.05263975,-,-,62.59999847,22.60733604,1559,-,-109.5800552,36.91532516,-76.30795288,5.88235283,35.79098129,35.41815948,36.37657547
Thu Nov 09 13:22:08 EST 2017,22:07.7,-76.30772563,36.91511329,15.5,4,-33.5,140.7,0.2681506,9.84495735,3.60087943,0.08793467,-,15.68627453,0.06929982,-,-,62.59999847,22.64601517,1480,-,-109.9081345,36.91511154,-76.307724,5.88235283,34.67251205,33.55404282,36.37657547
Thu Nov 09 13:22:10 EST 2017,22:10.0,-76.30749833,36.91491578,15,5,-32.90000153,140.1,-0.34476504,9.0788126,3.60087943,-0.09397051,-,18.4313736,-0.07757073,-,-,62.59999847,22.68442345,1459,-,-107.9396362,36.91491699,-76.30749512,9.8039217,33.55404282,33.55404282,-
Thu Nov 09 13:22:13 EST 2017,22:12.1,-76.30725611,36.91454536,15.25,4,-33.09999847,149,-0.76614451,8.58081913,3.14119267,-0.02040536,-,15.68627453,-0.10599776,-,-,62.59999847,22.72256279,1483,-,-108.5957947,36.91454697,-76.30725861,6.27450991,34.11327744,33.55404282,-
Thu Nov 09 13:22:15 EST 2017,22:14.3,-76.30708236,36.91433664,14.5,4,-33.79999924,146.2,0.03830723,7.50821638,3.44765043,-0.13879555,-,14.90196133,-0.09847677,-,-,62.59999847,22.75826263,1447,-,-110.8923874,36.91433716,-76.30708313,5.09803915,32.43557358,32.93267441,-
Thu Nov 09 13:22:17 EST 2017,22:16.3,-76.30693743,36.91410884,14,4,-33.70000076,151.8,0.22984336,9.00219822,3.21780705,-0.00620127,-,14.90196133,-0.02486823,-,-,62.59999847,22.78721809,1343,-,-110.5643082,36.91410828,-76.30693817,7.05882359,31.31710625,31.06855965,-
Thu Nov 09 13:22:19 EST 2017,22:18.5,-76.30681177,36.91388147,13.75,3,-33.90000153,154.8,0.22984336,8.88727665,2.98796368,-0.00427558,-,14.90196133,-0.05739508,-,-,62.59999847,22.81381607,1339,-,-111.2204742,36.91388321,-76.30680847,11.76470566,30.75787354,30.44718933,-
Thu Nov 09 13:22:21 EST 2017,22:20.7,-76.3066776,36.91365436,14,4,-33.59999847,155.9,0.30645782,9.73003578,3.25611424,0.06537908,-,19.2156868,0.08765741,-,-,62.59999847,22.84237862,1405,-,-110.2362137,36.91365433,-76.30667877,12.15686321,31.31710625,31.06855965,20.23859787
Thu Nov 09 13:22:22 EST 2017,22:22.9,-76.30661736,36.91352558,14.5,3,-33.20000076,157.6,0.19153613,8.73404789,3.79241538,-0.00304077,-,19.2156868,0.00357935,-,-,62.59999847,22.87503052,1428,-,-108.9238892,36.91352463,-76.30661774,5.88235283,32.43557358,32.31130219,37.68622971
Thu Nov 09 13:22:26 EST 2017,22:24.9,-76.30640102,36.91303151,14.25,3,-34.59999847,160.3,0,8.61912632,3.48595762,-0.0332551,-,15.29411793,-0.03154932,-,-,62.59999847,22.90745735,1414,-,-113.5170593,36.91303253,-76.30640411,5.88235283,31.87634087,32.31130219,37.68622971
Thu Nov 09 13:22:27 EST 2017,22:26.9,-76.30634768,36.91291394,14.25,4,-35,161.5,-0.15322891,8.77235508,3.79241538,-0.00666285,-,15.29411793,-0.04169409,-,-,62.59999847,22.93753433,1391,-,-114.8293991,36.91291428,-76.30635071,5.88235283,31.87634087,31.68992996,-
Thu Nov 09 13:22:30 EST 2017,22:29.1,-76.30621569,36.9125496,14,4,-36.20000076,164.5,0.2681506,8.81066227,3.06457806,-0.01561159,-,21.17647171,-0.04837304,-,-,62.59999847,22.96528625,1363,-,-118.7664032,36.91254807,-76.30621338,10.58823586,31.31710625,31.06855965,-
Thu Nov 09 13:22:32 EST 2017,22:31.3,-76.30614823,36.91229846,14.5,4,-36,167.1,0.19153613,9.23204136,3.67749381,-0.0493183,-,15.29411793,-0.03816575,-,-,62.59999847,22.99707413,1453,-,-118.1102371,36.91230011,-76.30614471,5.88235283,32.43557358,32.31130219,38.83909225
Thu Nov 09 13:22:34 EST 2017,22:33.3,-76.30607328,36.91204746,14,4,-35,167,0.42137951,8.38928318,3.56257224,-0.03231451,-,15.29411793,-0.06959876,-,-,62.59999847,23.02443504,1363,-,-114.8293991,36.91204834,-76.30607605,5.49019623,31.31710625,31.06855965,38.83909225
Thu Nov 09 13:22:36 EST 2017,22:35.3,-76.30601947,36.91180623,13.25,3,-35.70000076,170.2,0.65122288,9.00219822,3.83072281,-0.02446895,-,15.29411793,-0.05168183,-,-,62.59999847,23.04741287,1307,-,-117.1259842,36.91180801,-76.30602264,5.09803915,29.6394043,29.82581711,-
Thu Nov 09 13:22:38 EST 2017,22:37.3,-76.30599622,36.9115732,13,4,-34.29999924,173.7,0.11492168,8.92558384,2.87304211,-0.02510881,-,15.29411793,-0.02127583,-,-,62.59999847,23.06814384,1275,-,-112.5328064,36.9115715,-76.30599976,10.98039246,29.08017159,29.20444679,-
Thu Nov 09 13:22:40 EST 2017,22:39.6,-76.30595302,36.91133227,13.25,4,-32.59999847,173.9,0.03830723,9.0788126,2.71981311,0.0034242,-,22.74509811,0.00028231,-,-,62.59999847,23.09290504,1398,-,-106.9553757,36.91133118,-76.30595398,13.72549057,29.6394043,30.44718933,40.79708481
Thu Nov 09 13:22:42 EST 2017,22:41.6,-76.30593957,36.91106545,14.5,4,-31.60000038,175.4,0.42137951,8.31266785,3.60087943,-0.0148222,-,22.74509811,-0.075233,-,-,62.59999847,23.12373734,1434,-,-103.6745453,36.91106415,-76.30593872,5.88235283,32.43557358,32.31130219,56.92136765
Thu Nov 09 13:22:44 EST 2017,22:43.6,-76.30590812,36.91080094,14.5,4,-31.39999962,176,0.03830723,8.88727665,3.56257224,-0.00497407,-,22.74509811,-0.04019058,-,-,62.59999847,23.15229034,1392,-,-103.0183716,36.91080093,-76.3059082,5.49019623,32.43557358,31.68992996,56.92136765
Thu Nov 09 13:22:46 EST 2017,22:45.6,-76.30588393,36.91055999,13.75,4,-33.09999847,175.1,0.2681506,8.88727665,3.33272886,-0.01306909,-,22.74509811,-0.01514459,-,-,62.59999847,23.17652702,1315,-,-108.5957947,36.91056061,-76.30588531,9.4117651,30.75787354,30.44718933,-
Thu Nov 09 13:22:48 EST 2017,22:47.6,-76.30587032,36.9103235,13.75,4,-34.09999847,175.9,0.07661445,8.73404789,3.67749381,-0.01801848,-,22.74509811,-0.03361554,-,-,62.59999847,23.20265961,1390,-,-111.8766327,36.9103241,-76.30587006,5.49019623,30.75787354,31.06855965,20.00067329
Thu Nov 09 13:22:50 EST 2017,22:49.8,-76.30584088,36.91006327,13.75,4,-31.89999962,175.5,-0.5363012,9.50019264,3.06457806,0.02500725,-,15.29411793,0.01937415,-,-,62.59999847,23.22656822,1325,-,-104.6587906,36.9100647,-76.30583954,8.23529434,30.75787354,30.44718933,20.00067329
Thu Nov 09 13:22:53 EST 2017,22:52.1,-76.30581355,36.90971315,13.5,4,-32.40000153,176.2,0.07661445,8.54251194,3.90733719,-0.02340341,-,14.50980377,-0.04207631,-,-,62.59999847,23.24827576,1321,-,-106.2992172,36.90971375,-76.30581665,4.70588255,30.19863892,29.82581711,-
Thu Nov 09 13:22:54 EST 2017,22:54.1,-76.30578514,36.90959753,13,4,-32.79999924,175.1,-0.07661445,9.04050541,3.48595762,0.00281357,-,14.50980377,-0.01193493,-,-,62.59999847,23.2637291,1225,-,-107.6115494,36.9095993,-76.30578613,5.88235283,29.08017159,27.96170425,-
Thu Nov 09 13:22:56 EST 2017,22:56.1,-76.30577109,36.90937127,12.5,4,-32.09999847,176.5,-0.11492168,9.11711979,3.21780705,-0.002191,-,14.50980377,-0.03730154,-,-,62.59999847,23.27705193,1570,-,-105.3149567,36.90937042,-76.30577087,10.58823586,27.96170425,27.34033203,-
Thu Nov 09 13:22:59 EST 2017,22:58.2,-76.30572426,36.9090331,12.75,4,-31,175.4,-1.18752408,10.45787334,3.52426481,0.03173055,-,14.50980377,0.12049472,-,-,62.59999847,23.29231071,1637,-,-101.7060394,36.90903473,-76.3057251,13.72549057,28.52093697,27.96170425,15.71722317
Thu Nov 09 13:23:01 EST 2017,23:00.3,-76.30569945,36.90878741,13.5,4,-30.60000038,175.5,-0.42137951,8.81066227,3.25611424,-0.02253604,-,21.56862831,-0.03101376,-,-,62.59999847,23.31554222,1753,-,-100.3936997,36.90878677,-76.30570221,12.94117641,30.19863892,30.44718933,65.00595093
Thu Nov 09 13:23:03 EST 2017,23:02.6,-76.30567436,36.90852726,14.5,4,-30.70000076,172.2,-0.19153613,9.6534214,3.17949986,0.05522376,-,21.17647171,-0.0271163,-,-,62.59999847,23.34465408,1852,-,-100.7217865,36.90852737,-76.30567169,13.33333397,32.43557358,32.31130219,44.8962326
Thu Nov 09 13:23:05 EST 2017,23:04.8,-76.30562587,36.90825909,15.25,4,-32.20000076,169.8,-0.2681506,9.23204136,2.56658411,0.00310142,-,23.92156982,-0.02250831,-,-,62.59999847,23.37959099,1619,-,-105.6430435,36.90826035,-76.30562592,13.33333397,34.11327744,34.17541504,53.75798035
Thu Nov 09 13:23:07 EST 2017,23:07.0,-76.30556574,36.90798372,15.5,5,-32.29999924,169.5,0.2681506,9.34696388,3.29442143,0.02961916,-,21.56862831,0.01096442,-,-,62.59999847,23.42029953,1600,-,-105.9711227,36.90798187,-76.30556488,16.07843208,34.67251205,36.03952789,58.04291534
Thu Nov 09 13:23:09 EST 2017,23:09.0,-76.30547993,36.90769959,16,5,-32.5,167.5,0.49799395,9.00219822,3.25611424,-0.00384212,-,21.56862831,-0.14299867,-,-,62.59999847,23.46273804,1642,-,-106.6272965,36.90769958,-76.30548096,13.72549057,35.79098129,36.66090012,18.535923
Thu Nov 09 13:23:12 EST 2017,23:11.1,-76.30538193,36.90726269,17,3,-31.89999962,168.9,0.15322891,9.00219822,2.83473492,-0.01879674,-,21.56862831,-0.03746798,-,-,62.59999847,23.50688744,1670,-,-104.6587906,36.90726089,-76.30538177,19.6078434,38.02791595,37.28227234,21.14068222
Thu Nov 09 13:23:14 EST 2017,23:13.3,-76.30531111,36.90695761,17.5,4,-31.60000038,168.8,-0.57460839,8.6957407,1.14921677,-0.08496004,-,21.56862831,-0.00652919,-,-,62.59999847,23.55669594,1750,-,-103.6745453,36.90695572,-76.30531311,52.54901886,39.14638519,39.14638519,59.4294281
Thu Nov 09 13:23:16 EST 2017,23:15.3,-76.30522286,36.90661442,19.75,3,-31.89999962,167.9,0.38307226,8.35097599,2.60489154,-0.08842123,-,21.56862831,-0.1071163,-,-,62.59999847,23.62196922,2504,-,-104.6587906,36.90661621,-76.30522156,25.88235283,44.17948914,44.11735535,121.234932
Thu Nov 09 13:23:18 EST 2017,23:17.4,-76.30511724,36.90624678,20.75,3,-31,167.7,0.11492168,8.54251194,3.56257224,-0.05975844,-,21.56862831,-0.04467627,-,-,62.59999847,23.69469261,2140,-,-101.7060394,36.90624619,-76.30511475,6.66666698,46.41642761,46.60284042,82.11669159
Thu Nov 09 13:23:20 EST 2017,23:19.4,-76.30502582,36.90588718,20.25,4,-30.39999962,167.9,0,7.01022243,2.7581203,-0.1017057,-,21.56862831,-0.23181829,-,-,62.59999847,23.75911713,1539,-,-99.73753357,36.9058876,-76.30502319,5.88235283,45.29796219,44.11735535,82.11669159
Thu Nov 09 13:23:22 EST 2017,23:21.4,-76.30493311,36.90553586,19.5,3,-31.20000076,168.5,-0.30645782,9.61511421,3.86903,0.00744069,-,21.56862831,-0.0119967,-,-,62.59999847,23.82118416,1520,-,-102.3622055,36.90553665,-76.30493164,5.88235283,43.62025452,43.49598312,-
Thu Nov 09 13:23:24 EST 2017,23:23.7,-76.30484874,36.90519039,19.5,4,-31.60000038,168.8,-0.03830723,9.53849983,3.79241538,0.06536454,-,15.29411793,0.01758369,-,-,62.59999847,23.88091087,1490,-,-103.6745453,36.90518951,-76.30484772,5.88235283,43.62025452,42.8746109,-
Thu Nov 09 13:23:26 EST 2017,23:25.9,-76.30476481,36.90484911,19,3,-32.20000076,168.4,0.80445176,7.77636719,4.40533113,-0.0662573,-,14.90196133,-0.08494478,-,-,62.59999847,23.93832588,1457,-,-105.6430435,36.90485001,-76.30476379,5.09803915,42.50178909,42.25324249,-
Thu Nov 09 13:23:28 EST 2017,23:27.9,-76.30467244,36.90452299,18.25,3,-32.90000153,167.7,0.68953007,8.38928318,3.56257224,-0.04925394,-,14.90196133,0.03487609,-,-,62.59999847,23.98763847,1385,-,-107.9396362,36.90452194,-76.30467224,4.70588255,40.82408524,39.76775742,-
Thu Nov 09 13:23:30 EST 2017,23:30.1,-76.30458582,36.90421084,17.75,4,-32.90000153,168.1,0.30645782,8.88727665,3.86903,-0.01897387,-,15.29411793,-0.01110135,-,-,60.79999924,24.03278351,1276,-,-107.9396362,36.90420914,-76.30458832,5.88235283,39.705616,38.52501297,-
Thu Nov 09 13:23:33 EST 2017,23:32.3,-76.30446146,36.90375709,17.25,4,-33.59999847,168,0.22984336,9.57680702,3.56257224,0.06085175,-,16.07843208,0.0422077,-,-,60.79999924,24.07572937,1652,-,-110.2362137,36.90375519,-76.30445862,8.23529434,38.58715057,37.90364456,-
Thu Nov 09 13:23:35 EST 2017,23:34.5,-76.30438912,36.90344574,17.5,3,-33.79999924,168.1,0.2681506,8.19774628,3.60087943,-0.03625611,-,16.47058868,-0.10778309,-,-,60.79999924,24.12224388,1695,-,-110.8923874,36.9034462,-76.30438995,7.05882359,39.14638519,39.14638519,39.94829941
Thu Nov 09 13:23:37 EST 2017,23:36.6,-76.30430114,36.90313588,17.5,4,-34.29999924,168.8,0.34476504,8.96389103,2.52827692,0.09293179,-,16.47058868,-0.04962455,-,-,60.79999924,24.16847229,1683,-,-112.5328064,36.90313721,-76.3042984,7.84313726,39.14638519,39.14638519,39.94829941
Thu Nov 09 13:23:39 EST 2017,23:38.8,-76.30424058,36.90283155,17.5,4,-34.70000076,171.7,-0.61291564,9.15542698,3.90733719,0.03563637,-,16.47058868,0.01698371,-,-,60.79999924,24.21251106,1693,-,-113.8451462,36.90283203,-76.30423737,7.05882359,39.14638519,38.52501297,-
Thu Nov 09 13:23:41 EST 2017,23:40.8,-76.30419012,36.90251688,17.5,3,-34.29999924,172.4,-0.15322891,8.73404789,3.48595762,-0.02225763,-,16.47058868,-0.04308834,-,-,60.79999924,24.25627899,1678,-,-112.5328064,36.90251541,-76.30419159,7.05882359,39.14638519,38.52501297,-
Thu Nov 09 13:23:42 EST 2017,23:42.9,-76.30415875,36.90236291,17.5,3,-34.20000076,170.2,0.03830723,9.42357826,3.715801,0.05159742,-,16.47058868,0.02553018,-,-,60.79999924,24.29788589,1647,-,-112.2047272,36.90236282,-76.30416107,14.50980377,39.14638519,37.90364456,-
Thu Nov 09 13:23:45 EST 2017,23:45.0,-76.30404232,36.90190986,17.25,4,-34.40000153,167.8,-0.03830723,8.92558384,3.79241538,-0.01346078,-,17.64705849,-0.05826154,-,-,60.79999924,24.34113121,1705,-,-112.8609009,36.90190887,-76.304039,8.23529434,38.58715057,38.52501297,20.89322853
Thu Nov 09 13:23:46 EST 2017,23:47.3,-76.3040006,36.90175842,17.5,4,-34.29999924,167.8,-0.65122288,8.77235508,4.09887314,0.00183248,-,16.86274529,-0.00329369,-,-,60.79999924,24.3841114,1690,-,-112.5328064,36.9017601,-76.30400085,7.45098066,39.14638519,38.52501297,20.89322853
Thu Nov 09 13:23:50 EST 2017,23:49.4,-76.30382728,36.90114877,17.25,4,-35.79999924,166.8,-0.68953007,8.23605347,3.44765043,-0.01254174,-,16.86274529,-0.08683109,-,-,60.79999924,24.42495728,1657,-,-117.4540634,36.90114975,-76.30382538,7.05882359,38.58715057,37.90364456,-
Thu Nov 09 13:23:52 EST 2017,23:51.6,-76.30373668,36.90084672,16.75,4,-36.40000153,165.4,-1.30244577,8.15943909,3.63918662,-0.06064856,-,16.07843208,-0.03442899,-,-,60.79999924,24.46555519,1634,-,-119.4225769,36.90084839,-76.30373383,6.66666698,37.46868134,37.90364456,-
Thu Nov 09 13:23:54 EST 2017,23:53.7,-76.30360379,36.90056053,17,4,-37.20000076,160.4,0.34476504,9.46188545,2.45166254,-0.03242946,-,30.98039246,-0.03925307,-,-,60.79999924,24.50590897,1646,-,-122.0472488,36.90056229,-76.30360413,21.96078491,38.02791595,37.90364456,-
Thu Nov 09 13:23:56 EST 2017,23:55.9,-76.30349223,36.90026197,17.75,3,-38.20000076,165.4,-0.2681506,9.15542698,3.17949986,0.00732946,-,18.8235302,-0.01450182,-,-,60.79999924,24.55346298,1764,-,-125.3280869,36.90026093,-76.30348969,8.23529434,39.705616,40.38912582,79.28145599
Thu Nov 09 13:23:58 EST 2017,23:58.1,-76.30338878,36.89994147,18.25,4,-37.79999924,165.7,-0.07661445,8.35097599,3.79241538,-0.04602736,-,16.47058868,-0.04776393,-,-,60.79999924,24.60073471,1753,-,-124.0157471,36.89994049,-76.3033905,10.1960783,40.82408524,40.38912582,79.28145599
Thu Nov 09 13:24:01 EST 2017,24:00.3,-76.30323758,36.89946928,18,4,-37.59999847,165.7,0.19153613,8.65743351,2.87304211,0.00109448,-,16.47058868,0.01865539,-,-,60.79999924,24.64587402,1741,-,-123.3595734,36.89946747,-76.30323792,7.05882359,40.26485062,39.76775742,-
Thu Nov 09 13:24:03 EST 2017,24:02.4,-76.30314159,36.899166,17.5,3,-38.29999924,166.3,1.11090958,8.77235508,3.02627087,-0.02830452,-,16.47058868,-0.02157209,-,-,60.79999924,24.6870575,1688,-,-125.6561661,36.89916611,-76.30313873,6.66666698,39.14638519,38.52501297,-
Thu Nov 09 13:24:07 EST 2017,24:06.6,-76.30306872,36.89856253,16.5,4,-37.09999847,178.9,0.5363012,8.81066227,3.33272886,-0.00738062,-,16.47058868,-0.10529824,-,-,60.79999924,24.6870575,1640,-,-121.7191544,36.89856339,-76.30307007,6.66666698,36.90944672,37.28227234,-
Thu Nov 09 13:24:09 EST 2017,24:08.9,-76.30305758,36.89826237,16.5,3,-34.90000153,178.3,0.07661445,9.15542698,3.48595762,0.01766646,-,16.47058868,0.03013232,-,-,60.79999924,24.72248459,1608,-,-114.5013199,36.89826202,-76.30305481,6.66666698,36.90944672,36.66090012,-
Thu Nov 09 13:24:11 EST 2017,24:11.0,-76.30303791,36.89796499,16.75,3,-35.09999847,177.9,0.19153613,8.65743351,3.14119267,-0.04199153,-,16.47058868,-0.06067073,-,-,60.79999924,24.75953293,1627,-,-115.1574783,36.89796448,-76.30303955,12.15686321,37.46868134,37.28227234,26.52149963
Thu Nov 09 13:24:14 EST 2017,24:13.1,-76.30301116,36.89751598,16.75,4,-35.59999847,177.5,0.15322891,9.38527107,4.06056595,0.06152481,-,15.29411793,0.04288102,-,-,60.79999924,24.79636574,1627,-,-116.7978973,36.89751434,-76.30300903,5.88235283,37.46868134,37.28227234,26.52149963
Thu Nov 09 13:24:16 EST 2017,24:15.1,-76.30298892,36.897229,16,3,-35.29999924,177.4,-0.07661445,9.11711979,3.25611424,0.00759244,-,15.29411793,-0.01276921,-,-,60.79999924,24.82751465,1549,-,-115.8136444,36.89722824,-76.30298615,10.58823586,35.79098129,35.41815948,-
Thu Nov 09 13:24:18 EST 2017,24:17.1,-76.30297285,36.89694394,16,4,-35.09999847,177.3,0.38307226,7.66144562,3.52426481,-0.04707288,-,15.29411793,-0.13917026,-,-,60.79999924,24.86030006,1616,-,-115.1574783,36.89694214,-76.30297089,5.88235283,35.79098129,36.03952789,20.02270699
Thu Nov 09 13:24:20 EST 2017,24:19.3,-76.30295124,36.89666071,15.5,3,-34.40000153,177.9,-0.2681506,8.6957407,3.56257224,-0.02268714,-,14.90196133,-0.03506137,-,-,60.79999924,24.88745689,1490,-,-112.8609009,36.89665985,-76.302948,5.49019623,34.67251205,34.17541504,20.02270699
Thu Nov 09 13:24:22 EST 2017,24:21.3,-76.30294291,36.89638512,15,3,-35,177.4,0.15322891,9.11711979,3.17949986,-0.00153144,-,14.90196133,-0.01527629,-,-,62.59999847,24.9108429,1444,-,-114.8293991,36.89638519,-76.30294037,10.1960783,33.55404282,32.93267441,-
Thu Nov 09 13:24:24 EST 2017,24:23.6,-76.3029282,36.89611039,15.25,4,-34.70000076,178.9,1.14921677,8.96389103,2.9113493,-0.01314789,-,21.56862831,-0.0318172,-,-,62.59999847,24.93769836,1506,-,-113.8451462,36.89611053,-76.30292511,14.50980377,34.11327744,34.17541504,42.572155
Thu Nov 09 13:24:26 EST 2017,24:25.7,-76.30295319,36.8958235,15.75,4,-34,183.9,1.41736746,9.11711979,2.52827692,0.00398058,-,21.56862831,-0.0034392,-,-,62.59999847,24.96798706,1539,-,-111.5485535,36.89582443,-76.30295563,13.72549057,35.23174286,35.41815948,37.00644302
Thu Nov 09 13:24:28 EST 2017,24:27.8,-76.30301429,36.89553912,16.25,4,-34.29999924,189.4,0.49799395,8.58081913,3.67749381,-0.02949483,-,21.56862831,-0.04667491,-,-,62.59999847,25.0016861,1604,-,-112.5328064,36.89553833,-76.30301666,13.72549057,36.35021591,36.66090012,36.34963608
Thu Nov 09 13:24:31 EST 2017,24:30.5,-76.3031531,36.89510694,16.5,4,-34.5,193.5,0,8.81066227,2.9113493,-0.03510714,-,21.56862831,-0.05378401,-,-,60.79999924,25.03518867,1598,-,-113.1889801,36.89510727,-76.30315399,13.72549057,36.90944672,36.66090012,36.34963608
Thu Nov 09 13:24:36 EST 2017,24:35.7,-76.30336204,36.89438935,16,4,-35.5,193.2,-0.30645782,9.04050541,3.37103605,0.00303882,-,21.56862831,-0.015625,-,-,60.79999924,25.03518867,1547,-,-116.4698181,36.89439011,-76.30335999,13.72549057,35.79098129,35.41815948,36.34963608
Thu Nov 09 13:24:38 EST 2017,24:37.9,-76.30344672,36.89410713,15.75,4,-34.90000153,193.6,0.11492168,8.73404789,3.21780705,-0.01710789,-,18.8235302,-0.05606861,-,-,60.79999924,25.06315804,1532,-,-114.5013199,36.89410782,-76.30344391,9.8039217,35.23174286,34.79678726,-
Thu Nov 09 13:24:40 EST 2017,24:40.0,-76.30353175,36.89382769,15.75,4,-35.59999847,193.8,0.5363012,8.92558384,4.06056595,-0.01725006,-,18.8235302,-0.05095005,-,-,60.79999924,25.09452057,1645,-,-116.7978973,36.89382935,-76.30353546,6.27450991,35.23174286,36.03952789,36.63534164
Thu Nov 09 13:24:43 EST 2017,24:42.2,-76.30366029,36.89340116,16,4,-34.29999924,193.5,-0.11492168,8.65743351,3.63918662,-0.02361846,-,15.29411793,-0.0140529,-,-,60.79999924,25.12393188,1561,-,-112.5328064,36.8934021,-76.30365753,5.49019623,35.79098129,35.41815948,36.63534164
Thu Nov 09 13:24:45 EST 2017,24:44.5,-76.3037402,36.89313168,15.25,4,-34.29999924,193.4,0.30645782,8.58081913,3.33272886,-0.02504051,-,19.2156868,-0.05085359,-,-,60.79999924,25.14788055,1471,-,-112.5328064,36.89313126,-76.30374146,9.4117651,34.11327744,33.55404282,-
Thu Nov 09 13:24:47 EST 2017,24:46.5,-76.30383283,36.8928678,15.5,3,-34,193.7,-0.15322891,9.15542698,3.44765043,-0.01352557,-,19.2156868,-0.00228385,-,-,60.79999924,25.17521286,1579,-,-111.5485535,36.89286804,-76.30383301,12.15686321,34.67251205,34.79678726,36.2397995
Thu Nov 09 13:24:49 EST 2017,24:48.7,-76.30391643,36.89259122,16,3,-34.5,193.7,-0.07661445,8.96389103,3.44765043,-0.00196356,-,16.07843208,-0.02062904,-,-,60.79999924,25.20590401,1565,-,-113.1889801,36.89258957,-76.30391693,6.27450991,35.79098129,36.03952789,44.66857529
Thu Nov 09 13:24:51 EST 2017,24:50.7,-76.30399556,36.89230991,16,4,-35,193.5,0.2681506,8.96389103,3.56257224,0.00265133,-,16.07843208,-0.0160126,-,-,60.79999924,25.2329216,1519,-,-114.8293991,36.8923111,-76.30399323,6.27450991,35.79098129,34.79678726,44.66857529
Thu Nov 09 13:24:53 EST 2017,24:52.9,-76.30407576,36.89203592,15.5,4,-35.20000076,193.5,-0.76614451,9.95987892,3.06457806,0.0274291,-,16.07843208,0.12292289,-,-,60.79999924,25.25804138,1492,-,-115.4855652,36.89203644,-76.30407715,6.27450991,34.67251205,34.17541504,-
Thu Nov 09 13:24:56 EST 2017,24:55.1,-76.30417572,36.89165018,14.5,4,-35,185.1,-1.68551803,8.96389103,3.60087943,0.01859748,-,21.17647171,-0.00006104,-,-,60.79999924,25.28127861,1461,-,-114.8293991,36.89165115,-76.30417633,11.76470566,32.43557358,33.55404282,-
Thu Nov 09 13:24:58 EST 2017,24:57.3,-76.3041596,36.89137475,15,4,-35.20000076,176.5,-1.34075296,8.38928318,3.75410819,-0.02616203,-,18.8235302,-0.00276567,-,-,60.79999924,25.30612373,1488,-,-115.4855652,36.8913765,-76.30416107,6.27450991,33.55404282,34.17541504,19.55852509
Thu Nov 09 13:25:00 EST 2017,24:59.5,-76.30403407,36.89110659,15.25,3,-34.70000076,158.6,0.15322891,8.54251194,3.67749381,-0.05438517,-,15.68627453,-0.01704436,-,-,60.79999924,25.33082962,1582,-,-113.8451462,36.89110565,-76.30403137,8.23529434,34.11327744,34.17541504,19.55852509
Thu Nov 09 13:25:02 EST 2017,25:01.5,-76.30388662,36.89085296,15,4,-35.29999924,154.8,0.07661445,8.88727665,3.79241538,0.00544473,-,15.68627453,-0.01465666,-,-,60.79999924,25.35367012,1477,-,-115.8136444,36.89085388,-76.30388641,5.88235283,33.55404282,33.55404282,-
Thu Nov 09 13:25:04 EST 2017,25:03.6,-76.30375043,36.89060952,14.75,4,-35.29999924,155.2,-0.11492168,9.04050541,3.33272886,-0.00065679,-,15.68627453,-0.10339011,-,-,60.79999924,25.37294388,1421,-,-115.8136444,36.89060974,-76.30374908,5.88235283,32.9948082,32.31130219,-
Thu Nov 09 13:25:06 EST 2017,25:05.8,-76.30361378,36.89036682,14.5,4,-35.90000153,155.5,0.19153613,8.77235508,3.79241538,-0.01177169,-,15.29411793,-0.03763444,-,-,60.79999924,25.39210892,1395,-,-117.7821579,36.8903656,-76.30361176,5.49019623,32.43557358,32.31130219,-
Thu Nov 09 13:25:08 EST 2017,25:07.9,-76.30349614,36.89013121,14,4,-35.70000076,156.1,0.19153613,8.73404789,3.94564438,-0.00384986,-,15.29411793,-0.05907208,-,-,60.79999924,25.40603447,1331,-,-117.1259842,36.8901329,-76.30349731,4.70588255,31.31710625,30.44718933,-
Thu Nov 09 13:25:11 EST 2017,25:10.1,-76.30332385,36.88981881,12.75,4,-36.09999847,157,0.8810662,8.73404789,3.90733719,-0.01277839,-,13.72549057,-0.02884309,-,-,60.79999924,25.41476631,1237,-,-118.4383164,36.8898201,-76.30332184,4.31372547,28.52093697,28.58307457,-
Thu Nov 09 13:25:13 EST 2017,25:12.3,-76.30322978,36.88962648,11.75,3,-37.5,161.6,0.68953007,9.15542698,3.86903,0.03462344,-,15.29411793,0.01597044,-,-,60.79999924,25.41663551,1532,-,-123.0314941,36.88962555,-76.30323029,5.88235283,26.2840004,26.09758949,-
Thu Nov 09 13:25:15 EST 2017,25:14.4,-76.30316649,36.88944407,10.5,3,-37.59999847,166.4,0.34476504,8.92558384,4.44363832,0.03597385,-,15.29411793,-0.04519547,-,-,60.79999924,25.41000748,1356,-,-123.3595734,36.88944244,-76.30316925,5.09803915,23.48783112,22.9907341,-
Thu Nov 09 13:25:17 EST 2017,25:16.6,-76.3031188,36.88927383,9.5,4,-37.5,168,0.5363012,8.19774628,4.75009632,0.00836135,-,14.11764717,-0.02345318,-,-,60.79999924,25.39833641,1231,-,-123.0314941,36.8892746,-76.30311584,4.70588255,21.25089455,21.12662125,-
Thu Nov 09 13:25:19 EST 2017,25:18.8,-76.30308522,36.88913042,7.25,3,-36.5,167.2,0.38307226,8.19774628,5.32470465,0.01017185,-,13.33333397,-0.0024368,-,-,60.79999924,25.36984253,1037,-,-119.7506561,36.88912964,-76.30308533,3.92156863,16.21778679,14.91290855,-
Thu Nov 09 13:25:21 EST 2017,25:20.9,-76.30305831,36.88904451,4.25,4,-36.40000153,167.3,0.30645782,8.84896946,3.94564438,0.00713664,-,13.33333397,-0.01152577,-,-,60.79999924,25.31793022,803,-,-119.4225769,36.88904572,-76.30305481,3.92156863,9.50697899,6.21371174,-
Thu Nov 09 13:25:23 EST 2017,25:23.1,-76.30304609,36.88902488,1,3,-35.90000153,167.5,-0.07661445,8.54251194,3.79241538,-0.02821648,-,13.33333397,-0.04689101,-,-,60.79999924,25.25286102,684,-,-117.7821579,36.88902664,-76.30304718,4.31372547,2.23693633,1.24274242,-
Thu Nov 09 13:25:26 EST 2017,25:25.1,-76.30304584,36.88901416,1.25,3,-35.09999847,165.3,0.03830723,9.6534214,1.9153614,0.02381255,-,13.33333397,0.01172629,-,-,60.79999924,25.18814468,915,-,-115.1574783,36.8890152,-76.30304718,13.33333397,2.79617047,1.24274242,-
Thu Nov 09 13:25:28 EST 2017,25:27.2,-76.30302728,36.88894322,4.5,4,-35.79999924,166.2,-0.15322891,9.88326454,2.56658411,0.01864837,-,13.33333397,0.06404987,-,-,60.79999924,25.14715767,1979,-,-117.4540634,36.88894272,-76.30302429,14.50980377,10.06621265,9.94193935,63.05464172
Thu Nov 09 13:25:30 EST 2017,25:29.4,-76.30300419,36.88881165,7,3,-35.40000153,166.8,0.68953007,8.50420475,2.41335535,-0.07714057,-,18.8235302,-0.22081326,-,-,60.79999924,25.12138748,1920,-,-116.1417389,36.88881302,-76.3030014,10.1960783,15.65855312,15.53427982,68.85101318
Thu Nov 09 13:25:32 EST 2017,25:31.4,-76.30296335,36.88866808,8,3,-35.79999924,167.6,-0.15322891,8.84896946,3.60087943,-0.00701499,-,16.07843208,-0.029346,-,-,60.79999924,25.10239983,1920,-,-117.4540634,36.88866806,-76.30296326,9.8039217,17.89549065,18.01976395,34.16027451
Thu Nov 09 13:25:34 EST 2017,25:33.5,-76.30292939,36.88852753,8,4,-36.20000076,169.6,-0.15322891,9.00219822,3.21780705,-0.00635773,-,16.07843208,-0.13107227,-,-,60.79999924,25.08351135,1365,-,-118.7664032,36.88852692,-76.30293274,5.88235283,17.89549065,18.01976395,34.16027451
Thu Nov 09 13:25:36 EST 2017,25:35.7,-76.30290095,36.88839902,7.75,3,-35.59999847,170.9,0.22984336,8.92558384,3.21780705,-0.03041232,-,16.86274529,-0.0161134,-,-,60.79999924,25.06142044,1348,-,-116.7978973,36.88839722,-76.30290222,7.45098066,17.33625603,16.77702141,-
Thu Nov 09 13:25:38 EST 2017,25:37.8,-76.30286874,36.8882592,8,4,-35.40000153,172.2,0.2681506,8.65743351,3.44765043,-0.0064125,-,16.86274529,-0.02364065,-,-,60.79999924,25.04274178,1372,-,-116.1417389,36.88825989,-76.3028717,6.66666698,17.89549065,18.01976395,20.80900383
Thu Nov 09 13:25:40 EST 2017,25:40.0,-76.30284976,36.88811966,8,4,-35,172.7,0.38307226,8.31266785,4.97993946,0.00756085,-,14.50980377,-0.02611299,-,-,60.79999924,25.0241642,1384,-,-114.8293991,36.88811874,-76.30284882,5.09803915,17.89549065,18.01976395,20.80900383
Thu Nov 09 13:25:43 EST 2017,25:42.1,-76.3028108,36.88793709,6,4,-35.09999847,170.6,0.68953007,7.77636719,5.74608421,0.01896243,-,13.33333397,-0.00629115,-,-,60.79999924,24.99092674,974,-,-115.1574783,36.88793564,-76.30281067,3.52941179,13.42161655,12.42742348,-
Thu Nov 09 13:25:45 EST 2017,25:44.3,-76.30280974,36.88792223,1,3,-35.29999924,169.1,-0.03830723,9.27034855,3.17949986,-0.02555957,-,14.11764717,-0.04830089,-,-,60.79999924,24.93497276,701,-,-115.8136444,36.88792038,-76.30281067,4.31372547,2.23693633,3.72822714,-
Thu Nov 09 13:25:47 EST 2017,25:46.3,-76.30280553,36.88792341,0,3,-35.79999924,0,0.07661445,8.84896946,3.37103605,-0.01736142,-,14.11764717,-0.03436584,-,-,60.79999924,24.93497276,656,-,-117.4540634,36.88792419,-76.30280304,4.31372547,0,0,-
Thu Nov 09 13:25:49 EST 2017,25:48.5,-76.30280857,36.88791972,0,3,-36,0,-0.07661445,8.84896946,3.40934324,-0.01471037,-,14.11764717,-0.03296838,-,-,60.79999924,24.93497276,656,-,-118.1102371,36.88792038,-76.30281067,4.31372547,0,0,-
Thu Nov 09 13:25:51 EST 2017,25:50.7,-76.30280595,36.88791636,0,3,-36,0,-0.11492168,8.73404789,3.29442143,-0.02937752,-,14.11764717,-0.03574949,-,-,62.59999847,24.93497276,680,-,-118.1102371,36.88791656,-76.30280304,4.31372547,0,0,-
Thu Nov 09 13:25:53 EST 2017,25:53.0,-76.30280809,36.88791485,0,3,-35.59999847,0,0.03830723,8.84896946,3.33272886,-0.01710254,-,13.72549057,-0.03436584,-,-,62.59999847,24.93497276,693,-,-116.7978973,36.88791656,-76.30281067,3.92156863,0,0,-
Thu Nov 09 13:25:56 EST 2017,25:55.2,-76.3028092,36.8879111,0,3,-35.20000076,0,-0.07661445,8.88727665,3.29442143,-0.011941,-,14.11764717,-0.03345766,-,-,62.59999847,24.93497276,662,-,-115.4855652,36.88791275,-76.30281067,4.31372547,0,0,-
Thu Nov 09 13:25:58 EST 2017,25:57.4,-76.30280925,36.88791093,0,3,-35.20000076,0,-0.03830723,8.88727665,3.37103605,-0.01206923,-,14.11764717,-0.03073823,-,-,62.59999847,24.93497276,657,-,-115.4855652,36.88791275,-76.30281067,4.31372547,0,0,-
Thu Nov 09 13:26:00 EST 2017,25:59.6,-76.30280927,36.88791074,0,3,-35.20000076,0,-0.11492168,8.96389103,3.14119267,-0.01269895,-,14.11764717,-0.03136814,-,-,62.59999847,24.93497276,667,-,-115.4855652,36.88790894,-76.30281067,4.31372547,0,0,-
Thu Nov 09 13:26:02 EST 2017,26:01.7,-76.30280927,36.88791074,0,3,-35.20000076,0,0.11492168,8.88727665,3.40934324,-0.01061463,-,14.11764717,-0.03209304,-,-,62.59999847,24.93497276,667,-,-115.4855652,36.88790894,-76.30281067,3.92156863,0,0,-
Thu Nov 09 13:26:04 EST 2017,26:03.8,-76.30280929,36.88791076,0,3,-35.20000076,0,0.11492168,8.84896946,3.44765043,-0.01284856,-,14.11764717,-0.02932242,-,-,62.59999847,24.93497276,660,-,-115.4855652,36.88790894,-76.30281067,4.31372547,0,0,-
Thu Nov 09 13:26:07 EST 2017,26:06.7,-76.3028093,36.88791074,0,3,-35.20000076,0,0.03830723,8.92558384,3.29442143,-0.01443443,-,14.11764717,-0.03158083,-,-,62.59999847,24.93497276,672,-,-115.4855652,36.88790894,-76.30281067,4.31372547,0,0,-
Thu Nov 09 13:26:10 EST 2017,26:10.1,-76.30280925,36.88791074,0,3,-35.20000076,0,-0.03830723,8.77235508,3.33272886,-0.01202888,-,14.11764717,-0.02114332,-,-,62.59999847,24.93497276,669,-,-115.4855652,36.88790894,-76.30281067,4.31372547,0,0,-
Thu Nov 09 13:26:13 EST 2017,26:12.3,-76.30280921,36.88791071,0,3,-35.20000076,0,0,8.81066227,3.44765043,-0.01655692,-,14.11764717,-0.02616004,-,-,62.59999847,24.93497276,667,-,-115.4855652,36.88790894,-76.30281067,4.31372547,0,0,-
Thu Nov 09 13:26:15 EST 2017,26:14.6,-76.30280916,36.88791068,0,3,-35.20000076,0,0.07661445,8.84896946,3.48595762,-0.01367673,-,14.11764717,-0.03247147,-,-,62.59999847,24.93497276,652,-,-115.4855652,36.88790894,-76.30281067,4.31372547,0,0,-
Thu Nov 09 13:26:17 EST 2017,26:16.6,-76.30280908,36.88791067,0,3,-35.09999847,0,-0.19153613,8.88727665,3.21780705,-0.01425828,-,14.11764717,-0.03597897,-,-,62.59999847,24.93497276,673,-,-115.1574783,36.88790894,-76.30281067,4.31372547,0,0,-
Thu Nov 09 13:26:19 EST 2017,26:18.8,-76.302809,36.88791066,0,3,-35.09999847,0,-0.03830723,8.84896946,3.44765043,-0.01291156,-,14.11764717,-0.02935386,-,-,62.59999847,24.93497276,672,-,-115.1574783,36.88790894,-76.30281067,4.31372547,0,0,-
Thu Nov 09 13:26:21 EST 2017,26:21.0,-76.30280901,36.88791063,0,3,-35.09999847,0,0.03830723,8.77235508,3.56257224,-0.01583779,-,14.11764717,-0.03450806,-,-,62.59999847,24.93497276,668,-,-115.1574783,36.88790894,-76.30281067,4.31372547,0,0,-
Thu Nov 09 13:26:24 EST 2017,26:23.2,-76.30280904,36.88791055,0,3,-35.09999847,0,0.07661445,8.88727665,3.40934324,-0.01273012,-,14.11764717,-0.02932242,-,-,62.59999847,24.93497276,653,-,-115.1574783,36.88790894,-76.30281067,4.31372547,0,0,-
Thu Nov 09 13:26:26 EST 2017,26:25.3,-76.30280901,36.88791054,0,3,-35.09999847,0,0.11492168,8.92558384,3.44765043,-0.00556797,-,14.11764717,-0.0242347,-,-,62.59999847,24.93497276,659,-,-115.1574783,36.88790894,-76.30281067,4.31372547,0,0,-
Thu Nov 09 13:26:28 EST 2017,26:27.3,-76.30280896,36.88791057,0,3,-35.09999847,0,0.11492168,8.88727665,3.48595762,-0.00779027,-,14.11764717,-0.02633242,-,-,62.59999847,24.93497276,658,-,-115.1574783,36.88790894,-76.30281067,4.31372547,0,0,-
Thu Nov 09 13:26:30 EST 2017,26:29.5,-76.30280895,36.88791058,0,3,-35.09999847,0,0,8.84896946,3.37103605,-0.01572722,-,14.11764717,-0.03439744,-,-,62.59999847,24.93497276,658,-,-115.1574783,36.88790894,-76.30281067,4.31372547,0,0,-
Thu Nov 09 13:26:32 EST 2017,26:31.6,-76.30280895,36.88791059,0,3,-35.09999847,0,0.19153613,8.92558384,3.44765043,-0.00933529,-,14.11764717,-0.02410961,-,-,62.59999847,24.93497276,650,-,-115.1574783,36.88790894,-76.30281067,4.31372547,0,0,-
Thu Nov 09 13:26:34 EST 2017,26:33.7,-76.30280899,36.88791059,0,3,-35.09999847,0,-0.22984336,8.88727665,3.25611424,-0.01147155,-,14.11764717,-0.03455548,-,-,62.59999847,24.93497276,710,-,-115.1574783,36.88790894,-76.30281067,4.31372547,0,0,-
Thu Nov 09 13:26:36 EST 2017,26:35.8,-76.30280899,36.88791061,0,3,-35.09999847,0,0.03830723,8.88727665,3.44765043,-0.01181174,-,14.11764717,-0.02791652,-,-,62.59999847,24.93497276,670,-,-115.1574783,36.88790894,-76.30281067,4.31372547,0,0,-
Thu Nov 09 13:26:38 EST 2017,26:38.0,-76.30280894,36.88791061,0,3,-35.09999847,0,0.03830723,8.88727665,3.44765043,-0.00927204,-,14.11764717,-0.03071461,-,-,62.59999847,24.93497276,653,-,-115.1574783,36.88790894,-76.30281067,4.31372547,0,0,-
Thu Nov 09 13:26:40 EST 2017,26:40.2,-76.30280892,36.88791062,0,3,-35.09999847,0,-0.03830723,8.92558384,3.25611424,-0.0110264,-,14.11764717,-0.03113975,-,-,62.59999847,24.93497276,665,-,-115.1574783,36.88790894,-76.30281067,4.31372547,0,0,-
Thu Nov 09 13:26:42 EST 2017,26:42.3,-76.30280891,36.88791066,0,3,-35.09999847,0,0.15322891,8.81066227,3.52426481,-0.01338576,-,14.11764717,-0.03222705,-,-,62.59999847,24.93497276,671,-,-115.1574783,36.88790894,-76.30281067,4.31372547,0,0,-
Thu Nov 09 13:26:45 EST 2017,26:44.5,-76.30280887,36.88791069,0,3,-35.09999847,0,-0.07661445,8.84896946,3.37103605,-0.01569563,-,14.11764717,-0.03657271,-,-,62.59999847,24.93497276,655,-,-115.1574783,36.88790894,-76.30281067,4.31372547,0,0,-
Thu Nov 09 13:26:47 EST 2017,26:46.7,-76.30280885,36.88791069,0,3,-35.09999847,0,0.03830723,8.96389103,3.29442143,-0.00748479,-,14.11764717,-0.02981772,-,-,62.59999847,24.93497276,660,-,-115.1574783,36.88790894,-76.30281067,4.31372547,0,0,-
Thu Nov 09 13:26:49 EST 2017,26:48.9,-76.30280876,36.88791078,0,3,-35.09999847,0,-0.11492168,8.88727665,3.25611424,-0.01484649,-,14.11764717,-0.03476886,-,-,62.59999847,24.93497276,661,-,-115.1574783,36.88790894,-76.30281067,4.31372547,0,0,-
Thu Nov 09 13:26:51 EST 2017,26:50.9,-76.30280871,36.88791076,0,3,-35.09999847,0,-0.07661445,8.81066227,3.40934324,-0.01001605,-,14.11764717,-0.02708494,-,-,62.59999847,24.93497276,667,-,-115.1574783,36.88790894,-76.30281067,4.31372547,0,0,-
Thu Nov 09 13:26:53 EST 2017,26:52.9,-76.30280873,36.88791079,0,3,-35.09999847,0,0.03830723,8.84896946,3.44765043,-0.01036258,-,14.11764717,-0.03158083,-,-,62.59999847,24.93497276,659,-,-115.1574783,36.88790894,-76.30281067,4.31372547,0,0,-
Thu Nov 09 13:26:56 EST 2017,26:55.2,-76.30280872,36.8879108,0,3,-35.09999847,0,-0.72783732,9.69172859,0.61291564,0.01169384,-,20,0.00684304,-,-,62.59999847,24.93497276,664,-,-115.1574783,36.88790894,-76.30281067,7.05882359,0,0,-
Thu Nov 09 13:26:58 EST 2017,26:57.3,-76.30279714,36.88786864,3.75,3,-34.79999924,172.8,-0.84275901,10.34295177,0.19153613,0.04107147,-,48.62745285,-0.02421124,-,-,62.59999847,24.88746643,1838,-,-114.1732254,36.88786697,-76.30279541,42.35294342,8.3885107,6.83508301,34.5696106
Thu Nov 09 13:27:00 EST 2017,26:59.3,-76.30277159,36.88773139,9,3,-36.20000076,172,-0.80445176,9.00219822,1.72382522,0.01187776,-,30.58823586,-0.06175973,-,-,62.59999847,24.87436676,2589,-,-118.7664032,36.88772964,-76.30277252,24.70588303,20.13242531,19.88387871,147.828125
Thu Nov 09 13:27:02 EST 2017,27:01.5,-76.30273402,36.88752609,12,3,-35.70000076,172.9,0,8.81066227,3.40934324,-0.01797301,-,20,-0.04385404,-,-,62.59999847,24.87918472,2015,-,-117.1259842,36.88752747,-76.30273438,16.86274529,26.84323311,26.71896172,133.0453491
Thu Nov 09 13:27:04 EST 2017,27:03.5,-76.30270125,36.88729348,12.75,4,-35.79999924,173.1,0.38307226,9.00219822,3.94564438,0.00282587,-,15.29411793,-0.00992936,-,-,62.59999847,24.88882828,1631,-,-117.4540634,36.88729477,-76.30270386,5.49019623,28.52093697,28.58307457,52.11576843
Thu Nov 09 13:27:06 EST 2017,27:05.5,-76.30267296,36.88707343,12,3,-34.70000076,173.7,-0.07661445,8.77235508,3.90733719,-0.00183067,-,15.29411793,0.00742634,-,-,62.59999847,24.89196968,1522,-,-113.8451462,36.88707352,-76.30267334,5.09803915,26.84323311,26.09758949,52.11576843
Thu Nov 09 13:27:08 EST 2017,27:07.6,-76.30264295,36.88687434,10.75,3,-34.29999924,174.5,0.22984336,8.38928318,4.55855989,-0.00905515,-,15.29411793,-0.02611299,-,-,62.59999847,24.8886528,1380,-,-112.5328064,36.88687515,-76.30264282,4.70588255,24.04706573,23.61210442,-
Thu Nov 09 13:27:10 EST 2017,27:09.8,-76.30262814,36.88670188,9,3,-33.79999924,175.5,0.42137951,8.38928318,4.44363832,-0.00081614,-,15.29411793,-0.01298562,-,-,62.59999847,24.872509,1095,-,-110.8923874,36.88670349,-76.30262756,4.31372547,20.13242531,18.64113617,-
Thu Nov 09 13:27:12 EST 2017,27:12.1,-76.30262034,36.88657061,7,4,-33,177.5,0.07661445,8.6957407,3.715801,-0.01701552,-,13.72549057,-0.01159524,-,-,62.59999847,24.84523773,1109,-,-108.2677155,36.88656998,-76.30261993,3.92156863,15.65855312,14.29153728,-
Thu Nov 09 13:27:14 EST 2017,27:14.1,-76.30261568,36.88646032,5.75,3,-34.29999924,177.6,-0.2681506,9.19373417,2.41335535,-0.01168382,-,13.72549057,-0.03035267,-,-,62.59999847,24.81331635,952,-,-112.5328064,36.88645935,-76.3026123,11.76470566,12.86238289,12.42742348,-
Thu Nov 09 13:27:17 EST 2017,27:16.3,-76.30261062,36.88629648,7,4,-34.40000153,177.7,-0.07661445,8.84896946,3.14119267,-0.01411428,-,18.4313736,-0.0411847,-,-,62.59999847,24.78793144,1231,-,-112.8609009,36.88629532,-76.3026123,9.4117651,15.65855312,14.91290855,46.2594223
Thu Nov 09 13:27:19 EST 2017,27:18.3,-76.30260262,36.88615618,7.75,3,-33.59999847,177.2,0.07661445,8.81066227,3.56257224,-0.01219517,-,14.90196133,-0.03086418,-,-,62.59999847,24.7674427,1303,-,-110.2362137,36.88615799,-76.30260468,5.09803915,17.33625603,16.77702141,35.14836502
Thu Nov 09 13:27:21 EST 2017,27:20.4,-76.30259266,36.88601958,7.25,4,-33,176.4,0.42137951,8.08282471,5.28639746,0.02464017,-,13.72549057,-0.01421542,-,-,60.79999924,24.74388885,1209,-,-108.2677155,36.88602066,-76.30258942,3.92156863,16.21778679,15.53427982,35.14836502
Thu Nov 09 13:27:23 EST 2017,27:22.5,-76.30259474,36.88594582,3.5,3,-33.20000076,177.4,-0.22984336,8.6957407,3.44765043,-0.0111708,-,13.72549057,-0.04309631,-,-,60.79999924,24.69990158,743,-,-108.9238892,36.88594437,-76.30259705,3.92156863,7.82927656,7.45645428,-
Thu Nov 09 13:27:25 EST 2017,27:24.7,-76.30259225,36.88590674,2,3,-32.29999924,175.4,0.15322891,8.84896946,3.56257224,-0.00847989,-,13.72549057,-0.02714767,-,-,60.79999924,24.64824867,635,-,-105.9711227,36.88590622,-76.30258942,3.92156863,4.47387266,4.34959841,-
Thu Nov 09 13:27:27 EST 2017,27:26.8,-76.30259417,36.88586775,2,4,-32.20000076,178.3,0.15322891,8.88727665,3.75410819,0.00257385,-,13.72549057,-0.01609014,-,-,60.79999924,24.59528732,645,-,-105.6430435,36.88586807,-76.30259705,3.92156863,4.47387266,3.72822714,-
Thu Nov 09 13:27:29 EST 2017,27:28.8,-76.30259787,36.88584273,1.5,4,-32.59999847,182.4,0.30645782,8.88727665,3.10288548,-0.01149095,-,13.72549057,-0.03959459,-,-,60.79999924,24.54102325,645,-,-106.9553757,36.88584137,-76.30259705,5.49019623,3.35540414,3.10685587,-
Thu Nov 09 13:27:31 EST 2017,27:30.8,-76.30259677,36.88581034,1.5,4,-31.60000038,191.9,-0.15322891,8.73404789,3.715801,-0.00808107,-,13.72549057,-0.01523755,-,-,62.59999847,24.48703384,778,-,-103.6745453,36.88581085,-76.30259705,4.31372547,3.35540414,3.10685587,-
Thu Nov 09 13:27:33 EST 2017,27:32.9,-76.30260701,36.88577584,2,4,-31.60000038,193.4,-0.2681506,9.04050541,2.7581203,-0.01711839,-,13.72549057,-0.03578905,-,-,62.59999847,24.43799973,1151,-,-103.6745453,36.88577652,-76.30260468,8.23529434,4.47387266,4.97096968,11.77258873
Thu Nov 09 13:27:35 EST 2017,27:35.1,-76.30261434,36.8857361,2,3,-31.79999924,189.4,0.07661445,8.73404789,3.44765043,-0.00796961,-,13.72549057,-0.02340625,-,-,62.59999847,24.39232254,1351,-,-104.3307037,36.88573456,-76.3026123,4.70588255,4.47387266,6.21371174,8.50572872
Thu Nov 09 13:27:38 EST 2017,27:37.3,-76.30261791,36.88566402,2.5,4,-31.39999962,180.9,0.57460839,8.61912632,4.21379519,-0.00126284,-,13.72549057,-0.01992817,-,-,62.59999847,24.34532356,717,-,-103.0183716,36.88566589,-76.30261993,3.92156863,5.59234095,5.59234095,8.50572872
Thu Nov 09 13:27:40 EST 2017,27:39.4,-76.30261497,36.88562388,2,4,-31,177.8,0,8.61912632,3.79241538,-0.02110523,-,14.11764717,-0.03977732,-,-,62.59999847,24.29080963,713,-,-101.7060394,36.88562393,-76.3026123,4.31372547,4.47387266,2.48548484,-
Thu Nov 09 13:27:42 EST 2017,27:41.6,-76.30261092,36.88562675,0,3,-31,0,0.11492168,8.84896946,3.44765043,-0.01284856,-,14.11764717,-0.0315178,-,-,62.59999847,24.29080963,691,-,-101.7060394,36.88562775,-76.3026123,4.31372547,0,0,-
Thu Nov 09 13:27:44 EST 2017,27:43.8,-76.30260774,36.88562757,0,3,-30.79999924,0,-0.07661445,9.19373417,2.45166254,-0.01103902,-,16.07843208,-0.01911898,-,-,62.59999847,24.29080963,666,-,-101.0498657,36.88562775,-76.30260468,5.88235283,0,0,-
Thu Nov 09 13:27:46 EST 2017,27:46.0,-76.30260709,36.88562527,0.25,4,-30.5,177.8,0.2681506,8.77235508,3.75410819,-0.00794697,-,13.72549057,-0.02370316,-,-,62.59999847,24.2381134,1136,-,-100.0656204,36.88562393,-76.30260468,3.92156863,0.55923408,3.10685587,11.81574631
Thu Nov 09 13:27:49 EST 2017,27:48.2,-76.30260568,36.88559294,1,4,-31.10000038,179.6,0.11492168,8.81066227,3.40934324,-0.01790172,-,13.72549057,-0.03657271,-,-,62.59999847,24.1825943,658,-,-102.0341187,36.88559341,-76.30260468,4.31372547,2.23693633,1.86411357,11.81574631
Thu Nov 09 13:27:51 EST 2017,27:50.4,-76.30260561,36.88557556,0.75,3,-30.70000076,179.3,-0.03830723,9.19373417,2.87304211,-0.01009946,-,15.68627453,-0.01778206,-,-,64.40000153,24.12427521,679,-,-100.7217865,36.88557434,-76.30260468,7.05882359,1.67770207,0.62137121,-
Thu Nov 09 13:27:53 EST 2017,27:52.4,-76.30260571,36.88555475,1,3,-30.70000076,177.7,-0.19153613,9.6534214,2.10689759,0.00635903,-,15.68627453,0.0077368,-,-,64.40000153,24.07544899,1122,-,-100.7217865,36.88555527,-76.30260468,16.47058868,2.23693633,4.34959841,19.39590454
Thu Nov 09 13:27:55 EST 2017,27:54.7,-76.30260588,36.88549264,4,4,-30.70000076,178.8,0.11492168,8.84896946,3.56257224,-0.00853479,-,15.29411793,-0.02720257,-,-,64.40000153,24.04063797,1187,-,-100.7217865,36.88549423,-76.30260468,3.92156863,8.94774532,9.94193935,70.39302063
Thu Nov 09 13:27:57 EST 2017,27:56.9,-76.30260553,36.88540788,4.25,3,-30.39999962,179.1,-0.15322891,9.30865574,2.10689759,-0.00522955,-,22.74509811,-0.03061235,-,-,64.40000153,24.0059967,1370,-,-99.73753357,36.88540649,-76.30260468,11.37254906,9.50697899,9.94193935,70.39302063
Thu Nov 09 13:27:59 EST 2017,27:58.9,-76.30260029,36.88531937,4.5,4,-29.79999924,177,-0.19153613,9.57680702,2.37504816,0.02499157,-,22.74509811,0.00330569,-,-,64.40000153,23.98370934,1752,-,-97.76902771,36.88531876,-76.30259705,20,10.06621265,14.91290855,58.11999512
Thu Nov 09 13:28:01 EST 2017,28:01.1,-76.30258869,36.8851391,9,3,-29.5,177.2,0.2681506,9.00219822,3.44765043,-0.00466907,-,16.47058868,-0.02139277,-,-,64.40000153,23.97520447,1605,-,-96.78477478,36.88513947,-76.30258942,6.27450991,20.13242531,20.50524902,109.2131805
Thu Nov 09 13:28:04 EST 2017,28:03.3,-76.30257389,36.88488807,9.25,4,-29.70000076,178.1,0.38307226,9.30865574,3.44765043,0.0316388,-,19.2156868,0.01298479,-,-,64.40000153,23.96674156,1569,-,-97.44094849,36.8848877,-76.30257416,10.1960783,20.69165993,20.50524902,109.2131805
Thu Nov 09 13:28:06 EST 2017,28:05.6,-76.30256763,36.88470444,10,3,-29.79999924,179.1,-0.22984336,9.38527107,3.25611424,0.03191751,-,20.7843132,0.01326354,-,-,64.40000153,23.96285439,1699,-,-97.76902771,36.88470459,-76.30256653,11.37254906,22.36936378,22.36936378,34.14512253
Thu Nov 09 13:28:11 EST 2017,28:10.8,-76.30256594,36.88422848,10.5,3,-29.39999962,178.7,0.15322891,8.88727665,3.52426481,-0.00630295,-,20.7843132,-0.02496995,-,-,64.40000153,23.96285439,1345,-,-96.45669556,36.88422775,-76.30256653,11.37254906,23.48783112,23.61210442,34.14512253
Thu Nov 09 13:28:13 EST 2017,28:12.9,-76.30257769,36.88405958,9,4,-29.79999924,186.3,0.61291564,8.54251194,4.40533113,-0.00139225,-,14.11764717,-0.01790629,-,-,64.40000153,23.95446396,1195,-,-97.76902771,36.88405991,-76.30257416,4.31372547,20.13242531,20.50524902,-
Thu Nov 09 13:28:16 EST 2017,28:15.0,-76.30261304,36.8838508,6.5,4,-29.29999924,184,0.2681506,8.35097599,4.94163227,0.00852454,-,13.72549057,-0.01013739,-,-,64.40000153,23.9355793,927,-,-96.1286087,36.8838501,-76.3026123,3.92156863,14.54008579,16.15565109,-
Thu Nov 09 13:28:18 EST 2017,28:17.0,-76.30261729,36.88378548,2.75,3,-29.5,180,0.30645782,8.6957407,4.40533113,0.01316738,-,13.72549057,-0.00549299,-,-,64.40000153,23.89727592,808,-,-96.78477478,36.88378525,-76.30261993,3.92156863,6.15157461,8.07782555,-
Thu Nov 09 13:28:20 EST 2017,28:19.1,-76.30261922,36.88377328,0.25,3,-28.89999962,178.2,0.11492168,9.04050541,3.21780705,-0.00273478,-,14.50980377,-0.03061229,-,-,64.40000153,23.84418297,625,-,-94.81626892,36.8837738,-76.30261993,4.70588255,0.55923408,1.86411357,-
Thu Nov 09 13:28:22 EST 2017,28:21.2,-76.30261622,36.88377596,0,3,-27.5,0,0.19153613,8.88727665,3.37103605,-0.0118804,-,14.11764717,-0.03054933,-,-,64.40000153,23.84418297,691,-,-90.22309875,36.88377762,-76.30261993,4.31372547,0,0,-
Thu Nov 09 13:28:24 EST 2017,28:23.3,-76.30261738,36.88377545,0,3,-27.20000076,0,-0.07661445,8.77235508,3.33272886,-0.02438325,-,14.11764717,-0.04305645,-,-,64.40000153,23.84418297,662,-,-89.23884583,36.8837738,-76.30261993,4.31372547,0,0,-
Thu Nov 09 13:28:26 EST 2017,28:25.4,-76.30261822,36.88377731,0,3,-26.10000038,0,-0.34476504,9.23204136,2.64319873,-0.00147307,-,14.11764717,-0.02013844,-,-,64.40000153,23.84418297,687,-,-85.62992096,36.88377762,-76.30261993,3.92156863,0,0,-
Thu Nov 09 13:28:28 EST 2017,28:27.4,-76.30261955,36.8837732,0.5,3,-25.60000038,178.2,0.5363012,8.96389103,3.715801,0.00965643,-,14.11764717,-0.00900508,-,-,64.40000153,23.78835869,689,-,-83.98950195,36.8837738,-76.30261993,4.31372547,1.11846817,0.62137121,0.82781726
Thu Nov 09 13:28:30 EST 2017,28:29.5,-76.30262029,36.88376088,0.75,4,-26,178.2,0.15322891,8.54251194,4.13718033,-0.01332903,-,13.72549057,-0.03017167,-,-,64.40000153,23.73578262,682,-,-85.30183411,36.88376236,-76.30261993,3.92156863,1.67770207,1.86411357,4.98391342
Thu Nov 09 13:28:32 EST 2017,28:31.7,-76.3026185,36.88375355,0,3,-27.5,0,0.03830723,8.84896946,3.44765043,-0.00844917,-,13.72549057,-0.03158083,-,-,66.19999695,23.73578262,662,-,-90.22309875,36.88375473,-76.30261993,3.92156863,0,0,4.98391342
Thu Nov 09 13:28:34 EST 2017,28:33.8,-76.30261929,36.88375353,0,3,-27.70000076,0,0.11492168,8.84896946,3.44765043,-0.01284856,-,14.11764717,-0.0315178,-,-,66.19999695,23.73578262,660,-,-90.87926483,36.88375473,-76.30261993,4.31372547,0,0,-
Thu Nov 09 13:28:36 EST 2017,28:35.9,-76.30261854,36.88375078,0,3,-27.70000076,0,0.19153613,8.81066227,3.52426481,-0.01348662,-,14.11764717,-0.03215611,-,-,66.19999695,23.73578262,657,-,-90.87926483,36.88375092,-76.30261993,4.31372547,0,0,-
Thu Nov 09 13:28:38 EST 2017,28:37.9,-76.30261696,36.88374792,0,3,-27.5,0,0.19153613,8.88727665,3.48595762,-0.01283825,-,14.11764717,-0.03215611,-,-,66.19999695,23.73578262,658,-,-90.22309875,36.8837471,-76.30261993,4.31372547,0,0,-
Thu Nov 09 13:28:40 EST 2017,28:39.9,-76.30261565,36.88374904,0,3,-27.5,0,0.19153613,8.81066227,3.56257224,-0.00813562,-,13.72549057,-0.02708494,-,-,66.19999695,23.73578262,665,-,-90.22309875,36.88375092,-76.3026123,3.92156863,0,0,-
Thu Nov 09 13:28:43 EST 2017,28:42.0,-76.30261621,36.88374736,0,3,-27.29999924,0,0.03830723,8.81066227,3.48595762,-0.01511919,-,14.11764717,-0.03378924,-,-,66.19999695,23.73578262,653,-,-89.56692505,36.8837471,-76.30261993,4.31372547,0,0,-
Thu Nov 09 13:28:45 EST 2017,28:44.1,-76.30261624,36.88374734,0,3,-27.29999924,0,0.19153613,8.88727665,3.44765043,-0.00908375,-,14.11764717,-0.02775172,-,-,66.19999695,23.73578262,652,-,-89.56692505,36.8837471,-76.30261993,4.31372547,0,0,-
Thu Nov 09 13:28:47 EST 2017,28:46.3,-76.30261624,36.8837473,0,3,-27.29999924,0,0.22984336,8.88727665,3.52426481,-0.00655563,-,14.11764717,-0.02199326,-,-,66.19999695,23.73578262,652,-,-89.56692505,36.8837471,-76.30261993,4.31372547,0,0,-
Thu Nov 09 13:28:49 EST 2017,28:48.3,-76.30261623,36.8837473,0,3,-27.29999924,0,0.11492168,8.77235508,3.56257224,-0.00834439,-,14.11764717,-0.03444485,-,-,66.19999695,23.73578262,661,-,-89.56692505,36.8837471,-76.30261993,4.31372547,0,0,-
Thu Nov 09 13:28:51 EST 2017,28:50.3,-76.30261622,36.88374729,0,3,-27.29999924,0,0.07661445,8.84896946,3.40934324,-0.01102705,-,14.11764717,-0.03296838,-,-,66.19999695,23.73578262,662,-,-89.56692505,36.8837471,-76.30261993,4.31372547,0,0,-
Thu Nov 09 13:28:57 EST 2017,28:56.1,-76.30261619,36.88374732,0,3,-27.29999924,0,0.11492168,8.81066227,3.44765043,-0.01648575,-,14.11764717,-0.03515625,-,-,66.19999695,23.73578262,654,-,-89.56692505,36.8837471,-76.30261993,4.31372547,0,0,-
Thu Nov 09 13:28:59 EST 2017,28:58.1,-76.30261621,36.88374733,0,3,-27.29999924,0,0,8.81066227,3.37103605,-0.01937532,-,14.11764717,-0.03804678,-,-,66.19999695,23.73578262,671,-,-89.56692505,36.8837471,-76.30261993,4.31372547,0,0,-
Thu Nov 09 13:29:01 EST 2017,29:00.1,-76.30261615,36.88374733,0,3,-27.29999924,0,0.07661445,8.88727665,3.48595762,-0.00972514,-,14.11764717,-0.02649698,-,-,68,23.73578262,656,-,-89.56692505,36.8837471,-76.30261993,4.31372547,0,0,-
Thu Nov 09 13:29:03 EST 2017,29:02.1,-76.30261617,36.88374734,0,3,-27.29999924,0,0.03830723,8.77235508,3.48595762,-0.01118937,-,14.11764717,-0.03232166,-,-,68,23.73578262,665,-,-89.56692505,36.8837471,-76.30261993,4.31372547,0,0,-
Thu Nov 09 13:29:05 EST 2017,29:04.2,-76.30261615,36.88374734,0,4,-27.29999924,0,0.19153613,8.81066227,3.60087943,-0.01055962,-,14.11764717,-0.02922811,-,-,68,23.73578262,663,-,-89.56692505,36.8837471,-76.30261993,4.31372547,0,0,-
Thu Nov 09 13:29:07 EST 2017,29:06.5,-76.30261616,36.88374735,0,3,-27.29999924,0,-0.11492168,9.04050541,2.9113493,-0.01888539,-,14.90196133,-0.04131202,-,-,68,23.73578262,676,-,-89.56692505,36.8837471,-76.30261993,5.88235283,0,0,-
Thu Nov 09 13:29:09 EST 2017,29:08.7,-76.30261617,36.88374733,0,3,-27.29999924,0,-0.07661445,9.15542698,2.41335535,-0.00993732,-,21.56862831,-0.03448441,-,-,68,23.68791771,906,-,-89.56692505,36.8837471,-76.30261993,12.94117641,0,3.72822714,21.44216537
Thu Nov 09 13:29:11 EST 2017,29:10.9,-76.30261636,36.88374314,3.25,3,-27.20000076,182.1,0.11492168,8.73404789,3.86903,-0.00716376,-,13.72549057,-0.02583106,-,-,66.19999695,23.64917946,1344,-,-89.23884583,36.88374329,-76.30261993,3.92156863,7.2700429,7.45645428,27.90601921
Thu Nov 09 13:29:14 EST 2017,29:13.0,-76.30263514,36.88363371,2.75,4,-28.20000076,184.9,0.2681506,8.65743351,4.48194551,0.01313668,-,13.72549057,-0.00166459,-,-,66.19999695,23.60766792,814,-,-92.51969147,36.88363266,-76.30263519,3.52941179,6.15157461,6.21371174,27.90601921
Thu Nov 09 13:29:16 EST 2017,29:15.2,-76.30263956,36.88359723,2,4,-28.79999924,181.5,0.15322891,8.46589756,4.32871675,-0.00395871,-,14.11764717,-0.03028961,-,-,66.19999695,23.55749512,647,-,-94.4881897,36.88359833,-76.30264282,4.31372547,4.47387266,2.48548484,-
Thu Nov 09 13:29:18 EST 2017,29:17.4,-76.30264437,36.88359319,0,4,-28.60000038,0,0.15322891,8.84896946,3.63918662,-0.00553668,-,14.11764717,-0.02420343,-,-,66.19999695,23.55749512,680,-,-93.83202362,36.88359451,-76.30264282,4.31372547,0,0,-
Thu Nov 09 13:29:20 EST 2017,29:19.4,-76.30264441,36.8835883,0,4,-28.5,0,0.07661445,8.84896946,3.48595762,-0.01146358,-,14.11764717,-0.03013232,-,-,66.19999695,23.55749512,669,-,-93.50393677,36.88358688,-76.30264282,4.31372547,0,0,-
Thu Nov 09 13:29:22 EST 2017,29:21.5,-76.30264222,36.88358387,0,3,-28.20000076,0,-0.07661445,8.81066227,3.40934324,-0.0179413,-,14.11764717,-0.03657271,-,-,66.19999695,23.55749512,669,-,-92.51969147,36.88358307,-76.30264282,4.31372547,0,0,-
Thu Nov 09 13:29:24 EST 2017,29:23.5,-76.30263963,36.88357813,0,3,-27.70000076,0,0.03830723,8.88727665,3.40934324,-0.01067752,-,14.11764717,-0.03158083,-,-,66.19999695,23.55749512,670,-,-90.87926483,36.88357925,-76.30264282,4.31372547,0,0,-
Thu Nov 09 13:29:25 EST 2017,29:25.6,-76.30263826,36.88357698,0,3,-27.89999962,0,-0.03830723,8.84896946,3.40934324,-0.01432228,-,14.11764717,-0.02345313,-,-,66.19999695,23.55749512,665,-,-91.53543091,36.88357544,-76.30263519,4.31372547,0,0,-
Thu Nov 09 13:29:28 EST 2017,29:27.7,-76.30263501,36.88357567,0,3,-27.89999962,0,0.03830723,9.0788126,2.94965649,-0.01027348,-,15.29411793,-0.01660986,-,-,66.19999695,23.55749512,668,-,-91.53543091,36.88357544,-76.30263519,6.27450991,0,0,-
Thu Nov 09 13:29:30 EST 2017,29:29.9,-76.30263443,36.88357548,0,3,-27.89999962,0,-0.07661445,9.23204136,2.98796368,0.0081777,-,15.29411793,-0.01530728,-,-,66.19999695,23.50756073,729,-,-91.53543091,36.88357544,-76.30263519,3.92156863,0,2.48548484,11.95380497
Thu Nov 09 13:29:33 EST 2017,29:32.1,-76.30263265,36.88356868,0.5,4,-27.60000038,181.5,0.49799395,9.11711979,2.10689759,0.03338537,-,24.70588303,-0.04446066,-,-,66.19999695,23.4563942,1174,-,-90.55118561,36.88356781,-76.30263519,14.90196133,1.11846817,1.86411357,11.95380497
Thu Nov 09 13:29:35 EST 2017,29:34.1,-76.30265685,36.88353485,2,4,-28.89999962,222.3,2.9113493,9.30865574,1.64721072,0.02635144,-,28.23529434,0.00700221,-,-,66.19999695,23.42598534,2134,-,-94.81626892,36.88353348,-76.30265808,20,4.47387266,10.56331062,64.0795517
Thu Nov 09 13:29:37 EST 2017,29:36.2,-76.30288559,36.88344287,9.75,4,-30.20000076,258.5,-0.11492168,8.88727665,2.60489154,-0.05654278,-,25.88235283,-0.07973193,-,-,66.19999695,23.4161911,2206,-,-99.08136749,36.88344193,-76.30288696,18.03921509,21.81012726,19.26250648,113.0926056
Thu Nov 09 13:29:39 EST 2017,29:38.3,-76.30311536,36.88342887,11.25,4,-28.89999962,266.9,0.03830723,8.50420475,3.60087943,-0.03959125,-,15.29411793,-0.05826958,-,-,66.19999695,23.41956711,1888,-,-94.81626892,36.88343048,-76.30311584,5.09803915,25.16553307,24.85484695,106.8829498
Thu Nov 09 13:29:39 EST 2017,29:40.3,-76.30311536,36.88342887,11.25,4,-28.89999962,266.9,0.03830723,8.50420475,3.60087943,-0.03959125,-,16.86274529,-0.05826958,-,-,64.40000153,23.42001915,1361,-,-94.81626892,36.88343048,-76.30311584,7.84313726,25.16553307,23.61210442,106.8829498
Thu Nov 09 13:29:39 EST 2017,29:42.5,-76.30311536,36.88342887,11.25,4,-28.89999962,266.9,0.30645782,7.66144562,3.715801,-0.00660737,-,16.47058868,-0.0452914,-,-,64.40000153,23.42046738,1370,-,-94.81626892,36.88343048,-76.30311584,7.05882359,25.16553307,23.61210442,-
Thu Nov 09 13:29:40 EST 2017,29:44.7,-76.30324086,36.88342341,11.25,6,-28.5,266.9,0.22984336,7.77636719,2.03028297,0.00028954,-,16.07843208,-0.0577108,-,-,64.40000153,23.4209137,1369,-,-93.50393677,36.88342285,-76.30323792,6.66666698,25.16553307,23.61210442,-
Thu Nov 09 13:29:40 EST 2017,29:46.7,-76.30324086,36.88342341,11.25,6,-28.5,266.9,0.15322891,8.92558384,3.48595762,0.01774876,-,16.07843208,0.05040362,-,-,64.40000153,23.42135811,1368,-,-93.50393677,36.88342285,-76.30323792,5.09803915,25.16553307,23.61210442,-
Thu Nov 09 13:29:40 EST 2017,29:48.9,-76.30324086,36.88342341,11.25,6,-28.5,266.9,0.15322891,9.46188545,3.715801,-0.00017688,-,17.25490189,0.01708134,-,-,64.40000153,23.4189167,1289,-,-93.50393677,36.88342285,-76.30323792,6.27450991,25.16553307,22.36936378,-
Thu Nov 09 13:29:41 EST 2017,29:51.0,-76.30334652,36.88341411,10.5,4,-27.29999924,266.2,-0.03830723,9.11711979,3.21780705,-0.00377439,-,17.25490189,0.00842545,-,-,62.59999847,23.41648865,1294,-,-89.56692505,36.88341522,-76.30334473,8.23529434,-,22.36936378,-
Thu Nov 09 13:29:41 EST 2017,29:53.1,-76.30334652,36.88341411,10.5,4,-27.29999924,266.2,0.34476504,9.00219822,3.44765043,-0.00489983,-,16.47058868,-0.02511863,-,-,62.59999847,23.41550446,1324,-,-89.56692505,36.88341522,-76.30334473,7.05882359,-,22.9907341,16.38602829
Thu Nov 09 13:29:41 EST 2017,29:55.3,-76.30334652,36.88341411,10.5,4,-27.29999924,266.2,0.34476504,8.88727665,4.09887314,-0.00787925,-,14.50980377,-0.00095419,-,-,62.59999847,23.41452599,1317,-,-89.56692505,36.88341522,-76.30334473,4.70588255,-,22.9907341,16.38602829
Thu Nov 09 13:29:41 EST 2017,29:57.5,-76.30334652,36.88341411,10.5,4,-27.29999924,266.2,0.72783732,8.23605347,4.86501789,0.01263351,-,14.11764717,0.00877348,-,-,62.59999847,23.40355301,1109,-,-89.56692505,36.88341522,-76.30334473,3.92156863,-,18.64113617,-
Thu Nov 09 13:29:41 EST 2017,29:59.7,-76.30334652,36.88341411,10.5,4,-27.29999924,266.2,0.72783732,8.23605347,4.86501789,0.01263351,-,13.33333397,0.00877348,-,-,62.59999847,23.37410355,879,-,-89.56692505,36.88341522,-76.30334473,3.52941179,-,10.56331062,-
Thu Nov 09 13:29:41 EST 2017,30:01.8,-76.30334652,36.88341411,10.5,4,-27.29999924,266.2,0.49799395,8.58081913,4.25210238,0.00637718,-,13.72549057,-0.02567449,-,-,62.59999847,23.33198929,742,-,-89.56692505,36.88341522,-76.30334473,3.92156863,-,4.97096968,-
Thu Nov 09 13:29:41 EST 2017,30:04.0,-76.30334652,36.88341411,10.5,4,-27.29999924,266.2,0.15322891,8.81066227,3.33272886,-0.00416633,-,14.90196133,-0.01642361,-,-,62.59999847,23.28439522,651,-,-89.56692505,36.88341522,-76.30334473,4.31372547,-,2.48548484,-
Thu Nov 09 13:29:41 EST 2017,30:09.2,-76.30334652,36.88341411,10.5,4,-27.29999924,266.2,-0.22984336,9.99818611,1.22583127,0.01413074,-,14.90196133,-0.02218836,-,-,62.59999847,23.23984718,1143,-,-89.56692505,36.88341522,-76.30334473,4.31372547,-,3.72822714,5.43506336
Thu Nov 09 13:29:41 EST 2017,30:11.2,-76.30334652,36.88341411,10.5,4,-27.29999924,266.2,-0.07661445,8.50420475,2.48996973,0.00382112,-,14.90196133,0.00555403,-,-,62.59999847,23.24493217,1918,-,-89.56692505,36.88341522,-76.30334473,4.31372547,-,25.47621918,-
Thu Nov 09 13:29:42 EST 2017,30:13.4,-76.30346333,36.88340497,10.75,4,-26.79999924,262.8,0.2681506,8.46589756,3.40934324,-0.00467308,-,15.68627453,-0.06767378,-,-,62.59999847,23.25139999,1512,-,-87.92650604,36.88340378,-76.3034668,6.27450991,-,26.09758949,26.78398323
Thu Nov 09 13:29:42 EST 2017,30:15.7,-76.30346333,36.88340497,10.75,4,-26.79999924,262.8,0.22984336,8.88727665,3.56257224,-0.00427167,-,15.29411793,-0.07365024,-,-,62.59999847,23.25643349,1475,-,-87.92650604,36.88340378,-76.3034668,5.88235283,-,25.47621918,26.78398323
Thu Nov 09 13:30:01 EST 2017,30:17.7,-76.30545285,36.88333394,3.5,3,-27.60000038,266.8,0.22984336,8.81066227,3.25611424,-0.00467339,-,15.29411793,-0.05553531,-,-,62.59999847,23.25864029,1416,-,-90.55118561,36.88333511,-76.30545044,6.66666698,7.82927656,24.23347664,-
Thu Nov 09 13:30:04 EST 2017,30:19.7,-76.30551629,36.88334183,1.25,3,-28.29999924,268.8,-0.15322891,8.92558384,3.56257224,-0.01504846,-,15.29411793,-0.01275375,-,-,62.59999847,23.26083374,1394,-,-92.84776306,36.88334274,-76.3055191,5.49019623,2.79617047,24.23347664,-
Thu Nov 09 13:30:18 EST 2017,30:21.8,-76.30680932,36.88332646,11,3,-30.5,267.5,-0.07661445,8.92558384,3.90733719,0.0015787,-,15.29411793,0.00034326,-,-,62.59999847,23.26162338,1338,-,-100.0656204,36.88332748,-76.30680847,4.70588255,24.60629845,23.61210442,-
Thu Nov 09 13:30:24 EST 2017,30:23.9,-76.30751431,36.88329693,10,3,-30.20000076,268.2,0.57460839,8.6957407,4.55855989,0.02154487,-,15.29411793,-0.0275555,-,-,62.59999847,23.25823021,1252,-,-99.08136749,36.88329697,-76.30751801,4.31372547,22.36936378,21.74799156,-
Thu Nov 09 13:30:26 EST 2017,30:26.0,-76.30771797,36.88328549,8.5,3,-30,267.8,1.83874691,8.73404789,3.86903,-0.01221025,-,14.11764717,-0.08106764,-,-,62.59999847,23.245121,946,-,-98.42519379,36.88328552,-76.30771637,4.70588255,19.01395798,17.39839363,-
Thu Nov 09 13:30:29 EST 2017,30:28.2,-76.30792179,36.88329798,5.25,3,-30.29999924,298.4,2.14520478,8.38928318,3.40934324,-0.00517274,-,14.11764717,-0.06747746,-,-,62.59999847,23.21819878,943,-,-99.40944672,36.88329697,-76.30792236,7.45098066,11.74391556,11.18468189,-
Thu Nov 09 13:30:31 EST 2017,30:30.2,-76.30798597,36.88338103,6,4,-29.20000076,336.6,0.03830723,8.92558384,3.52426481,-0.02302984,-,14.11764717,-0.04600289,-,-,62.59999847,23.19416618,1738,-,-95.80052948,36.88338089,-76.3079834,7.45098066,13.42161655,12.42742348,13.0066452
Thu Nov 09 13:30:33 EST 2017,30:32.5,-76.30798207,36.88351661,7,4,-28.79999924,356.5,2.18351197,8.27436066,4.86501789,0.02244943,-,13.72549057,-0.00175627,-,-,62.59999847,23.177145,1130,-,-94.4881897,36.88351822,-76.3079834,4.31372547,15.65855312,15.53427982,63.34029388
Thu Nov 09 13:30:35 EST 2017,30:34.7,-76.30795727,36.88359368,4.5,4,-29.29999924,23.9,1.9153614,9.38527107,2.45166254,-0.02286056,-,17.64705849,0.00824397,-,-,62.59999847,23.14504433,803,-,-96.1286087,36.88359451,-76.30796051,7.84313726,10.06621265,8.69919682,63.34029388
Thu Nov 09 13:30:37 EST 2017,30:36.8,-76.30789736,36.88363977,3.75,4,-31.29999924,48.1,1.95366859,8.54251194,3.10288548,0.00337116,-,14.50980377,-0.04108922,-,-,62.59999847,23.1089592,1106,-,-102.6902847,36.88364029,-76.30789948,4.31372547,8.3885107,6.83508301,-
Thu Nov 09 13:30:39 EST 2017,30:38.9,-76.30780217,36.88364051,4,5,-31.10000038,82,0.76614451,8.84896946,2.64319873,-0.00913125,-,14.50980377,-0.05502653,-,-,62.59999847,23.07303429,1070,-,-102.0341187,36.88364029,-76.30780029,8.23529434,8.94774532,6.83508301,-
Thu Nov 09 13:30:42 EST 2017,30:41.0,-76.30769695,36.88360669,3.25,7,-31.10000038,108.8,-1.18752408,9.04050541,3.60087943,0.01833045,-,14.50980377,-0.00032812,-,-,62.59999847,23.04411125,1260,-,-102.0341187,36.88360596,-76.30769348,10.1960783,7.2700429,9.94193935,34.0581398
Thu Nov 09 13:30:44 EST 2017,30:43.1,-76.30763096,36.88358508,3.25,10,-31.10000038,110.1,0.11492168,8.6957407,3.21780705,0.00154479,-,16.86274529,-0.05444541,-,-,62.59999847,23.01941299,1361,-,-102.0341187,36.88358688,-76.30763245,8.62745094,7.2700429,11.80605221,24.45907593
Thu Nov 09 13:30:46 EST 2017,30:45.2,-76.30756127,36.88356463,3.25,17,-31.10000038,110.1,0.65122288,8.6957407,3.29442143,-0.03078061,-,16.86274529,0.00101414,-,-,62.59999847,22.99754715,1555,-,-102.0341187,36.883564,-76.30756378,7.05882359,7.2700429,13.04879475,14.60205555
Thu Nov 09 13:30:48 EST 2017,30:47.2,-76.30748762,36.88355393,3.25,26,-31.10000038,104.7,0.38307226,8.92558384,3.21780705,-0.01304549,-,16.86274529,-0.03171477,-,-,62.59999847,22.97441864,1466,-,-102.0341187,36.88355255,-76.30748749,8.23529434,7.2700429,12.42742348,14.60205555
Thu Nov 09 13:30:49 EST 2017,30:49.3,-76.30745044,36.88354984,3.25,32,-31.10000038,102,1.03429508,8.54251194,3.60087943,-0.02000338,-,16.86274529,-0.04881409,-,-,62.59999847,22.95003319,1314,-,-102.0341187,36.88354874,-76.30744934,5.88235283,7.2700429,11.80605221,-
Thu Nov 09 13:30:49 EST 2017,30:51.3,-76.30745044,36.88354984,3.25,32,-31.10000038,102,-0.61291564,8.88727665,3.715801,-0.00323795,-,16.86274529,0.00329809,-,-,62.59999847,22.92304611,1291,-,-102.0341187,36.88354874,-76.30744934,4.70588255,7.2700429,10.56331062,-
Thu Nov 09 13:30:49 EST 2017,30:53.5,-76.30745044,36.88354984,3.25,32,-31.10000038,102,-1.9153614,8.61912632,3.79241538,-0.00144964,-,18.8235302,-0.02011503,-,-,62.59999847,22.8961792,1211,-,-102.0341187,36.88354874,-76.30744934,9.01960754,7.2700429,10.56331062,-
Thu Nov 09 13:30:49 EST 2017,30:55.8,-76.30745044,36.88354984,3.25,32,-31.10000038,102,0.65122288,8.35097599,3.63918662,-0.02246863,-,15.68627453,-0.06872176,-,-,62.59999847,22.8734684,1405,-,-102.0341187,36.88354874,-76.30744934,6.27450991,7.2700429,12.42742348,22.60725212
Thu Nov 09 13:30:49 EST 2017,30:58.0,-76.30745044,36.88354984,3.25,32,-31.10000038,102,-0.22984336,9.00219822,3.715801,0.01203167,-,14.11764717,-0.00662903,-,-,62.59999847,22.84816742,1303,-,-102.0341187,36.88354874,-76.30744934,4.70588255,7.2700429,11.18468189,22.60725212
Thu Nov 09 13:30:49 EST 2017,31:00.2,-76.30745044,36.88354984,3.25,32,-31.10000038,102,-1.22583127,8.54251194,3.715801,0.00389095,-,16.07843208,0.01165842,-,-,62.59999847,22.81895065,1106,-,-102.0341187,36.88354874,-76.30744934,5.88235283,7.2700429,9.32056808,-
Thu Nov 09 13:30:49 EST 2017,31:02.4,-76.30745044,36.88354984,3.25,32,-31.10000038,102,-0.03830723,8.92558384,3.06457806,-0.00790689,-,15.29411793,-0.03768201,-,-,62.59999847,22.79119873,1207,-,-102.0341187,36.88354874,-76.30744934,6.66666698,7.2700429,9.94193935,7.04620218
Thu Nov 09 13:30:49 EST 2017,31:04.5,-76.30745044,36.88354984,3.25,32,-31.10000038,102,-0.03830723,8.92558384,3.06457806,-0.00790689,-,15.29411793,-0.03768201,-,-,62.59999847,22.76356506,1211,-,-102.0341187,36.88354874,-76.30744934,7.05882359,7.2700429,9.94193935,7.04620218
Thu Nov 09 13:30:49 EST 2017,31:06.7,-76.30745044,36.88354984,3.25,32,-31.10000038,102,0.45968673,8.92558384,3.715801,0.0056541,-,14.50980377,-0.0202474,-,-,62.59999847,22.7373848,1264,-,-102.0341187,36.88354874,-76.30744934,4.70588255,7.2700429,10.56331062,7.76940632
Thu Nov 09 13:30:49 EST 2017,31:08.8,-76.30745044,36.88354984,3.25,32,-31.10000038,102,0.11492168,8.84896946,3.75410819,-0.01054732,-,14.50980377,-0.02946391,-,-,62.59999847,22.70732498,1033,-,-102.0341187,36.88354874,-76.30744934,3.52941179,7.2700429,8.69919682,7.76940632
Thu Nov 09 13:30:49 EST 2017,31:10.9,-76.30745044,36.88354984,3.25,32,-31.10000038,102,-0.5363012,8.65743351,3.79241538,-0.01598001,-,14.50980377,-0.01799951,-,-,62.59999847,22.67208099,766,-,-102.0341187,36.88354874,-76.30744934,4.70588255,7.2700429,6.21371174,-
Thu Nov 09 13:30:49 EST 2017,31:12.9,-76.30745044,36.88354984,3.25,32,-31.10000038,102,0.9576807,8.27436066,4.90332508,0.0042854,-,14.50980377,-0.01554755,-,-,62.59999847,22.63433838,754,-,-102.0341187,36.88354874,-76.30744934,4.70588255,7.2700429,4.97096968,-
Thu Nov 09 13:30:49 EST 2017,31:15.0,-76.30745044,36.88354984,3.25,32,-31.10000038,102,0.61291564,8.6957407,3.37103605,-0.02825654,-,13.72549057,-0.04693103,-,-,62.59999847,22.63433838,679,-,-102.0341187,36.88354874,-76.30744934,4.31372547,7.2700429,0,-
Thu Nov 09 13:30:49 EST 2017,31:17.0,-76.30745044,36.88354984,3.25,32,-31.10000038,102,0.19153613,8.84896946,3.14119267,-0.02361846,-,13.72549057,-0.04229138,-,-,62.59999847,22.63433838,667,-,-102.0341187,36.88354874,-76.30744934,3.92156863,7.2700429,0,-
Thu Nov 09 13:30:49 EST 2017,31:19.1,-76.30745044,36.88354984,3.25,32,-31.10000038,102,0.57460839,8.54251194,4.59686708,0.00498065,-,17.64705849,-0.0182248,-,-,62.59999847,22.63433838,717,-,-102.0341187,36.88354874,-76.30744934,7.05882359,7.2700429,0,-
Thu Nov 09 13:30:49 EST 2017,31:21.3,-76.30745044,36.88354984,3.25,32,-31.10000038,102,0.49799395,8.81066227,3.29442143,-0.01170781,-,15.68627453,-0.02396889,-,-,62.59999847,22.59014893,848,-,-102.0341187,36.88354874,-76.30744934,6.27450991,7.2700429,1.86411357,5.95769644
Thu Nov 09 13:30:49 EST 2017,31:23.3,-76.30745044,36.88354984,3.25,32,-31.10000038,102,0.45968673,8.88727665,3.40934324,-0.01550947,-,15.68627453,-0.02822266,-,-,62.59999847,22.54350471,742,-,-102.0341187,36.88354874,-76.30744934,6.27450991,7.2700429,0.62137121,5.95769644
Thu Nov 09 13:30:49 EST 2017,31:25.5,-76.30745044,36.88354984,3.25,32,-31.10000038,102,0.2681506,8.6957407,3.715801,-0.01665968,-,15.68627453,-0.04261008,-,-,62.59999847,22.54350471,759,-,-102.0341187,36.88354874,-76.30744934,5.49019623,7.2700429,0,-
Thu Nov 09 13:30:49 EST 2017,31:27.7,-76.30745044,36.88354984,3.25,32,-31.10000038,102,0.57460839,9.11711979,2.7581203,-0.0082683,-,15.68627453,-0.02693595,-,-,62.59999847,22.54350471,802,-,-102.0341187,36.88354874,-76.30744934,6.27450991,7.2700429,0,-
Thu Nov 09 13:30:49 EST 2017,31:29.8,-76.30745044,36.88354984,3.25,32,-31.10000038,102,0.30645782,9.00219822,3.10288548,-0.00435888,-,14.50980377,-0.0285289,-,-,64.40000153,22.54350471,781,-,-102.0341187,36.88354874,-76.30744934,4.70588255,7.2700429,0,-
Thu Nov 09 13:30:49 EST 2017,31:31.9,-76.30745044,36.88354984,3.25,32,-31.10000038,102,0.84275901,8.58081913,4.09887314,-0.00782943,-,14.90196133,-0.02649699,-,-,64.40000153,22.49706078,751,-,-102.0341187,36.88354874,-76.30744934,5.49019623,7.2700429,0.62137121,0.72220486
Thu Nov 09 13:30:49 EST 2017,31:34.1,-76.30745044,36.88354984,3.25,32,-31.10000038,102,0.30645782,8.96389103,3.29442143,-0.01587094,-,14.50980377,-0.02565878,-,-,64.40000153,22.49706078,659,-,-102.0341187,36.88354874,-76.30744934,4.70588255,7.2700429,0,0.72220486
Thu Nov 09 13:30:49 EST 2017,31:36.3,-76.30745044,36.88354984,3.25,32,-31.10000038,102,0.34476504,8.84896946,3.44765043,-0.01228172,-,14.50980377,-0.03036048,-,-,64.40000153,22.49706078,684,-,-102.0341187,36.88354874,-76.30744934,4.31372547,7.2700429,0,-
Thu Nov 09 13:30:49 EST 2017,31:38.4,-76.30745044,36.88354984,3.25,32,-31.10000038,102,0.42137951,8.96389103,3.14119267,-0.01181751,-,15.29411793,-0.02086277,-,-,64.40000153,22.49706078,810,-,-102.0341187,36.88354874,-76.30744934,5.88235283,7.2700429,0,-
Thu Nov 09 13:30:49 EST 2017,31:40.5,-76.30745044,36.88354984,3.25,32,-31.10000038,102,0.34476504,8.81066227,3.56257224,-0.01158935,-,15.29411793,-0.02956611,-,-,64.40000153,22.49706078,759,-,-102.0341187,36.88354874,-76.30744934,5.49019623,7.2700429,0,-
Thu Nov 09 13:30:49 EST 2017,31:42.6,-76.30745044,36.88354984,3.25,32,-31.10000038,102,0.2681506,9.23204136,3.17949986,-0.00316338,-,14.11764717,-0.01490447,-,-,64.40000153,22.45080948,666,-,-102.0341187,36.88354874,-76.30744934,5.09803915,7.2700429,0.62137121,0.8652519
Thu Nov 09 13:30:49 EST 2017,31:44.8,-76.30745044,36.88354984,3.25,32,-31.10000038,102,0.61291564,8.92558384,3.56257224,0.00063401,-,14.90196133,-0.03484001,-,-,64.40000153,22.40475655,680,-,-102.0341187,36.88354874,-76.30744934,4.70588255,7.2700429,0.62137121,0.8652519
Thu Nov 09 13:30:49 EST 2017,31:46.8,-76.30745044,36.88354984,3.25,32,-31.10000038,102,0.19153613,9.15542698,3.14119267,-0.01006497,-,14.90196133,-0.01279245,-,-,64.40000153,22.35889816,715,-,-102.0341187,36.88354874,-76.30744934,4.70588255,7.2700429,0.62137121,-
Thu Nov 09 13:30:49 EST 2017,31:49.0,-76.30745044,36.88354984,3.25,32,-31.10000038,102,0.11492168,8.61912632,3.715801,-0.02415216,-,14.90196133,-0.0057155,-,-,64.40000153,22.35889816,670,-,-102.0341187,36.88354874,-76.30744934,4.70588255,7.2700429,0,-
Thu Nov 09 13:30:49 EST 2017,31:51.2,-76.30745044,36.88354984,3.25,32,-31.10000038,102,0.11492168,8.61912632,3.60087943,-0.01360752,-,14.90196133,-0.04740345,-,-,66.19999695,22.31323051,642,-,-102.0341187,36.88354874,-76.30744934,4.70588255,7.2700429,0.62137121,0.83784032
Thu Nov 09 13:30:49 EST 2017,31:53.4,-76.30745044,36.88354984,3.25,32,-31.10000038,102,0.61291564,9.04050541,3.48595762,-0.00907141,-,14.11764717,-0.0136274,-,-,66.19999695,22.31323051,661,-,-102.0341187,36.88354874,-76.30744934,4.31372547,7.2700429,0,0.83784032
Thu Nov 09 13:30:49 EST 2017,31:55.6,-76.30745044,36.88354984,3.25,32,-31.10000038,102,0.49799395,8.81066227,3.60087943,0.00009799,-,14.11764717,-0.01723066,-,-,66.19999695,22.31323051,683,-,-102.0341187,36.88354874,-76.30744934,4.31372547,7.2700429,0,-
Thu Nov 09 13:30:49 EST 2017,31:57.7,-76.30745044,36.88354984,3.25,32,-31.10000038,102,0.38307226,8.88727665,3.40934324,-0.00989991,-,14.11764717,-0.02856817,-,-,66.19999695,22.31323051,662,-,-102.0341187,36.88354874,-76.30744934,3.92156863,7.2700429,0,-
Thu Nov 09 13:30:49 EST 2017,31:59.9,-76.30745044,36.88354984,3.25,32,-31.10000038,102,0.68953007,8.96389103,3.67749381,-0.00266771,-,13.33333397,-0.00950563,-,-,69.80000305,22.31323051,637,-,-102.0341187,36.88354874,-76.30744934,3.52941179,7.2700429,0,-
Thu Nov 09 13:30:49 EST 2017,32:01.9,-76.30745044,36.88354984,3.25,32,-31.10000038,102,0.72783732,8.92558384,3.63918662,-0.00446905,-,13.33333397,-0.01430056,-,-,69.80000305,22.31323051,649,-,-102.0341187,36.88354874,-76.30744934,3.52941179,7.2700429,0,-
Thu Nov 09 13:30:49 EST 2017,32:04.0,-76.30745044,36.88354984,3.25,32,-31.10000038,102,0.15322891,8.88727665,3.25611424,-0.01604319,-,13.33333397,-0.03471354,-,-,69.80000305,22.31323051,668,-,-102.0341187,36.88354874,-76.30744934,3.52941179,7.2700429,0,-
Thu Nov 09 13:30:49 EST 2017,32:06.2,-76.30745044,36.88354984,3.25,32,-31.10000038,102,0.34476504,8.92558384,3.37103605,-0.00779027,-,13.33333397,-0.0264578,-,-,69.80000305,22.31323051,679,-,-102.0341187,36.88354874,-76.30744934,3.52941179,7.2700429,0,-
Thu Nov 09 13:30:49 EST 2017,32:09.2,-76.30745044,36.88354984,3.25,32,-31.10000038,102,0.22984336,8.84896946,3.33272886,-0.01114853,-,13.33333397,-0.03549633,-,-,69.80000305,22.31323051,677,-,-102.0341187,36.88354874,-76.30744934,3.52941179,7.2700429,0,-
Thu Nov 09 13:30:49 EST 2017,32:12.5,-76.30745044,36.88354984,3.25,32,-31.10000038,102,0.49799395,8.92558384,3.60087943,0.00141042,-,13.33333397,-0.02565878,-,-,69.80000305,22.31323051,662,-,-102.0341187,36.88354874,-76.30744934,3.52941179,7.2700429,0,-
Thu Nov 09 13:30:49 EST 2017,32:14.4,-76.30745044,36.88354984,3.25,32,-31.10000038,102,0.30645782,8.65743351,3.63918662,-0.01797284,-,14.90196133,-0.03567037,-,-,68,22.31323051,650,-,-102.0341187,36.88354874,-76.30744934,5.88235283,7.2700429,0,-
Thu Nov 09 13:30:49 EST 2017,32:16.4,-76.30745044,36.88354984,3.25,32,-31.10000038,102,0.42137951,8.88727665,3.29442143,-0.01386499,-,14.90196133,-0.03253456,-,-,68,22.31323051,705,-,-102.0341187,36.88354874,-76.30744934,5.09803915,7.2700429,0,-
Thu Nov 09 13:30:49 EST 2017,32:18.5,-76.30745044,36.88354984,3.25,32,-31.10000038,102,0.91937345,8.65743351,4.29040956,-0.0040593,-,15.68627453,-0.03110031,-,-,68,22.31323051,716,-,-102.0341187,36.88354874,-76.30744934,5.88235283,7.2700429,0,-
Thu Nov 09 13:30:49 EST 2017,32:20.5,-76.30745044,36.88354984,3.25,32,-31.10000038,102,0.22984336,8.58081913,3.94564438,-0.01797295,-,15.68627453,-0.03664399,-,-,69.80000305,22.31323051,674,-,-102.0341187,36.88354874,-76.30744934,5.09803915,7.2700429,0,-
Thu Nov 09 13:30:49 EST 2017,32:22.6,-76.30745044,36.88354984,3.25,32,-31.10000038,102,0,8.96389103,2.7581203,-0.02497321,-,15.29411793,-0.0436466,-,-,69.80000305,22.26775551,710,-,-102.0341187,36.88354874,-76.30744934,5.09803915,7.2700429,0.62137121,0.81443495
Thu Nov 09 13:30:49 EST 2017,32:24.6,-76.30745044,36.88354984,3.25,32,-31.10000038,102,0.2681506,8.88727665,3.40934324,-0.0103004,-,15.29411793,-0.03930866,-,-,69.80000305,22.22247124,702,-,-102.0341187,36.88354874,-76.30744934,4.70588255,7.2700429,0.62137121,0.81443495
Thu Nov 09 13:30:49 EST 2017,32:26.8,-76.30745044,36.88354984,3.25,32,-31.10000038,102,0.07661445,9.04050541,3.14119267,-0.02003812,-,14.90196133,-0.02403143,-,-,69.80000305,22.22247124,688,-,-102.0341187,36.88354874,-76.30744934,3.92156863,7.2700429,0,-
Thu Nov 09 13:30:49 EST 2017,32:29.0,-76.30745044,36.88354984,3.25,32,-31.10000038,102,0.49799395,9.34696388,3.29442143,0.03052408,-,14.90196133,0.00147134,-,-,69.80000305,22.22247124,682,-,-102.0341187,36.88354874,-76.30744934,4.31372547,7.2700429,0,-
Thu Nov 09 13:30:49 EST 2017,32:31.2,-76.30745044,36.88354984,3.25,32,-31.10000038,102,0.34476504,8.77235508,3.52426481,-0.01153686,-,14.90196133,-0.03527487,-,-,69.80000305,22.22247124,677,-,-102.0341187,36.88354874,-76.30744934,6.27450991,7.2700429,0,-
Thu Nov 09 13:30:49 EST 2017,32:33.4,-76.30745044,36.88354984,3.25,32,-31.10000038,102,-0.11492168,8.77235508,3.10288548,-0.0324108,-,14.50980377,-0.05108673,-,-,69.80000305,22.22247124,653,-,-102.0341187,36.88354874,-76.30744934,4.31372547,7.2700429,0,-
Thu Nov 09 13:30:49 EST 2017,32:35.4,-76.30745044,36.88354984,3.25,32,-31.10000038,102,0,8.81066227,3.02627087,-0.03136653,-,14.50980377,-0.0484933,-,-,69.80000305,22.22247124,687,-,-102.0341187,36.88354874,-76.30744934,3.52941179,7.2700429,0,-
Thu Nov 09 13:30:49 EST 2017,32:37.5,-76.30745044,36.88354984,3.25,32,-31.10000038,102,0.30645782,8.81066227,3.37103605,-0.01715434,-,13.33333397,-0.03822128,-,-,69.80000305,22.22247124,640,-,-102.0341187,36.88354874,-76.30744934,3.52941179,7.2700429,0,-
Thu Nov 09 13:30:49 EST 2017,32:39.7,-76.30745044,36.88354984,3.25,32,-31.10000038,102,0.2681506,8.84896946,3.40934324,-0.01394379,-,13.33333397,-0.03261342,-,-,69.80000305,22.22247124,660,-,-102.0341187,36.88354874,-76.30744934,3.52941179,7.2700429,0,-
Thu Nov 09 13:30:49 EST 2017,32:41.9,-76.30745044,36.88354984,3.25,32,-31.10000038,102,0.30645782,8.81066227,3.40934324,-0.01642011,-,13.33333397,-0.03613726,-,-,68,22.22247124,666,-,-102.0341187,36.88354874,-76.30744934,3.52941179,7.2700429,0,-
Thu Nov 09 13:30:49 EST 2017,32:43.9,-76.30745044,36.88354984,3.25,32,-31.10000038,102,0.34476504,8.84896946,3.44765043,-0.01310341,-,13.33333397,-0.02716336,-,-,68,22.22247124,667,-,-102.0341187,36.88354874,-76.30744934,3.52941179,7.2700429,0,-
Thu Nov 09 13:30:49 EST 2017,32:46.0,-76.30745044,36.88354984,3.25,32,-31.10000038,102,0.57460839,8.92558384,3.56257224,-0.01468126,-,13.33333397,-0.01827148,-,-,68,22.22247124,650,-,-102.0341187,36.88354874,-76.30744934,3.92156863,7.2700429,0,-
Thu Nov 09 13:30:49 EST 2017,32:48.2,-76.30745044,36.88354984,3.25,32,-31.10000038,102,0.34476504,8.84896946,3.48595762,-0.01085824,-,13.72549057,-0.02716336,-,-,68,22.22247124,683,-,-102.0341187,36.88354874,-76.30744934,3.92156863,7.2700429,0,-
Thu Nov 09 13:30:49 EST 2017,32:50.3,-76.30745044,36.88354984,3.25,32,-31.10000038,102,0.34476504,8.88727665,3.44765043,-0.00864458,-,13.33333397,-0.02352344,-,-,68,22.22247124,676,-,-102.0341187,36.88354874,-76.30744934,3.52941179,7.2700429,0,-
Thu Nov 09 13:30:49 EST 2017,32:52.5,-76.30745044,36.88354984,3.25,32,-31.10000038,102,0.34476504,9.00219822,3.44765043,-0.00788893,-,13.33333397,-0.03613726,-,-,68,22.22247124,664,-,-102.0341187,36.88354874,-76.30744934,3.52941179,7.2700429,0,-
